entity_id,state,last_changed,current_temperature,hvac_action,target_temp_high,target_temp_low,temperature
climate.bagno_mts200b_main_channel,auto,2026-08-16T03:24:33.170Z,31,cooling,,,18
climate.bagno_mts200b_main_channel,auto,2026-08-16T03:30:10.300Z,31,cooling,,,21
climate.bagno_mts200b_main_channel,auto,2026-08-16T06:00:14.150Z,31,cooling,,,20
climate.bagno_mts200b_main_channel,auto,2026-08-16T07:48:57.754Z,30.9,cooling,,,20
climate.bagno_mts200b_main_channel,auto,2026-08-16T09:45:13.798Z,31,cooling,,,20
climate.bagno_mts200b_main_channel,auto,2026-08-16T14:17:42.575Z,31.1,cooling,,,20
climate.bagno_mts200b_main_channel,auto,2026-08-16T18:13:09.682Z,31.2,cooling,,,20
climate.bagno_mts200b_main_channel,auto,2026-08-16T19:30:12.039Z,31.2,cooling,,,18
climate.bagno_mts200b_main_channel,auto,2026-08-16T20:22:04.921Z,31.1,cooling,,,18
climate.bagno_mts200b_main_channel,auto,2026-08-16T22:28:12.202Z,31,cooling,,,18
climate.bagno_mts200b_main_channel,auto,2026-08-17T00:38:06.413Z,30.9,cooling,,,18
climate.bagno_mts200b_main_channel,auto,2026-08-17T02:52:38.741Z,30.8,cooling,,,18
climate.bagno_mts200b_main_channel,auto,2026-08-17T03:30:12.411Z,30.8,cooling,,,21
climate.bagno_mts200b_main_channel,auto,2026-08-17T05:28:03.441Z,30.7,cooling,,,21
climate.bagno_mts200b_main_channel,auto,2026-08-17T06:00:16.681Z,30.7,cooling,,,20
climate.bagno_mts200b_main_channel,auto,2026-08-17T13:41:09.086Z,30.8,cooling,,,20
climate.bagno_mts200b_main_channel,auto,2026-08-17T19:30:14.180Z,30.8,cooling,,,18
climate.bagno_mts200b_main_channel,auto,2026-08-17T22:18:33.080Z,30.7,cooling,,,18
climate.bagno_mts200b_main_channel,auto,2026-08-18T01:43:46.684Z,30.6,cooling,,,18
climate.bagno_mts200b_main_channel,unavailable,2026-08-18T01:48:29.449Z
climate.bagno_mts200b_main_channel,auto,2026-08-18T01:50:29.372Z,30.6,cooling,,,18
climate.bagno_mts200b_main_channel,auto,2026-08-18T03:30:14.542Z,30.6,cooling,,,21
climate.bagno_mts200b_main_channel,auto,2026-08-18T04:00:38.076Z,30.5,cooling,,,21
climate.bagno_mts200b_main_channel,auto,2026-08-18T06:00:16.961Z,30.5,cooling,,,20
climate.bagno_mts200b_main_channel,auto,2026-08-18T06:09:22.300Z,30.4,cooling,,,20
climate.bagno_mts200b_main_channel,auto,2026-08-18T10:46:56.164Z,30.5,cooling,,,20
climate.bagno_mts200b_main_channel,auto,2026-08-18T15:29:31.078Z,30.6,cooling,,,20
climate.bagno_mts200b_main_channel,auto,2026-08-18T19:30:15.294Z,30.6,cooling,,,18
climate.bagno_mts200b_main_channel,auto,2026-08-18T23:17:28.256Z,30.5,cooling,,,18
climate.bagno_mts200b_main_channel,unavailable,2026-08-19T00:14:39.241Z
climate.bagno_mts200b_main_channel,auto,2026-08-19T00:16:39.370Z,30.5,cooling,,,18
climate.bagno_mts200b_main_channel,auto,2026-08-19T03:21:55.530Z,30.4,cooling,,,18
climate.bagno_mts200b_main_channel,auto,2026-08-19T03:30:16.661Z,30.4,cooling,,,21
climate.bagno_mts200b_main_channel,auto,2026-08-19T06:00:18.017Z,30.4,cooling,,,20
climate.bagno_mts200b_main_channel,auto,2026-08-19T06:25:38.806Z,30.3,cooling,,,20
climate.bagno_mts200b_main_channel,auto,2026-08-19T08:57:00.370Z,30.4,cooling,,,20
climate.bagno_mts200b_main_channel,auto,2026-08-19T12:23:21.045Z,30.5,cooling,,,20
climate.bagno_mts200b_main_channel,auto,2026-08-19T15:48:32.545Z,30.6,cooling,,,20
climate.bagno_mts200b_main_channel,auto,2026-08-19T19:30:03.469Z,30.6,cooling,,,18
climate.bagno_mts200b_main_channel,auto,2026-08-20T03:30:03.814Z,30.6,cooling,,,21
climate.bagno_mts200b_main_channel,auto,2026-08-20T05:04:21.432Z,30.5,cooling,,,21
climate.bagno_mts200b_main_channel,auto,2026-08-20T06:00:10.756Z,30.5,cooling,,,20
climate.bagno_mts200b_main_channel,auto,2026-08-20T14:16:21.063Z,30.6,cooling,,,20
climate.bagno_mts200b_main_channel,auto,2026-08-20T17:43:13.680Z,30.5,cooling,,,20
climate.bagno_mts200b_main_channel,auto,2026-08-20T19:30:06.968Z,30.5,cooling,,,18
climate.bagno_mts200b_main_channel,auto,2026-08-20T19:35:33.649Z,30.4,cooling,,,18
climate.bagno_mts200b_main_channel,auto,2026-08-20T21:13:05.357Z,30.3,cooling,,,18
climate.bagno_mts200b_main_channel,auto,2026-08-20T23:20:55.588Z,30.2,cooling,,,18
climate.bagno_mts200b_main_channel,auto,2026-08-21T01:06:53.424Z,30.1,cooling,,,18
climate.bagno_mts200b_main_channel,auto,2026-08-21T02:42:45.096Z,30,cooling,,,18
climate.bagno_mts200b_main_channel,auto,2026-08-21T03:30:04.947Z,30,cooling,,,21
climate.bagno_mts200b_main_channel,auto,2026-08-21T06:00:13.104Z,30,cooling,,,20
climate.bagno_mts200b_main_channel,auto,2026-08-21T06:48:17.380Z,29.9,cooling,,,20
climate.bagno_mts200b_main_channel,auto,2026-08-21T08:51:04.506Z,29.8,cooling,,,20
climate.bagno_mts200b_main_channel,auto,2026-08-21T11:06:41.868Z,29.7,cooling,,,20
climate.bagno_mts200b_main_channel,auto,2026-08-21T19:04:45.454Z,29.6,cooling,,,20
climate.bagno_mts200b_main_channel,auto,2026-08-21T19:30:07.515Z,29.6,cooling,,,18
climate.bagno_mts200b_main_channel,auto,2026-08-21T21:02:44.238Z,29.5,cooling,,,18
climate.bagno_mts200b_main_channel,auto,2026-08-21T22:51:12.124Z,29.4,cooling,,,18
climate.bagno_mts200b_main_channel,auto,2026-08-22T00:35:29.941Z,29.3,cooling,,,18
climate.bagno_mts200b_main_channel,auto,2026-08-22T02:13:03.634Z,29.2,cooling,,,18
climate.bagno_mts200b_main_channel,auto,2026-08-22T03:30:06.999Z,29.2,cooling,,,21
climate.bagno_mts200b_main_channel,auto,2026-08-22T03:50:25.340Z,29.1,cooling,,,21
climate.bagno_mts200b_main_channel,auto,2026-08-22T05:21:14.906Z,29,cooling,,,21
climate.bagno_mts200b_main_channel,auto,2026-08-22T06:00:13.230Z,29,cooling,,,20
climate.bagno_mts200b_main_channel,auto,2026-08-22T12:58:44.859Z,29.1,cooling,,,20
climate.bagno_mts200b_main_channel,auto,2026-08-22T19:30:08.696Z,29.1,cooling,,,18
climate.bagno_mts200b_main_channel,auto,2026-08-22T22:53:48.235Z,29,cooling,,,18
climate.bagno_mts200b_main_channel,auto,2026-08-23T03:04:42.561Z,28.9,cooling,,,18
climate.bagno_mts200b_main_channel,auto,2026-08-23T03:30:09.003Z,28.9,cooling,,,21
climate.bagno_mts200b_main_channel,auto,2026-08-23T05:24:40.002Z,28.8,cooling,,,21
climate.bagno_mts200b_main_channel,auto,2026-08-23T06:00:13.815Z,28.8,cooling,,,20
climate.bagno_mts200b_main_channel,auto,2026-08-23T09:59:54.785Z,28.9,cooling,,,20
climate.bagno_mts200b_main_channel,auto,2026-08-23T19:30:10.691Z,28.9,cooling,,,18
climate.bagno_mts200b_main_channel,auto,2026-08-24T03:30:11.006Z,28.9,cooling,,,21
climate.bagno_mts200b_main_channel,auto,2026-08-24T03:57:47.476Z,28.8,cooling,,,21
climate.bagno_mts200b_main_channel,auto,2026-08-24T05:53:51.510Z,28.9,cooling,,,21
climate.bagno_mts200b_main_channel,auto,2026-08-24T06:00:16.351Z,28.9,cooling,,,20
climate.bagno_mts200b_main_channel,auto,2026-08-24T06:23:52.180Z,28.8,cooling,,,20
climate.bagno_mts200b_main_channel,auto,2026-08-24T07:14:18.984Z,28.7,cooling,,,20
climate.bagno_mts200b_main_channel,auto,2026-08-24T09:25:31.319Z,28.8,cooling,,,20
climate.bagno_mts200b_main_channel,auto,2026-08-24T13:27:44.865Z,28.9,cooling,,,20
climate.bagno_mts200b_main_channel,auto,2026-08-24T19:30:12.638Z,28.9,cooling,,,18
climate.bagno_mts200b_main_channel,auto,2026-08-25T03:30:12.601Z,28.9,cooling,,,21
climate.bagno_mts200b_main_channel,auto,2026-08-25T05:44:53.118Z,28.8,cooling,,,21
climate.bagno_mts200b_main_channel,auto,2026-08-25T06:00:16.550Z,28.8,cooling,,,20
climate.bagno_mts200b_main_channel,auto,2026-08-25T07:19:23.886Z,28.7,cooling,,,20
climate.bagno_mts200b_main_channel,auto,2026-08-25T13:34:27.894Z,28.8,cooling,,,20
climate.bagno_mts200b_main_channel,auto,2026-08-25T17:16:29.041Z,28.9,cooling,,,20
climate.bagno_mts200b_main_channel,auto,2026-08-25T17:23:14.163Z,28.8,cooling,,,20
climate.bagno_mts200b_main_channel,auto,2026-08-25T19:30:14.566Z,28.8,cooling,,,18
climate.bagno_mts200b_main_channel,auto,2026-08-26T02:00:33.870Z,28.7,cooling,,,18
climate.bagno_mts200b_main_channel,auto,2026-08-26T03:30:14.493Z,28.7,cooling,,,21
climate.bagno_mts200b_main_channel,auto,2026-08-26T06:00:17.861Z,28.7,cooling,,,20
climate.bagno_mts200b_main_channel,auto,2026-08-26T13:17:36.007Z,28.8,cooling,,,20
sensor.meross_temperature_bagno,17.651276367527778,2025-12-31T23:00:00.000Z
sensor.meross_temperature_bagno,17.52966567986111,2026-01-01T00:00:00.000Z
sensor.meross_temperature_bagno,17.403501605694444,2026-01-01T01:00:00.000Z
sensor.meross_temperature_bagno,17.620941637666665,2026-01-01T02:00:00.000Z
sensor.meross_temperature_bagno,18.07739111533333,2026-01-01T03:00:00.000Z
sensor.meross_temperature_bagno,18.029979837416665,2026-01-01T04:00:00.000Z
sensor.meross_temperature_bagno,17.977790756916665,2026-01-01T05:00:00.000Z
sensor.meross_temperature_bagno,18.393230327638886,2026-01-01T06:00:00.000Z
sensor.meross_temperature_bagno,18.45380050611111,2026-01-01T07:00:00.000Z
sensor.meross_temperature_bagno,18.549186575972225,2026-01-01T08:00:00.000Z
sensor.meross_temperature_bagno,18.814580353083333,2026-01-01T09:00:00.000Z
sensor.meross_temperature_bagno,18.86752002275,2026-01-01T10:00:00.000Z
sensor.meross_temperature_bagno,19.03379561113889,2026-01-01T11:00:00.000Z
sensor.meross_temperature_bagno,19.252715445361112,2026-01-01T12:00:00.000Z
sensor.meross_temperature_bagno,19.676328523444443,2026-01-01T13:00:00.000Z
sensor.meross_temperature_bagno,19.79571678811111,2026-01-01T14:00:00.000Z
sensor.meross_temperature_bagno,19.976962548083332,2026-01-01T15:00:00.000Z
sensor.meross_temperature_bagno,20.140023350666667,2026-01-01T16:00:00.000Z
sensor.meross_temperature_bagno,19.818266396722223,2026-01-01T17:00:00.000Z
sensor.meross_temperature_bagno,20.168186863,2026-01-01T18:00:00.000Z
sensor.meross_temperature_bagno,19.828940687277775,2026-01-01T19:00:00.000Z
sensor.meross_temperature_bagno,20.116237762055558,2026-01-01T20:00:00.000Z
sensor.meross_temperature_bagno,19.9,2026-01-01T21:00:00.000Z
sensor.meross_temperature_bagno,19.864065164722223,2026-01-01T22:00:00.000Z
sensor.meross_temperature_bagno,19.66138893261111,2026-01-01T23:00:00.000Z
sensor.meross_temperature_bagno,19.522990151277778,2026-01-02T00:00:00.000Z
sensor.meross_temperature_bagno,19.43074321075,2026-01-02T01:00:00.000Z
sensor.meross_temperature_bagno,19.343069880694443,2026-01-02T02:00:00.000Z
sensor.meross_temperature_bagno,19.160615613111112,2026-01-02T03:00:00.000Z
sensor.meross_temperature_bagno,19.022216459805556,2026-01-02T04:00:00.000Z
sensor.meross_temperature_bagno,19.01482835336111,2026-01-02T05:00:00.000Z
sensor.meross_temperature_bagno,19.371371604055554,2026-01-02T06:00:00.000Z
sensor.meross_temperature_bagno,19.496979087805556,2026-01-02T07:00:00.000Z
sensor.meross_temperature_bagno,19.794025443694444,2026-01-02T08:00:00.000Z
sensor.meross_temperature_bagno,19.855073532972224,2026-01-02T09:00:00.000Z
sensor.meross_temperature_bagno,19.79004787552778,2026-01-02T10:00:00.000Z
sensor.meross_temperature_bagno,20.04090068488889,2026-01-02T11:00:00.000Z
sensor.meross_temperature_bagno,20.196966758472225,2026-01-02T12:00:00.000Z
sensor.meross_temperature_bagno,19.889782345194444,2026-01-02T13:00:00.000Z
sensor.meross_temperature_bagno,20.083942615944444,2026-01-02T14:00:00.000Z
sensor.meross_temperature_bagno,20.033561686833334,2026-01-02T15:00:00.000Z
sensor.meross_temperature_bagno,19.829208945194445,2026-01-02T16:00:00.000Z
sensor.meross_temperature_bagno,20.144718776527778,2026-01-02T17:00:00.000Z
sensor.meross_temperature_bagno,19.80703024475,2026-01-02T18:00:00.000Z
sensor.meross_temperature_bagno,20.174705940888888,2026-01-02T19:00:00.000Z
sensor.meross_temperature_bagno,19.904985480083333,2026-01-02T20:00:00.000Z
sensor.meross_temperature_bagno,19.885094261805556,2026-01-02T21:00:00.000Z
sensor.meross_temperature_bagno,19.732828260638886,2026-01-02T22:00:00.000Z
sensor.meross_temperature_bagno,19.53235556452778,2026-01-02T23:00:00.000Z
sensor.meross_temperature_bagno,19.46658880758333,2026-01-03T00:00:00.000Z
sensor.meross_temperature_bagno,19.330929668,2026-01-03T01:00:00.000Z
sensor.meross_temperature_bagno,19.15636597241667,2026-01-03T02:00:00.000Z
sensor.meross_temperature_bagno,19.012354331277777,2026-01-03T03:00:00.000Z
sensor.meross_temperature_bagno,18.93505458625,2026-01-03T04:00:00.000Z
sensor.meross_temperature_bagno,18.82335184938889,2026-01-03T05:00:00.000Z
sensor.meross_temperature_bagno,19.220921511194444,2026-01-03T06:00:00.000Z
sensor.meross_temperature_bagno,19.4,2026-01-03T07:00:00.000Z
sensor.meross_temperature_bagno,19.4,2026-01-03T08:00:00.000Z
sensor.meross_temperature_bagno,19.515071188083333,2026-01-03T09:00:00.000Z
sensor.meross_temperature_bagno,19.717925237777777,2026-01-03T10:00:00.000Z
sensor.meross_temperature_bagno,20.19938939547222,2026-01-03T11:00:00.000Z
sensor.meross_temperature_bagno,19.945464261166666,2026-01-03T12:00:00.000Z
sensor.meross_temperature_bagno,20.01182817588889,2026-01-03T13:00:00.000Z
sensor.meross_temperature_bagno,20.061521720972223,2026-01-03T14:00:00.000Z
sensor.meross_temperature_bagno,19.88389396366667,2026-01-03T15:00:00.000Z
sensor.meross_temperature_bagno,20.222558686027778,2026-01-03T16:00:00.000Z
sensor.meross_temperature_bagno,19.937896033305552,2026-01-03T17:00:00.000Z
sensor.meross_temperature_bagno,19.79410955761111,2026-01-03T18:00:00.000Z
sensor.meross_temperature_bagno,20.111750285222225,2026-01-03T19:00:00.000Z
sensor.meross_temperature_bagno,19.90917945475,2026-01-03T20:00:00.000Z
sensor.meross_temperature_bagno,19.88990921097222,2026-01-03T21:00:00.000Z
sensor.meross_temperature_bagno,19.73685530986111,2026-01-03T22:00:00.000Z
sensor.meross_temperature_bagno,19.522343689055557,2026-01-03T23:00:00.000Z
sensor.meross_temperature_bagno,19.409152908666666,2026-01-04T00:00:00.000Z
sensor.meross_temperature_bagno,19.25240392825,2026-01-04T01:00:00.000Z
sensor.meross_temperature_bagno,19.116166374694444,2026-01-04T02:00:00.000Z
sensor.meross_temperature_bagno,18.990812265722223,2026-01-04T03:00:00.000Z
sensor.meross_temperature_bagno,18.847357525,2026-01-04T04:00:00.000Z
sensor.meross_temperature_bagno,18.740332483555555,2026-01-04T05:00:00.000Z
sensor.meross_temperature_bagno,19.13909963902778,2026-01-04T06:00:00.000Z
sensor.meross_temperature_bagno,19.315545739527778,2026-01-04T07:00:00.000Z
sensor.meross_temperature_bagno,19.4,2026-01-04T08:00:00.000Z
sensor.meross_temperature_bagno,19.450092152027775,2026-01-04T09:00:00.000Z
sensor.meross_temperature_bagno,19.50766221127778,2026-01-04T10:00:00.000Z
sensor.meross_temperature_bagno,19.50256543863889,2026-01-04T11:00:00.000Z
sensor.meross_temperature_bagno,19.650965284111113,2026-01-04T12:00:00.000Z
sensor.meross_temperature_bagno,19.825817414499998,2026-01-04T13:00:00.000Z
sensor.meross_temperature_bagno,20.08409240327778,2026-01-04T14:00:00.000Z
sensor.meross_temperature_bagno,19.985606877083335,2026-01-04T15:00:00.000Z
sensor.meross_temperature_bagno,20.113135813055553,2026-01-04T16:00:00.000Z
sensor.meross_temperature_bagno,19.961085142277778,2026-01-04T17:00:00.000Z
sensor.meross_temperature_bagno,19.961055856194445,2026-01-04T18:00:00.000Z
sensor.meross_temperature_bagno,20.027346102527776,2026-01-04T19:00:00.000Z
sensor.meross_temperature_bagno,19.816890495527776,2026-01-04T20:00:00.000Z
sensor.meross_temperature_bagno,19.882000377694443,2026-01-04T21:00:00.000Z
sensor.meross_temperature_bagno,19.710263975388887,2026-01-04T22:00:00.000Z
sensor.meross_temperature_bagno,19.54726957277778,2026-01-04T23:00:00.000Z
sensor.meross_temperature_bagno,19.459719158833334,2026-01-05T00:00:00.000Z
sensor.meross_temperature_bagno,19.28487533738889,2026-01-05T01:00:00.000Z
sensor.meross_temperature_bagno,19.080515588055558,2026-01-05T02:00:00.000Z
sensor.meross_temperature_bagno,18.964919189833335,2026-01-05T03:00:00.000Z
sensor.meross_temperature_bagno,18.777380836305557,2026-01-05T04:00:00.000Z
sensor.meross_temperature_bagno,18.659792380972224,2026-01-05T05:00:00.000Z
sensor.meross_temperature_bagno,19.033154690222222,2026-01-05T06:00:00.000Z
sensor.meross_temperature_bagno,19.235103982944445,2026-01-05T07:00:00.000Z
sensor.meross_temperature_bagno,19.344557988861112,2026-01-05T08:00:00.000Z
sensor.meross_temperature_bagno,19.39007211122222,2026-01-05T09:00:00.000Z
sensor.meross_temperature_bagno,19.528467535027776,2026-01-05T10:00:00.000Z
sensor.meross_temperature_bagno,19.655159872083335,2026-01-05T11:00:00.000Z
sensor.meross_temperature_bagno,19.820625889555554,2026-01-05T12:00:00.000Z
sensor.meross_temperature_bagno,19.95665621108333,2026-01-05T13:00:00.000Z
sensor.meross_temperature_bagno,20.1,2026-01-05T14:00:00.000Z
sensor.meross_temperature_bagno,20.1,2026-01-05T15:00:00.000Z
sensor.meross_temperature_bagno,20.20367593225,2026-01-05T16:00:00.000Z
sensor.meross_temperature_bagno,19.83784719875,2026-01-05T17:00:00.000Z
sensor.meross_temperature_bagno,20.084089718555557,2026-01-05T18:00:00.000Z
sensor.meross_temperature_bagno,20.083408326305555,2026-01-05T19:00:00.000Z
sensor.meross_temperature_bagno,19.796625399916667,2026-01-05T20:00:00.000Z
sensor.meross_temperature_bagno,20.170025321805557,2026-01-05T21:00:00.000Z
sensor.meross_temperature_bagno,19.841347362277777,2026-01-05T22:00:00.000Z
sensor.meross_temperature_bagno,19.568985395722223,2026-01-05T23:00:00.000Z
sensor.meross_temperature_bagno,19.454861535,2026-01-06T00:00:00.000Z
sensor.meross_temperature_bagno,19.26960204788889,2026-01-06T01:00:00.000Z
sensor.meross_temperature_bagno,19.08471999186111,2026-01-06T02:00:00.000Z
sensor.meross_temperature_bagno,18.965617934388888,2026-01-06T03:00:00.000Z
sensor.meross_temperature_bagno,18.81359376586111,2026-01-06T04:00:00.000Z
sensor.meross_temperature_bagno,18.68959745036111,2026-01-06T05:00:00.000Z
sensor.meross_temperature_bagno,19.10916720477778,2026-01-06T06:00:00.000Z
sensor.meross_temperature_bagno,19.262219014055557,2026-01-06T07:00:00.000Z
sensor.meross_temperature_bagno,19.32645744725,2026-01-06T08:00:00.000Z
sensor.meross_temperature_bagno,19.335722873777776,2026-01-06T09:00:00.000Z
sensor.meross_temperature_bagno,19.3760812065,2026-01-06T10:00:00.000Z
sensor.meross_temperature_bagno,19.64066204336111,2026-01-06T11:00:00.000Z
sensor.meross_temperature_bagno,19.91081351102778,2026-01-06T12:00:00.000Z
sensor.meross_temperature_bagno,20.22272895575,2026-01-06T13:00:00.000Z
sensor.meross_temperature_bagno,19.88034255025,2026-01-06T14:00:00.000Z
sensor.meross_temperature_bagno,20.059476634694445,2026-01-06T15:00:00.000Z
sensor.meross_temperature_bagno,19.872934603305556,2026-01-06T16:00:00.000Z
sensor.meross_temperature_bagno,20.12500506088889,2026-01-06T17:00:00.000Z
sensor.meross_temperature_bagno,19.85318682377778,2026-01-06T18:00:00.000Z
sensor.meross_temperature_bagno,20.156395466722223,2026-01-06T19:00:00.000Z
sensor.meross_temperature_bagno,19.905465259194443,2026-01-06T20:00:00.000Z
sensor.meross_temperature_bagno,20.05395211722222,2026-01-06T21:00:00.000Z
sensor.meross_temperature_bagno,19.701331081944446,2026-01-06T22:00:00.000Z
sensor.meross_temperature_bagno,19.516709513583333,2026-01-06T23:00:00.000Z
sensor.meross_temperature_bagno,19.384992612222224,2026-01-07T00:00:00.000Z
sensor.meross_temperature_bagno,19.185327814166666,2026-01-07T01:00:00.000Z
sensor.meross_temperature_bagno,19.015824025833336,2026-01-07T02:00:00.000Z
sensor.meross_temperature_bagno,18.867410806861113,2026-01-07T03:00:00.000Z
sensor.meross_temperature_bagno,18.661633597861112,2026-01-07T04:00:00.000Z
sensor.meross_temperature_bagno,18.530433542361113,2026-01-07T05:00:00.000Z
sensor.meross_temperature_bagno,18.935696715277775,2026-01-07T06:00:00.000Z
sensor.meross_temperature_bagno,19.74602940852778,2026-01-07T07:00:00.000Z
sensor.meross_temperature_bagno,19.225767016305557,2026-01-07T08:00:00.000Z
sensor.meross_temperature_bagno,19.2,2026-01-07T09:00:00.000Z
sensor.meross_temperature_bagno,19.2,2026-01-07T10:00:00.000Z
sensor.meross_temperature_bagno,19.287166613527777,2026-01-07T11:00:00.000Z
sensor.meross_temperature_bagno,19.391694452249997,2026-01-07T12:00:00.000Z
sensor.meross_temperature_bagno,19.690385420194445,2026-01-07T13:00:00.000Z
sensor.meross_temperature_bagno,19.9,2026-01-07T14:00:00.000Z
sensor.meross_temperature_bagno,19.929201443305555,2026-01-07T15:00:00.000Z
sensor.meross_temperature_bagno,19.855191761972222,2026-01-07T16:00:00.000Z
sensor.meross_temperature_bagno,20.0880757485,2026-01-07T17:00:00.000Z
sensor.meross_temperature_bagno,20.216026221194443,2026-01-07T18:00:00.000Z
sensor.meross_temperature_bagno,19.884405177944444,2026-01-07T19:00:00.000Z
sensor.meross_temperature_bagno,20.103283151,2026-01-07T20:00:00.000Z
sensor.meross_temperature_bagno,20.0782486775,2026-01-07T21:00:00.000Z
sensor.meross_temperature_bagno,19.69427171552778,2026-01-07T22:00:00.000Z
sensor.meross_temperature_bagno,19.475844499333334,2026-01-07T23:00:00.000Z
sensor.meross_temperature_bagno,19.285152376944442,2026-01-08T00:00:00.000Z
sensor.meross_temperature_bagno,19.097878315972224,2026-01-08T01:00:00.000Z
sensor.meross_temperature_bagno,18.96369319877778,2026-01-08T02:00:00.000Z
sensor.meross_temperature_bagno,18.75925683908333,2026-01-08T03:00:00.000Z
sensor.meross_temperature_bagno,18.557061814833336,2026-01-08T04:00:00.000Z
sensor.meross_temperature_bagno,18.481933732861112,2026-01-08T05:00:00.000Z
sensor.meross_temperature_bagno,18.856405122944444,2026-01-08T06:00:00.000Z
sensor.meross_temperature_bagno,19.141282840333336,2026-01-08T07:00:00.000Z
sensor.meross_temperature_bagno,19.09939976075,2026-01-08T08:00:00.000Z
sensor.meross_temperature_bagno,19.05174826888889,2026-01-08T09:00:00.000Z
sensor.meross_temperature_bagno,19.011196512194445,2026-01-08T10:00:00.000Z
sensor.meross_temperature_bagno,19.043609324944445,2026-01-08T11:00:00.000Z
sensor.meross_temperature_bagno,19.14427380002778,2026-01-08T12:00:00.000Z
sensor.meross_temperature_bagno,19.31302491536111,2026-01-08T13:00:00.000Z
sensor.meross_temperature_bagno,19.4850060275,2026-01-08T14:00:00.000Z
sensor.meross_temperature_bagno,19.704685980694446,2026-01-08T15:00:00.000Z
sensor.meross_temperature_bagno,19.74804814333333,2026-01-08T16:00:00.000Z
sensor.meross_temperature_bagno,19.87738921175,2026-01-08T17:00:00.000Z
sensor.meross_temperature_bagno,19.93820994472222,2026-01-08T18:00:00.000Z
sensor.meross_temperature_bagno,20.104675536472225,2026-01-08T19:00:00.000Z
sensor.meross_temperature_bagno,20.17716731022222,2026-01-08T20:00:00.000Z
sensor.meross_temperature_bagno,19.844665552555554,2026-01-08T21:00:00.000Z
sensor.meross_temperature_bagno,19.62744113161111,2026-01-08T22:00:00.000Z
sensor.meross_temperature_bagno,19.5,2026-01-08T23:00:00.000Z
sensor.meross_temperature_bagno,19.454405622916667,2026-01-09T00:00:00.000Z
sensor.meross_temperature_bagno,19.29003065652778,2026-01-09T01:00:00.000Z
sensor.meross_temperature_bagno,19.13281946788889,2026-01-09T02:00:00.000Z
sensor.meross_temperature_bagno,19.005756305444446,2026-01-09T03:00:00.000Z
sensor.meross_temperature_bagno,18.937747915888888,2026-01-09T04:00:00.000Z
sensor.meross_temperature_bagno,18.83296625411111,2026-01-09T05:00:00.000Z
sensor.meross_temperature_bagno,19.284078889444444,2026-01-09T06:00:00.000Z
sensor.meross_temperature_bagno,19.852558269499998,2026-01-09T07:00:00.000Z
sensor.meross_temperature_bagno,19.503133472888887,2026-01-09T08:00:00.000Z
sensor.meross_temperature_bagno,19.5,2026-01-09T09:00:00.000Z
sensor.meross_temperature_bagno,19.5,2026-01-09T10:00:00.000Z
sensor.meross_temperature_bagno,19.609944296250003,2026-01-09T12:00:00.000Z
sensor.meross_temperature_bagno,19.762872376361113,2026-01-09T13:00:00.000Z
sensor.meross_temperature_bagno,19.9,2026-01-09T14:00:00.000Z
sensor.meross_temperature_bagno,19.948661039444442,2026-01-09T15:00:00.000Z
sensor.meross_temperature_bagno,20.07989109411111,2026-01-09T16:00:00.000Z
sensor.meross_temperature_bagno,20.1,2026-01-09T17:00:00.000Z
sensor.meross_temperature_bagno,20.18714445852778,2026-01-09T18:00:00.000Z
sensor.meross_temperature_bagno,19.909428891833333,2026-01-09T19:00:00.000Z
sensor.meross_temperature_bagno,20.015180467916668,2026-01-09T20:00:00.000Z
sensor.meross_temperature_bagno,20.094244818472223,2026-01-09T21:00:00.000Z
sensor.meross_temperature_bagno,19.69221938013889,2026-01-09T22:00:00.000Z
sensor.meross_temperature_bagno,19.512642748999998,2026-01-09T23:00:00.000Z
sensor.meross_temperature_bagno,19.433406851111112,2026-01-10T00:00:00.000Z
sensor.meross_temperature_bagno,19.251490106166667,2026-01-10T01:00:00.000Z
sensor.meross_temperature_bagno,19.064887033083334,2026-01-10T02:00:00.000Z
sensor.meross_temperature_bagno,18.981056054,2026-01-10T03:00:00.000Z
sensor.meross_temperature_bagno,18.8191590695,2026-01-10T04:00:00.000Z
sensor.meross_temperature_bagno,18.712149073166668,2026-01-10T05:00:00.000Z
sensor.meross_temperature_bagno,19.05526202547222,2026-01-10T06:00:00.000Z
sensor.meross_temperature_bagno,19.2,2026-01-10T07:00:00.000Z
sensor.meross_temperature_bagno,19.2,2026-01-10T08:00:00.000Z
sensor.meross_temperature_bagno,19.349691196527775,2026-01-10T09:00:00.000Z
sensor.meross_temperature_bagno,19.4,2026-01-10T10:00:00.000Z
sensor.meross_temperature_bagno,19.473935843777777,2026-01-10T11:00:00.000Z
sensor.meross_temperature_bagno,19.628102158944447,2026-01-10T12:00:00.000Z
sensor.meross_temperature_bagno,19.85960233119444,2026-01-10T13:00:00.000Z
sensor.meross_temperature_bagno,20.140332703222224,2026-01-10T14:00:00.000Z
sensor.meross_temperature_bagno,19.850160955,2026-01-10T15:00:00.000Z
sensor.meross_temperature_bagno,20.174027020500002,2026-01-10T16:00:00.000Z
sensor.meross_temperature_bagno,19.836854691527776,2026-01-10T17:00:00.000Z
sensor.meross_temperature_bagno,20.085099547944445,2026-01-10T18:00:00.000Z
sensor.meross_temperature_bagno,19.996511108472223,2026-01-10T19:00:00.000Z
sensor.meross_temperature_bagno,19.872897006749998,2026-01-10T20:00:00.000Z
sensor.meross_temperature_bagno,20.163963616388887,2026-01-10T21:00:00.000Z
sensor.meross_temperature_bagno,19.85052013183333,2026-01-10T22:00:00.000Z
sensor.meross_temperature_bagno,19.650849099027777,2026-01-10T23:00:00.000Z
sensor.meross_temperature_bagno,19.50462265138889,2026-01-11T00:00:00.000Z
sensor.meross_temperature_bagno,19.319353983555555,2026-01-11T01:00:00.000Z
sensor.meross_temperature_bagno,19.141745155944445,2026-01-11T02:00:00.000Z
sensor.meross_temperature_bagno,19.003482343277778,2026-01-11T03:00:00.000Z
sensor.meross_temperature_bagno,18.865261609111112,2026-01-11T04:00:00.000Z
sensor.meross_temperature_bagno,18.77213684111111,2026-01-11T05:00:00.000Z
sensor.meross_temperature_bagno,19.399909718,2026-01-11T06:00:00.000Z
sensor.meross_temperature_bagno,19.5,2026-01-11T07:00:00.000Z
sensor.meross_temperature_bagno,19.570084879722224,2026-01-11T08:00:00.000Z
sensor.meross_temperature_bagno,19.63893699666667,2026-01-11T09:00:00.000Z
sensor.meross_temperature_bagno,19.78662166752778,2026-01-11T10:00:00.000Z
sensor.meross_temperature_bagno,20.040725323055558,2026-01-11T11:00:00.000Z
sensor.meross_temperature_bagno,19.951642421749998,2026-01-11T12:00:00.000Z
sensor.meross_temperature_bagno,20.16452558727778,2026-01-11T13:00:00.000Z
sensor.meross_temperature_bagno,19.972631735166665,2026-01-11T14:00:00.000Z
sensor.meross_temperature_bagno,19.939385778416668,2026-01-11T15:00:00.000Z
sensor.meross_temperature_bagno,20.13850665663889,2026-01-11T16:00:00.000Z
sensor.meross_temperature_bagno,19.983856709416667,2026-01-11T17:00:00.000Z
sensor.meross_temperature_bagno,19.9,2026-01-11T18:00:00.000Z
sensor.meross_temperature_bagno,19.87193640422222,2026-01-11T19:00:00.000Z
sensor.meross_temperature_bagno,19.822036577027777,2026-01-11T20:00:00.000Z
sensor.meross_temperature_bagno,19.870464957444444,2026-01-11T21:00:00.000Z
sensor.meross_temperature_bagno,19.8,2026-01-11T22:00:00.000Z
sensor.meross_temperature_bagno,19.671558951888887,2026-01-11T23:00:00.000Z
sensor.meross_temperature_bagno,19.50315304161111,2026-01-12T00:00:00.000Z
sensor.meross_temperature_bagno,19.353383509694442,2026-01-12T01:00:00.000Z
sensor.meross_temperature_bagno,19.16384191063889,2026-01-12T02:00:00.000Z
sensor.meross_temperature_bagno,19.004871052277778,2026-01-12T03:00:00.000Z
sensor.meross_temperature_bagno,18.863538630388888,2026-01-12T04:00:00.000Z
sensor.meross_temperature_bagno,18.754225064666667,2026-01-12T05:00:00.000Z
sensor.meross_temperature_bagno,19.198715242166667,2026-01-12T06:00:00.000Z
sensor.meross_temperature_bagno,19.806606696444444,2026-01-12T07:00:00.000Z
sensor.meross_temperature_bagno,19.5,2026-01-12T08:00:00.000Z
sensor.meross_temperature_bagno,19.519267063472224,2026-01-12T09:00:00.000Z
sensor.meross_temperature_bagno,19.696475378722223,2026-01-12T10:00:00.000Z
sensor.meross_temperature_bagno,19.933444584944443,2026-01-12T11:00:00.000Z
sensor.meross_temperature_bagno,20.118486376750003,2026-01-12T12:00:00.000Z
sensor.meross_temperature_bagno,20.06056740775,2026-01-12T13:00:00.000Z
sensor.meross_temperature_bagno,19.89660060588889,2026-01-12T14:00:00.000Z
sensor.meross_temperature_bagno,20.110401564194444,2026-01-12T15:00:00.000Z
sensor.meross_temperature_bagno,19.88660315886111,2026-01-12T16:00:00.000Z
sensor.meross_temperature_bagno,19.84713436136111,2026-01-12T17:00:00.000Z
sensor.meross_temperature_bagno,20.187896448055557,2026-01-12T18:00:00.000Z
sensor.meross_temperature_bagno,19.822616036638887,2026-01-12T19:00:00.000Z
sensor.meross_temperature_bagno,19.876379516805553,2026-01-12T20:00:00.000Z
sensor.meross_temperature_bagno,19.888774317194443,2026-01-12T21:00:00.000Z
sensor.meross_temperature_bagno,19.68597572663889,2026-01-12T22:00:00.000Z
sensor.meross_temperature_bagno,19.515452231222223,2026-01-12T23:00:00.000Z
sensor.meross_temperature_bagno,19.42946378622222,2026-01-13T00:00:00.000Z
sensor.meross_temperature_bagno,19.269692404500002,2026-01-13T01:00:00.000Z
sensor.meross_temperature_bagno,19.13847346225,2026-01-13T02:00:00.000Z
sensor.meross_temperature_bagno,19,2026-01-13T03:00:00.000Z
sensor.meross_temperature_bagno,18.92890807658333,2026-01-13T04:00:00.000Z
sensor.meross_temperature_bagno,18.832885458416666,2026-01-13T05:00:00.000Z
sensor.meross_temperature_bagno,19.281081354833333,2026-01-13T06:00:00.000Z
sensor.meross_temperature_bagno,19.591243387444447,2026-01-13T07:00:00.000Z
sensor.meross_temperature_bagno,19.615209692666667,2026-01-13T08:00:00.000Z
sensor.meross_temperature_bagno,19.672004449666666,2026-01-13T09:00:00.000Z
sensor.meross_temperature_bagno,19.737965621222223,2026-01-13T10:00:00.000Z
sensor.meross_temperature_bagno,19.843021164083332,2026-01-13T11:00:00.000Z
sensor.meross_temperature_bagno,19.9,2026-01-13T12:00:00.000Z
sensor.meross_temperature_bagno,19.972666767499998,2026-01-13T13:00:00.000Z
sensor.meross_temperature_bagno,20.025318332944444,2026-01-13T14:00:00.000Z
sensor.meross_temperature_bagno,20.17219403236111,2026-01-13T15:00:00.000Z
sensor.meross_temperature_bagno,20.02819414463889,2026-01-13T16:00:00.000Z
sensor.meross_temperature_bagno,19.898369273805557,2026-01-13T17:00:00.000Z
sensor.meross_temperature_bagno,20.131760116805555,2026-01-13T18:00:00.000Z
sensor.meross_temperature_bagno,19.971409002888887,2026-01-13T19:00:00.000Z
sensor.meross_temperature_bagno,19.79594728513889,2026-01-13T20:00:00.000Z
sensor.meross_temperature_bagno,20.04211938008333,2026-01-13T21:00:00.000Z
sensor.meross_temperature_bagno,19.91468234313889,2026-01-13T22:00:00.000Z
sensor.meross_temperature_bagno,19.745239506805557,2026-01-13T23:00:00.000Z
sensor.meross_temperature_bagno,19.637743084444445,2026-01-14T00:00:00.000Z
sensor.meross_temperature_bagno,19.554217219194445,2026-01-14T01:00:00.000Z
sensor.meross_temperature_bagno,19.5,2026-01-14T02:00:00.000Z
sensor.meross_temperature_bagno,19.437715118555555,2026-01-14T03:00:00.000Z
sensor.meross_temperature_bagno,19.30226187188889,2026-01-14T04:00:00.000Z
sensor.meross_temperature_bagno,19.23419884433333,2026-01-14T05:00:00.000Z
sensor.meross_temperature_bagno,19.618846732555557,2026-01-14T06:00:00.000Z
sensor.meross_temperature_bagno,19.858426695444443,2026-01-14T07:00:00.000Z
sensor.meross_temperature_bagno,19.9,2026-01-14T08:00:00.000Z
sensor.meross_temperature_bagno,19.917986660944443,2026-01-14T09:00:00.000Z
sensor.meross_temperature_bagno,20,2026-01-14T10:00:00.000Z
sensor.meross_temperature_bagno,20.031656135944445,2026-01-14T11:00:00.000Z
sensor.meross_temperature_bagno,20.14960331788889,2026-01-14T12:00:00.000Z
sensor.meross_temperature_bagno,20.17483969525,2026-01-14T13:00:00.000Z
sensor.meross_temperature_bagno,19.827666421916668,2026-01-14T14:00:00.000Z
sensor.meross_temperature_bagno,20.177743683472222,2026-01-14T15:00:00.000Z
sensor.meross_temperature_bagno,19.86870849938889,2026-01-14T16:00:00.000Z
sensor.meross_temperature_bagno,19.78869365225,2026-01-14T17:00:00.000Z
sensor.meross_temperature_bagno,20.152569069277778,2026-01-14T18:00:00.000Z
sensor.meross_temperature_bagno,19.862990892805556,2026-01-14T19:00:00.000Z
sensor.meross_temperature_bagno,19.815335343444445,2026-01-14T20:00:00.000Z
sensor.meross_temperature_bagno,19.876246005666665,2026-01-14T21:00:00.000Z
sensor.meross_temperature_bagno,19.780480016083335,2026-01-14T22:00:00.000Z
sensor.meross_temperature_bagno,19.665828929222222,2026-01-14T23:00:00.000Z
sensor.meross_temperature_bagno,19.6,2026-01-15T00:00:00.000Z
sensor.meross_temperature_bagno,19.50328521425,2026-01-15T01:00:00.000Z
sensor.meross_temperature_bagno,19.476752098722223,2026-01-15T02:00:00.000Z
sensor.meross_temperature_bagno,19.35527498833333,2026-01-15T03:00:00.000Z
sensor.meross_temperature_bagno,19.26186179947222,2026-01-15T04:00:00.000Z
sensor.meross_temperature_bagno,19.2139467495,2026-01-15T05:00:00.000Z
sensor.meross_temperature_bagno,19.633659279277776,2026-01-15T06:00:00.000Z
sensor.meross_temperature_bagno,20.33071611552778,2026-01-15T07:00:00.000Z
sensor.meross_temperature_bagno,20,2026-01-15T08:00:00.000Z
sensor.meross_temperature_bagno,20,2026-01-15T09:00:00.000Z
sensor.meross_temperature_bagno,20.000953482499998,2026-01-15T10:00:00.000Z
sensor.meross_temperature_bagno,20.1,2026-01-15T11:00:00.000Z
sensor.meross_temperature_bagno,20.20743185986111,2026-01-15T12:00:00.000Z
sensor.meross_temperature_bagno,19.984187889055555,2026-01-15T13:00:00.000Z
sensor.meross_temperature_bagno,19.81234254786111,2026-01-15T14:00:00.000Z
sensor.meross_temperature_bagno,20.141734085916667,2026-01-15T15:00:00.000Z
sensor.meross_temperature_bagno,19.887378359472223,2026-01-15T16:00:00.000Z
sensor.meross_temperature_bagno,19.822140056027777,2026-01-15T17:00:00.000Z
sensor.meross_temperature_bagno,19.806860955583335,2026-01-15T18:00:00.000Z
sensor.meross_temperature_bagno,20.19408301188889,2026-01-15T19:00:00.000Z
sensor.meross_temperature_bagno,20,2026-01-15T20:00:00.000Z
sensor.meross_temperature_bagno,19.982613263388888,2026-01-15T21:00:00.000Z
sensor.meross_temperature_bagno,19.9,2026-01-15T22:00:00.000Z
sensor.meross_temperature_bagno,19.79623329461111,2026-01-15T23:00:00.000Z
sensor.meross_temperature_bagno,19.665332349638888,2026-01-16T00:00:00.000Z
sensor.meross_temperature_bagno,19.535836576296294,2026-01-16T01:00:00.000Z
sensor.meross_temperature_bagno,19.5,2026-01-16T02:00:00.000Z
sensor.meross_temperature_bagno,19.3,2026-01-16T03:00:00.000Z
sensor.meross_temperature_bagno,19.27247700111111,2026-01-16T04:00:00.000Z
sensor.meross_temperature_bagno,19.23378737261111,2026-01-16T05:00:00.000Z
sensor.meross_temperature_bagno,19.65965094511111,2026-01-16T06:00:00.000Z
sensor.meross_temperature_bagno,19.94077362813889,2026-01-16T07:00:00.000Z
sensor.meross_temperature_bagno,19.9,2026-01-16T08:00:00.000Z
sensor.meross_temperature_bagno,19.99245077213889,2026-01-16T09:00:00.000Z
sensor.meross_temperature_bagno,20.00439057963889,2026-01-16T10:00:00.000Z
sensor.meross_temperature_bagno,20.18713680086111,2026-01-16T11:00:00.000Z
sensor.meross_temperature_bagno,19.91441333722222,2026-01-16T12:00:00.000Z
sensor.meross_temperature_bagno,20.069860727277778,2026-01-16T13:00:00.000Z
sensor.meross_temperature_bagno,20.100522990111113,2026-01-16T14:00:00.000Z
sensor.meross_temperature_bagno,20.04506659952778,2026-01-16T15:00:00.000Z
sensor.meross_temperature_bagno,20.024747460805553,2026-01-16T16:00:00.000Z
sensor.meross_temperature_bagno,19.91354084961111,2026-01-16T17:00:00.000Z
sensor.meross_temperature_bagno,20.111006054222223,2026-01-16T18:00:00.000Z
sensor.meross_temperature_bagno,19.79705420066667,2026-01-16T19:00:00.000Z
sensor.meross_temperature_bagno,20.19463929075,2026-01-16T20:00:00.000Z
sensor.meross_temperature_bagno,19.9666239745,2026-01-16T21:00:00.000Z
sensor.meross_temperature_bagno,19.9,2026-01-16T22:00:00.000Z
sensor.meross_temperature_bagno,19.81415609813889,2026-01-16T23:00:00.000Z
sensor.meross_temperature_bagno,19.712351732583333,2026-01-17T00:00:00.000Z
sensor.meross_temperature_bagno,19.628830276250003,2026-01-17T01:00:00.000Z
sensor.meross_temperature_bagno,19.546645536611113,2026-01-17T02:00:00.000Z
sensor.meross_temperature_bagno,19.5,2026-01-17T03:00:00.000Z
sensor.meross_temperature_bagno,19.44670716847222,2026-01-17T04:00:00.000Z
sensor.meross_temperature_bagno,19.382614132666667,2026-01-17T05:00:00.000Z
sensor.meross_temperature_bagno,19.856247334777777,2026-01-17T06:00:00.000Z
sensor.meross_temperature_bagno,19.94804193722222,2026-01-17T07:00:00.000Z
sensor.meross_temperature_bagno,20.112831415166667,2026-01-17T08:00:00.000Z
sensor.meross_temperature_bagno,20.050548430555555,2026-01-17T09:00:00.000Z
sensor.meross_temperature_bagno,19.855297301,2026-01-17T10:00:00.000Z
sensor.meross_temperature_bagno,20.178651650333332,2026-01-17T11:00:00.000Z
sensor.meross_temperature_bagno,20.13616694861111,2026-01-17T12:00:00.000Z
sensor.meross_temperature_bagno,19.95340925072222,2026-01-17T13:00:00.000Z
sensor.meross_temperature_bagno,19.828895905638888,2026-01-17T14:00:00.000Z
sensor.meross_temperature_bagno,19.9,2026-01-17T15:00:00.000Z
sensor.meross_temperature_bagno,20.032500980194445,2026-01-17T16:00:00.000Z
sensor.meross_temperature_bagno,20.003572868944445,2026-01-17T17:00:00.000Z
sensor.meross_temperature_bagno,19.874001962027776,2026-01-17T18:00:00.000Z
sensor.meross_temperature_bagno,19.827869301694445,2026-01-17T19:00:00.000Z
sensor.meross_temperature_bagno,20.27012890797222,2026-01-17T20:00:00.000Z
sensor.meross_temperature_bagno,19.98136806186111,2026-01-17T21:00:00.000Z
sensor.meross_temperature_bagno,19.89637365525,2026-01-17T22:00:00.000Z
sensor.meross_temperature_bagno,19.869949936999998,2026-01-17T23:00:00.000Z
sensor.meross_temperature_bagno,19.9,2026-01-18T00:00:00.000Z
sensor.meross_temperature_bagno,19.83447285675,2026-01-18T01:00:00.000Z
sensor.meross_temperature_bagno,19.76070117175,2026-01-18T02:00:00.000Z
sensor.meross_temperature_bagno,19.65809041088889,2026-01-18T03:00:00.000Z
sensor.meross_temperature_bagno,19.552897428583332,2026-01-18T04:00:00.000Z
sensor.meross_temperature_bagno,19.53883233361111,2026-01-18T05:00:00.000Z
sensor.meross_temperature_bagno,19.96825369797222,2026-01-18T06:00:00.000Z
sensor.meross_temperature_bagno,20.374282649222224,2026-01-18T07:00:00.000Z
sensor.meross_temperature_bagno,20.228416571444445,2026-01-18T08:00:00.000Z
sensor.meross_temperature_bagno,19.975130989916668,2026-01-18T09:00:00.000Z
sensor.meross_temperature_bagno,19.871714496916667,2026-01-18T10:00:00.000Z
sensor.meross_temperature_bagno,20.115227811055554,2026-01-18T11:00:00.000Z
sensor.meross_temperature_bagno,20.04221826363889,2026-01-18T12:00:00.000Z
sensor.meross_temperature_bagno,20.144202268305555,2026-01-18T13:00:00.000Z
sensor.meross_temperature_bagno,19.964922757555556,2026-01-18T14:00:00.000Z
sensor.meross_temperature_bagno,19.9,2026-01-18T15:00:00.000Z
sensor.meross_temperature_bagno,19.9,2026-01-18T16:00:00.000Z
sensor.meross_temperature_bagno,19.91660498127778,2026-01-18T17:00:00.000Z
sensor.meross_temperature_bagno,20,2026-01-18T18:00:00.000Z
sensor.meross_temperature_bagno,20.07075805066667,2026-01-18T19:00:00.000Z
sensor.meross_temperature_bagno,20.1,2026-01-18T20:00:00.000Z
sensor.meross_temperature_bagno,20.1,2026-01-18T21:00:00.000Z
sensor.meross_temperature_bagno,20.070952170083334,2026-01-18T22:00:00.000Z
sensor.meross_temperature_bagno,20,2026-01-18T23:00:00.000Z
sensor.meross_temperature_bagno,20,2026-01-19T00:00:00.000Z
sensor.meross_temperature_bagno,19.94467120061111,2026-01-19T01:00:00.000Z
sensor.meross_temperature_bagno,19.868067543055556,2026-01-19T02:00:00.000Z
sensor.meross_temperature_bagno,19.766261962555557,2026-01-19T03:00:00.000Z
sensor.meross_temperature_bagno,19.649982663333333,2026-01-19T04:00:00.000Z
sensor.meross_temperature_bagno,19.6092053745,2026-01-19T05:00:00.000Z
sensor.meross_temperature_bagno,19.983189428527776,2026-01-19T06:00:00.000Z
sensor.meross_temperature_bagno,20.531408546888887,2026-01-19T07:00:00.000Z
sensor.meross_temperature_bagno,20.021738692750002,2026-01-19T08:00:00.000Z
sensor.meross_temperature_bagno,19.91224094991667,2026-01-19T09:00:00.000Z
sensor.meross_temperature_bagno,20.104516853416666,2026-01-19T10:00:00.000Z
sensor.meross_temperature_bagno,19.853852556694445,2026-01-19T11:00:00.000Z
sensor.meross_temperature_bagno,19.878738928916665,2026-01-19T12:00:00.000Z
sensor.meross_temperature_bagno,19.9,2026-01-19T13:00:00.000Z
sensor.meross_temperature_bagno,19.787033501222222,2026-01-19T14:00:00.000Z
sensor.meross_temperature_bagno,20.13445178175,2026-01-19T15:00:00.000Z
sensor.meross_temperature_bagno,20.004372947277776,2026-01-19T16:00:00.000Z
sensor.meross_temperature_bagno,19.85726168461111,2026-01-19T17:00:00.000Z
sensor.meross_temperature_bagno,19.96496448422222,2026-01-19T18:00:00.000Z
sensor.meross_temperature_bagno,20.03851342938889,2026-01-19T19:00:00.000Z
sensor.meross_temperature_bagno,19.9,2026-01-19T20:00:00.000Z
sensor.meross_temperature_bagno,19.9,2026-01-19T21:00:00.000Z
sensor.meross_temperature_bagno,19.815327660666668,2026-01-19T22:00:00.000Z
sensor.meross_temperature_bagno,19.806105048611112,2026-01-19T23:00:00.000Z
sensor.meross_temperature_bagno,19.663927772416667,2026-01-20T00:00:00.000Z
sensor.meross_temperature_bagno,19.573320623833336,2026-01-20T01:00:00.000Z
sensor.meross_temperature_bagno,19.5,2026-01-20T02:00:00.000Z
sensor.meross_temperature_bagno,19.4366189755,2026-01-20T03:00:00.000Z
sensor.meross_temperature_bagno,19.329981226222223,2026-01-20T04:00:00.000Z
sensor.meross_temperature_bagno,19.259624543444442,2026-01-20T05:00:00.000Z
sensor.meross_temperature_bagno,19.66225722036111,2026-01-20T06:00:00.000Z
sensor.meross_temperature_bagno,20.11176554202778,2026-01-20T07:00:00.000Z
sensor.meross_temperature_bagno,20,2026-01-20T08:00:00.000Z
sensor.meross_temperature_bagno,20.018945554861112,2026-01-20T09:00:00.000Z
sensor.meross_temperature_bagno,20.161332504055554,2026-01-20T10:00:00.000Z
sensor.meross_temperature_bagno,19.828820148861112,2026-01-20T11:00:00.000Z
sensor.meross_temperature_bagno,20.167225342888887,2026-01-20T12:00:00.000Z
sensor.meross_temperature_bagno,20.001240052333333,2026-01-20T13:00:00.000Z
sensor.meross_temperature_bagno,19.857415554694445,2026-01-20T14:00:00.000Z
sensor.meross_temperature_bagno,20.00406983472222,2026-01-20T15:00:00.000Z
sensor.meross_temperature_bagno,20.1063057585,2026-01-20T16:00:00.000Z
sensor.meross_temperature_bagno,20,2026-01-20T17:00:00.000Z
sensor.meross_temperature_bagno,19.934163535305554,2026-01-20T18:00:00.000Z
sensor.meross_temperature_bagno,19.860117138833335,2026-01-20T19:00:00.000Z
sensor.meross_temperature_bagno,20.07433477786111,2026-01-20T20:00:00.000Z
sensor.meross_temperature_bagno,20.19462118136111,2026-01-20T21:00:00.000Z
sensor.meross_temperature_bagno,19.874546204666668,2026-01-20T22:00:00.000Z
sensor.meross_temperature_bagno,19.742755579444445,2026-01-20T23:00:00.000Z
sensor.meross_temperature_bagno,19.59674001475,2026-01-21T00:00:00.000Z
sensor.meross_temperature_bagno,19.5,2026-01-21T01:00:00.000Z
sensor.meross_temperature_bagno,19.393383622416668,2026-01-21T02:00:00.000Z
sensor.meross_temperature_bagno,19.254792996916667,2026-01-21T03:00:00.000Z
sensor.meross_temperature_bagno,19.085888125166665,2026-01-21T04:00:00.000Z
sensor.meross_temperature_bagno,19.032502606111112,2026-01-21T05:00:00.000Z
sensor.meross_temperature_bagno,19.43678001272222,2026-01-21T06:00:00.000Z
sensor.meross_temperature_bagno,20.075716311222223,2026-01-21T07:00:00.000Z
sensor.meross_temperature_bagno,19.8,2026-01-21T08:00:00.000Z
sensor.meross_temperature_bagno,19.838199184666667,2026-01-21T09:00:00.000Z
sensor.meross_temperature_bagno,19.9,2026-01-21T10:00:00.000Z
sensor.meross_temperature_bagno,20.007457175333332,2026-01-21T11:00:00.000Z
sensor.meross_temperature_bagno,20.178558406972222,2026-01-21T12:00:00.000Z
sensor.meross_temperature_bagno,19.862788310638887,2026-01-21T13:00:00.000Z
sensor.meross_temperature_bagno,19.892922896916666,2026-01-21T14:00:00.000Z
sensor.meross_temperature_bagno,20.122012140027778,2026-01-21T15:00:00.000Z
sensor.meross_temperature_bagno,19.88648354072222,2026-01-21T16:00:00.000Z
sensor.meross_temperature_bagno,19.854674444277777,2026-01-21T17:00:00.000Z
sensor.meross_temperature_bagno,20.13442876122222,2026-01-21T18:00:00.000Z
sensor.meross_temperature_bagno,19.89849093497222,2026-01-21T19:00:00.000Z
sensor.meross_temperature_bagno,19.8,2026-01-21T20:00:00.000Z
sensor.meross_temperature_bagno,19.8,2026-01-21T21:00:00.000Z
sensor.meross_temperature_bagno,19.600070543472224,2026-01-21T22:00:00.000Z
sensor.meross_temperature_bagno,19.39257372236111,2026-01-21T23:00:00.000Z
sensor.meross_temperature_bagno,19.243930050166664,2026-01-22T00:00:00.000Z
sensor.meross_temperature_bagno,19.068738262861114,2026-01-22T01:00:00.000Z
sensor.meross_temperature_bagno,18.977744687583332,2026-01-22T02:00:00.000Z
sensor.meross_temperature_bagno,18.80672836138889,2026-01-22T03:00:00.000Z
sensor.meross_temperature_bagno,18.602843074333332,2026-01-22T04:00:00.000Z
sensor.meross_temperature_bagno,18.53571344036111,2026-01-22T05:00:00.000Z
sensor.meross_temperature_bagno,19.16845485125,2026-01-22T06:00:00.000Z
sensor.meross_temperature_bagno,19.354423731083333,2026-01-22T07:00:00.000Z
sensor.meross_temperature_bagno,19.4,2026-01-22T08:00:00.000Z
sensor.meross_temperature_bagno,19.4,2026-01-22T09:00:00.000Z
sensor.meross_temperature_bagno,19.47418551125,2026-01-22T10:00:00.000Z
sensor.meross_temperature_bagno,19.70455472786111,2026-01-22T11:00:00.000Z
sensor.meross_temperature_bagno,19.882923938,2026-01-22T12:00:00.000Z
sensor.meross_temperature_bagno,20.028295293416665,2026-01-22T13:00:00.000Z
sensor.meross_temperature_bagno,20.000345942944445,2026-01-22T14:00:00.000Z
sensor.meross_temperature_bagno,20.147514058194442,2026-01-22T15:00:00.000Z
sensor.meross_temperature_bagno,19.923352267694444,2026-01-22T16:00:00.000Z
sensor.meross_temperature_bagno,19.98034624011111,2026-01-22T17:00:00.000Z
sensor.meross_temperature_bagno,20.13615050038889,2026-01-22T18:00:00.000Z
sensor.meross_temperature_bagno,19.896829247583334,2026-01-22T19:00:00.000Z
sensor.meross_temperature_bagno,20.06091587138889,2026-01-22T20:00:00.000Z
sensor.meross_temperature_bagno,19.913981778083333,2026-01-22T21:00:00.000Z
sensor.meross_temperature_bagno,19.73970523222222,2026-01-22T22:00:00.000Z
sensor.meross_temperature_bagno,19.51887122677778,2026-01-22T23:00:00.000Z
sensor.meross_temperature_bagno,19.43271711927778,2026-01-23T00:00:00.000Z
sensor.meross_temperature_bagno,19.26555430925,2026-01-23T01:00:00.000Z
sensor.meross_temperature_bagno,19.11066028563889,2026-01-23T02:00:00.000Z
sensor.meross_temperature_bagno,19,2026-01-23T03:00:00.000Z
sensor.meross_temperature_bagno,18.911944224388886,2026-01-23T04:00:00.000Z
sensor.meross_temperature_bagno,18.830022041583334,2026-01-23T05:00:00.000Z
sensor.meross_temperature_bagno,19.303495148416665,2026-01-23T06:00:00.000Z
sensor.meross_temperature_bagno,19.95351278538889,2026-01-23T07:00:00.000Z
sensor.meross_temperature_bagno,19.595880726833332,2026-01-23T08:00:00.000Z
sensor.meross_temperature_bagno,19.59847816066667,2026-01-23T09:00:00.000Z
sensor.meross_temperature_bagno,19.6,2026-01-23T10:00:00.000Z
sensor.meross_temperature_bagno,19.706375526805555,2026-01-23T11:00:00.000Z
sensor.meross_temperature_bagno,19.8,2026-01-23T12:00:00.000Z
sensor.meross_temperature_bagno,19.8444879465,2026-01-23T13:00:00.000Z
sensor.meross_temperature_bagno,19.9,2026-01-23T14:00:00.000Z
sensor.meross_temperature_bagno,19.926065427277777,2026-01-23T15:00:00.000Z
sensor.meross_temperature_bagno,20.129567195083336,2026-01-23T16:00:00.000Z
sensor.meross_temperature_bagno,20.22136780325,2026-01-23T17:00:00.000Z
sensor.meross_temperature_bagno,19.97979089777778,2026-01-23T18:00:00.000Z
sensor.meross_temperature_bagno,19.907012320694445,2026-01-23T19:00:00.000Z
sensor.meross_temperature_bagno,20.123812460194447,2026-01-23T20:00:00.000Z
sensor.meross_temperature_bagno,19.87104290625,2026-01-23T21:00:00.000Z
sensor.meross_temperature_bagno,19.76851733202778,2026-01-23T22:00:00.000Z
sensor.meross_temperature_bagno,19.66312754247222,2026-01-23T23:00:00.000Z
sensor.meross_temperature_bagno,19.577437914694446,2026-01-24T00:00:00.000Z
sensor.meross_temperature_bagno,19.5,2026-01-24T01:00:00.000Z
sensor.meross_temperature_bagno,19.427785426055554,2026-01-24T02:00:00.000Z
sensor.meross_temperature_bagno,19.292554666833333,2026-01-24T03:00:00.000Z
sensor.meross_temperature_bagno,19.13603919138889,2026-01-24T04:00:00.000Z
sensor.meross_temperature_bagno,19.06022969586111,2026-01-24T05:00:00.000Z
sensor.meross_temperature_bagno,19.51227468575,2026-01-24T06:00:00.000Z
sensor.meross_temperature_bagno,19.677795045194443,2026-01-24T07:00:00.000Z
sensor.meross_temperature_bagno,19.733024605444445,2026-01-24T08:00:00.000Z
sensor.meross_temperature_bagno,19.95193888602778,2026-01-24T09:00:00.000Z
sensor.meross_temperature_bagno,19.889131894,2026-01-24T10:00:00.000Z
sensor.meross_temperature_bagno,19.863748703833334,2026-01-24T11:00:00.000Z
sensor.meross_temperature_bagno,20.18723013461111,2026-01-24T12:00:00.000Z
sensor.meross_temperature_bagno,20,2026-01-24T13:00:00.000Z
sensor.meross_temperature_bagno,20,2026-01-24T14:00:00.000Z
sensor.meross_temperature_bagno,19.954255941916667,2026-01-24T16:00:00.000Z
sensor.meross_temperature_bagno,19.9,2026-01-24T17:00:00.000Z
sensor.meross_temperature_bagno,19.9,2026-01-24T18:00:00.000Z
sensor.meross_temperature_bagno,19.833390905972223,2026-01-24T19:00:00.000Z
sensor.meross_temperature_bagno,19.8,2026-01-24T20:00:00.000Z
sensor.meross_temperature_bagno,19.82434099413889,2026-01-24T21:00:00.000Z
sensor.meross_temperature_bagno,19.77692902736111,2026-01-24T22:00:00.000Z
sensor.meross_temperature_bagno,19.621641736083333,2026-01-24T23:00:00.000Z
sensor.meross_temperature_bagno,19.5,2026-01-25T00:00:00.000Z
sensor.meross_temperature_bagno,19.489471283222223,2026-01-25T01:00:00.000Z
sensor.meross_temperature_bagno,19.37760789647222,2026-01-25T02:00:00.000Z
sensor.meross_temperature_bagno,19.272968968333334,2026-01-25T03:00:00.000Z
sensor.meross_temperature_bagno,19.162717844027778,2026-01-25T04:00:00.000Z
sensor.meross_temperature_bagno,19.093026202805557,2026-01-25T05:00:00.000Z
sensor.meross_temperature_bagno,19.566688454555557,2026-01-25T06:00:00.000Z
sensor.meross_temperature_bagno,19.7,2026-01-25T07:00:00.000Z
sensor.meross_temperature_bagno,19.718773068555556,2026-01-25T08:00:00.000Z
sensor.meross_temperature_bagno,19.860031697222222,2026-01-25T09:00:00.000Z
sensor.meross_temperature_bagno,19.957345129944443,2026-01-25T10:00:00.000Z
sensor.meross_temperature_bagno,20.20122211575,2026-01-25T11:00:00.000Z
sensor.meross_temperature_bagno,19.85987088938889,2026-01-25T12:00:00.000Z
sensor.meross_temperature_bagno,20.119895285166667,2026-01-25T13:00:00.000Z
sensor.meross_temperature_bagno,20.02536107063889,2026-01-25T14:00:00.000Z
sensor.meross_temperature_bagno,19.91205120133333,2026-01-25T15:00:00.000Z
sensor.meross_temperature_bagno,19.9,2026-01-25T16:00:00.000Z
sensor.meross_temperature_bagno,19.982846821444443,2026-01-25T17:00:00.000Z
sensor.meross_temperature_bagno,20.198944968944446,2026-01-25T18:00:00.000Z
sensor.meross_temperature_bagno,19.94809546419444,2026-01-25T19:00:00.000Z
sensor.meross_temperature_bagno,19.9,2026-01-25T20:00:00.000Z
sensor.meross_temperature_bagno,19.86882620933333,2026-01-25T21:00:00.000Z
sensor.meross_temperature_bagno,19.8,2026-01-25T22:00:00.000Z
sensor.meross_temperature_bagno,19.74207204138889,2026-01-25T23:00:00.000Z
sensor.meross_temperature_bagno,19.6233457785,2026-01-26T00:00:00.000Z
sensor.meross_temperature_bagno,19.532738041416668,2026-01-26T01:00:00.000Z
sensor.meross_temperature_bagno,19.5,2026-01-26T02:00:00.000Z
sensor.meross_temperature_bagno,19.393101325083332,2026-01-26T03:00:00.000Z
sensor.meross_temperature_bagno,19.291009470916666,2026-01-26T04:00:00.000Z
sensor.meross_temperature_bagno,19.23665115986111,2026-01-26T05:00:00.000Z
sensor.meross_temperature_bagno,19.686593641694444,2026-01-26T06:00:00.000Z
sensor.meross_temperature_bagno,20.283707250944442,2026-01-26T07:00:00.000Z
sensor.meross_temperature_bagno,19.9,2026-01-26T08:00:00.000Z
sensor.meross_temperature_bagno,19.930768392305556,2026-01-26T09:00:00.000Z
sensor.meross_temperature_bagno,20.106797188805555,2026-01-26T10:00:00.000Z
sensor.meross_temperature_bagno,20.124790548944443,2026-01-26T11:00:00.000Z
sensor.meross_temperature_bagno,19.9,2026-01-26T12:00:00.000Z
sensor.meross_temperature_bagno,19.800577799583333,2026-01-26T13:00:00.000Z
sensor.meross_temperature_bagno,20.080737670027776,2026-01-26T14:00:00.000Z
sensor.meross_temperature_bagno,20.149063071361113,2026-01-26T15:00:00.000Z
sensor.meross_temperature_bagno,19.95110857311111,2026-01-26T16:00:00.000Z
sensor.meross_temperature_bagno,19.84679212813889,2026-01-26T17:00:00.000Z
sensor.meross_temperature_bagno,20.02933129736111,2026-01-26T18:00:00.000Z
sensor.meross_temperature_bagno,20.033939845972224,2026-01-26T19:00:00.000Z
sensor.meross_temperature_bagno,20.031803777694446,2026-01-26T20:00:00.000Z
sensor.meross_temperature_bagno,20.01122986277778,2026-01-26T21:00:00.000Z
sensor.meross_temperature_bagno,20.367646403805555,2026-01-26T22:00:00.000Z
sensor.meross_temperature_bagno,19.96286462488889,2026-01-26T23:00:00.000Z
sensor.meross_temperature_bagno,19.79059827413889,2026-01-27T00:00:00.000Z
sensor.meross_temperature_bagno,19.630056026305557,2026-01-27T01:00:00.000Z
sensor.meross_temperature_bagno,19.49492684261111,2026-01-27T02:00:00.000Z
sensor.meross_temperature_bagno,19.35941810125,2026-01-27T03:00:00.000Z
sensor.meross_temperature_bagno,19.199610307083333,2026-01-27T04:00:00.000Z
sensor.meross_temperature_bagno,19.098591126694444,2026-01-27T05:00:00.000Z
sensor.meross_temperature_bagno,19.50869184522222,2026-01-27T06:00:00.000Z
sensor.meross_temperature_bagno,19.73730180211111,2026-01-27T07:00:00.000Z
sensor.meross_temperature_bagno,19.7,2026-01-27T08:00:00.000Z
sensor.meross_temperature_bagno,19.77636290927778,2026-01-27T09:00:00.000Z
sensor.meross_temperature_bagno,19.89122736847222,2026-01-27T10:00:00.000Z
sensor.meross_temperature_bagno,20.020266933194446,2026-01-27T11:00:00.000Z
sensor.meross_temperature_bagno,20.16115968575,2026-01-27T12:00:00.000Z
sensor.meross_temperature_bagno,19.821002393,2026-01-27T13:00:00.000Z
sensor.meross_temperature_bagno,20.15582805175,2026-01-27T14:00:00.000Z
sensor.meross_temperature_bagno,19.813280015638888,2026-01-27T15:00:00.000Z
sensor.meross_temperature_bagno,20.165574635333332,2026-01-27T16:00:00.000Z
sensor.meross_temperature_bagno,19.92575800794444,2026-01-27T17:00:00.000Z
sensor.meross_temperature_bagno,19.854070254805556,2026-01-27T18:00:00.000Z
sensor.meross_temperature_bagno,19.82865018961111,2026-01-27T19:00:00.000Z
sensor.meross_temperature_bagno,20.12399774486111,2026-01-27T20:00:00.000Z
sensor.meross_temperature_bagno,20.11422275811111,2026-01-27T21:00:00.000Z
sensor.meross_temperature_bagno,19.815664287027776,2026-01-27T22:00:00.000Z
sensor.meross_temperature_bagno,19.60084954963889,2026-01-27T23:00:00.000Z
sensor.meross_temperature_bagno,19.5,2026-01-28T00:00:00.000Z
sensor.meross_temperature_bagno,19.419568991333332,2026-01-28T01:00:00.000Z
sensor.meross_temperature_bagno,19.298959907388888,2026-01-28T02:00:00.000Z
sensor.meross_temperature_bagno,19.165887179583333,2026-01-28T03:00:00.000Z
sensor.meross_temperature_bagno,19.033414993555557,2026-01-28T04:00:00.000Z
sensor.meross_temperature_bagno,19.02176935825,2026-01-28T05:00:00.000Z
sensor.meross_temperature_bagno,19.422732766777777,2026-01-28T06:00:00.000Z
sensor.meross_temperature_bagno,19.927928433138888,2026-01-28T07:00:00.000Z
sensor.meross_temperature_bagno,19.83386030025,2026-01-28T08:00:00.000Z
sensor.meross_temperature_bagno,19.818154149083334,2026-01-28T09:00:00.000Z
sensor.meross_temperature_bagno,19.888513599527776,2026-01-28T10:00:00.000Z
sensor.meross_temperature_bagno,19.9,2026-01-28T11:00:00.000Z
sensor.meross_temperature_bagno,20.00255385447222,2026-01-28T12:00:00.000Z
sensor.meross_temperature_bagno,20.100538134111112,2026-01-28T13:00:00.000Z
sensor.meross_temperature_bagno,20.150882388333333,2026-01-28T14:00:00.000Z
sensor.meross_temperature_bagno,19.83730467152778,2026-01-28T15:00:00.000Z
sensor.meross_temperature_bagno,20.190544623972222,2026-01-28T16:00:00.000Z
sensor.meross_temperature_bagno,19.926084137166665,2026-01-28T17:00:00.000Z
sensor.meross_temperature_bagno,19.810746466805558,2026-01-28T18:00:00.000Z
sensor.meross_temperature_bagno,20.0401431915,2026-01-28T19:00:00.000Z
sensor.meross_temperature_bagno,19.930887165083334,2026-01-28T20:00:00.000Z
sensor.meross_temperature_bagno,20.112250777472223,2026-01-28T21:00:00.000Z
sensor.meross_temperature_bagno,19.953461060555554,2026-01-28T22:00:00.000Z
sensor.meross_temperature_bagno,19.848293214916666,2026-01-28T23:00:00.000Z
sensor.meross_temperature_bagno,19.753409806194444,2026-01-29T00:00:00.000Z
sensor.meross_temperature_bagno,19.617181020472223,2026-01-29T01:00:00.000Z
sensor.meross_temperature_bagno,19.5,2026-01-29T02:00:00.000Z
sensor.meross_temperature_bagno,19.461997570194445,2026-01-29T03:00:00.000Z
sensor.meross_temperature_bagno,19.340550135416667,2026-01-29T04:00:00.000Z
sensor.meross_temperature_bagno,19.267830044805553,2026-01-29T05:00:00.000Z
sensor.meross_temperature_bagno,19.699965868472223,2026-01-29T06:00:00.000Z
sensor.meross_temperature_bagno,20.104621492472223,2026-01-29T07:00:00.000Z
sensor.meross_temperature_bagno,19.907515503055553,2026-01-29T08:00:00.000Z
sensor.meross_temperature_bagno,20.05928833538889,2026-01-29T09:00:00.000Z
sensor.meross_temperature_bagno,20.20120703438889,2026-01-29T10:00:00.000Z
sensor.meross_temperature_bagno,19.85176497777778,2026-01-29T11:00:00.000Z
sensor.meross_temperature_bagno,20.01584952572222,2026-01-29T12:00:00.000Z
sensor.meross_temperature_bagno,19.980290402111113,2026-01-29T13:00:00.000Z
sensor.meross_temperature_bagno,19.8,2026-01-29T14:00:00.000Z
sensor.meross_temperature_bagno,19.904464906888887,2026-01-29T15:00:00.000Z
sensor.meross_temperature_bagno,20.118167897694445,2026-01-29T16:00:00.000Z
sensor.meross_temperature_bagno,19.881049055833333,2026-01-29T17:00:00.000Z
sensor.meross_temperature_bagno,19.8,2026-01-29T18:00:00.000Z
sensor.meross_temperature_bagno,19.807723302638887,2026-01-29T19:00:00.000Z
sensor.meross_temperature_bagno,19.809088657361112,2026-01-29T20:00:00.000Z
sensor.meross_temperature_bagno,19.856155385666664,2026-01-29T21:00:00.000Z
sensor.meross_temperature_bagno,19.8,2026-01-29T22:00:00.000Z
sensor.meross_temperature_bagno,19.702570650777776,2026-01-29T23:00:00.000Z
sensor.meross_temperature_bagno,19.587728184166668,2026-01-30T00:00:00.000Z
sensor.meross_temperature_bagno,19.5,2026-01-30T01:00:00.000Z
sensor.meross_temperature_bagno,19.44394060625,2026-01-30T02:00:00.000Z
sensor.meross_temperature_bagno,19.30947385513889,2026-01-30T03:00:00.000Z
sensor.meross_temperature_bagno,19.183260910333335,2026-01-30T04:00:00.000Z
sensor.meross_temperature_bagno,19.12748203986111,2026-01-30T05:00:00.000Z
sensor.meross_temperature_bagno,19.709588713583333,2026-01-30T06:00:00.000Z
sensor.meross_temperature_bagno,19.854787196944443,2026-01-30T07:00:00.000Z
sensor.meross_temperature_bagno,19.84984818138889,2026-01-30T08:00:00.000Z
sensor.meross_temperature_bagno,19.9,2026-01-30T09:00:00.000Z
sensor.meross_temperature_bagno,19.965216375555553,2026-01-30T10:00:00.000Z
sensor.meross_temperature_bagno,20.18160632477778,2026-01-30T11:00:00.000Z
sensor.meross_temperature_bagno,19.993776123805556,2026-01-30T12:00:00.000Z
sensor.meross_temperature_bagno,19.948971437083333,2026-01-30T13:00:00.000Z
sensor.meross_temperature_bagno,20.133359578805557,2026-01-30T14:00:00.000Z
sensor.meross_temperature_bagno,19.889282784416665,2026-01-30T15:00:00.000Z
sensor.meross_temperature_bagno,19.783190506222223,2026-01-30T16:00:00.000Z
sensor.meross_temperature_bagno,20.137629384555556,2026-01-30T17:00:00.000Z
sensor.meross_temperature_bagno,19.962620872388886,2026-01-30T18:00:00.000Z
sensor.meross_temperature_bagno,19.834713136305556,2026-01-30T19:00:00.000Z
sensor.meross_temperature_bagno,19.8,2026-01-30T20:00:00.000Z
sensor.meross_temperature_bagno,19.8,2026-01-30T21:00:00.000Z
sensor.meross_temperature_bagno,19.786372443444446,2026-01-30T22:00:00.000Z
sensor.meross_temperature_bagno,19.660032323583334,2026-01-30T23:00:00.000Z
sensor.meross_temperature_bagno,19.54138956927778,2026-01-31T00:00:00.000Z
sensor.meross_temperature_bagno,19.5,2026-01-31T01:00:00.000Z
sensor.meross_temperature_bagno,19.42941679647222,2026-01-31T02:00:00.000Z
sensor.meross_temperature_bagno,19.31635944702778,2026-01-31T03:00:00.000Z
sensor.meross_temperature_bagno,19.217332615555556,2026-01-31T04:00:00.000Z
sensor.meross_temperature_bagno,19.174776629694446,2026-01-31T05:00:00.000Z
sensor.meross_temperature_bagno,19.64574602488889,2026-01-31T06:00:00.000Z
sensor.meross_temperature_bagno,20.217262495194444,2026-01-31T07:00:00.000Z
sensor.meross_temperature_bagno,19.865728437666668,2026-01-31T08:00:00.000Z
sensor.meross_temperature_bagno,19.41956812372222,2026-01-31T09:00:00.000Z
sensor.meross_temperature_bagno,19.270494908694445,2026-01-31T10:00:00.000Z
sensor.meross_temperature_bagno,19.197782164305554,2026-01-31T11:00:00.000Z
sensor.meross_temperature_bagno,19.1,2026-01-31T12:00:00.000Z
sensor.meross_temperature_bagno,19.085725419555555,2026-01-31T13:00:00.000Z
sensor.meross_temperature_bagno,19,2026-01-31T14:00:00.000Z
sensor.meross_temperature_bagno,19,2026-01-31T15:00:00.000Z
sensor.meross_temperature_bagno,18.943523169694444,2026-01-31T17:00:00.000Z
sensor.meross_temperature_bagno,18.879201617944442,2026-01-31T18:00:00.000Z
sensor.meross_temperature_bagno,18.796402377638888,2026-01-31T19:00:00.000Z
sensor.meross_temperature_bagno,18.7,2026-01-31T20:00:00.000Z
sensor.meross_temperature_bagno,18.61640928241667,2026-01-31T21:00:00.000Z
sensor.meross_temperature_bagno,18.53424840436111,2026-01-31T22:00:00.000Z
sensor.meross_temperature_bagno,18.5,2026-01-31T23:00:00.000Z
sensor.meross_temperature_bagno,18.4470044375,2026-02-01T00:00:00.000Z
sensor.meross_temperature_bagno,18.38079402472222,2026-02-01T01:00:00.000Z
sensor.meross_temperature_bagno,18.3,2026-02-01T02:00:00.000Z
sensor.meross_temperature_bagno,18.205663160388887,2026-02-01T03:00:00.000Z
sensor.meross_temperature_bagno,18.112249418527778,2026-02-01T04:00:00.000Z
sensor.meross_temperature_bagno,18.030089513805557,2026-02-01T05:00:00.000Z
sensor.meross_temperature_bagno,18,2026-02-01T06:00:00.000Z
sensor.meross_temperature_bagno,18,2026-02-01T07:00:00.000Z
sensor.meross_temperature_bagno,18.03438268038889,2026-02-01T14:00:00.000Z
sensor.meross_temperature_bagno,18.555381807666667,2026-02-01T15:00:00.000Z
sensor.meross_temperature_bagno,18.9563005505,2026-02-01T16:00:00.000Z
sensor.meross_temperature_bagno,18.9,2026-02-01T17:00:00.000Z
sensor.meross_temperature_bagno,18.96482428711111,2026-02-01T18:00:00.000Z
sensor.meross_temperature_bagno,19.21402054991667,2026-02-01T19:00:00.000Z
sensor.meross_temperature_bagno,19.486849936944445,2026-02-01T20:00:00.000Z
sensor.meross_temperature_bagno,19.616731674055554,2026-02-01T21:00:00.000Z
sensor.meross_temperature_bagno,19.14460968622222,2026-02-01T22:00:00.000Z
sensor.meross_temperature_bagno,18.96912038438889,2026-02-01T23:00:00.000Z
sensor.meross_temperature_bagno,18.899686167305553,2026-02-02T00:00:00.000Z
sensor.meross_temperature_bagno,18.8,2026-02-02T01:00:00.000Z
sensor.meross_temperature_bagno,18.727055695583335,2026-02-02T02:00:00.000Z
sensor.meross_temperature_bagno,18.656092661027778,2026-02-02T03:00:00.000Z
sensor.meross_temperature_bagno,18.57115375463889,2026-02-02T04:00:00.000Z
sensor.meross_temperature_bagno,18.559391933277777,2026-02-02T05:00:00.000Z
sensor.meross_temperature_bagno,19.082364797527777,2026-02-02T06:00:00.000Z
sensor.meross_temperature_bagno,19.640989177916666,2026-02-02T07:00:00.000Z
sensor.meross_temperature_bagno,19.5,2026-02-02T08:00:00.000Z
sensor.meross_temperature_bagno,19.584966289972222,2026-02-02T09:00:00.000Z
sensor.meross_temperature_bagno,19.81956012997222,2026-02-02T10:00:00.000Z
sensor.meross_temperature_bagno,19.88717386472222,2026-02-02T11:00:00.000Z
sensor.meross_temperature_bagno,20.134231133305555,2026-02-02T12:00:00.000Z
sensor.meross_temperature_bagno,19.782401039,2026-02-02T13:00:00.000Z
sensor.meross_temperature_bagno,20.156551562416666,2026-02-02T14:00:00.000Z
sensor.meross_temperature_bagno,19.855835445305555,2026-02-02T15:00:00.000Z
sensor.meross_temperature_bagno,19.800200313361113,2026-02-02T16:00:00.000Z
sensor.meross_temperature_bagno,20.221294928166667,2026-02-02T17:00:00.000Z
sensor.meross_temperature_bagno,20.133768713722223,2026-02-02T18:00:00.000Z
sensor.meross_temperature_bagno,20,2026-02-02T19:00:00.000Z
sensor.meross_temperature_bagno,20.028063682611112,2026-02-02T20:00:00.000Z
sensor.meross_temperature_bagno,19.98070355663889,2026-02-02T21:00:00.000Z
sensor.meross_temperature_bagno,19.9,2026-02-02T22:00:00.000Z
sensor.meross_temperature_bagno,19.81168629475,2026-02-02T23:00:00.000Z
sensor.meross_temperature_bagno,19.697979210055554,2026-02-03T00:00:00.000Z
sensor.meross_temperature_bagno,19.57790227552778,2026-02-03T01:00:00.000Z
sensor.meross_temperature_bagno,19.5,2026-02-03T02:00:00.000Z
sensor.meross_temperature_bagno,19.481016610583335,2026-02-03T03:00:00.000Z
sensor.meross_temperature_bagno,19.367958119888886,2026-02-03T04:00:00.000Z
sensor.meross_temperature_bagno,19.316621152944446,2026-02-03T05:00:00.000Z
sensor.meross_temperature_bagno,19.782950563305555,2026-02-03T06:00:00.000Z
sensor.meross_temperature_bagno,20.120050794055555,2026-02-03T07:00:00.000Z
sensor.meross_temperature_bagno,20.019616724861113,2026-02-03T08:00:00.000Z
sensor.meross_temperature_bagno,20.15776279675,2026-02-03T09:00:00.000Z
sensor.meross_temperature_bagno,19.95342448786111,2026-02-03T10:00:00.000Z
sensor.meross_temperature_bagno,20.029630536472222,2026-02-03T11:00:00.000Z
sensor.meross_temperature_bagno,20.087002572,2026-02-03T12:00:00.000Z
sensor.meross_temperature_bagno,19.90532966383333,2026-02-03T13:00:00.000Z
sensor.meross_temperature_bagno,20.022932926916667,2026-02-03T14:00:00.000Z
sensor.meross_temperature_bagno,19.92368601175,2026-02-03T15:00:00.000Z
sensor.meross_temperature_bagno,20.067743983416666,2026-02-03T16:00:00.000Z
sensor.meross_temperature_bagno,19.839308243666668,2026-02-03T17:00:00.000Z
sensor.meross_temperature_bagno,20.159867481583333,2026-02-03T18:00:00.000Z
sensor.meross_temperature_bagno,19.96558956138889,2026-02-03T19:00:00.000Z
sensor.meross_temperature_bagno,19.87031276147222,2026-02-03T20:00:00.000Z
sensor.meross_temperature_bagno,19.8,2026-02-03T21:00:00.000Z
sensor.meross_temperature_bagno,19.68041749397222,2026-02-03T22:00:00.000Z
sensor.meross_temperature_bagno,19.6,2026-02-03T23:00:00.000Z
sensor.meross_temperature_bagno,19.501303731,2026-02-04T00:00:00.000Z
sensor.meross_temperature_bagno,19.5,2026-02-04T01:00:00.000Z
sensor.meross_temperature_bagno,19.41171923772222,2026-02-04T02:00:00.000Z
sensor.meross_temperature_bagno,19.312692494166665,2026-02-04T03:00:00.000Z
sensor.meross_temperature_bagno,19.217362400638887,2026-02-04T04:00:00.000Z
sensor.meross_temperature_bagno,19.176967698416668,2026-02-04T05:00:00.000Z
sensor.meross_temperature_bagno,19.701864544916667,2026-02-04T06:00:00.000Z
sensor.meross_temperature_bagno,20.2001593585,2026-02-04T07:00:00.000Z
sensor.meross_temperature_bagno,20,2026-02-04T08:00:00.000Z
sensor.meross_temperature_bagno,20.036674404527776,2026-02-04T09:00:00.000Z
sensor.meross_temperature_bagno,20.11605591463889,2026-02-04T10:00:00.000Z
sensor.meross_temperature_bagno,20.20855059752778,2026-02-04T11:00:00.000Z
sensor.meross_temperature_bagno,19.972059698916667,2026-02-04T12:00:00.000Z
sensor.meross_temperature_bagno,20.012258932444443,2026-02-04T13:00:00.000Z
sensor.meross_temperature_bagno,20.00884625847222,2026-02-04T14:00:00.000Z
sensor.meross_temperature_bagno,19.810678707972222,2026-02-04T15:00:00.000Z
sensor.meross_temperature_bagno,19.8,2026-02-04T16:00:00.000Z
sensor.meross_temperature_bagno,19.79945932805556,2026-02-04T17:00:00.000Z
sensor.meross_temperature_bagno,20.038685759305555,2026-02-04T18:00:00.000Z
sensor.meross_temperature_bagno,20.034831012944444,2026-02-04T19:00:00.000Z
sensor.meross_temperature_bagno,19.9,2026-02-04T20:00:00.000Z
sensor.meross_temperature_bagno,19.9,2026-02-04T21:00:00.000Z
sensor.meross_temperature_bagno,19.885968401361108,2026-02-04T22:00:00.000Z
sensor.meross_temperature_bagno,19.80396361286111,2026-02-04T23:00:00.000Z
sensor.meross_temperature_bagno,19.716079191972224,2026-02-05T00:00:00.000Z
sensor.meross_temperature_bagno,19.639503801583334,2026-02-05T01:00:00.000Z
sensor.meross_temperature_bagno,19.551429581583335,2026-02-05T02:00:00.000Z
sensor.meross_temperature_bagno,19.5,2026-02-05T03:00:00.000Z
sensor.meross_temperature_bagno,19.44448137625,2026-02-05T04:00:00.000Z
sensor.meross_temperature_bagno,19.4016942015,2026-02-05T05:00:00.000Z
sensor.meross_temperature_bagno,19.96721842025,2026-02-05T06:00:00.000Z
sensor.meross_temperature_bagno,20.39286706436111,2026-02-05T07:00:00.000Z
sensor.meross_temperature_bagno,20.2,2026-02-05T08:00:00.000Z
sensor.meross_temperature_bagno,20.2,2026-02-05T09:00:00.000Z
sensor.meross_temperature_bagno,20.118655925970724,2026-02-05T10:00:00.000Z
sensor.meross_temperature_bagno,19.90208799438889,2026-02-05T11:00:00.000Z
sensor.meross_temperature_bagno,20.13003416638889,2026-02-05T12:00:00.000Z
sensor.meross_temperature_bagno,19.905370436027777,2026-02-05T13:00:00.000Z
sensor.meross_temperature_bagno,19.834991280694442,2026-02-05T14:00:00.000Z
sensor.meross_temperature_bagno,19.81625379136111,2026-02-05T15:00:00.000Z
sensor.meross_temperature_bagno,19.94548780208333,2026-02-05T16:00:00.000Z
sensor.meross_temperature_bagno,20.09064730277778,2026-02-05T17:00:00.000Z
sensor.meross_temperature_bagno,19.903153713166663,2026-02-05T18:00:00.000Z
sensor.meross_temperature_bagno,19.9,2026-02-05T19:00:00.000Z
sensor.meross_temperature_bagno,19.940823336888887,2026-02-05T20:00:00.000Z
sensor.meross_temperature_bagno,19.831278170305556,2026-02-05T21:00:00.000Z
sensor.meross_temperature_bagno,19.72877746902778,2026-02-05T22:00:00.000Z
sensor.meross_temperature_bagno,19.627695000916667,2026-02-05T23:00:00.000Z
sensor.meross_temperature_bagno,19.542700614361113,2026-02-06T00:00:00.000Z
sensor.meross_temperature_bagno,19.5,2026-02-06T01:00:00.000Z
sensor.meross_temperature_bagno,19.422586123777776,2026-02-06T02:00:00.000Z
sensor.meross_temperature_bagno,19.33856424677778,2026-02-06T03:00:00.000Z
sensor.meross_temperature_bagno,19.267603008944445,2026-02-06T04:00:00.000Z
sensor.meross_temperature_bagno,19.24578761663889,2026-02-06T05:00:00.000Z
sensor.meross_temperature_bagno,19.769899583111112,2026-02-06T06:00:00.000Z
sensor.meross_temperature_bagno,19.9,2026-02-06T07:00:00.000Z
sensor.meross_temperature_bagno,19.922863011527777,2026-02-06T08:00:00.000Z
sensor.meross_temperature_bagno,20.127294855972224,2026-02-06T09:00:00.000Z
sensor.meross_temperature_bagno,19.980233628444445,2026-02-06T10:00:00.000Z
sensor.meross_temperature_bagno,20.023180169805556,2026-02-06T11:00:00.000Z
sensor.meross_temperature_bagno,20.0367445645,2026-02-06T12:00:00.000Z
sensor.meross_temperature_bagno,19.898675112555555,2026-02-06T13:00:00.000Z
sensor.meross_temperature_bagno,19.8,2026-02-06T14:00:00.000Z
sensor.meross_temperature_bagno,19.8,2026-02-06T15:00:00.000Z
sensor.meross_temperature_bagno,19.89852365547222,2026-02-06T16:00:00.000Z
sensor.meross_temperature_bagno,20.13483563736111,2026-02-06T17:00:00.000Z
sensor.meross_temperature_bagno,19.922795916805555,2026-02-06T18:00:00.000Z
sensor.meross_temperature_bagno,19.815151937027778,2026-02-06T19:00:00.000Z
sensor.meross_temperature_bagno,19.86610316311111,2026-02-06T20:00:00.000Z
sensor.meross_temperature_bagno,19.8,2026-02-06T21:00:00.000Z
sensor.meross_temperature_bagno,19.8,2026-02-07T06:00:00.000Z
sensor.meross_temperature_bagno,19.941439919916665,2026-02-07T07:00:00.000Z
sensor.meross_temperature_bagno,19.81069528372222,2026-02-07T08:00:00.000Z
sensor.meross_temperature_bagno,19.862676959694443,2026-02-07T09:00:00.000Z
sensor.meross_temperature_bagno,20.098910924277778,2026-02-07T10:00:00.000Z
sensor.meross_temperature_bagno,20.2,2026-02-07T11:00:00.000Z
sensor.meross_temperature_bagno,20.150302371805555,2026-02-07T12:00:00.000Z
sensor.meross_temperature_bagno,19.838330434472223,2026-02-07T13:00:00.000Z
sensor.meross_temperature_bagno,20.10929824836111,2026-02-07T14:00:00.000Z
sensor.meross_temperature_bagno,19.827961014777777,2026-02-07T15:00:00.000Z
sensor.meross_temperature_bagno,20.24586935238889,2026-02-07T16:00:00.000Z
sensor.meross_temperature_bagno,19.821109586454828,2026-02-07T17:00:00.000Z
sensor.meross_temperature_bagno,20.035218606055555,2026-02-07T18:00:00.000Z
sensor.meross_temperature_bagno,19.91885627852778,2026-02-07T19:00:00.000Z
sensor.meross_temperature_bagno,20.19560730711111,2026-02-07T20:00:00.000Z
sensor.meross_temperature_bagno,20.120363424527778,2026-02-07T21:00:00.000Z
sensor.meross_temperature_bagno,19.577399063722222,2026-02-07T22:00:00.000Z
sensor.meross_temperature_bagno,19.371258016583333,2026-02-07T23:00:00.000Z
sensor.meross_temperature_bagno,19.258662748888888,2026-02-08T00:00:00.000Z
sensor.meross_temperature_bagno,19.141881300305556,2026-02-08T01:00:00.000Z
sensor.meross_temperature_bagno,19.028823594972224,2026-02-08T02:00:00.000Z
sensor.meross_temperature_bagno,19,2026-02-08T03:00:00.000Z
sensor.meross_temperature_bagno,18.991149058194445,2026-02-08T04:00:00.000Z
sensor.meross_temperature_bagno,18.922589306638887,2026-02-08T05:00:00.000Z
sensor.meross_temperature_bagno,19.325937034833334,2026-02-08T06:00:00.000Z
sensor.meross_temperature_bagno,19.4,2026-02-08T07:00:00.000Z
sensor.meross_temperature_bagno,19.4,2026-02-08T08:00:00.000Z
sensor.meross_temperature_bagno,19.509201088583335,2026-02-08T11:00:00.000Z
sensor.meross_temperature_bagno,19.5,2026-02-08T12:00:00.000Z
sensor.meross_temperature_bagno,19.674832664055554,2026-02-08T13:00:00.000Z
sensor.meross_temperature_bagno,19.790640284833334,2026-02-08T14:00:00.000Z
sensor.meross_temperature_bagno,19.8,2026-02-08T15:00:00.000Z
sensor.meross_temperature_bagno,19.860627937027775,2026-02-08T16:00:00.000Z
sensor.meross_temperature_bagno,19.9,2026-02-08T17:00:00.000Z
sensor.meross_temperature_bagno,19.923808961166667,2026-02-08T18:00:00.000Z
sensor.meross_temperature_bagno,19.919152875805555,2026-02-08T19:00:00.000Z
sensor.meross_temperature_bagno,19.828035614055555,2026-02-08T20:00:00.000Z
sensor.meross_temperature_bagno,19.7364484555,2026-02-08T21:00:00.000Z
sensor.meross_temperature_bagno,19.203180022305556,2026-02-08T22:00:00.000Z
sensor.meross_temperature_bagno,19,2026-02-08T23:00:00.000Z
sensor.meross_temperature_bagno,18.978560196083333,2026-02-09T00:00:00.000Z
sensor.meross_temperature_bagno,18.888708229166664,2026-02-09T01:00:00.000Z
sensor.meross_temperature_bagno,18.767280564388887,2026-02-09T02:00:00.000Z
sensor.meross_temperature_bagno,18.679480461972222,2026-02-09T03:00:00.000Z
sensor.meross_temperature_bagno,18.595097115194445,2026-02-09T04:00:00.000Z
sensor.meross_temperature_bagno,18.556752087499998,2026-02-09T05:00:00.000Z
sensor.meross_temperature_bagno,19.063203830055556,2026-02-09T06:00:00.000Z
sensor.meross_temperature_bagno,19.37831531975,2026-02-09T07:00:00.000Z
sensor.meross_temperature_bagno,19.2,2026-02-09T08:00:00.000Z
sensor.meross_temperature_bagno,19.2,2026-02-09T09:00:00.000Z
sensor.meross_temperature_bagno,19.264022617916666,2026-02-09T11:00:00.000Z
sensor.meross_temperature_bagno,19.3,2026-02-09T12:00:00.000Z
sensor.meross_temperature_bagno,19.3,2026-02-09T13:00:00.000Z
sensor.meross_temperature_bagno,19.310642392972223,2026-02-09T14:00:00.000Z
sensor.meross_temperature_bagno,19.387524831388887,2026-02-09T15:00:00.000Z
sensor.meross_temperature_bagno,19.3,2026-02-09T16:00:00.000Z
sensor.meross_temperature_bagno,19.3,2026-02-09T17:00:00.000Z
sensor.meross_temperature_bagno,19.312388455194444,2026-02-09T18:00:00.000Z
sensor.meross_temperature_bagno,19.32126032272222,2026-02-09T19:00:00.000Z
sensor.meross_temperature_bagno,19.3,2026-02-09T20:00:00.000Z
sensor.meross_temperature_bagno,19.23653297463889,2026-02-09T21:00:00.000Z
sensor.meross_temperature_bagno,18.692322778166666,2026-02-09T22:00:00.000Z
sensor.meross_temperature_bagno,18.5,2026-02-09T23:00:00.000Z
sensor.meross_temperature_bagno,18.41838656972222,2026-02-10T00:00:00.000Z
sensor.meross_temperature_bagno,18.288204108555558,2026-02-10T01:00:00.000Z
sensor.meross_temperature_bagno,18.18361913825,2026-02-10T02:00:00.000Z
sensor.meross_temperature_bagno,18.1,2026-02-10T03:00:00.000Z
sensor.meross_temperature_bagno,18.023881964333334,2026-02-10T04:00:00.000Z
sensor.meross_temperature_bagno,18.043741612694443,2026-02-10T05:00:00.000Z
sensor.meross_temperature_bagno,18.4619672965,2026-02-10T06:00:00.000Z
sensor.meross_temperature_bagno,18.765243518027777,2026-02-10T07:00:00.000Z
sensor.meross_temperature_bagno,18.76850039086111,2026-02-10T08:00:00.000Z
sensor.meross_temperature_bagno,18.858385266499997,2026-02-10T09:00:00.000Z
sensor.meross_temperature_bagno,18.927958441944444,2026-02-10T10:00:00.000Z
sensor.meross_temperature_bagno,19.171337676833335,2026-02-10T11:00:00.000Z
sensor.meross_temperature_bagno,19.378329732944444,2026-02-10T12:00:00.000Z
sensor.meross_temperature_bagno,19.58741734133333,2026-02-10T13:00:00.000Z
sensor.meross_temperature_bagno,19.77427450736111,2026-02-10T14:00:00.000Z
sensor.meross_temperature_bagno,19.962295674194444,2026-02-10T15:00:00.000Z
sensor.meross_temperature_bagno,20.15860158511111,2026-02-10T16:00:00.000Z
sensor.meross_temperature_bagno,19.914928498916666,2026-02-10T17:00:00.000Z
sensor.meross_temperature_bagno,19.811366408166666,2026-02-10T18:00:00.000Z
sensor.meross_temperature_bagno,20.04200936063889,2026-02-10T19:00:00.000Z
sensor.meross_temperature_bagno,20.09328969452778,2026-02-10T20:00:00.000Z
sensor.meross_temperature_bagno,20.03576372236111,2026-02-10T21:00:00.000Z
sensor.meross_temperature_bagno,20,2026-02-10T22:00:00.000Z
sensor.meross_temperature_bagno,19.946354533,2026-02-10T23:00:00.000Z
sensor.meross_temperature_bagno,19.9,2026-02-11T00:00:00.000Z
sensor.meross_temperature_bagno,19.78335431863889,2026-02-11T01:00:00.000Z
sensor.meross_temperature_bagno,19.6987612755,2026-02-11T02:00:00.000Z
sensor.meross_temperature_bagno,19.59690100663889,2026-02-11T03:00:00.000Z
sensor.meross_temperature_bagno,19.5,2026-02-11T04:00:00.000Z
sensor.meross_temperature_bagno,19.531852041416666,2026-02-11T05:00:00.000Z
sensor.meross_temperature_bagno,19.958774518972223,2026-02-11T06:00:00.000Z
sensor.meross_temperature_bagno,20.626054573833333,2026-02-11T07:00:00.000Z
sensor.meross_temperature_bagno,20.074896682,2026-02-11T08:00:00.000Z
sensor.meross_temperature_bagno,19.905041930666666,2026-02-11T09:00:00.000Z
sensor.meross_temperature_bagno,20.09255073811111,2026-02-11T10:00:00.000Z
sensor.meross_temperature_bagno,19.9,2026-02-11T11:00:00.000Z
sensor.meross_temperature_bagno,19.863373363888886,2026-02-11T12:00:00.000Z
sensor.meross_temperature_bagno,19.843071605027777,2026-02-11T13:00:00.000Z
sensor.meross_temperature_bagno,19.9,2026-02-11T14:00:00.000Z
sensor.meross_temperature_bagno,19.813227342694443,2026-02-11T15:00:00.000Z
sensor.meross_temperature_bagno,19.8,2026-02-11T16:00:00.000Z
sensor.meross_temperature_bagno,19.860930855416665,2026-02-11T17:00:00.000Z
sensor.meross_temperature_bagno,20.161878647305556,2026-02-11T18:00:00.000Z
sensor.meross_temperature_bagno,19.96040832872222,2026-02-11T19:00:00.000Z
sensor.meross_temperature_bagno,19.84735005825,2026-02-11T20:00:00.000Z
sensor.meross_temperature_bagno,19.864902851527777,2026-02-11T21:00:00.000Z
sensor.meross_temperature_bagno,19.823289581,2026-02-11T22:00:00.000Z
sensor.meross_temperature_bagno,19.73807368786111,2026-02-11T23:00:00.000Z
sensor.meross_temperature_bagno,19.634628868,2026-02-12T00:00:00.000Z
sensor.meross_temperature_bagno,19.545855459833334,2026-02-12T01:00:00.000Z
sensor.meross_temperature_bagno,19.5,2026-02-12T02:00:00.000Z
sensor.meross_temperature_bagno,19.439828069833332,2026-02-12T03:00:00.000Z
sensor.meross_temperature_bagno,19.350888008444443,2026-02-12T04:00:00.000Z
sensor.meross_temperature_bagno,19.33752241152778,2026-02-12T05:00:00.000Z
sensor.meross_temperature_bagno,19.873515829416668,2026-02-12T06:00:00.000Z
sensor.meross_temperature_bagno,20.11409750775,2026-02-12T07:00:00.000Z
sensor.meross_temperature_bagno,20.17257450327778,2026-02-12T08:00:00.000Z
sensor.meross_temperature_bagno,19.87324890547222,2026-02-12T09:00:00.000Z
sensor.meross_temperature_bagno,19.8,2026-02-12T10:00:00.000Z
sensor.meross_temperature_bagno,19.817332644,2026-02-12T11:00:00.000Z
sensor.meross_temperature_bagno,20.182266117805558,2026-02-12T12:00:00.000Z
sensor.meross_temperature_bagno,19.940339095916666,2026-02-12T13:00:00.000Z
sensor.meross_temperature_bagno,19.891549996777776,2026-02-12T14:00:00.000Z
sensor.meross_temperature_bagno,19.832983842277777,2026-02-12T15:00:00.000Z
sensor.meross_temperature_bagno,19.9,2026-02-12T16:00:00.000Z
sensor.meross_temperature_bagno,19.890414107555554,2026-02-12T17:00:00.000Z
sensor.meross_temperature_bagno,19.8,2026-02-12T18:00:00.000Z
sensor.meross_temperature_bagno,19.974361796249998,2026-02-12T19:00:00.000Z
sensor.meross_temperature_bagno,20.09256167388889,2026-02-12T20:00:00.000Z
sensor.meross_temperature_bagno,19.938014615,2026-02-12T21:00:00.000Z
sensor.meross_temperature_bagno,19.852659108055555,2026-02-12T22:00:00.000Z
sensor.meross_temperature_bagno,19.742407361916666,2026-02-12T23:00:00.000Z
sensor.meross_temperature_bagno,19.67122265188889,2026-02-13T00:00:00.000Z
sensor.meross_temperature_bagno,19.55557931852778,2026-02-13T01:00:00.000Z
sensor.meross_temperature_bagno,19.5,2026-02-13T02:00:00.000Z
sensor.meross_temperature_bagno,19.45152517302778,2026-02-13T03:00:00.000Z
sensor.meross_temperature_bagno,19.35099870625,2026-02-13T04:00:00.000Z
sensor.meross_temperature_bagno,19.304900817500002,2026-02-13T05:00:00.000Z
sensor.meross_temperature_bagno,19.789717942777777,2026-02-13T06:00:00.000Z
sensor.meross_temperature_bagno,20.339367565555555,2026-02-13T07:00:00.000Z
sensor.meross_temperature_bagno,20.05127603275,2026-02-13T08:00:00.000Z
sensor.meross_temperature_bagno,20.14937677158333,2026-02-13T09:00:00.000Z
sensor.meross_temperature_bagno,19.832303747111112,2026-02-13T10:00:00.000Z
sensor.meross_temperature_bagno,19.783189738222223,2026-02-13T11:00:00.000Z
sensor.meross_temperature_bagno,20.185366478972224,2026-02-13T12:00:00.000Z
sensor.meross_temperature_bagno,20.038939450555556,2026-02-13T13:00:00.000Z
sensor.meross_temperature_bagno,20,2026-02-13T14:00:00.000Z
sensor.meross_temperature_bagno,20,2026-02-13T15:00:00.000Z
sensor.meross_temperature_bagno,19.910442198638886,2026-02-13T16:00:00.000Z
sensor.meross_temperature_bagno,19.887160008388886,2026-02-13T17:00:00.000Z
sensor.meross_temperature_bagno,19.83178836586111,2026-02-13T18:00:00.000Z
sensor.meross_temperature_bagno,19.809753510777778,2026-02-13T19:00:00.000Z
sensor.meross_temperature_bagno,19.8,2026-02-13T20:00:00.000Z
sensor.meross_temperature_bagno,19.8,2026-02-13T21:00:00.000Z
sensor.meross_temperature_bagno,19.70931021033333,2026-02-13T22:00:00.000Z
sensor.meross_temperature_bagno,19.629900915916668,2026-02-13T23:00:00.000Z
sensor.meross_temperature_bagno,19.55051953825,2026-02-14T00:00:00.000Z
sensor.meross_temperature_bagno,19.5,2026-02-14T01:00:00.000Z
sensor.meross_temperature_bagno,19.452579069694444,2026-02-14T02:00:00.000Z
sensor.meross_temperature_bagno,19.36758473547222,2026-02-14T03:00:00.000Z
sensor.meross_temperature_bagno,19.3,2026-02-14T04:00:00.000Z
sensor.meross_temperature_bagno,19.296833954916668,2026-02-14T05:00:00.000Z
sensor.meross_temperature_bagno,19.71702152213889,2026-02-14T06:00:00.000Z
sensor.meross_temperature_bagno,19.806239316861113,2026-02-14T07:00:00.000Z
sensor.meross_temperature_bagno,19.86049672361111,2026-02-14T08:00:00.000Z
sensor.meross_temperature_bagno,19.977552776416665,2026-02-14T09:00:00.000Z
sensor.meross_temperature_bagno,19.861058976749998,2026-02-14T10:00:00.000Z
sensor.meross_temperature_bagno,20.15467623361111,2026-02-14T11:00:00.000Z
sensor.meross_temperature_bagno,19.837299241416666,2026-02-14T12:00:00.000Z
sensor.meross_temperature_bagno,19.8,2026-02-14T13:00:00.000Z
sensor.meross_temperature_bagno,19.800208667333333,2026-02-14T14:00:00.000Z
sensor.meross_temperature_bagno,20.331270383722224,2026-02-14T15:00:00.000Z
sensor.meross_temperature_bagno,20.211197316083332,2026-02-14T16:00:00.000Z
sensor.meross_temperature_bagno,20.25129184238889,2026-02-14T17:00:00.000Z
sensor.meross_temperature_bagno,20.22442438441667,2026-02-14T18:00:00.000Z
sensor.meross_temperature_bagno,20.160270422777778,2026-02-14T19:00:00.000Z
sensor.meross_temperature_bagno,20.1,2026-02-14T20:00:00.000Z
sensor.meross_temperature_bagno,20.02557474963889,2026-02-14T21:00:00.000Z
sensor.meross_temperature_bagno,20,2026-02-14T22:00:00.000Z
sensor.meross_temperature_bagno,20,2026-02-14T23:00:00.000Z
sensor.meross_temperature_bagno,19.933157115055554,2026-02-15T00:00:00.000Z
sensor.meross_temperature_bagno,19.862195009083333,2026-02-15T01:00:00.000Z
sensor.meross_temperature_bagno,19.746330603805557,2026-02-15T02:00:00.000Z
sensor.meross_temperature_bagno,19.63641199063889,2026-02-15T03:00:00.000Z
sensor.meross_temperature_bagno,19.509350256805558,2026-02-15T04:00:00.000Z
sensor.meross_temperature_bagno,19.516081907,2026-02-15T05:00:00.000Z
sensor.meross_temperature_bagno,19.853063655777778,2026-02-15T06:00:00.000Z
sensor.meross_temperature_bagno,19.9,2026-02-15T07:00:00.000Z
sensor.meross_temperature_bagno,19.88318960022222,2026-02-15T08:00:00.000Z
sensor.meross_temperature_bagno,19.961139416055556,2026-02-15T09:00:00.000Z
sensor.meross_temperature_bagno,20.142210501805554,2026-02-15T10:00:00.000Z
sensor.meross_temperature_bagno,20.159471395083333,2026-02-15T11:00:00.000Z
sensor.meross_temperature_bagno,19.9,2026-02-15T12:00:00.000Z
sensor.meross_temperature_bagno,19.9,2026-02-15T13:00:00.000Z
sensor.meross_temperature_bagno,20.010701244666667,2026-02-15T14:00:00.000Z
sensor.meross_temperature_bagno,20.02673139922222,2026-02-15T15:00:00.000Z
sensor.meross_temperature_bagno,20.1,2026-02-15T16:00:00.000Z
sensor.meross_temperature_bagno,20.026926175222222,2026-02-15T17:00:00.000Z
sensor.meross_temperature_bagno,20,2026-02-15T18:00:00.000Z
sensor.meross_temperature_bagno,19.953881134333333,2026-02-15T19:00:00.000Z
sensor.meross_temperature_bagno,19.9,2026-02-15T20:00:00.000Z
sensor.meross_temperature_bagno,19.9,2026-02-15T21:00:00.000Z
sensor.meross_temperature_bagno,19.791656102388888,2026-02-15T23:00:00.000Z
sensor.meross_temperature_bagno,19.688256380055556,2026-02-16T00:00:00.000Z
sensor.meross_temperature_bagno,19.57669861102778,2026-02-16T01:00:00.000Z
sensor.meross_temperature_bagno,19.5,2026-02-16T02:00:00.000Z
sensor.meross_temperature_bagno,19.436550076555555,2026-02-16T03:00:00.000Z
sensor.meross_temperature_bagno,19.32910514502778,2026-02-16T04:00:00.000Z
sensor.meross_temperature_bagno,19.247444786333332,2026-02-16T05:00:00.000Z
sensor.meross_temperature_bagno,19.705688559916666,2026-02-16T06:00:00.000Z
sensor.meross_temperature_bagno,20.030089451583333,2026-02-16T07:00:00.000Z
sensor.meross_temperature_bagno,19.814498696083334,2026-02-16T08:00:00.000Z
sensor.meross_temperature_bagno,19.8,2026-02-16T09:00:00.000Z
sensor.meross_temperature_bagno,19.8,2026-02-16T10:00:00.000Z
sensor.meross_temperature_bagno,19.763262649805558,2026-02-16T12:00:00.000Z
sensor.meross_temperature_bagno,19.7,2026-02-16T13:00:00.000Z
sensor.meross_temperature_bagno,19.7,2026-02-16T14:00:00.000Z
sensor.meross_temperature_bagno,19.71378302111111,2026-02-16T15:00:00.000Z
sensor.meross_temperature_bagno,19.7279791455,2026-02-16T16:00:00.000Z
sensor.meross_temperature_bagno,19.7,2026-02-16T17:00:00.000Z
sensor.meross_temperature_bagno,19.685995534666667,2026-02-16T18:00:00.000Z
sensor.meross_temperature_bagno,19.7,2026-02-16T19:00:00.000Z
sensor.meross_temperature_bagno,19.796077913083334,2026-02-16T20:00:00.000Z
sensor.meross_temperature_bagno,19.348180577055555,2026-02-16T21:00:00.000Z
sensor.meross_temperature_bagno,18.657711550878787,2026-02-16T22:00:00.000Z
sensor.meross_temperature_bagno,18.5,2026-02-16T23:00:00.000Z
sensor.meross_temperature_bagno,18.4049565035,2026-02-17T00:00:00.000Z
sensor.meross_temperature_bagno,18.30312829013889,2026-02-17T01:00:00.000Z
sensor.meross_temperature_bagno,18.212544301333335,2026-02-17T02:00:00.000Z
sensor.meross_temperature_bagno,18.124771282833333,2026-02-17T03:00:00.000Z
sensor.meross_temperature_bagno,18.013019192472225,2026-02-17T04:00:00.000Z
sensor.meross_temperature_bagno,18.04278706922222,2026-02-17T05:00:00.000Z
sensor.meross_temperature_bagno,18.546980327472223,2026-02-17T06:00:00.000Z
sensor.meross_temperature_bagno,19.190836595388888,2026-02-17T07:00:00.000Z
sensor.meross_temperature_bagno,19.133348114916668,2026-02-17T08:00:00.000Z
sensor.meross_temperature_bagno,19.355270267916666,2026-02-17T09:00:00.000Z
sensor.meross_temperature_bagno,18.12656510588889,2026-02-17T10:00:00.000Z
sensor.meross_temperature_bagno,17.49113314052778,2026-02-17T11:00:00.000Z
sensor.meross_temperature_bagno,18.471918584555556,2026-02-17T12:00:00.000Z
sensor.meross_temperature_bagno,19.314957019194445,2026-02-17T13:00:00.000Z
sensor.meross_temperature_bagno,19.905697845499997,2026-02-17T14:00:00.000Z
sensor.meross_temperature_bagno,20.121136785555557,2026-02-17T15:00:00.000Z
sensor.meross_temperature_bagno,20.081620800722224,2026-02-17T16:00:00.000Z
sensor.meross_temperature_bagno,19.89522727388889,2026-02-17T17:00:00.000Z
sensor.meross_temperature_bagno,20.137922475722224,2026-02-17T18:00:00.000Z
sensor.meross_temperature_bagno,19.8,2026-02-17T19:00:00.000Z
sensor.meross_temperature_bagno,19.8,2026-02-17T20:00:00.000Z
sensor.meross_temperature_bagno,19.781658266611114,2026-02-17T21:00:00.000Z
sensor.meross_temperature_bagno,19.71747420536111,2026-02-17T22:00:00.000Z
sensor.meross_temperature_bagno,19.589176916972225,2026-02-17T23:00:00.000Z
sensor.meross_temperature_bagno,19.5,2026-02-18T00:00:00.000Z
sensor.meross_temperature_bagno,19.437109613444445,2026-02-18T01:00:00.000Z
sensor.meross_temperature_bagno,19.3070630395,2026-02-18T02:00:00.000Z
sensor.meross_temperature_bagno,19.161506558166668,2026-02-18T03:00:00.000Z
sensor.meross_temperature_bagno,19.039195553694444,2026-02-18T04:00:00.000Z
sensor.meross_temperature_bagno,19.02557936925,2026-02-18T05:00:00.000Z
sensor.meross_temperature_bagno,19.39660616138889,2026-02-18T06:00:00.000Z
sensor.meross_temperature_bagno,19.724343530916666,2026-02-18T07:00:00.000Z
sensor.meross_temperature_bagno,19.6,2026-02-18T08:00:00.000Z
sensor.meross_temperature_bagno,19.668971415277777,2026-02-18T09:00:00.000Z
sensor.meross_temperature_bagno,19.862159275222222,2026-02-18T10:00:00.000Z
sensor.meross_temperature_bagno,19.936289757305556,2026-02-18T11:00:00.000Z
sensor.meross_temperature_bagno,20.09819430975,2026-02-18T12:00:00.000Z
sensor.meross_temperature_bagno,20.09058687038889,2026-02-18T13:00:00.000Z
sensor.meross_temperature_bagno,19.840056205,2026-02-18T14:00:00.000Z
sensor.meross_temperature_bagno,20.102529581666666,2026-02-18T15:00:00.000Z
sensor.meross_temperature_bagno,19.924453135666667,2026-02-18T16:00:00.000Z
sensor.meross_temperature_bagno,20.078159206944445,2026-02-18T17:00:00.000Z
sensor.meross_temperature_bagno,19.810308882111112,2026-02-18T18:00:00.000Z
sensor.meross_temperature_bagno,19.8,2026-02-18T19:00:00.000Z
sensor.meross_temperature_bagno,19.999223703666665,2026-02-18T20:00:00.000Z
sensor.meross_temperature_bagno,19.82111664713889,2026-02-18T21:00:00.000Z
sensor.meross_temperature_bagno,19.697192379416666,2026-02-18T22:00:00.000Z
sensor.meross_temperature_bagno,19.600793151583336,2026-02-18T23:00:00.000Z
sensor.meross_temperature_bagno,19.5,2026-02-19T00:00:00.000Z
sensor.meross_temperature_bagno,19.49617597088889,2026-02-19T01:00:00.000Z
sensor.meross_temperature_bagno,19.4,2026-02-19T02:00:00.000Z
sensor.meross_temperature_bagno,19.302790489027778,2026-02-19T03:00:00.000Z
sensor.meross_temperature_bagno,19.224104300055554,2026-02-19T04:00:00.000Z
sensor.meross_temperature_bagno,19.191352875805556,2026-02-19T05:00:00.000Z
sensor.meross_temperature_bagno,19.59409305,2026-02-19T06:00:00.000Z
sensor.meross_temperature_bagno,19.736156367027778,2026-02-19T07:00:00.000Z
sensor.meross_temperature_bagno,20.09895149963889,2026-02-19T08:00:00.000Z
sensor.meross_temperature_bagno,19.656082296388888,2026-02-19T09:00:00.000Z
sensor.meross_temperature_bagno,19.82298401308333,2026-02-19T10:00:00.000Z
sensor.meross_temperature_bagno,19.9,2026-02-19T11:00:00.000Z
sensor.meross_temperature_bagno,19.9,2026-02-19T12:00:00.000Z
sensor.meross_temperature_bagno,19.971701826694446,2026-02-19T20:00:00.000Z
sensor.meross_temperature_bagno,19.714237776055555,2026-02-19T21:00:00.000Z
sensor.meross_temperature_bagno,19.410838359722224,2026-02-19T22:00:00.000Z
sensor.meross_temperature_bagno,19.229101277,2026-02-19T23:00:00.000Z
sensor.meross_temperature_bagno,19.14096730086111,2026-02-20T00:00:00.000Z
sensor.meross_temperature_bagno,19.030743980083333,2026-02-20T01:00:00.000Z
sensor.meross_temperature_bagno,19,2026-02-20T02:00:00.000Z
sensor.meross_temperature_bagno,18.93766507386111,2026-02-20T03:00:00.000Z
sensor.meross_temperature_bagno,18.829552848472222,2026-02-20T04:00:00.000Z
sensor.meross_temperature_bagno,18.78445583811111,2026-02-20T05:00:00.000Z
sensor.meross_temperature_bagno,19.19749607416667,2026-02-20T06:00:00.000Z
sensor.meross_temperature_bagno,19.3,2026-02-20T07:00:00.000Z
sensor.meross_temperature_bagno,19.402366676305554,2026-02-20T08:00:00.000Z
sensor.meross_temperature_bagno,19.451769459833333,2026-02-20T09:00:00.000Z
sensor.meross_temperature_bagno,19.644403605472224,2026-02-20T10:00:00.000Z
sensor.meross_temperature_bagno,19.904110853805555,2026-02-20T11:00:00.000Z
sensor.meross_temperature_bagno,20.180967474166668,2026-02-20T12:00:00.000Z
sensor.meross_temperature_bagno,19.82509774358333,2026-02-20T13:00:00.000Z
sensor.meross_temperature_bagno,20.221373007249998,2026-02-20T14:00:00.000Z
sensor.meross_temperature_bagno,20.02417842813889,2026-02-20T15:00:00.000Z
sensor.meross_temperature_bagno,19.961968562555555,2026-02-20T16:00:00.000Z
sensor.meross_temperature_bagno,19.9,2026-02-20T17:00:00.000Z
sensor.meross_temperature_bagno,19.869730266416667,2026-02-20T18:00:00.000Z
sensor.meross_temperature_bagno,19.841205134555555,2026-02-20T19:00:00.000Z
sensor.meross_temperature_bagno,20.05144878077778,2026-02-20T20:00:00.000Z
sensor.meross_temperature_bagno,20.051051906305556,2026-02-20T21:00:00.000Z
sensor.meross_temperature_bagno,19.872230155,2026-02-20T22:00:00.000Z
sensor.meross_temperature_bagno,19.753309521972223,2026-02-20T23:00:00.000Z
sensor.meross_temperature_bagno,19.623440681583336,2026-02-21T00:00:00.000Z
sensor.meross_temperature_bagno,19.50480270422222,2026-02-21T01:00:00.000Z
sensor.meross_temperature_bagno,19.440531816527777,2026-02-21T02:00:00.000Z
sensor.meross_temperature_bagno,19.307809011055557,2026-02-21T03:00:00.000Z
sensor.meross_temperature_bagno,19.1573172135,2026-02-21T04:00:00.000Z
sensor.meross_temperature_bagno,19.0936156515,2026-02-21T05:00:00.000Z
sensor.meross_temperature_bagno,19.540097751222223,2026-02-21T06:00:00.000Z
sensor.meross_temperature_bagno,19.648541558333335,2026-02-21T07:00:00.000Z
sensor.meross_temperature_bagno,19.769265000444445,2026-02-21T08:00:00.000Z
sensor.meross_temperature_bagno,19.9,2026-02-21T09:00:00.000Z
sensor.meross_temperature_bagno,20.09517638886111,2026-02-21T10:00:00.000Z
sensor.meross_temperature_bagno,20.041675440416665,2026-02-21T11:00:00.000Z
sensor.meross_temperature_bagno,20.12376982386111,2026-02-21T12:00:00.000Z
sensor.meross_temperature_bagno,20.02023717875,2026-02-21T13:00:00.000Z
sensor.meross_temperature_bagno,20.049615999638892,2026-02-21T14:00:00.000Z
sensor.meross_temperature_bagno,20.1,2026-02-21T15:00:00.000Z
sensor.meross_temperature_bagno,20.1,2026-02-21T16:00:00.000Z
sensor.meross_temperature_bagno,20.04027906297222,2026-02-21T19:00:00.000Z
sensor.meross_temperature_bagno,20.01403156022222,2026-02-21T20:00:00.000Z
sensor.meross_temperature_bagno,20,2026-02-21T21:00:00.000Z
sensor.meross_temperature_bagno,20,2026-02-21T22:00:00.000Z
sensor.meross_temperature_bagno,19.922331951083333,2026-02-21T23:00:00.000Z
sensor.meross_temperature_bagno,19.845756218916666,2026-02-22T00:00:00.000Z
sensor.meross_temperature_bagno,19.763539826166667,2026-02-22T01:00:00.000Z
sensor.meross_temperature_bagno,19.658902025694445,2026-02-22T02:00:00.000Z
sensor.meross_temperature_bagno,19.5711304355,2026-02-22T03:00:00.000Z
sensor.meross_temperature_bagno,19.5,2026-02-22T04:00:00.000Z
sensor.meross_temperature_bagno,19.463454822916667,2026-02-22T05:00:00.000Z
sensor.meross_temperature_bagno,19.857424853527778,2026-02-22T06:00:00.000Z
sensor.meross_temperature_bagno,20.156931871305556,2026-02-22T07:00:00.000Z
sensor.meross_temperature_bagno,20.029421237277777,2026-02-22T08:00:00.000Z
sensor.meross_temperature_bagno,19.989161891722222,2026-02-22T09:00:00.000Z
sensor.meross_temperature_bagno,20.079897952694445,2026-02-22T10:00:00.000Z
sensor.meross_temperature_bagno,20.004127229555554,2026-02-22T11:00:00.000Z
sensor.meross_temperature_bagno,20,2026-02-22T12:00:00.000Z
sensor.meross_temperature_bagno,19.996065917777777,2026-02-22T13:00:00.000Z
sensor.meross_temperature_bagno,19.803417835527778,2026-02-22T14:00:00.000Z
sensor.meross_temperature_bagno,20.499352775000002,2026-02-22T15:00:00.000Z
sensor.meross_temperature_bagno,20.331143220055555,2026-02-22T16:00:00.000Z
sensor.meross_temperature_bagno,20.163782768333334,2026-02-22T17:00:00.000Z
sensor.meross_temperature_bagno,20.1,2026-02-22T18:00:00.000Z
sensor.meross_temperature_bagno,20.223349373916665,2026-02-22T19:00:00.000Z
sensor.meross_temperature_bagno,20.1197930255,2026-02-22T20:00:00.000Z
sensor.meross_temperature_bagno,19.863841829333335,2026-02-22T21:00:00.000Z
sensor.meross_temperature_bagno,19.831794443361108,2026-02-22T22:00:00.000Z
sensor.meross_temperature_bagno,19.9,2026-02-22T23:00:00.000Z
sensor.meross_temperature_bagno,19.868430296472223,2026-02-23T00:00:00.000Z
sensor.meross_temperature_bagno,19.746954009055553,2026-02-23T01:00:00.000Z
sensor.meross_temperature_bagno,19.628311648916668,2026-02-23T02:00:00.000Z
sensor.meross_temperature_bagno,19.5293142435,2026-02-23T03:00:00.000Z
sensor.meross_temperature_bagno,19.5,2026-02-23T04:00:00.000Z
sensor.meross_temperature_bagno,19.427753255055553,2026-02-23T05:00:00.000Z
sensor.meross_temperature_bagno,19.855945132194446,2026-02-23T06:00:00.000Z
sensor.meross_temperature_bagno,20.286784782222224,2026-02-23T07:00:00.000Z
sensor.meross_temperature_bagno,20.1,2026-02-23T08:00:00.000Z
sensor.meross_temperature_bagno,20.198960983694445,2026-02-23T09:00:00.000Z
sensor.meross_temperature_bagno,19.986556665694444,2026-02-23T10:00:00.000Z
sensor.meross_temperature_bagno,19.82428183686111,2026-02-23T11:00:00.000Z
sensor.meross_temperature_bagno,19.9,2026-02-23T12:00:00.000Z
sensor.meross_temperature_bagno,19.9,2026-02-23T13:00:00.000Z
sensor.meross_temperature_bagno,19.841093626694445,2026-02-23T19:00:00.000Z
sensor.meross_temperature_bagno,19.9,2026-02-23T20:00:00.000Z
sensor.meross_temperature_bagno,19.85781889838889,2026-02-23T21:00:00.000Z
sensor.meross_temperature_bagno,19.612123101888887,2026-02-23T22:00:00.000Z
sensor.meross_temperature_bagno,19.73076541991667,2026-02-23T23:00:00.000Z
sensor.meross_temperature_bagno,19.75337225063889,2026-02-24T00:00:00.000Z
sensor.meross_temperature_bagno,19.676798706222222,2026-02-24T01:00:00.000Z
sensor.meross_temperature_bagno,19.583164893472222,2026-02-24T02:00:00.000Z
sensor.meross_temperature_bagno,19.5,2026-02-24T03:00:00.000Z
sensor.meross_temperature_bagno,19.453439840833333,2026-02-24T04:00:00.000Z
sensor.meross_temperature_bagno,19.38127465911111,2026-02-24T05:00:00.000Z
sensor.meross_temperature_bagno,19.834969759222222,2026-02-24T06:00:00.000Z
sensor.meross_temperature_bagno,20.13347481241667,2026-02-24T07:00:00.000Z
sensor.meross_temperature_bagno,20.096260949111112,2026-02-24T08:00:00.000Z
sensor.meross_temperature_bagno,20.13877640252778,2026-02-24T09:00:00.000Z
sensor.meross_temperature_bagno,19.9,2026-02-24T10:00:00.000Z
sensor.meross_temperature_bagno,19.9,2026-02-24T11:00:00.000Z
sensor.meross_temperature_bagno,19.872506757444445,2026-02-24T15:00:00.000Z
sensor.meross_temperature_bagno,19.8,2026-02-24T16:00:00.000Z
sensor.meross_temperature_bagno,19.8,2026-02-24T17:00:00.000Z
sensor.meross_temperature_bagno,19.725518556694443,2026-02-25T00:00:00.000Z
sensor.meross_temperature_bagno,19.634913894527777,2026-02-25T01:00:00.000Z
sensor.meross_temperature_bagno,19.54992164313889,2026-02-25T02:00:00.000Z
sensor.meross_temperature_bagno,19.5,2026-02-25T03:00:00.000Z
sensor.meross_temperature_bagno,19.5,2026-02-25T04:00:00.000Z
sensor.meross_temperature_bagno,19.43814008511111,2026-02-25T05:00:00.000Z
sensor.meross_temperature_bagno,19.980095628388888,2026-02-25T06:00:00.000Z
sensor.meross_temperature_bagno,20.531498663222223,2026-02-25T07:00:00.000Z
sensor.meross_temperature_bagno,20.189737162333333,2026-02-25T08:00:00.000Z
sensor.meross_temperature_bagno,19.918734664222224,2026-02-25T09:00:00.000Z
sensor.meross_temperature_bagno,19.91034126513889,2026-02-25T10:00:00.000Z
sensor.meross_temperature_bagno,20.122029873527776,2026-02-25T11:00:00.000Z
sensor.meross_temperature_bagno,19.934779445527777,2026-02-25T12:00:00.000Z
sensor.meross_temperature_bagno,19.9,2026-02-25T13:00:00.000Z
sensor.meross_temperature_bagno,19.9,2026-02-25T14:00:00.000Z
sensor.meross_temperature_bagno,19.861159977555555,2026-02-25T17:00:00.000Z
sensor.meross_temperature_bagno,19.8,2026-02-25T18:00:00.000Z
sensor.meross_temperature_bagno,19.780412874611113,2026-02-25T19:00:00.000Z
sensor.meross_temperature_bagno,20.11810124336111,2026-02-25T20:00:00.000Z
sensor.meross_temperature_bagno,19.94267866727778,2026-02-25T21:00:00.000Z
sensor.meross_temperature_bagno,19.8391501685,2026-02-25T22:00:00.000Z
sensor.meross_temperature_bagno,19.689730756777777,2026-02-25T23:00:00.000Z
sensor.meross_temperature_bagno,19.570205786444443,2026-02-26T00:00:00.000Z
sensor.meross_temperature_bagno,19.475404033305555,2026-02-26T01:00:00.000Z
sensor.meross_temperature_bagno,19.35109315777778,2026-02-26T02:00:00.000Z
sensor.meross_temperature_bagno,19.252095352194445,2026-02-26T03:00:00.000Z
sensor.meross_temperature_bagno,19.158682207194445,2026-02-26T04:00:00.000Z
sensor.meross_temperature_bagno,19.144173263861113,2026-02-26T05:00:00.000Z
sensor.meross_temperature_bagno,19.692266964722222,2026-02-26T06:00:00.000Z
sensor.meross_temperature_bagno,20.083845154305553,2026-02-26T07:00:00.000Z
sensor.meross_temperature_bagno,20.032863164861112,2026-02-26T08:00:00.000Z
sensor.meross_temperature_bagno,20.18141736175,2026-02-26T09:00:00.000Z
sensor.meross_temperature_bagno,19.920331429138887,2026-02-26T10:00:00.000Z
sensor.meross_temperature_bagno,19.8,2026-02-26T11:00:00.000Z
sensor.meross_temperature_bagno,19.897375539666665,2026-02-26T12:00:00.000Z
sensor.meross_temperature_bagno,19.9,2026-02-26T13:00:00.000Z
sensor.meross_temperature_bagno,19.9,2026-02-26T14:00:00.000Z
sensor.meross_temperature_bagno,19.927956796444445,2026-02-26T17:00:00.000Z
sensor.meross_temperature_bagno,20,2026-02-26T18:00:00.000Z
sensor.meross_temperature_bagno,20,2026-02-26T19:00:00.000Z
sensor.meross_temperature_bagno,20.050461015527777,2026-02-26T20:00:00.000Z
sensor.meross_temperature_bagno,20,2026-02-26T21:00:00.000Z
sensor.meross_temperature_bagno,20,2026-02-26T22:00:00.000Z
sensor.meross_temperature_bagno,19.94149026661111,2026-02-27T00:00:00.000Z
sensor.meross_temperature_bagno,19.87894739772222,2026-02-27T01:00:00.000Z
sensor.meross_temperature_bagno,19.79956629952778,2026-02-27T02:00:00.000Z
sensor.meross_temperature_bagno,19.7,2026-02-27T03:00:00.000Z
sensor.meross_temperature_bagno,19.60454182013889,2026-02-27T04:00:00.000Z
sensor.meross_temperature_bagno,19.56218997563889,2026-02-27T05:00:00.000Z
sensor.meross_temperature_bagno,20.093306023805557,2026-02-27T06:00:00.000Z
sensor.meross_temperature_bagno,20.32251952913889,2026-02-27T07:00:00.000Z
sensor.meross_temperature_bagno,20.117669794833333,2026-02-27T08:00:00.000Z
sensor.meross_temperature_bagno,19.9,2026-02-27T09:00:00.000Z
sensor.meross_temperature_bagno,19.026356650527777,2026-02-27T10:00:00.000Z
sensor.meross_temperature_bagno,19.986950717333333,2026-02-27T11:00:00.000Z
sensor.meross_temperature_bagno,20.202019480972222,2026-02-27T12:00:00.000Z
sensor.meross_temperature_bagno,20.15037540975,2026-02-27T13:00:00.000Z
sensor.meross_temperature_bagno,20.0521802745,2026-02-27T14:00:00.000Z
sensor.meross_temperature_bagno,20.11049584925,2026-02-27T15:00:00.000Z
sensor.meross_temperature_bagno,20.1752517705,2026-02-27T16:00:00.000Z
sensor.meross_temperature_bagno,20.114031041305555,2026-02-27T17:00:00.000Z
sensor.meross_temperature_bagno,20.049512963944444,2026-02-27T18:00:00.000Z
sensor.meross_temperature_bagno,20.00294591822222,2026-02-27T19:00:00.000Z
sensor.meross_temperature_bagno,20,2026-02-27T20:00:00.000Z
sensor.meross_temperature_bagno,20,2026-02-27T21:00:00.000Z
sensor.meross_temperature_bagno,19.956784459222224,2026-02-27T22:00:00.000Z
sensor.meross_temperature_bagno,19.888600686055554,2026-02-27T23:00:00.000Z
sensor.meross_temperature_bagno,19.798884261555557,2026-02-28T00:00:00.000Z
sensor.meross_temperature_bagno,19.694632862666666,2026-02-28T01:00:00.000Z
sensor.meross_temperature_bagno,19.6,2026-02-28T02:00:00.000Z
sensor.meross_temperature_bagno,19.571351569555556,2026-02-28T03:00:00.000Z
sensor.meross_temperature_bagno,19.5,2026-02-28T04:00:00.000Z
sensor.meross_temperature_bagno,19.525364036083335,2026-02-28T05:00:00.000Z
sensor.meross_temperature_bagno,19.95659882388889,2026-02-28T06:00:00.000Z
sensor.meross_temperature_bagno,20.371560331777776,2026-02-28T07:00:00.000Z
sensor.meross_temperature_bagno,20.118425887833332,2026-02-28T08:00:00.000Z
sensor.meross_temperature_bagno,19.803183026222225,2026-02-28T09:00:00.000Z
sensor.meross_temperature_bagno,19.8,2026-02-28T10:00:00.000Z
sensor.meross_temperature_bagno,19.892870071,2026-02-28T11:00:00.000Z
sensor.meross_temperature_bagno,19.9,2026-02-28T12:00:00.000Z
sensor.meross_temperature_bagno,19.9,2026-02-28T13:00:00.000Z
sensor.meross_temperature_bagno,19.91620741111111,2026-02-28T14:00:00.000Z
sensor.meross_temperature_bagno,20,2026-02-28T15:00:00.000Z
sensor.meross_temperature_bagno,20,2026-02-28T16:00:00.000Z
sensor.meross_temperature_bagno,19.87813095486111,2026-02-28T18:00:00.000Z
sensor.meross_temperature_bagno,20.17732924436111,2026-02-28T19:00:00.000Z
sensor.meross_temperature_bagno,20,2026-02-28T20:00:00.000Z
sensor.meross_temperature_bagno,20,2026-02-28T21:00:00.000Z
sensor.meross_temperature_bagno,19.90525650375,2026-02-28T22:00:00.000Z
sensor.meross_temperature_bagno,19.9,2026-02-28T23:00:00.000Z
sensor.meross_temperature_bagno,19.86269301161111,2026-03-01T00:00:00.000Z
sensor.meross_temperature_bagno,19.779199305305557,2026-03-01T01:00:00.000Z
sensor.meross_temperature_bagno,19.7,2026-03-01T02:00:00.000Z
sensor.meross_temperature_bagno,19.62791477977778,2026-03-01T03:00:00.000Z
sensor.meross_temperature_bagno,19.559731270361112,2026-03-01T04:00:00.000Z
sensor.meross_temperature_bagno,19.543917805777777,2026-03-01T05:00:00.000Z
sensor.meross_temperature_bagno,20.019631052694447,2026-03-01T06:00:00.000Z
sensor.meross_temperature_bagno,20.248680955583335,2026-03-01T07:00:00.000Z
sensor.meross_temperature_bagno,20.074396741694446,2026-03-01T08:00:00.000Z
sensor.meross_temperature_bagno,19.780414265583335,2026-03-01T09:00:00.000Z
sensor.meross_temperature_bagno,20.128909733527777,2026-03-01T10:00:00.000Z
sensor.meross_temperature_bagno,19.89158243797222,2026-03-01T11:00:00.000Z
sensor.meross_temperature_bagno,19.827574799805557,2026-03-01T12:00:00.000Z
sensor.meross_temperature_bagno,20.023736373916666,2026-03-01T13:00:00.000Z
sensor.meross_temperature_bagno,20.00748257802778,2026-03-01T14:00:00.000Z
sensor.meross_temperature_bagno,19.991898870305555,2026-03-01T15:00:00.000Z
sensor.meross_temperature_bagno,19.908154085527777,2026-03-01T16:00:00.000Z
sensor.meross_temperature_bagno,20.138870101805555,2026-03-01T17:00:00.000Z
sensor.meross_temperature_bagno,20.1,2026-03-01T18:00:00.000Z
sensor.meross_temperature_bagno,20.1,2026-03-01T19:00:00.000Z
sensor.meross_temperature_bagno,20.108418143972223,2026-03-01T20:00:00.000Z
sensor.meross_temperature_bagno,20.15084754347222,2026-03-01T21:00:00.000Z
sensor.meross_temperature_bagno,20.29605240777778,2026-03-01T22:00:00.000Z
sensor.meross_temperature_bagno,20.210539877833334,2026-03-01T23:00:00.000Z
sensor.meross_temperature_bagno,20.15357985097222,2026-03-02T00:00:00.000Z
sensor.meross_temperature_bagno,20.1,2026-03-02T01:00:00.000Z
sensor.meross_temperature_bagno,20.007294456833332,2026-03-02T02:00:00.000Z
sensor.meross_temperature_bagno,20,2026-03-02T03:00:00.000Z
sensor.meross_temperature_bagno,19.946784662027778,2026-03-02T04:00:00.000Z
sensor.meross_temperature_bagno,19.941123687888886,2026-03-02T05:00:00.000Z
sensor.meross_temperature_bagno,20.496717428555556,2026-03-02T06:00:00.000Z
sensor.meross_temperature_bagno,21.04474576661111,2026-03-02T07:00:00.000Z
sensor.meross_temperature_bagno,20.545070936333335,2026-03-02T08:00:00.000Z
sensor.meross_temperature_bagno,20.254720600444443,2026-03-02T09:00:00.000Z
sensor.meross_temperature_bagno,20.192817962666666,2026-03-02T10:00:00.000Z
sensor.meross_temperature_bagno,20.1,2026-03-02T11:00:00.000Z
sensor.meross_temperature_bagno,20.1,2026-03-02T12:00:00.000Z
sensor.meross_temperature_bagno,20.020666608416665,2026-03-02T13:00:00.000Z
sensor.meross_temperature_bagno,20,2026-03-02T14:00:00.000Z
sensor.meross_temperature_bagno,20,2026-03-02T15:00:00.000Z
sensor.meross_temperature_bagno,20.047472772916667,2026-03-02T20:00:00.000Z
sensor.meross_temperature_bagno,20.1,2026-03-02T21:00:00.000Z
sensor.meross_temperature_bagno,20.1,2026-03-02T22:00:00.000Z
sensor.meross_temperature_bagno,20.08651722536111,2026-03-03T01:00:00.000Z
sensor.meross_temperature_bagno,20,2026-03-03T02:00:00.000Z
sensor.meross_temperature_bagno,20,2026-03-03T03:00:00.000Z
sensor.meross_temperature_bagno,19.98065950713889,2026-03-03T04:00:00.000Z
sensor.meross_temperature_bagno,19.926703198416664,2026-03-03T05:00:00.000Z
sensor.meross_temperature_bagno,20.380270738166665,2026-03-03T06:00:00.000Z
sensor.meross_temperature_bagno,20.822046856916668,2026-03-03T07:00:00.000Z
sensor.meross_temperature_bagno,20.412937644527776,2026-03-03T08:00:00.000Z
sensor.meross_temperature_bagno,20.106153587611114,2026-03-03T09:00:00.000Z
sensor.meross_temperature_bagno,20.1,2026-03-03T10:00:00.000Z
sensor.meross_temperature_bagno,20.163787762027777,2026-03-03T11:00:00.000Z
sensor.meross_temperature_bagno,20.2,2026-03-03T12:00:00.000Z
sensor.meross_temperature_bagno,20.197192626055553,2026-03-03T13:00:00.000Z
sensor.meross_temperature_bagno,20.240716595583333,2026-03-03T14:00:00.000Z
sensor.meross_temperature_bagno,20.3,2026-03-03T15:00:00.000Z
sensor.meross_temperature_bagno,20.3,2026-03-03T16:00:00.000Z
sensor.meross_temperature_bagno,20.285969741972224,2026-03-03T17:00:00.000Z
sensor.meross_temperature_bagno,20.221088868749998,2026-03-03T18:00:00.000Z
sensor.meross_temperature_bagno,20.2,2026-03-03T19:00:00.000Z
sensor.meross_temperature_bagno,20.148352969333335,2026-03-03T20:00:00.000Z
sensor.meross_temperature_bagno,20.1,2026-03-03T21:00:00.000Z
sensor.meross_temperature_bagno,20.1,2026-03-03T22:00:00.000Z
sensor.meross_temperature_bagno,20.00812586402778,2026-03-03T23:00:00.000Z
sensor.meross_temperature_bagno,20,2026-03-04T00:00:00.000Z
sensor.meross_temperature_bagno,19.935139029166667,2026-03-04T01:00:00.000Z
sensor.meross_temperature_bagno,19.886601322083333,2026-03-04T02:00:00.000Z
sensor.meross_temperature_bagno,19.787604147,2026-03-04T03:00:00.000Z
sensor.meross_temperature_bagno,19.694192214138887,2026-03-04T04:00:00.000Z
sensor.meross_temperature_bagno,19.647729006444447,2026-03-04T05:00:00.000Z
sensor.meross_temperature_bagno,20.13841650161111,2026-03-04T06:00:00.000Z
sensor.meross_temperature_bagno,20.540898575055557,2026-03-04T07:00:00.000Z
sensor.meross_temperature_bagno,20.117354878666667,2026-03-04T08:00:00.000Z
sensor.meross_temperature_bagno,19.822321981277778,2026-03-04T09:00:00.000Z
sensor.meross_temperature_bagno,19.8,2026-03-04T10:00:00.000Z
sensor.meross_temperature_bagno,19.872228391138886,2026-03-04T11:00:00.000Z
sensor.meross_temperature_bagno,19.9,2026-03-04T12:00:00.000Z
sensor.meross_temperature_bagno,19.9,2026-03-04T13:00:00.000Z
sensor.meross_temperature_bagno,19.59883620288889,2026-03-04T22:00:00.000Z
sensor.meross_temperature_bagno,19.66265662963889,2026-03-04T23:00:00.000Z
sensor.meross_temperature_bagno,19.8,2026-03-05T00:00:00.000Z
sensor.meross_temperature_bagno,19.79348370875,2026-03-05T01:00:00.000Z
sensor.meross_temperature_bagno,19.7,2026-03-05T02:00:00.000Z
sensor.meross_temperature_bagno,19.62274455786111,2026-03-05T03:00:00.000Z
sensor.meross_temperature_bagno,19.541093548805556,2026-03-05T04:00:00.000Z
sensor.meross_temperature_bagno,19.78679801063889,2026-03-05T05:00:00.000Z
sensor.meross_temperature_bagno,20.067275561583333,2026-03-05T06:00:00.000Z
sensor.meross_temperature_bagno,20.33343295422222,2026-03-05T07:00:00.000Z
sensor.meross_temperature_bagno,20.133737513944443,2026-03-05T08:00:00.000Z
sensor.meross_temperature_bagno,19.827531863972222,2026-03-05T09:00:00.000Z
sensor.meross_temperature_bagno,19.97219362788889,2026-03-05T10:00:00.000Z
sensor.meross_temperature_bagno,20.101400672166665,2026-03-05T11:00:00.000Z
sensor.meross_temperature_bagno,19.905391040055555,2026-03-05T12:00:00.000Z
sensor.meross_temperature_bagno,19.865299272583332,2026-03-05T13:00:00.000Z
sensor.meross_temperature_bagno,19.8,2026-03-05T14:00:00.000Z
sensor.meross_temperature_bagno,19.8,2026-03-05T15:00:00.000Z
sensor.meross_temperature_bagno,19.842754224500002,2026-03-05T16:00:00.000Z
sensor.meross_temperature_bagno,19.9,2026-03-05T17:00:00.000Z
sensor.meross_temperature_bagno,19.9,2026-03-05T18:00:00.000Z
sensor.meross_temperature_bagno,19.913017864055554,2026-03-05T19:00:00.000Z
sensor.meross_temperature_bagno,20,2026-03-05T20:00:00.000Z
sensor.meross_temperature_bagno,20,2026-03-05T21:00:00.000Z
sensor.meross_temperature_bagno,19.90363544461111,2026-03-06T01:00:00.000Z
sensor.meross_temperature_bagno,19.841090699333332,2026-03-06T02:00:00.000Z
sensor.meross_temperature_bagno,19.744844147916666,2026-03-06T03:00:00.000Z
sensor.meross_temperature_bagno,19.670964456083333,2026-03-06T04:00:00.000Z
sensor.meross_temperature_bagno,19.653478918972223,2026-03-06T05:00:00.000Z
sensor.meross_temperature_bagno,20.08850989586111,2026-03-06T06:00:00.000Z
sensor.meross_temperature_bagno,20.577973667111113,2026-03-06T07:00:00.000Z
sensor.meross_temperature_bagno,20.213150491055554,2026-03-06T08:00:00.000Z
sensor.meross_temperature_bagno,19.90467644486111,2026-03-06T09:00:00.000Z
sensor.meross_temperature_bagno,19.9,2026-03-06T10:00:00.000Z
sensor.meross_temperature_bagno,19.9,2026-03-06T11:00:00.000Z
sensor.meross_temperature_bagno,19.82539092613889,2026-03-06T17:00:00.000Z
sensor.meross_temperature_bagno,19.816811748944446,2026-03-06T18:00:00.000Z
sensor.meross_temperature_bagno,19.8,2026-03-06T19:00:00.000Z
sensor.meross_temperature_bagno,19.88849804552778,2026-03-06T20:00:00.000Z
sensor.meross_temperature_bagno,19.9,2026-03-06T21:00:00.000Z
sensor.meross_temperature_bagno,19.9,2026-03-06T22:00:00.000Z
sensor.meross_temperature_bagno,19.82659591252778,2026-03-07T00:00:00.000Z
sensor.meross_temperature_bagno,19.747881676638887,2026-03-07T01:00:00.000Z
sensor.meross_temperature_bagno,19.643242837833334,2026-03-07T02:00:00.000Z
sensor.meross_temperature_bagno,19.544188702416665,2026-03-07T03:00:00.000Z
sensor.meross_temperature_bagno,19.5,2026-03-07T04:00:00.000Z
sensor.meross_temperature_bagno,19.488528911055557,2026-03-07T05:00:00.000Z
sensor.meross_temperature_bagno,19.86621258783333,2026-03-07T06:00:00.000Z
sensor.meross_temperature_bagno,20.00874735661111,2026-03-07T07:00:00.000Z
sensor.meross_temperature_bagno,20.151974071111113,2026-03-07T08:00:00.000Z
sensor.meross_temperature_bagno,20.142568996277777,2026-03-07T09:00:00.000Z
sensor.meross_temperature_bagno,20,2026-03-07T10:00:00.000Z
sensor.meross_temperature_bagno,20.048434919,2026-03-07T11:00:00.000Z
sensor.meross_temperature_bagno,20.157466228972222,2026-03-07T12:00:00.000Z
sensor.meross_temperature_bagno,20.34879372972222,2026-03-07T13:00:00.000Z
sensor.meross_temperature_bagno,20.546625580972222,2026-03-07T14:00:00.000Z
sensor.meross_temperature_bagno,20.651290783083336,2026-03-07T15:00:00.000Z
sensor.meross_temperature_bagno,20.646876901416668,2026-03-07T16:00:00.000Z
sensor.meross_temperature_bagno,20.536653427361113,2026-03-07T17:00:00.000Z
sensor.meross_temperature_bagno,20.511488888416668,2026-03-07T18:00:00.000Z
sensor.meross_temperature_bagno,20.763358515833332,2026-03-07T19:00:00.000Z
sensor.meross_temperature_bagno,20.421541966499998,2026-03-07T20:00:00.000Z
sensor.meross_temperature_bagno,20.316907086833336,2026-03-07T21:00:00.000Z
sensor.meross_temperature_bagno,20.237466379194444,2026-03-07T22:00:00.000Z
sensor.meross_temperature_bagno,20.130021806805555,2026-03-07T23:00:00.000Z
sensor.meross_temperature_bagno,20.025382625777777,2026-03-08T00:00:00.000Z
sensor.meross_temperature_bagno,19.977343715722224,2026-03-08T01:00:00.000Z
sensor.meross_temperature_bagno,19.875511947138886,2026-03-08T02:00:00.000Z
sensor.meross_temperature_bagno,19.74844931063889,2026-03-08T03:00:00.000Z
sensor.meross_temperature_bagno,19.629806675111112,2026-03-08T04:00:00.000Z
sensor.meross_temperature_bagno,19.56233214263889,2026-03-08T05:00:00.000Z
sensor.meross_temperature_bagno,20.056141970027777,2026-03-08T06:00:00.000Z
sensor.meross_temperature_bagno,20.25009920261111,2026-03-08T07:00:00.000Z
sensor.meross_temperature_bagno,20.107972744138888,2026-03-08T08:00:00.000Z
sensor.meross_temperature_bagno,19.9,2026-03-08T09:00:00.000Z
sensor.meross_temperature_bagno,19.907581281777777,2026-03-08T10:00:00.000Z
sensor.meross_temperature_bagno,20.099162417722223,2026-03-08T11:00:00.000Z
sensor.meross_temperature_bagno,20.20382277811111,2026-03-08T12:00:00.000Z
sensor.meross_temperature_bagno,20.34428310113889,2026-03-08T13:00:00.000Z
sensor.meross_temperature_bagno,20.52886993997222,2026-03-08T14:00:00.000Z
sensor.meross_temperature_bagno,20.65793502977778,2026-03-08T15:00:00.000Z
sensor.meross_temperature_bagno,20.68239663586111,2026-03-08T16:00:00.000Z
sensor.meross_temperature_bagno,20.6,2026-03-08T17:00:00.000Z
sensor.meross_temperature_bagno,20.6,2026-03-08T18:00:00.000Z
sensor.meross_temperature_bagno,20.505506673638887,2026-03-08T19:00:00.000Z
sensor.meross_temperature_bagno,20.369129182611108,2026-03-08T20:00:00.000Z
sensor.meross_temperature_bagno,20.350200425305555,2026-03-08T21:00:00.000Z
sensor.meross_temperature_bagno,20.251535442861112,2026-03-08T22:00:00.000Z
sensor.meross_temperature_bagno,20.14970294761111,2026-03-08T23:00:00.000Z
sensor.meross_temperature_bagno,20.07032238686111,2026-03-09T00:00:00.000Z
sensor.meross_temperature_bagno,20,2026-03-09T01:00:00.000Z
sensor.meross_temperature_bagno,19.993303788722223,2026-03-09T02:00:00.000Z
sensor.meross_temperature_bagno,19.9,2026-03-09T03:00:00.000Z
sensor.meross_temperature_bagno,19.853212194527778,2026-03-09T04:00:00.000Z
sensor.meross_temperature_bagno,19.818271399805557,2026-03-09T05:00:00.000Z
sensor.meross_temperature_bagno,20.258209669555555,2026-03-09T06:00:00.000Z
sensor.meross_temperature_bagno,20.91420341363889,2026-03-09T07:00:00.000Z
sensor.meross_temperature_bagno,20.336924393555556,2026-03-09T08:00:00.000Z
sensor.meross_temperature_bagno,20.001301324444444,2026-03-09T09:00:00.000Z
sensor.meross_temperature_bagno,20,2026-03-09T10:00:00.000Z
sensor.meross_temperature_bagno,20,2026-03-09T11:00:00.000Z
sensor.meross_temperature_bagno,20.05332760336111,2026-03-09T15:00:00.000Z
sensor.meross_temperature_bagno,20.024389515472222,2026-03-09T16:00:00.000Z
sensor.meross_temperature_bagno,20,2026-03-09T17:00:00.000Z
sensor.meross_temperature_bagno,20,2026-03-09T18:00:00.000Z
sensor.meross_temperature_bagno,19.928849407888887,2026-03-10T01:00:00.000Z
sensor.meross_temperature_bagno,19.9,2026-03-10T02:00:00.000Z
sensor.meross_temperature_bagno,19.842023206527777,2026-03-10T03:00:00.000Z
sensor.meross_temperature_bagno,19.79351264063889,2026-03-10T04:00:00.000Z
sensor.meross_temperature_bagno,19.74332733513889,2026-03-10T05:00:00.000Z
sensor.meross_temperature_bagno,20.224228083583334,2026-03-10T06:00:00.000Z
sensor.meross_temperature_bagno,20.719893720833333,2026-03-10T07:00:00.000Z
sensor.meross_temperature_bagno,20.48028586136111,2026-03-10T08:00:00.000Z
sensor.meross_temperature_bagno,19.920128838916668,2026-03-10T09:00:00.000Z
sensor.meross_temperature_bagno,19.361953274444442,2026-03-10T10:00:00.000Z
sensor.meross_temperature_bagno,19.132237466055553,2026-03-10T11:00:00.000Z
sensor.meross_temperature_bagno,19.891464911916668,2026-03-10T12:00:00.000Z
sensor.meross_temperature_bagno,20.312201586055554,2026-03-10T13:00:00.000Z
sensor.meross_temperature_bagno,20,2026-03-10T14:00:00.000Z
sensor.meross_temperature_bagno,20,2026-03-10T15:00:00.000Z
sensor.meross_temperature_bagno,20.071261071333335,2026-03-10T20:00:00.000Z
sensor.meross_temperature_bagno,20.1,2026-03-10T21:00:00.000Z
sensor.meross_temperature_bagno,20.1,2026-03-10T22:00:00.000Z
sensor.meross_temperature_bagno,20.082704301416666,2026-03-10T23:00:00.000Z
sensor.meross_temperature_bagno,20,2026-03-11T00:00:00.000Z
sensor.meross_temperature_bagno,20,2026-03-11T01:00:00.000Z
sensor.meross_temperature_bagno,20.091955884333334,2026-03-11T04:00:00.000Z
sensor.meross_temperature_bagno,20.00231919161111,2026-03-11T05:00:00.000Z
sensor.meross_temperature_bagno,20.510598020555555,2026-03-11T06:00:00.000Z
sensor.meross_temperature_bagno,20.885721232138888,2026-03-11T07:00:00.000Z
sensor.meross_temperature_bagno,20.66380545811111,2026-03-11T08:00:00.000Z
sensor.meross_temperature_bagno,20.316565291944446,2026-03-11T09:00:00.000Z
sensor.meross_temperature_bagno,20.23340205788889,2026-03-11T10:00:00.000Z
sensor.meross_temperature_bagno,20.2,2026-03-11T11:00:00.000Z
sensor.meross_temperature_bagno,20.2,2026-03-11T12:00:00.000Z
sensor.meross_temperature_bagno,20.195557962472222,2026-03-11T15:00:00.000Z
sensor.meross_temperature_bagno,20.13605106663889,2026-03-11T16:00:00.000Z
sensor.meross_temperature_bagno,20.1,2026-03-11T17:00:00.000Z
sensor.meross_temperature_bagno,20.005601176333332,2026-03-11T18:00:00.000Z
sensor.meross_temperature_bagno,20,2026-03-11T19:00:00.000Z
sensor.meross_temperature_bagno,20,2026-03-11T20:00:00.000Z
sensor.meross_temperature_bagno,19.917082927583333,2026-03-11T22:00:00.000Z
sensor.meross_temperature_bagno,19.9,2026-03-11T23:00:00.000Z
sensor.meross_temperature_bagno,19.86393305183333,2026-03-12T00:00:00.000Z
sensor.meross_temperature_bagno,19.8,2026-03-12T01:00:00.000Z
sensor.meross_temperature_bagno,19.722590220333334,2026-03-12T02:00:00.000Z
sensor.meross_temperature_bagno,19.67680275458333,2026-03-12T03:00:00.000Z
sensor.meross_temperature_bagno,19.6,2026-03-12T04:00:00.000Z
sensor.meross_temperature_bagno,19.627649686833333,2026-03-12T05:00:00.000Z
sensor.meross_temperature_bagno,20.125420879388887,2026-03-12T06:00:00.000Z
sensor.meross_temperature_bagno,20.68389042922222,2026-03-12T07:00:00.000Z
sensor.meross_temperature_bagno,20.2465995975,2026-03-12T08:00:00.000Z
sensor.meross_temperature_bagno,20,2026-03-12T09:00:00.000Z
sensor.meross_temperature_bagno,20,2026-03-12T10:00:00.000Z
sensor.meross_temperature_bagno,20.00205974836111,2026-03-12T16:00:00.000Z
sensor.meross_temperature_bagno,20.056817797361113,2026-03-12T17:00:00.000Z
sensor.meross_temperature_bagno,20,2026-03-12T18:00:00.000Z
sensor.meross_temperature_bagno,20,2026-03-12T19:00:00.000Z
sensor.meross_temperature_bagno,19.961380982583332,2026-03-12T21:00:00.000Z
sensor.meross_temperature_bagno,19.9,2026-03-12T22:00:00.000Z
sensor.meross_temperature_bagno,19.86005151361111,2026-03-12T23:00:00.000Z
sensor.meross_temperature_bagno,19.8,2026-03-13T00:00:00.000Z
sensor.meross_temperature_bagno,19.72554425775,2026-03-13T01:00:00.000Z
sensor.meross_temperature_bagno,19.654581121805556,2026-03-13T02:00:00.000Z
sensor.meross_temperature_bagno,19.580812655888888,2026-03-13T03:00:00.000Z
sensor.meross_temperature_bagno,19.5,2026-03-13T04:00:00.000Z
sensor.meross_temperature_bagno,19.528376827916667,2026-03-13T05:00:00.000Z
sensor.meross_temperature_bagno,19.938432621166665,2026-03-13T06:00:00.000Z
sensor.meross_temperature_bagno,20.60616659652778,2026-03-13T07:00:00.000Z
sensor.meross_temperature_bagno,20.100106235666665,2026-03-13T08:00:00.000Z
sensor.meross_temperature_bagno,19.882791883416665,2026-03-13T09:00:00.000Z
sensor.meross_temperature_bagno,20.089807411305554,2026-03-13T10:00:00.000Z
sensor.meross_temperature_bagno,20,2026-03-13T11:00:00.000Z
sensor.meross_temperature_bagno,19.900192438666664,2026-03-13T12:00:00.000Z
sensor.meross_temperature_bagno,19.9,2026-03-13T13:00:00.000Z
sensor.meross_temperature_bagno,19.940342679833332,2026-03-13T14:00:00.000Z
sensor.meross_temperature_bagno,20,2026-03-13T15:00:00.000Z
sensor.meross_temperature_bagno,20.035560560694446,2026-03-13T16:00:00.000Z
sensor.meross_temperature_bagno,20.014930171916667,2026-03-13T17:00:00.000Z
sensor.meross_temperature_bagno,20,2026-03-13T18:00:00.000Z
sensor.meross_temperature_bagno,20,2026-03-13T19:00:00.000Z
sensor.meross_temperature_bagno,19.902569433805553,2026-03-13T21:00:00.000Z
sensor.meross_temperature_bagno,19.9,2026-03-13T22:00:00.000Z
sensor.meross_temperature_bagno,19.883206039888886,2026-03-13T23:00:00.000Z
sensor.meross_temperature_bagno,19.8,2026-03-14T00:00:00.000Z
sensor.meross_temperature_bagno,19.751533212138888,2026-03-14T01:00:00.000Z
sensor.meross_temperature_bagno,19.7,2026-03-14T02:00:00.000Z
sensor.meross_temperature_bagno,19.62261331266667,2026-03-14T03:00:00.000Z
sensor.meross_temperature_bagno,19.6,2026-03-14T04:00:00.000Z
sensor.meross_temperature_bagno,19.57950310302778,2026-03-14T05:00:00.000Z
sensor.meross_temperature_bagno,20.06666182375,2026-03-14T06:00:00.000Z
sensor.meross_temperature_bagno,20.344316773333333,2026-03-14T07:00:00.000Z
sensor.meross_temperature_bagno,20.637488258916665,2026-03-14T08:00:00.000Z
sensor.meross_temperature_bagno,20.12539743197222,2026-03-14T09:00:00.000Z
sensor.meross_temperature_bagno,20,2026-03-14T10:00:00.000Z
sensor.meross_temperature_bagno,20,2026-03-14T11:00:00.000Z
sensor.meross_temperature_bagno,19.922375295305553,2026-03-14T12:00:00.000Z
sensor.meross_temperature_bagno,19.9,2026-03-14T13:00:00.000Z
sensor.meross_temperature_bagno,19.9,2026-03-14T14:00:00.000Z
sensor.meross_temperature_bagno,19.907263872055555,2026-03-14T16:00:00.000Z
sensor.meross_temperature_bagno,20,2026-03-14T17:00:00.000Z
sensor.meross_temperature_bagno,20,2026-03-14T18:00:00.000Z
sensor.meross_temperature_bagno,19.972996820972224,2026-03-15T03:00:00.000Z
sensor.meross_temperature_bagno,19.9,2026-03-15T04:00:00.000Z
sensor.meross_temperature_bagno,19.882007568916666,2026-03-15T05:00:00.000Z
sensor.meross_temperature_bagno,20.39434643638889,2026-03-15T06:00:00.000Z
sensor.meross_temperature_bagno,20.785396709166665,2026-03-15T07:00:00.000Z
sensor.meross_temperature_bagno,19.989271515416664,2026-03-15T08:00:00.000Z
sensor.meross_temperature_bagno,20.16545147102778,2026-03-15T09:00:00.000Z
sensor.meross_temperature_bagno,20.10573398102778,2026-03-15T10:00:00.000Z
sensor.meross_temperature_bagno,20.306997537138887,2026-03-15T11:00:00.000Z
sensor.meross_temperature_bagno,20.411309035388886,2026-03-15T12:00:00.000Z
sensor.meross_temperature_bagno,20.50445902413889,2026-03-15T13:00:00.000Z
sensor.meross_temperature_bagno,20.55231950022222,2026-03-15T14:00:00.000Z
sensor.meross_temperature_bagno,20.6,2026-03-15T15:00:00.000Z
sensor.meross_temperature_bagno,20.665408012138887,2026-03-15T16:00:00.000Z
sensor.meross_temperature_bagno,20.6,2026-03-15T17:00:00.000Z
sensor.meross_temperature_bagno,20.686914109666667,2026-03-15T18:00:00.000Z
sensor.meross_temperature_bagno,20.711560781694445,2026-03-15T19:00:00.000Z
sensor.meross_temperature_bagno,20.719616744833335,2026-03-15T20:00:00.000Z
sensor.meross_temperature_bagno,20.635958506083334,2026-03-15T21:00:00.000Z
sensor.meross_temperature_bagno,20.6,2026-03-15T22:00:00.000Z
sensor.meross_temperature_bagno,20.510315265916667,2026-03-15T23:00:00.000Z
sensor.meross_temperature_bagno,20.416624664972222,2026-03-16T00:00:00.000Z
sensor.meross_temperature_bagno,20.33160259916667,2026-03-16T01:00:00.000Z
sensor.meross_temperature_bagno,20.269087306027778,2026-03-16T02:00:00.000Z
sensor.meross_temperature_bagno,20.170061384916668,2026-03-16T03:00:00.000Z
sensor.meross_temperature_bagno,20.062615794333336,2026-03-16T04:00:00.000Z
sensor.meross_temperature_bagno,20.040209828555557,2026-03-16T05:00:00.000Z
sensor.meross_temperature_bagno,20.550997354055557,2026-03-16T06:00:00.000Z
sensor.meross_temperature_bagno,21.06009509775,2026-03-16T07:00:00.000Z
sensor.meross_temperature_bagno,20.55596648536111,2026-03-16T08:00:00.000Z
sensor.meross_temperature_bagno,20.3,2026-03-16T09:00:00.000Z
sensor.meross_temperature_bagno,20.3,2026-03-16T10:00:00.000Z
sensor.meross_temperature_bagno,20.341929630694445,2026-03-16T11:00:00.000Z
sensor.meross_temperature_bagno,20.4,2026-03-16T12:00:00.000Z
sensor.meross_temperature_bagno,20.42005721383333,2026-03-16T13:00:00.000Z
sensor.meross_temperature_bagno,20.543264800027778,2026-03-16T14:00:00.000Z
sensor.meross_temperature_bagno,20.5,2026-03-16T15:00:00.000Z
sensor.meross_temperature_bagno,20.460606864888888,2026-03-16T16:00:00.000Z
sensor.meross_temperature_bagno,20.3483263645,2026-03-16T17:00:00.000Z
sensor.meross_temperature_bagno,20.325257371694445,2026-03-16T18:00:00.000Z
sensor.meross_temperature_bagno,20.3,2026-03-16T19:00:00.000Z
sensor.meross_temperature_bagno,20.3,2026-03-16T20:00:00.000Z
sensor.meross_temperature_bagno,20.235412911166666,2026-03-16T21:00:00.000Z
sensor.meross_temperature_bagno,20.19632021061111,2026-03-16T22:00:00.000Z
sensor.meross_temperature_bagno,20.1,2026-03-16T23:00:00.000Z
sensor.meross_temperature_bagno,20.002935460527777,2026-03-17T00:00:00.000Z
sensor.meross_temperature_bagno,20,2026-03-17T01:00:00.000Z
sensor.meross_temperature_bagno,19.94934077,2026-03-17T02:00:00.000Z
sensor.meross_temperature_bagno,19.86129072963889,2026-03-17T03:00:00.000Z
sensor.meross_temperature_bagno,19.7897446725,2026-03-17T04:00:00.000Z
sensor.meross_temperature_bagno,19.738374226305556,2026-03-17T05:00:00.000Z
sensor.meross_temperature_bagno,20.20230743488889,2026-03-17T06:00:00.000Z
sensor.meross_temperature_bagno,20.594311631944446,2026-03-17T07:00:00.000Z
sensor.meross_temperature_bagno,20.418884419944444,2026-03-17T08:00:00.000Z
sensor.meross_temperature_bagno,20.1,2026-03-17T09:00:00.000Z
sensor.meross_temperature_bagno,20.1,2026-03-17T10:00:00.000Z
sensor.meross_temperature_bagno,20.088773649611113,2026-03-17T11:00:00.000Z
sensor.meross_temperature_bagno,20.035435700222223,2026-03-17T12:00:00.000Z
sensor.meross_temperature_bagno,20.096365150805557,2026-03-17T13:00:00.000Z
sensor.meross_temperature_bagno,20.206516598138887,2026-03-17T14:00:00.000Z
sensor.meross_temperature_bagno,20.3,2026-03-17T15:00:00.000Z
sensor.meross_temperature_bagno,20.279205190055556,2026-03-17T16:00:00.000Z
sensor.meross_temperature_bagno,20.2,2026-03-17T17:00:00.000Z
sensor.meross_temperature_bagno,20.2,2026-03-17T18:00:00.000Z
sensor.meross_temperature_bagno,20.17092958902778,2026-03-17T19:00:00.000Z
sensor.meross_temperature_bagno,20.18133451886111,2026-03-17T20:00:00.000Z
sensor.meross_temperature_bagno,20.105552663333334,2026-03-17T21:00:00.000Z
sensor.meross_temperature_bagno,20.119671317333335,2026-03-17T22:00:00.000Z
sensor.meross_temperature_bagno,20.02442322613889,2026-03-17T23:00:00.000Z
sensor.meross_temperature_bagno,20,2026-03-18T00:00:00.000Z
sensor.meross_temperature_bagno,19.952185789777776,2026-03-18T01:00:00.000Z
sensor.meross_temperature_bagno,19.897003164416663,2026-03-18T02:00:00.000Z
sensor.meross_temperature_bagno,19.8,2026-03-18T03:00:00.000Z
sensor.meross_temperature_bagno,19.72545768022222,2026-03-18T04:00:00.000Z
sensor.meross_temperature_bagno,19.68650656177778,2026-03-18T05:00:00.000Z
sensor.meross_temperature_bagno,20.18710475516667,2026-03-18T06:00:00.000Z
sensor.meross_temperature_bagno,20.73697241488889,2026-03-18T07:00:00.000Z
sensor.meross_temperature_bagno,20.396594597166665,2026-03-18T08:00:00.000Z
sensor.meross_temperature_bagno,20.08422154291667,2026-03-18T09:00:00.000Z
sensor.meross_temperature_bagno,20,2026-03-18T10:00:00.000Z
sensor.meross_temperature_bagno,20,2026-03-18T11:00:00.000Z
sensor.meross_temperature_bagno,19.93031337636111,2026-03-18T17:00:00.000Z
sensor.meross_temperature_bagno,19.9,2026-03-18T18:00:00.000Z
sensor.meross_temperature_bagno,19.9,2026-03-18T19:00:00.000Z
sensor.meross_temperature_bagno,19.82764937572222,2026-03-18T20:00:00.000Z
sensor.meross_temperature_bagno,19.8,2026-03-18T21:00:00.000Z
sensor.meross_temperature_bagno,19.72912501936111,2026-03-18T22:00:00.000Z
sensor.meross_temperature_bagno,19.634377900444445,2026-03-18T23:00:00.000Z
sensor.meross_temperature_bagno,19.527655421166667,2026-03-19T00:00:00.000Z
sensor.meross_temperature_bagno,19.5,2026-03-19T01:00:00.000Z
sensor.meross_temperature_bagno,19.449775798999998,2026-03-19T02:00:00.000Z
sensor.meross_temperature_bagno,19.353556185527776,2026-03-19T03:00:00.000Z
sensor.meross_temperature_bagno,19.288207096111112,2026-03-19T04:00:00.000Z
sensor.meross_temperature_bagno,19.240015393916668,2026-03-19T05:00:00.000Z
sensor.meross_temperature_bagno,19.72352644177778,2026-03-19T06:00:00.000Z
sensor.meross_temperature_bagno,20.033654941805555,2026-03-19T07:00:00.000Z
sensor.meross_temperature_bagno,20.041106842,2026-03-19T08:00:00.000Z
sensor.meross_temperature_bagno,20.174647779583335,2026-03-19T09:00:00.000Z
sensor.meross_temperature_bagno,19.85409247186111,2026-03-19T10:00:00.000Z
sensor.meross_temperature_bagno,19.8,2026-03-19T11:00:00.000Z
sensor.meross_temperature_bagno,19.83448208661111,2026-03-19T12:00:00.000Z
sensor.meross_temperature_bagno,19.9,2026-03-19T13:00:00.000Z
sensor.meross_temperature_bagno,19.9,2026-03-19T14:00:00.000Z
sensor.meross_temperature_bagno,19.91555319275,2026-03-19T16:00:00.000Z
sensor.meross_temperature_bagno,20,2026-03-19T17:00:00.000Z
sensor.meross_temperature_bagno,20,2026-03-19T18:00:00.000Z
sensor.meross_temperature_bagno,19.95744750952778,2026-03-19T21:00:00.000Z
sensor.meross_temperature_bagno,19.9,2026-03-19T22:00:00.000Z
sensor.meross_temperature_bagno,19.85330892213889,2026-03-19T23:00:00.000Z
sensor.meross_temperature_bagno,19.79076558152778,2026-03-20T00:00:00.000Z
sensor.meross_temperature_bagno,19.7,2026-03-20T01:00:00.000Z
sensor.meross_temperature_bagno,19.615774735722223,2026-03-20T02:00:00.000Z
sensor.meross_temperature_bagno,19.561622751222224,2026-03-20T03:00:00.000Z
sensor.meross_temperature_bagno,19.5,2026-03-20T04:00:00.000Z
sensor.meross_temperature_bagno,19.526122148,2026-03-20T05:00:00.000Z
sensor.meross_temperature_bagno,19.95290806583333,2026-03-20T06:00:00.000Z
sensor.meross_temperature_bagno,20.389922970416666,2026-03-20T07:00:00.000Z
sensor.meross_temperature_bagno,20.061272401416666,2026-03-20T08:00:00.000Z
sensor.meross_temperature_bagno,19.802393996722223,2026-03-20T09:00:00.000Z
sensor.meross_temperature_bagno,19.8,2026-03-20T10:00:00.000Z
sensor.meross_temperature_bagno,19.747788261194444,2026-03-20T11:00:00.000Z
sensor.meross_temperature_bagno,20.19852437136111,2026-03-20T12:00:00.000Z
sensor.meross_temperature_bagno,19.90163453525,2026-03-20T13:00:00.000Z
sensor.meross_temperature_bagno,19.825217321833332,2026-03-20T14:00:00.000Z
sensor.meross_temperature_bagno,19.9,2026-03-20T15:00:00.000Z
sensor.meross_temperature_bagno,19.9,2026-03-20T16:00:00.000Z
sensor.meross_temperature_bagno,19.918089363055554,2026-03-20T17:00:00.000Z
sensor.meross_temperature_bagno,20.32328359075,2026-03-20T18:00:00.000Z
sensor.meross_temperature_bagno,20.021582919583334,2026-03-20T19:00:00.000Z
sensor.meross_temperature_bagno,20,2026-03-20T20:00:00.000Z
sensor.meross_temperature_bagno,20,2026-03-20T21:00:00.000Z
sensor.meross_temperature_bagno,19.93464345883333,2026-03-20T22:00:00.000Z
sensor.meross_temperature_bagno,19.9,2026-03-20T23:00:00.000Z
sensor.meross_temperature_bagno,19.808194777972222,2026-03-21T00:00:00.000Z
sensor.meross_temperature_bagno,19.740038590388888,2026-03-21T01:00:00.000Z
sensor.meross_temperature_bagno,19.669076681833335,2026-03-21T02:00:00.000Z
sensor.meross_temperature_bagno,19.6,2026-03-21T03:00:00.000Z
sensor.meross_temperature_bagno,19.540182404555555,2026-03-21T04:00:00.000Z
sensor.meross_temperature_bagno,19.55220803925,2026-03-21T05:00:00.000Z
sensor.meross_temperature_bagno,20.11024845761111,2026-03-21T06:00:00.000Z
sensor.meross_temperature_bagno,20.390932226249998,2026-03-21T07:00:00.000Z
sensor.meross_temperature_bagno,20.35746174938889,2026-03-21T08:00:00.000Z
sensor.meross_temperature_bagno,20.059167718083334,2026-03-21T09:00:00.000Z
sensor.meross_temperature_bagno,20.049972134694446,2026-03-21T10:00:00.000Z
sensor.meross_temperature_bagno,20.154611061527778,2026-03-21T11:00:00.000Z
sensor.meross_temperature_bagno,20.20817914438889,2026-03-21T12:00:00.000Z
sensor.meross_temperature_bagno,20.338075109694444,2026-03-21T13:00:00.000Z
sensor.meross_temperature_bagno,20.49064536841667,2026-03-21T14:00:00.000Z
sensor.meross_temperature_bagno,20.67985004511111,2026-03-21T15:00:00.000Z
sensor.meross_temperature_bagno,20.74125873438889,2026-03-21T16:00:00.000Z
sensor.meross_temperature_bagno,20.7,2026-03-21T17:00:00.000Z
sensor.meross_temperature_bagno,20.692579588277777,2026-03-21T18:00:00.000Z
sensor.meross_temperature_bagno,20.6,2026-03-21T19:00:00.000Z
sensor.meross_temperature_bagno,20.6,2026-03-21T20:00:00.000Z
sensor.meross_temperature_bagno,20.50575643336111,2026-03-21T21:00:00.000Z
sensor.meross_temperature_bagno,20.5,2026-03-21T22:00:00.000Z
sensor.meross_temperature_bagno,20.450910588694445,2026-03-21T23:00:00.000Z
sensor.meross_temperature_bagno,20.38106235925,2026-03-22T00:00:00.000Z
sensor.meross_temperature_bagno,20.3,2026-03-22T01:00:00.000Z
sensor.meross_temperature_bagno,20.22693626675,2026-03-22T02:00:00.000Z
sensor.meross_temperature_bagno,20.150027660166668,2026-03-22T03:00:00.000Z
sensor.meross_temperature_bagno,20.070145945055557,2026-03-22T04:00:00.000Z
sensor.meross_temperature_bagno,20.06022540172222,2026-03-22T05:00:00.000Z
sensor.meross_temperature_bagno,20.65672437541667,2026-03-22T06:00:00.000Z
sensor.meross_temperature_bagno,20.977554770694443,2026-03-22T07:00:00.000Z
sensor.meross_temperature_bagno,20.835179195666665,2026-03-22T08:00:00.000Z
sensor.meross_temperature_bagno,20.6,2026-03-22T09:00:00.000Z
sensor.meross_temperature_bagno,20.54067366552778,2026-03-22T10:00:00.000Z
sensor.meross_temperature_bagno,20.71036480525,2026-03-22T11:00:00.000Z
sensor.meross_temperature_bagno,20.77182638602778,2026-03-22T12:00:00.000Z
sensor.meross_temperature_bagno,20.8,2026-03-22T13:00:00.000Z
sensor.meross_temperature_bagno,20.850486325722223,2026-03-22T14:00:00.000Z
sensor.meross_temperature_bagno,20.778998699583333,2026-03-22T15:00:00.000Z
sensor.meross_temperature_bagno,20.76770735161111,2026-03-22T16:00:00.000Z
sensor.meross_temperature_bagno,20.8,2026-03-22T17:00:00.000Z
sensor.meross_temperature_bagno,20.6224486375,2026-03-22T18:00:00.000Z
sensor.meross_temperature_bagno,20.5,2026-03-22T19:00:00.000Z
sensor.meross_temperature_bagno,20.628594335166667,2026-03-22T20:00:00.000Z
sensor.meross_temperature_bagno,20.859751132194443,2026-03-22T21:00:00.000Z
sensor.meross_temperature_bagno,20.757412774444443,2026-03-22T22:00:00.000Z
sensor.meross_temperature_bagno,20.564784794666668,2026-03-22T23:00:00.000Z
sensor.meross_temperature_bagno,20.441168344222223,2026-03-23T00:00:00.000Z
sensor.meross_temperature_bagno,20.32811154161111,2026-03-23T01:00:00.000Z
sensor.meross_temperature_bagno,20.189067296944444,2026-03-23T02:00:00.000Z
sensor.meross_temperature_bagno,20.07498863541667,2026-03-23T03:00:00.000Z
sensor.meross_temperature_bagno,20,2026-03-23T04:00:00.000Z
sensor.meross_temperature_bagno,20.02022836175,2026-03-23T05:00:00.000Z
sensor.meross_temperature_bagno,20.638746280611112,2026-03-23T06:00:00.000Z
sensor.meross_temperature_bagno,20.794800586305556,2026-03-23T07:00:00.000Z
sensor.meross_temperature_bagno,20.592321593166666,2026-03-23T08:00:00.000Z
sensor.meross_temperature_bagno,20.241432474333333,2026-03-23T09:00:00.000Z
sensor.meross_temperature_bagno,20.293270506333332,2026-03-23T10:00:00.000Z
sensor.meross_temperature_bagno,20.3,2026-03-23T11:00:00.000Z
sensor.meross_temperature_bagno,20.378568702638887,2026-03-23T12:00:00.000Z
sensor.meross_temperature_bagno,20.4,2026-03-23T13:00:00.000Z
sensor.meross_temperature_bagno,20.4,2026-03-23T14:00:00.000Z
sensor.meross_temperature_bagno,20.405298531805553,2026-03-23T18:00:00.000Z
sensor.meross_temperature_bagno,20.3,2026-03-23T19:00:00.000Z
sensor.meross_temperature_bagno,20.22422246786111,2026-03-23T20:00:00.000Z
sensor.meross_temperature_bagno,20.17001503897222,2026-03-23T21:00:00.000Z
sensor.meross_temperature_bagno,20.087827797166668,2026-03-23T22:00:00.000Z
sensor.meross_temperature_bagno,20,2026-03-23T23:00:00.000Z
sensor.meross_temperature_bagno,20,2026-03-24T00:00:00.000Z
sensor.meross_temperature_bagno,19.916010593805556,2026-03-24T01:00:00.000Z
sensor.meross_temperature_bagno,19.85062843875,2026-03-24T02:00:00.000Z
sensor.meross_temperature_bagno,19.792975540527777,2026-03-24T03:00:00.000Z
sensor.meross_temperature_bagno,19.671554144138888,2026-03-24T04:00:00.000Z
sensor.meross_temperature_bagno,19.638819520694444,2026-03-24T05:00:00.000Z
sensor.meross_temperature_bagno,20.084206119277777,2026-03-24T06:00:00.000Z
sensor.meross_temperature_bagno,20.800975755805556,2026-03-24T07:00:00.000Z
sensor.meross_temperature_bagno,20.38210430863889,2026-03-24T08:00:00.000Z
sensor.meross_temperature_bagno,20.028856649194445,2026-03-24T09:00:00.000Z
sensor.meross_temperature_bagno,19.998627177777777,2026-03-24T10:00:00.000Z
sensor.meross_temperature_bagno,18.647749224250003,2026-03-24T11:00:00.000Z
sensor.meross_temperature_bagno,19.41022583388889,2026-03-24T12:00:00.000Z
sensor.meross_temperature_bagno,20.42270412886111,2026-03-24T13:00:00.000Z
sensor.meross_temperature_bagno,20.296520846916668,2026-03-24T14:00:00.000Z
sensor.meross_temperature_bagno,20.218647887583334,2026-03-24T15:00:00.000Z
sensor.meross_temperature_bagno,20.3,2026-03-24T16:00:00.000Z
sensor.meross_temperature_bagno,20.29480362675,2026-03-24T17:00:00.000Z
sensor.meross_temperature_bagno,20.221060861916666,2026-03-24T18:00:00.000Z
sensor.meross_temperature_bagno,20.20700321061111,2026-03-24T19:00:00.000Z
sensor.meross_temperature_bagno,20.2,2026-03-24T20:00:00.000Z
sensor.meross_temperature_bagno,20.262739895444444,2026-03-24T21:00:00.000Z
sensor.meross_temperature_bagno,20.2,2026-03-24T22:00:00.000Z
sensor.meross_temperature_bagno,20.157968123333333,2026-03-24T23:00:00.000Z
sensor.meross_temperature_bagno,20.092618572472222,2026-03-25T00:00:00.000Z
sensor.meross_temperature_bagno,20,2026-03-25T01:00:00.000Z
sensor.meross_temperature_bagno,20,2026-03-25T02:00:00.000Z
sensor.meross_temperature_bagno,19.93224505383333,2026-03-25T03:00:00.000Z
sensor.meross_temperature_bagno,19.889317949722223,2026-03-25T04:00:00.000Z
sensor.meross_temperature_bagno,19.83757018088889,2026-03-25T05:00:00.000Z
sensor.meross_temperature_bagno,20.36255491577778,2026-03-25T06:00:00.000Z
sensor.meross_temperature_bagno,20.726075130444446,2026-03-25T07:00:00.000Z
sensor.meross_temperature_bagno,20.45617637075,2026-03-25T08:00:00.000Z
sensor.meross_temperature_bagno,20.117619548416666,2026-03-25T09:00:00.000Z
sensor.meross_temperature_bagno,20.080355570305557,2026-03-25T10:00:00.000Z
sensor.meross_temperature_bagno,20.1,2026-03-25T11:00:00.000Z
sensor.meross_temperature_bagno,20.138816478111114,2026-03-25T12:00:00.000Z
sensor.meross_temperature_bagno,20.2,2026-03-25T13:00:00.000Z
sensor.meross_temperature_bagno,20.298581016777778,2026-03-25T14:00:00.000Z
sensor.meross_temperature_bagno,20.3,2026-03-25T15:00:00.000Z
sensor.meross_temperature_bagno,20.3,2026-03-25T16:00:00.000Z
sensor.meross_temperature_bagno,20.215566797194445,2026-03-25T17:00:00.000Z
sensor.meross_temperature_bagno,20.133379951694447,2026-03-25T18:00:00.000Z
sensor.meross_temperature_bagno,20.1,2026-03-25T19:00:00.000Z
sensor.meross_temperature_bagno,20.062779732694445,2026-03-25T20:00:00.000Z
sensor.meross_temperature_bagno,20.04284545863889,2026-03-25T21:00:00.000Z
sensor.meross_temperature_bagno,20,2026-03-25T22:00:00.000Z
sensor.meross_temperature_bagno,20,2026-03-25T23:00:00.000Z
sensor.meross_temperature_bagno,19.911577197361108,2026-03-26T00:00:00.000Z
sensor.meross_temperature_bagno,19.778449776916666,2026-03-26T01:00:00.000Z
sensor.meross_temperature_bagno,19.697742526166667,2026-03-26T02:00:00.000Z
sensor.meross_temperature_bagno,19.59463267166667,2026-03-26T03:00:00.000Z
sensor.meross_temperature_bagno,19.5,2026-03-26T04:00:00.000Z
sensor.meross_temperature_bagno,19.538045186416667,2026-03-26T05:00:00.000Z
sensor.meross_temperature_bagno,20.082444398638888,2026-03-26T06:00:00.000Z
sensor.meross_temperature_bagno,20.760057932555554,2026-03-26T07:00:00.000Z
sensor.meross_temperature_bagno,20.353061282472222,2026-03-26T08:00:00.000Z
sensor.meross_temperature_bagno,20,2026-03-26T09:00:00.000Z
sensor.meross_temperature_bagno,20,2026-03-26T10:00:00.000Z
sensor.meross_temperature_bagno,19.916486958388887,2026-03-26T14:00:00.000Z
sensor.meross_temperature_bagno,19.9,2026-03-26T15:00:00.000Z
sensor.meross_temperature_bagno,19.85533504658333,2026-03-26T16:00:00.000Z
sensor.meross_temperature_bagno,19.857916698916664,2026-03-26T17:00:00.000Z
sensor.meross_temperature_bagno,19.9,2026-03-26T18:00:00.000Z
sensor.meross_temperature_bagno,19.9,2026-03-26T19:00:00.000Z
sensor.meross_temperature_bagno,19.94309888461111,2026-03-26T22:00:00.000Z
sensor.meross_temperature_bagno,19.909832240555556,2026-03-26T23:00:00.000Z
sensor.meross_temperature_bagno,19.861293093833332,2026-03-27T00:00:00.000Z
sensor.meross_temperature_bagno,19.8,2026-03-27T01:00:00.000Z
sensor.meross_temperature_bagno,19.73081528277778,2026-03-27T02:00:00.000Z
sensor.meross_temperature_bagno,19.67666385375,2026-03-27T03:00:00.000Z
sensor.meross_temperature_bagno,19.6,2026-03-27T04:00:00.000Z
sensor.meross_temperature_bagno,19.568442255527778,2026-03-27T05:00:00.000Z
sensor.meross_temperature_bagno,20.105582989194442,2026-03-27T06:00:00.000Z
sensor.meross_temperature_bagno,20.716871572611108,2026-03-27T07:00:00.000Z
sensor.meross_temperature_bagno,20.277190308194445,2026-03-27T08:00:00.000Z
sensor.meross_temperature_bagno,19.976783799777778,2026-03-27T09:00:00.000Z
sensor.meross_temperature_bagno,19.828117676194445,2026-03-27T10:00:00.000Z
sensor.meross_temperature_bagno,19.9,2026-03-27T11:00:00.000Z
sensor.meross_temperature_bagno,19.709274311861112,2026-03-27T12:00:00.000Z
sensor.meross_temperature_bagno,19.93518475775,2026-03-27T13:00:00.000Z
sensor.meross_temperature_bagno,20.13445899938889,2026-03-27T14:00:00.000Z
sensor.meross_temperature_bagno,20,2026-03-27T15:00:00.000Z
sensor.meross_temperature_bagno,20,2026-03-27T16:00:00.000Z
sensor.meross_temperature_bagno,20.011672813944443,2026-03-27T17:00:00.000Z
sensor.meross_temperature_bagno,20.11183826741667,2026-03-27T18:00:00.000Z
sensor.meross_temperature_bagno,20.2,2026-03-27T19:00:00.000Z
sensor.meross_temperature_bagno,20.2,2026-03-27T20:00:00.000Z
sensor.meross_temperature_bagno,20.19719277272222,2026-03-27T21:00:00.000Z
sensor.meross_temperature_bagno,20.2,2026-03-27T22:00:00.000Z
sensor.meross_temperature_bagno,20.129931151250002,2026-03-27T23:00:00.000Z
sensor.meross_temperature_bagno,20.09261648111111,2026-03-28T00:00:00.000Z
sensor.meross_temperature_bagno,20,2026-03-28T01:00:00.000Z
sensor.meross_temperature_bagno,20,2026-03-28T02:00:00.000Z
sensor.meross_temperature_bagno,19.97392122186111,2026-03-28T03:00:00.000Z
sensor.meross_temperature_bagno,19.894511639694443,2026-03-28T04:00:00.000Z
sensor.meross_temperature_bagno,19.827282112472222,2026-03-28T05:00:00.000Z
sensor.meross_temperature_bagno,20.304015251694445,2026-03-28T06:00:00.000Z
sensor.meross_temperature_bagno,20.631369004916667,2026-03-28T07:00:00.000Z
sensor.meross_temperature_bagno,20.525128241916665,2026-03-28T08:00:00.000Z
sensor.meross_temperature_bagno,20.203188817194444,2026-03-28T09:00:00.000Z
sensor.meross_temperature_bagno,20.2,2026-03-28T10:00:00.000Z
sensor.meross_temperature_bagno,20.230123436805556,2026-03-28T11:00:00.000Z
sensor.meross_temperature_bagno,20.3,2026-03-28T12:00:00.000Z
sensor.meross_temperature_bagno,20.3,2026-03-28T13:00:00.000Z
sensor.meross_temperature_bagno,20.391969699305555,2026-03-28T14:00:00.000Z
sensor.meross_temperature_bagno,20.4,2026-03-28T15:00:00.000Z
sensor.meross_temperature_bagno,20.414745242305553,2026-03-28T16:00:00.000Z
sensor.meross_temperature_bagno,20.584942111416666,2026-03-28T17:00:00.000Z
sensor.meross_temperature_bagno,20.4,2026-03-28T18:00:00.000Z
sensor.meross_temperature_bagno,20.4,2026-03-28T19:00:00.000Z
sensor.meross_temperature_bagno,20.49371228677778,2026-03-28T20:00:00.000Z
sensor.meross_temperature_bagno,20.501822304138887,2026-03-28T21:00:00.000Z
sensor.meross_temperature_bagno,20.517794182777777,2026-03-28T22:00:00.000Z
sensor.meross_temperature_bagno,20.19646201186111,2026-03-28T23:00:00.000Z
sensor.meross_temperature_bagno,20.560821003333334,2026-03-29T00:00:00.000Z
sensor.meross_temperature_bagno,20.5,2026-03-29T01:00:00.000Z
sensor.meross_temperature_bagno,20.492821995,2026-03-29T02:00:00.000Z
sensor.meross_temperature_bagno,20.4,2026-03-29T03:00:00.000Z
sensor.meross_temperature_bagno,20.458345132305556,2026-03-29T04:00:00.000Z
sensor.meross_temperature_bagno,21.103692013666667,2026-03-29T05:00:00.000Z
sensor.meross_temperature_bagno,20.84451253625,2026-03-29T06:00:00.000Z
sensor.meross_temperature_bagno,20.997802412638887,2026-03-29T07:00:00.000Z
sensor.meross_temperature_bagno,20.826312415805557,2026-03-29T08:00:00.000Z
sensor.meross_temperature_bagno,20.8311492335,2026-03-29T09:00:00.000Z
sensor.meross_temperature_bagno,20.8,2026-03-29T10:00:00.000Z
sensor.meross_temperature_bagno,20.902879103555556,2026-03-29T11:00:00.000Z
sensor.meross_temperature_bagno,20.9,2026-03-29T12:00:00.000Z
sensor.meross_temperature_bagno,20.9,2026-03-29T13:00:00.000Z
sensor.meross_temperature_bagno,20.91396675272222,2026-03-29T15:00:00.000Z
sensor.meross_temperature_bagno,21,2026-03-29T16:00:00.000Z
sensor.meross_temperature_bagno,21,2026-03-29T17:00:00.000Z
sensor.meross_temperature_bagno,20.99701465272222,2026-03-29T19:00:00.000Z
sensor.meross_temperature_bagno,20.9,2026-03-29T20:00:00.000Z
sensor.meross_temperature_bagno,20.9,2026-03-29T21:00:00.000Z
sensor.meross_temperature_bagno,20.846587666666668,2026-03-29T22:00:00.000Z
sensor.meross_temperature_bagno,20.789351665083334,2026-03-29T23:00:00.000Z
sensor.meross_temperature_bagno,20.7,2026-03-30T00:00:00.000Z
sensor.meross_temperature_bagno,20.60499833277778,2026-03-30T01:00:00.000Z
sensor.meross_temperature_bagno,20.530978202694445,2026-03-30T02:00:00.000Z
sensor.meross_temperature_bagno,20.435758832972223,2026-03-30T03:00:00.000Z
sensor.meross_temperature_bagno,20.434584196722223,2026-03-30T04:00:00.000Z
sensor.meross_temperature_bagno,20.983864088916665,2026-03-30T05:00:00.000Z
sensor.meross_temperature_bagno,21.44832806788889,2026-03-30T06:00:00.000Z
sensor.meross_temperature_bagno,20.785004097166667,2026-03-30T07:00:00.000Z
sensor.meross_temperature_bagno,20.7,2026-03-30T08:00:00.000Z
sensor.meross_temperature_bagno,20.7,2026-03-30T09:00:00.000Z
sensor.meross_temperature_bagno,20.725162104083335,2026-03-30T11:00:00.000Z
sensor.meross_temperature_bagno,20.8,2026-03-30T12:00:00.000Z
sensor.meross_temperature_bagno,20.83358684511111,2026-03-30T13:00:00.000Z
sensor.meross_temperature_bagno,20.76044967602778,2026-03-30T14:00:00.000Z
sensor.meross_temperature_bagno,20.7,2026-03-30T15:00:00.000Z
sensor.meross_temperature_bagno,20.7,2026-03-30T16:00:00.000Z
sensor.meross_temperature_bagno,20.64128280227778,2026-03-30T18:00:00.000Z
sensor.meross_temperature_bagno,20.597606011694445,2026-03-30T19:00:00.000Z
sensor.meross_temperature_bagno,20.5,2026-03-30T20:00:00.000Z
sensor.meross_temperature_bagno,20.443315090694444,2026-03-30T21:00:00.000Z
sensor.meross_temperature_bagno,20.372130371027776,2026-03-30T22:00:00.000Z
sensor.meross_temperature_bagno,20.295361090638888,2026-03-30T23:00:00.000Z
sensor.meross_temperature_bagno,20.2,2026-03-31T00:00:00.000Z
sensor.meross_temperature_bagno,20.14262706236111,2026-03-31T01:00:00.000Z
sensor.meross_temperature_bagno,20.060244108305557,2026-03-31T02:00:00.000Z
sensor.meross_temperature_bagno,20,2026-03-31T03:00:00.000Z
sensor.meross_temperature_bagno,20.025795001166667,2026-03-31T04:00:00.000Z
sensor.meross_temperature_bagno,20.561877691638887,2026-03-31T05:00:00.000Z
sensor.meross_temperature_bagno,20.8297823855,2026-03-31T06:00:00.000Z
sensor.meross_temperature_bagno,20.58537541211111,2026-03-31T07:00:00.000Z
sensor.meross_temperature_bagno,20.289483916333335,2026-03-31T08:00:00.000Z
sensor.meross_temperature_bagno,19.414669925027777,2026-03-31T09:00:00.000Z
sensor.meross_temperature_bagno,20.417329529499998,2026-03-31T10:00:00.000Z
sensor.meross_temperature_bagno,20.23099984213889,2026-03-31T11:00:00.000Z
sensor.meross_temperature_bagno,20.2,2026-03-31T12:00:00.000Z
sensor.meross_temperature_bagno,20.228569421916667,2026-03-31T13:00:00.000Z
sensor.meross_temperature_bagno,20.3,2026-03-31T14:00:00.000Z
sensor.meross_temperature_bagno,20.3,2026-03-31T15:00:00.000Z
sensor.meross_temperature_bagno,20.342008977611112,2026-03-31T17:00:00.000Z
sensor.meross_temperature_bagno,20.3,2026-03-31T18:00:00.000Z
sensor.meross_temperature_bagno,20.32000220563889,2026-03-31T19:00:00.000Z
sensor.meross_temperature_bagno,20.4,2026-03-31T20:00:00.000Z
sensor.meross_temperature_bagno,20.34551844625,2026-03-31T21:00:00.000Z
sensor.meross_temperature_bagno,20.3,2026-03-31T22:00:00.000Z
sensor.meross_temperature_bagno,20.21331753886111,2026-03-31T23:00:00.000Z
sensor.meross_temperature_bagno,20.167306429472223,2026-04-01T00:00:00.000Z
sensor.meross_temperature_bagno,20.076533177305556,2026-04-01T01:00:00.000Z
sensor.meross_temperature_bagno,20,2026-04-01T02:00:00.000Z
sensor.meross_temperature_bagno,20,2026-04-01T03:00:00.000Z
sensor.meross_temperature_bagno,20.525324215666668,2026-04-01T04:00:00.000Z
sensor.meross_temperature_bagno,21.018508959666665,2026-04-01T05:00:00.000Z
sensor.meross_temperature_bagno,21.109614315111113,2026-04-01T06:00:00.000Z
sensor.meross_temperature_bagno,20.63354105663889,2026-04-01T07:00:00.000Z
sensor.meross_temperature_bagno,20.341565038083335,2026-04-01T08:00:00.000Z
sensor.meross_temperature_bagno,20.264795514555555,2026-04-01T09:00:00.000Z
sensor.meross_temperature_bagno,20.2,2026-04-01T10:00:00.000Z
sensor.meross_temperature_bagno,20.25328989452778,2026-04-01T11:00:00.000Z
sensor.meross_temperature_bagno,20.3,2026-04-01T12:00:00.000Z
sensor.meross_temperature_bagno,20.32438290661111,2026-04-01T13:00:00.000Z
sensor.meross_temperature_bagno,20.411573252999997,2026-04-01T14:00:00.000Z
sensor.meross_temperature_bagno,20.3,2026-04-01T15:00:00.000Z
sensor.meross_temperature_bagno,20.3,2026-04-01T16:00:00.000Z
sensor.meross_temperature_bagno,20.27725732663889,2026-04-01T18:00:00.000Z
sensor.meross_temperature_bagno,20.2,2026-04-01T19:00:00.000Z
sensor.meross_temperature_bagno,20.125828131916666,2026-04-01T20:00:00.000Z
sensor.meross_temperature_bagno,20.000768848833335,2026-04-01T21:00:00.000Z
sensor.meross_temperature_bagno,20,2026-04-01T22:00:00.000Z
sensor.meross_temperature_bagno,20,2026-04-01T23:00:00.000Z
sensor.meross_temperature_bagno,19.999744986527777,2026-04-02T00:00:00.000Z
sensor.meross_temperature_bagno,19.9,2026-04-02T01:00:00.000Z
sensor.meross_temperature_bagno,19.84815067041667,2026-04-02T02:00:00.000Z
sensor.meross_temperature_bagno,19.759321380388887,2026-04-02T03:00:00.000Z
sensor.meross_temperature_bagno,19.715799037722224,2026-04-02T04:00:00.000Z
sensor.meross_temperature_bagno,20.180696749694444,2026-04-02T05:00:00.000Z
sensor.meross_temperature_bagno,20.494264320805556,2026-04-02T06:00:00.000Z
sensor.meross_temperature_bagno,20.32045646138889,2026-04-02T07:00:00.000Z
sensor.meross_temperature_bagno,20,2026-04-02T08:00:00.000Z
sensor.meross_temperature_bagno,20,2026-04-02T09:00:00.000Z
sensor.meross_temperature_bagno,20.019588694611112,2026-04-02T11:00:00.000Z
sensor.meross_temperature_bagno,20.073187738555557,2026-04-02T12:00:00.000Z
sensor.meross_temperature_bagno,19.863150512194444,2026-04-02T13:00:00.000Z
sensor.meross_temperature_bagno,20.464828759444444,2026-04-02T14:00:00.000Z
sensor.meross_temperature_bagno,20.51357641902778,2026-04-02T15:00:00.000Z
sensor.meross_temperature_bagno,20.5,2026-04-02T16:00:00.000Z
sensor.meross_temperature_bagno,20.532516868138888,2026-04-02T17:00:00.000Z
sensor.meross_temperature_bagno,20.503882925972224,2026-04-02T18:00:00.000Z
sensor.meross_temperature_bagno,20.438116856916665,2026-04-02T19:00:00.000Z
sensor.meross_temperature_bagno,20.4,2026-04-02T20:00:00.000Z
sensor.meross_temperature_bagno,20.387606510277777,2026-04-02T21:00:00.000Z
sensor.meross_temperature_bagno,20.3,2026-04-02T22:00:00.000Z
sensor.meross_temperature_bagno,20.287303966527777,2026-04-02T23:00:00.000Z
sensor.meross_temperature_bagno,20.2,2026-04-03T00:00:00.000Z
sensor.meross_temperature_bagno,20.110617500194447,2026-04-03T01:00:00.000Z
sensor.meross_temperature_bagno,20.042267215611112,2026-04-03T02:00:00.000Z
sensor.meross_temperature_bagno,20,2026-04-03T03:00:00.000Z
sensor.meross_temperature_bagno,20.0179872185,2026-04-03T04:00:00.000Z
sensor.meross_temperature_bagno,20.526508764305557,2026-04-03T05:00:00.000Z
sensor.meross_temperature_bagno,20.909126072916667,2026-04-03T06:00:00.000Z
sensor.meross_temperature_bagno,20.432316853583334,2026-04-03T07:00:00.000Z
sensor.meross_temperature_bagno,20.214031790277776,2026-04-03T08:00:00.000Z
sensor.meross_temperature_bagno,20.27964067813889,2026-04-03T09:00:00.000Z
sensor.meross_temperature_bagno,20.231952420194443,2026-04-03T10:00:00.000Z
sensor.meross_temperature_bagno,20.242447426583333,2026-04-03T11:00:00.000Z
sensor.meross_temperature_bagno,20.28828828063889,2026-04-03T12:00:00.000Z
sensor.meross_temperature_bagno,20.4,2026-04-03T13:00:00.000Z
sensor.meross_temperature_bagno,20.4,2026-04-03T14:00:00.000Z
sensor.meross_temperature_bagno,20.4704366895,2026-04-03T15:00:00.000Z
sensor.meross_temperature_bagno,20.439427158444442,2026-04-03T16:00:00.000Z
sensor.meross_temperature_bagno,20.4,2026-04-03T17:00:00.000Z
sensor.meross_temperature_bagno,20.483742116166667,2026-04-03T18:00:00.000Z
sensor.meross_temperature_bagno,20.5,2026-04-03T19:00:00.000Z
sensor.meross_temperature_bagno,20.5,2026-04-03T20:00:00.000Z
sensor.meross_temperature_bagno,20.53637161325,2026-04-03T21:00:00.000Z
sensor.meross_temperature_bagno,20.5,2026-04-03T22:00:00.000Z
sensor.meross_temperature_bagno,20.44279856836111,2026-04-03T23:00:00.000Z
sensor.meross_temperature_bagno,20.388424943027776,2026-04-04T00:00:00.000Z
sensor.meross_temperature_bagno,20.3,2026-04-04T01:00:00.000Z
sensor.meross_temperature_bagno,20.22288078813889,2026-04-04T02:00:00.000Z
sensor.meross_temperature_bagno,20.123692750666667,2026-04-04T03:00:00.000Z
sensor.meross_temperature_bagno,20.085915996666667,2026-04-04T04:00:00.000Z
sensor.meross_temperature_bagno,20.711934023555557,2026-04-04T05:00:00.000Z
sensor.meross_temperature_bagno,21.001941168277778,2026-04-04T06:00:00.000Z
sensor.meross_temperature_bagno,20.9799147575,2026-04-04T07:00:00.000Z
sensor.meross_temperature_bagno,20.709727355916666,2026-04-04T08:00:00.000Z
sensor.meross_temperature_bagno,20.7,2026-04-04T09:00:00.000Z
sensor.meross_temperature_bagno,20.624368387611113,2026-04-04T10:00:00.000Z
sensor.meross_temperature_bagno,20.715865330666666,2026-04-04T11:00:00.000Z
sensor.meross_temperature_bagno,20.8,2026-04-04T12:00:00.000Z
sensor.meross_temperature_bagno,20.895467722527776,2026-04-04T13:00:00.000Z
sensor.meross_temperature_bagno,20.900799703138887,2026-04-04T14:00:00.000Z
sensor.meross_temperature_bagno,21,2026-04-04T15:00:00.000Z
sensor.meross_temperature_bagno,21,2026-04-04T16:00:00.000Z
sensor.meross_temperature_bagno,21.014713790305557,2026-04-04T19:00:00.000Z
sensor.meross_temperature_bagno,21.067282244194445,2026-04-04T20:00:00.000Z
sensor.meross_temperature_bagno,21,2026-04-04T21:00:00.000Z
sensor.meross_temperature_bagno,21,2026-04-04T22:00:00.000Z
sensor.meross_temperature_bagno,20.99521164188889,2026-04-04T23:00:00.000Z
sensor.meross_temperature_bagno,20.9,2026-04-05T00:00:00.000Z
sensor.meross_temperature_bagno,20.896854517722222,2026-04-05T01:00:00.000Z
sensor.meross_temperature_bagno,20.8,2026-04-05T02:00:00.000Z
sensor.meross_temperature_bagno,20.739645921111112,2026-04-05T03:00:00.000Z
sensor.meross_temperature_bagno,20.743628595027776,2026-04-05T04:00:00.000Z
sensor.meross_temperature_bagno,21.156732510333335,2026-04-05T05:00:00.000Z
sensor.meross_temperature_bagno,20.881801479222222,2026-04-05T06:00:00.000Z
sensor.meross_temperature_bagno,20.762130675416667,2026-04-05T07:00:00.000Z
sensor.meross_temperature_bagno,20.77154437961111,2026-04-05T08:00:00.000Z
sensor.meross_temperature_bagno,20.82803805213889,2026-04-05T09:00:00.000Z
sensor.meross_temperature_bagno,20.8,2026-04-05T10:00:00.000Z
sensor.meross_temperature_bagno,20.90534599222222,2026-04-05T11:00:00.000Z
sensor.meross_temperature_bagno,20.9,2026-04-05T12:00:00.000Z
sensor.meross_temperature_bagno,20.9,2026-04-05T13:00:00.000Z
sensor.meross_temperature_bagno,20.936747139777776,2026-04-05T14:00:00.000Z
sensor.meross_temperature_bagno,21.019129641555555,2026-04-05T15:00:00.000Z
sensor.meross_temperature_bagno,21.014437792749998,2026-04-05T16:00:00.000Z
sensor.meross_temperature_bagno,21,2026-04-05T17:00:00.000Z
sensor.meross_temperature_bagno,21,2026-04-05T18:00:00.000Z
sensor.meross_temperature_bagno,20.94590602588889,2026-04-06T02:00:00.000Z
sensor.meross_temperature_bagno,20.9,2026-04-06T03:00:00.000Z
sensor.meross_temperature_bagno,20.808346310027776,2026-04-06T04:00:00.000Z
sensor.meross_temperature_bagno,20.8,2026-04-06T05:00:00.000Z
sensor.meross_temperature_bagno,21.04853976811111,2026-04-06T06:00:00.000Z
sensor.meross_temperature_bagno,21.09976174908333,2026-04-06T07:00:00.000Z
sensor.meross_temperature_bagno,21,2026-04-06T08:00:00.000Z
sensor.meross_temperature_bagno,21.02608601713889,2026-04-06T09:00:00.000Z
sensor.meross_temperature_bagno,21.18289106802778,2026-04-06T10:00:00.000Z
sensor.meross_temperature_bagno,21.21185453572222,2026-04-06T11:00:00.000Z
sensor.meross_temperature_bagno,21.037593726972222,2026-04-06T12:00:00.000Z
sensor.meross_temperature_bagno,21.319878604583334,2026-04-06T13:00:00.000Z
sensor.meross_temperature_bagno,21.296791064305555,2026-04-06T14:00:00.000Z
sensor.meross_temperature_bagno,21.157855646444446,2026-04-06T15:00:00.000Z
sensor.meross_temperature_bagno,21.26374101377778,2026-04-06T16:00:00.000Z
sensor.meross_temperature_bagno,21.374798736777777,2026-04-06T17:00:00.000Z
sensor.meross_temperature_bagno,21.49149688977778,2026-04-06T18:00:00.000Z
sensor.meross_temperature_bagno,21.5,2026-04-06T19:00:00.000Z
sensor.meross_temperature_bagno,21.5,2026-04-06T20:00:00.000Z
sensor.meross_temperature_bagno,21.478447639805555,2026-04-06T23:00:00.000Z
sensor.meross_temperature_bagno,21.399999999999995,2026-04-07T00:00:00.000Z
sensor.meross_temperature_bagno,21.357639927833333,2026-04-07T01:00:00.000Z
sensor.meross_temperature_bagno,21.29767976677778,2026-04-07T02:00:00.000Z
sensor.meross_temperature_bagno,21.2,2026-04-07T03:00:00.000Z
sensor.meross_temperature_bagno,21.148891032277778,2026-04-07T04:00:00.000Z
sensor.meross_temperature_bagno,21.08776548975,2026-04-07T05:00:00.000Z
sensor.meross_temperature_bagno,21,2026-04-07T06:00:00.000Z
sensor.meross_temperature_bagno,21,2026-04-07T07:00:00.000Z
sensor.meross_temperature_bagno,21.058479677375,2026-04-07T09:00:00.000Z
sensor.meross_temperature_bagno,21.071991991500003,2026-04-07T10:00:00.000Z
sensor.meross_temperature_bagno,21.214001570944443,2026-04-07T11:00:00.000Z
sensor.meross_temperature_bagno,21.35062358633333,2026-04-07T12:00:00.000Z
sensor.meross_temperature_bagno,21.399999999999995,2026-04-07T13:00:00.000Z
sensor.meross_temperature_bagno,21.399999999999995,2026-04-07T14:00:00.000Z
sensor.meross_temperature_bagno,21.464649992638886,2026-04-07T16:00:00.000Z
sensor.meross_temperature_bagno,21.5,2026-04-07T17:00:00.000Z
sensor.meross_temperature_bagno,21.5,2026-04-07T18:00:00.000Z
sensor.meross_temperature_bagno,21.429722515666665,2026-04-08T00:00:00.000Z
sensor.meross_temperature_bagno,21.399999999999995,2026-04-08T01:00:00.000Z
sensor.meross_temperature_bagno,21.308913589666666,2026-04-08T02:00:00.000Z
sensor.meross_temperature_bagno,21.279713587083332,2026-04-08T03:00:00.000Z
sensor.meross_temperature_bagno,21.2,2026-04-08T04:00:00.000Z
sensor.meross_temperature_bagno,21.12062006227778,2026-04-08T05:00:00.000Z
sensor.meross_temperature_bagno,21.32179242133333,2026-04-08T06:00:00.000Z
sensor.meross_temperature_bagno,21.11742365441667,2026-04-08T07:00:00.000Z
sensor.meross_temperature_bagno,21.103357251166667,2026-04-08T08:00:00.000Z
sensor.meross_temperature_bagno,21.2,2026-04-08T09:00:00.000Z
sensor.meross_temperature_bagno,21.2,2026-04-08T10:00:00.000Z
sensor.meross_temperature_bagno,21.298128635333335,2026-04-08T12:00:00.000Z
sensor.meross_temperature_bagno,21.349752176666666,2026-04-08T13:00:00.000Z
sensor.meross_temperature_bagno,21.399999999999995,2026-04-08T14:00:00.000Z
sensor.meross_temperature_bagno,21.399999999999995,2026-04-08T15:00:00.000Z
sensor.meross_temperature_bagno,21.4229620815,2026-04-08T16:00:00.000Z
sensor.meross_temperature_bagno,21.5,2026-04-08T17:00:00.000Z
sensor.meross_temperature_bagno,21.5,2026-04-08T18:00:00.000Z
sensor.meross_temperature_bagno,21.533592911027778,2026-04-08T19:00:00.000Z
sensor.meross_temperature_bagno,21.558966208555557,2026-04-08T20:00:00.000Z
sensor.meross_temperature_bagno,21.51502800263889,2026-04-08T21:00:00.000Z
sensor.meross_temperature_bagno,21.5,2026-04-08T22:00:00.000Z
sensor.meross_temperature_bagno,21.5,2026-04-08T23:00:00.000Z
sensor.meross_temperature_bagno,21.508391077333332,2026-04-09T00:00:00.000Z
sensor.meross_temperature_bagno,21.5,2026-04-09T01:00:00.000Z
sensor.meross_temperature_bagno,21.406171406305557,2026-04-09T02:00:00.000Z
sensor.meross_temperature_bagno,21.354548492027778,2026-04-09T03:00:00.000Z
sensor.meross_temperature_bagno,21.3,2026-04-09T04:00:00.000Z
sensor.meross_temperature_bagno,21.220680617472222,2026-04-09T05:00:00.000Z
sensor.meross_temperature_bagno,21.247625338194442,2026-04-09T06:00:00.000Z
sensor.meross_temperature_bagno,21.142273296444447,2026-04-09T07:00:00.000Z
sensor.meross_temperature_bagno,21.10934974652778,2026-04-09T08:00:00.000Z
sensor.meross_temperature_bagno,21.2,2026-04-09T09:00:00.000Z
sensor.meross_temperature_bagno,21.25533263377778,2026-04-09T10:00:00.000Z
sensor.meross_temperature_bagno,21.304121905972224,2026-04-09T11:00:00.000Z
sensor.meross_temperature_bagno,21.32720178438889,2026-04-09T12:00:00.000Z
sensor.meross_temperature_bagno,21.399999999999995,2026-04-09T13:00:00.000Z
sensor.meross_temperature_bagno,21.399999999999995,2026-04-09T14:00:00.000Z
sensor.meross_temperature_bagno,21.421591119416664,2026-04-09T16:00:00.000Z
sensor.meross_temperature_bagno,21.51797767505556,2026-04-09T17:00:00.000Z
sensor.meross_temperature_bagno,21.600000000000005,2026-04-09T18:00:00.000Z
sensor.meross_temperature_bagno,21.600000000000005,2026-04-09T19:00:00.000Z
sensor.meross_temperature_bagno,21.52000872463889,2026-04-09T20:00:00.000Z
sensor.meross_temperature_bagno,21.5,2026-04-09T21:00:00.000Z
sensor.meross_temperature_bagno,21.5,2026-04-09T22:00:00.000Z
sensor.meross_temperature_bagno,21.421272134694444,2026-04-10T01:00:00.000Z
sensor.meross_temperature_bagno,21.36689295788889,2026-04-10T02:00:00.000Z
sensor.meross_temperature_bagno,21.3,2026-04-10T03:00:00.000Z
sensor.meross_temperature_bagno,21.235275556361113,2026-04-10T04:00:00.000Z
sensor.meross_temperature_bagno,21.170704376916667,2026-04-10T05:00:00.000Z
sensor.meross_temperature_bagno,21.119588620083334,2026-04-10T06:00:00.000Z
sensor.meross_temperature_bagno,21.1,2026-04-10T07:00:00.000Z
sensor.meross_temperature_bagno,21.1,2026-04-10T08:00:00.000Z
sensor.meross_temperature_bagno,21.107726135805557,2026-04-10T10:00:00.000Z
sensor.meross_temperature_bagno,21.2,2026-04-10T11:00:00.000Z
sensor.meross_temperature_bagno,21.2,2026-04-10T12:00:00.000Z
sensor.meross_temperature_bagno,21.222114230583333,2026-04-10T13:00:00.000Z
sensor.meross_temperature_bagno,21.3,2026-04-10T14:00:00.000Z
sensor.meross_temperature_bagno,21.3,2026-04-10T15:00:00.000Z
sensor.meross_temperature_bagno,21.389684805083334,2026-04-10T16:00:00.000Z
sensor.meross_temperature_bagno,21.399999999999995,2026-04-10T17:00:00.000Z
sensor.meross_temperature_bagno,21.395926489277773,2026-04-10T18:00:00.000Z
sensor.meross_temperature_bagno,21.3,2026-04-10T19:00:00.000Z
sensor.meross_temperature_bagno,21.3,2026-04-10T20:00:00.000Z
sensor.meross_temperature_bagno,21.26753878536111,2026-04-11T00:00:00.000Z
sensor.meross_temperature_bagno,21.2,2026-04-11T01:00:00.000Z
sensor.meross_temperature_bagno,21.127141070416666,2026-04-11T02:00:00.000Z
sensor.meross_temperature_bagno,21.06712687275,2026-04-11T03:00:00.000Z
sensor.meross_temperature_bagno,21,2026-04-11T04:00:00.000Z
sensor.meross_temperature_bagno,21,2026-04-11T05:00:00.000Z
sensor.meross_temperature_bagno,20.957711950027775,2026-04-11T06:00:00.000Z
sensor.meross_temperature_bagno,20.9,2026-04-11T07:00:00.000Z
sensor.meross_temperature_bagno,20.959317790222222,2026-04-11T08:00:00.000Z
sensor.meross_temperature_bagno,21,2026-04-11T09:00:00.000Z
sensor.meross_temperature_bagno,21.096881020444446,2026-04-11T10:00:00.000Z
sensor.meross_temperature_bagno,21.1,2026-04-11T11:00:00.000Z
sensor.meross_temperature_bagno,21.122466667361113,2026-04-11T12:00:00.000Z
sensor.meross_temperature_bagno,21.16015402727778,2026-04-11T13:00:00.000Z
sensor.meross_temperature_bagno,20.96918547411111,2026-04-11T14:00:00.000Z
sensor.meross_temperature_bagno,21.198417539972223,2026-04-11T15:00:00.000Z
sensor.meross_temperature_bagno,21.3,2026-04-11T16:00:00.000Z
sensor.meross_temperature_bagno,21.378646547722223,2026-04-11T17:00:00.000Z
sensor.meross_temperature_bagno,21.5,2026-04-11T18:00:00.000Z
sensor.meross_temperature_bagno,21.41202600619444,2026-04-11T19:00:00.000Z
sensor.meross_temperature_bagno,21.381158308638888,2026-04-11T20:00:00.000Z
sensor.meross_temperature_bagno,21.311196508944445,2026-04-11T21:00:00.000Z
sensor.meross_temperature_bagno,21.3,2026-04-11T22:00:00.000Z
sensor.meross_temperature_bagno,21.3,2026-04-11T23:00:00.000Z
sensor.meross_temperature_bagno,21.226430804583334,2026-04-12T01:00:00.000Z
sensor.meross_temperature_bagno,21.172137136305555,2026-04-12T02:00:00.000Z
sensor.meross_temperature_bagno,21.1,2026-04-12T03:00:00.000Z
sensor.meross_temperature_bagno,21.055996706166667,2026-04-12T04:00:00.000Z
sensor.meross_temperature_bagno,21,2026-04-12T05:00:00.000Z
sensor.meross_temperature_bagno,21,2026-04-12T06:00:00.000Z
sensor.meross_temperature_bagno,20.991486599555554,2026-04-12T09:00:00.000Z
sensor.meross_temperature_bagno,20.9,2026-04-12T10:00:00.000Z
sensor.meross_temperature_bagno,20.9,2026-04-12T11:00:00.000Z
sensor.meross_temperature_bagno,20.944463399638888,2026-04-12T12:00:00.000Z
sensor.meross_temperature_bagno,21.00984048563889,2026-04-12T13:00:00.000Z
sensor.meross_temperature_bagno,21.1,2026-04-12T14:00:00.000Z
sensor.meross_temperature_bagno,21.1,2026-04-12T15:00:00.000Z
sensor.meross_temperature_bagno,21.270404950833335,2026-04-12T18:00:00.000Z
sensor.meross_temperature_bagno,21.170811352055555,2026-04-12T19:00:00.000Z
sensor.meross_temperature_bagno,21.1,2026-04-12T20:00:00.000Z
sensor.meross_temperature_bagno,21.1,2026-04-12T21:00:00.000Z
sensor.meross_temperature_bagno,21.058002412222223,2026-04-12T22:00:00.000Z
sensor.meross_temperature_bagno,21,2026-04-12T23:00:00.000Z
sensor.meross_temperature_bagno,21,2026-04-13T00:00:00.000Z
sensor.meross_temperature_bagno,20.984878570916667,2026-04-13T03:00:00.000Z
sensor.meross_temperature_bagno,20.9,2026-04-13T04:00:00.000Z
sensor.meross_temperature_bagno,20.9,2026-04-13T05:00:00.000Z
sensor.meross_temperature_bagno,21.043738416444445,2026-04-13T06:00:00.000Z
sensor.meross_temperature_bagno,20.934925951249998,2026-04-13T07:00:00.000Z
sensor.meross_temperature_bagno,20.9,2026-04-13T08:00:00.000Z
sensor.meross_temperature_bagno,20.9,2026-04-13T09:00:00.000Z
sensor.meross_temperature_bagno,20.840626282055556,2026-04-13T10:00:00.000Z
sensor.meross_temperature_bagno,20.8,2026-04-13T11:00:00.000Z
sensor.meross_temperature_bagno,20.893880358666667,2026-04-13T12:00:00.000Z
sensor.meross_temperature_bagno,20.9,2026-04-13T13:00:00.000Z
sensor.meross_temperature_bagno,20.9,2026-04-13T14:00:00.000Z
sensor.meross_temperature_bagno,20.833413968722223,2026-04-13T17:00:00.000Z
sensor.meross_temperature_bagno,20.8824507305,2026-04-13T18:00:00.000Z
sensor.meross_temperature_bagno,20.9,2026-04-13T19:00:00.000Z
sensor.meross_temperature_bagno,20.9,2026-04-13T20:00:00.000Z
sensor.meross_temperature_bagno,20.81130439025,2026-04-13T23:00:00.000Z
sensor.meross_temperature_bagno,20.8,2026-04-14T00:00:00.000Z
sensor.meross_temperature_bagno,20.74729041625,2026-04-14T01:00:00.000Z
sensor.meross_temperature_bagno,20.7,2026-04-14T02:00:00.000Z
sensor.meross_temperature_bagno,20.7,2026-04-14T03:00:00.000Z
sensor.meross_temperature_bagno,20.74491480161111,2026-04-14T04:00:00.000Z
sensor.meross_temperature_bagno,21.221160597111112,2026-04-14T05:00:00.000Z
sensor.meross_temperature_bagno,21.16538057925,2026-04-14T06:00:00.000Z
sensor.meross_temperature_bagno,21.017320889944447,2026-04-14T07:00:00.000Z
sensor.meross_temperature_bagno,21,2026-04-14T08:00:00.000Z
sensor.meross_temperature_bagno,21,2026-04-14T09:00:00.000Z
sensor.meross_temperature_bagno,20.911072490722223,2026-04-14T10:00:00.000Z
sensor.meross_temperature_bagno,20.752774875083333,2026-04-14T11:00:00.000Z
sensor.meross_temperature_bagno,20.9,2026-04-14T12:00:00.000Z
sensor.meross_temperature_bagno,20.9,2026-04-14T13:00:00.000Z
sensor.meross_temperature_bagno,20.92531735097222,2026-04-14T16:00:00.000Z
sensor.meross_temperature_bagno,21,2026-04-14T17:00:00.000Z
sensor.meross_temperature_bagno,21.00936499413889,2026-04-14T18:00:00.000Z
sensor.meross_temperature_bagno,21.05518165911111,2026-04-14T19:00:00.000Z
sensor.meross_temperature_bagno,20.979718259694444,2026-04-14T20:00:00.000Z
sensor.meross_temperature_bagno,20.9,2026-04-14T21:00:00.000Z
sensor.meross_temperature_bagno,20.9,2026-04-14T22:00:00.000Z
sensor.meross_temperature_bagno,20.855920185,2026-04-15T02:00:00.000Z
sensor.meross_temperature_bagno,20.8,2026-04-15T03:00:00.000Z
sensor.meross_temperature_bagno,20.808391183500003,2026-04-15T04:00:00.000Z
sensor.meross_temperature_bagno,20.85091107038889,2026-04-15T05:00:00.000Z
sensor.meross_temperature_bagno,21.048106206555556,2026-04-15T06:00:00.000Z
sensor.meross_temperature_bagno,20.9,2026-04-15T07:00:00.000Z
sensor.meross_temperature_bagno,20.9,2026-04-15T08:00:00.000Z
sensor.meross_temperature_bagno,20.932256362444445,2026-04-15T13:00:00.000Z
sensor.meross_temperature_bagno,21,2026-04-15T14:00:00.000Z
sensor.meross_temperature_bagno,21.0023025495,2026-04-15T15:00:00.000Z
sensor.meross_temperature_bagno,21.1,2026-04-15T16:00:00.000Z
sensor.meross_temperature_bagno,21.1,2026-04-15T17:00:00.000Z
sensor.meross_temperature_bagno,21.048720587333335,2026-04-15T21:00:00.000Z
sensor.meross_temperature_bagno,21,2026-04-15T22:00:00.000Z
sensor.meross_temperature_bagno,21,2026-04-15T23:00:00.000Z
sensor.meross_temperature_bagno,20.904882208990113,2026-04-16T03:00:00.000Z
sensor.meross_temperature_bagno,20.825140872222224,2026-04-16T04:00:00.000Z
sensor.meross_temperature_bagno,20.8,2026-04-16T05:00:00.000Z
sensor.meross_temperature_bagno,20.827842584055556,2026-04-16T06:00:00.000Z
sensor.meross_temperature_bagno,20.9,2026-04-16T07:00:00.000Z
sensor.meross_temperature_bagno,20.9,2026-04-16T08:00:00.000Z
sensor.meross_temperature_bagno,20.984492266305555,2026-04-16T10:00:00.000Z
sensor.meross_temperature_bagno,21,2026-04-16T11:00:00.000Z
sensor.meross_temperature_bagno,21.088184677194445,2026-04-16T12:00:00.000Z
sensor.meross_temperature_bagno,21.101620769083336,2026-04-16T13:00:00.000Z
sensor.meross_temperature_bagno,21.2,2026-04-16T14:00:00.000Z
sensor.meross_temperature_bagno,21.2,2026-04-16T15:00:00.000Z
sensor.meross_temperature_bagno,21.28845599075,2026-04-16T16:00:00.000Z
sensor.meross_temperature_bagno,21.379086562194445,2026-04-16T17:00:00.000Z
sensor.meross_temperature_bagno,21.399999999999995,2026-04-16T18:00:00.000Z
sensor.meross_temperature_bagno,21.399999999999995,2026-04-16T19:00:00.000Z
sensor.meross_temperature_bagno,21.309495892166666,2026-04-16T21:00:00.000Z
sensor.meross_temperature_bagno,21.3,2026-04-16T22:00:00.000Z
sensor.meross_temperature_bagno,21.3,2026-04-16T23:00:00.000Z
sensor.meross_temperature_bagno,21.204026704472223,2026-04-17T00:00:00.000Z
sensor.meross_temperature_bagno,21.2,2026-04-17T01:00:00.000Z
sensor.meross_temperature_bagno,21.108808958305556,2026-04-17T02:00:00.000Z
sensor.meross_temperature_bagno,21.1,2026-04-17T03:00:00.000Z
sensor.meross_temperature_bagno,21.0247613135,2026-04-17T04:00:00.000Z
sensor.meross_temperature_bagno,21,2026-04-17T05:00:00.000Z
sensor.meross_temperature_bagno,21,2026-04-17T06:00:00.000Z
sensor.meross_temperature_bagno,21.075005642333334,2026-04-17T09:00:00.000Z
sensor.meross_temperature_bagno,21.143248606972225,2026-04-17T10:00:00.000Z
sensor.meross_temperature_bagno,21.31249945886111,2026-04-17T11:00:00.000Z
sensor.meross_temperature_bagno,21.434519918027775,2026-04-17T12:00:00.000Z
sensor.meross_temperature_bagno,21.675887581194445,2026-04-17T13:00:00.000Z
sensor.meross_temperature_bagno,21.758473258583333,2026-04-17T14:00:00.000Z
sensor.meross_temperature_bagno,21.7,2026-04-17T15:00:00.000Z
sensor.meross_temperature_bagno,21.6650709635,2026-04-17T16:00:00.000Z
sensor.meross_temperature_bagno,21.600000000000005,2026-04-17T17:00:00.000Z
sensor.meross_temperature_bagno,21.600000000000005,2026-04-17T18:00:00.000Z
sensor.meross_temperature_bagno,21.558298331805556,2026-04-17T21:00:00.000Z
sensor.meross_temperature_bagno,21.5,2026-04-17T22:00:00.000Z
sensor.meross_temperature_bagno,21.5,2026-04-17T23:00:00.000Z
sensor.meross_temperature_bagno,21.433270269944444,2026-04-18T02:00:00.000Z
sensor.meross_temperature_bagno,21.399999999999995,2026-04-18T03:00:00.000Z
sensor.meross_temperature_bagno,21.381482217555554,2026-04-18T04:00:00.000Z
sensor.meross_temperature_bagno,21.3,2026-04-18T05:00:00.000Z
sensor.meross_temperature_bagno,21.3,2026-04-18T06:00:00.000Z
sensor.meross_temperature_bagno,21.303007490972224,2026-04-18T08:00:00.000Z
sensor.meross_temperature_bagno,21.399999999999995,2026-04-18T09:00:00.000Z
sensor.meross_temperature_bagno,21.368097905,2026-04-18T10:00:00.000Z
sensor.meross_temperature_bagno,21.41281401638889,2026-04-18T11:00:00.000Z
sensor.meross_temperature_bagno,21.50716891947222,2026-04-18T12:00:00.000Z
sensor.meross_temperature_bagno,21.62925747280556,2026-04-18T13:00:00.000Z
sensor.meross_temperature_bagno,21.702136642638887,2026-04-18T14:00:00.000Z
sensor.meross_temperature_bagno,21.8,2026-04-18T15:00:00.000Z
sensor.meross_temperature_bagno,21.8,2026-04-18T16:00:00.000Z
sensor.meross_temperature_bagno,21.860987335361113,2026-04-18T20:00:00.000Z
sensor.meross_temperature_bagno,21.8,2026-04-18T21:00:00.000Z
sensor.meross_temperature_bagno,21.8,2026-04-18T22:00:00.000Z
sensor.meross_temperature_bagno,21.736359471694442,2026-04-18T23:00:00.000Z
sensor.meross_temperature_bagno,21.7,2026-04-19T00:00:00.000Z
sensor.meross_temperature_bagno,21.680319869722222,2026-04-19T01:00:00.000Z
sensor.meross_temperature_bagno,21.600000000000005,2026-04-19T02:00:00.000Z
sensor.meross_temperature_bagno,21.600000000000005,2026-04-19T03:00:00.000Z
sensor.meross_temperature_bagno,21.589577197916668,2026-04-19T04:00:00.000Z
sensor.meross_temperature_bagno,21.5,2026-04-19T05:00:00.000Z
sensor.meross_temperature_bagno,21.5,2026-04-19T06:00:00.000Z
sensor.meross_temperature_bagno,21.54353236272222,2026-04-19T09:00:00.000Z
sensor.meross_temperature_bagno,21.653783653361113,2026-04-19T10:00:00.000Z
sensor.meross_temperature_bagno,21.724778762055553,2026-04-19T11:00:00.000Z
sensor.meross_temperature_bagno,21.8,2026-04-19T12:00:00.000Z
sensor.meross_temperature_bagno,21.898574080777777,2026-04-19T13:00:00.000Z
sensor.meross_temperature_bagno,21.899999999999995,2026-04-19T14:00:00.000Z
sensor.meross_temperature_bagno,21.949639515,2026-04-19T15:00:00.000Z
sensor.meross_temperature_bagno,22,2026-04-19T16:00:00.000Z
sensor.meross_temperature_bagno,22,2026-04-19T17:00:00.000Z
sensor.meross_temperature_bagno,22.041160098361114,2026-04-19T18:00:00.000Z
sensor.meross_temperature_bagno,22.07760478616667,2026-04-19T19:00:00.000Z
sensor.meross_temperature_bagno,22.04953406025,2026-04-19T20:00:00.000Z
sensor.meross_temperature_bagno,22,2026-04-19T21:00:00.000Z
sensor.meross_temperature_bagno,22,2026-04-19T22:00:00.000Z
sensor.meross_temperature_bagno,21.902418490694444,2026-04-20T01:00:00.000Z
sensor.meross_temperature_bagno,21.873495561055552,2026-04-20T02:00:00.000Z
sensor.meross_temperature_bagno,21.8,2026-04-20T03:00:00.000Z
sensor.meross_temperature_bagno,21.713703186555552,2026-04-20T04:00:00.000Z
sensor.meross_temperature_bagno,21.868866775194444,2026-04-20T05:00:00.000Z
sensor.meross_temperature_bagno,21.66591620991667,2026-04-20T06:00:00.000Z
sensor.meross_temperature_bagno,21.600000000000005,2026-04-20T07:00:00.000Z
sensor.meross_temperature_bagno,21.65661549786111,2026-04-20T08:00:00.000Z
sensor.meross_temperature_bagno,21.7,2026-04-20T09:00:00.000Z
sensor.meross_temperature_bagno,21.621451866416667,2026-04-20T10:00:00.000Z
sensor.meross_temperature_bagno,21.5,2026-04-20T11:00:00.000Z
sensor.meross_temperature_bagno,21.5,2026-04-20T12:00:00.000Z
sensor.meross_temperature_bagno,21.56362031752778,2026-04-20T14:00:00.000Z
sensor.meross_temperature_bagno,21.89128141794444,2026-04-20T15:00:00.000Z
sensor.meross_temperature_bagno,21.9273156335,2026-04-20T16:00:00.000Z
sensor.meross_temperature_bagno,22,2026-04-20T17:00:00.000Z
sensor.meross_temperature_bagno,22,2026-04-20T18:00:00.000Z
sensor.meross_temperature_bagno,21.988647389222223,2026-04-21T00:00:00.000Z
sensor.meross_temperature_bagno,21.899999999999995,2026-04-21T01:00:00.000Z
sensor.meross_temperature_bagno,21.882175710194446,2026-04-21T02:00:00.000Z
sensor.meross_temperature_bagno,21.8,2026-04-21T03:00:00.000Z
sensor.meross_temperature_bagno,21.8,2026-04-21T04:00:00.000Z
sensor.meross_temperature_bagno,21.712076080527776,2026-04-21T05:00:00.000Z
sensor.meross_temperature_bagno,21.7,2026-04-21T06:00:00.000Z
sensor.meross_temperature_bagno,21.7,2026-04-21T07:00:00.000Z
sensor.meross_temperature_bagno,21.62659772611111,2026-04-21T11:00:00.000Z
sensor.meross_temperature_bagno,21.370818519583334,2026-04-21T12:00:00.000Z
sensor.meross_temperature_bagno,21.327047609916665,2026-04-21T13:00:00.000Z
sensor.meross_temperature_bagno,21.600000000000005,2026-04-21T14:00:00.000Z
sensor.meross_temperature_bagno,21.68304620572222,2026-04-21T15:00:00.000Z
sensor.meross_temperature_bagno,21.7,2026-04-21T16:00:00.000Z
sensor.meross_temperature_bagno,21.795121871277775,2026-04-21T17:00:00.000Z
sensor.meross_temperature_bagno,21.8,2026-04-21T18:00:00.000Z
sensor.meross_temperature_bagno,21.8,2026-04-21T19:00:00.000Z
sensor.meross_temperature_bagno,21.718962203444445,2026-04-21T20:00:00.000Z
sensor.meross_temperature_bagno,21.7,2026-04-21T21:00:00.000Z
sensor.meross_temperature_bagno,21.677593959694445,2026-04-21T22:00:00.000Z
sensor.meross_temperature_bagno,21.600000000000005,2026-04-21T23:00:00.000Z
sensor.meross_temperature_bagno,21.540253904083333,2026-04-22T00:00:00.000Z
sensor.meross_temperature_bagno,21.5,2026-04-22T01:00:00.000Z
sensor.meross_temperature_bagno,21.5,2026-04-22T02:00:00.000Z
sensor.meross_temperature_bagno,21.418250923388886,2026-04-22T03:00:00.000Z
sensor.meross_temperature_bagno,21.384105563944445,2026-04-22T04:00:00.000Z
sensor.meross_temperature_bagno,21.3,2026-04-22T05:00:00.000Z
sensor.meross_temperature_bagno,21.37163234661111,2026-04-22T06:00:00.000Z
sensor.meross_temperature_bagno,21.3,2026-04-22T07:00:00.000Z
sensor.meross_temperature_bagno,21.3,2026-04-22T08:00:00.000Z
sensor.meross_temperature_bagno,21.34333291186111,2026-04-22T13:00:00.000Z
sensor.meross_temperature_bagno,21.399999999999995,2026-04-22T14:00:00.000Z
sensor.meross_temperature_bagno,21.399999999999995,2026-04-22T15:00:00.000Z
sensor.meross_temperature_bagno,21.38038312047222,2026-04-22T20:00:00.000Z
sensor.meross_temperature_bagno,21.399999999999995,2026-04-22T21:00:00.000Z
sensor.meross_temperature_bagno,21.399999999999995,2026-04-22T22:00:00.000Z
sensor.meross_temperature_bagno,21.351460053055558,2026-04-23T00:00:00.000Z
sensor.meross_temperature_bagno,21.3,2026-04-23T01:00:00.000Z
sensor.meross_temperature_bagno,21.258993550638888,2026-04-23T02:00:00.000Z
sensor.meross_temperature_bagno,21.2,2026-04-23T03:00:00.000Z
sensor.meross_temperature_bagno,21.167304212583332,2026-04-23T04:00:00.000Z
sensor.meross_temperature_bagno,21.1,2026-04-23T05:00:00.000Z
sensor.meross_temperature_bagno,21.326840908972223,2026-04-23T06:00:00.000Z
sensor.meross_temperature_bagno,21.10323565038889,2026-04-23T07:00:00.000Z
sensor.meross_temperature_bagno,21.1,2026-04-23T08:00:00.000Z
sensor.meross_temperature_bagno,21.186426010138888,2026-04-23T09:00:00.000Z
sensor.meross_temperature_bagno,21.2,2026-04-23T10:00:00.000Z
sensor.meross_temperature_bagno,21.2,2026-04-23T11:00:00.000Z
sensor.meross_temperature_bagno,21.210591788055556,2026-04-23T12:00:00.000Z
sensor.meross_temperature_bagno,21.3,2026-04-23T13:00:00.000Z
sensor.meross_temperature_bagno,21.3,2026-04-23T14:00:00.000Z
sensor.meross_temperature_bagno,21.369409750583333,2026-04-23T15:00:00.000Z
sensor.meross_temperature_bagno,21.399999999999995,2026-04-23T16:00:00.000Z
sensor.meross_temperature_bagno,21.399999999999995,2026-04-23T17:00:00.000Z
sensor.meross_temperature_bagno,21.401608094499995,2026-04-23T18:00:00.000Z
sensor.meross_temperature_bagno,21.5,2026-04-23T19:00:00.000Z
sensor.meross_temperature_bagno,21.5,2026-04-23T20:00:00.000Z
sensor.meross_temperature_bagno,21.45872123627778,2026-04-23T23:00:00.000Z
sensor.meross_temperature_bagno,21.399999999999995,2026-04-24T00:00:00.000Z
sensor.meross_temperature_bagno,21.32138403813889,2026-04-24T01:00:00.000Z
sensor.meross_temperature_bagno,21.253169216916667,2026-04-24T02:00:00.000Z
sensor.meross_temperature_bagno,21.2,2026-04-24T03:00:00.000Z
sensor.meross_temperature_bagno,21.127080924305556,2026-04-24T04:00:00.000Z
sensor.meross_temperature_bagno,21.1,2026-04-24T05:00:00.000Z
sensor.meross_temperature_bagno,21.1981674685,2026-04-24T06:00:00.000Z
sensor.meross_temperature_bagno,21.1,2026-04-24T07:00:00.000Z
sensor.meross_temperature_bagno,21.145626941,2026-04-24T08:00:00.000Z
sensor.meross_temperature_bagno,21.2,2026-04-24T09:00:00.000Z
sensor.meross_temperature_bagno,21.289720274361112,2026-04-24T10:00:00.000Z
sensor.meross_temperature_bagno,21.3,2026-04-24T11:00:00.000Z
sensor.meross_temperature_bagno,21.3,2026-04-24T12:00:00.000Z
sensor.meross_temperature_bagno,21.38240728472222,2026-04-24T13:00:00.000Z
sensor.meross_temperature_bagno,21.399999999999995,2026-04-24T14:00:00.000Z
sensor.meross_temperature_bagno,21.399999999999995,2026-04-24T15:00:00.000Z
sensor.meross_temperature_bagno,21.40682364802778,2026-04-24T17:00:00.000Z
sensor.meross_temperature_bagno,21.45814059369444,2026-04-24T18:00:00.000Z
sensor.meross_temperature_bagno,21.58803208977778,2026-04-24T19:00:00.000Z
sensor.meross_temperature_bagno,21.54935252425,2026-04-24T20:00:00.000Z
sensor.meross_temperature_bagno,21.5,2026-04-24T21:00:00.000Z
sensor.meross_temperature_bagno,21.5,2026-04-24T22:00:00.000Z
sensor.meross_temperature_bagno,21.450534616305557,2026-04-24T23:00:00.000Z
sensor.meross_temperature_bagno,21.399999999999995,2026-04-25T00:00:00.000Z
sensor.meross_temperature_bagno,21.34686997363889,2026-04-25T01:00:00.000Z
sensor.meross_temperature_bagno,21.3,2026-04-25T02:00:00.000Z
sensor.meross_temperature_bagno,21.20669452275,2026-04-25T03:00:00.000Z
sensor.meross_temperature_bagno,21.2,2026-04-25T04:00:00.000Z
sensor.meross_temperature_bagno,21.2,2026-04-25T05:00:00.000Z
sensor.meross_temperature_bagno,21.257257762055556,2026-04-25T09:00:00.000Z
sensor.meross_temperature_bagno,21.3,2026-04-25T10:00:00.000Z
sensor.meross_temperature_bagno,21.396821662138887,2026-04-25T11:00:00.000Z
sensor.meross_temperature_bagno,21.42950703433333,2026-04-25T12:00:00.000Z
sensor.meross_temperature_bagno,21.525913401472224,2026-04-25T13:00:00.000Z
sensor.meross_temperature_bagno,21.5,2026-04-25T14:00:00.000Z
sensor.meross_temperature_bagno,21.558135430972225,2026-04-25T15:00:00.000Z
sensor.meross_temperature_bagno,21.600000000000005,2026-04-25T16:00:00.000Z
sensor.meross_temperature_bagno,21.600000000000005,2026-04-25T17:00:00.000Z
sensor.meross_temperature_bagno,21.652436636166666,2026-04-25T18:00:00.000Z
sensor.meross_temperature_bagno,21.7,2026-04-25T19:00:00.000Z
sensor.meross_temperature_bagno,21.75048782144444,2026-04-25T20:00:00.000Z
sensor.meross_temperature_bagno,21.8,2026-04-25T21:00:00.000Z
sensor.meross_temperature_bagno,21.77499481166667,2026-04-25T22:00:00.000Z
sensor.meross_temperature_bagno,21.7,2026-04-25T23:00:00.000Z
sensor.meross_temperature_bagno,21.7,2026-04-26T00:00:00.000Z
sensor.meross_temperature_bagno,21.64235269352778,2026-04-26T02:00:00.000Z
sensor.meross_temperature_bagno,21.600000000000005,2026-04-26T03:00:00.000Z
sensor.meross_temperature_bagno,21.54146673027778,2026-04-26T04:00:00.000Z
sensor.meross_temperature_bagno,21.5,2026-04-26T05:00:00.000Z
sensor.meross_temperature_bagno,21.5,2026-04-26T06:00:00.000Z
sensor.meross_temperature_bagno,21.55491371847222,2026-04-26T07:00:00.000Z
sensor.meross_temperature_bagno,21.61641803727778,2026-04-26T08:00:00.000Z
sensor.meross_temperature_bagno,21.643325502055557,2026-04-26T09:00:00.000Z
sensor.meross_temperature_bagno,21.700283444277776,2026-04-26T10:00:00.000Z
sensor.meross_temperature_bagno,21.8,2026-04-26T11:00:00.000Z
sensor.meross_temperature_bagno,21.848850046249996,2026-04-26T12:00:00.000Z
sensor.meross_temperature_bagno,21.8352875495,2026-04-26T13:00:00.000Z
sensor.meross_temperature_bagno,21.8,2026-04-26T14:00:00.000Z
sensor.meross_temperature_bagno,21.89305298272222,2026-04-26T15:00:00.000Z
sensor.meross_temperature_bagno,21.991273047083336,2026-04-26T16:00:00.000Z
sensor.meross_temperature_bagno,22.042646067638888,2026-04-26T17:00:00.000Z
sensor.meross_temperature_bagno,22.13926276447222,2026-04-26T18:00:00.000Z
sensor.meross_temperature_bagno,22.100000000000005,2026-04-26T19:00:00.000Z
sensor.meross_temperature_bagno,22.100000000000005,2026-04-26T20:00:00.000Z
sensor.meross_temperature_bagno,22.004874104027778,2026-04-26T22:00:00.000Z
sensor.meross_temperature_bagno,22,2026-04-26T23:00:00.000Z
sensor.meross_temperature_bagno,22,2026-04-27T00:00:00.000Z
sensor.meross_temperature_bagno,21.992295425333335,2026-04-27T02:00:00.000Z
sensor.meross_temperature_bagno,21.899999999999995,2026-04-27T03:00:00.000Z
sensor.meross_temperature_bagno,21.86748581177778,2026-04-27T04:00:00.000Z
sensor.meross_temperature_bagno,21.8,2026-04-27T05:00:00.000Z
sensor.meross_temperature_bagno,21.839259592972223,2026-04-27T06:00:00.000Z
sensor.meross_temperature_bagno,21.8,2026-04-27T07:00:00.000Z
sensor.meross_temperature_bagno,21.80694434061111,2026-04-27T08:00:00.000Z
sensor.meross_temperature_bagno,21.899999999999995,2026-04-27T09:00:00.000Z
sensor.meross_temperature_bagno,21.899999999999995,2026-04-27T10:00:00.000Z
sensor.meross_temperature_bagno,21.965983093833334,2026-04-27T12:00:00.000Z
sensor.meross_temperature_bagno,22.02852634336111,2026-04-27T13:00:00.000Z
sensor.meross_temperature_bagno,22.100000000000005,2026-04-27T14:00:00.000Z
sensor.meross_temperature_bagno,22.1745619255,2026-04-27T15:00:00.000Z
sensor.meross_temperature_bagno,22.2,2026-04-27T16:00:00.000Z
sensor.meross_temperature_bagno,22.261595965500003,2026-04-27T17:00:00.000Z
sensor.meross_temperature_bagno,22.353002954555553,2026-04-27T18:00:00.000Z
sensor.meross_temperature_bagno,22.3,2026-04-27T19:00:00.000Z
sensor.meross_temperature_bagno,22.3,2026-04-27T20:00:00.000Z
sensor.meross_temperature_bagno,22.298443683277778,2026-04-27T23:00:00.000Z
sensor.meross_temperature_bagno,22.2,2026-04-28T00:00:00.000Z
sensor.meross_temperature_bagno,22.2,2026-04-28T01:00:00.000Z
sensor.meross_temperature_bagno,22.139652053583333,2026-04-28T02:00:00.000Z
sensor.meross_temperature_bagno,22.100000000000005,2026-04-28T03:00:00.000Z
sensor.meross_temperature_bagno,22.064328966444446,2026-04-28T04:00:00.000Z
sensor.meross_temperature_bagno,22,2026-04-28T05:00:00.000Z
sensor.meross_temperature_bagno,22.086942480222223,2026-04-28T06:00:00.000Z
sensor.meross_temperature_bagno,22,2026-04-28T07:00:00.000Z
sensor.meross_temperature_bagno,22,2026-04-28T08:00:00.000Z
sensor.meross_temperature_bagno,22.005930542472225,2026-04-28T09:00:00.000Z
sensor.meross_temperature_bagno,22.100000000000005,2026-04-28T10:00:00.000Z
sensor.meross_temperature_bagno,22.141588567694445,2026-04-28T11:00:00.000Z
sensor.meross_temperature_bagno,22.3,2026-04-28T12:00:00.000Z
sensor.meross_temperature_bagno,22.327265122194444,2026-04-28T13:00:00.000Z
sensor.meross_temperature_bagno,22.399999999999995,2026-04-28T14:00:00.000Z
sensor.meross_temperature_bagno,22.43898792677778,2026-04-28T15:00:00.000Z
sensor.meross_temperature_bagno,22.5,2026-04-28T16:00:00.000Z
sensor.meross_temperature_bagno,22.593166221500002,2026-04-28T17:00:00.000Z
sensor.meross_temperature_bagno,22.600000000000005,2026-04-28T18:00:00.000Z
sensor.meross_temperature_bagno,22.600000000000005,2026-04-28T19:00:00.000Z
sensor.meross_temperature_bagno,22.624559834750002,2026-04-28T20:00:00.000Z
sensor.meross_temperature_bagno,22.600000000000005,2026-04-28T21:00:00.000Z
sensor.meross_temperature_bagno,22.580278949916664,2026-04-28T22:00:00.000Z
sensor.meross_temperature_bagno,22.5,2026-04-28T23:00:00.000Z
sensor.meross_temperature_bagno,22.5,2026-04-29T00:00:00.000Z
sensor.meross_temperature_bagno,22.46891931997222,2026-04-29T01:00:00.000Z
sensor.meross_temperature_bagno,22.399999999999995,2026-04-29T02:00:00.000Z
sensor.meross_temperature_bagno,22.34841685597222,2026-04-29T03:00:00.000Z
sensor.meross_temperature_bagno,22.3,2026-04-29T04:00:00.000Z
sensor.meross_temperature_bagno,22.3,2026-04-29T05:00:00.000Z
sensor.meross_temperature_bagno,22.469110588666666,2026-04-29T06:00:00.000Z
sensor.meross_temperature_bagno,22.314358214888887,2026-04-29T07:00:00.000Z
sensor.meross_temperature_bagno,22.3,2026-04-29T08:00:00.000Z
sensor.meross_temperature_bagno,22.3,2026-04-29T09:00:00.000Z
sensor.meross_temperature_bagno,22.30341831425,2026-04-29T10:00:00.000Z
sensor.meross_temperature_bagno,22.419782799305555,2026-04-29T11:00:00.000Z
sensor.meross_temperature_bagno,22.5,2026-04-29T12:00:00.000Z
sensor.meross_temperature_bagno,22.5,2026-04-29T13:00:00.000Z
sensor.meross_temperature_bagno,22.58953597577778,2026-04-29T16:00:00.000Z
sensor.meross_temperature_bagno,22.7,2026-04-29T17:00:00.000Z
sensor.meross_temperature_bagno,22.7,2026-04-29T18:00:00.000Z
sensor.meross_temperature_bagno,22.658140522833335,2026-04-29T19:00:00.000Z
sensor.meross_temperature_bagno,22.600000000000005,2026-04-29T20:00:00.000Z
sensor.meross_temperature_bagno,22.600000000000005,2026-04-29T21:00:00.000Z
sensor.meross_temperature_bagno,22.50557548977778,2026-04-29T23:00:00.000Z
sensor.meross_temperature_bagno,22.5,2026-04-30T00:00:00.000Z
sensor.meross_temperature_bagno,22.4488418735,2026-04-30T01:00:00.000Z
sensor.meross_temperature_bagno,22.382383741722222,2026-04-30T02:00:00.000Z
sensor.meross_temperature_bagno,22.3,2026-04-30T03:00:00.000Z
sensor.meross_temperature_bagno,22.222950646416667,2026-04-30T04:00:00.000Z
sensor.meross_temperature_bagno,22.2,2026-04-30T05:00:00.000Z
sensor.meross_temperature_bagno,22.2,2026-04-30T06:00:00.000Z
sensor.meross_temperature_bagno,22.106757439027778,2026-04-30T07:00:00.000Z
sensor.meross_temperature_bagno,22.100000000000005,2026-04-30T08:00:00.000Z
sensor.meross_temperature_bagno,22.100000000000005,2026-04-30T09:00:00.000Z
sensor.meross_temperature_bagno,22.186120363055554,2026-04-30T13:00:00.000Z
sensor.meross_temperature_bagno,22.2,2026-04-30T14:00:00.000Z
sensor.meross_temperature_bagno,22.25807234375,2026-04-30T15:00:00.000Z
sensor.meross_temperature_bagno,22.185655867222223,2026-04-30T16:00:00.000Z
sensor.meross_temperature_bagno,22.09330861016667,2026-04-30T17:00:00.000Z
sensor.meross_temperature_bagno,22.297420567416665,2026-04-30T18:00:00.000Z
sensor.meross_temperature_bagno,22.3,2026-04-30T19:00:00.000Z
sensor.meross_temperature_bagno,22.3,2026-04-30T20:00:00.000Z
sensor.meross_temperature_bagno,22.20594881566667,2026-04-30T23:00:00.000Z
sensor.meross_temperature_bagno,22.2,2026-05-01T00:00:00.000Z
sensor.meross_temperature_bagno,22.108841550111112,2026-05-01T01:00:00.000Z
sensor.meross_temperature_bagno,22.0231562905,2026-05-01T02:00:00.000Z
sensor.meross_temperature_bagno,22,2026-05-01T03:00:00.000Z
sensor.meross_temperature_bagno,22,2026-05-01T04:00:00.000Z
sensor.meross_temperature_bagno,21.901293629444442,2026-05-01T05:00:00.000Z
sensor.meross_temperature_bagno,21.899999999999995,2026-05-01T06:00:00.000Z
sensor.meross_temperature_bagno,21.899999999999995,2026-05-01T07:00:00.000Z
sensor.meross_temperature_bagno,21.852324651805556,2026-05-01T08:00:00.000Z
sensor.meross_temperature_bagno,21.899999999999995,2026-05-01T09:00:00.000Z
sensor.meross_temperature_bagno,21.90497848011111,2026-05-01T10:00:00.000Z
sensor.meross_temperature_bagno,21.99519439808333,2026-05-01T11:00:00.000Z
sensor.meross_temperature_bagno,21.832785608305556,2026-05-01T12:00:00.000Z
sensor.meross_temperature_bagno,21.852208143055552,2026-05-01T13:00:00.000Z
sensor.meross_temperature_bagno,21.899999999999995,2026-05-01T14:00:00.000Z
sensor.meross_temperature_bagno,21.883161617444443,2026-05-01T15:00:00.000Z
sensor.meross_temperature_bagno,21.96278931247222,2026-05-01T16:00:00.000Z
sensor.meross_temperature_bagno,22,2026-05-01T17:00:00.000Z
sensor.meross_temperature_bagno,22.045994134055558,2026-05-01T18:00:00.000Z
sensor.meross_temperature_bagno,22.103650558222224,2026-05-01T19:00:00.000Z
sensor.meross_temperature_bagno,22.100000000000005,2026-05-01T20:00:00.000Z
sensor.meross_temperature_bagno,22.048639210527778,2026-05-01T21:00:00.000Z
sensor.meross_temperature_bagno,22,2026-05-01T22:00:00.000Z
sensor.meross_temperature_bagno,22,2026-05-01T23:00:00.000Z
sensor.meross_temperature_bagno,21.906790053861112,2026-05-02T03:00:00.000Z
sensor.meross_temperature_bagno,21.841424761222225,2026-05-02T04:00:00.000Z
sensor.meross_temperature_bagno,21.768295937305556,2026-05-02T05:00:00.000Z
sensor.meross_temperature_bagno,21.7,2026-05-02T06:00:00.000Z
sensor.meross_temperature_bagno,21.78268824425,2026-05-02T07:00:00.000Z
sensor.meross_temperature_bagno,21.8,2026-05-02T08:00:00.000Z
sensor.meross_temperature_bagno,21.894770773916665,2026-05-02T09:00:00.000Z
sensor.meross_temperature_bagno,21.899999999999995,2026-05-02T10:00:00.000Z
sensor.meross_temperature_bagno,21.899999999999995,2026-05-02T11:00:00.000Z
sensor.meross_temperature_bagno,21.978845564555556,2026-05-02T12:00:00.000Z
sensor.meross_temperature_bagno,22,2026-05-02T13:00:00.000Z
sensor.meross_temperature_bagno,22.0909291575,2026-05-02T14:00:00.000Z
sensor.meross_temperature_bagno,22.164524094944444,2026-05-02T15:00:00.000Z
sensor.meross_temperature_bagno,22.100000000000005,2026-05-02T16:00:00.000Z
sensor.meross_temperature_bagno,22.100000000000005,2026-05-02T17:00:00.000Z
sensor.meross_temperature_bagno,22.18983887572222,2026-05-02T18:00:00.000Z
sensor.meross_temperature_bagno,22.2,2026-05-02T19:00:00.000Z
sensor.meross_temperature_bagno,22.2,2026-05-02T20:00:00.000Z
sensor.meross_temperature_bagno,22.115116836555558,2026-05-03T00:00:00.000Z
sensor.meross_temperature_bagno,22.046962885333333,2026-05-03T01:00:00.000Z
sensor.meross_temperature_bagno,22,2026-05-03T02:00:00.000Z
sensor.meross_temperature_bagno,22,2026-05-03T03:00:00.000Z
sensor.meross_temperature_bagno,21.938658521305555,2026-05-03T04:00:00.000Z
sensor.meross_temperature_bagno,21.899999999999995,2026-05-03T05:00:00.000Z
sensor.meross_temperature_bagno,21.871936660944442,2026-05-03T06:00:00.000Z
sensor.meross_temperature_bagno,21.87474218,2026-05-03T07:00:00.000Z
sensor.meross_temperature_bagno,21.899999999999995,2026-05-03T08:00:00.000Z
sensor.meross_temperature_bagno,21.957638841333335,2026-05-03T09:00:00.000Z
sensor.meross_temperature_bagno,22.006178285083333,2026-05-03T10:00:00.000Z
sensor.meross_temperature_bagno,22.100000000000005,2026-05-03T11:00:00.000Z
sensor.meross_temperature_bagno,22.13507243086111,2026-05-03T12:00:00.000Z
sensor.meross_temperature_bagno,22.220569886972225,2026-05-03T13:00:00.000Z
sensor.meross_temperature_bagno,22.302357335555556,2026-05-03T14:00:00.000Z
sensor.meross_temperature_bagno,22.3,2026-05-03T15:00:00.000Z
sensor.meross_temperature_bagno,22.381690266611113,2026-05-03T16:00:00.000Z
sensor.meross_temperature_bagno,22.399999999999995,2026-05-03T17:00:00.000Z
sensor.meross_temperature_bagno,22.399999999999995,2026-05-03T18:00:00.000Z
sensor.meross_temperature_bagno,22.386561964944445,2026-05-03T22:00:00.000Z
sensor.meross_temperature_bagno,22.3,2026-05-03T23:00:00.000Z
sensor.meross_temperature_bagno,22.3,2026-05-04T00:00:00.000Z
sensor.meross_temperature_bagno,22.21096067025,2026-05-04T01:00:00.000Z
sensor.meross_temperature_bagno,22.2,2026-05-04T02:00:00.000Z
sensor.meross_temperature_bagno,22.32361420780556,2026-05-04T03:00:00.000Z
sensor.meross_temperature_bagno,22.03595310477778,2026-05-04T04:00:00.000Z
sensor.meross_temperature_bagno,22,2026-05-04T05:00:00.000Z
sensor.meross_temperature_bagno,22.016866495944445,2026-05-04T06:00:00.000Z
sensor.meross_temperature_bagno,22,2026-05-04T07:00:00.000Z
sensor.meross_temperature_bagno,22,2026-05-04T08:00:00.000Z
sensor.meross_temperature_bagno,22.041063978249998,2026-05-04T11:00:00.000Z
sensor.meross_temperature_bagno,22.100000000000005,2026-05-04T12:00:00.000Z
sensor.meross_temperature_bagno,22.100000000000005,2026-05-04T13:00:00.000Z
sensor.meross_temperature_bagno,22.154951857138887,2026-05-04T14:00:00.000Z
sensor.meross_temperature_bagno,22.206269469472222,2026-05-04T15:00:00.000Z
sensor.meross_temperature_bagno,22.2049284015,2026-05-04T16:00:00.000Z
sensor.meross_temperature_bagno,22.2,2026-05-04T17:00:00.000Z
sensor.meross_temperature_bagno,22.2,2026-05-04T18:00:00.000Z
sensor.meross_temperature_bagno,22.147490109666666,2026-05-04T19:00:00.000Z
sensor.meross_temperature_bagno,22.03430676052778,2026-05-04T20:00:00.000Z
sensor.meross_temperature_bagno,22.2,2026-05-04T21:00:00.000Z
sensor.meross_temperature_bagno,22.2,2026-05-04T22:00:00.000Z
sensor.meross_temperature_bagno,22.116637581277782,2026-05-04T23:00:00.000Z
sensor.meross_temperature_bagno,22.100000000000005,2026-05-05T00:00:00.000Z
sensor.meross_temperature_bagno,22.100000000000005,2026-05-05T01:00:00.000Z
sensor.meross_temperature_bagno,22.01650524672222,2026-05-05T03:00:00.000Z
sensor.meross_temperature_bagno,22,2026-05-05T04:00:00.000Z
sensor.meross_temperature_bagno,22,2026-05-05T05:00:00.000Z
sensor.meross_temperature_bagno,22.01125287502778,2026-05-05T06:00:00.000Z
sensor.meross_temperature_bagno,22,2026-05-05T07:00:00.000Z
sensor.meross_temperature_bagno,22,2026-05-05T08:00:00.000Z
sensor.meross_temperature_bagno,21.944999591277778,2026-05-05T12:00:00.000Z
sensor.meross_temperature_bagno,21.854365338527774,2026-05-05T13:00:00.000Z
sensor.meross_temperature_bagno,21.8,2026-05-05T14:00:00.000Z
sensor.meross_temperature_bagno,21.79322877147222,2026-05-05T15:00:00.000Z
sensor.meross_temperature_bagno,21.899999999999995,2026-05-05T16:00:00.000Z
sensor.meross_temperature_bagno,21.899999999999995,2026-05-05T17:00:00.000Z
sensor.meross_temperature_bagno,21.81145180225,2026-05-05T23:00:00.000Z
sensor.meross_temperature_bagno,21.8,2026-05-06T00:00:00.000Z
sensor.meross_temperature_bagno,21.77789147236111,2026-05-06T01:00:00.000Z
sensor.meross_temperature_bagno,21.7,2026-05-06T02:00:00.000Z
sensor.meross_temperature_bagno,21.7,2026-05-06T03:00:00.000Z
sensor.meross_temperature_bagno,21.60787586386111,2026-05-06T04:00:00.000Z
sensor.meross_temperature_bagno,21.600000000000005,2026-05-06T05:00:00.000Z
sensor.meross_temperature_bagno,21.583456610972224,2026-05-06T06:00:00.000Z
sensor.meross_temperature_bagno,21.529212289750003,2026-05-06T07:00:00.000Z
sensor.meross_temperature_bagno,21.600000000000005,2026-05-06T08:00:00.000Z
sensor.meross_temperature_bagno,21.600000000000005,2026-05-06T09:00:00.000Z
sensor.meross_temperature_bagno,21.686082031305556,2026-05-06T12:00:00.000Z
sensor.meross_temperature_bagno,21.7,2026-05-06T13:00:00.000Z
sensor.meross_temperature_bagno,21.7,2026-05-06T14:00:00.000Z
sensor.meross_temperature_bagno,21.71864091702778,2026-05-06T15:00:00.000Z
sensor.meross_temperature_bagno,21.8,2026-05-06T16:00:00.000Z
sensor.meross_temperature_bagno,22.03147230147222,2026-05-06T17:00:00.000Z
sensor.meross_temperature_bagno,21.76630380236111,2026-05-06T18:00:00.000Z
sensor.meross_temperature_bagno,21.7,2026-05-06T19:00:00.000Z
sensor.meross_temperature_bagno,21.7,2026-05-06T20:00:00.000Z
sensor.meross_temperature_bagno,21.687731679444443,2026-05-06T21:00:00.000Z
sensor.meross_temperature_bagno,21.583232749694446,2026-05-06T22:00:00.000Z
sensor.meross_temperature_bagno,21.5,2026-05-06T23:00:00.000Z
sensor.meross_temperature_bagno,21.5,2026-05-07T00:00:00.000Z
sensor.meross_temperature_bagno,21.4442542715,2026-05-07T02:00:00.000Z
sensor.meross_temperature_bagno,21.399999999999995,2026-05-07T03:00:00.000Z
sensor.meross_temperature_bagno,21.306913199805557,2026-05-07T04:00:00.000Z
sensor.meross_temperature_bagno,21.3,2026-05-07T05:00:00.000Z
sensor.meross_temperature_bagno,21.381135847527776,2026-05-07T06:00:00.000Z
sensor.meross_temperature_bagno,21.303084815083334,2026-05-07T07:00:00.000Z
sensor.meross_temperature_bagno,21.24978614063889,2026-05-07T08:00:00.000Z
sensor.meross_temperature_bagno,21.28601390802778,2026-05-07T09:00:00.000Z
sensor.meross_temperature_bagno,21.326108989999998,2026-05-07T10:00:00.000Z
sensor.meross_temperature_bagno,21.4,2026-05-07T11:00:00.000Z
sensor.meross_temperature_bagno,21.5,2026-05-07T17:00:00.000Z
sensor.meross_temperature_bagno,21.59166666666667,2026-05-07T18:00:00.000Z
sensor.meross_temperature_bagno,21.600000000000005,2026-05-07T19:00:00.000Z
sensor.meross_temperature_bagno,21.600000000000005,2026-05-07T20:00:00.000Z
sensor.meross_temperature_bagno,21.572130224833334,2026-05-07T22:00:00.000Z
sensor.meross_temperature_bagno,21.5,2026-05-07T23:00:00.000Z
sensor.meross_temperature_bagno,21.5,2026-05-08T00:00:00.000Z
sensor.meross_temperature_bagno,21.450770480694445,2026-05-08T02:00:00.000Z
sensor.meross_temperature_bagno,21.399999999999995,2026-05-08T03:00:00.000Z
sensor.meross_temperature_bagno,21.367415304,2026-05-08T04:00:00.000Z
sensor.meross_temperature_bagno,21.3,2026-05-08T05:00:00.000Z
sensor.meross_temperature_bagno,21.46713920136111,2026-05-08T06:00:00.000Z
sensor.meross_temperature_bagno,21.399999999999995,2026-05-08T07:00:00.000Z
sensor.meross_temperature_bagno,21.399999999999995,2026-05-08T08:00:00.000Z
sensor.meross_temperature_bagno,21.42482542638889,2026-05-08T11:00:00.000Z
sensor.meross_temperature_bagno,21.563113612333336,2026-05-08T12:00:00.000Z
sensor.meross_temperature_bagno,21.600000000000005,2026-05-08T13:00:00.000Z
sensor.meross_temperature_bagno,21.600000000000005,2026-05-08T14:00:00.000Z
sensor.meross_temperature_bagno,21.62379296475,2026-05-08T15:00:00.000Z
sensor.meross_temperature_bagno,21.7,2026-05-08T16:00:00.000Z
sensor.meross_temperature_bagno,21.77513933883333,2026-05-08T17:00:00.000Z
sensor.meross_temperature_bagno,21.734226084444444,2026-05-08T18:00:00.000Z
sensor.meross_temperature_bagno,21.7,2026-05-08T19:00:00.000Z
sensor.meross_temperature_bagno,21.7,2026-05-08T20:00:00.000Z
sensor.meross_temperature_bagno,21.642149750111113,2026-05-08T23:00:00.000Z
sensor.meross_temperature_bagno,21.600000000000005,2026-05-09T00:00:00.000Z
sensor.meross_temperature_bagno,21.546903137472224,2026-05-09T01:00:00.000Z
sensor.meross_temperature_bagno,21.5,2026-05-09T02:00:00.000Z
sensor.meross_temperature_bagno,21.47897238125,2026-05-09T03:00:00.000Z
sensor.meross_temperature_bagno,21.399999999999995,2026-05-09T04:00:00.000Z
sensor.meross_temperature_bagno,21.362661182583334,2026-05-09T05:00:00.000Z
sensor.meross_temperature_bagno,21.3,2026-05-09T06:00:00.000Z
sensor.meross_temperature_bagno,21.442442300249997,2026-05-09T07:00:00.000Z
sensor.meross_temperature_bagno,21.5,2026-05-09T08:00:00.000Z
sensor.meross_temperature_bagno,21.504567085999998,2026-05-09T09:00:00.000Z
sensor.meross_temperature_bagno,21.63838026136111,2026-05-09T10:00:00.000Z
sensor.meross_temperature_bagno,21.65113415538889,2026-05-09T11:00:00.000Z
sensor.meross_temperature_bagno,21.76699802886111,2026-05-09T12:00:00.000Z
sensor.meross_temperature_bagno,21.804340970277778,2026-05-09T13:00:00.000Z
sensor.meross_temperature_bagno,21.899999999999995,2026-05-09T14:00:00.000Z
sensor.meross_temperature_bagno,22.051025019055555,2026-05-09T15:00:00.000Z
sensor.meross_temperature_bagno,22,2026-05-09T16:00:00.000Z
sensor.meross_temperature_bagno,22,2026-05-09T17:00:00.000Z
sensor.meross_temperature_bagno,21.98264229125,2026-05-09T22:00:00.000Z
sensor.meross_temperature_bagno,21.899999999999995,2026-05-09T23:00:00.000Z
sensor.meross_temperature_bagno,21.899999999999995,2026-05-10T00:00:00.000Z
sensor.meross_temperature_bagno,21.85188263577778,2026-05-10T01:00:00.000Z
sensor.meross_temperature_bagno,21.8,2026-05-10T02:00:00.000Z
sensor.meross_temperature_bagno,21.8,2026-05-10T03:00:00.000Z
sensor.meross_temperature_bagno,21.732351909944445,2026-05-10T04:00:00.000Z
sensor.meross_temperature_bagno,21.7,2026-05-10T05:00:00.000Z
sensor.meross_temperature_bagno,21.7,2026-05-10T06:00:00.000Z
sensor.meross_temperature_bagno,21.732203347250003,2026-05-10T09:00:00.000Z
sensor.meross_temperature_bagno,21.7,2026-05-10T10:00:00.000Z
sensor.meross_temperature_bagno,21.7,2026-05-10T11:00:00.000Z
sensor.meross_temperature_bagno,21.662562490777777,2026-05-10T12:00:00.000Z
sensor.meross_temperature_bagno,21.600000000000005,2026-05-10T13:00:00.000Z
sensor.meross_temperature_bagno,21.600000000000005,2026-05-10T14:00:00.000Z
sensor.meross_temperature_bagno,21.57522218577778,2026-05-11T00:00:00.000Z
sensor.meross_temperature_bagno,21.5,2026-05-11T01:00:00.000Z
sensor.meross_temperature_bagno,21.5,2026-05-11T02:00:00.000Z
sensor.meross_temperature_bagno,21.4701674725,2026-05-11T05:00:00.000Z
sensor.meross_temperature_bagno,21.487792395555555,2026-05-11T06:00:00.000Z
sensor.meross_temperature_bagno,21.5,2026-05-11T07:00:00.000Z
sensor.meross_temperature_bagno,21.410654767694442,2026-05-11T08:00:00.000Z
sensor.meross_temperature_bagno,21.399999999999995,2026-05-11T09:00:00.000Z
sensor.meross_temperature_bagno,21.399999999999995,2026-05-11T10:00:00.000Z
sensor.meross_temperature_bagno,21.435990707749998,2026-05-11T11:00:00.000Z
sensor.meross_temperature_bagno,21.504174305472223,2026-05-11T12:00:00.000Z
sensor.meross_temperature_bagno,21.600000000000005,2026-05-11T13:00:00.000Z
sensor.meross_temperature_bagno,21.600000000000005,2026-05-11T14:00:00.000Z
sensor.meross_temperature_bagno,21.650626324277777,2026-05-11T16:00:00.000Z
sensor.meross_temperature_bagno,21.7,2026-05-11T17:00:00.000Z
sensor.meross_temperature_bagno,21.645555052333336,2026-05-11T18:00:00.000Z
sensor.meross_temperature_bagno,21.600000000000005,2026-05-11T19:00:00.000Z
sensor.meross_temperature_bagno,21.600000000000005,2026-05-11T20:00:00.000Z
sensor.meross_temperature_bagno,21.55735466861111,2026-05-11T21:00:00.000Z
sensor.meross_temperature_bagno,21.5,2026-05-11T22:00:00.000Z
sensor.meross_temperature_bagno,21.5,2026-05-11T23:00:00.000Z
sensor.meross_temperature_bagno,21.408346214999998,2026-05-12T01:00:00.000Z
sensor.meross_temperature_bagno,21.38092695925,2026-05-12T02:00:00.000Z
sensor.meross_temperature_bagno,21.3,2026-05-12T03:00:00.000Z
sensor.meross_temperature_bagno,21.22396148313889,2026-05-12T04:00:00.000Z
sensor.meross_temperature_bagno,21.2,2026-05-12T05:00:00.000Z
sensor.meross_temperature_bagno,21.331888052277776,2026-05-12T06:00:00.000Z
sensor.meross_temperature_bagno,21.3,2026-05-12T07:00:00.000Z
sensor.meross_temperature_bagno,21.3,2026-05-12T08:00:00.000Z
sensor.meross_temperature_bagno,21.26595253872222,2026-05-12T11:00:00.000Z
sensor.meross_temperature_bagno,21.04407356061111,2026-05-12T12:00:00.000Z
sensor.meross_temperature_bagno,21.174881469722223,2026-05-12T13:00:00.000Z
sensor.meross_temperature_bagno,21.3,2026-05-12T14:00:00.000Z
sensor.meross_temperature_bagno,21.30770177002778,2026-05-12T15:00:00.000Z
sensor.meross_temperature_bagno,21.399999999999995,2026-05-12T16:00:00.000Z
sensor.meross_temperature_bagno,21.399999999999995,2026-05-12T17:00:00.000Z
sensor.meross_temperature_bagno,21.311173051722225,2026-05-12T23:00:00.000Z
sensor.meross_temperature_bagno,21.3,2026-05-13T00:00:00.000Z
sensor.meross_temperature_bagno,21.263578931444446,2026-05-13T01:00:00.000Z
sensor.meross_temperature_bagno,21.2,2026-05-13T02:00:00.000Z
sensor.meross_temperature_bagno,21.145881974944444,2026-05-13T03:00:00.000Z
sensor.meross_temperature_bagno,21.1,2026-05-13T04:00:00.000Z
sensor.meross_temperature_bagno,21.007445491722223,2026-05-13T05:00:00.000Z
sensor.meross_temperature_bagno,21.20375266341667,2026-05-13T06:00:00.000Z
sensor.meross_temperature_bagno,21.03960591197222,2026-05-13T07:00:00.000Z
sensor.meross_temperature_bagno,21.017376786,2026-05-13T08:00:00.000Z
sensor.meross_temperature_bagno,21.1,2026-05-13T09:00:00.000Z
sensor.meross_temperature_bagno,21.10979183588889,2026-05-13T10:00:00.000Z
sensor.meross_temperature_bagno,21.2,2026-05-13T11:00:00.000Z
sensor.meross_temperature_bagno,21.2,2026-05-13T12:00:00.000Z
sensor.meross_temperature_bagno,21.262977329555557,2026-05-13T13:00:00.000Z
sensor.meross_temperature_bagno,21.3,2026-05-13T14:00:00.000Z
sensor.meross_temperature_bagno,21.3,2026-05-13T15:00:00.000Z
sensor.meross_temperature_bagno,21.366422646416666,2026-05-13T16:00:00.000Z
sensor.meross_temperature_bagno,21.399999999999995,2026-05-13T17:00:00.000Z
sensor.meross_temperature_bagno,21.399999999999995,2026-05-13T18:00:00.000Z
sensor.meross_temperature_bagno,21.345749282777778,2026-05-13T21:00:00.000Z
sensor.meross_temperature_bagno,21.3,2026-05-13T22:00:00.000Z
sensor.meross_temperature_bagno,21.3,2026-05-13T23:00:00.000Z
sensor.meross_temperature_bagno,21.296058977388892,2026-05-14T02:00:00.000Z
sensor.meross_temperature_bagno,21.2,2026-05-14T03:00:00.000Z
sensor.meross_temperature_bagno,21.17284720561111,2026-05-14T04:00:00.000Z
sensor.meross_temperature_bagno,21.12525750188889,2026-05-14T05:00:00.000Z
sensor.meross_temperature_bagno,21.39216351677778,2026-05-14T06:00:00.000Z
sensor.meross_temperature_bagno,21.181745656972222,2026-05-14T07:00:00.000Z
sensor.meross_temperature_bagno,21.18738682725,2026-05-14T08:00:00.000Z
sensor.meross_temperature_bagno,21.2,2026-05-14T09:00:00.000Z
sensor.meross_temperature_bagno,21.2,2026-05-14T10:00:00.000Z
sensor.meross_temperature_bagno,21.25051377186111,2026-05-14T11:00:00.000Z
sensor.meross_temperature_bagno,21.15015896827778,2026-05-14T12:00:00.000Z
sensor.meross_temperature_bagno,21.03432198275,2026-05-14T13:00:00.000Z
sensor.meross_temperature_bagno,21,2026-05-14T14:00:00.000Z
sensor.meross_temperature_bagno,21.062941170111113,2026-05-14T15:00:00.000Z
sensor.meross_temperature_bagno,21.2,2026-05-14T16:00:00.000Z
sensor.meross_temperature_bagno,21.270200747666667,2026-05-14T17:00:00.000Z
sensor.meross_temperature_bagno,21.3,2026-05-14T18:00:00.000Z
sensor.meross_temperature_bagno,21.212101982,2026-05-14T19:00:00.000Z
sensor.meross_temperature_bagno,21.189710433055556,2026-05-14T20:00:00.000Z
sensor.meross_temperature_bagno,21.218711388444444,2026-05-14T21:00:00.000Z
sensor.meross_temperature_bagno,21.177607160166666,2026-05-14T22:00:00.000Z
sensor.meross_temperature_bagno,21.025281223694446,2026-05-14T23:00:00.000Z
sensor.meross_temperature_bagno,21,2026-05-15T00:00:00.000Z
sensor.meross_temperature_bagno,21,2026-05-15T01:00:00.000Z
sensor.meross_temperature_bagno,20.954821452972222,2026-05-15T02:00:00.000Z
sensor.meross_temperature_bagno,20.9,2026-05-15T03:00:00.000Z
sensor.meross_temperature_bagno,20.818869202694444,2026-05-15T04:00:00.000Z
sensor.meross_temperature_bagno,20.8,2026-05-15T05:00:00.000Z
sensor.meross_temperature_bagno,20.869634626138886,2026-05-15T06:00:00.000Z
sensor.meross_temperature_bagno,20.773389121333334,2026-05-15T07:00:00.000Z
sensor.meross_temperature_bagno,20.7,2026-05-15T08:00:00.000Z
sensor.meross_temperature_bagno,20.492101603083334,2026-05-15T09:00:00.000Z
sensor.meross_temperature_bagno,18.722195840833333,2026-05-15T10:00:00.000Z
sensor.meross_temperature_bagno,18.130608308722223,2026-05-15T11:00:00.000Z
sensor.meross_temperature_bagno,18.42045058272222,2026-05-15T12:00:00.000Z
sensor.meross_temperature_bagno,19.928747338583335,2026-05-15T13:00:00.000Z
sensor.meross_temperature_bagno,20.0173614595,2026-05-15T14:00:00.000Z
sensor.meross_temperature_bagno,20,2026-05-15T15:00:00.000Z
sensor.meross_temperature_bagno,20.063609032111113,2026-05-15T16:00:00.000Z
sensor.meross_temperature_bagno,20.127818450722224,2026-05-15T17:00:00.000Z
sensor.meross_temperature_bagno,20.21683788872222,2026-05-15T18:00:00.000Z
sensor.meross_temperature_bagno,20.2,2026-05-15T19:00:00.000Z
sensor.meross_temperature_bagno,20.2,2026-05-15T20:00:00.000Z
sensor.meross_temperature_bagno,20.21394312002778,2026-05-15T22:00:00.000Z
sensor.meross_temperature_bagno,20.250572162388888,2026-05-15T23:00:00.000Z
sensor.meross_temperature_bagno,20.2,2026-05-16T00:00:00.000Z
sensor.meross_temperature_bagno,20.2,2026-05-16T01:00:00.000Z
sensor.meross_temperature_bagno,20.2533590725,2026-05-16T04:00:00.000Z
sensor.meross_temperature_bagno,20.81417491361111,2026-05-16T05:00:00.000Z
sensor.meross_temperature_bagno,20.901374821944444,2026-05-16T06:00:00.000Z
sensor.meross_temperature_bagno,20.711790233083335,2026-05-16T07:00:00.000Z
sensor.meross_temperature_bagno,20.32274471338889,2026-05-16T08:00:00.000Z
sensor.meross_temperature_bagno,20.3,2026-05-16T09:00:00.000Z
sensor.meross_temperature_bagno,20.392696423944443,2026-05-16T10:00:00.000Z
sensor.meross_temperature_bagno,20.43740576663889,2026-05-16T11:00:00.000Z
sensor.meross_temperature_bagno,20.52242595941667,2026-05-16T12:00:00.000Z
sensor.meross_temperature_bagno,20.50186397613889,2026-05-16T13:00:00.000Z
sensor.meross_temperature_bagno,20.6,2026-05-16T14:00:00.000Z
sensor.meross_temperature_bagno,20.711281665972223,2026-05-16T15:00:00.000Z
sensor.meross_temperature_bagno,20.7,2026-05-16T16:00:00.000Z
sensor.meross_temperature_bagno,20.7,2026-05-16T17:00:00.000Z
sensor.meross_temperature_bagno,20.61501088341667,2026-05-16T20:00:00.000Z
sensor.meross_temperature_bagno,20.6,2026-05-16T21:00:00.000Z
sensor.meross_temperature_bagno,20.527537721666665,2026-05-16T22:00:00.000Z
sensor.meross_temperature_bagno,20.492205437805556,2026-05-16T23:00:00.000Z
sensor.meross_temperature_bagno,20.4,2026-05-17T00:00:00.000Z
sensor.meross_temperature_bagno,20.31651834152778,2026-05-17T01:00:00.000Z
sensor.meross_temperature_bagno,20.29254355563889,2026-05-17T02:00:00.000Z
sensor.meross_temperature_bagno,20.2,2026-05-17T03:00:00.000Z
sensor.meross_temperature_bagno,20.213129985305553,2026-05-17T04:00:00.000Z
sensor.meross_temperature_bagno,20.725780144972223,2026-05-17T05:00:00.000Z
sensor.meross_temperature_bagno,20.864969456777775,2026-05-17T06:00:00.000Z
sensor.meross_temperature_bagno,20.586133663083334,2026-05-17T07:00:00.000Z
sensor.meross_temperature_bagno,20.3,2026-05-17T08:00:00.000Z
sensor.meross_temperature_bagno,20.277577133472224,2026-05-17T09:00:00.000Z
sensor.meross_temperature_bagno,20.223644868333334,2026-05-17T10:00:00.000Z
sensor.meross_temperature_bagno,20.32244885491667,2026-05-17T11:00:00.000Z
sensor.meross_temperature_bagno,20.492204013805555,2026-05-17T12:00:00.000Z
sensor.meross_temperature_bagno,20.6,2026-05-17T13:00:00.000Z
sensor.meross_temperature_bagno,20.66378951661111,2026-05-17T14:00:00.000Z
sensor.meross_temperature_bagno,20.7,2026-05-17T15:00:00.000Z
sensor.meross_temperature_bagno,20.7,2026-05-17T16:00:00.000Z
sensor.meross_temperature_bagno,20.762283438111112,2026-05-17T18:00:00.000Z
sensor.meross_temperature_bagno,20.8,2026-05-17T19:00:00.000Z
sensor.meross_temperature_bagno,20.8,2026-05-17T20:00:00.000Z
sensor.meross_temperature_bagno,20.76556250036111,2026-05-17T21:00:00.000Z
sensor.meross_temperature_bagno,20.7,2026-05-17T22:00:00.000Z
sensor.meross_temperature_bagno,20.661897438833332,2026-05-17T23:00:00.000Z
sensor.meross_temperature_bagno,20.6,2026-05-18T00:00:00.000Z
sensor.meross_temperature_bagno,20.566624857277777,2026-05-18T01:00:00.000Z
sensor.meross_temperature_bagno,20.5,2026-05-18T02:00:00.000Z
sensor.meross_temperature_bagno,20.48694139886111,2026-05-18T03:00:00.000Z
sensor.meross_temperature_bagno,20.460253898916665,2026-05-18T04:00:00.000Z
sensor.meross_temperature_bagno,20.939951693555553,2026-05-18T05:00:00.000Z
sensor.meross_temperature_bagno,21.05503478197222,2026-05-18T06:00:00.000Z
sensor.meross_temperature_bagno,20.67814001775,2026-05-18T07:00:00.000Z
sensor.meross_temperature_bagno,20.5,2026-05-18T08:00:00.000Z
sensor.meross_temperature_bagno,20.5,2026-05-18T09:00:00.000Z
sensor.meross_temperature_bagno,20.501229919527777,2026-05-18T10:00:00.000Z
sensor.meross_temperature_bagno,20.6,2026-05-18T11:00:00.000Z
sensor.meross_temperature_bagno,20.6,2026-05-18T12:00:00.000Z
sensor.meross_temperature_bagno,20.679231988555554,2026-05-18T13:00:00.000Z
sensor.meross_temperature_bagno,20.782454058583333,2026-05-18T14:00:00.000Z
sensor.meross_temperature_bagno,20.8,2026-05-18T15:00:00.000Z
sensor.meross_temperature_bagno,20.89170345225,2026-05-18T16:00:00.000Z
sensor.meross_temperature_bagno,20.9,2026-05-18T17:00:00.000Z
sensor.meross_temperature_bagno,20.885967934333333,2026-05-18T18:00:00.000Z
sensor.meross_temperature_bagno,20.9,2026-05-18T19:00:00.000Z
sensor.meross_temperature_bagno,20.9,2026-05-18T20:00:00.000Z
sensor.meross_temperature_bagno,20.872880473416668,2026-05-18T22:00:00.000Z
sensor.meross_temperature_bagno,20.8,2026-05-18T23:00:00.000Z
sensor.meross_temperature_bagno,20.8,2026-05-19T00:00:00.000Z
sensor.meross_temperature_bagno,20.729762691555553,2026-05-19T01:00:00.000Z
sensor.meross_temperature_bagno,20.7,2026-05-19T02:00:00.000Z
sensor.meross_temperature_bagno,20.685030828888888,2026-05-19T03:00:00.000Z
sensor.meross_temperature_bagno,20.66121738188889,2026-05-19T04:00:00.000Z
sensor.meross_temperature_bagno,21.105660693361113,2026-05-19T05:00:00.000Z
sensor.meross_temperature_bagno,21.06690140475,2026-05-19T06:00:00.000Z
sensor.meross_temperature_bagno,20.75110982086111,2026-05-19T07:00:00.000Z
sensor.meross_temperature_bagno,20.7,2026-05-19T08:00:00.000Z
sensor.meross_temperature_bagno,20.791788219972222,2026-05-19T09:00:00.000Z
sensor.meross_temperature_bagno,20.8,2026-05-19T10:00:00.000Z
sensor.meross_temperature_bagno,20.833548274083334,2026-05-19T11:00:00.000Z
sensor.meross_temperature_bagno,20.9,2026-05-19T12:00:00.000Z
sensor.meross_temperature_bagno,20.76393924475,2026-05-19T13:00:00.000Z
sensor.meross_temperature_bagno,20.7,2026-05-19T14:00:00.000Z
sensor.meross_temperature_bagno,20.736805583555554,2026-05-19T15:00:00.000Z
sensor.meross_temperature_bagno,20.959968482888886,2026-05-19T16:00:00.000Z
sensor.meross_temperature_bagno,21.03595942991667,2026-05-19T17:00:00.000Z
sensor.meross_temperature_bagno,21.1,2026-05-19T18:00:00.000Z
sensor.meross_temperature_bagno,21.1,2026-05-19T19:00:00.000Z
sensor.meross_temperature_bagno,21.18913837186111,2026-05-19T20:00:00.000Z
sensor.meross_temperature_bagno,21.171270356888886,2026-05-19T21:00:00.000Z
sensor.meross_temperature_bagno,21.1,2026-05-19T22:00:00.000Z
sensor.meross_temperature_bagno,21.1,2026-05-19T23:00:00.000Z
sensor.meross_temperature_bagno,21.01231426977778,2026-05-20T01:00:00.000Z
sensor.meross_temperature_bagno,21,2026-05-20T02:00:00.000Z
sensor.meross_temperature_bagno,21,2026-05-20T03:00:00.000Z
sensor.meross_temperature_bagno,20.91754450236111,2026-05-20T05:00:00.000Z
sensor.meross_temperature_bagno,20.9,2026-05-20T06:00:00.000Z
sensor.meross_temperature_bagno,20.9,2026-05-20T07:00:00.000Z
sensor.meross_temperature_bagno,20.993398335305557,2026-05-20T08:00:00.000Z
sensor.meross_temperature_bagno,21.08119892625,2026-05-20T09:00:00.000Z
sensor.meross_temperature_bagno,21.11575797605556,2026-05-20T10:00:00.000Z
sensor.meross_temperature_bagno,21.2,2026-05-20T11:00:00.000Z
sensor.meross_temperature_bagno,21.254491584055554,2026-05-20T12:00:00.000Z
sensor.meross_temperature_bagno,21.315006378944446,2026-05-20T13:00:00.000Z
sensor.meross_temperature_bagno,21.399999999999995,2026-05-20T14:00:00.000Z
sensor.meross_temperature_bagno,21.399999999999995,2026-05-20T15:00:00.000Z
sensor.meross_temperature_bagno,21.415860111249998,2026-05-20T16:00:00.000Z
sensor.meross_temperature_bagno,21.5,2026-05-20T17:00:00.000Z
sensor.meross_temperature_bagno,21.58682494952778,2026-05-20T18:00:00.000Z
sensor.meross_temperature_bagno,21.600000000000005,2026-05-20T19:00:00.000Z
sensor.meross_temperature_bagno,21.69103432275,2026-05-20T20:00:00.000Z
sensor.meross_temperature_bagno,21.709177991388888,2026-05-20T21:00:00.000Z
sensor.meross_temperature_bagno,21.7,2026-05-20T22:00:00.000Z
sensor.meross_temperature_bagno,21.633549685055556,2026-05-20T23:00:00.000Z
sensor.meross_temperature_bagno,21.600000000000005,2026-05-21T00:00:00.000Z
sensor.meross_temperature_bagno,21.600000000000005,2026-05-21T01:00:00.000Z
sensor.meross_temperature_bagno,21.516827499083334,2026-05-21T02:00:00.000Z
sensor.meross_temperature_bagno,21.5,2026-05-21T03:00:00.000Z
sensor.meross_temperature_bagno,21.5,2026-05-21T04:00:00.000Z
sensor.meross_temperature_bagno,21.679528402777777,2026-05-21T06:00:00.000Z
sensor.meross_temperature_bagno,21.5,2026-05-21T07:00:00.000Z
sensor.meross_temperature_bagno,21.511779535805555,2026-05-21T08:00:00.000Z
sensor.meross_temperature_bagno,21.600000000000005,2026-05-21T09:00:00.000Z
sensor.meross_temperature_bagno,21.65754126802778,2026-05-21T10:00:00.000Z
sensor.meross_temperature_bagno,21.703273622027776,2026-05-21T11:00:00.000Z
sensor.meross_temperature_bagno,21.8,2026-05-21T12:00:00.000Z
sensor.meross_temperature_bagno,21.8,2026-05-21T13:00:00.000Z
sensor.meross_temperature_bagno,21.853672098305555,2026-05-21T14:00:00.000Z
sensor.meross_temperature_bagno,21.899999999999995,2026-05-21T15:00:00.000Z
sensor.meross_temperature_bagno,21.899999999999995,2026-05-21T16:00:00.000Z
sensor.meross_temperature_bagno,21.911821738194444,2026-05-21T17:00:00.000Z
sensor.meross_temperature_bagno,22,2026-05-21T18:00:00.000Z
sensor.meross_temperature_bagno,22.079115679583335,2026-05-21T19:00:00.000Z
sensor.meross_temperature_bagno,22.100000000000005,2026-05-21T20:00:00.000Z
sensor.meross_temperature_bagno,22.100000000000005,2026-05-21T21:00:00.000Z
sensor.meross_temperature_bagno,22.019528451472222,2026-05-21T23:00:00.000Z
sensor.meross_temperature_bagno,22,2026-05-22T00:00:00.000Z
sensor.meross_temperature_bagno,22,2026-05-22T01:00:00.000Z
sensor.meross_temperature_bagno,22.02800830288889,2026-05-22T06:00:00.000Z
sensor.meross_temperature_bagno,22,2026-05-22T07:00:00.000Z
sensor.meross_temperature_bagno,22.00721248177778,2026-05-22T08:00:00.000Z
sensor.meross_temperature_bagno,22.100000000000005,2026-05-22T09:00:00.000Z
sensor.meross_temperature_bagno,22.130521230750002,2026-05-22T10:00:00.000Z
sensor.meross_temperature_bagno,22.25199838602778,2026-05-22T11:00:00.000Z
sensor.meross_temperature_bagno,22.3,2026-05-22T12:00:00.000Z
sensor.meross_temperature_bagno,22.322461219805557,2026-05-22T13:00:00.000Z
sensor.meross_temperature_bagno,22.399999999999995,2026-05-22T14:00:00.000Z
sensor.meross_temperature_bagno,22.434292238083334,2026-05-22T15:00:00.000Z
sensor.meross_temperature_bagno,22.5,2026-05-22T16:00:00.000Z
sensor.meross_temperature_bagno,22.58844403102778,2026-05-22T17:00:00.000Z
sensor.meross_temperature_bagno,22.600000000000005,2026-05-22T18:00:00.000Z
sensor.meross_temperature_bagno,22.73045169013889,2026-05-22T19:00:00.000Z
sensor.meross_temperature_bagno,22.7,2026-05-22T20:00:00.000Z
sensor.meross_temperature_bagno,22.7,2026-05-22T21:00:00.000Z
sensor.meross_temperature_bagno,22.660245835,2026-05-22T23:00:00.000Z
sensor.meross_temperature_bagno,22.600000000000005,2026-05-23T00:00:00.000Z
sensor.meross_temperature_bagno,22.600000000000005,2026-05-23T01:00:00.000Z
sensor.meross_temperature_bagno,22.586094735055557,2026-05-23T02:00:00.000Z
sensor.meross_temperature_bagno,22.5,2026-05-23T03:00:00.000Z
sensor.meross_temperature_bagno,22.5,2026-05-23T04:00:00.000Z
sensor.meross_temperature_bagno,22.724382370138887,2026-05-23T07:00:00.000Z
sensor.meross_temperature_bagno,22.7,2026-05-23T08:00:00.000Z
sensor.meross_temperature_bagno,22.7,2026-05-23T09:00:00.000Z
sensor.meross_temperature_bagno,22.709752116805557,2026-05-23T10:00:00.000Z
sensor.meross_temperature_bagno,22.8,2026-05-23T11:00:00.000Z
sensor.meross_temperature_bagno,22.866684634527775,2026-05-23T12:00:00.000Z
sensor.meross_temperature_bagno,22.899999999999995,2026-05-23T13:00:00.000Z
sensor.meross_temperature_bagno,22.92732258372222,2026-05-23T14:00:00.000Z
sensor.meross_temperature_bagno,23,2026-05-23T15:00:00.000Z
sensor.meross_temperature_bagno,23,2026-05-23T16:00:00.000Z
sensor.meross_temperature_bagno,23.05808985980556,2026-05-23T17:00:00.000Z
sensor.meross_temperature_bagno,23.100000000000005,2026-05-23T18:00:00.000Z
sensor.meross_temperature_bagno,23.100000000000005,2026-05-23T19:00:00.000Z
sensor.meross_temperature_bagno,23.072797026055557,2026-05-24T03:00:00.000Z
sensor.meross_temperature_bagno,23,2026-05-24T04:00:00.000Z
sensor.meross_temperature_bagno,23,2026-05-24T05:00:00.000Z
sensor.meross_temperature_bagno,23.084096578333334,2026-05-24T07:00:00.000Z
sensor.meross_temperature_bagno,23.23452101497222,2026-05-24T08:00:00.000Z
sensor.meross_temperature_bagno,23.374742346638886,2026-05-24T09:00:00.000Z
sensor.meross_temperature_bagno,23.437944922444444,2026-05-24T10:00:00.000Z
sensor.meross_temperature_bagno,23.51457545236111,2026-05-24T11:00:00.000Z
sensor.meross_temperature_bagno,23.608012964944447,2026-05-24T12:00:00.000Z
sensor.meross_temperature_bagno,23.7,2026-05-24T13:00:00.000Z
sensor.meross_temperature_bagno,23.787452808777775,2026-05-24T14:00:00.000Z
sensor.meross_temperature_bagno,23.713084562638887,2026-05-24T15:00:00.000Z
sensor.meross_temperature_bagno,23.8,2026-05-24T16:00:00.000Z
sensor.meross_temperature_bagno,23.86210683366667,2026-05-24T17:00:00.000Z
sensor.meross_temperature_bagno,23.899999999999995,2026-05-24T18:00:00.000Z
sensor.meross_temperature_bagno,23.93731798483333,2026-05-24T19:00:00.000Z
sensor.meross_temperature_bagno,24,2026-05-24T20:00:00.000Z
sensor.meross_temperature_bagno,24,2026-05-24T21:00:00.000Z
sensor.meross_temperature_bagno,23.94186341375,2026-05-25T03:00:00.000Z
sensor.meross_temperature_bagno,23.899999999999995,2026-05-25T04:00:00.000Z
sensor.meross_temperature_bagno,23.899999999999995,2026-05-25T05:00:00.000Z
sensor.meross_temperature_bagno,23.97394874536111,2026-05-25T06:00:00.000Z
sensor.meross_temperature_bagno,24,2026-05-25T07:00:00.000Z
sensor.meross_temperature_bagno,24,2026-05-25T08:00:00.000Z
sensor.meross_temperature_bagno,24.030291992083335,2026-05-25T09:00:00.000Z
sensor.meross_temperature_bagno,24.100000000000005,2026-05-25T10:00:00.000Z
sensor.meross_temperature_bagno,24.176079968194443,2026-05-25T11:00:00.000Z
sensor.meross_temperature_bagno,24.205001522722224,2026-05-25T12:00:00.000Z
sensor.meross_temperature_bagno,24.3,2026-05-25T13:00:00.000Z
sensor.meross_temperature_bagno,24.359180470166667,2026-05-25T14:00:00.000Z
sensor.meross_temperature_bagno,24.399999999999995,2026-05-25T15:00:00.000Z
sensor.meross_temperature_bagno,24.769005598666666,2026-05-25T16:00:00.000Z
sensor.meross_temperature_bagno,24.873875175944445,2026-05-25T17:00:00.000Z
sensor.meross_temperature_bagno,24.8,2026-05-25T18:00:00.000Z
sensor.meross_temperature_bagno,24.8,2026-05-25T19:00:00.000Z
sensor.meross_temperature_bagno,24.767591304583334,2026-05-25T22:00:00.000Z
sensor.meross_temperature_bagno,24.7,2026-05-25T23:00:00.000Z
sensor.meross_temperature_bagno,24.7,2026-05-26T00:00:00.000Z
sensor.meross_temperature_bagno,24.61433045777778,2026-05-26T01:00:00.000Z
sensor.meross_temperature_bagno,24.600000000000005,2026-05-26T02:00:00.000Z
sensor.meross_temperature_bagno,24.580742055138888,2026-05-26T03:00:00.000Z
sensor.meross_temperature_bagno,24.5,2026-05-26T04:00:00.000Z
sensor.meross_temperature_bagno,24.5,2026-05-26T05:00:00.000Z
sensor.meross_temperature_bagno,24.54490211966667,2026-05-26T06:00:00.000Z
sensor.meross_temperature_bagno,24.5,2026-05-26T07:00:00.000Z
sensor.meross_temperature_bagno,24.59926521641667,2026-05-26T08:00:00.000Z
sensor.meross_temperature_bagno,24.7,2026-05-26T09:00:00.000Z
sensor.meross_temperature_bagno,24.78018027152778,2026-05-26T10:00:00.000Z
sensor.meross_temperature_bagno,24.8,2026-05-26T11:00:00.000Z
sensor.meross_temperature_bagno,24.88631713311111,2026-05-26T12:00:00.000Z
sensor.meross_temperature_bagno,24.899999999999995,2026-05-26T13:00:00.000Z
sensor.meross_temperature_bagno,24.899999999999995,2026-05-26T14:00:00.000Z
sensor.meross_temperature_bagno,24.978864312777777,2026-05-26T15:00:00.000Z
sensor.meross_temperature_bagno,25.14961853336111,2026-05-26T16:00:00.000Z
sensor.meross_temperature_bagno,25.32931947561111,2026-05-26T17:00:00.000Z
sensor.meross_temperature_bagno,25.46382808702778,2026-05-26T18:00:00.000Z
sensor.meross_temperature_bagno,25.5,2026-05-26T19:00:00.000Z
sensor.meross_temperature_bagno,25.45930060411111,2026-05-26T20:00:00.000Z
sensor.meross_temperature_bagno,25.41597741894444,2026-05-26T21:00:00.000Z
sensor.meross_temperature_bagno,25.399999999999995,2026-05-26T22:00:00.000Z
sensor.meross_temperature_bagno,25.399999999999995,2026-05-26T23:00:00.000Z
sensor.meross_temperature_bagno,25.339379690749997,2026-05-27T01:00:00.000Z
sensor.meross_temperature_bagno,25.3,2026-05-27T02:00:00.000Z
sensor.meross_temperature_bagno,25.3,2026-05-27T03:00:00.000Z
sensor.meross_temperature_bagno,25.28223380838889,2026-05-27T04:00:00.000Z
sensor.meross_temperature_bagno,25.2,2026-05-27T05:00:00.000Z
sensor.meross_temperature_bagno,25.28998181636111,2026-05-27T06:00:00.000Z
sensor.meross_temperature_bagno,25.3,2026-05-27T07:00:00.000Z
sensor.meross_temperature_bagno,25.344437404833332,2026-05-27T08:00:00.000Z
sensor.meross_temperature_bagno,25.399999999999995,2026-05-27T09:00:00.000Z
sensor.meross_temperature_bagno,25.45263043986111,2026-05-27T10:00:00.000Z
sensor.meross_temperature_bagno,25.596086127444448,2026-05-27T11:00:00.000Z
sensor.meross_temperature_bagno,25.695557056000002,2026-05-27T12:00:00.000Z
sensor.meross_temperature_bagno,25.8,2026-05-27T13:00:00.000Z
sensor.meross_temperature_bagno,25.88657787958333,2026-05-27T14:00:00.000Z
sensor.meross_temperature_bagno,25.903607174583332,2026-05-27T15:00:00.000Z
sensor.meross_temperature_bagno,26.22115502522222,2026-05-27T16:00:00.000Z
sensor.meross_temperature_bagno,26.256107106472225,2026-05-27T17:00:00.000Z
sensor.meross_temperature_bagno,26.212711984722223,2026-05-27T18:00:00.000Z
sensor.meross_temperature_bagno,26.36664633038889,2026-05-27T19:00:00.000Z
sensor.meross_temperature_bagno,26.399999999999995,2026-05-27T20:00:00.000Z
sensor.meross_temperature_bagno,26.351946787166668,2026-05-27T21:00:00.000Z
sensor.meross_temperature_bagno,26.3,2026-05-27T22:00:00.000Z
sensor.meross_temperature_bagno,26.246087851194446,2026-05-27T23:00:00.000Z
sensor.meross_temperature_bagno,26.2,2026-05-28T00:00:00.000Z
sensor.meross_temperature_bagno,26.136448893194444,2026-05-28T01:00:00.000Z
sensor.meross_temperature_bagno,26.100000000000005,2026-05-28T02:00:00.000Z
sensor.meross_temperature_bagno,26.007193828277778,2026-05-28T03:00:00.000Z
sensor.meross_temperature_bagno,26,2026-05-28T04:00:00.000Z
sensor.meross_temperature_bagno,26,2026-05-28T05:00:00.000Z
sensor.meross_temperature_bagno,26.01116992127778,2026-05-28T06:00:00.000Z
sensor.meross_temperature_bagno,26,2026-05-28T07:00:00.000Z
sensor.meross_temperature_bagno,26,2026-05-28T08:00:00.000Z
sensor.meross_temperature_bagno,26.097852361250002,2026-05-28T09:00:00.000Z
sensor.meross_temperature_bagno,26.17467717525,2026-05-28T10:00:00.000Z
sensor.meross_temperature_bagno,26.201153601083334,2026-05-28T11:00:00.000Z
sensor.meross_temperature_bagno,26.3,2026-05-28T12:00:00.000Z
sensor.meross_temperature_bagno,26.338826554916665,2026-05-28T13:00:00.000Z
sensor.meross_temperature_bagno,26.409622964388888,2026-05-28T14:00:00.000Z
sensor.meross_temperature_bagno,26.5,2026-05-28T15:00:00.000Z
sensor.meross_temperature_bagno,26.657279225361112,2026-05-28T16:00:00.000Z
sensor.meross_temperature_bagno,26.7940869725,2026-05-28T17:00:00.000Z
sensor.meross_temperature_bagno,26.8,2026-05-28T18:00:00.000Z
sensor.meross_temperature_bagno,26.763655933916667,2026-05-28T19:00:00.000Z
sensor.meross_temperature_bagno,26.7,2026-05-28T20:00:00.000Z
sensor.meross_temperature_bagno,26.7,2026-05-28T21:00:00.000Z
sensor.meross_temperature_bagno,26.639153741583332,2026-05-28T22:00:00.000Z
sensor.meross_temperature_bagno,26.600000000000005,2026-05-28T23:00:00.000Z
sensor.meross_temperature_bagno,26.600000000000005,2026-05-29T00:00:00.000Z
sensor.meross_temperature_bagno,26.54343777716667,2026-05-29T01:00:00.000Z
sensor.meross_temperature_bagno,26.5,2026-05-29T02:00:00.000Z
sensor.meross_temperature_bagno,26.5,2026-05-29T03:00:00.000Z
sensor.meross_temperature_bagno,26.449862479722224,2026-05-29T04:00:00.000Z
sensor.meross_temperature_bagno,26.399999999999995,2026-05-29T05:00:00.000Z
sensor.meross_temperature_bagno,26.457909680944443,2026-05-29T06:00:00.000Z
sensor.meross_temperature_bagno,26.399999999999995,2026-05-29T07:00:00.000Z
sensor.meross_temperature_bagno,26.399999999999995,2026-05-29T08:00:00.000Z
sensor.meross_temperature_bagno,26.36643386372222,2026-05-29T09:00:00.000Z
sensor.meross_temperature_bagno,26.399999999999995,2026-05-29T10:00:00.000Z
sensor.meross_temperature_bagno,26.403541947833332,2026-05-29T11:00:00.000Z
sensor.meross_temperature_bagno,26.35672623716667,2026-05-29T12:00:00.000Z
sensor.meross_temperature_bagno,26.449535041055555,2026-05-29T13:00:00.000Z
sensor.meross_temperature_bagno,26.59321641916667,2026-05-29T14:00:00.000Z
sensor.meross_temperature_bagno,26.698049296833332,2026-05-29T15:00:00.000Z
sensor.meross_temperature_bagno,26.789802568194446,2026-05-29T16:00:00.000Z
sensor.meross_temperature_bagno,26.8,2026-05-29T17:00:00.000Z
sensor.meross_temperature_bagno,26.833593082416666,2026-05-29T18:00:00.000Z
sensor.meross_temperature_bagno,26.866283056777775,2026-05-29T19:00:00.000Z
sensor.meross_temperature_bagno,26.85314434158333,2026-05-29T20:00:00.000Z
sensor.meross_temperature_bagno,26.8,2026-05-29T21:00:00.000Z
sensor.meross_temperature_bagno,26.8,2026-05-29T22:00:00.000Z
sensor.meross_temperature_bagno,26.74556324069444,2026-05-30T00:00:00.000Z
sensor.meross_temperature_bagno,26.7,2026-05-30T01:00:00.000Z
sensor.meross_temperature_bagno,26.655263351472225,2026-05-30T02:00:00.000Z
sensor.meross_temperature_bagno,26.600000000000005,2026-05-30T03:00:00.000Z
sensor.meross_temperature_bagno,26.558823577583336,2026-05-30T04:00:00.000Z
sensor.meross_temperature_bagno,26.481465701694447,2026-05-30T05:00:00.000Z
sensor.meross_temperature_bagno,26.0556009605,2026-05-30T06:00:00.000Z
sensor.meross_temperature_bagno,26.100000000000005,2026-05-30T07:00:00.000Z
sensor.meross_temperature_bagno,26.25577666263889,2026-05-30T08:00:00.000Z
sensor.meross_temperature_bagno,26.389709219805553,2026-05-30T09:00:00.000Z
sensor.meross_temperature_bagno,26.597331173694442,2026-05-30T10:00:00.000Z
sensor.meross_temperature_bagno,26.801068696,2026-05-30T11:00:00.000Z
sensor.meross_temperature_bagno,26.899999999999995,2026-05-30T12:00:00.000Z
sensor.meross_temperature_bagno,26.997956353166668,2026-05-30T13:00:00.000Z
sensor.meross_temperature_bagno,27.146086194277775,2026-05-30T14:00:00.000Z
sensor.meross_temperature_bagno,27.2,2026-05-30T15:00:00.000Z
sensor.meross_temperature_bagno,27.237931850333336,2026-05-30T16:00:00.000Z
sensor.meross_temperature_bagno,27.30358643875,2026-05-30T17:00:00.000Z
sensor.meross_temperature_bagno,27.506812589777777,2026-05-30T18:00:00.000Z
sensor.meross_temperature_bagno,27.5,2026-05-30T19:00:00.000Z
sensor.meross_temperature_bagno,27.474718160722222,2026-05-30T20:00:00.000Z
sensor.meross_temperature_bagno,27.399999999999995,2026-05-30T21:00:00.000Z
sensor.meross_temperature_bagno,27.399999999999995,2026-05-30T22:00:00.000Z
sensor.meross_temperature_bagno,27.326653640694445,2026-05-30T23:00:00.000Z
sensor.meross_temperature_bagno,27.3,2026-05-31T00:00:00.000Z
sensor.meross_temperature_bagno,27.242162007305556,2026-05-31T01:00:00.000Z
sensor.meross_temperature_bagno,27.2,2026-05-31T02:00:00.000Z
sensor.meross_temperature_bagno,27.132496109333335,2026-05-31T03:00:00.000Z
sensor.meross_temperature_bagno,27.100000000000005,2026-05-31T04:00:00.000Z
sensor.meross_temperature_bagno,27.00635279975,2026-05-31T05:00:00.000Z
sensor.meross_temperature_bagno,27,2026-05-31T06:00:00.000Z
sensor.meross_temperature_bagno,26.854225849583333,2026-05-31T07:00:00.000Z
sensor.meross_temperature_bagno,26.8,2026-05-31T08:00:00.000Z
sensor.meross_temperature_bagno,26.888805694555558,2026-05-31T09:00:00.000Z
sensor.meross_temperature_bagno,27.081078287055558,2026-05-31T10:00:00.000Z
sensor.meross_temperature_bagno,27.12153070738889,2026-05-31T11:00:00.000Z
sensor.meross_temperature_bagno,27.24036852425,2026-05-31T12:00:00.000Z
sensor.meross_temperature_bagno,27.3,2026-05-31T13:00:00.000Z
sensor.meross_temperature_bagno,27.3810655945,2026-05-31T14:00:00.000Z
sensor.meross_temperature_bagno,27.43419480802778,2026-05-31T15:00:00.000Z
sensor.meross_temperature_bagno,27.677428040861113,2026-05-31T16:00:00.000Z
sensor.meross_temperature_bagno,27.7,2026-05-31T17:00:00.000Z
sensor.meross_temperature_bagno,27.632383607416667,2026-05-31T18:00:00.000Z
sensor.meross_temperature_bagno,27.600000000000005,2026-05-31T19:00:00.000Z
sensor.meross_temperature_bagno,27.600000000000005,2026-05-31T20:00:00.000Z
sensor.meross_temperature_bagno,27.567982846916667,2026-05-31T21:00:00.000Z
sensor.meross_temperature_bagno,27.41830297975,2026-05-31T22:00:00.000Z
sensor.meross_temperature_bagno,27.399999999999995,2026-05-31T23:00:00.000Z
sensor.meross_temperature_bagno,27.328254213111112,2026-06-01T00:00:00.000Z
sensor.meross_temperature_bagno,27.3,2026-06-01T01:00:00.000Z
sensor.meross_temperature_bagno,27.226951832944447,2026-06-01T02:00:00.000Z
sensor.meross_temperature_bagno,27.2,2026-06-01T03:00:00.000Z
sensor.meross_temperature_bagno,27.170051396583332,2026-06-01T04:00:00.000Z
sensor.meross_temperature_bagno,27.100000000000005,2026-06-01T05:00:00.000Z
sensor.meross_temperature_bagno,27.060357755000002,2026-06-01T06:00:00.000Z
sensor.meross_temperature_bagno,27.036371966583335,2026-06-01T07:00:00.000Z
sensor.meross_temperature_bagno,27,2026-06-01T08:00:00.000Z
sensor.meross_temperature_bagno,27.01340711277778,2026-06-01T09:00:00.000Z
sensor.meross_temperature_bagno,27.16428063536111,2026-06-01T10:00:00.000Z
sensor.meross_temperature_bagno,27.2,2026-06-01T11:00:00.000Z
sensor.meross_temperature_bagno,27.22634996411111,2026-06-01T12:00:00.000Z
sensor.meross_temperature_bagno,27.317206683527775,2026-06-01T13:00:00.000Z
sensor.meross_temperature_bagno,27.399999999999995,2026-06-01T14:00:00.000Z
sensor.meross_temperature_bagno,27.476610092666665,2026-06-01T15:00:00.000Z
sensor.meross_temperature_bagno,27.5,2026-06-01T16:00:00.000Z
sensor.meross_temperature_bagno,27.54990537638889,2026-06-01T17:00:00.000Z
sensor.meross_temperature_bagno,27.500500586972223,2026-06-01T18:00:00.000Z
sensor.meross_temperature_bagno,27.5,2026-06-01T19:00:00.000Z
sensor.meross_temperature_bagno,27.408866541416668,2026-06-01T20:00:00.000Z
sensor.meross_temperature_bagno,27.399999999999995,2026-06-01T21:00:00.000Z
sensor.meross_temperature_bagno,27.36038475547222,2026-06-01T22:00:00.000Z
sensor.meross_temperature_bagno,27.3,2026-06-01T23:00:00.000Z
sensor.meross_temperature_bagno,27.26188883613889,2026-06-02T00:00:00.000Z
sensor.meross_temperature_bagno,27.2,2026-06-02T01:00:00.000Z
sensor.meross_temperature_bagno,27.143831670194444,2026-06-02T02:00:00.000Z
sensor.meross_temperature_bagno,27.100000000000005,2026-06-02T03:00:00.000Z
sensor.meross_temperature_bagno,27.04225164963889,2026-06-02T04:00:00.000Z
sensor.meross_temperature_bagno,27,2026-06-02T05:00:00.000Z
sensor.meross_temperature_bagno,27,2026-06-02T06:00:00.000Z
sensor.meross_temperature_bagno,26.876716922083332,2026-06-02T10:00:00.000Z
sensor.meross_temperature_bagno,26.847986842277777,2026-06-02T11:00:00.000Z
sensor.meross_temperature_bagno,26.82072818311111,2026-06-02T12:00:00.000Z
sensor.meross_temperature_bagno,26.725581930638892,2026-06-02T13:00:00.000Z
sensor.meross_temperature_bagno,26.5,2026-06-02T14:00:00.000Z
sensor.meross_temperature_bagno,26.435397419083333,2026-06-02T15:00:00.000Z
sensor.meross_temperature_bagno,26.46958712586111,2026-06-02T16:00:00.000Z
sensor.meross_temperature_bagno,26.447295754472222,2026-06-02T17:00:00.000Z
sensor.meross_temperature_bagno,26.459877976111112,2026-06-02T18:00:00.000Z
sensor.meross_temperature_bagno,26.474436881416665,2026-06-02T19:00:00.000Z
sensor.meross_temperature_bagno,26.494852413777778,2026-06-02T20:00:00.000Z
sensor.meross_temperature_bagno,26.349836525138887,2026-06-02T21:00:00.000Z
sensor.meross_temperature_bagno,26.378508060555557,2026-06-02T22:00:00.000Z
sensor.meross_temperature_bagno,26.3,2026-06-02T23:00:00.000Z
sensor.meross_temperature_bagno,26.283601607944444,2026-06-03T00:00:00.000Z
sensor.meross_temperature_bagno,26.2,2026-06-03T01:00:00.000Z
sensor.meross_temperature_bagno,26.109749784166667,2026-06-03T02:00:00.000Z
sensor.meross_temperature_bagno,26.092051705944446,2026-06-03T03:00:00.000Z
sensor.meross_temperature_bagno,26,2026-06-03T04:00:00.000Z
sensor.meross_temperature_bagno,26,2026-06-03T05:00:00.000Z
sensor.meross_temperature_bagno,26.14093517113889,2026-06-03T06:00:00.000Z
sensor.meross_temperature_bagno,26.062044502055556,2026-06-03T07:00:00.000Z
sensor.meross_temperature_bagno,26.054124289,2026-06-03T08:00:00.000Z
sensor.meross_temperature_bagno,26.100000000000005,2026-06-03T09:00:00.000Z
sensor.meross_temperature_bagno,26.023986010388892,2026-06-03T10:00:00.000Z
sensor.meross_temperature_bagno,25.920377595916666,2026-06-03T11:00:00.000Z
sensor.meross_temperature_bagno,26.205696462388886,2026-06-03T12:00:00.000Z
sensor.meross_temperature_bagno,26.270041053222226,2026-06-03T13:00:00.000Z
sensor.meross_temperature_bagno,26.3,2026-06-03T14:00:00.000Z
sensor.meross_temperature_bagno,26.3,2026-06-03T15:00:00.000Z
sensor.meross_temperature_bagno,26.320717666944446,2026-06-03T16:00:00.000Z
sensor.meross_temperature_bagno,26.26082135791667,2026-06-03T17:00:00.000Z
sensor.meross_temperature_bagno,26.13130631025,2026-06-03T18:00:00.000Z
sensor.meross_temperature_bagno,26.391373092916666,2026-06-03T19:00:00.000Z
sensor.meross_temperature_bagno,26.399999999999995,2026-06-03T20:00:00.000Z
sensor.meross_temperature_bagno,26.377067062305557,2026-06-03T21:00:00.000Z
sensor.meross_temperature_bagno,26.3,2026-06-03T22:00:00.000Z
sensor.meross_temperature_bagno,26.3,2026-06-03T23:00:00.000Z
sensor.meross_temperature_bagno,26.200991447638888,2026-06-04T00:00:00.000Z
sensor.meross_temperature_bagno,26.180126797333333,2026-06-04T01:00:00.000Z
sensor.meross_temperature_bagno,26.100000000000005,2026-06-04T02:00:00.000Z
sensor.meross_temperature_bagno,26.100000000000005,2026-06-04T03:00:00.000Z
sensor.meross_temperature_bagno,26.012859954333333,2026-06-04T04:00:00.000Z
sensor.meross_temperature_bagno,26,2026-06-04T05:00:00.000Z
sensor.meross_temperature_bagno,26.025230320444447,2026-06-04T06:00:00.000Z
sensor.meross_temperature_bagno,26,2026-06-04T07:00:00.000Z
sensor.meross_temperature_bagno,26,2026-06-04T08:00:00.000Z
sensor.meross_temperature_bagno,26.04345574411111,2026-06-04T10:00:00.000Z
sensor.meross_temperature_bagno,26.100000000000005,2026-06-04T11:00:00.000Z
sensor.meross_temperature_bagno,26.181685627583335,2026-06-04T12:00:00.000Z
sensor.meross_temperature_bagno,26.241476517472222,2026-06-04T13:00:00.000Z
sensor.meross_temperature_bagno,26.3,2026-06-04T14:00:00.000Z
sensor.meross_temperature_bagno,26.3,2026-06-04T15:00:00.000Z
sensor.meross_temperature_bagno,26.440364433750002,2026-06-04T17:00:00.000Z
sensor.meross_temperature_bagno,26.5,2026-06-04T18:00:00.000Z
sensor.meross_temperature_bagno,26.5,2026-06-04T19:00:00.000Z
sensor.meross_temperature_bagno,26.43727352658333,2026-06-04T20:00:00.000Z
sensor.meross_temperature_bagno,26.399999999999995,2026-06-04T21:00:00.000Z
sensor.meross_temperature_bagno,26.383151102333333,2026-06-04T22:00:00.000Z
sensor.meross_temperature_bagno,26.3,2026-06-04T23:00:00.000Z
sensor.meross_temperature_bagno,26.271743804805556,2026-06-05T00:00:00.000Z
sensor.meross_temperature_bagno,26.2,2026-06-05T01:00:00.000Z
sensor.meross_temperature_bagno,26.134363548833335,2026-06-05T02:00:00.000Z
sensor.meross_temperature_bagno,26.080156629222227,2026-06-05T03:00:00.000Z
sensor.meross_temperature_bagno,26,2026-06-05T04:00:00.000Z
sensor.meross_temperature_bagno,25.96343125963889,2026-06-05T05:00:00.000Z
sensor.meross_temperature_bagno,25.971974529388888,2026-06-05T06:00:00.000Z
sensor.meross_temperature_bagno,25.899999999999995,2026-06-05T07:00:00.000Z
sensor.meross_temperature_bagno,25.899999999999995,2026-06-05T08:00:00.000Z
sensor.meross_temperature_bagno,25.91591262733333,2026-06-05T14:00:00.000Z
sensor.meross_temperature_bagno,26,2026-06-05T15:00:00.000Z
sensor.meross_temperature_bagno,26.056088081083335,2026-06-05T16:00:00.000Z
sensor.meross_temperature_bagno,26.100000000000005,2026-06-05T17:00:00.000Z
sensor.meross_temperature_bagno,26.100000000000005,2026-06-05T18:00:00.000Z
sensor.meross_temperature_bagno,26.043057156611113,2026-06-05T21:00:00.000Z
sensor.meross_temperature_bagno,26,2026-06-05T22:00:00.000Z
sensor.meross_temperature_bagno,26,2026-06-05T23:00:00.000Z
sensor.meross_temperature_bagno,25.980131811055557,2026-06-06T02:00:00.000Z
sensor.meross_temperature_bagno,25.899999999999995,2026-06-06T03:00:00.000Z
sensor.meross_temperature_bagno,25.899999999999995,2026-06-06T04:00:00.000Z
sensor.meross_temperature_bagno,25.809417492277777,2026-06-06T05:00:00.000Z
sensor.meross_temperature_bagno,25.8,2026-06-06T06:00:00.000Z
sensor.meross_temperature_bagno,25.83775547391667,2026-06-06T07:00:00.000Z
sensor.meross_temperature_bagno,25.899999999999995,2026-06-06T08:00:00.000Z
sensor.meross_temperature_bagno,25.899999999999995,2026-06-06T09:00:00.000Z
sensor.meross_temperature_bagno,25.981777166944443,2026-06-06T12:00:00.000Z
sensor.meross_temperature_bagno,26.049980754416666,2026-06-06T13:00:00.000Z
sensor.meross_temperature_bagno,26.100000000000005,2026-06-06T14:00:00.000Z
sensor.meross_temperature_bagno,26.100000000000005,2026-06-06T15:00:00.000Z
sensor.meross_temperature_bagno,26.116341614027778,2026-06-06T16:00:00.000Z
sensor.meross_temperature_bagno,26.2,2026-06-06T17:00:00.000Z
sensor.meross_temperature_bagno,26.2,2026-06-06T18:00:00.000Z
sensor.meross_temperature_bagno,26.213589913305555,2026-06-06T19:00:00.000Z
sensor.meross_temperature_bagno,26.21447355077778,2026-06-06T20:00:00.000Z
sensor.meross_temperature_bagno,26.162711610722223,2026-06-06T21:00:00.000Z
sensor.meross_temperature_bagno,26.100000000000005,2026-06-06T22:00:00.000Z
sensor.meross_temperature_bagno,26.016919441166667,2026-06-06T23:00:00.000Z
sensor.meross_temperature_bagno,26,2026-06-07T00:00:00.000Z
sensor.meross_temperature_bagno,26,2026-06-07T01:00:00.000Z
sensor.meross_temperature_bagno,25.994830274277778,2026-06-07T02:00:00.000Z
sensor.meross_temperature_bagno,25.881771122666663,2026-06-07T03:00:00.000Z
sensor.meross_temperature_bagno,25.8,2026-06-07T04:00:00.000Z
sensor.meross_temperature_bagno,25.796359168694448,2026-06-07T05:00:00.000Z
sensor.meross_temperature_bagno,25.7,2026-06-07T06:00:00.000Z
sensor.meross_temperature_bagno,25.779782115111114,2026-06-07T07:00:00.000Z
sensor.meross_temperature_bagno,25.825560461055556,2026-06-07T08:00:00.000Z
sensor.meross_temperature_bagno,25.899999999999995,2026-06-07T09:00:00.000Z
sensor.meross_temperature_bagno,25.899999999999995,2026-06-07T10:00:00.000Z
sensor.meross_temperature_bagno,25.9948268225,2026-06-07T11:00:00.000Z
sensor.meross_temperature_bagno,26.02658513938889,2026-06-07T12:00:00.000Z
sensor.meross_temperature_bagno,26.100000000000005,2026-06-07T13:00:00.000Z
sensor.meross_temperature_bagno,26.199394106499998,2026-06-07T14:00:00.000Z
sensor.meross_temperature_bagno,26.51974831988889,2026-06-07T15:00:00.000Z
sensor.meross_temperature_bagno,26.466851769,2026-06-07T16:00:00.000Z
sensor.meross_temperature_bagno,26.5,2026-06-07T17:00:00.000Z
sensor.meross_temperature_bagno,26.486984857833335,2026-06-07T18:00:00.000Z
sensor.meross_temperature_bagno,26.399999999999995,2026-06-07T19:00:00.000Z
sensor.meross_temperature_bagno,26.440244528888886,2026-06-07T20:00:00.000Z
sensor.meross_temperature_bagno,26.445008115055554,2026-06-07T21:00:00.000Z
sensor.meross_temperature_bagno,26.399999999999995,2026-06-07T22:00:00.000Z
sensor.meross_temperature_bagno,26.31040767202778,2026-06-07T23:00:00.000Z
sensor.meross_temperature_bagno,26.28704151683333,2026-06-08T00:00:00.000Z
sensor.meross_temperature_bagno,26.2,2026-06-08T01:00:00.000Z
sensor.meross_temperature_bagno,26.15245118283333,2026-06-08T02:00:00.000Z
sensor.meross_temperature_bagno,26.087018287166668,2026-06-08T03:00:00.000Z
sensor.meross_temperature_bagno,26,2026-06-08T04:00:00.000Z
sensor.meross_temperature_bagno,26,2026-06-08T05:00:00.000Z
sensor.meross_temperature_bagno,26.092807677583334,2026-06-08T08:00:00.000Z
sensor.meross_temperature_bagno,26.102142784500003,2026-06-08T09:00:00.000Z
sensor.meross_temperature_bagno,26.2,2026-06-08T10:00:00.000Z
sensor.meross_temperature_bagno,26.236763144916665,2026-06-08T11:00:00.000Z
sensor.meross_temperature_bagno,26.3,2026-06-08T12:00:00.000Z
sensor.meross_temperature_bagno,26.340510730944445,2026-06-08T13:00:00.000Z
sensor.meross_temperature_bagno,26.41564372872222,2026-06-08T14:00:00.000Z
sensor.meross_temperature_bagno,26.5,2026-06-08T15:00:00.000Z
sensor.meross_temperature_bagno,26.575266421611108,2026-06-08T16:00:00.000Z
sensor.meross_temperature_bagno,26.7,2026-06-08T17:00:00.000Z
sensor.meross_temperature_bagno,26.7,2026-06-08T18:00:00.000Z
sensor.meross_temperature_bagno,26.62874089463889,2026-06-08T21:00:00.000Z
sensor.meross_temperature_bagno,26.600000000000005,2026-06-08T22:00:00.000Z
sensor.meross_temperature_bagno,26.600000000000005,2026-06-08T23:00:00.000Z
sensor.meross_temperature_bagno,26.521105010722223,2026-06-09T00:00:00.000Z
sensor.meross_temperature_bagno,26.5,2026-06-09T01:00:00.000Z
sensor.meross_temperature_bagno,26.488045444416667,2026-06-09T02:00:00.000Z
sensor.meross_temperature_bagno,26.399999999999995,2026-06-09T03:00:00.000Z
sensor.meross_temperature_bagno,26.399999999999995,2026-06-09T04:00:00.000Z
sensor.meross_temperature_bagno,26.353821596722224,2026-06-09T05:00:00.000Z
sensor.meross_temperature_bagno,26.3,2026-06-09T06:00:00.000Z
sensor.meross_temperature_bagno,26.3,2026-06-09T07:00:00.000Z
sensor.meross_temperature_bagno,26.362542514222223,2026-06-09T08:00:00.000Z
sensor.meross_temperature_bagno,26.399999999999995,2026-06-09T09:00:00.000Z
sensor.meross_temperature_bagno,26.4874069975,2026-06-09T10:00:00.000Z
sensor.meross_temperature_bagno,26.549196183694445,2026-06-09T11:00:00.000Z
sensor.meross_temperature_bagno,26.572474938888888,2026-06-09T12:00:00.000Z
sensor.meross_temperature_bagno,26.538324981416668,2026-06-09T13:00:00.000Z
sensor.meross_temperature_bagno,26.650278715888888,2026-06-09T14:00:00.000Z
sensor.meross_temperature_bagno,26.793706635888892,2026-06-09T15:00:00.000Z
sensor.meross_temperature_bagno,26.969060204138888,2026-06-09T16:00:00.000Z
sensor.meross_temperature_bagno,26.899999999999995,2026-06-09T17:00:00.000Z
sensor.meross_temperature_bagno,26.899999999999995,2026-06-09T18:00:00.000Z
sensor.meross_temperature_bagno,26.956045593611112,2026-06-09T19:00:00.000Z
sensor.meross_temperature_bagno,27,2026-06-09T20:00:00.000Z
sensor.meross_temperature_bagno,27,2026-06-09T21:00:00.000Z
sensor.meross_temperature_bagno,26.97340858311111,2026-06-09T22:00:00.000Z
sensor.meross_temperature_bagno,26.899999999999995,2026-06-09T23:00:00.000Z
sensor.meross_temperature_bagno,26.844153336166666,2026-06-10T00:00:00.000Z
sensor.meross_temperature_bagno,26.8,2026-06-10T01:00:00.000Z
sensor.meross_temperature_bagno,26.776444435138888,2026-06-10T02:00:00.000Z
sensor.meross_temperature_bagno,26.7,2026-06-10T03:00:00.000Z
sensor.meross_temperature_bagno,26.695092351805556,2026-06-10T04:00:00.000Z
sensor.meross_temperature_bagno,26.600000000000005,2026-06-10T05:00:00.000Z
sensor.meross_temperature_bagno,26.606622519861116,2026-06-10T06:00:00.000Z
sensor.meross_temperature_bagno,26.415840248555554,2026-06-10T07:00:00.000Z
sensor.meross_temperature_bagno,26.579449692444445,2026-06-10T08:00:00.000Z
sensor.meross_temperature_bagno,26.600000000000005,2026-06-10T09:00:00.000Z
sensor.meross_temperature_bagno,26.644735901916665,2026-06-10T10:00:00.000Z
sensor.meross_temperature_bagno,26.600000000000005,2026-06-10T11:00:00.000Z
sensor.meross_temperature_bagno,26.64284968377778,2026-06-10T12:00:00.000Z
sensor.meross_temperature_bagno,26.7,2026-06-10T13:00:00.000Z
sensor.meross_temperature_bagno,26.78891458411111,2026-06-10T14:00:00.000Z
sensor.meross_temperature_bagno,26.753822808250003,2026-06-10T15:00:00.000Z
sensor.meross_temperature_bagno,26.63778982133333,2026-06-10T16:00:00.000Z
sensor.meross_temperature_bagno,27.87370951802799,2026-06-18T19:00:00.000Z
sensor.meross_temperature_bagno,28.184171611666667,2026-06-18T20:00:00.000Z
sensor.meross_temperature_bagno,28.100000000000005,2026-06-18T21:00:00.000Z
sensor.meross_temperature_bagno,28.007513600444444,2026-06-18T22:00:00.000Z
sensor.meross_temperature_bagno,27.980104991972222,2026-06-18T23:00:00.000Z
sensor.meross_temperature_bagno,27.88098011436111,2026-06-19T00:00:00.000Z
sensor.meross_temperature_bagno,27.788774764194443,2026-06-19T01:00:00.000Z
sensor.meross_temperature_bagno,27.87603553169444,2026-06-19T02:00:00.000Z
sensor.meross_temperature_bagno,27.899999999999995,2026-06-19T03:00:00.000Z
sensor.meross_temperature_bagno,27.899999999999995,2026-06-19T04:00:00.000Z
sensor.meross_temperature_bagno,27.908793191277777,2026-06-19T06:00:00.000Z
sensor.meross_temperature_bagno,27.926355934833335,2026-06-19T07:00:00.000Z
sensor.meross_temperature_bagno,27.932994085722218,2026-06-19T08:00:00.000Z
sensor.meross_temperature_bagno,28.048887662777776,2026-06-19T09:00:00.000Z
sensor.meross_temperature_bagno,28.100000000000005,2026-06-19T10:00:00.000Z
sensor.meross_temperature_bagno,28.177950867083336,2026-06-19T11:00:00.000Z
sensor.meross_temperature_bagno,28.246218861611112,2026-06-19T12:00:00.000Z
sensor.meross_temperature_bagno,28.3,2026-06-19T13:00:00.000Z
sensor.meross_temperature_bagno,28.37522681483333,2026-06-19T14:00:00.000Z
sensor.meross_temperature_bagno,28.399999999999995,2026-06-19T15:00:00.000Z
sensor.meross_temperature_bagno,28.463917438194443,2026-06-19T16:00:00.000Z
sensor.meross_temperature_bagno,28.522822225916666,2026-06-19T17:00:00.000Z
sensor.meross_temperature_bagno,28.60512170652778,2026-06-19T18:00:00.000Z
sensor.meross_temperature_bagno,28.7,2026-06-19T19:00:00.000Z
sensor.meross_temperature_bagno,28.7,2026-06-19T20:00:00.000Z
sensor.meross_temperature_bagno,28.70661544063889,2026-06-19T23:00:00.000Z
sensor.meross_temperature_bagno,28.71666666666667,2026-06-20T00:00:00.000Z
sensor.meross_temperature_bagno,28.7,2026-06-20T01:00:00.000Z
sensor.meross_temperature_bagno,28.661735949999997,2026-06-20T02:00:00.000Z
sensor.meross_temperature_bagno,28.600000000000005,2026-06-20T03:00:00.000Z
sensor.meross_temperature_bagno,28.600000000000005,2026-06-20T04:00:00.000Z
sensor.meross_temperature_bagno,28.573878539944445,2026-06-20T05:00:00.000Z
sensor.meross_temperature_bagno,28.5,2026-06-20T06:00:00.000Z
sensor.meross_temperature_bagno,28.5,2026-06-20T07:00:00.000Z
sensor.meross_temperature_bagno,28.550457945944444,2026-06-20T08:00:00.000Z
sensor.meross_temperature_bagno,28.42386523108333,2026-06-20T09:00:00.000Z
sensor.meross_temperature_bagno,28.327617599666667,2026-06-20T10:00:00.000Z
sensor.meross_temperature_bagno,28.3,2026-06-20T11:00:00.000Z
sensor.meross_temperature_bagno,28.364326834166665,2026-06-20T12:00:00.000Z
sensor.meross_temperature_bagno,28.5,2026-06-20T13:00:00.000Z
sensor.meross_temperature_bagno,28.522757404194447,2026-06-20T14:00:00.000Z
sensor.meross_temperature_bagno,28.766492799305556,2026-06-20T15:00:00.000Z
sensor.meross_temperature_bagno,28.821921527527778,2026-06-20T16:00:00.000Z
sensor.meross_temperature_bagno,28.720784519666665,2026-06-20T17:00:00.000Z
sensor.meross_temperature_bagno,28.899999999999995,2026-06-20T18:00:00.000Z
sensor.meross_temperature_bagno,28.899999999999995,2026-06-20T19:00:00.000Z
sensor.meross_temperature_bagno,28.837010713222224,2026-06-20T20:00:00.000Z
sensor.meross_temperature_bagno,28.858626757583334,2026-06-20T21:00:00.000Z
sensor.meross_temperature_bagno,28.899999999999995,2026-06-20T22:00:00.000Z
sensor.meross_temperature_bagno,28.899999999999995,2026-06-20T23:00:00.000Z
sensor.meross_temperature_bagno,28.823457263916666,2026-06-21T05:00:00.000Z
sensor.meross_temperature_bagno,28.8,2026-06-21T06:00:00.000Z
sensor.meross_temperature_bagno,28.882598152277776,2026-06-21T07:00:00.000Z
sensor.meross_temperature_bagno,28.899999999999995,2026-06-21T08:00:00.000Z
sensor.meross_temperature_bagno,28.899999999999995,2026-06-21T09:00:00.000Z
sensor.meross_temperature_bagno,28.929133656166666,2026-06-21T10:00:00.000Z
sensor.meross_temperature_bagno,29,2026-06-21T11:00:00.000Z
sensor.meross_temperature_bagno,29.030132245,2026-06-21T12:00:00.000Z
sensor.meross_temperature_bagno,29.167287365555556,2026-06-21T13:00:00.000Z
sensor.meross_temperature_bagno,29.2,2026-06-21T14:00:00.000Z
sensor.meross_temperature_bagno,29.235446992805553,2026-06-21T15:00:00.000Z
sensor.meross_temperature_bagno,28.94082473758333,2026-06-21T16:00:00.000Z
sensor.meross_temperature_bagno,29.02917043188889,2026-06-21T17:00:00.000Z
sensor.meross_temperature_bagno,29.296893391583335,2026-06-21T18:00:00.000Z
sensor.meross_temperature_bagno,29.33645469088889,2026-06-21T19:00:00.000Z
sensor.meross_temperature_bagno,29.389499858527774,2026-06-21T20:00:00.000Z
sensor.meross_temperature_bagno,29.38232838833333,2026-06-21T21:00:00.000Z
sensor.meross_temperature_bagno,29.243207299999998,2026-06-21T22:00:00.000Z
sensor.meross_temperature_bagno,29.23206257933333,2026-06-21T23:00:00.000Z
sensor.meross_temperature_bagno,29.3,2026-06-22T00:00:00.000Z
sensor.meross_temperature_bagno,29.3,2026-06-22T01:00:00.000Z
sensor.meross_temperature_bagno,29.22551403422222,2026-06-22T02:00:00.000Z
sensor.meross_temperature_bagno,29.165358951277778,2026-06-22T03:00:00.000Z
sensor.meross_temperature_bagno,29.043853862027778,2026-06-22T04:00:00.000Z
sensor.meross_temperature_bagno,29,2026-06-22T05:00:00.000Z
sensor.meross_temperature_bagno,29.016838142861108,2026-06-22T06:00:00.000Z
sensor.meross_temperature_bagno,29,2026-06-22T07:00:00.000Z
sensor.meross_temperature_bagno,29.143652234055555,2026-06-22T08:00:00.000Z
sensor.meross_temperature_bagno,29.241468650583332,2026-06-22T09:00:00.000Z
sensor.meross_temperature_bagno,29.304122642472223,2026-06-22T10:00:00.000Z
sensor.meross_temperature_bagno,29.399999999999995,2026-06-22T11:00:00.000Z
sensor.meross_temperature_bagno,29.441547796055556,2026-06-22T12:00:00.000Z
sensor.meross_temperature_bagno,29.5,2026-06-22T13:00:00.000Z
sensor.meross_temperature_bagno,29.589766658166667,2026-06-22T14:00:00.000Z
sensor.meross_temperature_bagno,29.518711933305557,2026-06-22T15:00:00.000Z
sensor.meross_temperature_bagno,29.73426248475,2026-06-22T16:00:00.000Z
sensor.meross_temperature_bagno,29.937405258972223,2026-06-22T17:00:00.000Z
sensor.meross_temperature_bagno,30.180248002888888,2026-06-22T18:00:00.000Z
sensor.meross_temperature_bagno,30.057745643416666,2026-06-22T19:00:00.000Z
sensor.meross_temperature_bagno,29.927086931694443,2026-06-22T20:00:00.000Z
sensor.meross_temperature_bagno,29.72373900958333,2026-06-22T21:00:00.000Z
sensor.meross_temperature_bagno,29.78340086125,2026-06-22T22:00:00.000Z
sensor.meross_temperature_bagno,29.8,2026-06-22T23:00:00.000Z
sensor.meross_temperature_bagno,29.8,2026-06-23T00:00:00.000Z
sensor.meross_temperature_bagno,29.722717955944443,2026-06-23T03:00:00.000Z
sensor.meross_temperature_bagno,29.7,2026-06-23T04:00:00.000Z
sensor.meross_temperature_bagno,29.7,2026-06-23T05:00:00.000Z
sensor.meross_temperature_bagno,29.608077098583333,2026-06-23T06:00:00.000Z
sensor.meross_temperature_bagno,29.614816105166668,2026-06-23T07:00:00.000Z
sensor.meross_temperature_bagno,29.7,2026-06-23T08:00:00.000Z
sensor.meross_temperature_bagno,29.704533863416668,2026-06-23T09:00:00.000Z
sensor.meross_temperature_bagno,29.8,2026-06-23T10:00:00.000Z
sensor.meross_temperature_bagno,29.8,2026-06-23T11:00:00.000Z
sensor.meross_temperature_bagno,29.887135921027777,2026-06-23T13:00:00.000Z
sensor.meross_temperature_bagno,29.899999999999995,2026-06-23T14:00:00.000Z
sensor.meross_temperature_bagno,29.899999999999995,2026-06-23T15:00:00.000Z
sensor.meross_temperature_bagno,29.910985370027777,2026-06-23T16:00:00.000Z
sensor.meross_temperature_bagno,29.726622672166666,2026-06-23T17:00:00.000Z
sensor.meross_temperature_bagno,29.81974528961111,2026-06-23T18:00:00.000Z
sensor.meross_temperature_bagno,29.899999999999995,2026-06-23T19:00:00.000Z
sensor.meross_temperature_bagno,29.899999999999995,2026-06-23T20:00:00.000Z
sensor.meross_temperature_bagno,29.97845800311111,2026-06-23T21:00:00.000Z
sensor.meross_temperature_bagno,30,2026-06-23T22:00:00.000Z
sensor.meross_temperature_bagno,30,2026-06-23T23:00:00.000Z
sensor.meross_temperature_bagno,29.97125690147222,2026-06-24T02:00:00.000Z
sensor.meross_temperature_bagno,29.899999999999995,2026-06-24T03:00:00.000Z
sensor.meross_temperature_bagno,29.899999999999995,2026-06-24T04:00:00.000Z
sensor.meross_temperature_bagno,29.829136230499998,2026-06-24T05:00:00.000Z
sensor.meross_temperature_bagno,29.8,2026-06-24T06:00:00.000Z
sensor.meross_temperature_bagno,29.8,2026-06-24T07:00:00.000Z
sensor.meross_temperature_bagno,29.85649510513889,2026-06-24T08:00:00.000Z
sensor.meross_temperature_bagno,29.899999999999995,2026-06-24T09:00:00.000Z
sensor.meross_temperature_bagno,29.899999999999995,2026-06-24T10:00:00.000Z
sensor.meross_temperature_bagno,29.99086388483333,2026-06-24T11:00:00.000Z
sensor.meross_temperature_bagno,30.045350184833335,2026-06-24T12:00:00.000Z
sensor.meross_temperature_bagno,30.189253101861112,2026-06-24T13:00:00.000Z
sensor.meross_temperature_bagno,30.218780414333335,2026-06-24T14:00:00.000Z
sensor.meross_temperature_bagno,30.11041898822222,2026-06-24T15:00:00.000Z
sensor.meross_temperature_bagno,30.2,2026-06-24T16:00:00.000Z
sensor.meross_temperature_bagno,30.2,2026-06-24T17:00:00.000Z
sensor.meross_temperature_bagno,30.153521260361114,2026-06-24T18:00:00.000Z
sensor.meross_temperature_bagno,30,2026-06-24T19:00:00.000Z
sensor.meross_temperature_bagno,29.92079585175,2026-06-24T20:00:00.000Z
sensor.meross_temperature_bagno,29.69639715725,2026-06-24T21:00:00.000Z
sensor.meross_temperature_bagno,29.795120719055557,2026-06-24T22:00:00.000Z
sensor.meross_temperature_bagno,29.899999999999995,2026-06-24T23:00:00.000Z
sensor.meross_temperature_bagno,29.899999999999995,2026-06-25T00:00:00.000Z
sensor.meross_temperature_bagno,29.895790502777775,2026-06-25T05:00:00.000Z
sensor.meross_temperature_bagno,29.808391410166667,2026-06-25T06:00:00.000Z
sensor.meross_temperature_bagno,29.846525232333335,2026-06-25T07:00:00.000Z
sensor.meross_temperature_bagno,29.899999999999995,2026-06-25T08:00:00.000Z
sensor.meross_temperature_bagno,29.899999999999995,2026-06-25T09:00:00.000Z
sensor.meross_temperature_bagno,29.96374931075,2026-06-25T10:00:00.000Z
sensor.meross_temperature_bagno,30,2026-06-25T11:00:00.000Z
sensor.meross_temperature_bagno,30.302692542583333,2026-06-25T12:00:00.000Z
sensor.meross_temperature_bagno,30.71276367888889,2026-06-25T13:00:00.000Z
sensor.meross_temperature_bagno,30.907478934305555,2026-06-25T14:00:00.000Z
sensor.meross_temperature_bagno,30.59534706108333,2026-06-25T15:00:00.000Z
sensor.meross_temperature_bagno,30.676081830555557,2026-06-25T16:00:00.000Z
sensor.meross_temperature_bagno,30.901279182249997,2026-06-25T17:00:00.000Z
sensor.meross_temperature_bagno,30.898638446388887,2026-06-25T18:00:00.000Z
sensor.meross_temperature_bagno,30.86096385333333,2026-06-25T19:00:00.000Z
sensor.meross_temperature_bagno,30.8,2026-06-25T20:00:00.000Z
sensor.meross_temperature_bagno,30.8,2026-06-25T21:00:00.000Z
sensor.meross_temperature_bagno,30.704259223416667,2026-06-25T22:00:00.000Z
sensor.meross_temperature_bagno,30.7,2026-06-25T23:00:00.000Z
sensor.meross_temperature_bagno,30.622541782305557,2026-06-26T00:00:00.000Z
sensor.meross_temperature_bagno,30.520486792055554,2026-06-26T01:00:00.000Z
sensor.meross_temperature_bagno,30.43271347197222,2026-06-26T02:00:00.000Z
sensor.meross_temperature_bagno,30.36705811738889,2026-06-26T03:00:00.000Z
sensor.meross_temperature_bagno,30.3,2026-06-26T04:00:00.000Z
sensor.meross_temperature_bagno,30.217490110138886,2026-06-26T05:00:00.000Z
sensor.meross_temperature_bagno,30.202782908055553,2026-06-26T06:00:00.000Z
sensor.meross_temperature_bagno,30.117135028833335,2026-06-26T07:00:00.000Z
sensor.meross_temperature_bagno,30.10376010794445,2026-06-26T08:00:00.000Z
sensor.meross_temperature_bagno,30.2,2026-06-26T09:00:00.000Z
sensor.meross_temperature_bagno,30.227462149638885,2026-06-26T10:00:00.000Z
sensor.meross_temperature_bagno,30.3,2026-06-26T11:00:00.000Z
sensor.meross_temperature_bagno,30.3,2026-06-26T12:00:00.000Z
sensor.meross_temperature_bagno,30.36702506497222,2026-06-26T13:00:00.000Z
sensor.meross_temperature_bagno,30.399999999999995,2026-06-26T14:00:00.000Z
sensor.meross_temperature_bagno,30.399999999999995,2026-06-26T15:00:00.000Z
sensor.meross_temperature_bagno,30.486333798194448,2026-06-26T16:00:00.000Z
sensor.meross_temperature_bagno,30.712868085500002,2026-06-26T17:00:00.000Z
sensor.meross_temperature_bagno,30.784108634638887,2026-06-26T18:00:00.000Z
sensor.meross_temperature_bagno,30.60386207508333,2026-06-26T19:00:00.000Z
sensor.meross_temperature_bagno,30.36721338469444,2026-06-26T20:00:00.000Z
sensor.meross_temperature_bagno,30.24954117961111,2026-06-26T21:00:00.000Z
sensor.meross_temperature_bagno,30.3,2026-06-26T22:00:00.000Z
sensor.meross_temperature_bagno,30.3,2026-06-26T23:00:00.000Z
sensor.meross_temperature_bagno,30.231517417000003,2026-06-27T03:00:00.000Z
sensor.meross_temperature_bagno,30.2,2026-06-27T04:00:00.000Z
sensor.meross_temperature_bagno,30.2,2026-06-27T05:00:00.000Z
sensor.meross_temperature_bagno,30.101761956500003,2026-06-27T06:00:00.000Z
sensor.meross_temperature_bagno,30.11832461841667,2026-06-27T07:00:00.000Z
sensor.meross_temperature_bagno,30.213382540111112,2026-06-27T08:00:00.000Z
sensor.meross_temperature_bagno,30.047055185999998,2026-06-27T09:00:00.000Z
sensor.meross_temperature_bagno,30,2026-06-27T10:00:00.000Z
sensor.meross_temperature_bagno,30,2026-06-27T11:00:00.000Z
sensor.meross_temperature_bagno,30.170325212055555,2026-06-27T12:00:00.000Z
sensor.meross_temperature_bagno,30.3,2026-06-27T13:00:00.000Z
sensor.meross_temperature_bagno,30.373667055777776,2026-06-27T14:00:00.000Z
sensor.meross_temperature_bagno,30.41153112072222,2026-06-27T15:00:00.000Z
sensor.meross_temperature_bagno,30.39710757322222,2026-06-27T16:00:00.000Z
sensor.meross_temperature_bagno,30.444805106916665,2026-06-27T17:00:00.000Z
sensor.meross_temperature_bagno,30.688722504083334,2026-06-27T18:00:00.000Z
sensor.meross_temperature_bagno,30.73645462233333,2026-06-27T19:00:00.000Z
sensor.meross_temperature_bagno,30.57287804736111,2026-06-27T20:00:00.000Z
sensor.meross_temperature_bagno,30.69633109669444,2026-06-27T21:00:00.000Z
sensor.meross_temperature_bagno,30.716838105805554,2026-06-27T22:00:00.000Z
sensor.meross_temperature_bagno,30.7,2026-06-27T23:00:00.000Z
sensor.meross_temperature_bagno,30.7,2026-06-28T00:00:00.000Z
sensor.meross_temperature_bagno,30.672498721222222,2026-06-28T04:00:00.000Z
sensor.meross_temperature_bagno,30.600000000000005,2026-06-28T05:00:00.000Z
sensor.meross_temperature_bagno,30.600000000000005,2026-06-28T06:00:00.000Z
sensor.meross_temperature_bagno,30.624023173833336,2026-06-28T08:00:00.000Z
sensor.meross_temperature_bagno,30.7,2026-06-28T09:00:00.000Z
sensor.meross_temperature_bagno,30.711097695388887,2026-06-28T10:00:00.000Z
sensor.meross_temperature_bagno,30.692650599027775,2026-06-28T11:00:00.000Z
sensor.meross_temperature_bagno,30.79573299613889,2026-06-28T12:00:00.000Z
sensor.meross_temperature_bagno,30.808458026555556,2026-06-28T13:00:00.000Z
sensor.meross_temperature_bagno,30.899999999999995,2026-06-28T14:00:00.000Z
sensor.meross_temperature_bagno,30.868121997333333,2026-06-28T15:00:00.000Z
sensor.meross_temperature_bagno,30.724790643861112,2026-06-28T16:00:00.000Z
sensor.meross_temperature_bagno,30.816537945583335,2026-06-28T17:00:00.000Z
sensor.meross_temperature_bagno,30.853510160888888,2026-06-28T18:00:00.000Z
sensor.meross_temperature_bagno,30.8,2026-06-28T19:00:00.000Z
sensor.meross_temperature_bagno,30.8,2026-06-28T20:00:00.000Z
sensor.meross_temperature_bagno,30.851543462027777,2026-06-28T21:00:00.000Z
sensor.meross_temperature_bagno,30.87438229097222,2026-06-28T22:00:00.000Z
sensor.meross_temperature_bagno,30.8,2026-06-28T23:00:00.000Z
sensor.meross_temperature_bagno,30.8,2026-06-29T00:00:00.000Z
sensor.meross_temperature_bagno,30.768189963583335,2026-06-29T01:00:00.000Z
sensor.meross_temperature_bagno,30.7,2026-06-29T02:00:00.000Z
sensor.meross_temperature_bagno,30.7,2026-06-29T03:00:00.000Z
sensor.meross_temperature_bagno,30.653302166972225,2026-06-29T04:00:00.000Z
sensor.meross_temperature_bagno,30.600000000000005,2026-06-29T05:00:00.000Z
sensor.meross_temperature_bagno,30.53367366422222,2026-06-29T06:00:00.000Z
sensor.meross_temperature_bagno,30.480426599527778,2026-06-29T07:00:00.000Z
sensor.meross_temperature_bagno,30.366836858138885,2026-06-29T08:00:00.000Z
sensor.meross_temperature_bagno,30.45174945261111,2026-06-29T09:00:00.000Z
sensor.meross_temperature_bagno,30.601967956638887,2026-06-29T10:00:00.000Z
sensor.meross_temperature_bagno,30.766865995444444,2026-06-29T11:00:00.000Z
sensor.meross_temperature_bagno,30.948719827833333,2026-06-29T12:00:00.000Z
sensor.meross_temperature_bagno,31.158389868194444,2026-06-29T13:00:00.000Z
sensor.meross_temperature_bagno,31.446629686583332,2026-06-29T14:00:00.000Z
sensor.meross_temperature_bagno,31.503921124,2026-06-29T15:00:00.000Z
sensor.meross_temperature_bagno,31.65349043075,2026-06-29T16:00:00.000Z
sensor.meross_temperature_bagno,31.434168507944445,2026-06-29T17:00:00.000Z
sensor.meross_temperature_bagno,31.241933657722225,2026-06-29T18:00:00.000Z
sensor.meross_temperature_bagno,31.034399766555556,2026-06-29T19:00:00.000Z
sensor.meross_temperature_bagno,30.83834759052778,2026-06-29T20:00:00.000Z
sensor.meross_temperature_bagno,30.899999999999995,2026-06-29T21:00:00.000Z
sensor.meross_temperature_bagno,30.899999999999995,2026-06-29T22:00:00.000Z
sensor.meross_temperature_bagno,30.828935852972222,2026-06-30T00:00:00.000Z
sensor.meross_temperature_bagno,30.8,2026-06-30T01:00:00.000Z
sensor.meross_temperature_bagno,30.77559202419444,2026-06-30T02:00:00.000Z
sensor.meross_temperature_bagno,30.7,2026-06-30T03:00:00.000Z
sensor.meross_temperature_bagno,30.7,2026-06-30T04:00:00.000Z
sensor.meross_temperature_bagno,30.609382360777776,2026-06-30T05:00:00.000Z
sensor.meross_temperature_bagno,30.600000000000005,2026-06-30T06:00:00.000Z
sensor.meross_temperature_bagno,30.52019419161111,2026-06-30T07:00:00.000Z
sensor.meross_temperature_bagno,30.5,2026-06-30T08:00:00.000Z
sensor.meross_temperature_bagno,30.5,2026-06-30T09:00:00.000Z
sensor.meross_temperature_bagno,30.584075942222224,2026-06-30T10:00:00.000Z
sensor.meross_temperature_bagno,30.70889122622222,2026-06-30T11:00:00.000Z
sensor.meross_temperature_bagno,30.8,2026-06-30T12:00:00.000Z
sensor.meross_temperature_bagno,30.851928763916664,2026-06-30T13:00:00.000Z
sensor.meross_temperature_bagno,31.041111085888886,2026-06-30T14:00:00.000Z
sensor.meross_temperature_bagno,31.195477566416667,2026-06-30T15:00:00.000Z
sensor.meross_temperature_bagno,31.100000000000005,2026-06-30T16:00:00.000Z
sensor.meross_temperature_bagno,31.116718432722223,2026-06-30T17:00:00.000Z
sensor.meross_temperature_bagno,31.238279481666666,2026-06-30T18:00:00.000Z
sensor.meross_temperature_bagno,31.28786861475,2026-06-30T19:00:00.000Z
sensor.meross_temperature_bagno,31.211197314416665,2026-06-30T20:00:00.000Z
sensor.meross_temperature_bagno,31.145887284777775,2026-06-30T21:00:00.000Z
sensor.meross_temperature_bagno,31.100000000000005,2026-06-30T22:00:00.000Z
sensor.meross_temperature_bagno,31.100000000000005,2026-06-30T23:00:00.000Z
sensor.meross_temperature_bagno,31.080206906972222,2026-07-01T00:00:00.000Z
sensor.meross_temperature_bagno,31,2026-07-01T01:00:00.000Z
sensor.meross_temperature_bagno,30.972152633388887,2026-07-01T02:00:00.000Z
sensor.meross_temperature_bagno,30.899999999999995,2026-07-01T03:00:00.000Z
sensor.meross_temperature_bagno,30.8730449075,2026-07-01T04:00:00.000Z
sensor.meross_temperature_bagno,30.8,2026-07-01T05:00:00.000Z
sensor.meross_temperature_bagno,30.735620531944445,2026-07-01T06:00:00.000Z
sensor.meross_temperature_bagno,30.7,2026-07-01T07:00:00.000Z
sensor.meross_temperature_bagno,30.7,2026-07-01T08:00:00.000Z
sensor.meross_temperature_bagno,30.72661238736111,2026-07-01T10:00:00.000Z
sensor.meross_temperature_bagno,30.8,2026-07-01T11:00:00.000Z
sensor.meross_temperature_bagno,30.91976770869444,2026-07-01T12:00:00.000Z
sensor.meross_temperature_bagno,30.79180279941667,2026-07-01T13:00:00.000Z
sensor.meross_temperature_bagno,30.71465525327778,2026-07-01T14:00:00.000Z
sensor.meross_temperature_bagno,30.55669475136111,2026-07-01T15:00:00.000Z
sensor.meross_temperature_bagno,30.32748025230556,2026-07-01T16:00:00.000Z
sensor.meross_temperature_bagno,30.02984691338889,2026-07-01T17:00:00.000Z
sensor.meross_temperature_bagno,30.157874109944444,2026-07-01T18:00:00.000Z
sensor.meross_temperature_bagno,30.2,2026-07-01T19:00:00.000Z
sensor.meross_temperature_bagno,30.10432399747222,2026-07-01T20:00:00.000Z
sensor.meross_temperature_bagno,30,2026-07-01T21:00:00.000Z
sensor.meross_temperature_bagno,30,2026-07-01T22:00:00.000Z
sensor.meross_temperature_bagno,29.761915679111112,2026-07-02T05:00:00.000Z
sensor.meross_temperature_bagno,27.660664475388888,2026-07-02T06:00:00.000Z
sensor.meross_temperature_bagno,28.759319597277777,2026-07-02T07:00:00.000Z
sensor.meross_temperature_bagno,29.088366551000004,2026-07-02T08:00:00.000Z
sensor.meross_temperature_bagno,29.25025736038889,2026-07-02T09:00:00.000Z
sensor.meross_temperature_bagno,29.318496868083333,2026-07-02T10:00:00.000Z
sensor.meross_temperature_bagno,29.399999999999995,2026-07-02T11:00:00.000Z
sensor.meross_temperature_bagno,29.49109916791667,2026-07-02T12:00:00.000Z
sensor.meross_temperature_bagno,29.57141506588889,2026-07-02T13:00:00.000Z
sensor.meross_temperature_bagno,29.7,2026-07-02T14:00:00.000Z
sensor.meross_temperature_bagno,29.7,2026-07-02T15:00:00.000Z
sensor.meross_temperature_bagno,29.752137787222225,2026-07-02T16:00:00.000Z
sensor.meross_temperature_bagno,29.8,2026-07-02T17:00:00.000Z
sensor.meross_temperature_bagno,29.8,2026-07-02T18:00:00.000Z
sensor.meross_temperature_bagno,29.745589863611112,2026-07-02T21:00:00.000Z
sensor.meross_temperature_bagno,29.731041595055554,2026-07-02T22:00:00.000Z
sensor.meross_temperature_bagno,29.736227228416666,2026-07-02T23:00:00.000Z
sensor.meross_temperature_bagno,29.7,2026-07-03T00:00:00.000Z
sensor.meross_temperature_bagno,29.7,2026-07-03T01:00:00.000Z
sensor.meross_temperature_bagno,29.603222731194446,2026-07-03T02:00:00.000Z
sensor.meross_temperature_bagno,29.600000000000005,2026-07-03T03:00:00.000Z
sensor.meross_temperature_bagno,29.549210091638887,2026-07-03T04:00:00.000Z
sensor.meross_temperature_bagno,29.275061902833333,2026-07-03T05:00:00.000Z
sensor.meross_temperature_bagno,29.032097508888892,2026-07-03T06:00:00.000Z
sensor.meross_temperature_bagno,29.080243731583334,2026-07-03T07:00:00.000Z
sensor.meross_temperature_bagno,29.8,2026-07-03T17:00:00.000Z
sensor.meross_temperature_bagno,29.8,2026-07-03T18:00:00.000Z
sensor.meross_temperature_bagno,29.76892547008333,2026-07-04T01:00:00.000Z
sensor.meross_temperature_bagno,29.7,2026-07-04T02:00:00.000Z
sensor.meross_temperature_bagno,29.656758341444444,2026-07-04T03:00:00.000Z
sensor.meross_temperature_bagno,29.600000000000005,2026-07-04T04:00:00.000Z
sensor.meross_temperature_bagno,29.554066214083335,2026-07-04T05:00:00.000Z
sensor.meross_temperature_bagno,29.5,2026-07-04T06:00:00.000Z
sensor.meross_temperature_bagno,29.505613188111113,2026-07-04T07:00:00.000Z
sensor.meross_temperature_bagno,29.5,2026-07-04T08:00:00.000Z
sensor.meross_temperature_bagno,29.5,2026-07-04T09:00:00.000Z
sensor.meross_temperature_bagno,29.563318410944447,2026-07-04T10:00:00.000Z
sensor.meross_temperature_bagno,29.642756275500002,2026-07-04T11:00:00.000Z
sensor.meross_temperature_bagno,29.7,2026-07-04T12:00:00.000Z
sensor.meross_temperature_bagno,29.794212538166665,2026-07-04T13:00:00.000Z
sensor.meross_temperature_bagno,29.866397842277777,2026-07-04T14:00:00.000Z
sensor.meross_temperature_bagno,29.960771723694446,2026-07-04T15:00:00.000Z
sensor.meross_temperature_bagno,30.2163908655,2026-07-04T16:00:00.000Z
sensor.meross_temperature_bagno,30.2,2026-07-04T17:00:00.000Z
sensor.meross_temperature_bagno,30.2,2026-07-04T18:00:00.000Z
sensor.meross_temperature_bagno,30.281117337111112,2026-07-04T19:00:00.000Z
sensor.meross_temperature_bagno,30.24706801111111,2026-07-04T20:00:00.000Z
sensor.meross_temperature_bagno,30.206465174388885,2026-07-04T21:00:00.000Z
sensor.meross_temperature_bagno,30.2,2026-07-04T22:00:00.000Z
sensor.meross_temperature_bagno,30.76231857447222,2026-07-04T23:00:00.000Z
sensor.meross_temperature_bagno,30.36997801211111,2026-07-05T00:00:00.000Z
sensor.meross_temperature_bagno,30.212003075055552,2026-07-05T01:00:00.000Z
sensor.meross_temperature_bagno,30.121337495972224,2026-07-05T02:00:00.000Z
sensor.meross_temperature_bagno,30.06988078247222,2026-07-05T03:00:00.000Z
sensor.meross_temperature_bagno,30,2026-07-05T04:00:00.000Z
sensor.meross_temperature_bagno,30,2026-07-05T05:00:00.000Z
sensor.meross_temperature_bagno,30.016514181638886,2026-07-05T16:00:00.000Z
sensor.meross_temperature_bagno,30.039075490722222,2026-07-05T17:00:00.000Z
sensor.meross_temperature_bagno,30.110341039999998,2026-07-05T18:00:00.000Z
sensor.meross_temperature_bagno,30.2,2026-07-05T19:00:00.000Z
sensor.meross_temperature_bagno,30.2,2026-07-05T20:00:00.000Z
sensor.meross_temperature_bagno,30.10358082847222,2026-07-05T21:00:00.000Z
sensor.meross_temperature_bagno,30.100000000000005,2026-07-05T22:00:00.000Z
sensor.meross_temperature_bagno,30.100000000000005,2026-07-05T23:00:00.000Z
sensor.meross_temperature_bagno,30.084913430444445,2026-07-06T01:00:00.000Z
sensor.meross_temperature_bagno,30,2026-07-06T02:00:00.000Z
sensor.meross_temperature_bagno,30,2026-07-06T03:00:00.000Z
sensor.meross_temperature_bagno,29.832973200999998,2026-07-06T05:00:00.000Z
sensor.meross_temperature_bagno,29.61212146075,2026-07-06T06:00:00.000Z
sensor.meross_temperature_bagno,29.61280384738889,2026-07-06T07:00:00.000Z
sensor.meross_temperature_bagno,29.7,2026-07-06T08:00:00.000Z
sensor.meross_temperature_bagno,29.793347037388887,2026-07-06T09:00:00.000Z
sensor.meross_temperature_bagno,29.882927663138886,2026-07-06T10:00:00.000Z
sensor.meross_temperature_bagno,29.899999999999995,2026-07-06T11:00:00.000Z
sensor.meross_temperature_bagno,29.899999999999995,2026-07-06T12:00:00.000Z
sensor.meross_temperature_bagno,29.969279103694443,2026-07-06T14:00:00.000Z
sensor.meross_temperature_bagno,30,2026-07-06T15:00:00.000Z
sensor.meross_temperature_bagno,30.045398900805555,2026-07-06T16:00:00.000Z
sensor.meross_temperature_bagno,30.13345896797222,2026-07-06T17:00:00.000Z
sensor.meross_temperature_bagno,30.295336857611108,2026-07-06T18:00:00.000Z
sensor.meross_temperature_bagno,30.2,2026-07-06T19:00:00.000Z
sensor.meross_temperature_bagno,30.17012843488889,2026-07-06T20:00:00.000Z
sensor.meross_temperature_bagno,30.100000000000005,2026-07-06T21:00:00.000Z
sensor.meross_temperature_bagno,30.100000000000005,2026-07-06T22:00:00.000Z
sensor.meross_temperature_bagno,30.054961876777778,2026-07-07T00:00:00.000Z
sensor.meross_temperature_bagno,30,2026-07-07T01:00:00.000Z
sensor.meross_temperature_bagno,30,2026-07-07T02:00:00.000Z
sensor.meross_temperature_bagno,29.76482933661111,2026-07-07T05:00:00.000Z
sensor.meross_temperature_bagno,29.60351676688889,2026-07-07T06:00:00.000Z
sensor.meross_temperature_bagno,29.71403022638889,2026-07-07T07:00:00.000Z
sensor.meross_temperature_bagno,29.75372488475,2026-07-07T08:00:00.000Z
sensor.meross_temperature_bagno,29.8,2026-07-07T09:00:00.000Z
sensor.meross_temperature_bagno,29.868726357638888,2026-07-07T10:00:00.000Z
sensor.meross_temperature_bagno,29.899999999999995,2026-07-07T11:00:00.000Z
sensor.meross_temperature_bagno,29.899999999999995,2026-07-07T12:00:00.000Z
sensor.meross_temperature_bagno,29.92078986613889,2026-07-07T14:00:00.000Z
sensor.meross_temperature_bagno,30,2026-07-07T15:00:00.000Z
sensor.meross_temperature_bagno,30.029480413416668,2026-07-07T16:00:00.000Z
sensor.meross_temperature_bagno,30.296525371583332,2026-07-07T17:00:00.000Z
sensor.meross_temperature_bagno,30.375690582694443,2026-07-07T18:00:00.000Z
sensor.meross_temperature_bagno,30.286580130527778,2026-07-07T19:00:00.000Z
sensor.meross_temperature_bagno,30.2,2026-07-07T20:00:00.000Z
sensor.meross_temperature_bagno,30.2,2026-07-07T21:00:00.000Z
sensor.meross_temperature_bagno,30.13646021202778,2026-07-07T23:00:00.000Z
sensor.meross_temperature_bagno,30.100000000000005,2026-07-08T00:00:00.000Z
sensor.meross_temperature_bagno,30.063470853472225,2026-07-08T01:00:00.000Z
sensor.meross_temperature_bagno,30,2026-07-08T02:00:00.000Z
sensor.meross_temperature_bagno,30,2026-07-08T03:00:00.000Z
sensor.meross_temperature_bagno,29.97550733861111,2026-07-08T05:00:00.000Z
sensor.meross_temperature_bagno,29.75435036086111,2026-07-08T06:00:00.000Z
sensor.meross_temperature_bagno,29.7,2026-07-08T07:00:00.000Z
sensor.meross_temperature_bagno,29.7,2026-07-08T08:00:00.000Z
sensor.meross_temperature_bagno,29.798250796555553,2026-07-08T09:00:00.000Z
sensor.meross_temperature_bagno,29.836071669972224,2026-07-08T10:00:00.000Z
sensor.meross_temperature_bagno,29.899999999999995,2026-07-08T11:00:00.000Z
sensor.meross_temperature_bagno,29.899999999999995,2026-07-08T12:00:00.000Z
sensor.meross_temperature_bagno,29.974440995527775,2026-07-08T14:00:00.000Z
sensor.meross_temperature_bagno,30.081942733444446,2026-07-08T15:00:00.000Z
sensor.meross_temperature_bagno,30.194699495722222,2026-07-08T16:00:00.000Z
sensor.meross_temperature_bagno,30.341379947583334,2026-07-08T17:00:00.000Z
sensor.meross_temperature_bagno,30.399999999999995,2026-07-08T18:00:00.000Z
sensor.meross_temperature_bagno,30.399999999999995,2026-07-08T19:00:00.000Z
sensor.meross_temperature_bagno,30.317864457833334,2026-07-08T21:00:00.000Z
sensor.meross_temperature_bagno,30.3,2026-07-08T22:00:00.000Z
sensor.meross_temperature_bagno,30.3,2026-07-08T23:00:00.000Z
sensor.meross_temperature_bagno,30.20000219672222,2026-07-09T02:00:00.000Z
sensor.meross_temperature_bagno,30.2,2026-07-09T03:00:00.000Z
sensor.meross_temperature_bagno,30.2,2026-07-09T04:00:00.000Z
sensor.meross_temperature_bagno,30.09747339947222,2026-07-09T05:00:00.000Z
sensor.meross_temperature_bagno,30.005613142472225,2026-07-09T06:00:00.000Z
sensor.meross_temperature_bagno,30,2026-07-09T07:00:00.000Z
sensor.meross_temperature_bagno,30,2026-07-09T08:00:00.000Z
sensor.meross_temperature_bagno,30.08679586477778,2026-07-09T09:00:00.000Z
sensor.meross_temperature_bagno,30.100000000000005,2026-07-09T10:00:00.000Z
sensor.meross_temperature_bagno,30.194718305249996,2026-07-09T11:00:00.000Z
sensor.meross_temperature_bagno,30.23214658013889,2026-07-09T12:00:00.000Z
sensor.meross_temperature_bagno,30.3,2026-07-09T13:00:00.000Z
sensor.meross_temperature_bagno,30.400338058388886,2026-07-09T14:00:00.000Z
sensor.meross_temperature_bagno,30.5,2026-07-09T15:00:00.000Z
sensor.meross_temperature_bagno,30.59338020777778,2026-07-09T16:00:00.000Z
sensor.meross_temperature_bagno,30.68968301041667,2026-07-09T17:00:00.000Z
sensor.meross_temperature_bagno,30.7,2026-07-09T18:00:00.000Z
sensor.meross_temperature_bagno,30.7,2026-07-09T19:00:00.000Z
sensor.meross_temperature_bagno,30.62438266594445,2026-07-09T20:00:00.000Z
sensor.meross_temperature_bagno,30.600000000000005,2026-07-09T21:00:00.000Z
sensor.meross_temperature_bagno,30.600000000000005,2026-07-09T22:00:00.000Z
sensor.meross_temperature_bagno,30.518830811833336,2026-07-09T23:00:00.000Z
sensor.meross_temperature_bagno,30.5,2026-07-10T00:00:00.000Z
sensor.meross_temperature_bagno,30.48438202811111,2026-07-10T01:00:00.000Z
sensor.meross_temperature_bagno,30.399999999999995,2026-07-10T02:00:00.000Z
sensor.meross_temperature_bagno,30.343291321611108,2026-07-10T03:00:00.000Z
sensor.meross_temperature_bagno,30.3,2026-07-10T04:00:00.000Z
sensor.meross_temperature_bagno,30.238370599944446,2026-07-10T05:00:00.000Z
sensor.meross_temperature_bagno,30.14885988641667,2026-07-10T06:00:00.000Z
sensor.meross_temperature_bagno,30.09556306416667,2026-07-10T07:00:00.000Z
sensor.meross_temperature_bagno,30.037166477333333,2026-07-10T08:00:00.000Z
sensor.meross_temperature_bagno,30.100000000000005,2026-07-10T09:00:00.000Z
sensor.meross_temperature_bagno,30.180175568305554,2026-07-10T10:00:00.000Z
sensor.meross_temperature_bagno,30.2,2026-07-10T11:00:00.000Z
sensor.meross_temperature_bagno,30.27558680436111,2026-07-10T12:00:00.000Z
sensor.meross_temperature_bagno,30.3,2026-07-10T13:00:00.000Z
sensor.meross_temperature_bagno,30.3,2026-07-10T14:00:00.000Z
sensor.meross_temperature_bagno,30.35463022997222,2026-07-10T15:00:00.000Z
sensor.meross_temperature_bagno,30.399999999999995,2026-07-10T16:00:00.000Z
sensor.meross_temperature_bagno,30.406890048055555,2026-07-10T17:00:00.000Z
sensor.meross_temperature_bagno,30.567989742888887,2026-07-10T18:00:00.000Z
sensor.meross_temperature_bagno,30.660461966527777,2026-07-10T19:00:00.000Z
sensor.meross_temperature_bagno,30.600000000000005,2026-07-10T20:00:00.000Z
sensor.meross_temperature_bagno,30.583782306,2026-07-10T21:00:00.000Z
sensor.meross_temperature_bagno,30.471279602527776,2026-07-10T22:00:00.000Z
sensor.meross_temperature_bagno,30.39337234011111,2026-07-10T23:00:00.000Z
sensor.meross_temperature_bagno,30.3,2026-07-11T00:00:00.000Z
sensor.meross_temperature_bagno,30.3,2026-07-11T01:00:00.000Z
sensor.meross_temperature_bagno,30.208216775527777,2026-07-11T04:00:00.000Z
sensor.meross_temperature_bagno,30.2,2026-07-11T05:00:00.000Z
sensor.meross_temperature_bagno,30.2,2026-07-11T06:00:00.000Z
sensor.meross_temperature_bagno,30.219644540833333,2026-07-11T07:00:00.000Z
sensor.meross_temperature_bagno,30.118696357833333,2026-07-11T08:00:00.000Z
sensor.meross_temperature_bagno,30.21119718802778,2026-07-11T09:00:00.000Z
sensor.meross_temperature_bagno,30.25489933225,2026-07-11T10:00:00.000Z
sensor.meross_temperature_bagno,30.37440302027778,2026-07-11T11:00:00.000Z
sensor.meross_temperature_bagno,30.44946343163889,2026-07-11T12:00:00.000Z
sensor.meross_temperature_bagno,30.600000000000005,2026-07-11T13:00:00.000Z
sensor.meross_temperature_bagno,30.628411439388888,2026-07-11T14:00:00.000Z
sensor.meross_temperature_bagno,30.7,2026-07-11T15:00:00.000Z
sensor.meross_temperature_bagno,30.701341809166664,2026-07-11T16:00:00.000Z
sensor.meross_temperature_bagno,30.844846335444444,2026-07-11T17:00:00.000Z
sensor.meross_temperature_bagno,30.8,2026-07-11T18:00:00.000Z
sensor.meross_temperature_bagno,30.673841627277778,2026-07-11T19:00:00.000Z
sensor.meross_temperature_bagno,30.600000000000005,2026-07-11T20:00:00.000Z
sensor.meross_temperature_bagno,30.509511198694444,2026-07-11T21:00:00.000Z
sensor.meross_temperature_bagno,30.5,2026-07-11T22:00:00.000Z
sensor.meross_temperature_bagno,30.5,2026-07-11T23:00:00.000Z
sensor.meross_temperature_bagno,30.42256432022222,2026-07-12T00:00:00.000Z
sensor.meross_temperature_bagno,30.326261837833332,2026-07-12T01:00:00.000Z
sensor.meross_temperature_bagno,30.266414248777778,2026-07-12T02:00:00.000Z
sensor.meross_temperature_bagno,30.2,2026-07-12T03:00:00.000Z
sensor.meross_temperature_bagno,30.178366289083332,2026-07-12T04:00:00.000Z
sensor.meross_temperature_bagno,30.100000000000005,2026-07-12T05:00:00.000Z
sensor.meross_temperature_bagno,30.042804004722225,2026-07-12T06:00:00.000Z
sensor.meross_temperature_bagno,30,2026-07-12T07:00:00.000Z
sensor.meross_temperature_bagno,30.063552225611115,2026-07-12T08:00:00.000Z
sensor.meross_temperature_bagno,30.016832142583336,2026-07-12T09:00:00.000Z
sensor.meross_temperature_bagno,30,2026-07-12T10:00:00.000Z
sensor.meross_temperature_bagno,30.09830800891667,2026-07-12T11:00:00.000Z
sensor.meross_temperature_bagno,30.151264123333334,2026-07-12T12:00:00.000Z
sensor.meross_temperature_bagno,30.20108080186111,2026-07-12T13:00:00.000Z
sensor.meross_temperature_bagno,30.3,2026-07-12T14:00:00.000Z
sensor.meross_temperature_bagno,30.3,2026-07-12T15:00:00.000Z
sensor.meross_temperature_bagno,30.415901593527778,2026-07-12T17:00:00.000Z
sensor.meross_temperature_bagno,30.5,2026-07-12T18:00:00.000Z
sensor.meross_temperature_bagno,30.5,2026-07-12T19:00:00.000Z
sensor.meross_temperature_bagno,30.444611423833333,2026-07-12T20:00:00.000Z
sensor.meross_temperature_bagno,30.399999999999995,2026-07-12T21:00:00.000Z
sensor.meross_temperature_bagno,30.399999999999995,2026-07-12T22:00:00.000Z
sensor.meross_temperature_bagno,30.374185042055554,2026-07-13T01:00:00.000Z
sensor.meross_temperature_bagno,30.3,2026-07-13T02:00:00.000Z
sensor.meross_temperature_bagno,30.3,2026-07-13T03:00:00.000Z
sensor.meross_temperature_bagno,30.242264791194444,2026-07-13T04:00:00.000Z
sensor.meross_temperature_bagno,30.2,2026-07-13T05:00:00.000Z
sensor.meross_temperature_bagno,30.150302737111115,2026-07-13T06:00:00.000Z
sensor.meross_temperature_bagno,30.058469661444445,2026-07-13T07:00:00.000Z
sensor.meross_temperature_bagno,30,2026-07-13T08:00:00.000Z
sensor.meross_temperature_bagno,30.022604531833334,2026-07-13T09:00:00.000Z
sensor.meross_temperature_bagno,30.100000000000005,2026-07-13T10:00:00.000Z
sensor.meross_temperature_bagno,30.15380392836111,2026-07-13T11:00:00.000Z
sensor.meross_temperature_bagno,30.248689787805557,2026-07-13T12:00:00.000Z
sensor.meross_temperature_bagno,30.300339994500003,2026-07-13T13:00:00.000Z
sensor.meross_temperature_bagno,30.452353608944446,2026-07-13T14:00:00.000Z
sensor.meross_temperature_bagno,30.5,2026-07-13T15:00:00.000Z
sensor.meross_temperature_bagno,30.54679286,2026-07-13T16:00:00.000Z
sensor.meross_temperature_bagno,30.600000000000005,2026-07-13T17:00:00.000Z
sensor.meross_temperature_bagno,30.600000000000005,2026-07-13T18:00:00.000Z
sensor.meross_temperature_bagno,30.543777402472227,2026-07-14T01:00:00.000Z
sensor.meross_temperature_bagno,30.5,2026-07-14T02:00:00.000Z
sensor.meross_temperature_bagno,30.5,2026-07-14T03:00:00.000Z
sensor.meross_temperature_bagno,30.39454396036111,2026-07-14T05:00:00.000Z
sensor.meross_temperature_bagno,30.25384985436111,2026-07-14T06:00:00.000Z
sensor.meross_temperature_bagno,30.2,2026-07-14T07:00:00.000Z
sensor.meross_temperature_bagno,30.2,2026-07-14T08:00:00.000Z
sensor.meross_temperature_bagno,30.224225285499998,2026-07-14T09:00:00.000Z
sensor.meross_temperature_bagno,30.3,2026-07-14T10:00:00.000Z
sensor.meross_temperature_bagno,30.406293313861113,2026-07-14T11:00:00.000Z
sensor.meross_temperature_bagno,30.461766839555555,2026-07-14T12:00:00.000Z
sensor.meross_temperature_bagno,30.545835015527782,2026-07-14T13:00:00.000Z
sensor.meross_temperature_bagno,30.633885078000002,2026-07-14T14:00:00.000Z
sensor.meross_temperature_bagno,30.744791169305557,2026-07-14T15:00:00.000Z
sensor.meross_temperature_bagno,30.7,2026-07-14T16:00:00.000Z
sensor.meross_temperature_bagno,30.7,2026-07-14T17:00:00.000Z
sensor.meross_temperature_bagno,30.781252972416667,2026-07-14T18:00:00.000Z
sensor.meross_temperature_bagno,30.8,2026-07-14T19:00:00.000Z
sensor.meross_temperature_bagno,30.8,2026-07-14T20:00:00.000Z
sensor.meross_temperature_bagno,30.715036505472224,2026-07-15T01:00:00.000Z
sensor.meross_temperature_bagno,30.7,2026-07-15T02:00:00.000Z
sensor.meross_temperature_bagno,30.63051760636111,2026-07-15T03:00:00.000Z
sensor.meross_temperature_bagno,30.600000000000005,2026-07-15T04:00:00.000Z
sensor.meross_temperature_bagno,30.517683930111108,2026-07-15T05:00:00.000Z
sensor.meross_temperature_bagno,30.39948072175,2026-07-15T06:00:00.000Z
sensor.meross_temperature_bagno,30.245279626805555,2026-07-15T07:00:00.000Z
sensor.meross_temperature_bagno,30.2,2026-07-15T08:00:00.000Z
sensor.meross_temperature_bagno,30.250438043333332,2026-07-15T09:00:00.000Z
sensor.meross_temperature_bagno,30.352463926527776,2026-07-15T10:00:00.000Z
sensor.meross_temperature_bagno,30.48989003272222,2026-07-15T11:00:00.000Z
sensor.meross_temperature_bagno,30.535955325055557,2026-07-15T12:00:00.000Z
sensor.meross_temperature_bagno,30.652013811916664,2026-07-15T13:00:00.000Z
sensor.meross_temperature_bagno,30.751289317111112,2026-07-15T14:00:00.000Z
sensor.meross_temperature_bagno,30.8,2026-07-15T15:00:00.000Z
sensor.meross_temperature_bagno,30.8,2026-07-15T16:00:00.000Z
sensor.meross_temperature_bagno,30.749976082055554,2026-07-15T17:00:00.000Z
sensor.meross_temperature_bagno,30.367431330166667,2026-07-15T18:00:00.000Z
sensor.meross_temperature_bagno,30.392447117222222,2026-07-15T19:00:00.000Z
sensor.meross_temperature_bagno,30.5,2026-07-15T20:00:00.000Z
sensor.meross_temperature_bagno,30.565470790055556,2026-07-15T21:00:00.000Z
sensor.meross_temperature_bagno,30.600000000000005,2026-07-15T22:00:00.000Z
sensor.meross_temperature_bagno,30.600000000000005,2026-07-15T23:00:00.000Z
sensor.meross_temperature_bagno,30.534477036444443,2026-07-16T00:00:00.000Z
sensor.meross_temperature_bagno,30.5,2026-07-16T01:00:00.000Z
sensor.meross_temperature_bagno,30.485385322499997,2026-07-16T02:00:00.000Z
sensor.meross_temperature_bagno,30.399999999999995,2026-07-16T03:00:00.000Z
sensor.meross_temperature_bagno,30.367269245,2026-07-16T04:00:00.000Z
sensor.meross_temperature_bagno,30.3,2026-07-16T05:00:00.000Z
sensor.meross_temperature_bagno,29.587068900944445,2026-07-16T06:00:00.000Z
sensor.meross_temperature_bagno,29.781319665083334,2026-07-16T07:00:00.000Z
sensor.meross_temperature_bagno,29.846035725472223,2026-07-16T08:00:00.000Z
sensor.meross_temperature_bagno,29.931252384999997,2026-07-16T09:00:00.000Z
sensor.meross_temperature_bagno,30.01706755936111,2026-07-16T10:00:00.000Z
sensor.meross_temperature_bagno,30.100000000000005,2026-07-16T11:00:00.000Z
sensor.meross_temperature_bagno,30.11740897947222,2026-07-16T12:00:00.000Z
sensor.meross_temperature_bagno,30.39217148897222,2026-07-16T13:00:00.000Z
sensor.meross_temperature_bagno,30.53550398675,2026-07-16T14:00:00.000Z
sensor.meross_temperature_bagno,30.581439272166666,2026-07-16T15:00:00.000Z
sensor.meross_temperature_bagno,30.772909951472226,2026-07-16T16:00:00.000Z
sensor.meross_temperature_bagno,30.749813865583334,2026-07-16T17:00:00.000Z
sensor.meross_temperature_bagno,30.899999999999995,2026-07-16T18:00:00.000Z
sensor.meross_temperature_bagno,30.825025535222224,2026-07-16T19:00:00.000Z
sensor.meross_temperature_bagno,30.8,2026-07-16T20:00:00.000Z
sensor.meross_temperature_bagno,30.714017398916667,2026-07-16T21:00:00.000Z
sensor.meross_temperature_bagno,30.670108625833333,2026-07-16T22:00:00.000Z
sensor.meross_temperature_bagno,30.7,2026-07-16T23:00:00.000Z
sensor.meross_temperature_bagno,30.61766827222222,2026-07-17T00:00:00.000Z
sensor.meross_temperature_bagno,30.600000000000005,2026-07-17T01:00:00.000Z
sensor.meross_temperature_bagno,30.597944682833333,2026-07-17T02:00:00.000Z
sensor.meross_temperature_bagno,30.5,2026-07-17T03:00:00.000Z
sensor.meross_temperature_bagno,29.50616542977778,2026-07-17T04:00:00.000Z
sensor.meross_temperature_bagno,27.503821922805557,2026-07-17T05:00:00.000Z
sensor.meross_temperature_bagno,26.794576011777778,2026-07-17T06:00:00.000Z
sensor.meross_temperature_bagno,26.803299710250002,2026-07-17T07:00:00.000Z
sensor.meross_temperature_bagno,27.674415190694447,2026-07-17T08:00:00.000Z
sensor.meross_temperature_bagno,27.940261722888888,2026-07-17T09:00:00.000Z
sensor.meross_temperature_bagno,27.96759238547222,2026-07-17T10:00:00.000Z
sensor.meross_temperature_bagno,28.416610116749997,2026-07-17T11:00:00.000Z
sensor.meross_temperature_bagno,28.6588131165,2026-07-17T12:00:00.000Z
sensor.meross_temperature_bagno,28.856335796805553,2026-07-17T13:00:00.000Z
sensor.meross_temperature_bagno,28.99166949933333,2026-07-17T14:00:00.000Z
sensor.meross_temperature_bagno,29.28758724747222,2026-07-17T15:00:00.000Z
sensor.meross_temperature_bagno,29.554414819111113,2026-07-17T16:00:00.000Z
sensor.meross_temperature_bagno,29.67062153888889,2026-07-17T17:00:00.000Z
sensor.meross_temperature_bagno,29.84702145961111,2026-07-17T18:00:00.000Z
sensor.meross_temperature_bagno,29.899999999999995,2026-07-17T19:00:00.000Z
sensor.meross_temperature_bagno,29.899999999999995,2026-07-17T20:00:00.000Z
sensor.meross_temperature_bagno,29.945154905,2026-07-17T22:00:00.000Z
sensor.meross_temperature_bagno,30,2026-07-17T23:00:00.000Z
sensor.meross_temperature_bagno,30,2026-07-18T00:00:00.000Z
sensor.meross_temperature_bagno,29.97432051063889,2026-07-18T05:00:00.000Z
sensor.meross_temperature_bagno,29.48914966588889,2026-07-18T06:00:00.000Z
sensor.meross_temperature_bagno,29.5,2026-07-18T07:00:00.000Z
sensor.meross_temperature_bagno,29.555644786166667,2026-07-18T08:00:00.000Z
sensor.meross_temperature_bagno,29.643537932944444,2026-07-18T09:00:00.000Z
sensor.meross_temperature_bagno,29.74892218338889,2026-07-18T10:00:00.000Z
sensor.meross_temperature_bagno,29.89737964063889,2026-07-18T11:00:00.000Z
sensor.meross_temperature_bagno,30.02834429636667,2026-07-18T12:00:00.000Z
sensor.meross_temperature_bagno,30.19860682291667,2026-07-18T13:00:00.000Z
sensor.meross_temperature_bagno,30.442886554277777,2026-07-18T14:00:00.000Z
sensor.meross_temperature_bagno,30.742467195444444,2026-07-18T15:00:00.000Z
sensor.meross_temperature_bagno,30.92354584916667,2026-07-18T16:00:00.000Z
sensor.meross_temperature_bagno,31,2026-07-18T17:00:00.000Z
sensor.meross_temperature_bagno,31,2026-07-18T18:00:00.000Z
sensor.meross_temperature_bagno,30.94294693880555,2026-07-18T19:00:00.000Z
sensor.meross_temperature_bagno,30.899999999999995,2026-07-18T20:00:00.000Z
sensor.meross_temperature_bagno,30.899999999999995,2026-07-18T21:00:00.000Z
sensor.meross_temperature_bagno,30.80660908477778,2026-07-18T22:00:00.000Z
sensor.meross_temperature_bagno,30.768965381361113,2026-07-18T23:00:00.000Z
sensor.meross_temperature_bagno,30.665906717805555,2026-07-19T00:00:00.000Z
sensor.meross_temperature_bagno,30.554905196611113,2026-07-19T01:00:00.000Z
sensor.meross_temperature_bagno,30.474883926999997,2026-07-19T02:00:00.000Z
sensor.meross_temperature_bagno,30.365052079305556,2026-07-19T03:00:00.000Z
sensor.meross_temperature_bagno,30.3,2026-07-19T04:00:00.000Z
sensor.meross_temperature_bagno,30.23698573802778,2026-07-19T05:00:00.000Z
sensor.meross_temperature_bagno,30.2,2026-07-19T06:00:00.000Z
sensor.meross_temperature_bagno,30.094903531805556,2026-07-19T07:00:00.000Z
sensor.meross_temperature_bagno,28.931284911416668,2026-07-19T08:00:00.000Z
sensor.meross_temperature_bagno,29.613278936416666,2026-07-19T09:00:00.000Z
sensor.meross_temperature_bagno,29.822943977444442,2026-07-19T10:00:00.000Z
sensor.meross_temperature_bagno,29.899999999999995,2026-07-19T11:00:00.000Z
sensor.meross_temperature_bagno,29.984279332722224,2026-07-19T12:00:00.000Z
sensor.meross_temperature_bagno,30.12863193813889,2026-07-19T13:00:00.000Z
sensor.meross_temperature_bagno,30.255752481194445,2026-07-19T14:00:00.000Z
sensor.meross_temperature_bagno,30.309986911305558,2026-07-19T15:00:00.000Z
sensor.meross_temperature_bagno,30.492593370583332,2026-07-19T16:00:00.000Z
sensor.meross_temperature_bagno,30.5,2026-07-19T17:00:00.000Z
sensor.meross_temperature_bagno,30.5,2026-07-19T18:00:00.000Z
sensor.meross_temperature_bagno,30.507196686472223,2026-07-19T20:00:00.000Z
sensor.meross_temperature_bagno,30.5,2026-07-19T21:00:00.000Z
sensor.meross_temperature_bagno,30.5,2026-07-19T22:00:00.000Z
sensor.meross_temperature_bagno,30.457796608194442,2026-07-19T23:00:00.000Z
sensor.meross_temperature_bagno,30.399999999999995,2026-07-20T00:00:00.000Z
sensor.meross_temperature_bagno,30.399999999999995,2026-07-20T01:00:00.000Z
sensor.meross_temperature_bagno,30.310954161583336,2026-07-20T02:00:00.000Z
sensor.meross_temperature_bagno,30.3,2026-07-20T03:00:00.000Z
sensor.meross_temperature_bagno,30.3,2026-07-20T04:00:00.000Z
sensor.meross_temperature_bagno,30.15325496136111,2026-07-20T05:00:00.000Z
sensor.meross_temperature_bagno,29.921949365249997,2026-07-20T06:00:00.000Z
sensor.meross_temperature_bagno,29.335692112305555,2026-07-20T07:00:00.000Z
sensor.meross_temperature_bagno,29.485137419416663,2026-07-20T08:00:00.000Z
sensor.meross_temperature_bagno,29.6276143745,2026-07-20T09:00:00.000Z
sensor.meross_temperature_bagno,29.786590114555555,2026-07-20T10:00:00.000Z
sensor.meross_temperature_bagno,29.8,2026-07-20T11:00:00.000Z
sensor.meross_temperature_bagno,29.884724801694443,2026-07-20T12:00:00.000Z
sensor.meross_temperature_bagno,29.899999999999995,2026-07-20T13:00:00.000Z
sensor.meross_temperature_bagno,29.899999999999995,2026-07-20T14:00:00.000Z
sensor.meross_temperature_bagno,29.924249667888887,2026-07-20T17:00:00.000Z
sensor.meross_temperature_bagno,30,2026-07-20T18:00:00.000Z
sensor.meross_temperature_bagno,30,2026-07-20T19:00:00.000Z
sensor.meross_temperature_bagno,29.918461934583334,2026-07-20T22:00:00.000Z
sensor.meross_temperature_bagno,29.899999999999995,2026-07-20T23:00:00.000Z
sensor.meross_temperature_bagno,29.899999999999995,2026-07-21T00:00:00.000Z
sensor.meross_temperature_bagno,29.803436235166668,2026-07-21T03:00:00.000Z
sensor.meross_temperature_bagno,29.8,2026-07-21T04:00:00.000Z
sensor.meross_temperature_bagno,29.754092120027778,2026-07-21T05:00:00.000Z
sensor.meross_temperature_bagno,29.7,2026-07-21T06:00:00.000Z
sensor.meross_temperature_bagno,29.7,2026-07-21T07:00:00.000Z
sensor.meross_temperature_bagno,29.74765780866667,2026-07-21T09:00:00.000Z
sensor.meross_temperature_bagno,29.71839463175,2026-07-21T10:00:00.000Z
sensor.meross_temperature_bagno,29.8,2026-07-21T11:00:00.000Z
sensor.meross_temperature_bagno,29.8,2026-07-21T12:00:00.000Z
sensor.meross_temperature_bagno,29.899719016972224,2026-07-21T13:00:00.000Z
sensor.meross_temperature_bagno,29.899999999999995,2026-07-21T14:00:00.000Z
sensor.meross_temperature_bagno,29.899999999999995,2026-07-21T15:00:00.000Z
sensor.meross_temperature_bagno,29.996709297888888,2026-07-21T18:00:00.000Z
sensor.meross_temperature_bagno,29.87844106344444,2026-07-21T19:00:00.000Z
sensor.meross_temperature_bagno,29.740204729555558,2026-07-21T20:00:00.000Z
sensor.meross_temperature_bagno,29.8,2026-07-21T21:00:00.000Z
sensor.meross_temperature_bagno,29.794325219555557,2026-07-21T22:00:00.000Z
sensor.meross_temperature_bagno,29.7,2026-07-21T23:00:00.000Z
sensor.meross_temperature_bagno,29.7,2026-07-22T00:00:00.000Z
sensor.meross_temperature_bagno,29.66341108047222,2026-07-22T01:00:00.000Z
sensor.meross_temperature_bagno,29.600000000000005,2026-07-22T02:00:00.000Z
sensor.meross_temperature_bagno,29.617924308833334,2026-07-22T03:00:00.000Z
sensor.meross_temperature_bagno,29.399999999999995,2026-07-22T04:00:00.000Z
sensor.meross_temperature_bagno,29.399999999999995,2026-07-22T05:00:00.000Z
sensor.meross_temperature_bagno,29.343824293055558,2026-07-22T06:00:00.000Z
sensor.meross_temperature_bagno,29.3,2026-07-22T07:00:00.000Z
sensor.meross_temperature_bagno,29.36220186527778,2026-07-22T08:00:00.000Z
sensor.meross_temperature_bagno,29.399999999999995,2026-07-22T09:00:00.000Z
sensor.meross_temperature_bagno,29.399999999999995,2026-07-22T10:00:00.000Z
sensor.meross_temperature_bagno,29.491565719888886,2026-07-22T11:00:00.000Z
sensor.meross_temperature_bagno,29.5,2026-07-22T12:00:00.000Z
sensor.meross_temperature_bagno,29.5,2026-07-22T13:00:00.000Z
sensor.meross_temperature_bagno,29.55802171541667,2026-07-22T14:00:00.000Z
sensor.meross_temperature_bagno,29.600000000000005,2026-07-22T15:00:00.000Z
sensor.meross_temperature_bagno,29.600000000000005,2026-07-22T16:00:00.000Z
sensor.meross_temperature_bagno,29.533630692194446,2026-07-22T23:00:00.000Z
sensor.meross_temperature_bagno,29.5,2026-07-23T00:00:00.000Z
sensor.meross_temperature_bagno,29.5,2026-07-23T01:00:00.000Z
sensor.meross_temperature_bagno,29.41304884827778,2026-07-23T02:00:00.000Z
sensor.meross_temperature_bagno,29.398076505583333,2026-07-23T03:00:00.000Z
sensor.meross_temperature_bagno,29.3,2026-07-23T04:00:00.000Z
sensor.meross_temperature_bagno,29.26310549577778,2026-07-23T05:00:00.000Z
sensor.meross_temperature_bagno,28.81061516261111,2026-07-23T06:00:00.000Z
sensor.meross_temperature_bagno,28.082909721666667,2026-07-23T07:00:00.000Z
sensor.meross_temperature_bagno,28.76806119316667,2026-07-23T08:00:00.000Z
sensor.meross_temperature_bagno,28.727264116194444,2026-07-23T09:00:00.000Z
sensor.meross_temperature_bagno,28.757757958416665,2026-07-23T10:00:00.000Z
sensor.meross_temperature_bagno,28.87642884358333,2026-07-23T11:00:00.000Z
sensor.meross_temperature_bagno,28.899999999999995,2026-07-23T12:00:00.000Z
sensor.meross_temperature_bagno,29.00786426252778,2026-07-23T13:00:00.000Z
sensor.meross_temperature_bagno,29.189192797388888,2026-07-23T14:00:00.000Z
sensor.meross_temperature_bagno,29.27306601952778,2026-07-23T15:00:00.000Z
sensor.meross_temperature_bagno,29.267810939166665,2026-07-23T16:00:00.000Z
sensor.meross_temperature_bagno,29.302400270861114,2026-07-23T17:00:00.000Z
sensor.meross_temperature_bagno,29.399999999999995,2026-07-23T18:00:00.000Z
sensor.meross_temperature_bagno,29.39104729611111,2026-07-23T19:00:00.000Z
sensor.meross_temperature_bagno,29.10829298727778,2026-07-23T20:00:00.000Z
sensor.meross_temperature_bagno,28.849704123861112,2026-07-23T21:00:00.000Z
sensor.meross_temperature_bagno,28.93314868797222,2026-07-23T22:00:00.000Z
sensor.meross_temperature_bagno,29,2026-07-23T23:00:00.000Z
sensor.meross_temperature_bagno,29,2026-07-24T00:00:00.000Z
sensor.meross_temperature_bagno,28.95755757936111,2026-07-24T03:00:00.000Z
sensor.meross_temperature_bagno,28.899999999999995,2026-07-24T04:00:00.000Z
sensor.meross_temperature_bagno,28.820634511916666,2026-07-24T05:00:00.000Z
sensor.meross_temperature_bagno,28.103830835583334,2026-07-24T06:00:00.000Z
sensor.meross_temperature_bagno,28.3,2026-07-24T07:00:00.000Z
sensor.meross_temperature_bagno,28.243928125222222,2026-07-24T08:00:00.000Z
sensor.meross_temperature_bagno,28.397021903722223,2026-07-24T09:00:00.000Z
sensor.meross_temperature_bagno,28.568596967416667,2026-07-24T10:00:00.000Z
sensor.meross_temperature_bagno,28.600000000000005,2026-07-24T11:00:00.000Z
sensor.meross_temperature_bagno,28.69983674477778,2026-07-24T12:00:00.000Z
sensor.meross_temperature_bagno,28.8,2026-07-24T13:00:00.000Z
sensor.meross_temperature_bagno,28.873335189888888,2026-07-24T14:00:00.000Z
sensor.meross_temperature_bagno,28.899999999999995,2026-07-24T15:00:00.000Z
sensor.meross_temperature_bagno,28.899999999999995,2026-07-24T16:00:00.000Z
sensor.meross_temperature_bagno,28.946150006638888,2026-07-24T17:00:00.000Z
sensor.meross_temperature_bagno,29,2026-07-24T18:00:00.000Z
sensor.meross_temperature_bagno,29,2026-07-24T19:00:00.000Z
sensor.meross_temperature_bagno,28.806918512305558,2026-07-24T21:00:00.000Z
sensor.meross_temperature_bagno,28.643924588694446,2026-07-24T22:00:00.000Z
sensor.meross_temperature_bagno,28.79426288763889,2026-07-24T23:00:00.000Z
sensor.meross_temperature_bagno,28.71504695211111,2026-07-25T00:00:00.000Z
sensor.meross_temperature_bagno,28.7,2026-07-25T01:00:00.000Z
sensor.meross_temperature_bagno,28.630943519222225,2026-07-25T02:00:00.000Z
sensor.meross_temperature_bagno,28.600000000000005,2026-07-25T03:00:00.000Z
sensor.meross_temperature_bagno,28.586685889527782,2026-07-25T04:00:00.000Z
sensor.meross_temperature_bagno,27.472554631138888,2026-07-25T05:00:00.000Z
sensor.meross_temperature_bagno,26.29273931036111,2026-07-25T06:00:00.000Z
sensor.meross_temperature_bagno,27.000992352083333,2026-07-25T07:00:00.000Z
sensor.meross_temperature_bagno,27.44437081822222,2026-07-25T08:00:00.000Z
sensor.meross_temperature_bagno,27.758794902861112,2026-07-25T09:00:00.000Z
sensor.meross_temperature_bagno,27.875243875527776,2026-07-25T10:00:00.000Z
sensor.meross_temperature_bagno,27.97004585422222,2026-07-25T11:00:00.000Z
sensor.meross_temperature_bagno,28.134086954361113,2026-07-25T12:00:00.000Z
sensor.meross_temperature_bagno,28.261181339027775,2026-07-25T13:00:00.000Z
sensor.meross_temperature_bagno,28.381930160805553,2026-07-25T14:00:00.000Z
sensor.meross_temperature_bagno,28.489001937416663,2026-07-25T15:00:00.000Z
sensor.meross_temperature_bagno,28.534915472305556,2026-07-25T16:00:00.000Z
sensor.meross_temperature_bagno,28.600631702555557,2026-07-25T17:00:00.000Z
sensor.meross_temperature_bagno,28.677835341833333,2026-07-25T18:00:00.000Z
sensor.meross_temperature_bagno,28.61002109486111,2026-07-25T19:00:00.000Z
sensor.meross_temperature_bagno,28.672727931249998,2026-07-25T20:00:00.000Z
sensor.meross_temperature_bagno,28.600000000000005,2026-07-25T21:00:00.000Z
sensor.meross_temperature_bagno,28.53834277425,2026-07-25T22:00:00.000Z
sensor.meross_temperature_bagno,28.600000000000005,2026-07-25T23:00:00.000Z
sensor.meross_temperature_bagno,28.600000000000005,2026-07-26T00:00:00.000Z
sensor.meross_temperature_bagno,28.52872070263889,2026-07-26T03:00:00.000Z
sensor.meross_temperature_bagno,28.5,2026-07-26T04:00:00.000Z
sensor.meross_temperature_bagno,28.5,2026-07-26T05:00:00.000Z
sensor.meross_temperature_bagno,28.511199128138887,2026-07-26T08:00:00.000Z
sensor.meross_temperature_bagno,28.5,2026-07-26T09:00:00.000Z
sensor.meross_temperature_bagno,28.568882182527776,2026-07-26T10:00:00.000Z
sensor.meross_temperature_bagno,28.600000000000005,2026-07-26T11:00:00.000Z
sensor.meross_temperature_bagno,28.658599052,2026-07-26T12:00:00.000Z
sensor.meross_temperature_bagno,28.774241186472224,2026-07-26T13:00:00.000Z
sensor.meross_temperature_bagno,28.8382795595,2026-07-26T14:00:00.000Z
sensor.meross_temperature_bagno,28.961040609194445,2026-07-26T15:00:00.000Z
sensor.meross_temperature_bagno,29.004023574972223,2026-07-26T16:00:00.000Z
sensor.meross_temperature_bagno,29.074444271222223,2026-07-26T17:00:00.000Z
sensor.meross_temperature_bagno,28.953180770111107,2026-07-26T18:00:00.000Z
sensor.meross_temperature_bagno,28.877908870555554,2026-07-26T19:00:00.000Z
sensor.meross_temperature_bagno,28.568827253888887,2026-07-26T20:00:00.000Z
sensor.meross_temperature_bagno,28.433196518388893,2026-07-26T21:00:00.000Z
sensor.meross_temperature_bagno,28.7,2026-07-26T22:00:00.000Z
sensor.meross_temperature_bagno,28.7,2026-07-26T23:00:00.000Z
sensor.meross_temperature_bagno,28.633747880944444,2026-07-27T02:00:00.000Z
sensor.meross_temperature_bagno,28.600000000000005,2026-07-27T03:00:00.000Z
sensor.meross_temperature_bagno,28.53561198375,2026-07-27T04:00:00.000Z
sensor.meross_temperature_bagno,28.453659752388887,2026-07-27T05:00:00.000Z
sensor.meross_temperature_bagno,27.51457775822222,2026-07-27T06:00:00.000Z
sensor.meross_temperature_bagno,27.198307421277775,2026-07-27T07:00:00.000Z
sensor.meross_temperature_bagno,27.464969859222222,2026-07-27T08:00:00.000Z
sensor.meross_temperature_bagno,27.663467630750002,2026-07-27T09:00:00.000Z
sensor.meross_temperature_bagno,27.903338415138887,2026-07-27T10:00:00.000Z
sensor.meross_temperature_bagno,28.070187350555557,2026-07-27T11:00:00.000Z
sensor.meross_temperature_bagno,28.188052770333332,2026-07-27T12:00:00.000Z
sensor.meross_temperature_bagno,28.348679260888886,2026-07-27T13:00:00.000Z
sensor.meross_temperature_bagno,28.478628548999996,2026-07-27T14:00:00.000Z
sensor.meross_temperature_bagno,28.600000000000005,2026-07-27T15:00:00.000Z
sensor.meross_temperature_bagno,28.699135152055558,2026-07-27T16:00:00.000Z
sensor.meross_temperature_bagno,28.7,2026-07-27T17:00:00.000Z
sensor.meross_temperature_bagno,28.78468376327778,2026-07-27T18:00:00.000Z
sensor.meross_temperature_bagno,28.837307515638887,2026-07-27T19:00:00.000Z
sensor.meross_temperature_bagno,28.79806142347222,2026-07-27T20:00:00.000Z
sensor.meross_temperature_bagno,28.754428460138893,2026-07-27T21:00:00.000Z
sensor.meross_temperature_bagno,28.899999999999995,2026-07-27T22:00:00.000Z
sensor.meross_temperature_bagno,28.899999999999995,2026-07-27T23:00:00.000Z
sensor.meross_temperature_bagno,28.895295149916667,2026-07-28T04:00:00.000Z
sensor.meross_temperature_bagno,28.8,2026-07-28T05:00:00.000Z
sensor.meross_temperature_bagno,28.8,2026-07-28T06:00:00.000Z
sensor.meross_temperature_bagno,28.748090753750002,2026-07-28T07:00:00.000Z
sensor.meross_temperature_bagno,28.714536168888888,2026-07-28T08:00:00.000Z
sensor.meross_temperature_bagno,28.836068799,2026-07-28T09:00:00.000Z
sensor.meross_temperature_bagno,28.899999999999995,2026-07-28T10:00:00.000Z
sensor.meross_temperature_bagno,28.984747178305554,2026-07-28T11:00:00.000Z
sensor.meross_temperature_bagno,29.07793814575,2026-07-28T12:00:00.000Z
sensor.meross_temperature_bagno,29.215613435861112,2026-07-28T13:00:00.000Z
sensor.meross_temperature_bagno,29.331862689972223,2026-07-28T14:00:00.000Z
sensor.meross_temperature_bagno,29.57796231877778,2026-07-28T15:00:00.000Z
sensor.meross_temperature_bagno,29.525761598166667,2026-07-28T16:00:00.000Z
sensor.meross_temperature_bagno,29.5,2026-07-28T17:00:00.000Z
sensor.meross_temperature_bagno,29.5,2026-07-28T18:00:00.000Z
sensor.meross_temperature_bagno,29.429521872055556,2026-07-29T00:00:00.000Z
sensor.meross_temperature_bagno,29.399999999999995,2026-07-29T01:00:00.000Z
sensor.meross_temperature_bagno,29.399999999999995,2026-07-29T02:00:00.000Z
sensor.meross_temperature_bagno,29.309852582361113,2026-07-29T03:00:00.000Z
sensor.meross_temperature_bagno,29.3,2026-07-29T04:00:00.000Z
sensor.meross_temperature_bagno,29.273790212583332,2026-07-29T05:00:00.000Z
sensor.meross_temperature_bagno,29.14670019772222,2026-07-29T06:00:00.000Z
sensor.meross_temperature_bagno,29.18182939425,2026-07-29T07:00:00.000Z
sensor.meross_temperature_bagno,29.137039051861112,2026-07-29T08:00:00.000Z
sensor.meross_temperature_bagno,29.215563618333334,2026-07-29T09:00:00.000Z
sensor.meross_temperature_bagno,29.3,2026-07-29T10:00:00.000Z
sensor.meross_temperature_bagno,29.49475383141667,2026-07-29T11:00:00.000Z
sensor.meross_temperature_bagno,29.752237933722224,2026-07-29T12:00:00.000Z
sensor.meross_temperature_bagno,29.840843861055557,2026-07-29T13:00:00.000Z
sensor.meross_temperature_bagno,29.960120502805555,2026-07-29T14:00:00.000Z
sensor.meross_temperature_bagno,30.14484663052778,2026-07-29T15:00:00.000Z
sensor.meross_temperature_bagno,30.172054410722225,2026-07-29T16:00:00.000Z
sensor.meross_temperature_bagno,30.392076301777777,2026-07-29T17:00:00.000Z
sensor.meross_temperature_bagno,30.586461723722223,2026-07-29T18:00:00.000Z
sensor.meross_temperature_bagno,30.423291430666666,2026-07-29T19:00:00.000Z
sensor.meross_temperature_bagno,30.339408272527777,2026-07-29T20:00:00.000Z
sensor.meross_temperature_bagno,30.3,2026-07-29T21:00:00.000Z
sensor.meross_temperature_bagno,30.263558515138886,2026-07-29T22:00:00.000Z
sensor.meross_temperature_bagno,30.2,2026-07-29T23:00:00.000Z
sensor.meross_temperature_bagno,30.199013396027777,2026-07-30T00:00:00.000Z
sensor.meross_temperature_bagno,30.100000000000005,2026-07-30T01:00:00.000Z
sensor.meross_temperature_bagno,30.100000000000005,2026-07-30T02:00:00.000Z
sensor.meross_temperature_bagno,30.028857347027778,2026-07-30T03:00:00.000Z
sensor.meross_temperature_bagno,30,2026-07-30T04:00:00.000Z
sensor.meross_temperature_bagno,29.995212400083332,2026-07-30T05:00:00.000Z
sensor.meross_temperature_bagno,29.899999999999995,2026-07-30T06:00:00.000Z
sensor.meross_temperature_bagno,29.899999999999995,2026-07-30T07:00:00.000Z
sensor.meross_temperature_bagno,29.937891720361108,2026-07-30T09:00:00.000Z
sensor.meross_temperature_bagno,30,2026-07-30T10:00:00.000Z
sensor.meross_temperature_bagno,30.038898333000002,2026-07-30T11:00:00.000Z
sensor.meross_temperature_bagno,30.100000000000005,2026-07-30T12:00:00.000Z
sensor.meross_temperature_bagno,30.139839951611112,2026-07-30T13:00:00.000Z
sensor.meross_temperature_bagno,30.244533535,2026-07-30T14:00:00.000Z
sensor.meross_temperature_bagno,30.357674785,2026-07-30T15:00:00.000Z
sensor.meross_temperature_bagno,30.39373151744444,2026-07-30T16:00:00.000Z
sensor.meross_temperature_bagno,30.25538833336111,2026-07-30T17:00:00.000Z
sensor.meross_temperature_bagno,30.2,2026-07-30T18:00:00.000Z
sensor.meross_temperature_bagno,30.14240456688889,2026-07-30T19:00:00.000Z
sensor.meross_temperature_bagno,30,2026-07-30T20:00:00.000Z
sensor.meross_temperature_bagno,29.9698164675,2026-07-30T21:00:00.000Z
sensor.meross_temperature_bagno,29.827494380055555,2026-07-30T22:00:00.000Z
sensor.meross_temperature_bagno,29.7,2026-07-30T23:00:00.000Z
sensor.meross_temperature_bagno,29.62500359791667,2026-07-31T00:00:00.000Z
sensor.meross_temperature_bagno,29.56518327888889,2026-07-31T01:00:00.000Z
sensor.meross_temperature_bagno,29.499861724555554,2026-07-31T02:00:00.000Z
sensor.meross_temperature_bagno,29.399999999999995,2026-07-31T03:00:00.000Z
sensor.meross_temperature_bagno,29.33162312611111,2026-07-31T04:00:00.000Z
sensor.meross_temperature_bagno,29.29353220863889,2026-07-31T05:00:00.000Z
sensor.meross_temperature_bagno,29.25322570375,2026-07-31T06:00:00.000Z
sensor.meross_temperature_bagno,29.328918788249997,2026-07-31T07:00:00.000Z
sensor.meross_temperature_bagno,29.45208671672222,2026-07-31T08:00:00.000Z
sensor.meross_temperature_bagno,29.591195323805554,2026-07-31T09:00:00.000Z
sensor.meross_temperature_bagno,29.73910469652778,2026-07-31T10:00:00.000Z
sensor.meross_temperature_bagno,29.894259807916665,2026-07-31T11:00:00.000Z
sensor.meross_temperature_bagno,29.899999999999995,2026-07-31T12:00:00.000Z
sensor.meross_temperature_bagno,29.999174994666664,2026-07-31T13:00:00.000Z
sensor.meross_temperature_bagno,30.109654598055556,2026-07-31T14:00:00.000Z
sensor.meross_temperature_bagno,30.24132150638889,2026-07-31T15:00:00.000Z
sensor.meross_temperature_bagno,30.3,2026-07-31T16:00:00.000Z
sensor.meross_temperature_bagno,30.381524452805554,2026-07-31T17:00:00.000Z
sensor.meross_temperature_bagno,30.399999999999995,2026-07-31T18:00:00.000Z
sensor.meross_temperature_bagno,30.41308342358333,2026-07-31T19:00:00.000Z
sensor.meross_temperature_bagno,30.490031241249998,2026-07-31T20:00:00.000Z
sensor.meross_temperature_bagno,30.47240325611111,2026-07-31T21:00:00.000Z
sensor.meross_temperature_bagno,30.5,2026-07-31T22:00:00.000Z
sensor.meross_temperature_bagno,30.5,2026-07-31T23:00:00.000Z
sensor.meross_temperature_bagno,30.413935320027775,2026-08-01T02:00:00.000Z
sensor.meross_temperature_bagno,30.399999999999995,2026-08-01T03:00:00.000Z
sensor.meross_temperature_bagno,30.37012494247222,2026-08-01T04:00:00.000Z
sensor.meross_temperature_bagno,30.292019676916667,2026-08-01T05:00:00.000Z
sensor.meross_temperature_bagno,30.161766298944443,2026-08-01T06:00:00.000Z
sensor.meross_temperature_bagno,30.100000000000005,2026-08-01T07:00:00.000Z
sensor.meross_temperature_bagno,30.121533077833334,2026-08-01T08:00:00.000Z
sensor.meross_temperature_bagno,30.2,2026-08-01T09:00:00.000Z
sensor.meross_temperature_bagno,30.231871774694444,2026-08-01T10:00:00.000Z
sensor.meross_temperature_bagno,30.31683846947222,2026-08-01T11:00:00.000Z
sensor.meross_temperature_bagno,30.1495444695,2026-08-01T12:00:00.000Z
sensor.meross_temperature_bagno,30.098529946000003,2026-08-01T13:00:00.000Z
sensor.meross_temperature_bagno,30,2026-08-01T14:00:00.000Z
sensor.meross_temperature_bagno,30.03044891272222,2026-08-01T15:00:00.000Z
sensor.meross_temperature_bagno,30.03960218397222,2026-08-01T16:00:00.000Z
sensor.meross_temperature_bagno,30,2026-08-01T17:00:00.000Z
sensor.meross_temperature_bagno,30,2026-08-01T18:00:00.000Z
sensor.meross_temperature_bagno,30.00839116608333,2026-08-01T22:00:00.000Z
sensor.meross_temperature_bagno,30,2026-08-01T23:00:00.000Z
sensor.meross_temperature_bagno,30,2026-08-02T00:00:00.000Z
sensor.meross_temperature_bagno,30.042040028805555,2026-08-03T18:00:00.000Z
sensor.meross_temperature_bagno,30,2026-08-03T19:00:00.000Z
sensor.meross_temperature_bagno,30,2026-08-03T20:00:00.000Z
sensor.meross_temperature_bagno,30.02510606713889,2026-08-03T22:00:00.000Z
sensor.meross_temperature_bagno,30.09826258988889,2026-08-03T23:00:00.000Z
sensor.meross_temperature_bagno,30.062531632333332,2026-08-04T00:00:00.000Z
sensor.meross_temperature_bagno,30.100000000000005,2026-08-04T01:00:00.000Z
sensor.meross_temperature_bagno,30.100000000000005,2026-08-04T02:00:00.000Z
sensor.meross_temperature_bagno,30.063545326833335,2026-08-04T07:00:00.000Z
sensor.meross_temperature_bagno,30.100000000000005,2026-08-04T08:00:00.000Z
sensor.meross_temperature_bagno,30.01933476933333,2026-08-04T09:00:00.000Z
sensor.meross_temperature_bagno,30.02650950486111,2026-08-04T10:00:00.000Z
sensor.meross_temperature_bagno,30.100000000000005,2026-08-04T11:00:00.000Z
sensor.meross_temperature_bagno,30.100000000000005,2026-08-04T12:00:00.000Z
sensor.meross_temperature_bagno,30.166845290944448,2026-08-04T18:00:00.000Z
sensor.meross_temperature_bagno,30.2,2026-08-04T19:00:00.000Z
sensor.meross_temperature_bagno,30.2,2026-08-04T20:00:00.000Z
sensor.meross_temperature_bagno,30.24745773572222,2026-08-05T12:00:00.000Z
sensor.meross_temperature_bagno,30.3,2026-08-05T13:00:00.000Z
sensor.meross_temperature_bagno,30.3,2026-08-05T14:00:00.000Z
sensor.meross_temperature_bagno,30.372767144194444,2026-08-05T15:00:00.000Z
sensor.meross_temperature_bagno,30.399999999999995,2026-08-05T16:00:00.000Z
sensor.meross_temperature_bagno,30.399999999999995,2026-08-05T17:00:00.000Z
sensor.meross_temperature_bagno,30.44522494222222,2026-08-05T20:00:00.000Z
sensor.meross_temperature_bagno,30.5,2026-08-05T21:00:00.000Z
sensor.meross_temperature_bagno,30.5,2026-08-05T22:00:00.000Z
sensor.meross_temperature_bagno,30.47903945427778,2026-08-06T03:00:00.000Z
sensor.meross_temperature_bagno,30.399999999999995,2026-08-06T04:00:00.000Z
sensor.meross_temperature_bagno,30.399999999999995,2026-08-06T05:00:00.000Z
sensor.meross_temperature_bagno,30.45637105786111,2026-08-06T15:00:00.000Z
sensor.meross_temperature_bagno,30.5,2026-08-06T16:00:00.000Z
sensor.meross_temperature_bagno,30.5,2026-08-06T17:00:00.000Z
sensor.meross_temperature_bagno,30.549613814972222,2026-08-06T20:00:00.000Z
sensor.meross_temperature_bagno,30.600000000000005,2026-08-06T21:00:00.000Z
sensor.meross_temperature_bagno,30.600000000000005,2026-08-06T22:00:00.000Z
sensor.meross_temperature_bagno,30.641227929583334,2026-08-07T16:00:00.000Z
sensor.meross_temperature_bagno,30.7,2026-08-07T17:00:00.000Z
sensor.meross_temperature_bagno,30.7,2026-08-07T18:00:00.000Z
sensor.meross_temperature_bagno,30.64744753133333,2026-08-08T02:00:00.000Z
sensor.meross_temperature_bagno,30.600000000000005,2026-08-08T03:00:00.000Z
sensor.meross_temperature_bagno,30.600000000000005,2026-08-08T04:00:00.000Z
sensor.meross_temperature_bagno,30.64094913138889,2026-08-08T16:00:00.000Z
sensor.meross_temperature_bagno,30.7,2026-08-08T17:00:00.000Z
sensor.meross_temperature_bagno,30.7,2026-08-08T18:00:00.000Z
sensor.meross_temperature_bagno,30.649508563472224,2026-08-09T06:00:00.000Z
sensor.meross_temperature_bagno,30.600000000000005,2026-08-09T07:00:00.000Z
sensor.meross_temperature_bagno,30.600000000000005,2026-08-09T08:00:00.000Z
sensor.meross_temperature_bagno,30.680075568777777,2026-08-09T13:00:00.000Z
sensor.meross_temperature_bagno,30.7,2026-08-09T14:00:00.000Z
sensor.meross_temperature_bagno,30.7,2026-08-09T15:00:00.000Z
sensor.meross_temperature_bagno,30.79712809527778,2026-08-09T20:00:00.000Z
sensor.meross_temperature_bagno,30.8,2026-08-09T21:00:00.000Z
sensor.meross_temperature_bagno,30.8,2026-08-09T22:00:00.000Z
sensor.meross_temperature_bagno,30.71860576211111,2026-08-10T02:00:00.000Z
sensor.meross_temperature_bagno,30.7,2026-08-10T03:00:00.000Z
sensor.meross_temperature_bagno,30.7,2026-08-10T04:00:00.000Z
sensor.meross_temperature_bagno,30.62928279038889,2026-08-10T08:00:00.000Z
sensor.meross_temperature_bagno,30.600000000000005,2026-08-10T09:00:00.000Z
sensor.meross_temperature_bagno,30.600000000000005,2026-08-10T10:00:00.000Z
sensor.meross_temperature_bagno,30.698526649138888,2026-08-10T12:00:00.000Z
sensor.meross_temperature_bagno,30.7,2026-08-10T13:00:00.000Z
sensor.meross_temperature_bagno,30.7,2026-08-10T14:00:00.000Z
sensor.meross_temperature_bagno,30.736836967555558,2026-08-10T16:00:00.000Z
sensor.meross_temperature_bagno,30.8,2026-08-10T17:00:00.000Z
sensor.meross_temperature_bagno,30.8,2026-08-10T18:00:00.000Z
sensor.meross_temperature_bagno,30.745787191916666,2026-08-11T05:00:00.000Z
sensor.meross_temperature_bagno,30.7,2026-08-11T06:00:00.000Z
sensor.meross_temperature_bagno,30.7,2026-08-11T07:00:00.000Z
sensor.meross_temperature_bagno,30.74586801586111,2026-08-11T15:00:00.000Z
sensor.meross_temperature_bagno,30.8,2026-08-11T16:00:00.000Z
sensor.meross_temperature_bagno,30.8,2026-08-11T17:00:00.000Z
sensor.meross_temperature_bagno,30.854165073416667,2026-08-11T21:00:00.000Z
sensor.meross_temperature_bagno,30.899999999999995,2026-08-11T22:00:00.000Z
sensor.meross_temperature_bagno,30.899999999999995,2026-08-11T23:00:00.000Z
sensor.meross_temperature_bagno,30.84261614461111,2026-08-12T04:00:00.000Z
sensor.meross_temperature_bagno,30.8,2026-08-12T05:00:00.000Z
sensor.meross_temperature_bagno,30.8,2026-08-12T06:00:00.000Z
sensor.meross_temperature_bagno,30.874152434944445,2026-08-12T15:00:00.000Z
sensor.meross_temperature_bagno,30.899999999999995,2026-08-12T16:00:00.000Z
sensor.meross_temperature_bagno,30.899999999999995,2026-08-12T17:00:00.000Z
sensor.meross_temperature_bagno,30.99040051802778,2026-08-12T20:00:00.000Z
sensor.meross_temperature_bagno,31,2026-08-12T21:00:00.000Z
sensor.meross_temperature_bagno,31,2026-08-12T22:00:00.000Z
sensor.meross_temperature_bagno,30.983212508944444,2026-08-13T03:00:00.000Z
sensor.meross_temperature_bagno,30.899999999999995,2026-08-13T04:00:00.000Z
sensor.meross_temperature_bagno,30.899999999999995,2026-08-13T05:00:00.000Z
sensor.meross_temperature_bagno,30.930023989027777,2026-08-13T16:00:00.000Z
sensor.meross_temperature_bagno,31,2026-08-13T17:00:00.000Z
sensor.meross_temperature_bagno,31,2026-08-13T18:00:00.000Z
sensor.meross_temperature_bagno,30.929532537277776,2026-08-14T02:00:00.000Z
sensor.meross_temperature_bagno,30.899999999999995,2026-08-14T03:00:00.000Z
sensor.meross_temperature_bagno,30.899999999999995,2026-08-14T04:00:00.000Z
sensor.meross_temperature_bagno,30.819454075861113,2026-08-14T06:00:00.000Z
sensor.meross_temperature_bagno,30.7,2026-08-14T07:00:00.000Z
sensor.meross_temperature_bagno,30.7,2026-08-14T08:00:00.000Z
sensor.meross_temperature_bagno,30.741954491,2026-08-14T09:00:00.000Z
sensor.meross_temperature_bagno,30.88308887663889,2026-08-14T10:00:00.000Z
sensor.meross_temperature_bagno,30.984543490666667,2026-08-14T11:00:00.000Z
sensor.meross_temperature_bagno,31.089238674611114,2026-08-14T12:00:00.000Z
sensor.meross_temperature_bagno,31.121080436916667,2026-08-14T13:00:00.000Z
sensor.meross_temperature_bagno,31.2,2026-08-14T14:00:00.000Z
sensor.meross_temperature_bagno,31.227664765638888,2026-08-14T15:00:00.000Z
sensor.meross_temperature_bagno,31.359145739222225,2026-08-14T16:00:00.000Z
sensor.meross_temperature_bagno,31.353610971638886,2026-08-14T17:00:00.000Z
sensor.meross_temperature_bagno,31.241719729583334,2026-08-14T18:00:00.000Z
sensor.meross_temperature_bagno,31.29159809905556,2026-08-14T19:00:00.000Z
sensor.meross_temperature_bagno,31.249096577666666,2026-08-14T20:00:00.000Z
sensor.meross_temperature_bagno,31.29104008952778,2026-08-14T21:00:00.000Z
sensor.meross_temperature_bagno,31.01294210702778,2026-08-14T22:00:00.000Z
sensor.meross_temperature_bagno,30.844923033805557,2026-08-14T23:00:00.000Z
sensor.meross_temperature_bagno,30.672004463194444,2026-08-15T00:00:00.000Z
sensor.meross_temperature_bagno,30.524215236,2026-08-15T01:00:00.000Z
sensor.meross_temperature_bagno,30.420426251666665,2026-08-15T02:00:00.000Z
sensor.meross_temperature_bagno,30.5,2026-08-15T03:00:00.000Z
sensor.meross_temperature_bagno,30.5,2026-08-15T04:00:00.000Z
sensor.meross_temperature_bagno,30.519644583,2026-08-15T06:00:00.000Z
sensor.meross_temperature_bagno,30.464462393305553,2026-08-15T07:00:00.000Z
sensor.meross_temperature_bagno,30.5,2026-08-15T08:00:00.000Z
sensor.meross_temperature_bagno,30.59405239452778,2026-08-15T09:00:00.000Z
sensor.meross_temperature_bagno,30.65046008013889,2026-08-15T10:00:00.000Z
sensor.meross_temperature_bagno,30.75622125041667,2026-08-15T11:00:00.000Z
sensor.meross_temperature_bagno,31.03719418186111,2026-08-15T12:00:00.000Z
sensor.meross_temperature_bagno,31.030079227361114,2026-08-15T13:00:00.000Z
sensor.meross_temperature_bagno,31.066176517388893,2026-08-15T14:00:00.000Z
sensor.meross_temperature_bagno,31.100000000000005,2026-08-15T15:00:00.000Z
sensor.meross_temperature_bagno,31.161534559611113,2026-08-15T16:00:00.000Z
sensor.meross_temperature_bagno,31.2,2026-08-15T17:00:00.000Z
sensor.meross_temperature_bagno,31.2,2026-08-15T18:00:00.000Z
sensor.meross_temperature_bagno,31.13819636438889,2026-08-16T01:00:00.000Z
sensor.meross_temperature_bagno,31.100000000000005,2026-08-16T02:00:00.000Z
sensor.meross_temperature_bagno,31.100000000000005,2026-08-16T03:00:00.000Z
sensor.meross_temperature_bagno,31.0,2026-08-16T03:24:33.171Z
sensor.meross_temperature_bagno,30.9,2026-08-16T07:48:57.755Z
sensor.meross_temperature_bagno,31.0,2026-08-16T09:45:13.799Z
sensor.meross_temperature_bagno,31.1,2026-08-16T14:17:42.577Z
sensor.meross_temperature_bagno,31.2,2026-08-16T18:13:09.683Z
sensor.meross_temperature_bagno,31.1,2026-08-16T20:22:04.922Z
sensor.meross_temperature_bagno,31.0,2026-08-16T22:28:12.203Z
sensor.meross_temperature_bagno,30.9,2026-08-17T00:38:06.414Z
sensor.meross_temperature_bagno,30.8,2026-08-17T02:52:38.742Z
sensor.meross_temperature_bagno,30.7,2026-08-17T05:28:03.442Z
sensor.meross_temperature_bagno,30.8,2026-08-17T13:41:09.087Z
sensor.meross_temperature_bagno,30.7,2026-08-17T22:18:33.081Z
sensor.meross_temperature_bagno,30.6,2026-08-18T01:43:46.685Z
sensor.meross_temperature_bagno,unknown,2026-08-18T01:48:29.450Z
sensor.meross_temperature_bagno,30.6,2026-08-18T01:50:29.373Z
sensor.meross_temperature_bagno,30.5,2026-08-18T04:00:38.077Z
sensor.meross_temperature_bagno,30.4,2026-08-18T06:09:22.301Z
sensor.meross_temperature_bagno,30.5,2026-08-18T10:46:56.165Z
sensor.meross_temperature_bagno,30.6,2026-08-18T15:29:31.080Z
sensor.meross_temperature_bagno,30.5,2026-08-18T23:17:28.258Z
sensor.meross_temperature_bagno,unknown,2026-08-19T00:14:39.242Z
sensor.meross_temperature_bagno,30.5,2026-08-19T00:16:39.371Z
sensor.meross_temperature_bagno,30.4,2026-08-19T03:21:55.532Z
sensor.meross_temperature_bagno,30.3,2026-08-19T06:25:38.807Z
sensor.meross_temperature_bagno,30.4,2026-08-19T08:57:00.371Z
sensor.meross_temperature_bagno,30.5,2026-08-19T12:23:21.046Z
sensor.meross_temperature_bagno,30.6,2026-08-19T15:48:32.546Z
sensor.meross_temperature_bagno,30.5,2026-08-20T05:04:21.433Z
sensor.meross_temperature_bagno,30.6,2026-08-20T14:16:21.064Z
sensor.meross_temperature_bagno,30.5,2026-08-20T17:43:13.681Z
sensor.meross_temperature_bagno,30.4,2026-08-20T19:35:33.650Z
sensor.meross_temperature_bagno,30.3,2026-08-20T21:13:05.358Z
sensor.meross_temperature_bagno,30.2,2026-08-20T23:20:55.589Z
sensor.meross_temperature_bagno,30.1,2026-08-21T01:06:53.425Z
sensor.meross_temperature_bagno,30.0,2026-08-21T02:42:45.097Z
sensor.meross_temperature_bagno,29.9,2026-08-21T06:48:17.381Z
sensor.meross_temperature_bagno,29.8,2026-08-21T08:51:04.507Z
sensor.meross_temperature_bagno,29.7,2026-08-21T11:06:41.869Z
sensor.meross_temperature_bagno,29.6,2026-08-21T19:04:45.455Z
sensor.meross_temperature_bagno,29.5,2026-08-21T21:02:44.239Z
sensor.meross_temperature_bagno,29.4,2026-08-21T22:51:12.125Z
sensor.meross_temperature_bagno,29.3,2026-08-22T00:35:29.942Z
sensor.meross_temperature_bagno,29.2,2026-08-22T02:13:03.635Z
sensor.meross_temperature_bagno,29.1,2026-08-22T03:50:25.341Z
sensor.meross_temperature_bagno,29.0,2026-08-22T05:21:14.907Z
sensor.meross_temperature_bagno,29.1,2026-08-22T12:58:44.860Z
sensor.meross_temperature_bagno,29.0,2026-08-22T22:53:48.236Z
sensor.meross_temperature_bagno,28.9,2026-08-23T03:04:42.562Z
sensor.meross_temperature_bagno,28.8,2026-08-23T05:24:40.004Z
sensor.meross_temperature_bagno,28.9,2026-08-23T09:59:54.786Z
sensor.meross_temperature_bagno,28.8,2026-08-24T03:57:47.477Z
sensor.meross_temperature_bagno,28.9,2026-08-24T05:53:51.511Z
sensor.meross_temperature_bagno,28.8,2026-08-24T06:23:52.181Z
sensor.meross_temperature_bagno,28.7,2026-08-24T07:14:18.986Z
sensor.meross_temperature_bagno,28.8,2026-08-24T09:25:31.321Z
sensor.meross_temperature_bagno,28.9,2026-08-24T13:27:44.866Z
sensor.meross_temperature_bagno,28.8,2026-08-25T05:44:53.119Z
sensor.meross_temperature_bagno,28.7,2026-08-25T07:19:23.887Z
sensor.meross_temperature_bagno,28.8,2026-08-25T13:34:27.895Z
sensor.meross_temperature_bagno,28.9,2026-08-25T17:16:29.042Z
sensor.meross_temperature_bagno,28.8,2026-08-25T17:23:14.164Z
sensor.meross_temperature_bagno,28.7,2026-08-26T02:00:33.871Z
sensor.meross_temperature_bagno,28.8,2026-08-26T13:17:36.008Z
