entity_id,state,last_changed,current_temperature,hvac_action,target_temp_high,target_temp_low,temperature
sensor.camera_giulia_riscaldamento,0,2025-12-31T23:00:00.000Z
sensor.camera_giulia_riscaldamento,0,2026-01-01T00:00:00.000Z
sensor.camera_giulia_riscaldamento,3.1293438677777776,2026-01-27T08:00:00.000Z
sensor.camera_giulia_riscaldamento,0.561817613888889,2026-01-27T09:00:00.000Z
sensor.camera_giulia_riscaldamento,0,2026-01-27T10:00:00.000Z
sensor.camera_giulia_riscaldamento,0,2026-01-27T11:00:00.000Z
sensor.camera_giulia_riscaldamento,1.511620345,2026-02-05T11:00:00.000Z
sensor.camera_giulia_riscaldamento,0,2026-02-05T12:00:00.000Z
sensor.camera_giulia_riscaldamento,0,2026-02-05T13:00:00.000Z
sensor.camera_giulia_riscaldamento,0.0,2026-08-26T13:08:14.935Z
climate.camera_giulia,off,2026-08-16T02:24:11.729Z,31.5,off,,,5
climate.camera_giulia,off,2026-08-16T02:59:19.935Z,31.5,off,,,5
climate.camera_giulia,off,2026-08-16T03:29:26.942Z,31.5,off,,,5
climate.camera_giulia,off,2026-08-16T04:19:40.906Z,31.5,off,,,5
climate.camera_giulia,off,2026-08-16T04:39:44.885Z,31.4,off,,,5
climate.camera_giulia,off,2026-08-16T04:59:48.949Z,31.4,off,,,5
climate.camera_giulia,off,2026-08-16T05:19:53.879Z,31.4,off,,,5
climate.camera_giulia,off,2026-08-16T07:05:16.771Z,31.4,off,,,5
climate.camera_giulia,off,2026-08-16T07:20:19.913Z,31.4,off,,,5
climate.camera_giulia,off,2026-08-16T07:40:24.902Z,31.4,off,,,5
climate.camera_giulia,off,2026-08-16T08:00:28.882Z,31.4,off,,,5
climate.camera_giulia,off,2026-08-16T08:15:31.737Z,31.4,off,,,5
climate.camera_giulia,off,2026-08-16T08:35:37.752Z,31.4,off,,,5
climate.camera_giulia,off,2026-08-16T08:50:40.912Z,31.4,off,,,5
climate.camera_giulia,off,2026-08-16T09:10:44.891Z,31.4,off,,,5
climate.camera_giulia,off,2026-08-16T09:30:48.881Z,31.4,off,,,5
climate.camera_giulia,off,2026-08-16T09:45:51.776Z,31.4,off,,,5
climate.camera_giulia,off,2026-08-16T10:05:55.774Z,31.5,off,,,5
climate.camera_giulia,off,2026-08-16T10:41:02.981Z,31.5,off,,,5
climate.camera_giulia,off,2026-08-16T11:01:08.892Z,31.5,off,,,5
climate.camera_giulia,off,2026-08-16T11:36:15.741Z,31.5,off,,,5
climate.camera_giulia,off,2026-08-16T11:56:19.758Z,31.6,off,,,5
climate.camera_giulia,off,2026-08-16T12:31:26.996Z,31.7,off,,,5
climate.camera_giulia,off,2026-08-16T13:26:38.761Z,31.7,off,,,5
climate.camera_giulia,off,2026-08-16T13:46:43.752Z,31.7,off,,,5
climate.camera_giulia,off,2026-08-16T14:06:47.747Z,31.8,off,,,5
climate.camera_giulia,off,2026-08-16T14:26:53.783Z,31.8,off,,,5
climate.camera_giulia,off,2026-08-16T14:41:56.873Z,31.8,off,,,5
climate.camera_giulia,off,2026-08-16T15:22:05.887Z,31.8,off,,,5
climate.camera_giulia,off,2026-08-16T15:37:08.760Z,31.9,off,,,5
climate.camera_giulia,off,2026-08-16T16:12:15.885Z,31.9,off,,,5
climate.camera_giulia,off,2026-08-16T16:32:19.920Z,31.9,off,,,5
climate.camera_giulia,off,2026-08-16T16:52:23.914Z,31.9,off,,,5
climate.camera_giulia,off,2026-08-16T17:12:28.900Z,31.9,off,,,5
climate.camera_giulia,off,2026-08-16T17:47:37.731Z,31.9,off,,,5
climate.camera_giulia,off,2026-08-16T18:02:40.876Z,31.9,off,,,5
climate.camera_giulia,off,2026-08-16T18:17:44.750Z,31.9,off,,,5
climate.camera_giulia,off,2026-08-16T18:32:47.914Z,31.9,off,,,5
climate.camera_giulia,off,2026-08-16T19:07:56.745Z,31.9,off,,,5
climate.camera_giulia,off,2026-08-16T20:13:12.880Z,31.9,off,,,5
climate.camera_giulia,off,2026-08-16T20:33:16.889Z,31.9,off,,,5
climate.camera_giulia,off,2026-08-16T20:48:19.737Z,31.8,off,,,5
climate.camera_giulia,off,2026-08-16T21:08:23.756Z,31.8,off,,,5
climate.camera_giulia,off,2026-08-16T21:28:28.751Z,31.8,off,,,5
climate.camera_giulia,off,2026-08-16T21:43:32.906Z,31.7,off,,,5
climate.camera_giulia,off,2026-08-16T21:58:35.740Z,31.7,off,,,5
climate.camera_giulia,off,2026-08-16T22:13:38.930Z,31.7,off,,,5
climate.camera_giulia,off,2026-08-16T22:33:43.870Z,31.7,off,,,5
climate.camera_giulia,off,2026-08-16T22:53:48.142Z,31.6,off,,,5
climate.camera_giulia,off,2026-08-16T23:08:51.775Z,31.7,off,,,5
climate.camera_giulia,off,2026-08-16T23:28:55.726Z,31.6,off,,,5
climate.camera_giulia,off,2026-08-17T00:04:04.892Z,31.5,off,,,5
climate.camera_giulia,off,2026-08-17T00:19:07.748Z,31.5,off,,,5
climate.camera_giulia,off,2026-08-17T00:34:10.881Z,31.5,off,,,5
climate.camera_giulia,off,2026-08-17T00:54:15.868Z,31.5,off,,,5
climate.camera_giulia,off,2026-08-17T01:09:19.734Z,31.5,off,,,5
climate.camera_giulia,off,2026-08-17T01:29:24.740Z,31.4,off,,,5
climate.camera_giulia,off,2026-08-17T01:44:28.960Z,31.4,off,,,5
climate.camera_giulia,off,2026-08-17T02:04:33.868Z,31.4,off,,,5
climate.camera_giulia,off,2026-08-17T02:24:39.137Z,31.4,off,,,5
climate.camera_giulia,off,2026-08-17T02:39:42.752Z,31.3,off,,,5
climate.camera_giulia,off,2026-08-17T02:54:45.871Z,31.3,off,,,5
climate.camera_giulia,off,2026-08-17T03:14:50.961Z,31.3,off,,,5
climate.camera_giulia,off,2026-08-17T03:29:54.750Z,31.3,off,,,5
climate.camera_giulia,off,2026-08-17T03:44:58.909Z,31.2,off,,,5
climate.camera_giulia,off,2026-08-17T04:20:07.771Z,31.2,off,,,5
climate.camera_giulia,off,2026-08-17T04:40:12.758Z,31.2,off,,,5
climate.camera_giulia,off,2026-08-17T04:55:15.933Z,31.2,off,,,5
climate.camera_giulia,off,2026-08-17T05:15:20.892Z,31.1,off,,,5
climate.camera_giulia,off,2026-08-17T05:30:23.743Z,31.1,off,,,5
climate.camera_giulia,off,2026-08-17T05:50:29.768Z,31.1,off,,,5
climate.camera_giulia,off,2026-08-17T06:20:35.749Z,31.1,off,,,5
climate.camera_giulia,off,2026-08-17T06:55:43.901Z,31.1,off,,,5
climate.camera_giulia,off,2026-08-17T07:15:48.925Z,31.1,off,,,5
climate.camera_giulia,off,2026-08-17T07:30:52.760Z,31.1,off,,,5
climate.camera_giulia,off,2026-08-17T07:50:56.745Z,31.1,off,,,5
climate.camera_giulia,off,2026-08-17T08:11:00.757Z,31.1,off,,,5
climate.camera_giulia,off,2026-08-17T08:26:03.921Z,31.1,off,,,5
climate.camera_giulia,off,2026-08-17T08:46:08.908Z,31.1,off,,,5
climate.camera_giulia,off,2026-08-17T09:21:15.706Z,31.1,off,,,5
climate.camera_giulia,off,2026-08-17T09:56:23.891Z,31.2,off,,,5
climate.camera_giulia,off,2026-08-17T10:16:28.873Z,31.2,off,,,5
climate.camera_giulia,off,2026-08-17T10:36:32.880Z,31.2,off,,,5
climate.camera_giulia,off,2026-08-17T10:51:35.751Z,31.2,off,,,5
climate.camera_giulia,off,2026-08-17T11:11:39.738Z,31.2,off,,,5
climate.camera_giulia,off,2026-08-17T11:26:42.865Z,31.3,off,,,5
climate.camera_giulia,off,2026-08-17T11:46:46.877Z,31.3,off,,,5
climate.camera_giulia,off,2026-08-17T12:06:50.951Z,31.3,off,,,5
climate.camera_giulia,off,2026-08-17T12:21:55.736Z,31.3,off,,,5
climate.camera_giulia,off,2026-08-17T12:42:04.745Z,31.3,off,,,5
climate.camera_giulia,off,2026-08-17T12:57:08.897Z,31.4,off,,,5
climate.camera_giulia,off,2026-08-17T13:12:11.725Z,31.4,off,,,5
climate.camera_giulia,off,2026-08-17T13:32:16.719Z,31.4,off,,,5
climate.camera_giulia,off,2026-08-17T14:07:25.957Z,31.4,off,,,5
climate.camera_giulia,off,2026-08-17T14:42:33.764Z,31.5,off,,,5
climate.camera_giulia,off,2026-08-17T14:57:36.894Z,31.5,off,,,5
climate.camera_giulia,off,2026-08-17T15:17:40.965Z,31.5,off,,,5
climate.camera_giulia,off,2026-08-17T15:32:44.751Z,31.5,off,,,5
climate.camera_giulia,off,2026-08-17T15:52:49.745Z,31.5,off,,,5
climate.camera_giulia,off,2026-08-17T16:07:52.922Z,31.5,off,,,5
climate.camera_giulia,off,2026-08-17T16:22:55.723Z,31.5,off,,,5
climate.camera_giulia,off,2026-08-17T16:43:01.764Z,31.5,off,,,5
climate.camera_giulia,off,2026-08-17T16:58:05.923Z,31.5,off,,,5
climate.camera_giulia,off,2026-08-17T17:13:09.755Z,31.5,off,,,5
climate.camera_giulia,off,2026-08-17T17:33:14.732Z,31.5,off,,,5
climate.camera_giulia,off,2026-08-17T17:48:17.958Z,31.5,off,,,5
climate.camera_giulia,off,2026-08-17T18:08:23.886Z,31.5,off,,,5
climate.camera_giulia,off,2026-08-17T18:23:27.764Z,31.5,off,,,5
climate.camera_giulia,off,2026-08-17T18:43:32.724Z,31.5,off,,,5
climate.camera_giulia,off,2026-08-17T18:58:36.912Z,31.5,off,,,5
climate.camera_giulia,off,2026-08-17T19:33:45.773Z,31.5,off,,,5
climate.camera_giulia,off,2026-08-17T19:53:49.751Z,31.5,off,,,5
climate.camera_giulia,off,2026-08-17T20:08:53.927Z,31.4,off,,,5
climate.camera_giulia,off,2026-08-17T20:28:59.904Z,31.4,off,,,5
climate.camera_giulia,off,2026-08-17T20:44:03.759Z,31.4,off,,,5
climate.camera_giulia,off,2026-08-17T20:59:07.854Z,31.4,off,,,5
climate.camera_giulia,off,2026-08-17T21:39:21.850Z,31.4,off,,,5
climate.camera_giulia,off,2026-08-17T22:14:30.752Z,31.4,off,,,5
climate.camera_giulia,off,2026-08-17T22:34:34.806Z,31.4,off,,,5
climate.camera_giulia,off,2026-08-17T22:49:38.884Z,31.4,off,,,5
climate.camera_giulia,off,2026-08-17T23:09:43.955Z,31.3,off,,,5
climate.camera_giulia,off,2026-08-17T23:29:48.880Z,31.4,off,,,5
climate.camera_giulia,off,2026-08-17T23:49:52.984Z,31.3,off,,,5
climate.camera_giulia,off,2026-08-18T00:04:56.729Z,31.3,off,,,5
climate.camera_giulia,off,2026-08-18T00:25:00.774Z,31.3,off,,,5
climate.camera_giulia,off,2026-08-18T00:45:05.753Z,31.3,off,,,5
climate.camera_giulia,off,2026-08-18T01:00:09.881Z,31.2,off,,,5
climate.camera_giulia,off,2026-08-18T01:15:12.782Z,31.2,off,,,5
climate.camera_giulia,off,2026-08-18T01:35:16.735Z,31.2,off,,,5
climate.camera_giulia,off,2026-08-18T01:50:20.897Z,31.2,off,,,5
climate.camera_giulia,off,2026-08-18T02:10:24.968Z,31.2,off,,,5
climate.camera_giulia,off,2026-08-18T02:30:34.868Z,31.1,off,,,5
climate.camera_giulia,off,2026-08-18T02:45:37.733Z,31.1,off,,,5
climate.camera_giulia,off,2026-08-18T03:05:42.756Z,31.1,off,,,5
climate.camera_giulia,off,2026-08-18T03:20:45.908Z,31.1,off,,,5
climate.camera_giulia,off,2026-08-18T03:40:49.991Z,31,off,,,5
climate.camera_giulia,off,2026-08-18T03:55:53.735Z,31,off,,,5
climate.camera_giulia,off,2026-08-18T04:15:57.736Z,31,off,,,5
climate.camera_giulia,off,2026-08-18T04:31:00.976Z,30.9,off,,,5
climate.camera_giulia,off,2026-08-18T05:21:12.893Z,30.9,off,,,5
climate.camera_giulia,off,2026-08-18T05:41:16.935Z,30.8,off,,,5
climate.camera_giulia,off,2026-08-18T05:56:20.813Z,30.8,off,,,5
climate.camera_giulia,off,2026-08-18T06:16:27.769Z,30.8,off,,,5
climate.camera_giulia,off,2026-08-18T06:36:33.791Z,30.8,off,,,5
climate.camera_giulia,off,2026-08-18T06:51:37.905Z,30.8,off,,,5
climate.camera_giulia,off,2026-08-18T07:11:42.899Z,30.8,off,,,5
climate.camera_giulia,off,2026-08-18T07:31:46.915Z,30.8,off,,,5
climate.camera_giulia,off,2026-08-18T07:46:49.775Z,30.8,off,,,5
climate.camera_giulia,off,2026-08-18T08:06:54.773Z,30.8,off,,,5
climate.camera_giulia,off,2026-08-18T08:21:58.888Z,30.8,off,,,5
climate.camera_giulia,off,2026-08-18T08:42:03.946Z,30.8,off,,,5
climate.camera_giulia,off,2026-08-18T09:02:09.966Z,30.8,off,,,5
climate.camera_giulia,off,2026-08-18T09:17:13.767Z,30.8,off,,,5
climate.camera_giulia,off,2026-08-18T09:37:19.796Z,30.9,off,,,5
climate.camera_giulia,off,2026-08-18T09:52:24.932Z,30.9,off,,,5
climate.camera_giulia,off,2026-08-18T10:27:34.762Z,30.9,off,,,5
climate.camera_giulia,off,2026-08-18T10:42:38.061Z,30.9,off,,,5
climate.camera_giulia,off,2026-08-18T11:02:42.917Z,31,off,,,5
climate.camera_giulia,off,2026-08-18T11:37:54.769Z,31,off,,,5
climate.camera_giulia,off,2026-08-18T11:57:59.773Z,31,off,,,5
climate.camera_giulia,off,2026-08-18T12:13:03.958Z,31.1,off,,,5
climate.camera_giulia,off,2026-08-18T13:03:15.994Z,31.1,off,,,5
climate.camera_giulia,off,2026-08-18T13:23:21.924Z,31.1,off,,,5
climate.camera_giulia,off,2026-08-18T13:38:25.765Z,31.1,off,,,5
climate.camera_giulia,off,2026-08-18T13:58:31.817Z,31.2,off,,,5
climate.camera_giulia,off,2026-08-18T14:13:44.063Z,31.2,off,,,5
climate.camera_giulia,off,2026-08-18T14:33:49.023Z,31.2,off,,,5
climate.camera_giulia,off,2026-08-18T14:48:52.758Z,31.2,off,,,5
climate.camera_giulia,off,2026-08-18T15:08:58.750Z,31.2,off,,,5
climate.camera_giulia,off,2026-08-18T15:24:03.049Z,31.2,off,,,5
climate.camera_giulia,off,2026-08-18T15:44:07.924Z,31.2,off,,,5
climate.camera_giulia,off,2026-08-18T15:59:10.766Z,31.2,off,,,5
climate.camera_giulia,off,2026-08-18T16:19:14.760Z,31.2,off,,,5
climate.camera_giulia,off,2026-08-18T16:34:17.997Z,31.3,off,,,5
climate.camera_giulia,off,2026-08-18T16:54:22.904Z,31.2,off,,,5
climate.camera_giulia,off,2026-08-18T17:14:27.939Z,31.3,off,,,5
climate.camera_giulia,off,2026-08-18T17:34:32.948Z,31.3,off,,,5
climate.camera_giulia,off,2026-08-18T18:29:46.804Z,31.3,off,,,5
climate.camera_giulia,off,2026-08-18T18:49:51.768Z,31.3,off,,,5
climate.camera_giulia,off,2026-08-18T19:09:55.773Z,31.3,off,,,5
climate.camera_giulia,off,2026-08-18T19:24:58.911Z,31.3,off,,,5
climate.camera_giulia,off,2026-08-18T20:00:07.786Z,31.2,off,,,5
climate.camera_giulia,off,2026-08-18T20:20:13.777Z,31.2,off,,,5
climate.camera_giulia,off,2026-08-18T20:35:17.893Z,31.2,off,,,5
climate.camera_giulia,off,2026-08-18T20:55:21.965Z,31.2,off,,,5
climate.camera_giulia,off,2026-08-18T21:15:27.955Z,31.2,off,,,5
climate.camera_giulia,off,2026-08-18T21:30:31.753Z,31.2,off,,,5
climate.camera_giulia,off,2026-08-18T21:45:35.931Z,31.2,off,,,5
climate.camera_giulia,off,2026-08-18T22:05:40.904Z,31.2,off,,,5
climate.camera_giulia,off,2026-08-18T22:20:44.765Z,31.2,off,,,5
climate.camera_giulia,off,2026-08-18T22:35:48.942Z,31.1,off,,,5
climate.camera_giulia,off,2026-08-18T22:50:53.747Z,31.1,off,,,5
climate.camera_giulia,off,2026-08-18T23:10:57.739Z,31.2,off,,,5
climate.camera_giulia,off,2026-08-18T23:26:00.963Z,31.1,off,,,5
climate.camera_giulia,off,2026-08-19T00:01:11.801Z,31.1,off,,,5
climate.camera_giulia,off,2026-08-19T00:21:16.774Z,31.1,off,,,5
climate.camera_giulia,off,2026-08-19T00:56:26.940Z,31.1,off,,,5
climate.camera_giulia,off,2026-08-19T01:16:32.912Z,31,off,,,5
climate.camera_giulia,off,2026-08-19T01:36:41.039Z,31,off,,,5
climate.camera_giulia,off,2026-08-19T01:51:44.754Z,31,off,,,5
climate.camera_giulia,off,2026-08-19T02:11:53.749Z,31,off,,,5
climate.camera_giulia,off,2026-08-19T02:26:57.004Z,31,off,,,5
climate.camera_giulia,off,2026-08-19T02:47:03.019Z,30.9,off,,,5
climate.camera_giulia,off,2026-08-19T03:02:07.796Z,30.9,off,,,5
climate.camera_giulia,off,2026-08-19T03:22:12.789Z,30.9,off,,,5
climate.camera_giulia,off,2026-08-19T03:37:15.934Z,30.9,off,,,5
climate.camera_giulia,off,2026-08-19T03:57:21.975Z,30.9,off,,,5
climate.camera_giulia,off,2026-08-19T04:17:28.007Z,30.9,off,,,5
climate.camera_giulia,off,2026-08-19T04:37:33.919Z,30.9,off,,,5
climate.camera_giulia,off,2026-08-19T04:52:37.803Z,30.8,off,,,5
climate.camera_giulia,off,2026-08-19T05:07:41.049Z,30.8,off,,,5
climate.camera_giulia,off,2026-08-19T05:22:44.762Z,30.8,off,,,5
climate.camera_giulia,off,2026-08-19T05:37:47.980Z,30.8,off,,,5
climate.camera_giulia,off,2026-08-19T05:52:51.742Z,30.8,off,,,5
climate.camera_giulia,off,2026-08-19T06:07:55.918Z,30.8,off,,,5
climate.camera_giulia,off,2026-08-19T06:28:00.898Z,30.8,off,,,5
climate.camera_giulia,off,2026-08-19T06:43:04.795Z,30.8,off,,,5
climate.camera_giulia,off,2026-08-19T07:03:10.781Z,30.8,off,,,5
climate.camera_giulia,off,2026-08-19T07:18:15.038Z,30.8,off,,,5
climate.camera_giulia,off,2026-08-19T07:38:20.989Z,30.7,off,,,5
climate.camera_giulia,off,2026-08-19T07:58:26.903Z,30.8,off,,,5
climate.camera_giulia,off,2026-08-19T08:13:30.772Z,30.8,off,,,5
climate.camera_giulia,off,2026-08-19T08:28:33.939Z,30.8,off,,,5
climate.camera_giulia,off,2026-08-19T08:48:39.923Z,30.8,off,,,5
climate.camera_giulia,off,2026-08-19T09:08:43.925Z,30.8,off,,,5
climate.camera_giulia,off,2026-08-19T09:28:47.915Z,30.9,off,,,5
climate.camera_giulia,off,2026-08-19T09:43:50.808Z,30.9,off,,,5
climate.camera_giulia,off,2026-08-19T10:19:00.961Z,30.9,off,,,5
climate.camera_giulia,off,2026-08-19T10:54:10.789Z,31,off,,,5
climate.camera_giulia,off,2026-08-19T11:14:16.772Z,31,off,,,5
climate.camera_giulia,off,2026-08-19T11:29:21.020Z,31,off,,,5
climate.camera_giulia,off,2026-08-19T11:44:24.801Z,31,off,,,5
climate.camera_giulia,off,2026-08-19T12:04:29.754Z,31,off,,,5
climate.camera_giulia,off,2026-08-19T12:19:33.979Z,31.1,off,,,5
climate.camera_giulia,off,2026-08-19T12:34:38.839Z,31.1,off,,,5
climate.camera_giulia,off,2026-08-19T13:29:55.013Z,31.2,off,,,5
climate.camera_giulia,off,2026-08-19T14:40:16.969Z,31.3,off,,,5
climate.camera_giulia,off,2026-08-19T15:15:25.803Z,31.3,off,,,5
climate.camera_giulia,off,2026-08-19T16:10:41.363Z,31.3,off,,,5
climate.camera_giulia,off,2026-08-19T16:45:50.759Z,31.3,off,,,5
climate.camera_giulia,off,2026-08-19T17:36:04.777Z,31.4,off,,,5
climate.camera_giulia,off,2026-08-19T18:16:16.814Z,31.3,off,,,5
climate.camera_giulia,off,2026-08-19T18:31:20.940Z,31.4,off,,,5
climate.camera_giulia,off,2026-08-19T18:51:26.915Z,31.3,off,,,5
climate.camera_giulia,off,2026-08-19T19:06:30.851Z,31.4,off,,,5
climate.camera_giulia,off,2026-08-19T19:21:33.913Z,31.4,off,,,5
climate.camera_giulia,off,2026-08-19T19:41:38.981Z,31.3,off,,,5
climate.camera_giulia,off,2026-08-19T20:01:44.918Z,31.4,off,,,5
climate.camera_giulia,off,2026-08-19T20:21:48.995Z,31.4,off,,,5
climate.camera_giulia,off,2026-08-19T20:41:54.985Z,31.3,off,,,5
climate.camera_giulia,off,2026-08-19T20:56:59.793Z,31.3,off,,,5
climate.camera_giulia,off,2026-08-19T21:32:09.944Z,31.3,off,,,5
climate.camera_giulia,off,2026-08-19T21:52:14.933Z,31.3,off,,,5
climate.camera_giulia,off,2026-08-19T22:07:19.775Z,31.3,off,,,5
climate.camera_giulia,off,2026-08-19T22:27:29.811Z,31.3,off,,,5
climate.camera_giulia,off,2026-08-19T23:02:39.999Z,31.3,off,,,5
climate.camera_giulia,off,2026-08-19T23:42:52.896Z,31.3,off,,,5
climate.camera_giulia,off,2026-08-19T23:57:56.790Z,31.3,off,,,5
climate.camera_giulia,off,2026-08-20T00:13:00.009Z,31.3,off,,,5
climate.camera_giulia,off,2026-08-20T00:33:05.934Z,31.3,off,,,5
climate.camera_giulia,off,2026-08-20T00:53:11.928Z,31.2,off,,,5
climate.camera_giulia,off,2026-08-20T01:43:25.968Z,31.2,off,,,5
climate.camera_giulia,off,2026-08-20T02:03:30.885Z,31.2,off,,,5
climate.camera_giulia,off,2026-08-20T03:18:47.744Z,31.2,off,,,5
climate.camera_giulia,off,2026-08-20T03:38:52.746Z,31.2,off,,,5
climate.camera_giulia,off,2026-08-20T03:58:58.783Z,31.2,off,,,5
climate.camera_giulia,off,2026-08-20T04:14:03.051Z,31.2,off,,,5
climate.camera_giulia,off,2026-08-20T04:29:07.825Z,31.1,off,,,5
climate.camera_giulia,off,2026-08-20T04:44:11.944Z,31.2,off,,,5
climate.camera_giulia,off,2026-08-20T05:04:16.951Z,31.1,off,,,5
climate.camera_giulia,off,2026-08-20T05:19:20.821Z,31.1,off,,,5
climate.camera_giulia,off,2026-08-20T05:39:25.771Z,31.1,off,,,5
climate.camera_giulia,off,2026-08-20T05:59:31.764Z,31.1,off,,,5
climate.camera_giulia,off,2026-08-20T06:14:35.975Z,31.1,off,,,5
climate.camera_giulia,off,2026-08-20T06:29:39.773Z,31.1,off,,,5
climate.camera_giulia,off,2026-08-20T06:49:44.778Z,31.1,off,,,5
climate.camera_giulia,off,2026-08-20T07:04:48.956Z,31.1,off,,,5
climate.camera_giulia,off,2026-08-20T07:24:54.942Z,31.1,off,,,5
climate.camera_giulia,off,2026-08-20T07:45:00.933Z,31,off,,,5
climate.camera_giulia,off,2026-08-20T08:00:06.794Z,31.1,off,,,5
climate.camera_giulia,off,2026-08-20T08:20:11.774Z,31,off,,,5
climate.camera_giulia,off,2026-08-20T08:35:14.973Z,31.1,off,,,5
climate.camera_giulia,off,2026-08-20T10:20:46.771Z,31.1,off,,,5
climate.camera_giulia,off,2026-08-20T10:55:55.923Z,31.1,off,,,5
climate.camera_giulia,off,2026-08-20T11:36:03.923Z,31.2,off,,,5
climate.camera_giulia,off,2026-08-20T11:51:07.791Z,31.2,off,,,5
climate.camera_giulia,off,2026-08-20T12:11:13.767Z,31.1,off,,,5
climate.camera_giulia,off,2026-08-20T12:31:17.783Z,31.1,off,,,5
climate.camera_giulia,off,2026-08-20T12:46:21.027Z,31.2,off,,,5
climate.camera_giulia,off,2026-08-20T13:47:05.944Z,31.2,off,,,5
climate.camera_giulia,off,2026-08-20T14:02:10.770Z,31.2,off,,,5
climate.camera_giulia,off,2026-08-20T14:32:18.783Z,31.2,off,,,5
climate.camera_giulia,off,2026-08-20T14:47:21.954Z,31.2,off,,,5
climate.camera_giulia,off,2026-08-20T15:07:27.920Z,31.2,off,,,5
climate.camera_giulia,off,2026-08-20T15:22:30.814Z,31.3,off,,,5
climate.camera_giulia,off,2026-08-20T15:42:35.774Z,31.3,off,,,5
climate.camera_giulia,off,2026-08-20T15:57:39.915Z,31.2,off,,,5
climate.camera_giulia,off,2026-08-20T16:12:42.791Z,31.2,off,,,5
climate.camera_giulia,off,2026-08-20T16:32:46.782Z,31.2,off,,,5
climate.camera_giulia,off,2026-08-20T16:47:49.967Z,31.2,off,,,5
climate.camera_giulia,off,2026-08-20T17:02:53.801Z,31.2,off,,,5
climate.camera_giulia,off,2026-08-20T17:22:59.800Z,31.2,off,,,5
climate.camera_giulia,off,2026-08-20T17:43:05.790Z,31.1,off,,,5
climate.camera_giulia,off,2026-08-20T18:33:18.813Z,31.1,off,,,5
climate.camera_giulia,off,2026-08-20T18:48:22.914Z,31.1,off,,,5
climate.camera_giulia,off,2026-08-20T19:08:26.949Z,31,off,,,5
climate.camera_giulia,off,2026-08-20T19:28:33.003Z,31,off,,,5
climate.camera_giulia,off,2026-08-20T19:43:36.769Z,30.9,off,,,5
climate.camera_giulia,off,2026-08-20T20:03:41.792Z,30.9,off,,,5
climate.camera_giulia,off,2026-08-20T20:33:49.884Z,30.8,off,,,5
climate.camera_giulia,off,2026-08-20T20:53:55.883Z,30.8,off,,,5
climate.camera_giulia,off,2026-08-20T21:09:00.016Z,30.8,off,,,5
climate.camera_giulia,off,2026-08-20T21:24:04.887Z,30.8,off,,,5
climate.camera_giulia,off,2026-08-20T21:44:10.919Z,30.8,off,,,5
climate.camera_giulia,off,2026-08-20T21:59:15.067Z,30.7,off,,,5
climate.camera_giulia,off,2026-08-20T22:34:25.869Z,30.7,off,,,5
climate.camera_giulia,off,2026-08-20T22:49:30.071Z,30.6,off,,,5
climate.camera_giulia,off,2026-08-20T23:24:40.883Z,30.6,off,,,5
climate.camera_giulia,off,2026-08-20T23:59:51.049Z,30.5,off,,,5
climate.camera_giulia,off,2026-08-21T00:35:02.939Z,30.5,off,,,5
climate.camera_giulia,off,2026-08-21T00:50:08.120Z,30.5,off,,,5
climate.camera_giulia,off,2026-08-21T01:20:17.146Z,30.4,off,,,5
climate.camera_giulia,off,2026-08-21T01:55:27.904Z,30.4,off,,,5
climate.camera_giulia,off,2026-08-21T02:15:34.875Z,30.3,off,,,5
climate.camera_giulia,off,2026-08-21T02:50:45.027Z,30.3,off,,,5
climate.camera_giulia,off,2026-08-21T03:10:52.040Z,30.3,off,,,5
climate.camera_giulia,off,2026-08-21T03:25:56.885Z,30.2,off,,,5
climate.camera_giulia,off,2026-08-21T04:01:08.089Z,30.2,off,,,5
climate.camera_giulia,off,2026-08-21T04:16:12.877Z,30.2,off,,,5
climate.camera_giulia,off,2026-08-21T04:36:18.887Z,30.1,off,,,5
climate.camera_giulia,off,2026-08-21T04:51:23.089Z,30.2,off,,,5
climate.camera_giulia,off,2026-08-21T05:11:29.031Z,30.1,off,,,5
climate.camera_giulia,off,2026-08-21T05:26:33.911Z,30.1,off,,,5
climate.camera_giulia,off,2026-08-21T05:46:40.875Z,30.1,off,,,5
climate.camera_giulia,off,2026-08-21T06:06:46.938Z,30.1,off,,,5
climate.camera_giulia,off,2026-08-21T06:21:52.023Z,30.1,off,,,5
climate.camera_giulia,off,2026-08-21T06:36:56.938Z,30,off,,,5
climate.camera_giulia,off,2026-08-21T06:52:02.046Z,30,off,,,5
climate.camera_giulia,off,2026-08-21T07:12:09.017Z,30,off,,,5
climate.camera_giulia,off,2026-08-21T07:27:13.907Z,29.9,off,,,5
climate.camera_giulia,off,2026-08-21T07:47:19.910Z,29.9,off,,,5
climate.camera_giulia,off,2026-08-21T08:07:26.910Z,29.9,off,,,5
climate.camera_giulia,off,2026-08-21T08:22:30.913Z,29.9,off,,,5
climate.camera_giulia,off,2026-08-21T08:42:34.930Z,29.9,off,,,5
climate.camera_giulia,off,2026-08-21T09:17:48.838Z,29.9,off,,,5
climate.camera_giulia,off,2026-08-21T09:32:52.925Z,29.8,off,,,5
climate.camera_giulia,off,2026-08-21T10:28:07.843Z,29.7,off,,,5
climate.camera_giulia,off,2026-08-21T10:43:10.985Z,29.7,off,,,5
climate.camera_giulia,off,2026-08-21T11:03:16.927Z,29.7,off,,,5
climate.camera_giulia,off,2026-08-21T11:18:20.833Z,29.7,off,,,5
climate.camera_giulia,off,2026-08-21T11:33:23.923Z,29.7,off,,,5
climate.camera_giulia,off,2026-08-21T11:53:27.949Z,29.7,off,,,5
climate.camera_giulia,off,2026-08-21T12:08:32.765Z,29.7,off,,,5
climate.camera_giulia,off,2026-08-21T12:28:38.838Z,29.7,off,,,5
climate.camera_giulia,off,2026-08-21T12:43:42.005Z,29.7,off,,,5
climate.camera_giulia,off,2026-08-21T12:58:45.791Z,29.7,off,,,5
climate.camera_giulia,off,2026-08-21T13:13:49.994Z,29.7,off,,,5
climate.camera_giulia,off,2026-08-21T13:33:55.956Z,29.7,off,,,5
climate.camera_giulia,off,2026-08-21T13:48:59.802Z,29.7,off,,,5
climate.camera_giulia,off,2026-08-21T14:09:05.803Z,29.6,off,,,5
climate.camera_giulia,off,2026-08-21T14:29:11.985Z,29.6,off,,,5
climate.camera_giulia,off,2026-08-21T14:44:16.933Z,29.7,off,,,5
climate.camera_giulia,off,2026-08-21T15:04:22.919Z,29.7,off,,,5
climate.camera_giulia,off,2026-08-21T15:19:25.808Z,29.8,off,,,5
climate.camera_giulia,off,2026-08-21T15:54:34.955Z,29.8,off,,,5
climate.camera_giulia,off,2026-08-21T16:14:40.908Z,29.8,off,,,5
climate.camera_giulia,off,2026-08-21T16:49:49.784Z,29.8,off,,,5
climate.camera_giulia,off,2026-08-21T17:09:55.790Z,29.9,off,,,5
climate.camera_giulia,off,2026-08-21T17:24:59.947Z,29.9,off,,,5
climate.camera_giulia,off,2026-08-21T17:40:05.795Z,29.9,off,,,5
climate.camera_giulia,off,2026-08-21T17:55:08.951Z,29.9,off,,,5
climate.camera_giulia,off,2026-08-21T18:15:13.993Z,29.9,off,,,5
climate.camera_giulia,off,2026-08-21T18:35:20.049Z,29.8,off,,,5
climate.camera_giulia,off,2026-08-21T18:50:24.762Z,29.8,off,,,5
climate.camera_giulia,off,2026-08-21T19:10:30.805Z,29.8,off,,,5
climate.camera_giulia,off,2026-08-21T19:45:39.922Z,29.7,off,,,5
climate.camera_giulia,off,2026-08-21T20:15:46.983Z,29.7,off,,,5
climate.camera_giulia,off,2026-08-21T20:30:51.801Z,29.7,off,,,5
climate.camera_giulia,off,2026-08-21T20:45:55.906Z,29.6,off,,,5
climate.camera_giulia,off,2026-08-21T21:21:04.788Z,29.6,off,,,5
climate.camera_giulia,off,2026-08-21T21:36:08.914Z,29.6,off,,,5
climate.camera_giulia,off,2026-08-21T21:56:13.930Z,29.5,off,,,5
climate.camera_giulia,off,2026-08-21T22:11:18.799Z,29.5,off,,,5
climate.camera_giulia,off,2026-08-21T22:31:24.767Z,29.4,off,,,5
climate.camera_giulia,off,2026-08-21T22:46:28.891Z,29.4,off,,,5
climate.camera_giulia,off,2026-08-21T23:06:32.905Z,29.4,off,,,5
climate.camera_giulia,off,2026-08-21T23:21:35.814Z,29.4,off,,,5
climate.camera_giulia,off,2026-08-21T23:41:40.781Z,29.4,off,,,5
climate.camera_giulia,off,2026-08-21T23:56:44.964Z,29.3,off,,,5
climate.camera_giulia,off,2026-08-22T00:31:53.798Z,29.3,off,,,5
climate.camera_giulia,off,2026-08-22T00:46:57.969Z,29.2,off,,,5
climate.camera_giulia,off,2026-08-22T01:22:07.773Z,29.2,off,,,5
climate.camera_giulia,off,2026-08-22T01:37:11.000Z,29.1,off,,,5
climate.camera_giulia,off,2026-08-22T01:57:15.975Z,29.1,off,,,5
climate.camera_giulia,off,2026-08-22T03:07:33.905Z,29,off,,,5
climate.camera_giulia,off,2026-08-22T03:22:36.763Z,29.1,off,,,5
climate.camera_giulia,off,2026-08-22T03:37:39.974Z,29,off,,,5
climate.camera_giulia,off,2026-08-22T04:07:47.920Z,28.9,off,,,5
climate.camera_giulia,off,2026-08-22T04:27:52.989Z,28.9,off,,,5
climate.camera_giulia,off,2026-08-22T04:47:58.924Z,28.9,off,,,5
climate.camera_giulia,off,2026-08-22T05:18:05.924Z,28.9,off,,,5
climate.camera_giulia,off,2026-08-22T05:38:10.925Z,28.8,off,,,5
climate.camera_giulia,off,2026-08-22T05:53:14.805Z,28.8,off,,,5
climate.camera_giulia,off,2026-08-22T06:43:25.788Z,28.8,off,,,5
climate.camera_giulia,off,2026-08-22T07:03:30.824Z,28.8,off,,,5
climate.camera_giulia,off,2026-08-22T07:43:42.806Z,28.8,off,,,5
climate.camera_giulia,off,2026-08-22T07:58:45.934Z,28.8,off,,,5
climate.camera_giulia,off,2026-08-22T08:18:51.984Z,28.8,off,,,5
climate.camera_giulia,off,2026-08-22T08:33:56.785Z,28.8,off,,,5
climate.camera_giulia,off,2026-08-22T08:49:00.923Z,28.8,off,,,5
climate.camera_giulia,off,2026-08-22T09:04:04.824Z,28.9,off,,,5
climate.camera_giulia,off,2026-08-22T09:24:10.843Z,28.9,off,,,5
climate.camera_giulia,off,2026-08-22T09:39:14.939Z,28.9,off,,,5
climate.camera_giulia,off,2026-08-22T09:54:19.814Z,28.9,off,,,5
climate.camera_giulia,off,2026-08-22T10:09:22.942Z,29,off,,,5
climate.camera_giulia,off,2026-08-22T10:24:27.774Z,29,off,,,5
climate.camera_giulia,off,2026-08-22T10:44:33.771Z,29,off,,,5
climate.camera_giulia,off,2026-08-22T10:59:37.003Z,29.1,off,,,5
climate.camera_giulia,off,2026-08-22T11:19:42.920Z,29.1,off,,,5
climate.camera_giulia,off,2026-08-22T11:34:46.797Z,29.1,off,,,5
climate.camera_giulia,off,2026-08-22T11:54:52.803Z,29.2,off,,,5
climate.camera_giulia,off,2026-08-22T12:50:08.000Z,29.2,off,,,5
climate.camera_giulia,off,2026-08-22T13:05:12.766Z,29.3,off,,,5
climate.camera_giulia,off,2026-08-22T13:25:26.780Z,29.3,off,,,5
climate.camera_giulia,off,2026-08-22T13:45:31.771Z,29.3,off,,,5
climate.camera_giulia,off,2026-08-22T14:00:34.972Z,29.3,off,,,5
climate.camera_giulia,off,2026-08-22T14:20:40.903Z,29.4,off,,,5
climate.camera_giulia,off,2026-08-22T14:40:45.926Z,29.4,off,,,5
climate.camera_giulia,off,2026-08-22T14:55:48.784Z,29.4,off,,,5
climate.camera_giulia,off,2026-08-22T15:15:58.787Z,29.4,off,,,5
climate.camera_giulia,off,2026-08-22T15:31:03.008Z,29.4,off,,,5
climate.camera_giulia,off,2026-08-22T15:46:06.799Z,29.4,off,,,5
climate.camera_giulia,off,2026-08-22T16:01:09.949Z,29.5,off,,,5
climate.camera_giulia,off,2026-08-22T16:16:14.790Z,29.5,off,,,5
climate.camera_giulia,off,2026-08-22T16:31:17.940Z,29.5,off,,,5
climate.camera_giulia,off,2026-08-22T17:06:28.798Z,29.5,off,,,5
climate.camera_giulia,off,2026-08-22T17:26:34.797Z,29.5,off,,,5
climate.camera_giulia,off,2026-08-22T17:41:38.935Z,29.5,off,,,5
climate.camera_giulia,off,2026-08-22T18:01:44.949Z,29.5,off,,,5
climate.camera_giulia,off,2026-08-22T18:21:49.942Z,29.5,off,,,5
climate.camera_giulia,off,2026-08-22T18:41:55.930Z,29.5,off,,,5
climate.camera_giulia,off,2026-08-22T19:17:04.784Z,29.5,off,,,5
climate.camera_giulia,off,2026-08-22T19:32:07.928Z,29.5,off,,,5
climate.camera_giulia,off,2026-08-22T19:52:11.972Z,29.5,off,,,5
climate.camera_giulia,off,2026-08-22T20:22:18.909Z,29.5,off,,,5
climate.camera_giulia,off,2026-08-22T20:37:22.763Z,29.5,off,,,5
climate.camera_giulia,off,2026-08-22T20:57:27.764Z,29.4,off,,,5
climate.camera_giulia,off,2026-08-22T21:12:31.994Z,29.4,off,,,5
climate.camera_giulia,off,2026-08-22T21:27:36.791Z,29.4,off,,,5
climate.camera_giulia,off,2026-08-22T21:47:41.776Z,29.4,off,,,5
climate.camera_giulia,off,2026-08-22T22:37:58.760Z,29.4,off,,,5
climate.camera_giulia,off,2026-08-22T23:08:07.780Z,29.3,off,,,5
climate.camera_giulia,off,2026-08-22T23:48:18.783Z,29.2,off,,,5
climate.camera_giulia,off,2026-08-23T00:38:28.780Z,29.1,off,,,5
climate.camera_giulia,off,2026-08-23T00:53:32.922Z,29.1,off,,,5
climate.camera_giulia,off,2026-08-23T01:48:48.780Z,29,off,,,5
climate.camera_giulia,off,2026-08-23T02:03:51.929Z,29,off,,,5
climate.camera_giulia,off,2026-08-23T02:39:00.823Z,28.9,off,,,5
climate.camera_giulia,off,2026-08-23T02:54:04.987Z,28.9,off,,,5
climate.camera_giulia,off,2026-08-23T03:14:09.944Z,28.9,off,,,5
climate.camera_giulia,off,2026-08-23T03:44:19.011Z,28.9,off,,,5
climate.camera_giulia,off,2026-08-23T04:04:28.892Z,28.8,off,,,5
climate.camera_giulia,off,2026-08-23T04:24:33.004Z,28.8,off,,,5
climate.camera_giulia,off,2026-08-23T04:39:37.778Z,28.8,off,,,5
climate.camera_giulia,off,2026-08-23T05:14:47.935Z,28.7,off,,,5
climate.camera_giulia,off,2026-08-23T05:29:52.747Z,28.7,off,,,5
climate.camera_giulia,off,2026-08-23T06:05:03.948Z,28.8,off,,,5
climate.camera_giulia,off,2026-08-23T06:20:07.751Z,28.8,off,,,5
climate.camera_giulia,off,2026-08-23T06:35:10.981Z,28.8,off,,,5
climate.camera_giulia,off,2026-08-23T07:10:21.782Z,28.8,off,,,5
climate.camera_giulia,off,2026-08-23T07:25:25.905Z,28.8,off,,,5
climate.camera_giulia,off,2026-08-23T07:40:28.780Z,28.9,off,,,5
climate.camera_giulia,off,2026-08-23T08:00:34.810Z,28.8,off,,,5
climate.camera_giulia,off,2026-08-23T08:15:38.914Z,28.9,off,,,5
climate.camera_giulia,off,2026-08-23T08:55:49.962Z,28.9,off,,,5
climate.camera_giulia,off,2026-08-23T10:26:15.937Z,29,off,,,5
climate.camera_giulia,off,2026-08-23T11:21:29.794Z,29.1,off,,,5
climate.camera_giulia,off,2026-08-23T11:56:37.976Z,29.1,off,,,5
climate.camera_giulia,off,2026-08-23T12:16:42.927Z,29.1,off,,,5
climate.camera_giulia,off,2026-08-23T12:36:47.977Z,29.1,off,,,5
climate.camera_giulia,off,2026-08-23T13:32:04.849Z,29.2,off,,,5
climate.camera_giulia,off,2026-08-23T14:07:12.937Z,29.2,off,,,5
climate.camera_giulia,off,2026-08-23T14:22:16.820Z,29.2,off,,,5
climate.camera_giulia,off,2026-08-23T14:42:28.780Z,29.2,off,,,5
climate.camera_giulia,off,2026-08-23T14:57:32.290Z,29.3,off,,,5
climate.camera_giulia,off,2026-08-23T15:37:47.928Z,29.3,off,,,5
climate.camera_giulia,off,2026-08-23T16:33:03.842Z,29.3,off,,,5
climate.camera_giulia,off,2026-08-23T16:48:08.007Z,29.4,off,,,5
climate.camera_giulia,off,2026-08-23T17:08:13.916Z,29.3,off,,,5
climate.camera_giulia,off,2026-08-23T17:28:18.985Z,29.3,off,,,5
climate.camera_giulia,off,2026-08-23T17:43:23.802Z,29.4,off,,,5
climate.camera_giulia,off,2026-08-23T18:58:43.013Z,29.3,off,,,5
climate.camera_giulia,off,2026-08-23T19:53:55.801Z,29.3,off,,,5
climate.camera_giulia,off,2026-08-23T20:29:04.921Z,29.3,off,,,5
climate.camera_giulia,off,2026-08-23T21:04:15.805Z,29.3,off,,,5
climate.camera_giulia,off,2026-08-23T21:39:25.960Z,29.3,off,,,5
climate.camera_giulia,off,2026-08-23T22:29:37.984Z,29.3,off,,,5
climate.camera_giulia,off,2026-08-23T22:59:45.997Z,29.3,off,,,5
climate.camera_giulia,off,2026-08-23T23:39:56.912Z,29.2,off,,,5
climate.camera_giulia,off,2026-08-24T00:15:05.785Z,29.2,off,,,5
climate.camera_giulia,off,2026-08-24T00:35:10.862Z,29.2,off,,,5
climate.camera_giulia,off,2026-08-24T00:50:14.992Z,29.2,off,,,5
climate.camera_giulia,off,2026-08-24T02:00:31.917Z,29.2,off,,,5
climate.camera_giulia,off,2026-08-24T02:30:39.936Z,29.1,off,,,5
climate.camera_giulia,off,2026-08-24T04:51:19.919Z,29.1,off,,,5
climate.camera_giulia,off,2026-08-24T05:06:23.833Z,29,off,,,5
climate.camera_giulia,off,2026-08-24T05:41:33.952Z,29,off,,,5
climate.camera_giulia,off,2026-08-24T06:01:39.912Z,29,off,,,5
climate.camera_giulia,off,2026-08-24T06:36:48.818Z,29,off,,,5
climate.camera_giulia,off,2026-08-24T07:27:03.822Z,29,off,,,5
climate.camera_giulia,off,2026-08-24T07:42:07.926Z,29,off,,,5
climate.camera_giulia,off,2026-08-24T08:02:12.966Z,29,off,,,5
climate.camera_giulia,off,2026-08-24T09:27:35.804Z,29.1,off,,,5
climate.camera_giulia,off,2026-08-24T11:33:25.989Z,29.2,off,,,5
climate.camera_giulia,off,2026-08-24T12:23:41.043Z,29.2,off,,,5
climate.camera_giulia,off,2026-08-24T12:58:51.834Z,29.3,off,,,5
climate.camera_giulia,off,2026-08-24T13:18:57.782Z,29.3,off,,,5
climate.camera_giulia,off,2026-08-24T13:54:07.999Z,29.3,off,,,5
climate.camera_giulia,off,2026-08-24T14:29:17.811Z,29.4,off,,,5
climate.camera_giulia,off,2026-08-24T15:24:30.920Z,29.4,off,,,5
climate.camera_giulia,off,2026-08-24T15:59:38.779Z,29.4,off,,,5
climate.camera_giulia,off,2026-08-24T16:39:50.832Z,29.4,off,,,5
climate.camera_giulia,off,2026-08-24T16:59:56.783Z,29.4,off,,,5
climate.camera_giulia,off,2026-08-24T18:45:30.953Z,29.4,off,,,5
climate.camera_giulia,off,2026-08-24T19:05:36.957Z,29.4,off,,,5
climate.camera_giulia,off,2026-08-24T20:36:09.952Z,29.4,off,,,5
climate.camera_giulia,off,2026-08-24T21:31:30.004Z,29.4,off,,,5
climate.camera_giulia,off,2026-08-24T21:51:36.781Z,29.4,off,,,5
climate.camera_giulia,off,2026-08-24T22:11:42.848Z,29.4,off,,,5
climate.camera_giulia,off,2026-08-24T22:31:48.788Z,29.4,off,,,5
climate.camera_giulia,off,2026-08-24T23:42:09.805Z,29.4,off,,,5
climate.camera_giulia,off,2026-08-25T00:12:17.783Z,29.3,off,,,5
climate.camera_giulia,off,2026-08-25T00:27:20.978Z,29.4,off,,,5
climate.camera_giulia,off,2026-08-25T00:47:27.006Z,29.3,off,,,5
climate.camera_giulia,off,2026-08-25T01:02:30.790Z,29.3,off,,,5
climate.camera_giulia,off,2026-08-25T01:22:36.811Z,29.3,off,,,5
climate.camera_giulia,off,2026-08-25T01:37:39.946Z,29.3,off,,,5
climate.camera_giulia,off,2026-08-25T02:17:50.984Z,29.2,off,,,5
climate.camera_giulia,off,2026-08-25T02:32:54.783Z,29.3,off,,,5
climate.camera_giulia,off,2026-08-25T02:52:59.765Z,29.2,off,,,5
climate.camera_giulia,off,2026-08-25T04:08:18.912Z,29.2,off,,,5
climate.camera_giulia,off,2026-08-25T04:58:31.907Z,29.1,off,,,5
climate.camera_giulia,off,2026-08-25T05:18:35.928Z,29.1,off,,,5
climate.camera_giulia,off,2026-08-25T05:53:46.776Z,29.1,off,,,5
climate.camera_giulia,off,2026-08-25T06:08:51.009Z,29.1,off,,,5
climate.camera_giulia,off,2026-08-25T06:28:56.925Z,29.1,off,,,5
climate.camera_giulia,off,2026-08-25T06:43:59.796Z,29,off,,,5
climate.camera_giulia,off,2026-08-25T07:04:04.782Z,29.1,off,,,5
climate.camera_giulia,off,2026-08-25T07:19:07.960Z,29,off,,,5
climate.camera_giulia,off,2026-08-25T07:39:13.932Z,29,off,,,5
climate.camera_giulia,off,2026-08-25T07:54:18.787Z,29,off,,,5
climate.camera_giulia,off,2026-08-25T08:14:23.802Z,29,off,,,5
climate.camera_giulia,off,2026-08-25T08:29:27.919Z,29,off,,,5
climate.camera_giulia,off,2026-08-25T09:09:38.941Z,29,off,,,5
climate.camera_giulia,off,2026-08-25T09:24:43.784Z,28.9,off,,,5
climate.camera_giulia,off,2026-08-25T09:44:48.784Z,28.9,off,,,5
climate.camera_giulia,off,2026-08-25T10:04:54.791Z,29,off,,,5
climate.camera_giulia,off,2026-08-25T10:19:57.975Z,29,off,,,5
climate.camera_giulia,off,2026-08-25T10:55:07.798Z,29,off,,,5
climate.camera_giulia,off,2026-08-25T11:15:13.812Z,29,off,,,5
climate.camera_giulia,off,2026-08-25T11:55:25.804Z,29.1,off,,,5
climate.camera_giulia,off,2026-08-25T12:45:41.787Z,29.1,off,,,5
climate.camera_giulia,off,2026-08-25T13:15:49.791Z,29.1,off,,,5
climate.camera_giulia,off,2026-08-25T13:35:55.786Z,29.2,off,,,5
climate.camera_giulia,off,2026-08-25T13:56:01.798Z,29.2,off,,,5
climate.camera_giulia,off,2026-08-25T14:31:10.917Z,29.2,off,,,5
climate.camera_giulia,off,2026-08-25T15:01:19.008Z,29.3,off,,,5
climate.camera_giulia,off,2026-08-25T15:36:28.771Z,29.3,off,,,5
climate.camera_giulia,off,2026-08-25T16:11:35.963Z,29.3,off,,,5
climate.camera_giulia,off,2026-08-25T16:31:40.920Z,29.3,off,,,5
climate.camera_giulia,off,2026-08-25T17:42:00.974Z,29.3,off,,,5
climate.camera_giulia,off,2026-08-25T19:47:35.795Z,29.2,off,,,5
climate.camera_giulia,off,2026-08-25T20:02:39.910Z,29.3,off,,,5
climate.camera_giulia,off,2026-08-25T20:22:44.949Z,29.2,off,,,5
climate.camera_giulia,off,2026-08-25T20:37:49.771Z,29.3,off,,,5
climate.camera_giulia,off,2026-08-25T20:57:55.784Z,29.2,off,,,5
climate.camera_giulia,off,2026-08-25T21:12:59.906Z,29.2,off,,,5
climate.camera_giulia,off,2026-08-25T21:28:03.798Z,29.2,off,,,5
climate.camera_giulia,off,2026-08-25T21:48:07.742Z,29.2,off,,,5
climate.camera_giulia,off,2026-08-25T22:23:16.943Z,29.2,off,,,5
climate.camera_giulia,off,2026-08-25T22:38:20.759Z,29.2,off,,,5
climate.camera_giulia,off,2026-08-25T23:18:31.768Z,29.2,off,,,5
climate.camera_giulia,off,2026-08-25T23:48:40.781Z,29.2,off,,,5
climate.camera_giulia,off,2026-08-26T00:03:45.014Z,29.2,off,,,5
climate.camera_giulia,off,2026-08-26T00:23:49.976Z,29.2,off,,,5
climate.camera_giulia,off,2026-08-26T00:38:53.757Z,29.2,off,,,5
climate.camera_giulia,off,2026-08-26T00:53:56.915Z,29.1,off,,,5
climate.camera_giulia,off,2026-08-26T01:29:05.803Z,29.1,off,,,5
climate.camera_giulia,off,2026-08-26T01:44:09.936Z,29.1,off,,,5
climate.camera_giulia,off,2026-08-26T03:14:37.942Z,29.1,off,,,5
climate.camera_giulia,off,2026-08-26T03:29:42.775Z,29.1,off,,,5
climate.camera_giulia,off,2026-08-26T03:49:48.790Z,29,off,,,5
climate.camera_giulia,off,2026-08-26T04:04:52.024Z,29,off,,,5
climate.camera_giulia,off,2026-08-26T04:45:04.005Z,29.1,off,,,5
climate.camera_giulia,off,2026-08-26T05:00:08.793Z,29,off,,,5
climate.camera_giulia,off,2026-08-26T05:20:14.788Z,29,off,,,5
climate.camera_giulia,off,2026-08-26T05:40:20.812Z,28.9,off,,,5
climate.camera_giulia,off,2026-08-26T05:55:24.948Z,28.9,off,,,5
climate.camera_giulia,off,2026-08-26T06:15:30.037Z,28.9,off,,,5
climate.camera_giulia,off,2026-08-26T06:30:34.793Z,28.9,off,,,5
climate.camera_giulia,off,2026-08-26T06:45:39.002Z,28.9,off,,,5
climate.camera_giulia,off,2026-08-26T07:05:44.933Z,28.9,off,,,5
climate.camera_giulia,off,2026-08-26T07:25:50.969Z,28.9,off,,,5
climate.camera_giulia,off,2026-08-26T07:40:55.781Z,28.9,off,,,5
climate.camera_giulia,off,2026-08-26T08:01:01.814Z,28.9,off,,,5
climate.camera_giulia,off,2026-08-26T08:36:11.988Z,29,off,,,5
climate.camera_giulia,off,2026-08-26T09:11:22.809Z,28.9,off,,,5
climate.camera_giulia,off,2026-08-26T09:26:26.994Z,29,off,,,5
climate.camera_giulia,off,2026-08-26T10:01:37.799Z,29,off,,,5
climate.camera_giulia,off,2026-08-26T11:11:57.834Z,29,off,,,5
climate.camera_giulia,off,2026-08-26T11:42:06.801Z,29.1,off,,,5
climate.camera_giulia,off,2026-08-26T12:02:41.838Z,29,off,,,5
climate.camera_giulia,off,2026-08-26T12:17:45.999Z,29.1,off,,,5
climate.camera_giulia,off,2026-08-26T12:38:06.040Z,29.1,off,,,5
climate.camera_giulia,off,2026-08-26T12:53:10.801Z,29.1,off,,,5
climate.camera_giulia,off,2026-08-26T13:08:14.937Z,29.1,off,,,5
sensor.camera_g_temperatura,20.648351667994444,2025-12-31T23:00:00.000Z
sensor.camera_g_temperatura,20.395887483027778,2026-01-01T00:00:00.000Z
sensor.camera_g_temperatura,20.31758252047222,2026-01-01T01:00:00.000Z
sensor.camera_g_temperatura,20.458781218933336,2026-01-01T02:00:00.000Z
sensor.camera_g_temperatura,20.733397343916668,2026-01-01T03:00:00.000Z
sensor.camera_g_temperatura,20.853677827941667,2026-01-01T04:00:00.000Z
sensor.camera_g_temperatura,21.041312899669446,2026-01-01T05:00:00.000Z
sensor.camera_g_temperatura,21.179249031658333,2026-01-01T06:00:00.000Z
sensor.camera_g_temperatura,21.31002351713889,2026-01-01T07:00:00.000Z
sensor.camera_g_temperatura,21.339933377416667,2026-01-01T08:00:00.000Z
sensor.camera_g_temperatura,21.389625800011114,2026-01-01T09:00:00.000Z
sensor.camera_g_temperatura,21.534243491866665,2026-01-01T10:00:00.000Z
sensor.camera_g_temperatura,21.580501903336113,2026-01-01T11:00:00.000Z
sensor.camera_g_temperatura,21.375136623116664,2026-01-01T12:00:00.000Z
sensor.camera_g_temperatura,21.51946906129167,2026-01-01T13:00:00.000Z
sensor.camera_g_temperatura,21.73826538492222,2026-01-01T14:00:00.000Z
sensor.camera_g_temperatura,21.69804907314722,2026-01-01T15:00:00.000Z
sensor.camera_g_temperatura,21.85249903756667,2026-01-01T16:00:00.000Z
sensor.camera_g_temperatura,22.11962135841111,2026-01-01T17:00:00.000Z
sensor.camera_g_temperatura,22.722746322880557,2026-01-01T18:00:00.000Z
sensor.camera_g_temperatura,22.904929507880556,2026-01-01T19:00:00.000Z
sensor.camera_g_temperatura,22.728628255252776,2026-01-01T20:00:00.000Z
sensor.camera_g_temperatura,22.408076328655554,2026-01-01T21:00:00.000Z
sensor.camera_g_temperatura,21.008484933047225,2026-01-01T22:00:00.000Z
sensor.camera_g_temperatura,19.752169215861112,2026-01-01T23:00:00.000Z
sensor.camera_g_temperatura,18.845629245711113,2026-01-02T00:00:00.000Z
sensor.camera_g_temperatura,18.21482021354722,2026-01-02T01:00:00.000Z
sensor.camera_g_temperatura,17.852680981080557,2026-01-02T02:00:00.000Z
sensor.camera_g_temperatura,17.555877350108332,2026-01-02T03:00:00.000Z
sensor.camera_g_temperatura,18.70425556058611,2026-01-02T04:00:00.000Z
sensor.camera_g_temperatura,21.259418728844445,2026-01-02T05:00:00.000Z
sensor.camera_g_temperatura,21.769860696825003,2026-01-02T06:00:00.000Z
sensor.camera_g_temperatura,21.63677510223611,2026-01-02T07:00:00.000Z
sensor.camera_g_temperatura,21.83027429813889,2026-01-02T08:00:00.000Z
sensor.camera_g_temperatura,21.82558706041111,2026-01-02T09:00:00.000Z
sensor.camera_g_temperatura,21.426695037733335,2026-01-02T10:00:00.000Z
sensor.camera_g_temperatura,20.384078629894443,2026-01-02T11:00:00.000Z
sensor.camera_g_temperatura,20.763528429241667,2026-01-02T12:00:00.000Z
sensor.camera_g_temperatura,21.603183198277776,2026-01-02T13:00:00.000Z
sensor.camera_g_temperatura,22.18416747236944,2026-01-02T14:00:00.000Z
sensor.camera_g_temperatura,22.511122497372224,2026-01-02T15:00:00.000Z
sensor.camera_g_temperatura,22.50683048160278,2026-01-02T16:00:00.000Z
sensor.camera_g_temperatura,22.489884088416662,2026-01-02T17:00:00.000Z
sensor.camera_g_temperatura,22.5079622202,2026-01-02T18:00:00.000Z
sensor.camera_g_temperatura,22.54458750043611,2026-01-02T19:00:00.000Z
sensor.camera_g_temperatura,22.494138053750003,2026-01-02T20:00:00.000Z
sensor.camera_g_temperatura,22.134932185958334,2026-01-02T21:00:00.000Z
sensor.camera_g_temperatura,20.522672405650003,2026-01-02T22:00:00.000Z
sensor.camera_g_temperatura,19.13726100563333,2026-01-02T23:00:00.000Z
sensor.camera_g_temperatura,18.399259087380553,2026-01-03T00:00:00.000Z
sensor.camera_g_temperatura,17.94664032633889,2026-01-03T01:00:00.000Z
sensor.camera_g_temperatura,17.649331755183333,2026-01-03T02:00:00.000Z
sensor.camera_g_temperatura,17.37113640962222,2026-01-03T03:00:00.000Z
sensor.camera_g_temperatura,17.469158531894447,2026-01-03T04:00:00.000Z
sensor.camera_g_temperatura,18.858510197319443,2026-01-03T05:00:00.000Z
sensor.camera_g_temperatura,19.779680463755554,2026-01-03T06:00:00.000Z
sensor.camera_g_temperatura,21.470839128719444,2026-01-03T07:00:00.000Z
sensor.camera_g_temperatura,21.62005071962778,2026-01-03T08:00:00.000Z
sensor.camera_g_temperatura,21.624373304155554,2026-01-03T09:00:00.000Z
sensor.camera_g_temperatura,21.84297179918333,2026-01-03T10:00:00.000Z
sensor.camera_g_temperatura,21.941811176516666,2026-01-03T11:00:00.000Z
sensor.camera_g_temperatura,22.016272977274998,2026-01-03T12:00:00.000Z
sensor.camera_g_temperatura,22.286081180916668,2026-01-03T13:00:00.000Z
sensor.camera_g_temperatura,22.36346003478889,2026-01-03T14:00:00.000Z
sensor.camera_g_temperatura,22.465726755033334,2026-01-03T15:00:00.000Z
sensor.camera_g_temperatura,22.5906929487,2026-01-03T16:00:00.000Z
sensor.camera_g_temperatura,22.58807966891389,2026-01-03T17:00:00.000Z
sensor.camera_g_temperatura,22.547243963575,2026-01-03T18:00:00.000Z
sensor.camera_g_temperatura,22.50449869191111,2026-01-03T19:00:00.000Z
sensor.camera_g_temperatura,21.22301905882222,2026-01-03T20:00:00.000Z
sensor.camera_g_temperatura,19.677686779113888,2026-01-03T21:00:00.000Z
sensor.camera_g_temperatura,18.730901176830553,2026-01-03T22:00:00.000Z
sensor.camera_g_temperatura,18.180888938108332,2026-01-03T23:00:00.000Z
sensor.camera_g_temperatura,17.76842345334722,2026-01-04T00:00:00.000Z
sensor.camera_g_temperatura,17.431361805283334,2026-01-04T01:00:00.000Z
sensor.camera_g_temperatura,18.128437869302775,2026-01-04T02:00:00.000Z
sensor.camera_g_temperatura,18.431595345616667,2026-01-04T03:00:00.000Z
sensor.camera_g_temperatura,17.732319015805555,2026-01-04T04:00:00.000Z
sensor.camera_g_temperatura,18.143355393961112,2026-01-04T05:00:00.000Z
sensor.camera_g_temperatura,19.519700190197224,2026-01-04T06:00:00.000Z
sensor.camera_g_temperatura,20.98130017101111,2026-01-04T07:00:00.000Z
sensor.camera_g_temperatura,21.614370693050002,2026-01-04T08:00:00.000Z
sensor.camera_g_temperatura,21.878067172633337,2026-01-04T09:00:00.000Z
sensor.camera_g_temperatura,22.018193885758333,2026-01-04T10:00:00.000Z
sensor.camera_g_temperatura,22.204943165869448,2026-01-04T11:00:00.000Z
sensor.camera_g_temperatura,22.30532569231389,2026-01-04T12:00:00.000Z
sensor.camera_g_temperatura,22.55663819395833,2026-01-04T13:00:00.000Z
sensor.camera_g_temperatura,22.552183110125,2026-01-04T14:00:00.000Z
sensor.camera_g_temperatura,22.479935672780556,2026-01-04T15:00:00.000Z
sensor.camera_g_temperatura,23.01701582197778,2026-01-04T16:00:00.000Z
sensor.camera_g_temperatura,23.178009172044444,2026-01-04T17:00:00.000Z
sensor.camera_g_temperatura,23.147110431936113,2026-01-04T18:00:00.000Z
sensor.camera_g_temperatura,22.970342322008335,2026-01-04T19:00:00.000Z
sensor.camera_g_temperatura,22.956126844736108,2026-01-04T20:00:00.000Z
sensor.camera_g_temperatura,22.636838786694444,2026-01-04T21:00:00.000Z
sensor.camera_g_temperatura,20.845630194741666,2026-01-04T22:00:00.000Z
sensor.camera_g_temperatura,19.544781986566665,2026-01-04T23:00:00.000Z
sensor.camera_g_temperatura,18.705196443316666,2026-01-05T00:00:00.000Z
sensor.camera_g_temperatura,18.096410314238888,2026-01-05T01:00:00.000Z
sensor.camera_g_temperatura,17.640358186894446,2026-01-05T02:00:00.000Z
sensor.camera_g_temperatura,17.487131652083335,2026-01-05T03:00:00.000Z
sensor.camera_g_temperatura,18.626670459438888,2026-01-05T04:00:00.000Z
sensor.camera_g_temperatura,18.589088610633333,2026-01-05T05:00:00.000Z
sensor.camera_g_temperatura,20.84158497571389,2026-01-05T06:00:00.000Z
sensor.camera_g_temperatura,21.8177211385,2026-01-05T07:00:00.000Z
sensor.camera_g_temperatura,22.23832828165278,2026-01-05T08:00:00.000Z
sensor.camera_g_temperatura,22.12207536958333,2026-01-05T09:00:00.000Z
sensor.camera_g_temperatura,20.836242143144442,2026-01-05T10:00:00.000Z
sensor.camera_g_temperatura,19.34164905148611,2026-01-05T11:00:00.000Z
sensor.camera_g_temperatura,18.535423170733335,2026-01-05T12:00:00.000Z
sensor.camera_g_temperatura,18.229592835655556,2026-01-05T13:00:00.000Z
sensor.camera_g_temperatura,18.010322864352776,2026-01-05T14:00:00.000Z
sensor.camera_g_temperatura,18.334134108066667,2026-01-05T15:00:00.000Z
sensor.camera_g_temperatura,21.089669817655558,2026-01-05T16:00:00.000Z
sensor.camera_g_temperatura,21.749272077805557,2026-01-05T17:00:00.000Z
sensor.camera_g_temperatura,22.186861089416666,2026-01-05T18:00:00.000Z
sensor.camera_g_temperatura,22.427474297355555,2026-01-05T19:00:00.000Z
sensor.camera_g_temperatura,22.489879581761112,2026-01-05T20:00:00.000Z
sensor.camera_g_temperatura,22.196914999180553,2026-01-05T21:00:00.000Z
sensor.camera_g_temperatura,20.70571010208889,2026-01-05T22:00:00.000Z
sensor.camera_g_temperatura,19.228291769624242,2026-01-05T23:00:00.000Z
sensor.camera_g_temperatura,18.379842167966668,2026-01-06T00:00:00.000Z
sensor.camera_g_temperatura,17.826398033808335,2026-01-06T01:00:00.000Z
sensor.camera_g_temperatura,17.438345519241665,2026-01-06T02:00:00.000Z
sensor.camera_g_temperatura,18.268307412377776,2026-01-06T03:00:00.000Z
sensor.camera_g_temperatura,18.487446776983333,2026-01-06T04:00:00.000Z
sensor.camera_g_temperatura,19.37209107576111,2026-01-06T05:00:00.000Z
sensor.camera_g_temperatura,21.130473866272222,2026-01-06T06:00:00.000Z
sensor.camera_g_temperatura,21.805921046266665,2026-01-06T07:00:00.000Z
sensor.camera_g_temperatura,22.199923739341667,2026-01-06T08:00:00.000Z
sensor.camera_g_temperatura,22.358536405016668,2026-01-06T09:00:00.000Z
sensor.camera_g_temperatura,22.009913483830555,2026-01-06T10:00:00.000Z
sensor.camera_g_temperatura,20.980365554591668,2026-01-06T11:00:00.000Z
sensor.camera_g_temperatura,20.82447241391111,2026-01-06T12:00:00.000Z
sensor.camera_g_temperatura,21.93822864345,2026-01-06T13:00:00.000Z
sensor.camera_g_temperatura,22.129802160380553,2026-01-06T14:00:00.000Z
sensor.camera_g_temperatura,21.488921835758333,2026-01-06T15:00:00.000Z
sensor.camera_g_temperatura,20.872052623561114,2026-01-06T16:00:00.000Z
sensor.camera_g_temperatura,20.649294798055557,2026-01-06T17:00:00.000Z
sensor.camera_g_temperatura,20.53651075773611,2026-01-06T18:00:00.000Z
sensor.camera_g_temperatura,20.51760974762222,2026-01-06T19:00:00.000Z
sensor.camera_g_temperatura,20.568896728525,2026-01-06T20:00:00.000Z
sensor.camera_g_temperatura,19.816828565491665,2026-01-06T21:00:00.000Z
sensor.camera_g_temperatura,18.714118054552777,2026-01-06T22:00:00.000Z
sensor.camera_g_temperatura,18.091007290674998,2026-01-06T23:00:00.000Z
sensor.camera_g_temperatura,17.780599674725,2026-01-07T00:00:00.000Z
sensor.camera_g_temperatura,17.552501258244444,2026-01-07T01:00:00.000Z
sensor.camera_g_temperatura,17.40153239858611,2026-01-07T02:00:00.000Z
sensor.camera_g_temperatura,17.859205259872223,2026-01-07T03:00:00.000Z
sensor.camera_g_temperatura,17.607026682380557,2026-01-07T04:00:00.000Z
sensor.camera_g_temperatura,17.89124325985833,2026-01-07T05:00:00.000Z
sensor.camera_g_temperatura,18.871877965924998,2026-01-07T06:00:00.000Z
sensor.camera_g_temperatura,19.178122803955556,2026-01-07T07:00:00.000Z
sensor.camera_g_temperatura,19.513260774897223,2026-01-07T08:00:00.000Z
sensor.camera_g_temperatura,19.784251941947222,2026-01-07T09:00:00.000Z
sensor.camera_g_temperatura,19.853742939358334,2026-01-07T10:00:00.000Z
sensor.camera_g_temperatura,19.96181965136111,2026-01-07T11:00:00.000Z
sensor.camera_g_temperatura,20.106877778641667,2026-01-07T12:00:00.000Z
sensor.camera_g_temperatura,20.44080644988889,2026-01-07T13:00:00.000Z
sensor.camera_g_temperatura,20.835892331338886,2026-01-07T14:00:00.000Z
sensor.camera_g_temperatura,20.784466469825002,2026-01-07T15:00:00.000Z
sensor.camera_g_temperatura,20.57197224686111,2026-01-07T16:00:00.000Z
sensor.camera_g_temperatura,20.409650185369447,2026-01-07T17:00:00.000Z
sensor.camera_g_temperatura,20.26826200608889,2026-01-07T18:00:00.000Z
sensor.camera_g_temperatura,20.39884668736389,2026-01-07T19:00:00.000Z
sensor.camera_g_temperatura,20.504364985880553,2026-01-07T20:00:00.000Z
sensor.camera_g_temperatura,20.360077195958333,2026-01-07T21:00:00.000Z
sensor.camera_g_temperatura,19.477520140863888,2026-01-07T22:00:00.000Z
sensor.camera_g_temperatura,18.431000505205557,2026-01-07T23:00:00.000Z
sensor.camera_g_temperatura,17.7863206634,2026-01-08T00:00:00.000Z
sensor.camera_g_temperatura,17.345546694922223,2026-01-08T01:00:00.000Z
sensor.camera_g_temperatura,17.375165089630556,2026-01-08T02:00:00.000Z
sensor.camera_g_temperatura,17.551402427455557,2026-01-08T03:00:00.000Z
sensor.camera_g_temperatura,17.187226057527777,2026-01-08T04:00:00.000Z
sensor.camera_g_temperatura,17.678138247530555,2026-01-08T05:00:00.000Z
sensor.camera_g_temperatura,18.75437490133611,2026-01-08T06:00:00.000Z
sensor.camera_g_temperatura,19.291953056666667,2026-01-08T07:00:00.000Z
sensor.camera_g_temperatura,19.550514448316665,2026-01-08T08:00:00.000Z
sensor.camera_g_temperatura,19.958694875319445,2026-01-08T09:00:00.000Z
sensor.camera_g_temperatura,20.150062275247222,2026-01-08T10:00:00.000Z
sensor.camera_g_temperatura,20.13419155278611,2026-01-08T11:00:00.000Z
sensor.camera_g_temperatura,20.119544256666668,2026-01-08T12:00:00.000Z
sensor.camera_g_temperatura,20.170986929322222,2026-01-08T13:00:00.000Z
sensor.camera_g_temperatura,20.287477584483334,2026-01-08T14:00:00.000Z
sensor.camera_g_temperatura,20.32894266599722,2026-01-08T15:00:00.000Z
sensor.camera_g_temperatura,20.27,2026-01-08T16:00:00.000Z
sensor.camera_g_temperatura,20.17204533311111,2026-01-08T17:00:00.000Z
sensor.camera_g_temperatura,20.119632476394447,2026-01-08T18:00:00.000Z
sensor.camera_g_temperatura,20.122021608233332,2026-01-08T19:00:00.000Z
sensor.camera_g_temperatura,20.34177448956389,2026-01-08T20:00:00.000Z
sensor.camera_g_temperatura,20.243675898025,2026-01-08T21:00:00.000Z
sensor.camera_g_temperatura,19.40842842938611,2026-01-08T22:00:00.000Z
sensor.camera_g_temperatura,18.728660691802776,2026-01-08T23:00:00.000Z
sensor.camera_g_temperatura,18.044903672352778,2026-01-09T00:00:00.000Z
sensor.camera_g_temperatura,17.664258759497223,2026-01-09T01:00:00.000Z
sensor.camera_g_temperatura,17.372468928991665,2026-01-09T02:00:00.000Z
sensor.camera_g_temperatura,17.341376663947223,2026-01-09T03:00:00.000Z
sensor.camera_g_temperatura,17.764608210191668,2026-01-09T04:00:00.000Z
sensor.camera_g_temperatura,17.371878201380557,2026-01-09T05:00:00.000Z
sensor.camera_g_temperatura,18.522486712466666,2026-01-09T06:00:00.000Z
sensor.camera_g_temperatura,19.19664868968611,2026-01-09T07:00:00.000Z
sensor.camera_g_temperatura,19.441141694647225,2026-01-09T08:00:00.000Z
sensor.camera_g_temperatura,19.739217101977776,2026-01-09T09:00:00.000Z
sensor.camera_g_temperatura,19.61715725546389,2026-01-09T10:00:00.000Z
sensor.camera_g_temperatura,19.565364801250002,2026-01-09T11:00:00.000Z
sensor.camera_g_temperatura,19.505473454425,2026-01-09T12:00:00.000Z
sensor.camera_g_temperatura,19.496505633572223,2026-01-09T13:00:00.000Z
sensor.camera_g_temperatura,19.641019150652777,2026-01-09T14:00:00.000Z
sensor.camera_g_temperatura,19.909051677619445,2026-01-09T15:00:00.000Z
sensor.camera_g_temperatura,19.822055819333332,2026-01-09T16:00:00.000Z
sensor.camera_g_temperatura,19.87313217338889,2026-01-09T17:00:00.000Z
sensor.camera_g_temperatura,19.937722636722224,2026-01-09T18:00:00.000Z
sensor.camera_g_temperatura,19.921478750313888,2026-01-09T19:00:00.000Z
sensor.camera_g_temperatura,19.965618938052778,2026-01-09T20:00:00.000Z
sensor.camera_g_temperatura,19.813788150799997,2026-01-09T21:00:00.000Z
sensor.camera_g_temperatura,18.75748741877222,2026-01-09T22:00:00.000Z
sensor.camera_g_temperatura,18.1125645148,2026-01-09T23:00:00.000Z
sensor.camera_g_temperatura,17.635673860219445,2026-01-10T00:00:00.000Z
sensor.camera_g_temperatura,17.369660481391666,2026-01-10T01:00:00.000Z
sensor.camera_g_temperatura,17.36572910008611,2026-01-10T02:00:00.000Z
sensor.camera_g_temperatura,17.721171654272222,2026-01-10T03:00:00.000Z
sensor.camera_g_temperatura,17.4102456814,2026-01-10T04:00:00.000Z
sensor.camera_g_temperatura,17.589503171666667,2026-01-10T05:00:00.000Z
sensor.camera_g_temperatura,17.358022052688888,2026-01-10T06:00:00.000Z
sensor.camera_g_temperatura,17.800851532183334,2026-01-10T07:00:00.000Z
sensor.camera_g_temperatura,18.688809041230556,2026-01-10T08:00:00.000Z
sensor.camera_g_temperatura,19.091052611925,2026-01-10T09:00:00.000Z
sensor.camera_g_temperatura,19.313744296058335,2026-01-10T10:00:00.000Z
sensor.camera_g_temperatura,19.677043165802775,2026-01-10T11:00:00.000Z
sensor.camera_g_temperatura,20.09367041643889,2026-01-10T12:00:00.000Z
sensor.camera_g_temperatura,20.414544091327777,2026-01-10T13:00:00.000Z
sensor.camera_g_temperatura,20.754707581052777,2026-01-10T14:00:00.000Z
sensor.camera_g_temperatura,21.046523714175,2026-01-10T15:00:00.000Z
sensor.camera_g_temperatura,20.97995105983611,2026-01-10T16:00:00.000Z
sensor.camera_g_temperatura,20.796879553666667,2026-01-10T17:00:00.000Z
sensor.camera_g_temperatura,20.525100586972222,2026-01-10T18:00:00.000Z
sensor.camera_g_temperatura,20.456299883013887,2026-01-10T19:00:00.000Z
sensor.camera_g_temperatura,20.348500307244446,2026-01-10T20:00:00.000Z
sensor.camera_g_temperatura,20.287068247233332,2026-01-10T21:00:00.000Z
sensor.camera_g_temperatura,19.5129153614,2026-01-10T22:00:00.000Z
sensor.camera_g_temperatura,18.700514508094447,2026-01-10T23:00:00.000Z
sensor.camera_g_temperatura,18.301165713061113,2026-01-11T00:00:00.000Z
sensor.camera_g_temperatura,18.027718572566666,2026-01-11T01:00:00.000Z
sensor.camera_g_temperatura,17.762435440655555,2026-01-11T02:00:00.000Z
sensor.camera_g_temperatura,17.555516509777778,2026-01-11T03:00:00.000Z
sensor.camera_g_temperatura,17.69394992286389,2026-01-11T04:00:00.000Z
sensor.camera_g_temperatura,17.50111042501111,2026-01-11T05:00:00.000Z
sensor.camera_g_temperatura,17.452711762552777,2026-01-11T06:00:00.000Z
sensor.camera_g_temperatura,18.40786077166111,2026-01-11T07:00:00.000Z
sensor.camera_g_temperatura,19.189851013577776,2026-01-11T08:00:00.000Z
sensor.camera_g_temperatura,19.58092805566111,2026-01-11T09:00:00.000Z
sensor.camera_g_temperatura,20.080910382705557,2026-01-11T10:00:00.000Z
sensor.camera_g_temperatura,20.861331856499998,2026-01-11T11:00:00.000Z
sensor.camera_g_temperatura,21.94576375941111,2026-01-11T12:00:00.000Z
sensor.camera_g_temperatura,22.507501718741665,2026-01-11T13:00:00.000Z
sensor.camera_g_temperatura,22.447496236819443,2026-01-11T14:00:00.000Z
sensor.camera_g_temperatura,22.531074065491666,2026-01-11T15:00:00.000Z
sensor.camera_g_temperatura,22.820190868844445,2026-01-11T16:00:00.000Z
sensor.camera_g_temperatura,22.785980283775,2026-01-11T17:00:00.000Z
sensor.camera_g_temperatura,22.517892989897224,2026-01-11T18:00:00.000Z
sensor.camera_g_temperatura,22.09583168416667,2026-01-11T19:00:00.000Z
sensor.camera_g_temperatura,21.8234517376,2026-01-11T20:00:00.000Z
sensor.camera_g_temperatura,21.501631182936112,2026-01-11T21:00:00.000Z
sensor.camera_g_temperatura,20.7921265608,2026-01-11T22:00:00.000Z
sensor.camera_g_temperatura,19.86469138073889,2026-01-11T23:00:00.000Z
sensor.camera_g_temperatura,19.11759705735,2026-01-12T00:00:00.000Z
sensor.camera_g_temperatura,18.677251346341667,2026-01-12T01:00:00.000Z
sensor.camera_g_temperatura,18.39359228262778,2026-01-12T02:00:00.000Z
sensor.camera_g_temperatura,18.170527368316666,2026-01-12T03:00:00.000Z
sensor.camera_g_temperatura,17.968923661319444,2026-01-12T04:00:00.000Z
sensor.camera_g_temperatura,17.99628585207778,2026-01-12T05:00:00.000Z
sensor.camera_g_temperatura,19.89075353516389,2026-01-12T06:00:00.000Z
sensor.camera_g_temperatura,20.583118871788887,2026-01-12T07:00:00.000Z
sensor.camera_g_temperatura,20.655381733966667,2026-01-12T08:00:00.000Z
sensor.camera_g_temperatura,20.206832630433333,2026-01-12T09:00:00.000Z
sensor.camera_g_temperatura,19.415209315075,2026-01-12T10:00:00.000Z
sensor.camera_g_temperatura,18.9921164036,2026-01-12T11:00:00.000Z
sensor.camera_g_temperatura,18.812609924130555,2026-01-12T12:00:00.000Z
sensor.camera_g_temperatura,19.203878217058335,2026-01-12T13:00:00.000Z
sensor.camera_g_temperatura,19.493928220961113,2026-01-12T14:00:00.000Z
sensor.camera_g_temperatura,19.47848005921389,2026-01-12T15:00:00.000Z
sensor.camera_g_temperatura,20.35446781857222,2026-01-12T16:00:00.000Z
sensor.camera_g_temperatura,20.609900691383334,2026-01-12T17:00:00.000Z
sensor.camera_g_temperatura,20.789321108269444,2026-01-12T18:00:00.000Z
sensor.camera_g_temperatura,20.64350711531111,2026-01-12T19:00:00.000Z
sensor.camera_g_temperatura,20.765403245722222,2026-01-12T20:00:00.000Z
sensor.camera_g_temperatura,20.623396110855555,2026-01-12T21:00:00.000Z
sensor.camera_g_temperatura,19.819542851925,2026-01-12T22:00:00.000Z
sensor.camera_g_temperatura,18.93813914000278,2026-01-12T23:00:00.000Z
sensor.camera_g_temperatura,18.50149791975,2026-01-13T00:00:00.000Z
sensor.camera_g_temperatura,18.23572516815,2026-01-13T01:00:00.000Z
sensor.camera_g_temperatura,18.01680742294722,2026-01-13T02:00:00.000Z
sensor.camera_g_temperatura,17.87810270621111,2026-01-13T03:00:00.000Z
sensor.camera_g_temperatura,17.761712512341667,2026-01-13T04:00:00.000Z
sensor.camera_g_temperatura,17.796831075716668,2026-01-13T05:00:00.000Z
sensor.camera_g_temperatura,19.498599924613888,2026-01-13T06:00:00.000Z
sensor.camera_g_temperatura,19.968973246761113,2026-01-13T07:00:00.000Z
sensor.camera_g_temperatura,19.95948490142778,2026-01-13T08:00:00.000Z
sensor.camera_g_temperatura,19.704466840830555,2026-01-13T09:00:00.000Z
sensor.camera_g_temperatura,19.04981289818889,2026-01-13T10:00:00.000Z
sensor.camera_g_temperatura,18.459591784019445,2026-01-13T11:00:00.000Z
sensor.camera_g_temperatura,18.15183987226111,2026-01-13T12:00:00.000Z
sensor.camera_g_temperatura,18.80272374223611,2026-01-13T13:00:00.000Z
sensor.camera_g_temperatura,19.271413291197224,2026-01-13T14:00:00.000Z
sensor.camera_g_temperatura,19.61400220422222,2026-01-13T15:00:00.000Z
sensor.camera_g_temperatura,19.914201976947222,2026-01-13T16:00:00.000Z
sensor.camera_g_temperatura,20.533298721005554,2026-01-13T17:00:00.000Z
sensor.camera_g_temperatura,20.795539222077778,2026-01-13T18:00:00.000Z
sensor.camera_g_temperatura,21.10007190610556,2026-01-13T19:00:00.000Z
sensor.camera_g_temperatura,21.28032897315278,2026-01-13T20:00:00.000Z
sensor.camera_g_temperatura,21.234824085261113,2026-01-13T21:00:00.000Z
sensor.camera_g_temperatura,20.55230192627222,2026-01-13T22:00:00.000Z
sensor.camera_g_temperatura,19.86440851975833,2026-01-13T23:00:00.000Z
sensor.camera_g_temperatura,19.156364242036112,2026-01-14T00:00:00.000Z
sensor.camera_g_temperatura,18.706210846769444,2026-01-14T01:00:00.000Z
sensor.camera_g_temperatura,18.425558855675,2026-01-14T02:00:00.000Z
sensor.camera_g_temperatura,18.21083544465,2026-01-14T03:00:00.000Z
sensor.camera_g_temperatura,18.03234929613889,2026-01-14T04:00:00.000Z
sensor.camera_g_temperatura,17.968203558888888,2026-01-14T05:00:00.000Z
sensor.camera_g_temperatura,19.53776648644722,2026-01-14T06:00:00.000Z
sensor.camera_g_temperatura,20.15652642971111,2026-01-14T07:00:00.000Z
sensor.camera_g_temperatura,20.30625830309722,2026-01-14T08:00:00.000Z
sensor.camera_g_temperatura,19.905265606044445,2026-01-14T09:00:00.000Z
sensor.camera_g_temperatura,19.229678894463888,2026-01-14T10:00:00.000Z
sensor.camera_g_temperatura,18.625476757819445,2026-01-14T11:00:00.000Z
sensor.camera_g_temperatura,18.273471551297224,2026-01-14T12:00:00.000Z
sensor.camera_g_temperatura,18.369283295733336,2026-01-14T13:00:00.000Z
sensor.camera_g_temperatura,18.626337583069443,2026-01-14T14:00:00.000Z
sensor.camera_g_temperatura,18.869131091894445,2026-01-14T15:00:00.000Z
sensor.camera_g_temperatura,19.991664231125,2026-01-14T16:00:00.000Z
sensor.camera_g_temperatura,20.258818761802775,2026-01-14T17:00:00.000Z
sensor.camera_g_temperatura,20.297064394675,2026-01-14T18:00:00.000Z
sensor.camera_g_temperatura,20.518904936952776,2026-01-14T19:00:00.000Z
sensor.camera_g_temperatura,20.719257612075,2026-01-14T20:00:00.000Z
sensor.camera_g_temperatura,20.400064434952778,2026-01-14T21:00:00.000Z
sensor.camera_g_temperatura,19.71681664666667,2026-01-14T22:00:00.000Z
sensor.camera_g_temperatura,19.106694129530556,2026-01-14T23:00:00.000Z
sensor.camera_g_temperatura,18.456346796719444,2026-01-15T00:00:00.000Z
sensor.camera_g_temperatura,18.035528812533332,2026-01-15T01:00:00.000Z
sensor.camera_g_temperatura,17.75640359265,2026-01-15T02:00:00.000Z
sensor.camera_g_temperatura,17.60727540956389,2026-01-15T03:00:00.000Z
sensor.camera_g_temperatura,17.499984317680557,2026-01-15T04:00:00.000Z
sensor.camera_g_temperatura,17.527477086205554,2026-01-15T05:00:00.000Z
sensor.camera_g_temperatura,18.89933161652778,2026-01-15T06:00:00.000Z
sensor.camera_g_temperatura,19.590076018774997,2026-01-15T07:00:00.000Z
sensor.camera_g_temperatura,20.066571273344444,2026-01-15T08:00:00.000Z
sensor.camera_g_temperatura,20.234769937169442,2026-01-15T09:00:00.000Z
sensor.camera_g_temperatura,20.358297091875,2026-01-15T10:00:00.000Z
sensor.camera_g_temperatura,20.430136755086114,2026-01-15T11:00:00.000Z
sensor.camera_g_temperatura,20.45810149775,2026-01-15T12:00:00.000Z
sensor.camera_g_temperatura,20.439730903194445,2026-01-15T13:00:00.000Z
sensor.camera_g_temperatura,20.482624088438886,2026-01-15T14:00:00.000Z
sensor.camera_g_temperatura,20.566685807669444,2026-01-15T15:00:00.000Z
sensor.camera_g_temperatura,20.617458555644443,2026-01-15T16:00:00.000Z
sensor.camera_g_temperatura,20.618620061855555,2026-01-15T17:00:00.000Z
sensor.camera_g_temperatura,20.697314004463887,2026-01-15T18:00:00.000Z
sensor.camera_g_temperatura,20.787338645641665,2026-01-15T19:00:00.000Z
sensor.camera_g_temperatura,20.879178411599998,2026-01-15T20:00:00.000Z
sensor.camera_g_temperatura,20.674658638175,2026-01-15T21:00:00.000Z
sensor.camera_g_temperatura,20.017309036577778,2026-01-15T22:00:00.000Z
sensor.camera_g_temperatura,19.28070702141389,2026-01-15T23:00:00.000Z
sensor.camera_g_temperatura,18.789487867338888,2026-01-16T00:00:00.000Z
sensor.camera_g_temperatura,18.563754326749997,2026-01-16T01:00:00.000Z
sensor.camera_g_temperatura,18.360060786450003,2026-01-16T02:00:00.000Z
sensor.camera_g_temperatura,18.197773369369443,2026-01-16T03:00:00.000Z
sensor.camera_g_temperatura,18.093801323430554,2026-01-16T04:00:00.000Z
sensor.camera_g_temperatura,18.105275656594443,2026-01-16T05:00:00.000Z
sensor.camera_g_temperatura,19.748530059322224,2026-01-16T06:00:00.000Z
sensor.camera_g_temperatura,20.37385203616111,2026-01-16T07:00:00.000Z
sensor.camera_g_temperatura,20.360750660641667,2026-01-16T08:00:00.000Z
sensor.camera_g_temperatura,20.39548004010278,2026-01-16T09:00:00.000Z
sensor.camera_g_temperatura,20.237732483530557,2026-01-16T10:00:00.000Z
sensor.camera_g_temperatura,19.96788096696389,2026-01-16T11:00:00.000Z
sensor.camera_g_temperatura,19.255640721497223,2026-01-16T12:00:00.000Z
sensor.camera_g_temperatura,18.752711430105556,2026-01-16T13:00:00.000Z
sensor.camera_g_temperatura,19.45089781303611,2026-01-16T14:00:00.000Z
sensor.camera_g_temperatura,19.887893320516667,2026-01-16T15:00:00.000Z
sensor.camera_g_temperatura,20.20340095177222,2026-01-16T16:00:00.000Z
sensor.camera_g_temperatura,20.37264619153611,2026-01-16T17:00:00.000Z
sensor.camera_g_temperatura,20.57390060661111,2026-01-16T18:00:00.000Z
sensor.camera_g_temperatura,20.953494553719445,2026-01-16T19:00:00.000Z
sensor.camera_g_temperatura,21.371863309549997,2026-01-16T20:00:00.000Z
sensor.camera_g_temperatura,21.49650222221111,2026-01-16T21:00:00.000Z
sensor.camera_g_temperatura,20.71377172391389,2026-01-16T22:00:00.000Z
sensor.camera_g_temperatura,20.03166785312778,2026-01-16T23:00:00.000Z
sensor.camera_g_temperatura,19.481683108419443,2026-01-17T00:00:00.000Z
sensor.camera_g_temperatura,19.066656801591666,2026-01-17T01:00:00.000Z
sensor.camera_g_temperatura,18.824245787530554,2026-01-17T02:00:00.000Z
sensor.camera_g_temperatura,18.606358494755558,2026-01-17T03:00:00.000Z
sensor.camera_g_temperatura,18.45174853713333,2026-01-17T04:00:00.000Z
sensor.camera_g_temperatura,18.300479445744443,2026-01-17T05:00:00.000Z
sensor.camera_g_temperatura,18.20064561585,2026-01-17T06:00:00.000Z
sensor.camera_g_temperatura,18.851071449672222,2026-01-17T07:00:00.000Z
sensor.camera_g_temperatura,20.203528087888888,2026-01-17T08:00:00.000Z
sensor.camera_g_temperatura,20.420260122141666,2026-01-17T09:00:00.000Z
sensor.camera_g_temperatura,20.704044316655555,2026-01-17T10:00:00.000Z
sensor.camera_g_temperatura,21.11552739809167,2026-01-17T11:00:00.000Z
sensor.camera_g_temperatura,21.40236244698889,2026-01-17T12:00:00.000Z
sensor.camera_g_temperatura,21.59150703408889,2026-01-17T13:00:00.000Z
sensor.camera_g_temperatura,21.473092118875,2026-01-17T14:00:00.000Z
sensor.camera_g_temperatura,21.28608559197222,2026-01-17T15:00:00.000Z
sensor.camera_g_temperatura,21.259419956180555,2026-01-17T16:00:00.000Z
sensor.camera_g_temperatura,21.711408361555556,2026-01-17T17:00:00.000Z
sensor.camera_g_temperatura,22.134028026341667,2026-01-17T18:00:00.000Z
sensor.camera_g_temperatura,22.232345226377777,2026-01-17T19:00:00.000Z
sensor.camera_g_temperatura,22.14619345748611,2026-01-17T20:00:00.000Z
sensor.camera_g_temperatura,22.07508765425,2026-01-17T21:00:00.000Z
sensor.camera_g_temperatura,21.386924787008336,2026-01-17T22:00:00.000Z
sensor.camera_g_temperatura,20.79333510617778,2026-01-17T23:00:00.000Z
sensor.camera_g_temperatura,20.39221516168889,2026-01-18T00:00:00.000Z
sensor.camera_g_temperatura,20.01741128384722,2026-01-18T01:00:00.000Z
sensor.camera_g_temperatura,19.750579380205554,2026-01-18T02:00:00.000Z
sensor.camera_g_temperatura,19.53384872693611,2026-01-18T03:00:00.000Z
sensor.camera_g_temperatura,19.341179684788887,2026-01-18T04:00:00.000Z
sensor.camera_g_temperatura,19.197139333491666,2026-01-18T05:00:00.000Z
sensor.camera_g_temperatura,19.05878455617778,2026-01-18T06:00:00.000Z
sensor.camera_g_temperatura,18.94187584116389,2026-01-18T07:00:00.000Z
sensor.camera_g_temperatura,19.7057422418,2026-01-18T08:00:00.000Z
sensor.camera_g_temperatura,21.306275504425,2026-01-18T09:00:00.000Z
sensor.camera_g_temperatura,21.60407327343889,2026-01-18T10:00:00.000Z
sensor.camera_g_temperatura,21.60026255311111,2026-01-18T11:00:00.000Z
sensor.camera_g_temperatura,21.915241522113888,2026-01-18T12:00:00.000Z
sensor.camera_g_temperatura,22.023545910225,2026-01-18T13:00:00.000Z
sensor.camera_g_temperatura,22.14243659531111,2026-01-18T14:00:00.000Z
sensor.camera_g_temperatura,22.318677293088886,2026-01-18T15:00:00.000Z
sensor.camera_g_temperatura,22.571272577577776,2026-01-18T16:00:00.000Z
sensor.camera_g_temperatura,22.556030362111112,2026-01-18T17:00:00.000Z
sensor.camera_g_temperatura,22.785080836575002,2026-01-18T18:00:00.000Z
sensor.camera_g_temperatura,22.812014499919442,2026-01-18T19:00:00.000Z
sensor.camera_g_temperatura,22.913579197900003,2026-01-18T20:00:00.000Z
sensor.camera_g_temperatura,22.795631632691666,2026-01-18T21:00:00.000Z
sensor.camera_g_temperatura,21.776912514072222,2026-01-18T22:00:00.000Z
sensor.camera_g_temperatura,21.072610550916668,2026-01-18T23:00:00.000Z
sensor.camera_g_temperatura,20.58661618481111,2026-01-19T00:00:00.000Z
sensor.camera_g_temperatura,20.233220265275,2026-01-19T01:00:00.000Z
sensor.camera_g_temperatura,19.959071622655554,2026-01-19T02:00:00.000Z
sensor.camera_g_temperatura,19.750348407033332,2026-01-19T03:00:00.000Z
sensor.camera_g_temperatura,19.57584994446667,2026-01-19T04:00:00.000Z
sensor.camera_g_temperatura,19.556692227775,2026-01-19T05:00:00.000Z
sensor.camera_g_temperatura,21.03695092218611,2026-01-19T06:00:00.000Z
sensor.camera_g_temperatura,21.569372703227774,2026-01-19T07:00:00.000Z
sensor.camera_g_temperatura,21.54059782463889,2026-01-19T08:00:00.000Z
sensor.camera_g_temperatura,21.005627525547222,2026-01-19T09:00:00.000Z
sensor.camera_g_temperatura,20.230110200408333,2026-01-19T10:00:00.000Z
sensor.camera_g_temperatura,19.69119969215,2026-01-19T11:00:00.000Z
sensor.camera_g_temperatura,19.43210906584167,2026-01-19T12:00:00.000Z
sensor.camera_g_temperatura,19.29330453017222,2026-01-19T13:00:00.000Z
sensor.camera_g_temperatura,19.175158809666666,2026-01-19T14:00:00.000Z
sensor.camera_g_temperatura,19.741928276477775,2026-01-19T15:00:00.000Z
sensor.camera_g_temperatura,20.906008228788888,2026-01-19T16:00:00.000Z
sensor.camera_g_temperatura,21.175029781908332,2026-01-19T17:00:00.000Z
sensor.camera_g_temperatura,21.333000020355556,2026-01-19T18:00:00.000Z
sensor.camera_g_temperatura,21.678562612808335,2026-01-19T19:00:00.000Z
sensor.camera_g_temperatura,22.00163839715,2026-01-19T20:00:00.000Z
sensor.camera_g_temperatura,22.065657958802777,2026-01-19T21:00:00.000Z
sensor.camera_g_temperatura,21.194306663619443,2026-01-19T22:00:00.000Z
sensor.camera_g_temperatura,20.558104369827777,2026-01-19T23:00:00.000Z
sensor.camera_g_temperatura,20.07415652791389,2026-01-20T00:00:00.000Z
sensor.camera_g_temperatura,19.650441135219445,2026-01-20T01:00:00.000Z
sensor.camera_g_temperatura,19.367720235841666,2026-01-20T02:00:00.000Z
sensor.camera_g_temperatura,19.154192996972224,2026-01-20T03:00:00.000Z
sensor.camera_g_temperatura,18.978350404525,2026-01-20T04:00:00.000Z
sensor.camera_g_temperatura,18.98318618751667,2026-01-20T05:00:00.000Z
sensor.camera_g_temperatura,20.62255359593889,2026-01-20T06:00:00.000Z
sensor.camera_g_temperatura,21.12390241526111,2026-01-20T07:00:00.000Z
sensor.camera_g_temperatura,21.183373761308335,2026-01-20T08:00:00.000Z
sensor.camera_g_temperatura,21.091918740427776,2026-01-20T09:00:00.000Z
sensor.camera_g_temperatura,20.920230886427778,2026-01-20T10:00:00.000Z
sensor.camera_g_temperatura,20.48702284267222,2026-01-20T11:00:00.000Z
sensor.camera_g_temperatura,19.922660332027778,2026-01-20T12:00:00.000Z
sensor.camera_g_temperatura,19.456600567419446,2026-01-20T13:00:00.000Z
sensor.camera_g_temperatura,19.14058540799167,2026-01-20T14:00:00.000Z
sensor.camera_g_temperatura,19.536921504791668,2026-01-20T15:00:00.000Z
sensor.camera_g_temperatura,20.582782458213888,2026-01-20T16:00:00.000Z
sensor.camera_g_temperatura,21.025993358619445,2026-01-20T17:00:00.000Z
sensor.camera_g_temperatura,21.10813258537222,2026-01-20T18:00:00.000Z
sensor.camera_g_temperatura,21.128099224908333,2026-01-20T19:00:00.000Z
sensor.camera_g_temperatura,21.176503063172223,2026-01-20T20:00:00.000Z
sensor.camera_g_temperatura,21.036855288633333,2026-01-20T21:00:00.000Z
sensor.camera_g_temperatura,20.422589926575,2026-01-20T22:00:00.000Z
sensor.camera_g_temperatura,19.68716956238889,2026-01-20T23:00:00.000Z
sensor.camera_g_temperatura,19.157970003402777,2026-01-21T00:00:00.000Z
sensor.camera_g_temperatura,18.796736750216667,2026-01-21T01:00:00.000Z
sensor.camera_g_temperatura,18.56756033118889,2026-01-21T02:00:00.000Z
sensor.camera_g_temperatura,18.39068320586667,2026-01-21T03:00:00.000Z
sensor.camera_g_temperatura,18.223579757080554,2026-01-21T04:00:00.000Z
sensor.camera_g_temperatura,18.253288387019442,2026-01-21T05:00:00.000Z
sensor.camera_g_temperatura,20.043180668458334,2026-01-21T06:00:00.000Z
sensor.camera_g_temperatura,20.662746089305553,2026-01-21T07:00:00.000Z
sensor.camera_g_temperatura,20.698773630325,2026-01-21T08:00:00.000Z
sensor.camera_g_temperatura,20.93367140865833,2026-01-21T09:00:00.000Z
sensor.camera_g_temperatura,21.00172875021389,2026-01-21T10:00:00.000Z
sensor.camera_g_temperatura,21.226473698733333,2026-01-21T11:00:00.000Z
sensor.camera_g_temperatura,21.550444260305554,2026-01-21T12:00:00.000Z
sensor.camera_g_temperatura,21.838369330711114,2026-01-21T13:00:00.000Z
sensor.camera_g_temperatura,21.819397079425002,2026-01-21T14:00:00.000Z
sensor.camera_g_temperatura,21.844148975638888,2026-01-21T15:00:00.000Z
sensor.camera_g_temperatura,21.693315982852777,2026-01-21T16:00:00.000Z
sensor.camera_g_temperatura,21.39758942755,2026-01-21T17:00:00.000Z
sensor.camera_g_temperatura,21.291832994305555,2026-01-21T18:00:00.000Z
sensor.camera_g_temperatura,21.418630449286113,2026-01-21T19:00:00.000Z
sensor.camera_g_temperatura,21.65628438004167,2026-01-21T20:00:00.000Z
sensor.camera_g_temperatura,21.660704755841664,2026-01-21T21:00:00.000Z
sensor.camera_g_temperatura,20.785551928411113,2026-01-21T22:00:00.000Z
sensor.camera_g_temperatura,19.885100662119445,2026-01-21T23:00:00.000Z
sensor.camera_g_temperatura,19.287183186386113,2026-01-22T00:00:00.000Z
sensor.camera_g_temperatura,18.86499684930278,2026-01-22T01:00:00.000Z
sensor.camera_g_temperatura,18.60666165513889,2026-01-22T02:00:00.000Z
sensor.camera_g_temperatura,18.38694688808889,2026-01-22T03:00:00.000Z
sensor.camera_g_temperatura,18.226178934669445,2026-01-22T04:00:00.000Z
sensor.camera_g_temperatura,18.246159959966665,2026-01-22T05:00:00.000Z
sensor.camera_g_temperatura,19.934840740269447,2026-01-22T06:00:00.000Z
sensor.camera_g_temperatura,20.63858455669722,2026-01-22T07:00:00.000Z
sensor.camera_g_temperatura,20.621486101319444,2026-01-22T08:00:00.000Z
sensor.camera_g_temperatura,20.864952218069444,2026-01-22T09:00:00.000Z
sensor.camera_g_temperatura,21.000924183141667,2026-01-22T10:00:00.000Z
sensor.camera_g_temperatura,21.25130577815,2026-01-22T11:00:00.000Z
sensor.camera_g_temperatura,21.465411162519445,2026-01-22T12:00:00.000Z
sensor.camera_g_temperatura,21.640986887352778,2026-01-22T13:00:00.000Z
sensor.camera_g_temperatura,21.64196110476111,2026-01-22T14:00:00.000Z
sensor.camera_g_temperatura,21.543601491497224,2026-01-22T15:00:00.000Z
sensor.camera_g_temperatura,21.36265138919722,2026-01-22T16:00:00.000Z
sensor.camera_g_temperatura,21.207457468941666,2026-01-22T17:00:00.000Z
sensor.camera_g_temperatura,21.233309543927778,2026-01-22T18:00:00.000Z
sensor.camera_g_temperatura,21.175811169327776,2026-01-22T19:00:00.000Z
sensor.camera_g_temperatura,21.204752635608333,2026-01-22T20:00:00.000Z
sensor.camera_g_temperatura,20.957392620369443,2026-01-22T21:00:00.000Z
sensor.camera_g_temperatura,19.937698046408332,2026-01-22T22:00:00.000Z
sensor.camera_g_temperatura,19.193124994572223,2026-01-22T23:00:00.000Z
sensor.camera_g_temperatura,18.710235095391667,2026-01-23T00:00:00.000Z
sensor.camera_g_temperatura,18.451821279072224,2026-01-23T01:00:00.000Z
sensor.camera_g_temperatura,18.260879472569446,2026-01-23T02:00:00.000Z
sensor.camera_g_temperatura,18.107021559005556,2026-01-23T03:00:00.000Z
sensor.camera_g_temperatura,17.956803343022223,2026-01-23T04:00:00.000Z
sensor.camera_g_temperatura,18.02912968011389,2026-01-23T05:00:00.000Z
sensor.camera_g_temperatura,19.501847228669444,2026-01-23T06:00:00.000Z
sensor.camera_g_temperatura,20.229035008066667,2026-01-23T07:00:00.000Z
sensor.camera_g_temperatura,20.403118437233335,2026-01-23T08:00:00.000Z
sensor.camera_g_temperatura,20.51784631352778,2026-01-23T09:00:00.000Z
sensor.camera_g_temperatura,20.523257749888888,2026-01-23T10:00:00.000Z
sensor.camera_g_temperatura,20.516832046369444,2026-01-23T11:00:00.000Z
sensor.camera_g_temperatura,20.50238150270833,2026-01-23T12:00:00.000Z
sensor.camera_g_temperatura,20.468948121644445,2026-01-23T13:00:00.000Z
sensor.camera_g_temperatura,20.453075176722223,2026-01-23T14:00:00.000Z
sensor.camera_g_temperatura,20.495460197725,2026-01-23T15:00:00.000Z
sensor.camera_g_temperatura,20.56916043503611,2026-01-23T16:00:00.000Z
sensor.camera_g_temperatura,20.64856303315,2026-01-23T17:00:00.000Z
sensor.camera_g_temperatura,20.695827331005557,2026-01-23T18:00:00.000Z
sensor.camera_g_temperatura,21.06583641245278,2026-01-23T19:00:00.000Z
sensor.camera_g_temperatura,21.44752495205,2026-01-23T20:00:00.000Z
sensor.camera_g_temperatura,21.30975545546389,2026-01-23T21:00:00.000Z
sensor.camera_g_temperatura,20.6850208784,2026-01-23T22:00:00.000Z
sensor.camera_g_temperatura,19.869709581572224,2026-01-23T23:00:00.000Z
sensor.camera_g_temperatura,19.247470864700002,2026-01-24T00:00:00.000Z
sensor.camera_g_temperatura,18.795607971069444,2026-01-24T01:00:00.000Z
sensor.camera_g_temperatura,18.539757562277778,2026-01-24T02:00:00.000Z
sensor.camera_g_temperatura,18.334630167980556,2026-01-24T03:00:00.000Z
sensor.camera_g_temperatura,18.154738169858334,2026-01-24T04:00:00.000Z
sensor.camera_g_temperatura,18.028493480005555,2026-01-24T05:00:00.000Z
sensor.camera_g_temperatura,17.926074107480556,2026-01-24T06:00:00.000Z
sensor.camera_g_temperatura,18.55971901344722,2026-01-24T07:00:00.000Z
sensor.camera_g_temperatura,19.985406301619445,2026-01-24T08:00:00.000Z
sensor.camera_g_temperatura,20.772067765108332,2026-01-24T09:00:00.000Z
sensor.camera_g_temperatura,21.214280990680553,2026-01-24T10:00:00.000Z
sensor.camera_g_temperatura,21.637026353861113,2026-01-24T11:00:00.000Z
sensor.camera_g_temperatura,21.961711187872222,2026-01-24T12:00:00.000Z
sensor.camera_g_temperatura,22.613774367922222,2026-01-24T13:00:00.000Z
sensor.camera_g_temperatura,22.762900053,2026-01-24T14:00:00.000Z
sensor.camera_g_temperatura,22.457896447616665,2026-01-24T15:00:00.000Z
sensor.camera_g_temperatura,22.11048624181667,2026-01-24T16:00:00.000Z
sensor.camera_g_temperatura,21.661620270380556,2026-01-24T17:00:00.000Z
sensor.camera_g_temperatura,21.42339308512778,2026-01-24T18:00:00.000Z
sensor.camera_g_temperatura,21.508050756108332,2026-01-24T19:00:00.000Z
sensor.camera_g_temperatura,21.483037228413888,2026-01-24T20:00:00.000Z
sensor.camera_g_temperatura,21.244725450569444,2026-01-24T21:00:00.000Z
sensor.camera_g_temperatura,20.632737310716667,2026-01-24T22:00:00.000Z
sensor.camera_g_temperatura,19.905544169958333,2026-01-24T23:00:00.000Z
sensor.camera_g_temperatura,19.409430746244443,2026-01-25T00:00:00.000Z
sensor.camera_g_temperatura,19.077833245352778,2026-01-25T01:00:00.000Z
sensor.camera_g_temperatura,18.809880725441666,2026-01-25T02:00:00.000Z
sensor.camera_g_temperatura,18.666995050141665,2026-01-25T03:00:00.000Z
sensor.camera_g_temperatura,18.54315637774444,2026-01-25T04:00:00.000Z
sensor.camera_g_temperatura,18.433899887469444,2026-01-25T05:00:00.000Z
sensor.camera_g_temperatura,18.308411839927775,2026-01-25T06:00:00.000Z
sensor.camera_g_temperatura,18.215792464644444,2026-01-25T07:00:00.000Z
sensor.camera_g_temperatura,18.900061986152778,2026-01-25T08:00:00.000Z
sensor.camera_g_temperatura,20.644222202836108,2026-01-25T09:00:00.000Z
sensor.camera_g_temperatura,21.234489976366664,2026-01-25T10:00:00.000Z
sensor.camera_g_temperatura,21.474674968149998,2026-01-25T11:00:00.000Z
sensor.camera_g_temperatura,21.687712478505556,2026-01-25T12:00:00.000Z
sensor.camera_g_temperatura,21.93849198403611,2026-01-25T13:00:00.000Z
sensor.camera_g_temperatura,22.130380253663887,2026-01-25T14:00:00.000Z
sensor.camera_g_temperatura,22.211368668502775,2026-01-25T15:00:00.000Z
sensor.camera_g_temperatura,22.267925488569446,2026-01-25T16:00:00.000Z
sensor.camera_g_temperatura,22.364403817969446,2026-01-25T17:00:00.000Z
sensor.camera_g_temperatura,22.56586017252222,2026-01-25T18:00:00.000Z
sensor.camera_g_temperatura,22.75011215228889,2026-01-25T19:00:00.000Z
sensor.camera_g_temperatura,22.769253895755554,2026-01-25T20:00:00.000Z
sensor.camera_g_temperatura,22.441109839097223,2026-01-25T21:00:00.000Z
sensor.camera_g_temperatura,21.450728428138888,2026-01-25T22:00:00.000Z
sensor.camera_g_temperatura,20.487807491791667,2026-01-25T23:00:00.000Z
sensor.camera_g_temperatura,19.88584407738889,2026-01-26T00:00:00.000Z
sensor.camera_g_temperatura,19.55357217238611,2026-01-26T01:00:00.000Z
sensor.camera_g_temperatura,19.278034707094445,2026-01-26T02:00:00.000Z
sensor.camera_g_temperatura,19.058475255416667,2026-01-26T03:00:00.000Z
sensor.camera_g_temperatura,18.874783863163888,2026-01-26T04:00:00.000Z
sensor.camera_g_temperatura,18.765426581733333,2026-01-26T05:00:00.000Z
sensor.camera_g_temperatura,20.099390744933334,2026-01-26T06:00:00.000Z
sensor.camera_g_temperatura,20.811437690958332,2026-01-26T07:00:00.000Z
sensor.camera_g_temperatura,20.949547018772222,2026-01-26T08:00:00.000Z
sensor.camera_g_temperatura,21.012398244388887,2026-01-26T09:00:00.000Z
sensor.camera_g_temperatura,20.976734104583333,2026-01-26T10:00:00.000Z
sensor.camera_g_temperatura,21.160924107916667,2026-01-26T11:00:00.000Z
sensor.camera_g_temperatura,21.498308148627775,2026-01-26T12:00:00.000Z
sensor.camera_g_temperatura,21.80210084259444,2026-01-26T13:00:00.000Z
sensor.camera_g_temperatura,21.794275223105554,2026-01-26T14:00:00.000Z
sensor.camera_g_temperatura,21.660623315766667,2026-01-26T15:00:00.000Z
sensor.camera_g_temperatura,21.74771395703611,2026-01-26T16:00:00.000Z
sensor.camera_g_temperatura,21.55962146387778,2026-01-26T17:00:00.000Z
sensor.camera_g_temperatura,21.36246955570556,2026-01-26T18:00:00.000Z
sensor.camera_g_temperatura,21.383405004986113,2026-01-26T19:00:00.000Z
sensor.camera_g_temperatura,21.325858301963887,2026-01-26T20:00:00.000Z
sensor.camera_g_temperatura,21.10065961958889,2026-01-26T21:00:00.000Z
sensor.camera_g_temperatura,20.60285325914722,2026-01-26T22:00:00.000Z
sensor.camera_g_temperatura,19.825926599516666,2026-01-26T23:00:00.000Z
sensor.camera_g_temperatura,19.252287358625,2026-01-27T00:00:00.000Z
sensor.camera_g_temperatura,18.905857236447222,2026-01-27T01:00:00.000Z
sensor.camera_g_temperatura,18.677024726611112,2026-01-27T02:00:00.000Z
sensor.camera_g_temperatura,18.48061502176944,2026-01-27T03:00:00.000Z
sensor.camera_g_temperatura,18.328638997416665,2026-01-27T04:00:00.000Z
sensor.camera_g_temperatura,18.21969771425,2026-01-27T05:00:00.000Z
sensor.camera_g_temperatura,18.460396712144444,2026-01-27T06:00:00.000Z
sensor.camera_g_temperatura,18.212980117341665,2026-01-27T07:00:00.000Z
sensor.camera_g_temperatura,17.975038748116663,2026-01-27T08:00:00.000Z
sensor.camera_g_temperatura,17.875040858697222,2026-01-27T09:00:00.000Z
sensor.camera_g_temperatura,17.864271852891665,2026-01-27T10:00:00.000Z
sensor.camera_g_temperatura,17.924465955380555,2026-01-27T11:00:00.000Z
sensor.camera_g_temperatura,18.051378574644442,2026-01-27T12:00:00.000Z
sensor.camera_g_temperatura,18.09452188476389,2026-01-27T13:00:00.000Z
sensor.camera_g_temperatura,18.020185103708332,2026-01-27T14:00:00.000Z
sensor.camera_g_temperatura,18.0125165012,2026-01-27T15:00:00.000Z
sensor.camera_g_temperatura,18.037519529822223,2026-01-27T16:00:00.000Z
sensor.camera_g_temperatura,18.133099464466664,2026-01-27T17:00:00.000Z
sensor.camera_g_temperatura,18.22486438366111,2026-01-27T18:00:00.000Z
sensor.camera_g_temperatura,18.214642455575,2026-01-27T19:00:00.000Z
sensor.camera_g_temperatura,18.136630318375,2026-01-27T20:00:00.000Z
sensor.camera_g_temperatura,18.1237448011,2026-01-27T21:00:00.000Z
sensor.camera_g_temperatura,19.358885646780553,2026-01-27T22:00:00.000Z
sensor.camera_g_temperatura,19.04601769322778,2026-01-27T23:00:00.000Z
sensor.camera_g_temperatura,18.435260919425,2026-01-28T00:00:00.000Z
sensor.camera_g_temperatura,18.135169658741667,2026-01-28T01:00:00.000Z
sensor.camera_g_temperatura,17.96401133527222,2026-01-28T02:00:00.000Z
sensor.camera_g_temperatura,17.875171593375,2026-01-28T03:00:00.000Z
sensor.camera_g_temperatura,17.772615350888888,2026-01-28T04:00:00.000Z
sensor.camera_g_temperatura,17.805945907094443,2026-01-28T05:00:00.000Z
sensor.camera_g_temperatura,19.364381269258335,2026-01-28T06:00:00.000Z
sensor.camera_g_temperatura,20.084804857155557,2026-01-28T07:00:00.000Z
sensor.camera_g_temperatura,20.140600274436114,2026-01-28T08:00:00.000Z
sensor.camera_g_temperatura,20.36916510077222,2026-01-28T09:00:00.000Z
sensor.camera_g_temperatura,20.405084789819444,2026-01-28T10:00:00.000Z
sensor.camera_g_temperatura,20.41625343903889,2026-01-28T11:00:00.000Z
sensor.camera_g_temperatura,20.38714724235,2026-01-28T12:00:00.000Z
sensor.camera_g_temperatura,20.431425200677776,2026-01-28T13:00:00.000Z
sensor.camera_g_temperatura,20.448780324616667,2026-01-28T14:00:00.000Z
sensor.camera_g_temperatura,20.369139265041664,2026-01-28T15:00:00.000Z
sensor.camera_g_temperatura,20.42401955546111,2026-01-28T16:00:00.000Z
sensor.camera_g_temperatura,20.680636951169443,2026-01-28T17:00:00.000Z
sensor.camera_g_temperatura,20.76223394808889,2026-01-28T18:00:00.000Z
sensor.camera_g_temperatura,20.744153137030555,2026-01-28T19:00:00.000Z
sensor.camera_g_temperatura,21.056132204858333,2026-01-28T20:00:00.000Z
sensor.camera_g_temperatura,21.012585159919443,2026-01-28T21:00:00.000Z
sensor.camera_g_temperatura,20.186584531080555,2026-01-28T22:00:00.000Z
sensor.camera_g_temperatura,19.606426768369445,2026-01-28T23:00:00.000Z
sensor.camera_g_temperatura,19.14336989796111,2026-01-29T00:00:00.000Z
sensor.camera_g_temperatura,18.810501675041667,2026-01-29T01:00:00.000Z
sensor.camera_g_temperatura,18.56133474068611,2026-01-29T02:00:00.000Z
sensor.camera_g_temperatura,18.383241269805556,2026-01-29T03:00:00.000Z
sensor.camera_g_temperatura,18.24353727958889,2026-01-29T04:00:00.000Z
sensor.camera_g_temperatura,18.20948447543611,2026-01-29T05:00:00.000Z
sensor.camera_g_temperatura,19.571451607625,2026-01-29T06:00:00.000Z
sensor.camera_g_temperatura,20.274315476005555,2026-01-29T07:00:00.000Z
sensor.camera_g_temperatura,20.38509889604722,2026-01-29T08:00:00.000Z
sensor.camera_g_temperatura,20.453465467875002,2026-01-29T09:00:00.000Z
sensor.camera_g_temperatura,20.27887297023889,2026-01-29T10:00:00.000Z
sensor.camera_g_temperatura,20.145698363391666,2026-01-29T11:00:00.000Z
sensor.camera_g_temperatura,19.979489708980555,2026-01-29T12:00:00.000Z
sensor.camera_g_temperatura,19.765860387177778,2026-01-29T13:00:00.000Z
sensor.camera_g_temperatura,20.08533414682778,2026-01-29T14:00:00.000Z
sensor.camera_g_temperatura,20.45950849691111,2026-01-29T15:00:00.000Z
sensor.camera_g_temperatura,20.871973836491666,2026-01-29T16:00:00.000Z
sensor.camera_g_temperatura,20.90465893012222,2026-01-29T17:00:00.000Z
sensor.camera_g_temperatura,20.9656160406,2026-01-29T18:00:00.000Z
sensor.camera_g_temperatura,21.43802208960278,2026-01-29T19:00:00.000Z
sensor.camera_g_temperatura,21.840104351525,2026-01-29T20:00:00.000Z
sensor.camera_g_temperatura,21.901686452727777,2026-01-29T21:00:00.000Z
sensor.camera_g_temperatura,20.711573153180556,2026-01-29T22:00:00.000Z
sensor.camera_g_temperatura,19.850137672888888,2026-01-29T23:00:00.000Z
sensor.camera_g_temperatura,19.22653224735833,2026-01-30T00:00:00.000Z
sensor.camera_g_temperatura,18.812549333127777,2026-01-30T01:00:00.000Z
sensor.camera_g_temperatura,18.519464704100002,2026-01-30T02:00:00.000Z
sensor.camera_g_temperatura,18.310789234625002,2026-01-30T03:00:00.000Z
sensor.camera_g_temperatura,18.162497342147223,2026-01-30T04:00:00.000Z
sensor.camera_g_temperatura,18.086565047425,2026-01-30T05:00:00.000Z
sensor.camera_g_temperatura,19.482674796897225,2026-01-30T06:00:00.000Z
sensor.camera_g_temperatura,20.188462311966667,2026-01-30T07:00:00.000Z
sensor.camera_g_temperatura,20.315879544608332,2026-01-30T08:00:00.000Z
sensor.camera_g_temperatura,20.44593012817778,2026-01-30T09:00:00.000Z
sensor.camera_g_temperatura,20.388349618244444,2026-01-30T10:00:00.000Z
sensor.camera_g_temperatura,20.322601786780556,2026-01-30T11:00:00.000Z
sensor.camera_g_temperatura,20.54334867157222,2026-01-30T12:00:00.000Z
sensor.camera_g_temperatura,20.93833647193611,2026-01-30T13:00:00.000Z
sensor.camera_g_temperatura,20.97429944888889,2026-01-30T14:00:00.000Z
sensor.camera_g_temperatura,20.79539517743611,2026-01-30T15:00:00.000Z
sensor.camera_g_temperatura,20.767925251983332,2026-01-30T16:00:00.000Z
sensor.camera_g_temperatura,20.88007541140278,2026-01-30T17:00:00.000Z
sensor.camera_g_temperatura,20.95432555336667,2026-01-30T18:00:00.000Z
sensor.camera_g_temperatura,20.985164526694444,2026-01-30T19:00:00.000Z
sensor.camera_g_temperatura,21.035703794141668,2026-01-30T20:00:00.000Z
sensor.camera_g_temperatura,20.831613890033335,2026-01-30T21:00:00.000Z
sensor.camera_g_temperatura,20.13505306896111,2026-01-30T22:00:00.000Z
sensor.camera_g_temperatura,19.445184826713888,2026-01-30T23:00:00.000Z
sensor.camera_g_temperatura,19.826432879577776,2026-01-31T00:00:00.000Z
sensor.camera_g_temperatura,20.554293275366664,2026-01-31T01:00:00.000Z
sensor.camera_g_temperatura,20.751207656747223,2026-01-31T02:00:00.000Z
sensor.camera_g_temperatura,20.777877951580553,2026-01-31T03:00:00.000Z
sensor.camera_g_temperatura,20.78587153753611,2026-01-31T04:00:00.000Z
sensor.camera_g_temperatura,20.811718498027776,2026-01-31T05:00:00.000Z
sensor.camera_g_temperatura,20.79309054930833,2026-01-31T06:00:00.000Z
sensor.camera_g_temperatura,20.705514121413888,2026-01-31T07:00:00.000Z
sensor.camera_g_temperatura,20.613342103330556,2026-01-31T08:00:00.000Z
sensor.camera_g_temperatura,20.671195453525,2026-01-31T09:00:00.000Z
sensor.camera_g_temperatura,20.625468259799998,2026-01-31T10:00:00.000Z
sensor.camera_g_temperatura,20.56061801082222,2026-01-31T11:00:00.000Z
sensor.camera_g_temperatura,20.492223995794443,2026-01-31T12:00:00.000Z
sensor.camera_g_temperatura,20.560155213483334,2026-01-31T13:00:00.000Z
sensor.camera_g_temperatura,20.661248876508335,2026-01-31T14:00:00.000Z
sensor.camera_g_temperatura,20.683906466958334,2026-01-31T15:00:00.000Z
sensor.camera_g_temperatura,20.686420614558333,2026-01-31T16:00:00.000Z
sensor.camera_g_temperatura,20.611556337672223,2026-01-31T17:00:00.000Z
sensor.camera_g_temperatura,20.582516437927776,2026-01-31T18:00:00.000Z
sensor.camera_g_temperatura,20.561142838583333,2026-01-31T19:00:00.000Z
sensor.camera_g_temperatura,20.547797084369446,2026-01-31T20:00:00.000Z
sensor.camera_g_temperatura,20.492384028641666,2026-01-31T21:00:00.000Z
sensor.camera_g_temperatura,20.470164962833334,2026-01-31T22:00:00.000Z
sensor.camera_g_temperatura,20.403156143055554,2026-01-31T23:00:00.000Z
sensor.camera_g_temperatura,20.402590273441664,2026-02-01T00:00:00.000Z
sensor.camera_g_temperatura,20.374716434855557,2026-02-01T01:00:00.000Z
sensor.camera_g_temperatura,20.350067154033333,2026-02-01T02:00:00.000Z
sensor.camera_g_temperatura,20.279378289336112,2026-02-01T03:00:00.000Z
sensor.camera_g_temperatura,20.275037160338886,2026-02-01T04:00:00.000Z
sensor.camera_g_temperatura,20.18709629339722,2026-02-01T05:00:00.000Z
sensor.camera_g_temperatura,20.187826236294445,2026-02-01T06:00:00.000Z
sensor.camera_g_temperatura,20.15361392598611,2026-02-01T07:00:00.000Z
sensor.camera_g_temperatura,20.12075470461389,2026-02-01T08:00:00.000Z
sensor.camera_g_temperatura,20.120308385650002,2026-02-01T09:00:00.000Z
sensor.camera_g_temperatura,20.086368938463888,2026-02-01T10:00:00.000Z
sensor.camera_g_temperatura,20.033122649233334,2026-02-01T11:00:00.000Z
sensor.camera_g_temperatura,19.940435357522222,2026-02-01T12:00:00.000Z
sensor.camera_g_temperatura,19.895518240258333,2026-02-01T13:00:00.000Z
sensor.camera_g_temperatura,19.97328261054722,2026-02-01T14:00:00.000Z
sensor.camera_g_temperatura,20.178297260772222,2026-02-01T15:00:00.000Z
sensor.camera_g_temperatura,20.35415559864722,2026-02-01T16:00:00.000Z
sensor.camera_g_temperatura,20.1429632376,2026-02-01T17:00:00.000Z
sensor.camera_g_temperatura,20.6698616045,2026-02-01T18:00:00.000Z
sensor.camera_g_temperatura,21.22008926006667,2026-02-01T19:00:00.000Z
sensor.camera_g_temperatura,21.59495000505,2026-02-01T20:00:00.000Z
sensor.camera_g_temperatura,21.460229353925,2026-02-01T21:00:00.000Z
sensor.camera_g_temperatura,20.5380826876,2026-02-01T22:00:00.000Z
sensor.camera_g_temperatura,20.312016291436112,2026-02-01T23:00:00.000Z
sensor.camera_g_temperatura,20.77183241333889,2026-02-02T00:00:00.000Z
sensor.camera_g_temperatura,20.78916323506111,2026-02-02T01:00:00.000Z
sensor.camera_g_temperatura,20.692931836008334,2026-02-02T02:00:00.000Z
sensor.camera_g_temperatura,20.664965928761113,2026-02-02T03:00:00.000Z
sensor.camera_g_temperatura,20.637165826597222,2026-02-02T04:00:00.000Z
sensor.camera_g_temperatura,20.58539460257222,2026-02-02T05:00:00.000Z
sensor.camera_g_temperatura,20.548044521650002,2026-02-02T06:00:00.000Z
sensor.camera_g_temperatura,20.53253044221111,2026-02-02T07:00:00.000Z
sensor.camera_g_temperatura,20.27792112356111,2026-02-02T08:00:00.000Z
sensor.camera_g_temperatura,19.823031799102775,2026-02-02T09:00:00.000Z
sensor.camera_g_temperatura,20.37884658588889,2026-02-02T10:00:00.000Z
sensor.camera_g_temperatura,21.067801239555553,2026-02-02T11:00:00.000Z
sensor.camera_g_temperatura,21.50036240407222,2026-02-02T12:00:00.000Z
sensor.camera_g_temperatura,21.74907700105,2026-02-02T13:00:00.000Z
sensor.camera_g_temperatura,21.94107712706111,2026-02-02T14:00:00.000Z
sensor.camera_g_temperatura,21.957412190363886,2026-02-02T15:00:00.000Z
sensor.camera_g_temperatura,22.034938079077776,2026-02-02T16:00:00.000Z
sensor.camera_g_temperatura,22.292611440216664,2026-02-02T17:00:00.000Z
sensor.camera_g_temperatura,22.46247624043889,2026-02-02T18:00:00.000Z
sensor.camera_g_temperatura,22.50376448183611,2026-02-02T19:00:00.000Z
sensor.camera_g_temperatura,22.512952228288885,2026-02-02T20:00:00.000Z
sensor.camera_g_temperatura,21.97024830427222,2026-02-02T21:00:00.000Z
sensor.camera_g_temperatura,20.983039752044444,2026-02-02T22:00:00.000Z
sensor.camera_g_temperatura,20.221448561719445,2026-02-02T23:00:00.000Z
sensor.camera_g_temperatura,19.653180722938888,2026-02-03T00:00:00.000Z
sensor.camera_g_temperatura,20.206647524999998,2026-02-03T01:00:00.000Z
sensor.camera_g_temperatura,20.904867748044442,2026-02-03T02:00:00.000Z
sensor.camera_g_temperatura,21.067058885741666,2026-02-03T03:00:00.000Z
sensor.camera_g_temperatura,21.0918723465,2026-02-03T04:00:00.000Z
sensor.camera_g_temperatura,21.065739964147223,2026-02-03T05:00:00.000Z
sensor.camera_g_temperatura,21.04591800280278,2026-02-03T06:00:00.000Z
sensor.camera_g_temperatura,21.062120704533335,2026-02-03T07:00:00.000Z
sensor.camera_g_temperatura,20.95100274006389,2026-02-03T08:00:00.000Z
sensor.camera_g_temperatura,20.25800584925278,2026-02-03T09:00:00.000Z
sensor.camera_g_temperatura,19.68186211261111,2026-02-03T10:00:00.000Z
sensor.camera_g_temperatura,20.341905843833334,2026-02-03T11:00:00.000Z
sensor.camera_g_temperatura,20.734744783025,2026-02-03T12:00:00.000Z
sensor.camera_g_temperatura,20.72147901792778,2026-02-03T13:00:00.000Z
sensor.camera_g_temperatura,20.76960988116389,2026-02-03T14:00:00.000Z
sensor.camera_g_temperatura,20.761467238077778,2026-02-03T15:00:00.000Z
sensor.camera_g_temperatura,20.77746412688889,2026-02-03T16:00:00.000Z
sensor.camera_g_temperatura,20.85786819436111,2026-02-03T17:00:00.000Z
sensor.camera_g_temperatura,20.939357856527778,2026-02-03T18:00:00.000Z
sensor.camera_g_temperatura,20.97972220362222,2026-02-03T19:00:00.000Z
sensor.camera_g_temperatura,21.20275154815278,2026-02-03T20:00:00.000Z
sensor.camera_g_temperatura,21.560625286319446,2026-02-03T21:00:00.000Z
sensor.camera_g_temperatura,20.607683020830557,2026-02-03T22:00:00.000Z
sensor.camera_g_temperatura,19.797354323077776,2026-02-03T23:00:00.000Z
sensor.camera_g_temperatura,19.625239945338887,2026-02-04T00:00:00.000Z
sensor.camera_g_temperatura,20.487676292630557,2026-02-04T01:00:00.000Z
sensor.camera_g_temperatura,20.747215695,2026-02-04T02:00:00.000Z
sensor.camera_g_temperatura,20.787604666683333,2026-02-04T03:00:00.000Z
sensor.camera_g_temperatura,20.734692290580558,2026-02-04T04:00:00.000Z
sensor.camera_g_temperatura,20.74998460918611,2026-02-04T05:00:00.000Z
sensor.camera_g_temperatura,20.732191042444445,2026-02-04T06:00:00.000Z
sensor.camera_g_temperatura,20.812299667791667,2026-02-04T07:00:00.000Z
sensor.camera_g_temperatura,20.6630810557,2026-02-04T08:00:00.000Z
sensor.camera_g_temperatura,20.019866462175,2026-02-04T09:00:00.000Z
sensor.camera_g_temperatura,19.54374564382778,2026-02-04T10:00:00.000Z
sensor.camera_g_temperatura,20.24312463975278,2026-02-04T11:00:00.000Z
sensor.camera_g_temperatura,20.528740404916665,2026-02-04T12:00:00.000Z
sensor.camera_g_temperatura,20.56647997293611,2026-02-04T13:00:00.000Z
sensor.camera_g_temperatura,20.63391321056389,2026-02-04T14:00:00.000Z
sensor.camera_g_temperatura,20.66559873626667,2026-02-04T15:00:00.000Z
sensor.camera_g_temperatura,20.712044148905555,2026-02-04T16:00:00.000Z
sensor.camera_g_temperatura,20.806674308494443,2026-02-04T17:00:00.000Z
sensor.camera_g_temperatura,20.900573414072223,2026-02-04T18:00:00.000Z
sensor.camera_g_temperatura,20.96250525628889,2026-02-04T19:00:00.000Z
sensor.camera_g_temperatura,20.976062207113888,2026-02-04T20:00:00.000Z
sensor.camera_g_temperatura,20.830601335719447,2026-02-04T21:00:00.000Z
sensor.camera_g_temperatura,20.213583866591666,2026-02-04T22:00:00.000Z
sensor.camera_g_temperatura,19.912769660619443,2026-02-04T23:00:00.000Z
sensor.camera_g_temperatura,20.553877399325,2026-02-05T00:00:00.000Z
sensor.camera_g_temperatura,20.775640357122224,2026-02-05T01:00:00.000Z
sensor.camera_g_temperatura,20.81096647231389,2026-02-05T02:00:00.000Z
sensor.camera_g_temperatura,20.858904969211114,2026-02-05T03:00:00.000Z
sensor.camera_g_temperatura,20.861797519144442,2026-02-05T04:00:00.000Z
sensor.camera_g_temperatura,20.868268431305555,2026-02-05T05:00:00.000Z
sensor.camera_g_temperatura,20.83213197626389,2026-02-05T06:00:00.000Z
sensor.camera_g_temperatura,20.74689763693611,2026-02-05T07:00:00.000Z
sensor.camera_g_temperatura,20.599620917605556,2026-02-05T08:00:00.000Z
sensor.camera_g_temperatura,20.03458967956389,2026-02-05T09:00:00.000Z
sensor.camera_g_temperatura,19.357843341252778,2026-02-05T10:00:00.000Z
sensor.camera_g_temperatura,18.678064059327777,2026-02-05T11:00:00.000Z
sensor.camera_g_temperatura,20.313913750744444,2026-02-05T12:00:00.000Z
sensor.camera_g_temperatura,21.076549913455555,2026-02-05T13:00:00.000Z
sensor.camera_g_temperatura,21.15364994572778,2026-02-05T14:00:00.000Z
sensor.camera_g_temperatura,21.109352200461114,2026-02-05T15:00:00.000Z
sensor.camera_g_temperatura,21.145215640238888,2026-02-05T16:00:00.000Z
sensor.camera_g_temperatura,21.260288941544445,2026-02-05T17:00:00.000Z
sensor.camera_g_temperatura,21.45413634567222,2026-02-05T18:00:00.000Z
sensor.camera_g_temperatura,21.50584838941111,2026-02-05T19:00:00.000Z
sensor.camera_g_temperatura,21.423235912975002,2026-02-05T20:00:00.000Z
sensor.camera_g_temperatura,21.126066244255554,2026-02-05T21:00:00.000Z
sensor.camera_g_temperatura,20.246624948130556,2026-02-05T22:00:00.000Z
sensor.camera_g_temperatura,19.64462533291389,2026-02-05T23:00:00.000Z
sensor.camera_g_temperatura,20.28346972750278,2026-02-06T00:00:00.000Z
sensor.camera_g_temperatura,20.924801921433332,2026-02-06T01:00:00.000Z
sensor.camera_g_temperatura,21.117620402491667,2026-02-06T02:00:00.000Z
sensor.camera_g_temperatura,21.181927864911113,2026-02-06T03:00:00.000Z
sensor.camera_g_temperatura,21.222583563591666,2026-02-06T04:00:00.000Z
sensor.camera_g_temperatura,21.131171104633335,2026-02-06T05:00:00.000Z
sensor.camera_g_temperatura,21.110182514702778,2026-02-06T06:00:00.000Z
sensor.camera_g_temperatura,21.249940572544443,2026-02-06T07:00:00.000Z
sensor.camera_g_temperatura,21.083188776119446,2026-02-06T08:00:00.000Z
sensor.camera_g_temperatura,20.210958619841666,2026-02-06T09:00:00.000Z
sensor.camera_g_temperatura,19.900682693680555,2026-02-06T10:00:00.000Z
sensor.camera_g_temperatura,20.768979899877777,2026-02-06T11:00:00.000Z
sensor.camera_g_temperatura,21.00709058723889,2026-02-06T12:00:00.000Z
sensor.camera_g_temperatura,20.45140416259722,2026-02-06T13:00:00.000Z
sensor.camera_g_temperatura,19.987310289294445,2026-02-06T14:00:00.000Z
sensor.camera_g_temperatura,19.743943150297223,2026-02-06T15:00:00.000Z
sensor.camera_g_temperatura,19.565553382016667,2026-02-06T16:00:00.000Z
sensor.camera_g_temperatura,19.33281825406667,2026-02-06T17:00:00.000Z
sensor.camera_g_temperatura,19.108274378652776,2026-02-06T18:00:00.000Z
sensor.camera_g_temperatura,18.882503335202777,2026-02-06T19:00:00.000Z
sensor.camera_g_temperatura,18.707522091947222,2026-02-06T20:00:00.000Z
sensor.camera_g_temperatura,18.95043984696111,2026-02-06T21:00:00.000Z
sensor.camera_g_temperatura,19.79,2026-02-06T22:00:00.000Z
sensor.camera_g_temperatura,21.21,2026-02-07T06:00:00.000Z
sensor.camera_g_temperatura,21.26003421835278,2026-02-07T07:00:00.000Z
sensor.camera_g_temperatura,21.52240096766667,2026-02-07T08:00:00.000Z
sensor.camera_g_temperatura,21.1971418981,2026-03-14T13:00:00.000Z
sensor.camera_g_temperatura,21.431135418377778,2026-03-14T14:00:00.000Z
sensor.camera_g_temperatura,22.081128182419445,2026-03-14T15:00:00.000Z
sensor.camera_g_temperatura,22.503797902947223,2026-03-14T16:00:00.000Z
sensor.camera_g_temperatura,22.856550387672225,2026-03-14T17:00:00.000Z
sensor.camera_g_temperatura,22.982065120022224,2026-03-14T18:00:00.000Z
sensor.camera_g_temperatura,22.925405563347223,2026-03-14T19:00:00.000Z
sensor.camera_g_temperatura,22.921199995758332,2026-03-14T20:00:00.000Z
sensor.camera_g_temperatura,22.887007636158334,2026-03-14T21:00:00.000Z
sensor.camera_g_temperatura,22.08191615000278,2026-03-14T22:00:00.000Z
sensor.camera_g_temperatura,21.256986603558335,2026-03-14T23:00:00.000Z
sensor.camera_g_temperatura,20.747311357955557,2026-03-15T00:00:00.000Z
sensor.camera_g_temperatura,20.409203399869444,2026-03-15T01:00:00.000Z
sensor.camera_g_temperatura,20.205743621916668,2026-03-15T02:00:00.000Z
sensor.camera_g_temperatura,20.023292988347222,2026-03-15T03:00:00.000Z
sensor.camera_g_temperatura,19.86430710341389,2026-03-15T04:00:00.000Z
sensor.camera_g_temperatura,19.76090035225,2026-03-15T05:00:00.000Z
sensor.camera_g_temperatura,19.649784541955555,2026-03-15T06:00:00.000Z
sensor.camera_g_temperatura,19.563617238169446,2026-03-15T07:00:00.000Z
sensor.camera_g_temperatura,19.93127287998611,2026-03-15T08:00:00.000Z
sensor.camera_g_temperatura,21.223337896258332,2026-03-15T09:00:00.000Z
sensor.camera_g_temperatura,22.050077313116663,2026-03-15T10:00:00.000Z
sensor.camera_g_temperatura,22.525281583319444,2026-03-15T11:00:00.000Z
sensor.camera_g_temperatura,22.800023864,2026-03-15T12:00:00.000Z
sensor.camera_g_temperatura,23.06250721433889,2026-03-15T13:00:00.000Z
sensor.camera_g_temperatura,23.28828547207222,2026-03-15T14:00:00.000Z
sensor.camera_g_temperatura,23.333838317141666,2026-03-15T15:00:00.000Z
sensor.camera_g_temperatura,23.298166009027778,2026-03-15T16:00:00.000Z
sensor.camera_g_temperatura,23.161476872916666,2026-03-15T17:00:00.000Z
sensor.camera_g_temperatura,22.457782397408334,2026-03-15T18:00:00.000Z
sensor.camera_g_temperatura,22.108247911986112,2026-03-15T19:00:00.000Z
sensor.camera_g_temperatura,21.93582162084722,2026-03-15T20:00:00.000Z
sensor.camera_g_temperatura,21.34835532087222,2026-03-15T21:00:00.000Z
sensor.camera_g_temperatura,20.890929784988888,2026-03-15T22:00:00.000Z
sensor.camera_g_temperatura,20.626102529025,2026-03-15T23:00:00.000Z
sensor.camera_g_temperatura,20.42226499056111,2026-03-16T00:00:00.000Z
sensor.camera_g_temperatura,20.265893239672224,2026-03-16T01:00:00.000Z
sensor.camera_g_temperatura,20.129627255194446,2026-03-16T02:00:00.000Z
sensor.camera_g_temperatura,20.007300123255558,2026-03-16T03:00:00.000Z
sensor.camera_g_temperatura,19.889563545105556,2026-03-16T04:00:00.000Z
sensor.camera_g_temperatura,19.823213486727777,2026-03-16T05:00:00.000Z
sensor.camera_g_temperatura,20.636954482438888,2026-03-16T06:00:00.000Z
sensor.camera_g_temperatura,21.223860548925,2026-03-16T07:00:00.000Z
sensor.camera_g_temperatura,21.170258889002778,2026-03-16T08:00:00.000Z
sensor.camera_g_temperatura,20.92077658797222,2026-03-16T09:00:00.000Z
sensor.camera_g_temperatura,20.624632078566666,2026-03-16T10:00:00.000Z
sensor.camera_g_temperatura,20.604245047297223,2026-03-16T11:00:00.000Z
sensor.camera_g_temperatura,20.7060065566,2026-03-16T12:00:00.000Z
sensor.camera_g_temperatura,20.762960230761113,2026-03-16T13:00:00.000Z
sensor.camera_g_temperatura,20.803258031833334,2026-03-16T14:00:00.000Z
sensor.camera_g_temperatura,20.848197031225,2026-03-16T15:00:00.000Z
sensor.camera_g_temperatura,20.967932578825,2026-03-16T16:00:00.000Z
sensor.camera_g_temperatura,20.801917317019445,2026-03-16T17:00:00.000Z
sensor.camera_g_temperatura,21.448619582930558,2026-03-16T18:00:00.000Z
sensor.camera_g_temperatura,21.723622647324998,2026-03-16T19:00:00.000Z
sensor.camera_g_temperatura,21.490959454972224,2026-03-16T20:00:00.000Z
sensor.camera_g_temperatura,21.462550658883334,2026-03-16T21:00:00.000Z
sensor.camera_g_temperatura,21.031169372675,2026-03-16T22:00:00.000Z
sensor.camera_g_temperatura,20.600400480100003,2026-03-16T23:00:00.000Z
sensor.camera_g_temperatura,20.256051022969444,2026-03-17T00:00:00.000Z
sensor.camera_g_temperatura,20.048627015072224,2026-03-17T01:00:00.000Z
sensor.camera_g_temperatura,19.880723882313887,2026-03-17T02:00:00.000Z
sensor.camera_g_temperatura,19.742899451397225,2026-03-17T03:00:00.000Z
sensor.camera_g_temperatura,19.608437968477777,2026-03-17T04:00:00.000Z
sensor.camera_g_temperatura,19.574912788916667,2026-03-17T05:00:00.000Z
sensor.camera_g_temperatura,20.55999300656389,2026-03-17T06:00:00.000Z
sensor.camera_g_temperatura,21.173897593930555,2026-03-17T07:00:00.000Z
sensor.camera_g_temperatura,21.334220823977777,2026-03-17T08:00:00.000Z
sensor.camera_g_temperatura,20.96414671272778,2026-03-17T09:00:00.000Z
sensor.camera_g_temperatura,20.62937681723889,2026-03-17T10:00:00.000Z
sensor.camera_g_temperatura,20.581384070513888,2026-03-17T11:00:00.000Z
sensor.camera_g_temperatura,20.589912662013887,2026-03-17T12:00:00.000Z
sensor.camera_g_temperatura,20.605240901908335,2026-03-17T13:00:00.000Z
sensor.camera_g_temperatura,20.699672178091667,2026-03-17T14:00:00.000Z
sensor.camera_g_temperatura,21.097202198466665,2026-03-17T15:00:00.000Z
sensor.camera_g_temperatura,22.21224520436944,2026-03-17T16:00:00.000Z
sensor.camera_g_temperatura,22.277932141144447,2026-03-17T17:00:00.000Z
sensor.camera_g_temperatura,21.758770162255555,2026-03-17T18:00:00.000Z
sensor.camera_g_temperatura,21.526542281466664,2026-03-17T19:00:00.000Z
sensor.camera_g_temperatura,21.53896503743889,2026-03-17T20:00:00.000Z
sensor.camera_g_temperatura,21.58894336004722,2026-03-17T21:00:00.000Z
sensor.camera_g_temperatura,20.95585814191111,2026-03-17T22:00:00.000Z
sensor.camera_g_temperatura,20.452606367925,2026-03-17T23:00:00.000Z
sensor.camera_g_temperatura,20.20310243481111,2026-03-18T00:00:00.000Z
sensor.camera_g_temperatura,20.026394967875,2026-03-18T01:00:00.000Z
sensor.camera_g_temperatura,19.903752149925,2026-03-18T02:00:00.000Z
sensor.camera_g_temperatura,19.7839779035,2026-03-18T03:00:00.000Z
sensor.camera_g_temperatura,19.69419411416111,2026-03-18T04:00:00.000Z
sensor.camera_g_temperatura,19.599353453516667,2026-03-18T05:00:00.000Z
sensor.camera_g_temperatura,19.48670901978611,2026-03-18T06:00:00.000Z
sensor.camera_g_temperatura,19.413810840583334,2026-03-18T07:00:00.000Z
sensor.camera_g_temperatura,19.39601997153611,2026-03-18T08:00:00.000Z
sensor.camera_g_temperatura,19.440310259302777,2026-03-18T09:00:00.000Z
sensor.camera_g_temperatura,19.571760690458333,2026-03-18T10:00:00.000Z
sensor.camera_g_temperatura,19.738537280866666,2026-03-18T11:00:00.000Z
sensor.camera_g_temperatura,19.822433753994446,2026-03-18T12:00:00.000Z
sensor.camera_g_temperatura,19.78857100638611,2026-03-18T13:00:00.000Z
sensor.camera_g_temperatura,19.74137636621111,2026-03-18T14:00:00.000Z
sensor.camera_g_temperatura,19.80644064768333,2026-03-18T15:00:00.000Z
sensor.camera_g_temperatura,19.990311025136112,2026-03-18T16:00:00.000Z
sensor.camera_g_temperatura,19.951574821594445,2026-03-18T17:00:00.000Z
sensor.camera_g_temperatura,19.773358308099997,2026-03-18T18:00:00.000Z
sensor.camera_g_temperatura,19.60500122598889,2026-03-18T19:00:00.000Z
sensor.camera_g_temperatura,19.470408790755556,2026-03-18T20:00:00.000Z
sensor.camera_g_temperatura,19.40326865549167,2026-03-18T21:00:00.000Z
sensor.camera_g_temperatura,19.298774833033335,2026-03-18T22:00:00.000Z
sensor.camera_g_temperatura,19.21073805716389,2026-03-18T23:00:00.000Z
sensor.camera_g_temperatura,19.12709064258056,2026-03-19T00:00:00.000Z
sensor.camera_g_temperatura,19.03936061001389,2026-03-19T01:00:00.000Z
sensor.camera_g_temperatura,18.94992691108889,2026-03-19T02:00:00.000Z
sensor.camera_g_temperatura,18.876737072277777,2026-03-19T03:00:00.000Z
sensor.camera_g_temperatura,18.808163054591667,2026-03-19T04:00:00.000Z
sensor.camera_g_temperatura,18.741275665388887,2026-03-19T05:00:00.000Z
sensor.camera_g_temperatura,18.658783846922223,2026-03-19T06:00:00.000Z
sensor.camera_g_temperatura,18.61506178037778,2026-03-19T07:00:00.000Z
sensor.camera_g_temperatura,19.607213968141668,2026-03-19T08:00:00.000Z
sensor.camera_g_temperatura,20.002332109369444,2026-03-19T09:00:00.000Z
sensor.camera_g_temperatura,19.8401195015,2026-03-19T10:00:00.000Z
sensor.camera_g_temperatura,19.863840735794444,2026-03-19T11:00:00.000Z
sensor.camera_g_temperatura,19.86792163575,2026-03-19T12:00:00.000Z
sensor.camera_g_temperatura,19.883355716933334,2026-03-19T13:00:00.000Z
sensor.camera_g_temperatura,19.885017558566666,2026-03-19T14:00:00.000Z
sensor.camera_g_temperatura,20.305547684752778,2026-03-19T15:00:00.000Z
sensor.camera_g_temperatura,21.420772545744445,2026-03-19T16:00:00.000Z
sensor.camera_g_temperatura,22.06615469532778,2026-03-19T17:00:00.000Z
sensor.camera_g_temperatura,21.9487005931,2026-03-19T18:00:00.000Z
sensor.camera_g_temperatura,21.49428653232222,2026-03-19T19:00:00.000Z
sensor.camera_g_temperatura,21.513710756905557,2026-03-19T20:00:00.000Z
sensor.camera_g_temperatura,21.492401519688887,2026-03-19T21:00:00.000Z
sensor.camera_g_temperatura,20.893738429827778,2026-03-19T22:00:00.000Z
sensor.camera_g_temperatura,20.295106282108332,2026-03-19T23:00:00.000Z
sensor.camera_g_temperatura,19.853127106055556,2026-03-20T00:00:00.000Z
sensor.camera_g_temperatura,19.60365727103333,2026-03-20T01:00:00.000Z
sensor.camera_g_temperatura,19.430422192227777,2026-03-20T02:00:00.000Z
sensor.camera_g_temperatura,19.294090989305555,2026-03-20T03:00:00.000Z
sensor.camera_g_temperatura,19.191480053894445,2026-03-20T04:00:00.000Z
sensor.camera_g_temperatura,19.157341142719442,2026-03-20T05:00:00.000Z
sensor.camera_g_temperatura,20.24506585452222,2026-03-20T06:00:00.000Z
sensor.camera_g_temperatura,21.065607178255558,2026-03-20T07:00:00.000Z
sensor.camera_g_temperatura,21.185012154475,2026-03-20T08:00:00.000Z
sensor.camera_g_temperatura,20.633428055958333,2026-03-20T09:00:00.000Z
sensor.camera_g_temperatura,20.441813416113888,2026-03-20T10:00:00.000Z
sensor.camera_g_temperatura,21.140410959633332,2026-03-20T11:00:00.000Z
sensor.camera_g_temperatura,21.436308031230556,2026-03-20T12:00:00.000Z
sensor.camera_g_temperatura,21.475115933480556,2026-03-20T13:00:00.000Z
sensor.camera_g_temperatura,21.676062487847222,2026-03-20T14:00:00.000Z
sensor.camera_g_temperatura,21.37247632819444,2026-03-20T15:00:00.000Z
sensor.camera_g_temperatura,20.937467513455555,2026-03-20T16:00:00.000Z
sensor.camera_g_temperatura,20.544539538272222,2026-03-20T17:00:00.000Z
sensor.camera_g_temperatura,20.245051755605555,2026-03-20T18:00:00.000Z
sensor.camera_g_temperatura,20.280538943794443,2026-03-20T19:00:00.000Z
sensor.camera_g_temperatura,20.925844938016667,2026-03-20T20:00:00.000Z
sensor.camera_g_temperatura,21.139140974258336,2026-03-20T21:00:00.000Z
sensor.camera_g_temperatura,20.68072132911389,2026-03-20T22:00:00.000Z
sensor.camera_g_temperatura,20.163509569105553,2026-03-20T23:00:00.000Z
sensor.camera_g_temperatura,19.813207305494444,2026-03-21T00:00:00.000Z
sensor.camera_g_temperatura,19.582547377325,2026-03-21T01:00:00.000Z
sensor.camera_g_temperatura,19.43345140038889,2026-03-21T02:00:00.000Z
sensor.camera_g_temperatura,19.295525257561113,2026-03-21T03:00:00.000Z
sensor.camera_g_temperatura,19.847571284480555,2026-03-21T04:00:00.000Z
sensor.camera_g_temperatura,20.669790736180556,2026-03-21T05:00:00.000Z
sensor.camera_g_temperatura,21.026852895591666,2026-03-21T06:00:00.000Z
sensor.camera_g_temperatura,21.381894813630556,2026-03-21T07:00:00.000Z
sensor.camera_g_temperatura,22.08575034876944,2026-03-21T08:00:00.000Z
sensor.camera_g_temperatura,22.497447096569445,2026-03-21T09:00:00.000Z
sensor.camera_g_temperatura,22.452860582422222,2026-03-21T10:00:00.000Z
sensor.camera_g_temperatura,22.714002401469443,2026-03-21T11:00:00.000Z
sensor.camera_g_temperatura,22.89934466836389,2026-03-21T12:00:00.000Z
sensor.camera_g_temperatura,22.906292357841668,2026-03-21T13:00:00.000Z
sensor.camera_g_temperatura,22.969795432708334,2026-03-21T14:00:00.000Z
sensor.camera_g_temperatura,23.022709493988888,2026-03-21T15:00:00.000Z
sensor.camera_g_temperatura,22.536964065436113,2026-03-21T16:00:00.000Z
sensor.camera_g_temperatura,21.924532935155558,2026-03-21T17:00:00.000Z
sensor.camera_g_temperatura,22.037746195819448,2026-03-21T18:00:00.000Z
sensor.camera_g_temperatura,22.36815519541389,2026-03-21T19:00:00.000Z
sensor.camera_g_temperatura,22.32681758861111,2026-03-21T20:00:00.000Z
sensor.camera_g_temperatura,22.179969359294443,2026-03-21T21:00:00.000Z
sensor.camera_g_temperatura,21.603482340594443,2026-03-21T22:00:00.000Z
sensor.camera_g_temperatura,21.07364852943611,2026-03-21T23:00:00.000Z
sensor.camera_g_temperatura,20.73132314759722,2026-03-22T00:00:00.000Z
sensor.camera_g_temperatura,20.459789570311113,2026-03-22T01:00:00.000Z
sensor.camera_g_temperatura,20.276985717158333,2026-03-22T02:00:00.000Z
sensor.camera_g_temperatura,20.120115478869447,2026-03-22T03:00:00.000Z
sensor.camera_g_temperatura,20.00166291245278,2026-03-22T04:00:00.000Z
sensor.camera_g_temperatura,19.88545844126389,2026-03-22T05:00:00.000Z
sensor.camera_g_temperatura,19.792958468994446,2026-03-22T06:00:00.000Z
sensor.camera_g_temperatura,19.692361928358334,2026-03-22T07:00:00.000Z
sensor.camera_g_temperatura,20.294616308941666,2026-03-22T08:00:00.000Z
sensor.camera_g_temperatura,21.537033548044445,2026-03-22T09:00:00.000Z
sensor.camera_g_temperatura,22.375756118858334,2026-03-22T10:00:00.000Z
sensor.camera_g_temperatura,22.993583266130553,2026-03-22T11:00:00.000Z
sensor.camera_g_temperatura,23.163246885033335,2026-03-22T12:00:00.000Z
sensor.camera_g_temperatura,23.09182326156389,2026-03-22T13:00:00.000Z
sensor.camera_g_temperatura,22.807309511641666,2026-03-22T14:00:00.000Z
sensor.camera_g_temperatura,22.673417230980558,2026-03-22T15:00:00.000Z
sensor.camera_g_temperatura,22.511847250533336,2026-03-22T16:00:00.000Z
sensor.camera_g_temperatura,22.441050717427775,2026-03-22T17:00:00.000Z
sensor.camera_g_temperatura,22.32587276401389,2026-03-22T18:00:00.000Z
sensor.camera_g_temperatura,22.232930672408333,2026-03-22T19:00:00.000Z
sensor.camera_g_temperatura,22.13449336196389,2026-03-22T20:00:00.000Z
sensor.camera_g_temperatura,21.864633808483333,2026-03-22T21:00:00.000Z
sensor.camera_g_temperatura,21.562955800188888,2026-03-22T22:00:00.000Z
sensor.camera_g_temperatura,21.09117987723889,2026-03-22T23:00:00.000Z
sensor.camera_g_temperatura,20.750853150450002,2026-03-23T00:00:00.000Z
sensor.camera_g_temperatura,20.498987818125,2026-03-23T01:00:00.000Z
sensor.camera_g_temperatura,20.29541959805833,2026-03-23T02:00:00.000Z
sensor.camera_g_temperatura,20.125327312061113,2026-03-23T03:00:00.000Z
sensor.camera_g_temperatura,19.992439794069444,2026-03-23T04:00:00.000Z
sensor.camera_g_temperatura,19.925919621580558,2026-03-23T05:00:00.000Z
sensor.camera_g_temperatura,20.790012538719445,2026-03-23T06:00:00.000Z
sensor.camera_g_temperatura,21.421971595558333,2026-03-23T07:00:00.000Z
sensor.camera_g_temperatura,21.636138076458334,2026-03-23T08:00:00.000Z
sensor.camera_g_temperatura,21.2069430027,2026-03-23T09:00:00.000Z
sensor.camera_g_temperatura,20.820081476374998,2026-03-23T10:00:00.000Z
sensor.camera_g_temperatura,20.670668972883334,2026-03-23T11:00:00.000Z
sensor.camera_g_temperatura,20.67020662135,2026-03-23T12:00:00.000Z
sensor.camera_g_temperatura,20.717586373591665,2026-03-23T13:00:00.000Z
sensor.camera_g_temperatura,20.704890158955553,2026-03-23T14:00:00.000Z
sensor.camera_g_temperatura,20.708761470791668,2026-03-23T15:00:00.000Z
sensor.camera_g_temperatura,20.704414113261112,2026-03-23T16:00:00.000Z
sensor.camera_g_temperatura,20.601865623744445,2026-03-23T17:00:00.000Z
sensor.camera_g_temperatura,20.56104086090833,2026-03-23T18:00:00.000Z
sensor.camera_g_temperatura,21.18600330679722,2026-03-23T19:00:00.000Z
sensor.camera_g_temperatura,21.386224079341662,2026-03-23T20:00:00.000Z
sensor.camera_g_temperatura,21.269883072766664,2026-03-23T21:00:00.000Z
sensor.camera_g_temperatura,20.806655374905556,2026-03-23T22:00:00.000Z
sensor.camera_g_temperatura,20.403978008027778,2026-03-23T23:00:00.000Z
sensor.camera_g_temperatura,20.15222559173889,2026-03-24T00:00:00.000Z
sensor.camera_g_temperatura,19.946389735472223,2026-03-24T01:00:00.000Z
sensor.camera_g_temperatura,19.784939356955558,2026-03-24T02:00:00.000Z
sensor.camera_g_temperatura,19.643356631916667,2026-03-24T03:00:00.000Z
sensor.camera_g_temperatura,19.51495408058611,2026-03-24T04:00:00.000Z
sensor.camera_g_temperatura,19.480553452391664,2026-03-24T05:00:00.000Z
sensor.camera_g_temperatura,20.608718443708334,2026-03-24T06:00:00.000Z
sensor.camera_g_temperatura,21.026316206694442,2026-03-24T07:00:00.000Z
sensor.camera_g_temperatura,21.008350967933335,2026-03-24T08:00:00.000Z
sensor.camera_g_temperatura,20.78136790173889,2026-03-24T09:00:00.000Z
sensor.camera_g_temperatura,20.493380049666666,2026-03-24T10:00:00.000Z
sensor.camera_g_temperatura,20.39553539511111,2026-03-24T11:00:00.000Z
sensor.camera_g_temperatura,20.346734261444443,2026-03-24T12:00:00.000Z
sensor.camera_g_temperatura,20.401122015008333,2026-03-24T13:00:00.000Z
sensor.camera_g_temperatura,20.553945805669446,2026-03-24T14:00:00.000Z
sensor.camera_g_temperatura,20.920341358244446,2026-03-24T15:00:00.000Z
sensor.camera_g_temperatura,21.616913927416665,2026-03-24T16:00:00.000Z
sensor.camera_g_temperatura,21.875174248805553,2026-03-24T17:00:00.000Z
sensor.camera_g_temperatura,21.753219609833334,2026-03-24T18:00:00.000Z
sensor.camera_g_temperatura,21.53368741142222,2026-03-24T19:00:00.000Z
sensor.camera_g_temperatura,21.579903449044448,2026-03-24T20:00:00.000Z
sensor.camera_g_temperatura,21.513072975572225,2026-03-24T21:00:00.000Z
sensor.camera_g_temperatura,20.918669191263888,2026-03-24T22:00:00.000Z
sensor.camera_g_temperatura,20.39883286205,2026-03-24T23:00:00.000Z
sensor.camera_g_temperatura,20.082465692091667,2026-03-25T00:00:00.000Z
sensor.camera_g_temperatura,19.87532498652222,2026-03-25T01:00:00.000Z
sensor.camera_g_temperatura,19.696807821763887,2026-03-25T02:00:00.000Z
sensor.camera_g_temperatura,19.544176705088887,2026-03-25T03:00:00.000Z
sensor.camera_g_temperatura,19.420991322277775,2026-03-25T04:00:00.000Z
sensor.camera_g_temperatura,19.352325548841666,2026-03-25T05:00:00.000Z
sensor.camera_g_temperatura,20.274255119550002,2026-03-25T06:00:00.000Z
sensor.camera_g_temperatura,21.016106688005554,2026-03-25T07:00:00.000Z
sensor.camera_g_temperatura,21.189522417994443,2026-03-25T08:00:00.000Z
sensor.camera_g_temperatura,20.86356313156111,2026-03-25T09:00:00.000Z
sensor.camera_g_temperatura,20.52121752636111,2026-03-25T10:00:00.000Z
sensor.camera_g_temperatura,20.454052521969444,2026-03-25T11:00:00.000Z
sensor.camera_g_temperatura,20.479096393844443,2026-03-25T12:00:00.000Z
sensor.camera_g_temperatura,20.491181618219446,2026-03-25T13:00:00.000Z
sensor.camera_g_temperatura,20.479574575408332,2026-03-25T14:00:00.000Z
sensor.camera_g_temperatura,20.456574235638886,2026-03-25T15:00:00.000Z
sensor.camera_g_temperatura,20.386240680944443,2026-03-25T16:00:00.000Z
sensor.camera_g_temperatura,20.306941690349998,2026-03-25T17:00:00.000Z
sensor.camera_g_temperatura,20.203838100747223,2026-03-25T18:00:00.000Z
sensor.camera_g_temperatura,20.217565724900002,2026-03-25T19:00:00.000Z
sensor.camera_g_temperatura,20.895249701941665,2026-03-25T20:00:00.000Z
sensor.camera_g_temperatura,21.23117307214167,2026-03-25T21:00:00.000Z
sensor.camera_g_temperatura,20.820590138022222,2026-03-25T22:00:00.000Z
sensor.camera_g_temperatura,20.324187206994445,2026-03-25T23:00:00.000Z
sensor.camera_g_temperatura,19.969320416591668,2026-03-26T00:00:00.000Z
sensor.camera_g_temperatura,19.74575472351389,2026-03-26T01:00:00.000Z
sensor.camera_g_temperatura,19.569759488227778,2026-03-26T02:00:00.000Z
sensor.camera_g_temperatura,19.432769901852776,2026-03-26T03:00:00.000Z
sensor.camera_g_temperatura,19.326428561055554,2026-03-26T04:00:00.000Z
sensor.camera_g_temperatura,19.303555805266665,2026-03-26T05:00:00.000Z
sensor.camera_g_temperatura,20.252620253211113,2026-03-26T06:00:00.000Z
sensor.camera_g_temperatura,20.82261373921389,2026-03-26T07:00:00.000Z
sensor.camera_g_temperatura,20.808156268980554,2026-03-26T08:00:00.000Z
sensor.camera_g_temperatura,20.425989560477777,2026-03-26T09:00:00.000Z
sensor.camera_g_temperatura,20.05006123921389,2026-03-26T10:00:00.000Z
sensor.camera_g_temperatura,19.850975865575,2026-03-26T11:00:00.000Z
sensor.camera_g_temperatura,19.764762031955556,2026-03-26T12:00:00.000Z
sensor.camera_g_temperatura,19.62361455828611,2026-03-26T13:00:00.000Z
sensor.camera_g_temperatura,19.640591714519445,2026-03-26T14:00:00.000Z
sensor.camera_g_temperatura,20.356279675699998,2026-03-26T15:00:00.000Z
sensor.camera_g_temperatura,21.364009913794444,2026-03-26T16:00:00.000Z
sensor.camera_g_temperatura,21.002389712124998,2026-03-26T17:00:00.000Z
sensor.camera_g_temperatura,20.723444702491665,2026-03-26T18:00:00.000Z
sensor.camera_g_temperatura,20.978140982661113,2026-03-26T19:00:00.000Z
sensor.camera_g_temperatura,21.210925247891666,2026-03-26T20:00:00.000Z
sensor.camera_g_temperatura,21.17503116540278,2026-03-26T21:00:00.000Z
sensor.camera_g_temperatura,20.722656878841665,2026-03-26T22:00:00.000Z
sensor.camera_g_temperatura,20.105088939344444,2026-03-26T23:00:00.000Z
sensor.camera_g_temperatura,19.697779098405555,2026-03-27T00:00:00.000Z
sensor.camera_g_temperatura,19.392805820647222,2026-03-27T01:00:00.000Z
sensor.camera_g_temperatura,19.183974742966665,2026-03-27T02:00:00.000Z
sensor.camera_g_temperatura,19.027825570575,2026-03-27T03:00:00.000Z
sensor.camera_g_temperatura,19.247087366597224,2026-03-27T04:00:00.000Z
sensor.camera_g_temperatura,20.28769386021111,2026-03-27T05:00:00.000Z
sensor.camera_g_temperatura,20.658617954291667,2026-03-27T06:00:00.000Z
sensor.camera_g_temperatura,20.933436753827777,2026-03-27T07:00:00.000Z
sensor.camera_g_temperatura,20.88687648057778,2026-03-27T08:00:00.000Z
sensor.camera_g_temperatura,20.55760570500278,2026-03-27T09:00:00.000Z
sensor.camera_g_temperatura,20.180489590805557,2026-03-27T10:00:00.000Z
sensor.camera_g_temperatura,20.096835003694444,2026-03-27T11:00:00.000Z
sensor.camera_g_temperatura,20.131371223075,2026-03-27T12:00:00.000Z
sensor.camera_g_temperatura,20.17632523576667,2026-03-27T13:00:00.000Z
sensor.camera_g_temperatura,20.14629329165,2026-03-27T14:00:00.000Z
sensor.camera_g_temperatura,20.779232392758335,2026-03-27T15:00:00.000Z
sensor.camera_g_temperatura,21.73425828185833,2026-03-27T16:00:00.000Z
sensor.camera_g_temperatura,21.781052138980556,2026-03-27T17:00:00.000Z
sensor.camera_g_temperatura,22.441144969805553,2026-03-27T18:00:00.000Z
sensor.camera_g_temperatura,22.73703739960833,2026-03-27T19:00:00.000Z
sensor.camera_g_temperatura,22.585481105908332,2026-03-27T20:00:00.000Z
sensor.camera_g_temperatura,22.55717690625833,2026-03-27T21:00:00.000Z
sensor.camera_g_temperatura,22.32925336301389,2026-03-27T22:00:00.000Z
sensor.camera_g_temperatura,22.23158550717778,2026-03-27T23:00:00.000Z
sensor.camera_g_temperatura,22.12546096645556,2026-03-28T00:00:00.000Z
sensor.camera_g_temperatura,22.05202964456667,2026-03-28T01:00:00.000Z
sensor.camera_g_temperatura,21.961487246055555,2026-03-28T02:00:00.000Z
sensor.camera_g_temperatura,21.917625139061112,2026-03-28T03:00:00.000Z
sensor.camera_g_temperatura,21.90351964536389,2026-03-28T04:00:00.000Z
sensor.camera_g_temperatura,21.903752868558332,2026-03-28T05:00:00.000Z
sensor.camera_g_temperatura,21.975105116141666,2026-03-28T06:00:00.000Z
sensor.camera_g_temperatura,21.796928470075002,2026-03-28T07:00:00.000Z
sensor.camera_g_temperatura,21.221306152655554,2026-03-28T08:00:00.000Z
sensor.camera_g_temperatura,20.682291543155557,2026-03-28T09:00:00.000Z
sensor.camera_g_temperatura,20.383794658558333,2026-03-28T10:00:00.000Z
sensor.camera_g_temperatura,20.37355305087222,2026-03-28T11:00:00.000Z
sensor.camera_g_temperatura,20.52707020721389,2026-03-28T12:00:00.000Z
sensor.camera_g_temperatura,20.638958576394444,2026-03-28T13:00:00.000Z
sensor.camera_g_temperatura,20.678171620952778,2026-03-28T14:00:00.000Z
sensor.camera_g_temperatura,20.65902704498611,2026-03-28T15:00:00.000Z
sensor.camera_g_temperatura,20.89314260518889,2026-03-28T16:00:00.000Z
sensor.camera_g_temperatura,22.403808264919444,2026-03-28T17:00:00.000Z
sensor.camera_g_temperatura,23.23832951726111,2026-03-28T18:00:00.000Z
sensor.camera_g_temperatura,23.50354595363611,2026-03-28T19:00:00.000Z
sensor.camera_g_temperatura,23.52,2026-03-28T20:00:00.000Z
sensor.camera_g_temperatura,23.289264408763888,2026-03-28T21:00:00.000Z
sensor.camera_g_temperatura,22.398648706702776,2026-03-28T22:00:00.000Z
sensor.camera_g_temperatura,21.728540221297223,2026-03-28T23:00:00.000Z
sensor.camera_g_temperatura,21.259371614322223,2026-03-29T00:00:00.000Z
sensor.camera_g_temperatura,20.847204946102778,2026-03-29T01:00:00.000Z
sensor.camera_g_temperatura,20.571161335894445,2026-03-29T02:00:00.000Z
sensor.camera_g_temperatura,20.348409820852776,2026-03-29T03:00:00.000Z
sensor.camera_g_temperatura,20.217847391466666,2026-03-29T04:00:00.000Z
sensor.camera_g_temperatura,20.07949274373889,2026-03-29T05:00:00.000Z
sensor.camera_g_temperatura,19.97295593612778,2026-03-29T06:00:00.000Z
sensor.camera_g_temperatura,20.291482750994444,2026-03-29T07:00:00.000Z
sensor.camera_g_temperatura,21.46835829143889,2026-03-29T08:00:00.000Z
sensor.camera_g_temperatura,21.98623395736111,2026-03-29T09:00:00.000Z
sensor.camera_g_temperatura,22.452019144019445,2026-03-29T10:00:00.000Z
sensor.camera_g_temperatura,23.036581646261112,2026-03-29T11:00:00.000Z
sensor.camera_g_temperatura,23.301133124299998,2026-03-29T12:00:00.000Z
sensor.camera_g_temperatura,23.33652975333611,2026-03-29T13:00:00.000Z
sensor.camera_g_temperatura,23.359081066088887,2026-03-29T14:00:00.000Z
sensor.camera_g_temperatura,23.441533609605557,2026-03-29T15:00:00.000Z
sensor.camera_g_temperatura,23.64844202577778,2026-03-29T16:00:00.000Z
sensor.camera_g_temperatura,23.669766076763892,2026-03-29T17:00:00.000Z
sensor.camera_g_temperatura,23.628829772680557,2026-03-29T18:00:00.000Z
sensor.camera_g_temperatura,23.379604400494443,2026-03-29T19:00:00.000Z
sensor.camera_g_temperatura,23.035263215805557,2026-03-29T20:00:00.000Z
sensor.camera_g_temperatura,22.239765021922224,2026-03-29T21:00:00.000Z
sensor.camera_g_temperatura,21.54407555443056,2026-03-29T22:00:00.000Z
sensor.camera_g_temperatura,21.05911950996111,2026-03-29T23:00:00.000Z
sensor.camera_g_temperatura,20.684458804652778,2026-03-30T00:00:00.000Z
sensor.camera_g_temperatura,20.452591750858335,2026-03-30T01:00:00.000Z
sensor.camera_g_temperatura,20.298918053105556,2026-03-30T02:00:00.000Z
sensor.camera_g_temperatura,20.198747248644445,2026-03-30T03:00:00.000Z
sensor.camera_g_temperatura,20.10827945475,2026-03-30T04:00:00.000Z
sensor.camera_g_temperatura,20.993941160027777,2026-03-30T05:00:00.000Z
sensor.camera_g_temperatura,21.839568307352778,2026-03-30T06:00:00.000Z
sensor.camera_g_temperatura,22.0336244961,2026-03-30T07:00:00.000Z
sensor.camera_g_temperatura,21.629154905605557,2026-03-30T08:00:00.000Z
sensor.camera_g_temperatura,21.18392578198611,2026-03-30T09:00:00.000Z
sensor.camera_g_temperatura,20.926146771950002,2026-03-30T10:00:00.000Z
sensor.camera_g_temperatura,20.96198782003889,2026-03-30T11:00:00.000Z
sensor.camera_g_temperatura,20.983422003383332,2026-03-30T12:00:00.000Z
sensor.camera_g_temperatura,21.019385339883332,2026-03-30T13:00:00.000Z
sensor.camera_g_temperatura,21.055968455269443,2026-03-30T14:00:00.000Z
sensor.camera_g_temperatura,21.03664454555278,2026-03-30T15:00:00.000Z
sensor.camera_g_temperatura,20.98345398180833,2026-03-30T16:00:00.000Z
sensor.camera_g_temperatura,20.893527085991668,2026-03-30T17:00:00.000Z
sensor.camera_g_temperatura,21.77934435493611,2026-03-30T18:00:00.000Z
sensor.camera_g_temperatura,22.174040609669447,2026-03-30T19:00:00.000Z
sensor.camera_g_temperatura,22.296299998494447,2026-03-30T20:00:00.000Z
sensor.camera_g_temperatura,21.805871102075002,2026-03-30T21:00:00.000Z
sensor.camera_g_temperatura,21.150423757594442,2026-03-30T22:00:00.000Z
sensor.camera_g_temperatura,20.685352632280555,2026-03-30T23:00:00.000Z
sensor.camera_g_temperatura,20.398554904877777,2026-03-31T00:00:00.000Z
sensor.camera_g_temperatura,20.192130366013888,2026-03-31T01:00:00.000Z
sensor.camera_g_temperatura,20.072233066091666,2026-03-31T02:00:00.000Z
sensor.camera_g_temperatura,19.911654228925,2026-03-31T03:00:00.000Z
sensor.camera_g_temperatura,19.84098227184722,2026-03-31T04:00:00.000Z
sensor.camera_g_temperatura,20.855119359480554,2026-03-31T05:00:00.000Z
sensor.camera_g_temperatura,21.685481992074997,2026-03-31T06:00:00.000Z
sensor.camera_g_temperatura,21.909241292219445,2026-03-31T07:00:00.000Z
sensor.camera_g_temperatura,21.462694332119444,2026-03-31T08:00:00.000Z
sensor.camera_g_temperatura,20.876589895716666,2026-03-31T09:00:00.000Z
sensor.camera_g_temperatura,20.53023179758611,2026-03-31T10:00:00.000Z
sensor.camera_g_temperatura,20.507596154591667,2026-03-31T11:00:00.000Z
sensor.camera_g_temperatura,20.550467582697223,2026-03-31T12:00:00.000Z
sensor.camera_g_temperatura,20.56022345536111,2026-03-31T13:00:00.000Z
sensor.camera_g_temperatura,21.407001144502775,2026-03-31T14:00:00.000Z
sensor.camera_g_temperatura,22.655241555169443,2026-03-31T15:00:00.000Z
sensor.camera_g_temperatura,22.987629454183335,2026-03-31T16:00:00.000Z
sensor.camera_g_temperatura,23.157671781630555,2026-03-31T17:00:00.000Z
sensor.camera_g_temperatura,23.054698693291666,2026-03-31T18:00:00.000Z
sensor.camera_g_temperatura,22.827938083377777,2026-03-31T19:00:00.000Z
sensor.camera_g_temperatura,22.689806116619447,2026-03-31T20:00:00.000Z
sensor.camera_g_temperatura,21.861965519744444,2026-03-31T21:00:00.000Z
sensor.camera_g_temperatura,21.122098171361113,2026-03-31T22:00:00.000Z
sensor.camera_g_temperatura,20.62591517320278,2026-03-31T23:00:00.000Z
sensor.camera_g_temperatura,20.242973874733334,2026-04-01T00:00:00.000Z
sensor.camera_g_temperatura,19.989752783355556,2026-04-01T01:00:00.000Z
sensor.camera_g_temperatura,19.808282670327777,2026-04-01T02:00:00.000Z
sensor.camera_g_temperatura,19.65259796198889,2026-04-01T03:00:00.000Z
sensor.camera_g_temperatura,19.613992986925002,2026-04-01T04:00:00.000Z
sensor.camera_g_temperatura,20.901060860158335,2026-04-01T05:00:00.000Z
sensor.camera_g_temperatura,21.951338375361107,2026-04-01T06:00:00.000Z
sensor.camera_g_temperatura,22.199281750633332,2026-04-01T07:00:00.000Z
sensor.camera_g_temperatura,21.528864316069445,2026-04-01T08:00:00.000Z
sensor.camera_g_temperatura,20.75327375266389,2026-04-01T09:00:00.000Z
sensor.camera_g_temperatura,20.265970699441667,2026-04-01T10:00:00.000Z
sensor.camera_g_temperatura,20.12296349132222,2026-04-01T11:00:00.000Z
sensor.camera_g_temperatura,20.216865423433333,2026-04-01T12:00:00.000Z
sensor.camera_g_temperatura,20.37669871768889,2026-04-01T13:00:00.000Z
sensor.camera_g_temperatura,21.102878860708334,2026-04-01T14:00:00.000Z
sensor.camera_g_temperatura,22.372373756702775,2026-04-01T15:00:00.000Z
sensor.camera_g_temperatura,22.237667340983336,2026-04-01T16:00:00.000Z
sensor.camera_g_temperatura,21.530940065330554,2026-04-01T17:00:00.000Z
sensor.camera_g_temperatura,20.909340526127778,2026-04-01T18:00:00.000Z
sensor.camera_g_temperatura,21.15424255142222,2026-04-01T19:00:00.000Z
sensor.camera_g_temperatura,21.678334434583334,2026-04-01T20:00:00.000Z
sensor.camera_g_temperatura,21.322248933588888,2026-04-01T21:00:00.000Z
sensor.camera_g_temperatura,20.694051620080554,2026-04-01T22:00:00.000Z
sensor.camera_g_temperatura,20.245414869838893,2026-04-01T23:00:00.000Z
sensor.camera_g_temperatura,19.97397649190278,2026-04-02T00:00:00.000Z
sensor.camera_g_temperatura,19.764033089127775,2026-04-02T01:00:00.000Z
sensor.camera_g_temperatura,19.59775884685,2026-04-02T02:00:00.000Z
sensor.camera_g_temperatura,19.45764338168889,2026-04-02T03:00:00.000Z
sensor.camera_g_temperatura,19.375428297566668,2026-04-02T04:00:00.000Z
sensor.camera_g_temperatura,20.751367912524998,2026-04-02T05:00:00.000Z
sensor.camera_g_temperatura,21.83509539741389,2026-04-02T06:00:00.000Z
sensor.camera_g_temperatura,22.204389266313893,2026-04-02T07:00:00.000Z
sensor.camera_g_temperatura,21.528505025330556,2026-04-02T08:00:00.000Z
sensor.camera_g_temperatura,20.87402219711111,2026-04-02T09:00:00.000Z
sensor.camera_g_temperatura,20.4751757373,2026-04-02T10:00:00.000Z
sensor.camera_g_temperatura,20.35112299688889,2026-04-02T11:00:00.000Z
sensor.camera_g_temperatura,20.51245740963333,2026-04-02T12:00:00.000Z
sensor.camera_g_temperatura,20.624194222819444,2026-04-02T13:00:00.000Z
sensor.camera_g_temperatura,21.261973744333332,2026-04-02T14:00:00.000Z
sensor.camera_g_temperatura,22.876346434530557,2026-04-02T15:00:00.000Z
sensor.camera_g_temperatura,22.949905031419448,2026-04-02T16:00:00.000Z
sensor.camera_g_temperatura,22.794530277119446,2026-04-02T17:00:00.000Z
sensor.camera_g_temperatura,22.809155579011115,2026-04-02T18:00:00.000Z
sensor.camera_g_temperatura,22.657271741619443,2026-04-02T19:00:00.000Z
sensor.camera_g_temperatura,22.608446373486114,2026-04-02T20:00:00.000Z
sensor.camera_g_temperatura,21.970102533455556,2026-04-02T21:00:00.000Z
sensor.camera_g_temperatura,21.202355543038887,2026-04-02T22:00:00.000Z
sensor.camera_g_temperatura,20.66401828428889,2026-04-02T23:00:00.000Z
sensor.camera_g_temperatura,20.29511919909167,2026-04-03T00:00:00.000Z
sensor.camera_g_temperatura,20.064485435941666,2026-04-03T01:00:00.000Z
sensor.camera_g_temperatura,19.901749751416666,2026-04-03T02:00:00.000Z
sensor.camera_g_temperatura,19.754966145166666,2026-04-03T03:00:00.000Z
sensor.camera_g_temperatura,19.670200158169443,2026-04-03T04:00:00.000Z
sensor.camera_g_temperatura,20.91784391144167,2026-04-03T05:00:00.000Z
sensor.camera_g_temperatura,21.934797425058335,2026-04-03T06:00:00.000Z
sensor.camera_g_temperatura,22.208644372036108,2026-04-03T07:00:00.000Z
sensor.camera_g_temperatura,21.593334825077775,2026-04-03T08:00:00.000Z
sensor.camera_g_temperatura,20.998319833769443,2026-04-03T09:00:00.000Z
sensor.camera_g_temperatura,20.687462983255557,2026-04-03T10:00:00.000Z
sensor.camera_g_temperatura,20.713852613152778,2026-04-03T11:00:00.000Z
sensor.camera_g_temperatura,20.844114989141666,2026-04-03T12:00:00.000Z
sensor.camera_g_temperatura,20.88613291778889,2026-04-03T13:00:00.000Z
sensor.camera_g_temperatura,20.868188226772222,2026-04-03T14:00:00.000Z
sensor.camera_g_temperatura,20.94113306551111,2026-04-03T15:00:00.000Z
sensor.camera_g_temperatura,21.76564348441111,2026-04-03T16:00:00.000Z
sensor.camera_g_temperatura,22.362342206744444,2026-04-03T17:00:00.000Z
sensor.camera_g_temperatura,22.598039884036112,2026-04-03T18:00:00.000Z
sensor.camera_g_temperatura,23.288754345988888,2026-04-03T19:00:00.000Z
sensor.camera_g_temperatura,22.864388590461115,2026-04-03T20:00:00.000Z
sensor.camera_g_temperatura,21.877554299436113,2026-04-03T21:00:00.000Z
sensor.camera_g_temperatura,21.213489740205556,2026-04-03T22:00:00.000Z
sensor.camera_g_temperatura,20.779746791736112,2026-04-03T23:00:00.000Z
sensor.camera_g_temperatura,20.47628587653889,2026-04-04T00:00:00.000Z
sensor.camera_g_temperatura,20.273204723194443,2026-04-04T01:00:00.000Z
sensor.camera_g_temperatura,20.158297752530554,2026-04-04T02:00:00.000Z
sensor.camera_g_temperatura,20.03515555283889,2026-04-04T03:00:00.000Z
sensor.camera_g_temperatura,19.91502467126111,2026-04-04T04:00:00.000Z
sensor.camera_g_temperatura,19.83230137219722,2026-04-04T05:00:00.000Z
sensor.camera_g_temperatura,19.778252402194443,2026-04-04T06:00:00.000Z
sensor.camera_g_temperatura,20.478883400538887,2026-04-04T07:00:00.000Z
sensor.camera_g_temperatura,22.22583082018889,2026-04-04T08:00:00.000Z
sensor.camera_g_temperatura,22.70095224822778,2026-04-04T09:00:00.000Z
sensor.camera_g_temperatura,22.502675546630556,2026-04-04T10:00:00.000Z
sensor.camera_g_temperatura,22.3057756085,2026-04-04T11:00:00.000Z
sensor.camera_g_temperatura,22.85607600061111,2026-04-04T12:00:00.000Z
sensor.camera_g_temperatura,23.230220499561113,2026-04-04T13:00:00.000Z
sensor.camera_g_temperatura,23.26147596551111,2026-04-04T14:00:00.000Z
sensor.camera_g_temperatura,23.198151369519447,2026-04-04T15:00:00.000Z
sensor.camera_g_temperatura,23.2158375349,2026-04-04T16:00:00.000Z
sensor.camera_g_temperatura,23.226313605227777,2026-04-04T17:00:00.000Z
sensor.camera_g_temperatura,23.44732125532778,2026-04-04T18:00:00.000Z
sensor.camera_g_temperatura,23.46171226463611,2026-04-04T19:00:00.000Z
sensor.camera_g_temperatura,23.11396662933889,2026-04-04T20:00:00.000Z
sensor.camera_g_temperatura,22.285061313922224,2026-04-04T21:00:00.000Z
sensor.camera_g_temperatura,21.730430004675,2026-04-04T22:00:00.000Z
sensor.camera_g_temperatura,21.332532357261112,2026-04-04T23:00:00.000Z
sensor.camera_g_temperatura,21.106538785983332,2026-04-05T00:00:00.000Z
sensor.camera_g_temperatura,20.938527882730554,2026-04-05T01:00:00.000Z
sensor.camera_g_temperatura,20.827926255,2026-04-05T02:00:00.000Z
sensor.camera_g_temperatura,20.711600082480555,2026-04-05T03:00:00.000Z
sensor.camera_g_temperatura,20.61292865151111,2026-04-05T04:00:00.000Z
sensor.camera_g_temperatura,20.527566833744444,2026-04-05T05:00:00.000Z
sensor.camera_g_temperatura,20.419371129558332,2026-04-05T06:00:00.000Z
sensor.camera_g_temperatura,20.587630995305556,2026-04-05T07:00:00.000Z
sensor.camera_g_temperatura,21.44337991966667,2026-04-05T08:00:00.000Z
sensor.camera_g_temperatura,21.81073722511111,2026-04-05T09:00:00.000Z
sensor.camera_g_temperatura,21.73187810213611,2026-04-05T10:00:00.000Z
sensor.camera_g_temperatura,21.709605114322226,2026-04-05T11:00:00.000Z
sensor.camera_g_temperatura,21.575425667791666,2026-04-05T12:00:00.000Z
sensor.camera_g_temperatura,21.51120893506389,2026-04-05T13:00:00.000Z
sensor.camera_g_temperatura,22.155875971119443,2026-04-05T14:00:00.000Z
sensor.camera_g_temperatura,22.94220795003611,2026-04-05T15:00:00.000Z
sensor.camera_g_temperatura,23.11431069410278,2026-04-05T16:00:00.000Z
sensor.camera_g_temperatura,23.02339445292778,2026-04-05T17:00:00.000Z
sensor.camera_g_temperatura,22.881077189558336,2026-04-05T18:00:00.000Z
sensor.camera_g_temperatura,22.37745798681389,2026-04-05T19:00:00.000Z
sensor.camera_g_temperatura,22.030824701241666,2026-04-05T20:00:00.000Z
sensor.camera_g_temperatura,21.796673298327775,2026-04-05T21:00:00.000Z
sensor.camera_g_temperatura,21.598084063230555,2026-04-05T22:00:00.000Z
sensor.camera_g_temperatura,21.406530396677777,2026-04-05T23:00:00.000Z
sensor.camera_g_temperatura,21.266466803958334,2026-04-06T00:00:00.000Z
sensor.camera_g_temperatura,21.175257439277775,2026-04-06T01:00:00.000Z
sensor.camera_g_temperatura,21.08124313883889,2026-04-06T02:00:00.000Z
sensor.camera_g_temperatura,20.993697045805558,2026-04-06T03:00:00.000Z
sensor.camera_g_temperatura,20.91188266767222,2026-04-06T04:00:00.000Z
sensor.camera_g_temperatura,21.148437617772224,2026-04-06T05:00:00.000Z
sensor.camera_g_temperatura,21.281962134936112,2026-04-06T06:00:00.000Z
sensor.camera_g_temperatura,21.062602205780554,2026-04-06T07:00:00.000Z
sensor.camera_g_temperatura,20.939942537208335,2026-04-06T08:00:00.000Z
sensor.camera_g_temperatura,21.036709069527777,2026-04-06T09:00:00.000Z
sensor.camera_g_temperatura,21.193460093097222,2026-04-06T10:00:00.000Z
sensor.camera_g_temperatura,21.377161513730556,2026-04-06T11:00:00.000Z
sensor.camera_g_temperatura,21.52966614137222,2026-04-06T12:00:00.000Z
sensor.camera_g_temperatura,21.63605531736667,2026-04-06T13:00:00.000Z
sensor.camera_g_temperatura,21.759409652933332,2026-04-06T14:00:00.000Z
sensor.camera_g_temperatura,21.942983056388886,2026-04-06T15:00:00.000Z
sensor.camera_g_temperatura,22.111966003427778,2026-04-06T16:00:00.000Z
sensor.camera_g_temperatura,21.971541997805556,2026-04-06T17:00:00.000Z
sensor.camera_g_temperatura,21.944535519925,2026-04-06T18:00:00.000Z
sensor.camera_g_temperatura,21.92335591436111,2026-04-06T19:00:00.000Z
sensor.camera_g_temperatura,21.890576114955554,2026-04-06T20:00:00.000Z
sensor.camera_g_temperatura,21.839196842705558,2026-04-06T21:00:00.000Z
sensor.camera_g_temperatura,21.790965458299997,2026-04-06T22:00:00.000Z
sensor.camera_g_temperatura,21.685300159744443,2026-04-06T23:00:00.000Z
sensor.camera_g_temperatura,21.567332642230554,2026-04-07T00:00:00.000Z
sensor.camera_g_temperatura,21.50180239557778,2026-04-07T01:00:00.000Z
sensor.camera_g_temperatura,21.416205187172224,2026-04-07T02:00:00.000Z
sensor.camera_g_temperatura,21.349782385241667,2026-04-07T03:00:00.000Z
sensor.camera_g_temperatura,21.254937749969447,2026-04-07T04:00:00.000Z
sensor.camera_g_temperatura,21.190006325575002,2026-04-07T05:00:00.000Z
sensor.camera_g_temperatura,21.112713280958335,2026-04-07T06:00:00.000Z
sensor.camera_g_temperatura,21.087965232216668,2026-04-07T07:00:00.000Z
sensor.camera_g_temperatura,21.121319951336112,2026-04-07T08:00:00.000Z
sensor.camera_g_temperatura,21.22345029232778,2026-04-07T09:00:00.000Z
sensor.camera_g_temperatura,21.408981781044446,2026-04-07T10:00:00.000Z
sensor.camera_g_temperatura,21.579494780816663,2026-04-07T11:00:00.000Z
sensor.camera_g_temperatura,21.71646488546111,2026-04-07T12:00:00.000Z
sensor.camera_g_temperatura,21.86051052541111,2026-04-07T13:00:00.000Z
sensor.camera_g_temperatura,21.950314299080556,2026-04-07T14:00:00.000Z
sensor.camera_g_temperatura,22.09303560598333,2026-04-07T15:00:00.000Z
sensor.camera_g_temperatura,22.22877237493333,2026-04-07T16:00:00.000Z
sensor.camera_g_temperatura,22.109329995347224,2026-04-07T17:00:00.000Z
sensor.camera_g_temperatura,22.09441627152222,2026-04-07T18:00:00.000Z
sensor.camera_g_temperatura,22.091984598125,2026-04-07T19:00:00.000Z
sensor.camera_g_temperatura,22.042448423369446,2026-04-07T20:00:00.000Z
sensor.camera_g_temperatura,21.969734981800002,2026-04-07T21:00:00.000Z
sensor.camera_g_temperatura,21.88589934403056,2026-04-07T22:00:00.000Z
sensor.camera_g_temperatura,21.786523158155557,2026-04-07T23:00:00.000Z
sensor.camera_g_temperatura,21.703790521444446,2026-04-08T00:00:00.000Z
sensor.camera_g_temperatura,21.631026287966666,2026-04-08T01:00:00.000Z
sensor.camera_g_temperatura,21.56436695794166,2026-04-08T02:00:00.000Z
sensor.camera_g_temperatura,21.517105363902775,2026-04-08T03:00:00.000Z
sensor.camera_g_temperatura,21.442010788330553,2026-04-08T04:00:00.000Z
sensor.camera_g_temperatura,21.382221296897225,2026-04-08T05:00:00.000Z
sensor.camera_g_temperatura,21.347035370983335,2026-04-08T06:00:00.000Z
sensor.camera_g_temperatura,21.32554489433055,2026-04-08T07:00:00.000Z
sensor.camera_g_temperatura,21.33444581174722,2026-04-08T08:00:00.000Z
sensor.camera_g_temperatura,21.40510598789167,2026-04-08T09:00:00.000Z
sensor.camera_g_temperatura,21.5463309615,2026-04-08T10:00:00.000Z
sensor.camera_g_temperatura,21.691874558519444,2026-04-08T11:00:00.000Z
sensor.camera_g_temperatura,21.839563845921216,2026-04-08T12:00:00.000Z
sensor.camera_g_temperatura,21.975932229125004,2026-04-08T13:00:00.000Z
sensor.camera_g_temperatura,22.082680359866668,2026-04-08T14:00:00.000Z
sensor.camera_g_temperatura,22.23454295918611,2026-04-08T15:00:00.000Z
sensor.camera_g_temperatura,22.333240392736112,2026-04-08T16:00:00.000Z
sensor.camera_g_temperatura,22.214216787583336,2026-04-08T17:00:00.000Z
sensor.camera_g_temperatura,22.1732890504,2026-04-08T18:00:00.000Z
sensor.camera_g_temperatura,22.1739425542,2026-04-08T19:00:00.000Z
sensor.camera_g_temperatura,22.180066760327776,2026-04-08T20:00:00.000Z
sensor.camera_g_temperatura,22.140428951480555,2026-04-08T21:00:00.000Z
sensor.camera_g_temperatura,22.109923147111108,2026-04-08T22:00:00.000Z
sensor.camera_g_temperatura,22.011955361130557,2026-04-08T23:00:00.000Z
sensor.camera_g_temperatura,21.895847059544447,2026-04-09T00:00:00.000Z
sensor.camera_g_temperatura,21.833425086833333,2026-04-09T01:00:00.000Z
sensor.camera_g_temperatura,21.756736535927775,2026-04-09T02:00:00.000Z
sensor.camera_g_temperatura,21.68216999446389,2026-04-09T03:00:00.000Z
sensor.camera_g_temperatura,21.593311376633334,2026-04-09T04:00:00.000Z
sensor.camera_g_temperatura,21.520974823597225,2026-04-09T05:00:00.000Z
sensor.camera_g_temperatura,21.468362298419446,2026-04-09T06:00:00.000Z
sensor.camera_g_temperatura,21.43697352154722,2026-04-09T07:00:00.000Z
sensor.camera_g_temperatura,21.444881252330557,2026-04-09T08:00:00.000Z
sensor.camera_g_temperatura,21.49419615117778,2026-04-09T09:00:00.000Z
sensor.camera_g_temperatura,21.606574656891667,2026-04-09T10:00:00.000Z
sensor.camera_g_temperatura,21.754601134158335,2026-04-09T11:00:00.000Z
sensor.camera_g_temperatura,21.91256986787222,2026-04-09T12:00:00.000Z
sensor.camera_g_temperatura,21.979898764338888,2026-04-09T13:00:00.000Z
sensor.camera_g_temperatura,22.066188762405556,2026-04-09T14:00:00.000Z
sensor.camera_g_temperatura,22.166868616544445,2026-04-09T15:00:00.000Z
sensor.camera_g_temperatura,22.272706241080556,2026-04-09T16:00:00.000Z
sensor.camera_g_temperatura,22.197025262805553,2026-04-09T17:00:00.000Z
sensor.camera_g_temperatura,22.171345628536113,2026-04-09T18:00:00.000Z
sensor.camera_g_temperatura,22.169806047708335,2026-04-09T19:00:00.000Z
sensor.camera_g_temperatura,22.11097139119722,2026-04-09T20:00:00.000Z
sensor.camera_g_temperatura,22.02023958601389,2026-04-09T21:00:00.000Z
sensor.camera_g_temperatura,21.92441769160833,2026-04-09T22:00:00.000Z
sensor.camera_g_temperatura,21.85309121617222,2026-04-09T23:00:00.000Z
sensor.camera_g_temperatura,21.762897126097226,2026-04-10T00:00:00.000Z
sensor.camera_g_temperatura,21.678524870736112,2026-04-10T01:00:00.000Z
sensor.camera_g_temperatura,21.61092591513611,2026-04-10T02:00:00.000Z
sensor.camera_g_temperatura,21.554269708144446,2026-04-10T03:00:00.000Z
sensor.camera_g_temperatura,21.497805163894444,2026-04-10T04:00:00.000Z
sensor.camera_g_temperatura,21.439079112255556,2026-04-10T05:00:00.000Z
sensor.camera_g_temperatura,21.408907879644445,2026-04-10T06:00:00.000Z
sensor.camera_g_temperatura,21.36041100071945,2026-04-10T07:00:00.000Z
sensor.camera_g_temperatura,21.360999901452775,2026-04-10T08:00:00.000Z
sensor.camera_g_temperatura,21.392548004586114,2026-04-10T09:00:00.000Z
sensor.camera_g_temperatura,21.43522156995,2026-04-10T10:00:00.000Z
sensor.camera_g_temperatura,21.538469711255555,2026-04-10T11:00:00.000Z
sensor.camera_g_temperatura,21.66095294032778,2026-04-10T12:00:00.000Z
sensor.camera_g_temperatura,21.717005639972218,2026-04-10T13:00:00.000Z
sensor.camera_g_temperatura,21.8172080768,2026-04-10T14:00:00.000Z
sensor.camera_g_temperatura,21.886644095630555,2026-04-10T15:00:00.000Z
sensor.camera_g_temperatura,21.922637693411115,2026-04-10T16:00:00.000Z
sensor.camera_g_temperatura,21.915805676863886,2026-04-10T17:00:00.000Z
sensor.camera_g_temperatura,21.896192385055556,2026-04-10T18:00:00.000Z
sensor.camera_g_temperatura,21.871186753775003,2026-04-10T19:00:00.000Z
sensor.camera_g_temperatura,21.806859112230555,2026-04-10T20:00:00.000Z
sensor.camera_g_temperatura,21.74904159148056,2026-04-10T21:00:00.000Z
sensor.camera_g_temperatura,21.68993289865,2026-04-10T22:00:00.000Z
sensor.camera_g_temperatura,21.62641850572778,2026-04-10T23:00:00.000Z
sensor.camera_g_temperatura,21.530307692133334,2026-04-11T00:00:00.000Z
sensor.camera_g_temperatura,21.474464470475,2026-04-11T01:00:00.000Z
sensor.camera_g_temperatura,21.39835549535,2026-04-11T02:00:00.000Z
sensor.camera_g_temperatura,21.33714305841389,2026-04-11T03:00:00.000Z
sensor.camera_g_temperatura,21.269591841633332,2026-04-11T04:00:00.000Z
sensor.camera_g_temperatura,21.195597817486114,2026-04-11T05:00:00.000Z
sensor.camera_g_temperatura,21.145092355841665,2026-04-11T06:00:00.000Z
sensor.camera_g_temperatura,21.125338603075,2026-04-11T07:00:00.000Z
sensor.camera_g_temperatura,21.14259078563889,2026-04-11T08:00:00.000Z
sensor.camera_g_temperatura,21.210257742127776,2026-04-11T09:00:00.000Z
sensor.camera_g_temperatura,21.3081823872,2026-04-11T10:00:00.000Z
sensor.camera_g_temperatura,21.46837052702222,2026-04-11T11:00:00.000Z
sensor.camera_g_temperatura,21.61968303506111,2026-04-11T12:00:00.000Z
sensor.camera_g_temperatura,21.7316240369,2026-04-11T13:00:00.000Z
sensor.camera_g_temperatura,21.847390475788888,2026-04-11T14:00:00.000Z
sensor.camera_g_temperatura,22.049010838416667,2026-04-11T15:00:00.000Z
sensor.camera_g_temperatura,22.14738745206111,2026-04-11T16:00:00.000Z
sensor.camera_g_temperatura,22.03526214655278,2026-04-11T17:00:00.000Z
sensor.camera_g_temperatura,22.02462105128889,2026-04-11T18:00:00.000Z
sensor.camera_g_temperatura,21.962878547794446,2026-04-11T19:00:00.000Z
sensor.camera_g_temperatura,21.929418307513888,2026-04-11T20:00:00.000Z
sensor.camera_g_temperatura,21.84186225502222,2026-04-11T21:00:00.000Z
sensor.camera_g_temperatura,21.782378474919444,2026-04-11T22:00:00.000Z
sensor.camera_g_temperatura,21.69731821879722,2026-04-11T23:00:00.000Z
sensor.camera_g_temperatura,21.630250352319447,2026-04-12T00:00:00.000Z
sensor.camera_g_temperatura,21.572184966719444,2026-04-12T01:00:00.000Z
sensor.camera_g_temperatura,21.517561600888886,2026-04-12T02:00:00.000Z
sensor.camera_g_temperatura,21.435672184230555,2026-04-12T03:00:00.000Z
sensor.camera_g_temperatura,21.393980149516665,2026-04-12T04:00:00.000Z
sensor.camera_g_temperatura,21.346370698505556,2026-04-12T05:00:00.000Z
sensor.camera_g_temperatura,21.28664055319722,2026-04-12T06:00:00.000Z
sensor.camera_g_temperatura,21.25303639573889,2026-04-12T07:00:00.000Z
sensor.camera_g_temperatura,21.231301748219444,2026-04-12T08:00:00.000Z
sensor.camera_g_temperatura,21.2420956335,2026-04-12T09:00:00.000Z
sensor.camera_g_temperatura,21.292468179783334,2026-04-12T10:00:00.000Z
sensor.camera_g_temperatura,21.33857181861111,2026-04-12T11:00:00.000Z
sensor.camera_g_temperatura,21.36922101850833,2026-04-12T12:00:00.000Z
sensor.camera_g_temperatura,21.42088233880833,2026-04-12T13:00:00.000Z
sensor.camera_g_temperatura,21.62950902844722,2026-04-12T14:00:00.000Z
sensor.camera_g_temperatura,21.607146787655555,2026-04-12T15:00:00.000Z
sensor.camera_g_temperatura,21.54855686985,2026-04-12T16:00:00.000Z
sensor.camera_g_temperatura,21.504205526152777,2026-04-12T17:00:00.000Z
sensor.camera_g_temperatura,21.44748337628611,2026-04-12T18:00:00.000Z
sensor.camera_g_temperatura,21.402471987747223,2026-04-12T19:00:00.000Z
sensor.camera_g_temperatura,21.363701036158332,2026-04-12T20:00:00.000Z
sensor.camera_g_temperatura,21.326836508730555,2026-04-12T21:00:00.000Z
sensor.camera_g_temperatura,21.3,2026-04-12T22:00:00.000Z
sensor.camera_g_temperatura,21.270814426919447,2026-04-12T23:00:00.000Z
sensor.camera_g_temperatura,21.24588903636111,2026-04-13T00:00:00.000Z
sensor.camera_g_temperatura,21.212116805386113,2026-04-13T01:00:00.000Z
sensor.camera_g_temperatura,21.189845763536113,2026-04-13T02:00:00.000Z
sensor.camera_g_temperatura,21.155067098516668,2026-04-13T03:00:00.000Z
sensor.camera_g_temperatura,21.124413059158332,2026-04-13T04:00:00.000Z
sensor.camera_g_temperatura,21.104024474525,2026-04-13T05:00:00.000Z
sensor.camera_g_temperatura,21.08711523402222,2026-04-13T06:00:00.000Z
sensor.camera_g_temperatura,21.064742731333332,2026-04-13T07:00:00.000Z
sensor.camera_g_temperatura,21.03398615368611,2026-04-13T08:00:00.000Z
sensor.camera_g_temperatura,21.008777258933335,2026-04-13T09:00:00.000Z
sensor.camera_g_temperatura,21.00883930175,2026-04-13T10:00:00.000Z
sensor.camera_g_temperatura,21.022684618269444,2026-04-13T11:00:00.000Z
sensor.camera_g_temperatura,21.106437914416667,2026-04-13T12:00:00.000Z
sensor.camera_g_temperatura,21.109622937761113,2026-04-13T13:00:00.000Z
sensor.camera_g_temperatura,21.101500973097224,2026-04-13T14:00:00.000Z
sensor.camera_g_temperatura,21.095860566941667,2026-04-13T15:00:00.000Z
sensor.camera_g_temperatura,21.093289249433333,2026-04-13T16:00:00.000Z
sensor.camera_g_temperatura,21.107550023769445,2026-04-13T17:00:00.000Z
sensor.camera_g_temperatura,21.07801296740833,2026-04-13T18:00:00.000Z
sensor.camera_g_temperatura,21.135903192158334,2026-04-13T19:00:00.000Z
sensor.camera_g_temperatura,21.873867843766664,2026-04-13T20:00:00.000Z
sensor.camera_g_temperatura,21.832552234833333,2026-04-13T21:00:00.000Z
sensor.camera_g_temperatura,21.468789437461112,2026-04-13T22:00:00.000Z
sensor.camera_g_temperatura,21.235176519127776,2026-04-13T23:00:00.000Z
sensor.camera_g_temperatura,21.08577463646111,2026-04-14T00:00:00.000Z
sensor.camera_g_temperatura,20.99717277065,2026-04-14T01:00:00.000Z
sensor.camera_g_temperatura,20.942515475894442,2026-04-14T02:00:00.000Z
sensor.camera_g_temperatura,20.88312286712222,2026-04-14T03:00:00.000Z
sensor.camera_g_temperatura,20.847594429272224,2026-04-14T04:00:00.000Z
sensor.camera_g_temperatura,21.23858795104167,2026-04-14T05:00:00.000Z
sensor.camera_g_temperatura,22.262619302525,2026-04-14T06:00:00.000Z
sensor.camera_g_temperatura,22.547561034394445,2026-04-14T07:00:00.000Z
sensor.camera_g_temperatura,22.162046697311112,2026-04-14T08:00:00.000Z
sensor.camera_g_temperatura,21.763309611994444,2026-04-14T09:00:00.000Z
sensor.camera_g_temperatura,22.458708649241668,2026-04-14T10:00:00.000Z
sensor.camera_g_temperatura,22.349733640272223,2026-04-14T11:00:00.000Z
sensor.camera_g_temperatura,21.975228938577775,2026-04-14T12:00:00.000Z
sensor.camera_g_temperatura,21.84649021073611,2026-04-14T13:00:00.000Z
sensor.camera_g_temperatura,21.87860561512778,2026-04-14T14:00:00.000Z
sensor.camera_g_temperatura,22.27496626599722,2026-04-14T15:00:00.000Z
sensor.camera_g_temperatura,22.02780995087222,2026-04-14T16:00:00.000Z
sensor.camera_g_temperatura,21.668491769444444,2026-04-14T17:00:00.000Z
sensor.camera_g_temperatura,21.557939768552774,2026-04-14T18:00:00.000Z
sensor.camera_g_temperatura,22.14762707685,2026-04-14T19:00:00.000Z
sensor.camera_g_temperatura,22.782934717483332,2026-04-14T20:00:00.000Z
sensor.camera_g_temperatura,22.339491056975003,2026-04-14T21:00:00.000Z
sensor.camera_g_temperatura,21.894823308994447,2026-04-14T22:00:00.000Z
sensor.camera_g_temperatura,21.549194465641666,2026-04-14T23:00:00.000Z
sensor.camera_g_temperatura,21.309318997355557,2026-04-15T00:00:00.000Z
sensor.camera_g_temperatura,21.185325200422223,2026-04-15T01:00:00.000Z
sensor.camera_g_temperatura,21.079512878047222,2026-04-15T02:00:00.000Z
sensor.camera_g_temperatura,21.00820707362222,2026-04-15T03:00:00.000Z
sensor.camera_g_temperatura,20.946385095630557,2026-04-15T04:00:00.000Z
sensor.camera_g_temperatura,21.45648479293611,2026-04-15T05:00:00.000Z
sensor.camera_g_temperatura,21.811538512408333,2026-04-15T06:00:00.000Z
sensor.camera_g_temperatura,21.393679081408333,2026-04-15T07:00:00.000Z
sensor.camera_g_temperatura,21.21127127859444,2026-04-15T08:00:00.000Z
sensor.camera_g_temperatura,21.18878517891111,2026-04-15T09:00:00.000Z
sensor.camera_g_temperatura,21.28527502216667,2026-04-15T10:00:00.000Z
sensor.camera_g_temperatura,21.40297059050278,2026-04-15T11:00:00.000Z
sensor.camera_g_temperatura,21.533121795147224,2026-04-15T12:00:00.000Z
sensor.camera_g_temperatura,21.64322457615,2026-04-15T13:00:00.000Z
sensor.camera_g_temperatura,21.716332454455554,2026-04-15T14:00:00.000Z
sensor.camera_g_temperatura,21.699345909027773,2026-04-15T15:00:00.000Z
sensor.camera_g_temperatura,21.64503474832222,2026-04-15T16:00:00.000Z
sensor.camera_g_temperatura,21.57155968240278,2026-04-15T17:00:00.000Z
sensor.camera_g_temperatura,21.52364270858889,2026-04-15T18:00:00.000Z
sensor.camera_g_temperatura,21.453273471894445,2026-04-15T19:00:00.000Z
sensor.camera_g_temperatura,21.41416809042778,2026-04-15T20:00:00.000Z
sensor.camera_g_temperatura,21.349568405383334,2026-04-15T21:00:00.000Z
sensor.camera_g_temperatura,21.32567815505833,2026-04-15T22:00:00.000Z
sensor.camera_g_temperatura,21.26712306265833,2026-04-15T23:00:00.000Z
sensor.camera_g_temperatura,21.2,2026-04-16T00:00:00.000Z
sensor.camera_g_temperatura,21.071837233751516,2026-04-16T03:00:00.000Z
sensor.camera_g_temperatura,21.023014982655557,2026-04-16T04:00:00.000Z
sensor.camera_g_temperatura,21.147892246466665,2026-04-16T05:00:00.000Z
sensor.camera_g_temperatura,22.07010789378889,2026-04-16T06:00:00.000Z
sensor.camera_g_temperatura,22.500685986516668,2026-04-16T07:00:00.000Z
sensor.camera_g_temperatura,22.246473854008332,2026-04-16T08:00:00.000Z
sensor.camera_g_temperatura,21.905047968652777,2026-04-16T09:00:00.000Z
sensor.camera_g_temperatura,21.790518547244446,2026-04-16T10:00:00.000Z
sensor.camera_g_temperatura,21.851495669974998,2026-04-16T11:00:00.000Z
sensor.camera_g_temperatura,22.008483539355556,2026-04-16T12:00:00.000Z
sensor.camera_g_temperatura,22.105992817794444,2026-04-16T13:00:00.000Z
sensor.camera_g_temperatura,22.152233458627776,2026-04-16T14:00:00.000Z
sensor.camera_g_temperatura,22.10527345236389,2026-04-16T15:00:00.000Z
sensor.camera_g_temperatura,22.05027474885,2026-04-16T16:00:00.000Z
sensor.camera_g_temperatura,21.982484616944443,2026-04-16T17:00:00.000Z
sensor.camera_g_temperatura,21.923186955758336,2026-04-16T18:00:00.000Z
sensor.camera_g_temperatura,21.855566270944447,2026-04-16T19:00:00.000Z
sensor.camera_g_temperatura,21.821006304836114,2026-04-16T20:00:00.000Z
sensor.camera_g_temperatura,21.773986676630557,2026-04-16T21:00:00.000Z
sensor.camera_g_temperatura,21.732946176688888,2026-04-16T22:00:00.000Z
sensor.camera_g_temperatura,21.672327822722224,2026-04-16T23:00:00.000Z
sensor.camera_g_temperatura,21.620500643944442,2026-04-17T00:00:00.000Z
sensor.camera_g_temperatura,21.567264233663888,2026-04-17T01:00:00.000Z
sensor.camera_g_temperatura,21.519206763452782,2026-04-17T02:00:00.000Z
sensor.camera_g_temperatura,21.469793886894447,2026-04-17T03:00:00.000Z
sensor.camera_g_temperatura,21.435317180969445,2026-04-17T04:00:00.000Z
sensor.camera_g_temperatura,21.402283935675,2026-04-17T05:00:00.000Z
sensor.camera_g_temperatura,21.385754597013886,2026-04-17T06:00:00.000Z
sensor.camera_g_temperatura,21.377733518883332,2026-04-17T07:00:00.000Z
sensor.camera_g_temperatura,21.412901383575,2026-04-17T08:00:00.000Z
sensor.camera_g_temperatura,21.517063985905555,2026-04-17T09:00:00.000Z
sensor.camera_g_temperatura,21.64083579546111,2026-04-17T10:00:00.000Z
sensor.camera_g_temperatura,21.780250077344444,2026-04-17T11:00:00.000Z
sensor.camera_g_temperatura,21.93280091439722,2026-04-17T12:00:00.000Z
sensor.camera_g_temperatura,22.08161009173611,2026-04-17T13:00:00.000Z
sensor.camera_g_temperatura,22.16016122843889,2026-04-17T14:00:00.000Z
sensor.camera_g_temperatura,22.179929839977778,2026-04-17T15:00:00.000Z
sensor.camera_g_temperatura,22.162846124580554,2026-04-17T16:00:00.000Z
sensor.camera_g_temperatura,22.123244648024997,2026-04-17T17:00:00.000Z
sensor.camera_g_temperatura,22.113333806633335,2026-04-17T18:00:00.000Z
sensor.camera_g_temperatura,22.09748349251667,2026-04-17T19:00:00.000Z
sensor.camera_g_temperatura,22.071884729586113,2026-04-17T20:00:00.000Z
sensor.camera_g_temperatura,22.0089245539,2026-04-17T21:00:00.000Z
sensor.camera_g_temperatura,21.978834946105554,2026-04-17T22:00:00.000Z
sensor.camera_g_temperatura,21.90477176060833,2026-04-17T23:00:00.000Z
sensor.camera_g_temperatura,21.863295575119448,2026-04-18T00:00:00.000Z
sensor.camera_g_temperatura,21.824902959330558,2026-04-18T01:00:00.000Z
sensor.camera_g_temperatura,21.76237418046389,2026-04-18T02:00:00.000Z
sensor.camera_g_temperatura,21.73677011511111,2026-04-18T03:00:00.000Z
sensor.camera_g_temperatura,21.70681941409722,2026-04-18T04:00:00.000Z
sensor.camera_g_temperatura,21.683189437333336,2026-04-18T05:00:00.000Z
sensor.camera_g_temperatura,21.631412321669444,2026-04-18T06:00:00.000Z
sensor.camera_g_temperatura,21.624982701794448,2026-04-18T07:00:00.000Z
sensor.camera_g_temperatura,21.677485960761114,2026-04-18T08:00:00.000Z
sensor.camera_g_temperatura,21.768714222558334,2026-04-18T09:00:00.000Z
sensor.camera_g_temperatura,21.917140105102778,2026-04-18T10:00:00.000Z
sensor.camera_g_temperatura,22.066408093377778,2026-04-18T11:00:00.000Z
sensor.camera_g_temperatura,22.205365364211108,2026-04-18T12:00:00.000Z
sensor.camera_g_temperatura,22.347955089633334,2026-04-18T13:00:00.000Z
sensor.camera_g_temperatura,22.382128429144444,2026-04-18T14:00:00.000Z
sensor.camera_g_temperatura,22.426829130191667,2026-04-18T15:00:00.000Z
sensor.camera_g_temperatura,22.434966025655555,2026-04-18T16:00:00.000Z
sensor.camera_g_temperatura,22.4633784831,2026-04-18T17:00:00.000Z
sensor.camera_g_temperatura,22.459999999999997,2026-04-18T18:00:00.000Z
sensor.camera_g_temperatura,22.442442123666666,2026-04-18T19:00:00.000Z
sensor.camera_g_temperatura,22.41946173163056,2026-04-18T20:00:00.000Z
sensor.camera_g_temperatura,22.391927580361113,2026-04-18T21:00:00.000Z
sensor.camera_g_temperatura,22.357479938944447,2026-04-18T22:00:00.000Z
sensor.camera_g_temperatura,22.307016899180553,2026-04-18T23:00:00.000Z
sensor.camera_g_temperatura,22.265685555461115,2026-04-19T00:00:00.000Z
sensor.camera_g_temperatura,22.23627852652778,2026-04-19T01:00:00.000Z
sensor.camera_g_temperatura,22.218255767644447,2026-04-19T02:00:00.000Z
sensor.camera_g_temperatura,22.204974360219442,2026-04-19T03:00:00.000Z
sensor.camera_g_temperatura,22.16158634197778,2026-04-19T04:00:00.000Z
sensor.camera_g_temperatura,22.143761750975,2026-04-19T05:00:00.000Z
sensor.camera_g_temperatura,22.127483489575,2026-04-19T06:00:00.000Z
sensor.camera_g_temperatura,22.079868588916668,2026-04-19T07:00:00.000Z
sensor.camera_g_temperatura,22.038523632644445,2026-04-19T08:00:00.000Z
sensor.camera_g_temperatura,22.049762579202778,2026-04-19T09:00:00.000Z
sensor.camera_g_temperatura,22.16911553593889,2026-04-19T10:00:00.000Z
sensor.camera_g_temperatura,22.337036120394444,2026-04-19T11:00:00.000Z
sensor.camera_g_temperatura,22.50590236119722,2026-04-19T12:00:00.000Z
sensor.camera_g_temperatura,22.6360445855,2026-04-19T13:00:00.000Z
sensor.camera_g_temperatura,22.69911736664167,2026-04-19T14:00:00.000Z
sensor.camera_g_temperatura,22.71228844587778,2026-04-19T15:00:00.000Z
sensor.camera_g_temperatura,22.675326683805554,2026-04-19T16:00:00.000Z
sensor.camera_g_temperatura,22.707812831555554,2026-04-19T17:00:00.000Z
sensor.camera_g_temperatura,22.71834506118333,2026-04-19T18:00:00.000Z
sensor.camera_g_temperatura,22.66318352735833,2026-04-19T19:00:00.000Z
sensor.camera_g_temperatura,22.610466677713887,2026-04-19T20:00:00.000Z
sensor.camera_g_temperatura,22.574201208486112,2026-04-19T21:00:00.000Z
sensor.camera_g_temperatura,22.53089359346667,2026-04-19T22:00:00.000Z
sensor.camera_g_temperatura,22.45497819510278,2026-04-19T23:00:00.000Z
sensor.camera_g_temperatura,22.401289036733335,2026-04-20T00:00:00.000Z
sensor.camera_g_temperatura,22.344008760608332,2026-04-20T01:00:00.000Z
sensor.camera_g_temperatura,22.302717516794445,2026-04-20T02:00:00.000Z
sensor.camera_g_temperatura,22.262622663794446,2026-04-20T03:00:00.000Z
sensor.camera_g_temperatura,22.22724567618611,2026-04-20T04:00:00.000Z
sensor.camera_g_temperatura,22.175338919155553,2026-04-20T05:00:00.000Z
sensor.camera_g_temperatura,22.145781222308333,2026-04-20T06:00:00.000Z
sensor.camera_g_temperatura,22.122691076408334,2026-04-20T07:00:00.000Z
sensor.camera_g_temperatura,22.130846017741664,2026-04-20T08:00:00.000Z
sensor.camera_g_temperatura,22.21358976946389,2026-04-20T09:00:00.000Z
sensor.camera_g_temperatura,22.308714208183332,2026-04-20T10:00:00.000Z
sensor.camera_g_temperatura,22.420363557630555,2026-04-20T11:00:00.000Z
sensor.camera_g_temperatura,22.528647843338888,2026-04-20T12:00:00.000Z
sensor.camera_g_temperatura,22.662252946252778,2026-04-20T13:00:00.000Z
sensor.camera_g_temperatura,22.753365169719444,2026-04-20T14:00:00.000Z
sensor.camera_g_temperatura,22.738219754705554,2026-04-20T15:00:00.000Z
sensor.camera_g_temperatura,22.730214352841667,2026-04-20T16:00:00.000Z
sensor.camera_g_temperatura,22.735792927188886,2026-04-20T17:00:00.000Z
sensor.camera_g_temperatura,22.6905395182,2026-04-20T18:00:00.000Z
sensor.camera_g_temperatura,22.646697922541666,2026-04-20T19:00:00.000Z
sensor.camera_g_temperatura,22.637721609736115,2026-04-20T20:00:00.000Z
sensor.camera_g_temperatura,22.594553637130556,2026-04-20T21:00:00.000Z
sensor.camera_g_temperatura,22.556029756544444,2026-04-20T22:00:00.000Z
sensor.camera_g_temperatura,22.478397018349998,2026-04-20T23:00:00.000Z
sensor.camera_g_temperatura,22.396763782472224,2026-04-21T00:00:00.000Z
sensor.camera_g_temperatura,22.338320415247225,2026-04-21T01:00:00.000Z
sensor.camera_g_temperatura,22.271689351819447,2026-04-21T02:00:00.000Z
sensor.camera_g_temperatura,22.21809348403889,2026-04-21T03:00:00.000Z
sensor.camera_g_temperatura,22.177829778177777,2026-04-21T04:00:00.000Z
sensor.camera_g_temperatura,22.124303139075,2026-04-21T05:00:00.000Z
sensor.camera_g_temperatura,22.113538139191665,2026-04-21T06:00:00.000Z
sensor.camera_g_temperatura,22.084100956752778,2026-04-21T07:00:00.000Z
sensor.camera_g_temperatura,22.084858831894447,2026-04-21T08:00:00.000Z
sensor.camera_g_temperatura,22.114658490891667,2026-04-21T09:00:00.000Z
sensor.camera_g_temperatura,22.145068414477777,2026-04-21T10:00:00.000Z
sensor.camera_g_temperatura,22.1873537164,2026-04-21T11:00:00.000Z
sensor.camera_g_temperatura,22.23777200518333,2026-04-21T12:00:00.000Z
sensor.camera_g_temperatura,22.33501827258611,2026-04-21T13:00:00.000Z
sensor.camera_g_temperatura,22.4594887073,2026-04-21T14:00:00.000Z
sensor.camera_g_temperatura,22.500461775925,2026-04-21T15:00:00.000Z
sensor.camera_g_temperatura,22.48822124070833,2026-04-21T16:00:00.000Z
sensor.camera_g_temperatura,22.450688593466666,2026-04-21T17:00:00.000Z
sensor.camera_g_temperatura,22.405020133425,2026-04-21T18:00:00.000Z
sensor.camera_g_temperatura,22.344714649880558,2026-04-21T19:00:00.000Z
sensor.camera_g_temperatura,22.244294500852778,2026-04-21T20:00:00.000Z
sensor.camera_g_temperatura,22.192357565941666,2026-04-21T21:00:00.000Z
sensor.camera_g_temperatura,22.09415488133611,2026-04-21T22:00:00.000Z
sensor.camera_g_temperatura,22.005491985905554,2026-04-21T23:00:00.000Z
sensor.camera_g_temperatura,21.960361411019445,2026-04-22T00:00:00.000Z
sensor.camera_g_temperatura,21.89325223013611,2026-04-22T01:00:00.000Z
sensor.camera_g_temperatura,21.84121537015,2026-04-22T02:00:00.000Z
sensor.camera_g_temperatura,21.800896740219443,2026-04-22T03:00:00.000Z
sensor.camera_g_temperatura,21.745043140233335,2026-04-22T04:00:00.000Z
sensor.camera_g_temperatura,21.689177112197225,2026-04-22T05:00:00.000Z
sensor.camera_g_temperatura,21.646210316008332,2026-04-22T06:00:00.000Z
sensor.camera_g_temperatura,21.619709741766666,2026-04-22T07:00:00.000Z
sensor.camera_g_temperatura,21.596711139822222,2026-04-22T08:00:00.000Z
sensor.camera_g_temperatura,21.580581478191665,2026-04-22T09:00:00.000Z
sensor.camera_g_temperatura,21.635226646341664,2026-04-22T10:00:00.000Z
sensor.camera_g_temperatura,21.735970647991667,2026-04-22T11:00:00.000Z
sensor.camera_g_temperatura,21.881850555611113,2026-04-22T12:00:00.000Z
sensor.camera_g_temperatura,21.98371185048333,2026-04-22T13:00:00.000Z
sensor.camera_g_temperatura,22.032455212077778,2026-04-22T14:00:00.000Z
sensor.camera_g_temperatura,22.043486133177776,2026-04-22T15:00:00.000Z
sensor.camera_g_temperatura,22.013547594469443,2026-04-22T16:00:00.000Z
sensor.camera_g_temperatura,21.957806103130554,2026-04-22T17:00:00.000Z
sensor.camera_g_temperatura,21.940231124177775,2026-04-22T18:00:00.000Z
sensor.camera_g_temperatura,21.894202580680556,2026-04-22T19:00:00.000Z
sensor.camera_g_temperatura,21.830791706680557,2026-04-22T20:00:00.000Z
sensor.camera_g_temperatura,21.779008657891666,2026-04-22T21:00:00.000Z
sensor.camera_g_temperatura,21.749164778522225,2026-04-22T22:00:00.000Z
sensor.camera_g_temperatura,21.706909176430557,2026-04-22T23:00:00.000Z
sensor.camera_g_temperatura,21.658603145908334,2026-04-23T00:00:00.000Z
sensor.camera_g_temperatura,21.615882790491668,2026-04-23T01:00:00.000Z
sensor.camera_g_temperatura,21.561830814944443,2026-04-23T02:00:00.000Z
sensor.camera_g_temperatura,21.5176642088,2026-04-23T03:00:00.000Z
sensor.camera_g_temperatura,21.46931221821667,2026-04-23T04:00:00.000Z
sensor.camera_g_temperatura,21.397441642197222,2026-04-23T05:00:00.000Z
sensor.camera_g_temperatura,21.366649689347224,2026-04-23T06:00:00.000Z
sensor.camera_g_temperatura,21.372028499458334,2026-04-23T07:00:00.000Z
sensor.camera_g_temperatura,21.37722959687778,2026-04-23T08:00:00.000Z
sensor.camera_g_temperatura,21.423810246408333,2026-04-23T09:00:00.000Z
sensor.camera_g_temperatura,21.490394928158334,2026-04-23T10:00:00.000Z
sensor.camera_g_temperatura,21.618768463530557,2026-04-23T11:00:00.000Z
sensor.camera_g_temperatura,21.7408864877,2026-04-23T12:00:00.000Z
sensor.camera_g_temperatura,21.866922263191668,2026-04-23T13:00:00.000Z
sensor.camera_g_temperatura,21.943436833486107,2026-04-23T14:00:00.000Z
sensor.camera_g_temperatura,21.976700137072218,2026-04-23T15:00:00.000Z
sensor.camera_g_temperatura,21.95407474031944,2026-04-23T16:00:00.000Z
sensor.camera_g_temperatura,21.957311575502775,2026-04-23T17:00:00.000Z
sensor.camera_g_temperatura,21.93237920515,2026-04-23T18:00:00.000Z
sensor.camera_g_temperatura,21.883270173044448,2026-04-23T19:00:00.000Z
sensor.camera_g_temperatura,21.870720529583334,2026-04-23T20:00:00.000Z
sensor.camera_g_temperatura,21.810091988966665,2026-04-23T21:00:00.000Z
sensor.camera_g_temperatura,21.757988808419444,2026-04-23T22:00:00.000Z
sensor.camera_g_temperatura,21.71744756473889,2026-04-23T23:00:00.000Z
sensor.camera_g_temperatura,21.639497604394446,2026-04-24T00:00:00.000Z
sensor.camera_g_temperatura,21.591858595577776,2026-04-24T01:00:00.000Z
sensor.camera_g_temperatura,21.543954936225003,2026-04-24T02:00:00.000Z
sensor.camera_g_temperatura,21.48353379246667,2026-04-24T03:00:00.000Z
sensor.camera_g_temperatura,21.42010934656111,2026-04-24T04:00:00.000Z
sensor.camera_g_temperatura,21.363928008944445,2026-04-24T05:00:00.000Z
sensor.camera_g_temperatura,21.32329468356111,2026-04-24T06:00:00.000Z
sensor.camera_g_temperatura,21.319949988324996,2026-04-24T07:00:00.000Z
sensor.camera_g_temperatura,21.356158455905554,2026-04-24T08:00:00.000Z
sensor.camera_g_temperatura,21.38,2026-04-24T09:00:00.000Z
sensor.camera_g_temperatura,21.501397486991664,2026-04-24T10:00:00.000Z
sensor.camera_g_temperatura,21.633238238616666,2026-04-24T11:00:00.000Z
sensor.camera_g_temperatura,21.755226184044446,2026-04-24T12:00:00.000Z
sensor.camera_g_temperatura,21.929999999999996,2026-04-24T13:00:00.000Z
sensor.camera_g_temperatura,21.929999999999996,2026-04-24T14:00:00.000Z
sensor.camera_g_temperatura,22.01560153704722,2026-04-24T16:00:00.000Z
sensor.camera_g_temperatura,22.050813352480557,2026-04-24T17:00:00.000Z
sensor.camera_g_temperatura,22.032973725991667,2026-04-24T18:00:00.000Z
sensor.camera_g_temperatura,22.010773416016665,2026-04-24T19:00:00.000Z
sensor.camera_g_temperatura,21.995092249547223,2026-04-24T20:00:00.000Z
sensor.camera_g_temperatura,21.96308519135833,2026-04-24T21:00:00.000Z
sensor.camera_g_temperatura,21.94838202861389,2026-04-24T22:00:00.000Z
sensor.camera_g_temperatura,21.894677177394446,2026-04-24T23:00:00.000Z
sensor.camera_g_temperatura,21.854457434861114,2026-04-25T00:00:00.000Z
sensor.camera_g_temperatura,21.806271319588888,2026-04-25T01:00:00.000Z
sensor.camera_g_temperatura,21.755588053824997,2026-04-25T02:00:00.000Z
sensor.camera_g_temperatura,21.70546497772222,2026-04-25T03:00:00.000Z
sensor.camera_g_temperatura,21.61803533116111,2026-04-25T04:00:00.000Z
sensor.camera_g_temperatura,21.556420091683332,2026-04-25T05:00:00.000Z
sensor.camera_g_temperatura,21.49906583322222,2026-04-25T06:00:00.000Z
sensor.camera_g_temperatura,21.518125325716667,2026-04-25T07:00:00.000Z
sensor.camera_g_temperatura,21.564658016144445,2026-04-25T08:00:00.000Z
sensor.camera_g_temperatura,21.645461109480554,2026-04-25T09:00:00.000Z
sensor.camera_g_temperatura,21.744206893919444,2026-04-25T10:00:00.000Z
sensor.camera_g_temperatura,21.865376209191666,2026-04-25T11:00:00.000Z
sensor.camera_g_temperatura,22.01174734580833,2026-04-25T12:00:00.000Z
sensor.camera_g_temperatura,22.191255001719444,2026-04-25T13:00:00.000Z
sensor.camera_g_temperatura,22.27906416863611,2026-04-25T14:00:00.000Z
sensor.camera_g_temperatura,22.350360425130557,2026-04-25T15:00:00.000Z
sensor.camera_g_temperatura,22.37,2026-04-25T16:00:00.000Z
sensor.camera_g_temperatura,22.37062002511389,2026-04-25T17:00:00.000Z
sensor.camera_g_temperatura,22.36016469977778,2026-04-25T18:00:00.000Z
sensor.camera_g_temperatura,22.33461894150278,2026-04-25T19:00:00.000Z
sensor.camera_g_temperatura,22.339949634433335,2026-04-25T20:00:00.000Z
sensor.camera_g_temperatura,22.344968668591665,2026-04-25T21:00:00.000Z
sensor.camera_g_temperatura,22.313899414041668,2026-04-25T22:00:00.000Z
sensor.camera_g_temperatura,22.26887205486389,2026-04-25T23:00:00.000Z
sensor.camera_g_temperatura,22.215535854852778,2026-04-26T00:00:00.000Z
sensor.camera_g_temperatura,22.173658999433332,2026-04-26T01:00:00.000Z
sensor.camera_g_temperatura,22.11632057651389,2026-04-26T02:00:00.000Z
sensor.camera_g_temperatura,22.067084962675,2026-04-26T03:00:00.000Z
sensor.camera_g_temperatura,22.016447894447225,2026-04-26T04:00:00.000Z
sensor.camera_g_temperatura,21.97320042816111,2026-04-26T05:00:00.000Z
sensor.camera_g_temperatura,21.932520026377777,2026-04-26T06:00:00.000Z
sensor.camera_g_temperatura,21.94172332418889,2026-04-26T07:00:00.000Z
sensor.camera_g_temperatura,21.98542212111111,2026-04-26T08:00:00.000Z
sensor.camera_g_temperatura,22.086522172791664,2026-04-26T09:00:00.000Z
sensor.camera_g_temperatura,22.159759940025,2026-04-26T10:00:00.000Z
sensor.camera_g_temperatura,22.267640064155554,2026-04-26T11:00:00.000Z
sensor.camera_g_temperatura,22.42196526571667,2026-04-26T12:00:00.000Z
sensor.camera_g_temperatura,22.56615093492222,2026-04-26T13:00:00.000Z
sensor.camera_g_temperatura,22.67567647218611,2026-04-26T14:00:00.000Z
sensor.camera_g_temperatura,22.738405776525,2026-04-26T15:00:00.000Z
sensor.camera_g_temperatura,22.768350136722223,2026-04-26T16:00:00.000Z
sensor.camera_g_temperatura,22.790398707869443,2026-04-26T17:00:00.000Z
sensor.camera_g_temperatura,22.772342700586112,2026-04-26T18:00:00.000Z
sensor.camera_g_temperatura,22.773415828525,2026-04-26T19:00:00.000Z
sensor.camera_g_temperatura,22.74477134559167,2026-04-26T20:00:00.000Z
sensor.camera_g_temperatura,22.717454748969445,2026-04-26T21:00:00.000Z
sensor.camera_g_temperatura,22.68252150948611,2026-04-26T22:00:00.000Z
sensor.camera_g_temperatura,22.65531882158889,2026-04-26T23:00:00.000Z
sensor.camera_g_temperatura,22.622898164605555,2026-04-27T00:00:00.000Z
sensor.camera_g_temperatura,22.572769639158334,2026-04-27T01:00:00.000Z
sensor.camera_g_temperatura,22.545222731697223,2026-04-27T02:00:00.000Z
sensor.camera_g_temperatura,22.458450626616667,2026-04-27T03:00:00.000Z
sensor.camera_g_temperatura,22.366321035438887,2026-04-27T04:00:00.000Z
sensor.camera_g_temperatura,22.268593328952775,2026-04-27T05:00:00.000Z
sensor.camera_g_temperatura,22.233111323680557,2026-04-27T06:00:00.000Z
sensor.camera_g_temperatura,22.21447851153889,2026-04-27T07:00:00.000Z
sensor.camera_g_temperatura,22.26310598195,2026-04-27T08:00:00.000Z
sensor.camera_g_temperatura,22.35378377163333,2026-04-27T09:00:00.000Z
sensor.camera_g_temperatura,22.48006163361389,2026-04-27T10:00:00.000Z
sensor.camera_g_temperatura,22.59584201781111,2026-04-27T11:00:00.000Z
sensor.camera_g_temperatura,22.711980592508336,2026-04-27T12:00:00.000Z
sensor.camera_g_temperatura,22.828822189244445,2026-04-27T13:00:00.000Z
sensor.camera_g_temperatura,22.921509860049998,2026-04-27T14:00:00.000Z
sensor.camera_g_temperatura,22.95521354676389,2026-04-27T15:00:00.000Z
sensor.camera_g_temperatura,22.99088605571667,2026-04-27T16:00:00.000Z
sensor.camera_g_temperatura,23.018133115077777,2026-04-27T17:00:00.000Z
sensor.camera_g_temperatura,22.99970557076389,2026-04-27T18:00:00.000Z
sensor.camera_g_temperatura,23.004580636358337,2026-04-27T19:00:00.000Z
sensor.camera_g_temperatura,22.963842585802777,2026-04-27T20:00:00.000Z
sensor.camera_g_temperatura,22.946705482733336,2026-04-27T21:00:00.000Z
sensor.camera_g_temperatura,22.92941584024722,2026-04-27T22:00:00.000Z
sensor.camera_g_temperatura,22.916225622200002,2026-04-27T23:00:00.000Z
sensor.camera_g_temperatura,22.871882676777776,2026-04-28T00:00:00.000Z
sensor.camera_g_temperatura,22.84601522657222,2026-04-28T01:00:00.000Z
sensor.camera_g_temperatura,22.824089322430552,2026-04-28T02:00:00.000Z
sensor.camera_g_temperatura,22.782407530327777,2026-04-28T03:00:00.000Z
sensor.camera_g_temperatura,22.73190183336389,2026-04-28T04:00:00.000Z
sensor.camera_g_temperatura,22.648883845638892,2026-04-28T05:00:00.000Z
sensor.camera_g_temperatura,22.603402423174998,2026-04-28T06:00:00.000Z
sensor.camera_g_temperatura,22.627280019841667,2026-04-28T07:00:00.000Z
sensor.camera_g_temperatura,22.680323203788888,2026-04-28T08:00:00.000Z
sensor.camera_g_temperatura,22.755693256022223,2026-04-28T09:00:00.000Z
sensor.camera_g_temperatura,22.86938347373611,2026-04-28T10:00:00.000Z
sensor.camera_g_temperatura,22.971187608691665,2026-04-28T11:00:00.000Z
sensor.camera_g_temperatura,23.01140216429444,2026-04-28T12:00:00.000Z
sensor.camera_g_temperatura,23.061494193594445,2026-04-28T13:00:00.000Z
sensor.camera_g_temperatura,23.097407112241665,2026-04-28T14:00:00.000Z
sensor.camera_g_temperatura,23.137116331677777,2026-04-28T15:00:00.000Z
sensor.camera_g_temperatura,23.170562473569447,2026-04-28T16:00:00.000Z
sensor.camera_g_temperatura,23.154016645555558,2026-04-28T17:00:00.000Z
sensor.camera_g_temperatura,23.13161333551389,2026-04-28T18:00:00.000Z
sensor.camera_g_temperatura,23.119465156725,2026-04-28T19:00:00.000Z
sensor.camera_g_temperatura,23.075332302133333,2026-04-28T20:00:00.000Z
sensor.camera_g_temperatura,23.04497686141111,2026-04-28T21:00:00.000Z
sensor.camera_g_temperatura,23.036700914019445,2026-04-28T22:00:00.000Z
sensor.camera_g_temperatura,23.001095481277776,2026-04-28T23:00:00.000Z
sensor.camera_g_temperatura,22.94538237806111,2026-04-29T00:00:00.000Z
sensor.camera_g_temperatura,22.89417809825,2026-04-29T01:00:00.000Z
sensor.camera_g_temperatura,22.837489790136107,2026-04-29T02:00:00.000Z
sensor.camera_g_temperatura,22.786243380408333,2026-04-29T03:00:00.000Z
sensor.camera_g_temperatura,22.75865900316389,2026-04-29T04:00:00.000Z
sensor.camera_g_temperatura,22.725585582419445,2026-04-29T05:00:00.000Z
sensor.camera_g_temperatura,22.713352760030556,2026-04-29T06:00:00.000Z
sensor.camera_g_temperatura,22.71095336638611,2026-04-29T07:00:00.000Z
sensor.camera_g_temperatura,22.730887818305558,2026-04-29T08:00:00.000Z
sensor.camera_g_temperatura,22.778667630588888,2026-04-29T09:00:00.000Z
sensor.camera_g_temperatura,22.874728703158336,2026-04-29T10:00:00.000Z
sensor.camera_g_temperatura,22.97222801650278,2026-04-29T11:00:00.000Z
sensor.camera_g_temperatura,23.085148758808334,2026-04-29T12:00:00.000Z
sensor.camera_g_temperatura,23.18108832989167,2026-04-29T13:00:00.000Z
sensor.camera_g_temperatura,23.238398767672223,2026-04-29T14:00:00.000Z
sensor.camera_g_temperatura,23.268958183391664,2026-04-29T15:00:00.000Z
sensor.camera_g_temperatura,23.26688604561667,2026-04-29T16:00:00.000Z
sensor.camera_g_temperatura,23.23055636276389,2026-04-29T17:00:00.000Z
sensor.camera_g_temperatura,23.20442242919444,2026-04-29T18:00:00.000Z
sensor.camera_g_temperatura,23.173877542730555,2026-04-29T19:00:00.000Z
sensor.camera_g_temperatura,23.12056558563611,2026-04-29T20:00:00.000Z
sensor.camera_g_temperatura,23.03949105228889,2026-04-29T21:00:00.000Z
sensor.camera_g_temperatura,22.95426729111389,2026-04-29T22:00:00.000Z
sensor.camera_g_temperatura,22.879067309383334,2026-04-29T23:00:00.000Z
sensor.camera_g_temperatura,22.82375414307222,2026-04-30T00:00:00.000Z
sensor.camera_g_temperatura,22.713170882633335,2026-04-30T01:00:00.000Z
sensor.camera_g_temperatura,22.627911268519444,2026-04-30T02:00:00.000Z
sensor.camera_g_temperatura,22.590233665786112,2026-04-30T03:00:00.000Z
sensor.camera_g_temperatura,22.622871978288888,2026-04-30T04:00:00.000Z
sensor.camera_g_temperatura,22.527594549225,2026-04-30T05:00:00.000Z
sensor.camera_g_temperatura,22.494026756474998,2026-04-30T06:00:00.000Z
sensor.camera_g_temperatura,22.459647994069446,2026-04-30T07:00:00.000Z
sensor.camera_g_temperatura,22.45867885702222,2026-04-30T08:00:00.000Z
sensor.camera_g_temperatura,22.459999999999997,2026-04-30T09:00:00.000Z
sensor.camera_g_temperatura,22.459999999999997,2026-04-30T10:00:00.000Z
sensor.camera_g_temperatura,22.508154563225002,2026-04-30T11:00:00.000Z
sensor.camera_g_temperatura,22.73,2026-04-30T12:00:00.000Z
sensor.camera_g_temperatura,22.73,2026-04-30T13:00:00.000Z
sensor.camera_g_temperatura,22.921007707744447,2026-04-30T14:00:00.000Z
sensor.camera_g_temperatura,22.82951656946111,2026-04-30T15:00:00.000Z
sensor.camera_g_temperatura,22.787899887219442,2026-04-30T16:00:00.000Z
sensor.camera_g_temperatura,22.794767709958332,2026-04-30T17:00:00.000Z
sensor.camera_g_temperatura,22.770791682788893,2026-04-30T18:00:00.000Z
sensor.camera_g_temperatura,22.737081305602782,2026-04-30T19:00:00.000Z
sensor.camera_g_temperatura,22.69868392630556,2026-04-30T20:00:00.000Z
sensor.camera_g_temperatura,22.669868156988887,2026-04-30T21:00:00.000Z
sensor.camera_g_temperatura,22.562658739619447,2026-04-30T22:00:00.000Z
sensor.camera_g_temperatura,22.488717500033335,2026-04-30T23:00:00.000Z
sensor.camera_g_temperatura,22.411996284544443,2026-05-01T00:00:00.000Z
sensor.camera_g_temperatura,22.324736351230555,2026-05-01T01:00:00.000Z
sensor.camera_g_temperatura,22.24394678476111,2026-05-01T02:00:00.000Z
sensor.camera_g_temperatura,22.182433366980558,2026-05-01T03:00:00.000Z
sensor.camera_g_temperatura,22.119842218022225,2026-05-01T04:00:00.000Z
sensor.camera_g_temperatura,22.048181157269443,2026-05-01T05:00:00.000Z
sensor.camera_g_temperatura,22.009534455808335,2026-05-01T06:00:00.000Z
sensor.camera_g_temperatura,22.022392820538887,2026-05-01T07:00:00.000Z
sensor.camera_g_temperatura,22.063321179677775,2026-05-01T08:00:00.000Z
sensor.camera_g_temperatura,22.115203249222223,2026-05-01T09:00:00.000Z
sensor.camera_g_temperatura,22.221526010502775,2026-05-01T10:00:00.000Z
sensor.camera_g_temperatura,22.324807161816665,2026-05-01T11:00:00.000Z
sensor.camera_g_temperatura,22.464604355919448,2026-05-01T12:00:00.000Z
sensor.camera_g_temperatura,22.533891163413887,2026-05-01T13:00:00.000Z
sensor.camera_g_temperatura,22.617227889780555,2026-05-01T14:00:00.000Z
sensor.camera_g_temperatura,22.637803351741667,2026-05-01T15:00:00.000Z
sensor.camera_g_temperatura,22.653357607769447,2026-05-01T16:00:00.000Z
sensor.camera_g_temperatura,22.60761128178333,2026-05-01T17:00:00.000Z
sensor.camera_g_temperatura,22.579935235744443,2026-05-01T18:00:00.000Z
sensor.camera_g_temperatura,22.562886533116664,2026-05-01T19:00:00.000Z
sensor.camera_g_temperatura,22.510499484297224,2026-05-01T20:00:00.000Z
sensor.camera_g_temperatura,22.464033346069446,2026-05-01T21:00:00.000Z
sensor.camera_g_temperatura,22.385476411069444,2026-05-01T22:00:00.000Z
sensor.camera_g_temperatura,22.30723224306111,2026-05-01T23:00:00.000Z
sensor.camera_g_temperatura,22.22912824029167,2026-05-02T00:00:00.000Z
sensor.camera_g_temperatura,22.160668155983334,2026-05-02T01:00:00.000Z
sensor.camera_g_temperatura,22.089300666844448,2026-05-02T02:00:00.000Z
sensor.camera_g_temperatura,22.01410991198611,2026-05-02T03:00:00.000Z
sensor.camera_g_temperatura,21.96478462123333,2026-05-02T04:00:00.000Z
sensor.camera_g_temperatura,21.894464118947223,2026-05-02T05:00:00.000Z
sensor.camera_g_temperatura,21.862423474925,2026-05-02T06:00:00.000Z
sensor.camera_g_temperatura,21.86892553326389,2026-05-02T07:00:00.000Z
sensor.camera_g_temperatura,21.922394039425,2026-05-02T08:00:00.000Z
sensor.camera_g_temperatura,22.017017538341666,2026-05-02T09:00:00.000Z
sensor.camera_g_temperatura,22.132485067827776,2026-05-02T10:00:00.000Z
sensor.camera_g_temperatura,22.263670208330556,2026-05-02T11:00:00.000Z
sensor.camera_g_temperatura,22.428682592997223,2026-05-02T12:00:00.000Z
sensor.camera_g_temperatura,22.537684652438887,2026-05-02T13:00:00.000Z
sensor.camera_g_temperatura,22.63017927455,2026-05-02T14:00:00.000Z
sensor.camera_g_temperatura,22.652085923866665,2026-05-02T15:00:00.000Z
sensor.camera_g_temperatura,22.667737295924997,2026-05-02T16:00:00.000Z
sensor.camera_g_temperatura,22.642456479691663,2026-05-02T17:00:00.000Z
sensor.camera_g_temperatura,22.637381162725003,2026-05-02T18:00:00.000Z
sensor.camera_g_temperatura,22.637460244830553,2026-05-02T19:00:00.000Z
sensor.camera_g_temperatura,22.637730147219443,2026-05-02T20:00:00.000Z
sensor.camera_g_temperatura,22.602865131058334,2026-05-02T21:00:00.000Z
sensor.camera_g_temperatura,22.551854112683333,2026-05-02T22:00:00.000Z
sensor.camera_g_temperatura,22.483541999077776,2026-05-02T23:00:00.000Z
sensor.camera_g_temperatura,22.402730130097222,2026-05-03T00:00:00.000Z
sensor.camera_g_temperatura,22.317189704725,2026-05-03T01:00:00.000Z
sensor.camera_g_temperatura,22.265390269658337,2026-05-03T02:00:00.000Z
sensor.camera_g_temperatura,22.205386851308333,2026-05-03T03:00:00.000Z
sensor.camera_g_temperatura,22.15664503215,2026-05-03T04:00:00.000Z
sensor.camera_g_temperatura,22.109348387225,2026-05-03T05:00:00.000Z
sensor.camera_g_temperatura,22.09264822956389,2026-05-03T06:00:00.000Z
sensor.camera_g_temperatura,22.126203942483333,2026-05-03T07:00:00.000Z
sensor.camera_g_temperatura,22.17790460710833,2026-05-03T08:00:00.000Z
sensor.camera_g_temperatura,22.278882643975,2026-05-03T09:00:00.000Z
sensor.camera_g_temperatura,22.379440901616665,2026-05-03T10:00:00.000Z
sensor.camera_g_temperatura,22.489018035174997,2026-05-03T11:00:00.000Z
sensor.camera_g_temperatura,22.577846079949996,2026-05-03T12:00:00.000Z
sensor.camera_g_temperatura,22.67113089647222,2026-05-03T13:00:00.000Z
sensor.camera_g_temperatura,22.762509230805552,2026-05-03T14:00:00.000Z
sensor.camera_g_temperatura,22.77648832305,2026-05-03T15:00:00.000Z
sensor.camera_g_temperatura,22.76786989093333,2026-05-03T16:00:00.000Z
sensor.camera_g_temperatura,22.789804854919442,2026-05-03T17:00:00.000Z
sensor.camera_g_temperatura,22.774290866508334,2026-05-03T18:00:00.000Z
sensor.camera_g_temperatura,22.739871211969444,2026-05-03T19:00:00.000Z
sensor.camera_g_temperatura,22.744661808675,2026-05-03T20:00:00.000Z
sensor.camera_g_temperatura,22.715634587197226,2026-05-03T21:00:00.000Z
sensor.camera_g_temperatura,22.651724393997224,2026-05-03T22:00:00.000Z
sensor.camera_g_temperatura,22.621765109019446,2026-05-03T23:00:00.000Z
sensor.camera_g_temperatura,22.585313190269442,2026-05-04T00:00:00.000Z
sensor.camera_g_temperatura,22.546633149127775,2026-05-04T01:00:00.000Z
sensor.camera_g_temperatura,22.483265694619444,2026-05-04T02:00:00.000Z
sensor.camera_g_temperatura,22.438673685500003,2026-05-04T03:00:00.000Z
sensor.camera_g_temperatura,22.371942784813886,2026-05-04T04:00:00.000Z
sensor.camera_g_temperatura,22.315031204030557,2026-05-04T05:00:00.000Z
sensor.camera_g_temperatura,22.298584366708337,2026-05-04T06:00:00.000Z
sensor.camera_g_temperatura,22.315294063305554,2026-05-04T07:00:00.000Z
sensor.camera_g_temperatura,22.34324153260278,2026-05-04T08:00:00.000Z
sensor.camera_g_temperatura,22.427080329933332,2026-05-04T09:00:00.000Z
sensor.camera_g_temperatura,22.497897321061114,2026-05-04T10:00:00.000Z
sensor.camera_g_temperatura,22.582517160377776,2026-05-04T11:00:00.000Z
sensor.camera_g_temperatura,22.609007820083335,2026-05-04T12:00:00.000Z
sensor.camera_g_temperatura,22.693729309602777,2026-05-04T13:00:00.000Z
sensor.camera_g_temperatura,22.738418888366667,2026-05-04T14:00:00.000Z
sensor.camera_g_temperatura,22.76412885478611,2026-05-04T15:00:00.000Z
sensor.camera_g_temperatura,22.790889475058332,2026-05-04T16:00:00.000Z
sensor.camera_g_temperatura,22.761209698705557,2026-05-04T17:00:00.000Z
sensor.camera_g_temperatura,22.74533985555833,2026-05-04T18:00:00.000Z
sensor.camera_g_temperatura,22.72026025069444,2026-05-04T19:00:00.000Z
sensor.camera_g_temperatura,22.684685089391667,2026-05-04T20:00:00.000Z
sensor.camera_g_temperatura,22.64279072599722,2026-05-04T21:00:00.000Z
sensor.camera_g_temperatura,22.56688486935,2026-05-04T22:00:00.000Z
sensor.camera_g_temperatura,22.5325097201,2026-05-04T23:00:00.000Z
sensor.camera_g_temperatura,22.474815854058335,2026-05-05T00:00:00.000Z
sensor.camera_g_temperatura,22.4466482224,2026-05-05T01:00:00.000Z
sensor.camera_g_temperatura,22.411976478558334,2026-05-05T02:00:00.000Z
sensor.camera_g_temperatura,22.375683281094442,2026-05-05T03:00:00.000Z
sensor.camera_g_temperatura,22.328693666027778,2026-05-05T04:00:00.000Z
sensor.camera_g_temperatura,22.309364799186113,2026-05-05T05:00:00.000Z
sensor.camera_g_temperatura,22.284345374761113,2026-05-05T06:00:00.000Z
sensor.camera_g_temperatura,22.274359014975,2026-05-05T07:00:00.000Z
sensor.camera_g_temperatura,22.23509957348611,2026-05-05T08:00:00.000Z
sensor.camera_g_temperatura,22.221518360994448,2026-05-05T09:00:00.000Z
sensor.camera_g_temperatura,22.21656658574722,2026-05-05T10:00:00.000Z
sensor.camera_g_temperatura,22.148448514425,2026-05-05T11:00:00.000Z
sensor.camera_g_temperatura,22.17587078308611,2026-05-05T12:00:00.000Z
sensor.camera_g_temperatura,22.17916663219445,2026-05-05T13:00:00.000Z
sensor.camera_g_temperatura,22.15748939446389,2026-05-05T14:00:00.000Z
sensor.camera_g_temperatura,22.13090104960278,2026-05-05T15:00:00.000Z
sensor.camera_g_temperatura,22.085401529088887,2026-05-05T16:00:00.000Z
sensor.camera_g_temperatura,22.037854216175003,2026-05-05T17:00:00.000Z
sensor.camera_g_temperatura,22.031863734794445,2026-05-05T18:00:00.000Z
sensor.camera_g_temperatura,22.017841156716667,2026-05-05T19:00:00.000Z
sensor.camera_g_temperatura,21.98077826335833,2026-05-05T20:00:00.000Z
sensor.camera_g_temperatura,21.99172333356111,2026-05-05T21:00:00.000Z
sensor.camera_g_temperatura,21.974353765116664,2026-05-05T22:00:00.000Z
sensor.camera_g_temperatura,21.94329601873611,2026-05-05T23:00:00.000Z
sensor.camera_g_temperatura,21.909498499422224,2026-05-06T00:00:00.000Z
sensor.camera_g_temperatura,21.889463764825,2026-05-06T01:00:00.000Z
sensor.camera_g_temperatura,21.862433367591667,2026-05-06T02:00:00.000Z
sensor.camera_g_temperatura,21.828835728397223,2026-05-06T03:00:00.000Z
sensor.camera_g_temperatura,21.785123841455555,2026-05-06T04:00:00.000Z
sensor.camera_g_temperatura,21.748374890925003,2026-05-06T05:00:00.000Z
sensor.camera_g_temperatura,21.738921679925,2026-05-06T06:00:00.000Z
sensor.camera_g_temperatura,21.728855468883335,2026-05-06T07:00:00.000Z
sensor.camera_g_temperatura,21.72443859023055,2026-05-06T08:00:00.000Z
sensor.camera_g_temperatura,21.681963627622224,2026-05-06T09:00:00.000Z
sensor.camera_g_temperatura,21.695560323825003,2026-05-06T10:00:00.000Z
sensor.camera_g_temperatura,21.79212045889722,2026-05-06T11:00:00.000Z
sensor.camera_g_temperatura,21.819098803041665,2026-05-06T12:00:00.000Z
sensor.camera_g_temperatura,21.864799851105555,2026-05-06T13:00:00.000Z
sensor.camera_g_temperatura,21.91809912197778,2026-05-06T14:00:00.000Z
sensor.camera_g_temperatura,21.935316864308334,2026-05-06T15:00:00.000Z
sensor.camera_g_temperatura,21.939886135394445,2026-05-06T16:00:00.000Z
sensor.camera_g_temperatura,21.85176156323889,2026-05-06T17:00:00.000Z
sensor.camera_g_temperatura,21.765701418419443,2026-05-06T18:00:00.000Z
sensor.camera_g_temperatura,21.69265234554722,2026-05-06T19:00:00.000Z
sensor.camera_g_temperatura,21.627285995094443,2026-05-06T20:00:00.000Z
sensor.camera_g_temperatura,21.57642829568611,2026-05-06T21:00:00.000Z
sensor.camera_g_temperatura,21.52721553861667,2026-05-06T22:00:00.000Z
sensor.camera_g_temperatura,21.476173818744442,2026-05-06T23:00:00.000Z
sensor.camera_g_temperatura,21.445298322186108,2026-05-07T00:00:00.000Z
sensor.camera_g_temperatura,21.41419529256389,2026-05-07T01:00:00.000Z
sensor.camera_g_temperatura,21.375633797863888,2026-05-07T02:00:00.000Z
sensor.camera_g_temperatura,21.357006129374998,2026-05-07T03:00:00.000Z
sensor.camera_g_temperatura,21.31707289871389,2026-05-07T04:00:00.000Z
sensor.camera_g_temperatura,21.280704790425002,2026-05-07T05:00:00.000Z
sensor.camera_g_temperatura,21.28760976825,2026-05-07T06:00:00.000Z
sensor.camera_g_temperatura,21.272385953875002,2026-05-07T07:00:00.000Z
sensor.camera_g_temperatura,21.28,2026-05-07T08:00:00.000Z
sensor.camera_g_temperatura,21.28,2026-05-07T09:00:00.000Z
sensor.camera_g_temperatura,21.51482864538889,2026-05-07T11:00:00.000Z
sensor.camera_g_temperatura,21.635443701647223,2026-05-07T12:00:00.000Z
sensor.camera_g_temperatura,21.746462627355555,2026-05-07T13:00:00.000Z
sensor.camera_g_temperatura,21.80883584489722,2026-05-07T14:00:00.000Z
sensor.camera_g_temperatura,21.82830830636389,2026-05-07T15:00:00.000Z
sensor.camera_g_temperatura,21.815317347297224,2026-05-07T16:00:00.000Z
sensor.camera_g_temperatura,21.824697657366666,2026-05-07T17:00:00.000Z
sensor.camera_g_temperatura,21.2120209336,2026-05-12T13:00:00.000Z
sensor.camera_g_temperatura,21.290725749319446,2026-05-12T14:00:00.000Z
sensor.camera_g_temperatura,21.370117513869445,2026-05-12T15:00:00.000Z
sensor.camera_g_temperatura,21.42537511288889,2026-05-12T16:00:00.000Z
sensor.camera_g_temperatura,21.402517403666664,2026-05-12T17:00:00.000Z
sensor.camera_g_temperatura,21.398322877844446,2026-05-12T18:00:00.000Z
sensor.camera_g_temperatura,21.421073521816666,2026-05-12T19:00:00.000Z
sensor.camera_g_temperatura,21.41,2026-05-12T20:00:00.000Z
sensor.camera_g_temperatura,21.35986411591667,2026-05-12T21:00:00.000Z
sensor.camera_g_temperatura,21.35650693707778,2026-05-12T22:00:00.000Z
sensor.camera_g_temperatura,21.358929304333333,2026-05-12T23:00:00.000Z
sensor.camera_g_temperatura,21.298090980066664,2026-05-13T00:00:00.000Z
sensor.camera_g_temperatura,21.258320405086113,2026-05-13T01:00:00.000Z
sensor.camera_g_temperatura,21.21271598774722,2026-05-13T02:00:00.000Z
sensor.camera_g_temperatura,21.156067800916666,2026-05-13T03:00:00.000Z
sensor.camera_g_temperatura,21.10768006113889,2026-05-13T04:00:00.000Z
sensor.camera_g_temperatura,21.078555319780556,2026-05-13T05:00:00.000Z
sensor.camera_g_temperatura,21.053029405186113,2026-05-13T06:00:00.000Z
sensor.camera_g_temperatura,21.073085764633333,2026-05-13T07:00:00.000Z
sensor.camera_g_temperatura,21.109420292225,2026-05-13T08:00:00.000Z
sensor.camera_g_temperatura,21.17344142815,2026-05-13T09:00:00.000Z
sensor.camera_g_temperatura,21.24973822356111,2026-05-13T10:00:00.000Z
sensor.camera_g_temperatura,21.309008879533334,2026-05-13T11:00:00.000Z
sensor.camera_g_temperatura,21.404940733702777,2026-05-13T12:00:00.000Z
sensor.camera_g_temperatura,21.493771363261107,2026-05-13T13:00:00.000Z
sensor.camera_g_temperatura,21.53603729158333,2026-05-13T14:00:00.000Z
sensor.camera_g_temperatura,21.557943785655553,2026-05-13T15:00:00.000Z
sensor.camera_g_temperatura,21.57892702402222,2026-05-13T16:00:00.000Z
sensor.camera_g_temperatura,21.547223678027777,2026-05-13T17:00:00.000Z
sensor.camera_g_temperatura,21.526711790416666,2026-05-13T18:00:00.000Z
sensor.camera_g_temperatura,21.520249037794443,2026-05-13T19:00:00.000Z
sensor.camera_g_temperatura,21.490943830855556,2026-05-13T20:00:00.000Z
sensor.camera_g_temperatura,21.433149074849997,2026-05-13T21:00:00.000Z
sensor.camera_g_temperatura,21.39604435410833,2026-05-13T22:00:00.000Z
sensor.camera_g_temperatura,21.355327251172223,2026-05-13T23:00:00.000Z
sensor.camera_g_temperatura,21.33098127139722,2026-05-14T00:00:00.000Z
sensor.camera_g_temperatura,21.29530638291111,2026-05-14T01:00:00.000Z
sensor.camera_g_temperatura,21.258876016405555,2026-05-14T02:00:00.000Z
sensor.camera_g_temperatura,21.205417252133334,2026-05-14T03:00:00.000Z
sensor.camera_g_temperatura,21.162605768627778,2026-05-14T04:00:00.000Z
sensor.camera_g_temperatura,21.117853458416665,2026-05-14T05:00:00.000Z
sensor.camera_g_temperatura,21.115326817127777,2026-05-14T06:00:00.000Z
sensor.camera_g_temperatura,21.122063662427777,2026-05-14T07:00:00.000Z
sensor.camera_g_temperatura,21.158150341780555,2026-05-14T08:00:00.000Z
sensor.camera_g_temperatura,21.219668971455558,2026-05-14T09:00:00.000Z
sensor.camera_g_temperatura,21.290730719788886,2026-05-14T10:00:00.000Z
sensor.camera_g_temperatura,21.355470875166663,2026-05-14T11:00:00.000Z
sensor.camera_g_temperatura,21.429956018977776,2026-05-14T12:00:00.000Z
sensor.camera_g_temperatura,21.444127359602778,2026-05-14T13:00:00.000Z
sensor.camera_g_temperatura,21.464486014994446,2026-05-14T14:00:00.000Z
sensor.camera_g_temperatura,21.446327500027778,2026-05-14T15:00:00.000Z
sensor.camera_g_temperatura,21.40747275883611,2026-05-14T16:00:00.000Z
sensor.camera_g_temperatura,21.401527303880556,2026-05-14T17:00:00.000Z
sensor.camera_g_temperatura,21.344161864100002,2026-05-14T18:00:00.000Z
sensor.camera_g_temperatura,21.259420674580557,2026-05-14T19:00:00.000Z
sensor.camera_g_temperatura,21.15633630093611,2026-05-14T20:00:00.000Z
sensor.camera_g_temperatura,21.10361355636389,2026-05-14T21:00:00.000Z
sensor.camera_g_temperatura,21.023161897119447,2026-05-14T22:00:00.000Z
sensor.camera_g_temperatura,20.97601054243889,2026-05-14T23:00:00.000Z
sensor.camera_g_temperatura,20.91560757781667,2026-05-15T00:00:00.000Z
sensor.camera_g_temperatura,20.859580974427775,2026-05-15T01:00:00.000Z
sensor.camera_g_temperatura,20.811290339716667,2026-05-15T02:00:00.000Z
sensor.camera_g_temperatura,20.774615737305556,2026-05-15T03:00:00.000Z
sensor.camera_g_temperatura,20.730424717783333,2026-05-15T04:00:00.000Z
sensor.camera_g_temperatura,20.700902845444446,2026-05-15T05:00:00.000Z
sensor.camera_g_temperatura,20.68496753242778,2026-05-15T06:00:00.000Z
sensor.camera_g_temperatura,20.683685486647224,2026-05-15T07:00:00.000Z
sensor.camera_g_temperatura,20.663289176027778,2026-05-15T08:00:00.000Z
sensor.camera_g_temperatura,20.644833807158335,2026-05-15T09:00:00.000Z
sensor.camera_g_temperatura,20.658147109450002,2026-05-15T10:00:00.000Z
sensor.camera_g_temperatura,20.64024392187778,2026-05-15T11:00:00.000Z
sensor.camera_g_temperatura,20.60856940228889,2026-05-15T12:00:00.000Z
sensor.camera_g_temperatura,20.60396050317222,2026-05-15T13:00:00.000Z
sensor.camera_g_temperatura,20.686210315733334,2026-05-15T14:00:00.000Z
sensor.camera_g_temperatura,20.717226849555555,2026-05-15T15:00:00.000Z
sensor.camera_g_temperatura,20.719553150766668,2026-05-15T16:00:00.000Z
sensor.camera_g_temperatura,20.688719629097225,2026-05-15T17:00:00.000Z
sensor.camera_g_temperatura,20.64087894436111,2026-05-15T18:00:00.000Z
sensor.camera_g_temperatura,20.580916769594445,2026-05-15T19:00:00.000Z
sensor.camera_g_temperatura,20.48600575367222,2026-05-15T20:00:00.000Z
sensor.camera_g_temperatura,20.448206760461108,2026-05-15T21:00:00.000Z
sensor.camera_g_temperatura,20.409602875397223,2026-05-15T22:00:00.000Z
sensor.camera_g_temperatura,20.36824591371111,2026-05-15T23:00:00.000Z
sensor.camera_g_temperatura,20.332432631925,2026-05-16T00:00:00.000Z
sensor.camera_g_temperatura,20.31558800480555,2026-05-16T01:00:00.000Z
sensor.camera_g_temperatura,20.275989284202776,2026-05-16T02:00:00.000Z
sensor.camera_g_temperatura,20.235251514972223,2026-05-16T03:00:00.000Z
sensor.camera_g_temperatura,20.21008098482778,2026-05-16T04:00:00.000Z
sensor.camera_g_temperatura,20.192029032666667,2026-05-16T05:00:00.000Z
sensor.camera_g_temperatura,20.184258034200003,2026-05-16T06:00:00.000Z
sensor.camera_g_temperatura,20.228795655875,2026-05-16T07:00:00.000Z
sensor.camera_g_temperatura,20.26,2026-05-16T08:00:00.000Z
sensor.camera_g_temperatura,20.29174558783611,2026-05-16T09:00:00.000Z
sensor.camera_g_temperatura,20.349181009008333,2026-05-16T10:00:00.000Z
sensor.camera_g_temperatura,20.396091029588888,2026-05-16T11:00:00.000Z
sensor.camera_g_temperatura,20.509889929333333,2026-05-16T12:00:00.000Z
sensor.camera_g_temperatura,20.626190224152776,2026-05-16T13:00:00.000Z
sensor.camera_g_temperatura,20.67612768365,2026-05-16T14:00:00.000Z
sensor.camera_g_temperatura,20.72267469403611,2026-05-16T15:00:00.000Z
sensor.camera_g_temperatura,20.791252961325,2026-05-16T16:00:00.000Z
sensor.camera_g_temperatura,20.763222957555556,2026-05-16T17:00:00.000Z
sensor.camera_g_temperatura,20.785427552005554,2026-05-16T18:00:00.000Z
sensor.camera_g_temperatura,20.77829818858333,2026-05-16T19:00:00.000Z
sensor.camera_g_temperatura,20.701530075555556,2026-05-16T20:00:00.000Z
sensor.camera_g_temperatura,20.641152749858332,2026-05-16T21:00:00.000Z
sensor.camera_g_temperatura,20.564853482883333,2026-05-16T22:00:00.000Z
sensor.camera_g_temperatura,20.474224470166668,2026-05-16T23:00:00.000Z
sensor.camera_g_temperatura,20.414979240372222,2026-05-17T00:00:00.000Z
sensor.camera_g_temperatura,20.357728247402775,2026-05-17T01:00:00.000Z
sensor.camera_g_temperatura,20.309059754336108,2026-05-17T02:00:00.000Z
sensor.camera_g_temperatura,20.24067238467778,2026-05-17T03:00:00.000Z
sensor.camera_g_temperatura,20.194793839516667,2026-05-17T04:00:00.000Z
sensor.camera_g_temperatura,20.123942384672223,2026-05-17T05:00:00.000Z
sensor.camera_g_temperatura,20.10909225356667,2026-05-17T06:00:00.000Z
sensor.camera_g_temperatura,20.10861501215,2026-05-17T07:00:00.000Z
sensor.camera_g_temperatura,20.138439305030555,2026-05-17T08:00:00.000Z
sensor.camera_g_temperatura,20.23080251377778,2026-05-17T09:00:00.000Z
sensor.camera_g_temperatura,20.314572278391665,2026-05-17T10:00:00.000Z
sensor.camera_g_temperatura,20.377304346633334,2026-05-17T11:00:00.000Z
sensor.camera_g_temperatura,20.472265081533333,2026-05-17T12:00:00.000Z
sensor.camera_g_temperatura,20.566527267830555,2026-05-17T13:00:00.000Z
sensor.camera_g_temperatura,20.677555087477778,2026-05-17T14:00:00.000Z
sensor.camera_g_temperatura,20.731131504927777,2026-05-17T15:00:00.000Z
sensor.camera_g_temperatura,20.732389765705555,2026-05-17T16:00:00.000Z
sensor.camera_g_temperatura,20.721539056091668,2026-05-17T17:00:00.000Z
sensor.camera_g_temperatura,20.74882032454722,2026-05-17T18:00:00.000Z
sensor.camera_g_temperatura,20.7699321258,2026-05-17T19:00:00.000Z
sensor.camera_g_temperatura,20.76983331698889,2026-05-17T20:00:00.000Z
sensor.camera_g_temperatura,20.73800883550278,2026-05-17T21:00:00.000Z
sensor.camera_g_temperatura,20.722323290419443,2026-05-17T22:00:00.000Z
sensor.camera_g_temperatura,20.676463979508334,2026-05-17T23:00:00.000Z
sensor.camera_g_temperatura,20.61582721785278,2026-05-18T00:00:00.000Z
sensor.camera_g_temperatura,20.57248459858889,2026-05-18T01:00:00.000Z
sensor.camera_g_temperatura,20.526000299438888,2026-05-18T02:00:00.000Z
sensor.camera_g_temperatura,20.480724978916665,2026-05-18T03:00:00.000Z
sensor.camera_g_temperatura,20.426552468416666,2026-05-18T04:00:00.000Z
sensor.camera_g_temperatura,20.404150830619447,2026-05-18T05:00:00.000Z
sensor.camera_g_temperatura,20.396069681166665,2026-05-18T06:00:00.000Z
sensor.camera_g_temperatura,20.407546304797222,2026-05-18T07:00:00.000Z
sensor.camera_g_temperatura,20.443437357908333,2026-05-18T08:00:00.000Z
sensor.camera_g_temperatura,20.537027129955558,2026-05-18T09:00:00.000Z
sensor.camera_g_temperatura,20.5989267481,2026-05-18T10:00:00.000Z
sensor.camera_g_temperatura,20.680941603,2026-05-18T11:00:00.000Z
sensor.camera_g_temperatura,20.759138362511113,2026-05-18T12:00:00.000Z
sensor.camera_g_temperatura,20.848648735538887,2026-05-18T13:00:00.000Z
sensor.camera_g_temperatura,20.922327222283332,2026-05-18T14:00:00.000Z
sensor.camera_g_temperatura,20.983064584527778,2026-05-18T15:00:00.000Z
sensor.camera_g_temperatura,21.012580825733334,2026-05-18T16:00:00.000Z
sensor.camera_g_temperatura,20.994327411483333,2026-05-18T17:00:00.000Z
sensor.camera_g_temperatura,20.93278021711389,2026-05-18T18:00:00.000Z
sensor.camera_g_temperatura,20.89975792587778,2026-05-18T19:00:00.000Z
sensor.camera_g_temperatura,20.859565999005557,2026-05-18T20:00:00.000Z
sensor.camera_g_temperatura,20.819602194425,2026-05-18T21:00:00.000Z
sensor.camera_g_temperatura,20.775591003547223,2026-05-18T22:00:00.000Z
sensor.camera_g_temperatura,20.74107347720833,2026-05-18T23:00:00.000Z
sensor.camera_g_temperatura,20.69325764824,2026-05-19T00:00:00.000Z
sensor.camera_g_temperatura,20.66021703944722,2026-05-19T01:00:00.000Z
sensor.camera_g_temperatura,20.635396877094447,2026-05-19T02:00:00.000Z
sensor.camera_g_temperatura,20.601830856969446,2026-05-19T03:00:00.000Z
sensor.camera_g_temperatura,20.557555182705556,2026-05-19T04:00:00.000Z
sensor.camera_g_temperatura,20.517265038455555,2026-05-19T05:00:00.000Z
sensor.camera_g_temperatura,20.51622972918611,2026-05-19T06:00:00.000Z
sensor.camera_g_temperatura,20.542681421027776,2026-05-19T07:00:00.000Z
sensor.camera_g_temperatura,20.583726411975,2026-05-19T08:00:00.000Z
sensor.camera_g_temperatura,20.68672581501667,2026-05-19T09:00:00.000Z
sensor.camera_g_temperatura,20.760906751422223,2026-05-19T10:00:00.000Z
sensor.camera_g_temperatura,20.835566848833334,2026-05-19T11:00:00.000Z
sensor.camera_g_temperatura,20.95836928915,2026-05-19T12:00:00.000Z
sensor.camera_g_temperatura,21.056884433536112,2026-05-19T13:00:00.000Z
sensor.camera_g_temperatura,21.135050228277777,2026-05-19T14:00:00.000Z
sensor.camera_g_temperatura,21.155652835033333,2026-05-19T15:00:00.000Z
sensor.camera_g_temperatura,21.205556385163888,2026-05-19T16:00:00.000Z
sensor.camera_g_temperatura,21.243935973655557,2026-05-19T17:00:00.000Z
sensor.camera_g_temperatura,21.21381292037778,2026-05-19T18:00:00.000Z
sensor.camera_g_temperatura,21.229428783094445,2026-05-19T19:00:00.000Z
sensor.camera_g_temperatura,21.228000874208334,2026-05-19T20:00:00.000Z
sensor.camera_g_temperatura,21.209294874002776,2026-05-19T21:00:00.000Z
sensor.camera_g_temperatura,21.180334311144446,2026-05-19T22:00:00.000Z
sensor.camera_g_temperatura,21.148855506944447,2026-05-19T23:00:00.000Z
sensor.camera_g_temperatura,21.110685612024998,2026-05-20T00:00:00.000Z
sensor.camera_g_temperatura,21.070246176111112,2026-05-20T01:00:00.000Z
sensor.camera_g_temperatura,21.018757982177778,2026-05-20T02:00:00.000Z
sensor.camera_g_temperatura,20.966231419947224,2026-05-20T03:00:00.000Z
sensor.camera_g_temperatura,20.93082650828333,2026-05-20T04:00:00.000Z
sensor.camera_g_temperatura,20.887262534725,2026-05-20T05:00:00.000Z
sensor.camera_g_temperatura,20.873718289727776,2026-05-20T06:00:00.000Z
sensor.camera_g_temperatura,20.901154497958334,2026-05-20T07:00:00.000Z
sensor.camera_g_temperatura,20.994613063072222,2026-05-20T08:00:00.000Z
sensor.camera_g_temperatura,21.06763131064722,2026-05-20T09:00:00.000Z
sensor.camera_g_temperatura,21.16257769885,2026-05-20T10:00:00.000Z
sensor.camera_g_temperatura,21.2910988332,2026-05-20T11:00:00.000Z
sensor.camera_g_temperatura,21.391425820772223,2026-05-20T12:00:00.000Z
sensor.camera_g_temperatura,21.458329385780555,2026-05-20T13:00:00.000Z
sensor.camera_g_temperatura,21.544437174030552,2026-05-20T14:00:00.000Z
sensor.camera_g_temperatura,21.59722130103611,2026-05-20T15:00:00.000Z
sensor.camera_g_temperatura,21.63844069257222,2026-05-20T16:00:00.000Z
sensor.camera_g_temperatura,21.67375323415833,2026-05-20T17:00:00.000Z
sensor.camera_g_temperatura,21.689964397791666,2026-05-20T18:00:00.000Z
sensor.camera_g_temperatura,21.706711378077774,2026-05-20T19:00:00.000Z
sensor.camera_g_temperatura,21.71068703704444,2026-05-20T20:00:00.000Z
sensor.camera_g_temperatura,21.7044139283,2026-05-20T21:00:00.000Z
sensor.camera_g_temperatura,21.694790539752777,2026-05-20T22:00:00.000Z
sensor.camera_g_temperatura,21.67194343783889,2026-05-20T23:00:00.000Z
sensor.camera_g_temperatura,21.64488076587222,2026-05-21T00:00:00.000Z
sensor.camera_g_temperatura,21.619211884302775,2026-05-21T01:00:00.000Z
sensor.camera_g_temperatura,21.571041237447222,2026-05-21T02:00:00.000Z
sensor.camera_g_temperatura,21.53385020813889,2026-05-21T03:00:00.000Z
sensor.camera_g_temperatura,21.500602886158333,2026-05-21T04:00:00.000Z
sensor.camera_g_temperatura,21.457379730027778,2026-05-21T05:00:00.000Z
sensor.camera_g_temperatura,21.431062826347226,2026-05-21T06:00:00.000Z
sensor.camera_g_temperatura,21.46599171516389,2026-05-21T07:00:00.000Z
sensor.camera_g_temperatura,21.512434361169444,2026-05-21T08:00:00.000Z
sensor.camera_g_temperatura,21.601127654330554,2026-05-21T09:00:00.000Z
sensor.camera_g_temperatura,21.710404391308334,2026-05-21T10:00:00.000Z
sensor.camera_g_temperatura,21.824028873219444,2026-05-21T11:00:00.000Z
sensor.camera_g_temperatura,21.940793573866667,2026-05-21T12:00:00.000Z
sensor.camera_g_temperatura,22.0538773616,2026-05-21T13:00:00.000Z
sensor.camera_g_temperatura,22.149156242416666,2026-05-21T14:00:00.000Z
sensor.camera_g_temperatura,22.211071335161108,2026-05-21T15:00:00.000Z
sensor.camera_g_temperatura,22.260418143580555,2026-05-21T16:00:00.000Z
sensor.camera_g_temperatura,22.30003560408889,2026-05-21T17:00:00.000Z
sensor.camera_g_temperatura,22.32498725578333,2026-05-21T18:00:00.000Z
sensor.camera_g_temperatura,22.340456254227778,2026-05-21T19:00:00.000Z
sensor.camera_g_temperatura,22.350000000000005,2026-05-21T20:00:00.000Z
sensor.camera_g_temperatura,22.325351340188888,2026-05-21T21:00:00.000Z
sensor.camera_g_temperatura,22.338323300830556,2026-05-21T22:00:00.000Z
sensor.camera_g_temperatura,22.316974383541666,2026-05-21T23:00:00.000Z
sensor.camera_g_temperatura,22.291710147558334,2026-05-22T00:00:00.000Z
sensor.camera_g_temperatura,22.25971437098889,2026-05-22T01:00:00.000Z
sensor.camera_g_temperatura,22.23,2026-05-22T02:00:00.000Z
sensor.camera_g_temperatura,22.212620560466664,2026-05-22T03:00:00.000Z
sensor.camera_g_temperatura,22.180447172988888,2026-05-22T04:00:00.000Z
sensor.camera_g_temperatura,22.137772993230556,2026-05-22T05:00:00.000Z
sensor.camera_g_temperatura,22.142518468119444,2026-05-22T06:00:00.000Z
sensor.camera_g_temperatura,22.187915632505554,2026-05-22T07:00:00.000Z
sensor.camera_g_temperatura,22.256180554241666,2026-05-22T08:00:00.000Z
sensor.camera_g_temperatura,22.344783423097223,2026-05-22T09:00:00.000Z
sensor.camera_g_temperatura,22.455053863191665,2026-05-22T10:00:00.000Z
sensor.camera_g_temperatura,22.56756709935,2026-05-22T11:00:00.000Z
sensor.camera_g_temperatura,22.65383861095278,2026-05-22T12:00:00.000Z
sensor.camera_g_temperatura,22.7463947537,2026-05-22T13:00:00.000Z
sensor.camera_g_temperatura,22.832064390427778,2026-05-22T14:00:00.000Z
sensor.camera_g_temperatura,22.90167354913889,2026-05-22T15:00:00.000Z
sensor.camera_g_temperatura,22.962774091458332,2026-05-22T16:00:00.000Z
sensor.camera_g_temperatura,22.987932057544445,2026-05-22T17:00:00.000Z
sensor.camera_g_temperatura,23.01954396037222,2026-05-22T18:00:00.000Z
sensor.camera_g_temperatura,23.036381839972222,2026-05-22T19:00:00.000Z
sensor.camera_g_temperatura,23.043355502816667,2026-05-22T20:00:00.000Z
sensor.camera_g_temperatura,23.034589503127776,2026-05-22T21:00:00.000Z
sensor.camera_g_temperatura,23.029469654466666,2026-05-22T22:00:00.000Z
sensor.camera_g_temperatura,23.0141020983,2026-05-22T23:00:00.000Z
sensor.camera_g_temperatura,22.9858029451,2026-05-23T00:00:00.000Z
sensor.camera_g_temperatura,22.95814451138889,2026-05-23T01:00:00.000Z
sensor.camera_g_temperatura,22.932057749194446,2026-05-23T02:00:00.000Z
sensor.camera_g_temperatura,22.894989747233335,2026-05-23T03:00:00.000Z
sensor.camera_g_temperatura,22.870975301713887,2026-05-23T04:00:00.000Z
sensor.camera_g_temperatura,22.86991081326111,2026-05-23T05:00:00.000Z
sensor.camera_g_temperatura,22.881075099316664,2026-05-23T06:00:00.000Z
sensor.camera_g_temperatura,22.94662611585278,2026-05-23T07:00:00.000Z
sensor.camera_g_temperatura,22.997221410041664,2026-05-23T08:00:00.000Z
sensor.camera_g_temperatura,23.0626096156,2026-05-23T09:00:00.000Z
sensor.camera_g_temperatura,23.161869937519445,2026-05-23T10:00:00.000Z
sensor.camera_g_temperatura,23.256250674075,2026-05-23T11:00:00.000Z
sensor.camera_g_temperatura,23.33432810802222,2026-05-23T12:00:00.000Z
sensor.camera_g_temperatura,23.44148882681111,2026-05-23T13:00:00.000Z
sensor.camera_g_temperatura,23.53706255591111,2026-05-23T14:00:00.000Z
sensor.camera_g_temperatura,23.611127696730552,2026-05-23T15:00:00.000Z
sensor.camera_g_temperatura,23.67987442551667,2026-05-23T16:00:00.000Z
sensor.camera_g_temperatura,23.716272894005556,2026-05-23T17:00:00.000Z
sensor.camera_g_temperatura,23.74803721137222,2026-05-23T18:00:00.000Z
sensor.camera_g_temperatura,23.781326301422222,2026-05-23T19:00:00.000Z
sensor.camera_g_temperatura,23.77,2026-05-23T20:00:00.000Z
sensor.camera_g_temperatura,23.787614296616667,2026-05-23T21:00:00.000Z
sensor.camera_g_temperatura,23.782469792488886,2026-05-23T22:00:00.000Z
sensor.camera_g_temperatura,23.770952303197223,2026-05-23T23:00:00.000Z
sensor.camera_g_temperatura,23.77419468266389,2026-05-24T00:00:00.000Z
sensor.camera_g_temperatura,23.74821458393889,2026-05-24T01:00:00.000Z
sensor.camera_g_temperatura,23.725034812197222,2026-05-24T02:00:00.000Z
sensor.camera_g_temperatura,23.70313255886389,2026-05-24T03:00:00.000Z
sensor.camera_g_temperatura,23.68504186342778,2026-05-24T04:00:00.000Z
sensor.camera_g_temperatura,23.64997222738611,2026-05-24T05:00:00.000Z
sensor.camera_g_temperatura,23.654966615552777,2026-05-24T06:00:00.000Z
sensor.camera_g_temperatura,23.673312730780555,2026-05-24T07:00:00.000Z
sensor.camera_g_temperatura,23.743405244783332,2026-05-24T08:00:00.000Z
sensor.camera_g_temperatura,23.829076834019446,2026-05-24T09:00:00.000Z
sensor.camera_g_temperatura,23.928814833172222,2026-05-24T10:00:00.000Z
sensor.camera_g_temperatura,24.041100473780556,2026-05-24T11:00:00.000Z
sensor.camera_g_temperatura,24.13570366767222,2026-05-24T12:00:00.000Z
sensor.camera_g_temperatura,24.2413421751,2026-05-24T13:00:00.000Z
sensor.camera_g_temperatura,24.332454822508335,2026-05-24T14:00:00.000Z
sensor.camera_g_temperatura,24.432019411938892,2026-05-24T15:00:00.000Z
sensor.camera_g_temperatura,24.49776180307778,2026-05-24T16:00:00.000Z
sensor.camera_g_temperatura,24.533197348697225,2026-05-24T17:00:00.000Z
sensor.camera_g_temperatura,24.561454073683333,2026-05-24T18:00:00.000Z
sensor.camera_g_temperatura,24.586777066233335,2026-05-24T19:00:00.000Z
sensor.camera_g_temperatura,24.57503213995,2026-05-24T20:00:00.000Z
sensor.camera_g_temperatura,24.592798187830557,2026-05-24T21:00:00.000Z
sensor.camera_g_temperatura,24.58914569016389,2026-05-24T22:00:00.000Z
sensor.camera_g_temperatura,24.590854385394447,2026-05-24T23:00:00.000Z
sensor.camera_g_temperatura,24.586056876255554,2026-05-25T00:00:00.000Z
sensor.camera_g_temperatura,24.57335537220833,2026-05-25T01:00:00.000Z
sensor.camera_g_temperatura,24.559613563077775,2026-05-25T02:00:00.000Z
sensor.camera_g_temperatura,24.539653097472222,2026-05-25T03:00:00.000Z
sensor.camera_g_temperatura,24.478787477133334,2026-05-25T04:00:00.000Z
sensor.camera_g_temperatura,24.473447936733333,2026-05-25T05:00:00.000Z
sensor.camera_g_temperatura,24.454674119255557,2026-05-25T06:00:00.000Z
sensor.camera_g_temperatura,24.499441152352777,2026-05-25T07:00:00.000Z
sensor.camera_g_temperatura,24.563380977033333,2026-05-25T08:00:00.000Z
sensor.camera_g_temperatura,24.64223183714722,2026-05-25T09:00:00.000Z
sensor.camera_g_temperatura,24.742779325658333,2026-05-25T10:00:00.000Z
sensor.camera_g_temperatura,24.86070223949722,2026-05-25T11:00:00.000Z
sensor.camera_g_temperatura,24.93230802204444,2026-05-25T12:00:00.000Z
sensor.camera_g_temperatura,25.032659190594444,2026-05-25T13:00:00.000Z
sensor.camera_g_temperatura,25.121399449386107,2026-05-25T14:00:00.000Z
sensor.camera_g_temperatura,25.190455954158335,2026-05-25T15:00:00.000Z
sensor.camera_g_temperatura,25.226932486930554,2026-05-25T16:00:00.000Z
sensor.camera_g_temperatura,25.279939847799998,2026-05-25T17:00:00.000Z
sensor.camera_g_temperatura,25.350622767361113,2026-05-25T18:00:00.000Z
sensor.camera_g_temperatura,25.380632111725003,2026-05-25T19:00:00.000Z
sensor.camera_g_temperatura,25.38982911815,2026-05-25T20:00:00.000Z
sensor.camera_g_temperatura,25.382451939766668,2026-05-25T21:00:00.000Z
sensor.camera_g_temperatura,25.39251599454722,2026-05-25T22:00:00.000Z
sensor.camera_g_temperatura,25.387920206316668,2026-05-25T23:00:00.000Z
sensor.camera_g_temperatura,25.385704719849997,2026-05-26T00:00:00.000Z
sensor.camera_g_temperatura,25.362015070111113,2026-05-26T01:00:00.000Z
sensor.camera_g_temperatura,25.351408970266665,2026-05-26T02:00:00.000Z
sensor.camera_g_temperatura,25.334221607111115,2026-05-26T03:00:00.000Z
sensor.camera_g_temperatura,25.295035580658332,2026-05-26T04:00:00.000Z
sensor.camera_g_temperatura,25.286642120925,2026-05-26T05:00:00.000Z
sensor.camera_g_temperatura,25.293355876822222,2026-05-26T06:00:00.000Z
sensor.camera_g_temperatura,25.319103884077776,2026-05-26T07:00:00.000Z
sensor.camera_g_temperatura,25.382128459077776,2026-05-26T08:00:00.000Z
sensor.camera_g_temperatura,25.454803341561114,2026-05-26T09:00:00.000Z
sensor.camera_g_temperatura,25.52178580433889,2026-05-26T10:00:00.000Z
sensor.camera_g_temperatura,25.615160239208333,2026-05-26T11:00:00.000Z
sensor.camera_g_temperatura,25.71386373749722,2026-05-26T12:00:00.000Z
sensor.camera_g_temperatura,25.80459963504722,2026-05-26T13:00:00.000Z
sensor.camera_g_temperatura,25.905358306525,2026-05-26T14:00:00.000Z
sensor.camera_g_temperatura,25.985953838344447,2026-05-26T15:00:00.000Z
sensor.camera_g_temperatura,26.085931478872222,2026-05-26T16:00:00.000Z
sensor.camera_g_temperatura,26.179946235352777,2026-05-26T17:00:00.000Z
sensor.camera_g_temperatura,26.206282862699997,2026-05-26T18:00:00.000Z
sensor.camera_g_temperatura,26.20780280820833,2026-05-26T19:00:00.000Z
sensor.camera_g_temperatura,26.21574974028889,2026-05-26T20:00:00.000Z
sensor.camera_g_temperatura,26.25662879910833,2026-05-26T21:00:00.000Z
sensor.camera_g_temperatura,26.263968914094445,2026-05-26T22:00:00.000Z
sensor.camera_g_temperatura,26.27677775351667,2026-05-26T23:00:00.000Z
sensor.camera_g_temperatura,26.249267894438887,2026-05-27T00:00:00.000Z
sensor.camera_g_temperatura,26.243621651599998,2026-05-27T01:00:00.000Z
sensor.camera_g_temperatura,26.228430447647224,2026-05-27T02:00:00.000Z
sensor.camera_g_temperatura,26.183860604116663,2026-05-27T03:00:00.000Z
sensor.camera_g_temperatura,26.15487205488333,2026-05-27T04:00:00.000Z
sensor.camera_g_temperatura,26.130067067344445,2026-05-27T05:00:00.000Z
sensor.camera_g_temperatura,26.16650419596111,2026-05-27T06:00:00.000Z
sensor.camera_g_temperatura,26.187548639375,2026-05-27T07:00:00.000Z
sensor.camera_g_temperatura,26.246252870825003,2026-05-27T08:00:00.000Z
sensor.camera_g_temperatura,26.297750713483335,2026-05-27T09:00:00.000Z
sensor.camera_g_temperatura,26.39504556142778,2026-05-27T10:00:00.000Z
sensor.camera_g_temperatura,26.504328446005555,2026-05-27T11:00:00.000Z
sensor.camera_g_temperatura,26.617882647433333,2026-05-27T12:00:00.000Z
sensor.camera_g_temperatura,26.794152507269445,2026-05-27T13:00:00.000Z
sensor.camera_g_temperatura,26.933926717747223,2026-05-27T14:00:00.000Z
sensor.camera_g_temperatura,27.119792704158332,2026-05-27T15:00:00.000Z
sensor.camera_g_temperatura,27.346334471972224,2026-05-27T16:00:00.000Z
sensor.camera_g_temperatura,27.474278251650002,2026-05-27T17:00:00.000Z
sensor.camera_g_temperatura,27.460105070188888,2026-05-27T18:00:00.000Z
sensor.camera_g_temperatura,27.48378969225833,2026-05-27T19:00:00.000Z
sensor.camera_g_temperatura,27.46543601846111,2026-05-27T20:00:00.000Z
sensor.camera_g_temperatura,27.44574022764722,2026-05-27T21:00:00.000Z
sensor.camera_g_temperatura,27.427483985030552,2026-05-27T22:00:00.000Z
sensor.camera_g_temperatura,27.406042832005557,2026-05-27T23:00:00.000Z
sensor.camera_g_temperatura,27.356405093030556,2026-05-28T00:00:00.000Z
sensor.camera_g_temperatura,27.324087568255553,2026-05-28T01:00:00.000Z
sensor.camera_g_temperatura,27.286512924847226,2026-05-28T02:00:00.000Z
sensor.camera_g_temperatura,27.2330365034,2026-05-28T03:00:00.000Z
sensor.camera_g_temperatura,27.188161793666666,2026-05-28T04:00:00.000Z
sensor.camera_g_temperatura,27.172313208905553,2026-05-28T05:00:00.000Z
sensor.camera_g_temperatura,27.143220373122222,2026-05-28T06:00:00.000Z
sensor.camera_g_temperatura,27.159654339563886,2026-05-28T07:00:00.000Z
sensor.camera_g_temperatura,27.216605755919446,2026-05-28T08:00:00.000Z
sensor.camera_g_temperatura,27.289383158711114,2026-05-28T09:00:00.000Z
sensor.camera_g_temperatura,27.35220422715,2026-05-28T10:00:00.000Z
sensor.camera_g_temperatura,27.42387522968889,2026-05-28T11:00:00.000Z
sensor.camera_g_temperatura,27.501717112544444,2026-05-28T12:00:00.000Z
sensor.camera_g_temperatura,27.587882436472224,2026-05-28T13:00:00.000Z
sensor.camera_g_temperatura,27.671771510519445,2026-05-28T14:00:00.000Z
sensor.camera_g_temperatura,27.713298450519446,2026-05-28T15:00:00.000Z
sensor.camera_g_temperatura,27.779441397416665,2026-05-28T16:00:00.000Z
sensor.camera_g_temperatura,27.815770994502774,2026-05-28T17:00:00.000Z
sensor.camera_g_temperatura,27.822551154630556,2026-05-28T18:00:00.000Z
sensor.camera_g_temperatura,27.784178178575,2026-05-28T19:00:00.000Z
sensor.camera_g_temperatura,27.720233473925003,2026-05-28T20:00:00.000Z
sensor.camera_g_temperatura,27.640481879524998,2026-05-28T21:00:00.000Z
sensor.camera_g_temperatura,27.578313453805553,2026-05-28T22:00:00.000Z
sensor.camera_g_temperatura,27.546836462299996,2026-05-28T23:00:00.000Z
sensor.camera_g_temperatura,27.52122966399722,2026-05-29T00:00:00.000Z
sensor.camera_g_temperatura,27.496461991513886,2026-05-29T01:00:00.000Z
sensor.camera_g_temperatura,27.472224245244444,2026-05-29T02:00:00.000Z
sensor.camera_g_temperatura,27.472808321544445,2026-05-29T03:00:00.000Z
sensor.camera_g_temperatura,27.449498040008333,2026-05-29T04:00:00.000Z
sensor.camera_g_temperatura,27.41728553114167,2026-05-29T05:00:00.000Z
sensor.camera_g_temperatura,27.3766054755,2026-05-29T06:00:00.000Z
sensor.camera_g_temperatura,27.394926248302777,2026-05-29T07:00:00.000Z
sensor.camera_g_temperatura,27.39664469875,2026-05-29T08:00:00.000Z
sensor.camera_g_temperatura,27.427089815752776,2026-05-29T09:00:00.000Z
sensor.camera_g_temperatura,27.424520029449997,2026-05-29T10:00:00.000Z
sensor.camera_g_temperatura,27.474860997319443,2026-05-29T11:00:00.000Z
sensor.camera_g_temperatura,27.558444802980556,2026-05-29T12:00:00.000Z
sensor.camera_g_temperatura,27.649234536252777,2026-05-29T13:00:00.000Z
sensor.camera_g_temperatura,27.70412853826667,2026-05-29T14:00:00.000Z
sensor.camera_g_temperatura,27.74918002671667,2026-05-29T15:00:00.000Z
sensor.camera_g_temperatura,27.769783459833334,2026-05-29T16:00:00.000Z
sensor.camera_g_temperatura,27.817563336108332,2026-05-29T17:00:00.000Z
sensor.camera_g_temperatura,27.839189926972224,2026-05-29T18:00:00.000Z
sensor.camera_g_temperatura,27.829813834944446,2026-05-29T19:00:00.000Z
sensor.camera_g_temperatura,27.846829767019443,2026-05-29T20:00:00.000Z
sensor.camera_g_temperatura,27.80644661168333,2026-05-29T21:00:00.000Z
sensor.camera_g_temperatura,27.81171232963889,2026-05-29T22:00:00.000Z
sensor.camera_g_temperatura,27.775351116572224,2026-05-29T23:00:00.000Z
sensor.camera_g_temperatura,27.73121546418889,2026-05-30T00:00:00.000Z
sensor.camera_g_temperatura,27.66600098217222,2026-05-30T01:00:00.000Z
sensor.camera_g_temperatura,27.605704327155554,2026-05-30T02:00:00.000Z
sensor.camera_g_temperatura,27.564404301491667,2026-05-30T03:00:00.000Z
sensor.camera_g_temperatura,27.508956827808333,2026-05-30T04:00:00.000Z
sensor.camera_g_temperatura,27.44780992575833,2026-05-30T05:00:00.000Z
sensor.camera_g_temperatura,27.137890022605557,2026-05-30T06:00:00.000Z
sensor.camera_g_temperatura,27.068819908541666,2026-05-30T07:00:00.000Z
sensor.camera_g_temperatura,27.214745611133335,2026-05-30T08:00:00.000Z
sensor.camera_g_temperatura,27.355806204305555,2026-05-30T09:00:00.000Z
sensor.camera_g_temperatura,27.480331862333333,2026-05-30T10:00:00.000Z
sensor.camera_g_temperatura,27.605756676205555,2026-05-30T11:00:00.000Z
sensor.camera_g_temperatura,27.722569184419445,2026-05-30T12:00:00.000Z
sensor.camera_g_temperatura,27.838905610080555,2026-05-30T13:00:00.000Z
sensor.camera_g_temperatura,27.921956599069446,2026-05-30T14:00:00.000Z
sensor.camera_g_temperatura,27.967519296719445,2026-05-30T15:00:00.000Z
sensor.camera_g_temperatura,28.013968321094442,2026-05-30T16:00:00.000Z
sensor.camera_g_temperatura,28.039823919152777,2026-05-30T17:00:00.000Z
sensor.camera_g_temperatura,28.064169507280553,2026-05-30T18:00:00.000Z
sensor.camera_g_temperatura,28.04664434366389,2026-05-30T19:00:00.000Z
sensor.camera_g_temperatura,28.052516115722224,2026-05-30T20:00:00.000Z
sensor.camera_g_temperatura,28.079492269402778,2026-05-30T21:00:00.000Z
sensor.camera_g_temperatura,28.073357599572223,2026-05-30T22:00:00.000Z
sensor.camera_g_temperatura,28.002772868377775,2026-05-30T23:00:00.000Z
sensor.camera_g_temperatura,27.9018627519,2026-05-31T00:00:00.000Z
sensor.camera_g_temperatura,27.798120762691667,2026-05-31T01:00:00.000Z
sensor.camera_g_temperatura,27.734160777266666,2026-05-31T02:00:00.000Z
sensor.camera_g_temperatura,27.68663700743056,2026-05-31T03:00:00.000Z
sensor.camera_g_temperatura,27.64870949001389,2026-05-31T04:00:00.000Z
sensor.camera_g_temperatura,27.597166006230555,2026-05-31T05:00:00.000Z
sensor.camera_g_temperatura,27.562021142377777,2026-05-31T06:00:00.000Z
sensor.camera_g_temperatura,27.540846892999998,2026-05-31T07:00:00.000Z
sensor.camera_g_temperatura,27.5830950979,2026-05-31T08:00:00.000Z
sensor.camera_g_temperatura,27.52093815421389,2026-05-31T09:00:00.000Z
sensor.camera_g_temperatura,27.66174344033611,2026-05-31T10:00:00.000Z
sensor.camera_g_temperatura,27.710864701591664,2026-05-31T11:00:00.000Z
sensor.camera_g_temperatura,27.834218667055556,2026-05-31T12:00:00.000Z
sensor.camera_g_temperatura,27.939686062144446,2026-05-31T13:00:00.000Z
sensor.camera_g_temperatura,28.024754548333334,2026-05-31T14:00:00.000Z
sensor.camera_g_temperatura,28.109229092552777,2026-05-31T15:00:00.000Z
sensor.camera_g_temperatura,28.183345650183337,2026-05-31T16:00:00.000Z
sensor.camera_g_temperatura,28.21918086443611,2026-05-31T17:00:00.000Z
sensor.camera_g_temperatura,28.22812794012222,2026-05-31T18:00:00.000Z
sensor.camera_g_temperatura,28.167057931275,2026-05-31T19:00:00.000Z
sensor.camera_g_temperatura,28.149935383722223,2026-05-31T20:00:00.000Z
sensor.camera_g_temperatura,28.139535284319447,2026-05-31T21:00:00.000Z
sensor.camera_g_temperatura,28.067222157127777,2026-05-31T22:00:00.000Z
sensor.camera_g_temperatura,28.060470176394443,2026-05-31T23:00:00.000Z
sensor.camera_g_temperatura,28.011609840033334,2026-06-01T00:00:00.000Z
sensor.camera_g_temperatura,27.953694217016665,2026-06-01T01:00:00.000Z
sensor.camera_g_temperatura,27.918795959350003,2026-06-01T02:00:00.000Z
sensor.camera_g_temperatura,27.88195229477778,2026-06-01T03:00:00.000Z
sensor.camera_g_temperatura,27.812055849008335,2026-06-01T04:00:00.000Z
sensor.camera_g_temperatura,27.747955069094445,2026-06-01T05:00:00.000Z
sensor.camera_g_temperatura,27.700676172944444,2026-06-01T06:00:00.000Z
sensor.camera_g_temperatura,27.681873822644445,2026-06-01T07:00:00.000Z
sensor.camera_g_temperatura,27.702579801030556,2026-06-01T08:00:00.000Z
sensor.camera_g_temperatura,27.72489672335833,2026-06-01T09:00:00.000Z
sensor.camera_g_temperatura,27.802324231108333,2026-06-01T10:00:00.000Z
sensor.camera_g_temperatura,27.900402105224998,2026-06-01T11:00:00.000Z
sensor.camera_g_temperatura,27.806439915238887,2026-06-01T12:00:00.000Z
sensor.camera_g_temperatura,27.965866421783332,2026-06-01T13:00:00.000Z
sensor.camera_g_temperatura,28.00496214615556,2026-06-01T14:00:00.000Z
sensor.camera_g_temperatura,28.03660069654722,2026-06-01T15:00:00.000Z
sensor.camera_g_temperatura,28.100975919694445,2026-06-01T16:00:00.000Z
sensor.camera_g_temperatura,28.144538879216668,2026-06-01T17:00:00.000Z
sensor.camera_g_temperatura,28.207841931675002,2026-06-01T18:00:00.000Z
sensor.camera_g_temperatura,28.193924464138888,2026-06-01T19:00:00.000Z
sensor.camera_g_temperatura,28.131224008647223,2026-06-01T20:00:00.000Z
sensor.camera_g_temperatura,27.962819931758332,2026-06-01T21:00:00.000Z
sensor.camera_g_temperatura,27.820588540291666,2026-06-01T22:00:00.000Z
sensor.camera_g_temperatura,27.80115164298333,2026-06-01T23:00:00.000Z
sensor.camera_g_temperatura,27.77804447822778,2026-06-02T00:00:00.000Z
sensor.camera_g_temperatura,27.694290300233334,2026-06-02T01:00:00.000Z
sensor.camera_g_temperatura,27.52470087885278,2026-06-02T02:00:00.000Z
sensor.camera_g_temperatura,27.429146908361115,2026-06-02T03:00:00.000Z
sensor.camera_g_temperatura,27.42,2026-06-02T04:00:00.000Z
sensor.camera_g_temperatura,27.409932951633337,2026-06-02T05:00:00.000Z
sensor.camera_g_temperatura,27.380635862133335,2026-06-02T06:00:00.000Z
sensor.camera_g_temperatura,27.365364738325,2026-06-02T07:00:00.000Z
sensor.camera_g_temperatura,27.355202830116667,2026-06-02T08:00:00.000Z
sensor.camera_g_temperatura,27.32063448096389,2026-06-02T09:00:00.000Z
sensor.camera_g_temperatura,26.954974423825004,2026-06-02T10:00:00.000Z
sensor.camera_g_temperatura,26.908334447925,2026-06-02T11:00:00.000Z
sensor.camera_g_temperatura,26.95904211899722,2026-06-02T12:00:00.000Z
sensor.camera_g_temperatura,26.916083017922222,2026-06-02T13:00:00.000Z
sensor.camera_g_temperatura,26.93527759931111,2026-06-02T14:00:00.000Z
sensor.camera_g_temperatura,27.009380556525002,2026-06-02T15:00:00.000Z
sensor.camera_g_temperatura,27.018180930822222,2026-06-02T16:00:00.000Z
sensor.camera_g_temperatura,26.982137383058333,2026-06-02T17:00:00.000Z
sensor.camera_g_temperatura,26.898334833180556,2026-06-02T18:00:00.000Z
sensor.camera_g_temperatura,26.821321272719445,2026-06-02T19:00:00.000Z
sensor.camera_g_temperatura,26.771308920880557,2026-06-02T20:00:00.000Z
sensor.camera_g_temperatura,26.749728548133334,2026-06-02T21:00:00.000Z
sensor.camera_g_temperatura,26.312832644987875,2026-06-05T08:00:00.000Z
sensor.camera_g_temperatura,26.369906175097224,2026-06-05T09:00:00.000Z
sensor.camera_g_temperatura,26.432154751794442,2026-06-05T10:00:00.000Z
sensor.camera_g_temperatura,26.51350123707222,2026-06-05T11:00:00.000Z
sensor.camera_g_temperatura,26.57534902962222,2026-06-05T12:00:00.000Z
sensor.camera_g_temperatura,26.646066892097224,2026-06-05T13:00:00.000Z
sensor.camera_g_temperatura,26.672984784633332,2026-06-05T14:00:00.000Z
sensor.camera_g_temperatura,26.71993339155,2026-06-05T15:00:00.000Z
sensor.camera_g_temperatura,26.735170065780554,2026-06-05T16:00:00.000Z
sensor.camera_g_temperatura,26.731611089336113,2026-06-05T17:00:00.000Z
sensor.camera_g_temperatura,26.728252019305557,2026-06-05T18:00:00.000Z
sensor.camera_g_temperatura,26.725930870541664,2026-06-05T19:00:00.000Z
sensor.camera_g_temperatura,26.687031520708334,2026-06-05T20:00:00.000Z
sensor.camera_g_temperatura,26.632612882713886,2026-06-05T21:00:00.000Z
sensor.camera_g_temperatura,26.601030453899998,2026-06-05T22:00:00.000Z
sensor.camera_g_temperatura,26.56968522132222,2026-06-05T23:00:00.000Z
sensor.camera_g_temperatura,26.512337032377776,2026-06-06T00:00:00.000Z
sensor.camera_g_temperatura,26.46290175291389,2026-06-06T01:00:00.000Z
sensor.camera_g_temperatura,26.40501140349167,2026-06-06T02:00:00.000Z
sensor.camera_g_temperatura,26.341228443525,2026-06-06T03:00:00.000Z
sensor.camera_g_temperatura,26.289719648480556,2026-06-06T04:00:00.000Z
sensor.camera_g_temperatura,26.24235229145,2026-06-06T05:00:00.000Z
sensor.camera_g_temperatura,26.218127666694443,2026-06-06T06:00:00.000Z
sensor.camera_g_temperatura,26.234262578402777,2026-06-06T07:00:00.000Z
sensor.camera_g_temperatura,26.236438240444443,2026-06-06T08:00:00.000Z
sensor.camera_g_temperatura,26.285651936561113,2026-06-06T09:00:00.000Z
sensor.camera_g_temperatura,26.36860729227222,2026-06-06T10:00:00.000Z
sensor.camera_g_temperatura,26.433007249530558,2026-06-06T11:00:00.000Z
sensor.camera_g_temperatura,26.53134287078889,2026-06-06T12:00:00.000Z
sensor.camera_g_temperatura,26.593460234094447,2026-06-06T13:00:00.000Z
sensor.camera_g_temperatura,26.642478397344444,2026-06-06T14:00:00.000Z
sensor.camera_g_temperatura,26.68884326237222,2026-06-06T15:00:00.000Z
sensor.camera_g_temperatura,26.74109721155,2026-06-06T16:00:00.000Z
sensor.camera_g_temperatura,26.726453584294447,2026-06-06T17:00:00.000Z
sensor.camera_g_temperatura,26.72496560293889,2026-06-06T18:00:00.000Z
sensor.camera_g_temperatura,26.713238064938892,2026-06-06T19:00:00.000Z
sensor.camera_g_temperatura,26.677059804947223,2026-06-06T20:00:00.000Z
sensor.camera_g_temperatura,26.622880232191665,2026-06-06T21:00:00.000Z
sensor.camera_g_temperatura,26.587209518019446,2026-06-06T22:00:00.000Z
sensor.camera_g_temperatura,26.55293112600278,2026-06-06T23:00:00.000Z
sensor.camera_g_temperatura,26.492852038305557,2026-06-07T00:00:00.000Z
sensor.camera_g_temperatura,26.46946649298611,2026-06-07T01:00:00.000Z
sensor.camera_g_temperatura,26.38912322110278,2026-06-07T02:00:00.000Z
sensor.camera_g_temperatura,26.323338982691666,2026-06-07T03:00:00.000Z
sensor.camera_g_temperatura,26.274549912794445,2026-06-07T04:00:00.000Z
sensor.camera_g_temperatura,26.206150424197222,2026-06-07T05:00:00.000Z
sensor.camera_g_temperatura,26.176806367313887,2026-06-07T06:00:00.000Z
sensor.camera_g_temperatura,26.207855373766666,2026-06-07T07:00:00.000Z
sensor.camera_g_temperatura,26.260055264644446,2026-06-07T08:00:00.000Z
sensor.camera_g_temperatura,26.325013398988887,2026-06-07T09:00:00.000Z
sensor.camera_g_temperatura,26.423088222388888,2026-06-07T10:00:00.000Z
sensor.camera_g_temperatura,26.504359523661112,2026-06-07T11:00:00.000Z
sensor.camera_g_temperatura,26.615070221280558,2026-06-07T12:00:00.000Z
sensor.camera_g_temperatura,26.720780165736112,2026-06-07T13:00:00.000Z
sensor.camera_g_temperatura,26.814951493213886,2026-06-07T14:00:00.000Z
sensor.camera_g_temperatura,26.856798241613888,2026-06-07T15:00:00.000Z
sensor.camera_g_temperatura,26.92045519936389,2026-06-07T16:00:00.000Z
sensor.camera_g_temperatura,26.973052489808335,2026-06-07T17:00:00.000Z
sensor.camera_g_temperatura,26.98023205821389,2026-06-07T18:00:00.000Z
sensor.camera_g_temperatura,26.949564220258335,2026-06-07T19:00:00.000Z
sensor.camera_g_temperatura,26.937417595830556,2026-06-07T20:00:00.000Z
sensor.camera_g_temperatura,26.924200472230556,2026-06-07T21:00:00.000Z
sensor.camera_g_temperatura,26.904603330327777,2026-06-07T22:00:00.000Z
sensor.camera_g_temperatura,26.86403634357778,2026-06-07T23:00:00.000Z
sensor.camera_g_temperatura,26.830748128216666,2026-06-08T00:00:00.000Z
sensor.camera_g_temperatura,26.785345188094443,2026-06-08T01:00:00.000Z
sensor.camera_g_temperatura,26.749778030927775,2026-06-08T02:00:00.000Z
sensor.camera_g_temperatura,26.696314585741664,2026-06-08T03:00:00.000Z
sensor.camera_g_temperatura,26.66621392979444,2026-06-08T04:00:00.000Z
sensor.camera_g_temperatura,26.621309073324998,2026-06-08T05:00:00.000Z
sensor.camera_g_temperatura,26.6076858065,2026-06-08T06:00:00.000Z
sensor.camera_g_temperatura,26.599466617655555,2026-06-08T07:00:00.000Z
sensor.camera_g_temperatura,26.64268494165833,2026-06-08T08:00:00.000Z
sensor.camera_g_temperatura,26.70335895035278,2026-06-08T09:00:00.000Z
sensor.camera_g_temperatura,26.793435855527775,2026-06-08T10:00:00.000Z
sensor.camera_g_temperatura,26.868299329236113,2026-06-08T11:00:00.000Z
sensor.camera_g_temperatura,26.968913208163887,2026-06-08T12:00:00.000Z
sensor.camera_g_temperatura,27.05068955496944,2026-06-08T13:00:00.000Z
sensor.camera_g_temperatura,27.126246950816665,2026-06-08T14:00:00.000Z
sensor.camera_g_temperatura,27.189239108549998,2026-06-08T15:00:00.000Z
sensor.camera_g_temperatura,27.243961512258334,2026-06-08T16:00:00.000Z
sensor.camera_g_temperatura,27.27119322932778,2026-06-08T17:00:00.000Z
sensor.camera_g_temperatura,27.266711014200002,2026-06-08T18:00:00.000Z
sensor.camera_g_temperatura,27.250771605,2026-06-08T19:00:00.000Z
sensor.camera_g_temperatura,27.237305744761112,2026-06-08T20:00:00.000Z
sensor.camera_g_temperatura,27.230866381883335,2026-06-08T21:00:00.000Z
sensor.camera_g_temperatura,27.216736285891667,2026-06-08T22:00:00.000Z
sensor.camera_g_temperatura,27.2166447606,2026-06-08T23:00:00.000Z
sensor.camera_g_temperatura,27.185963938961113,2026-06-09T00:00:00.000Z
sensor.camera_g_temperatura,27.152035535430556,2026-06-09T01:00:00.000Z
sensor.camera_g_temperatura,27.139203312941664,2026-06-09T02:00:00.000Z
sensor.camera_g_temperatura,27.089289659724997,2026-06-09T03:00:00.000Z
sensor.camera_g_temperatura,27.069661804463887,2026-06-09T04:00:00.000Z
sensor.camera_g_temperatura,27.045491495066667,2026-06-09T05:00:00.000Z
sensor.camera_g_temperatura,27.01077241207778,2026-06-09T06:00:00.000Z
sensor.camera_g_temperatura,27.013288237547226,2026-06-09T07:00:00.000Z
sensor.camera_g_temperatura,27.033289836605558,2026-06-09T08:00:00.000Z
sensor.camera_g_temperatura,27.082560329008334,2026-06-09T09:00:00.000Z
sensor.camera_g_temperatura,27.143904922833332,2026-06-09T10:00:00.000Z
sensor.camera_g_temperatura,27.249372793855557,2026-06-09T11:00:00.000Z
sensor.camera_g_temperatura,27.35255892938889,2026-06-09T12:00:00.000Z
sensor.camera_g_temperatura,27.444618534399996,2026-06-09T13:00:00.000Z
sensor.camera_g_temperatura,27.514592422008334,2026-06-09T14:00:00.000Z
sensor.camera_g_temperatura,27.537044141952776,2026-06-09T15:00:00.000Z
sensor.camera_g_temperatura,27.588520539355557,2026-06-09T16:00:00.000Z
sensor.camera_g_temperatura,27.602944663558333,2026-06-09T17:00:00.000Z
sensor.camera_g_temperatura,27.632516166855556,2026-06-09T18:00:00.000Z
sensor.camera_g_temperatura,27.635872568591665,2026-06-09T19:00:00.000Z
sensor.camera_g_temperatura,27.612613737258332,2026-06-09T20:00:00.000Z
sensor.camera_g_temperatura,27.58144495682222,2026-06-09T21:00:00.000Z
sensor.camera_g_temperatura,27.54292119126111,2026-06-09T22:00:00.000Z
sensor.camera_g_temperatura,27.48298812288333,2026-06-09T23:00:00.000Z
sensor.camera_g_temperatura,27.428490654588888,2026-06-10T00:00:00.000Z
sensor.camera_g_temperatura,27.39452947210278,2026-06-10T01:00:00.000Z
sensor.camera_g_temperatura,27.3700607805,2026-06-10T02:00:00.000Z
sensor.camera_g_temperatura,27.32392135063333,2026-06-10T03:00:00.000Z
sensor.camera_g_temperatura,27.27747243076111,2026-06-10T04:00:00.000Z
sensor.camera_g_temperatura,27.249253469233334,2026-06-10T05:00:00.000Z
sensor.camera_g_temperatura,27.182258093263886,2026-06-10T06:00:00.000Z
sensor.camera_g_temperatura,27.14339177769722,2026-06-10T07:00:00.000Z
sensor.camera_g_temperatura,27.117232371880558,2026-06-10T08:00:00.000Z
sensor.camera_g_temperatura,27.120525705316666,2026-06-10T09:00:00.000Z
sensor.camera_g_temperatura,27.154794963677777,2026-06-10T10:00:00.000Z
sensor.camera_g_temperatura,27.11604963836389,2026-06-10T11:00:00.000Z
sensor.camera_g_temperatura,27.125535961319443,2026-06-10T12:00:00.000Z
sensor.camera_g_temperatura,27.29588961053611,2026-06-10T13:00:00.000Z
sensor.camera_g_temperatura,27.397285975769446,2026-06-10T14:00:00.000Z
sensor.camera_g_temperatura,27.387790839258333,2026-06-10T15:00:00.000Z
sensor.camera_g_temperatura,27.27654964033611,2026-06-10T16:00:00.000Z
sensor.camera_g_temperatura,27.239724813,2026-06-10T17:00:00.000Z
sensor.camera_g_temperatura,27.243917113133335,2026-06-10T18:00:00.000Z
sensor.camera_g_temperatura,27.206218247780555,2026-06-10T19:00:00.000Z
sensor.camera_g_temperatura,27.149928775972224,2026-06-10T20:00:00.000Z
sensor.camera_g_temperatura,27.035369341305554,2026-06-10T21:00:00.000Z
sensor.camera_g_temperatura,26.912148223155555,2026-06-10T22:00:00.000Z
sensor.camera_g_temperatura,26.828472364297223,2026-06-10T23:00:00.000Z
sensor.camera_g_temperatura,26.74071058033333,2026-06-11T00:00:00.000Z
sensor.camera_g_temperatura,26.64917044101667,2026-06-11T01:00:00.000Z
sensor.camera_g_temperatura,26.582826232741667,2026-06-11T02:00:00.000Z
sensor.camera_g_temperatura,26.532644258930556,2026-06-11T03:00:00.000Z
sensor.camera_g_temperatura,26.473942844074998,2026-06-11T04:00:00.000Z
sensor.camera_g_temperatura,26.43474100318889,2026-06-11T05:00:00.000Z
sensor.camera_g_temperatura,26.379368097397222,2026-06-11T06:00:00.000Z
sensor.camera_g_temperatura,26.344061629797224,2026-06-11T07:00:00.000Z
sensor.camera_g_temperatura,26.38812188867222,2026-06-11T08:00:00.000Z
sensor.camera_g_temperatura,26.44987131840833,2026-06-11T09:00:00.000Z
sensor.camera_g_temperatura,26.437956555583337,2026-06-11T10:00:00.000Z
sensor.camera_g_temperatura,26.526028752422224,2026-06-11T11:00:00.000Z
sensor.camera_g_temperatura,26.652261038647225,2026-06-11T12:00:00.000Z
sensor.camera_g_temperatura,26.732393738238887,2026-06-11T13:00:00.000Z
sensor.camera_g_temperatura,26.754189977061113,2026-06-11T14:00:00.000Z
sensor.camera_g_temperatura,26.774453266725,2026-06-11T15:00:00.000Z
sensor.camera_g_temperatura,26.826914218825,2026-06-11T16:00:00.000Z
sensor.camera_g_temperatura,26.831261607930557,2026-06-11T17:00:00.000Z
sensor.camera_g_temperatura,26.850068033930555,2026-06-11T18:00:00.000Z
sensor.camera_g_temperatura,26.86797161379444,2026-06-11T19:00:00.000Z
sensor.camera_g_temperatura,26.860683859616667,2026-06-11T20:00:00.000Z
sensor.camera_g_temperatura,26.820772672588888,2026-06-11T21:00:00.000Z
sensor.camera_g_temperatura,26.771941814794445,2026-06-11T22:00:00.000Z
sensor.camera_g_temperatura,26.711307830880557,2026-06-11T23:00:00.000Z
sensor.camera_g_temperatura,26.64428984042222,2026-06-12T00:00:00.000Z
sensor.camera_g_temperatura,26.57868472170833,2026-06-12T01:00:00.000Z
sensor.camera_g_temperatura,26.509238417277775,2026-06-12T02:00:00.000Z
sensor.camera_g_temperatura,26.47983068421389,2026-06-12T03:00:00.000Z
sensor.camera_g_temperatura,26.429992376044442,2026-06-12T04:00:00.000Z
sensor.camera_g_temperatura,26.364984135944443,2026-06-12T05:00:00.000Z
sensor.camera_g_temperatura,26.29825038893611,2026-06-12T06:00:00.000Z
sensor.camera_g_temperatura,26.261885732438888,2026-06-12T07:00:00.000Z
sensor.camera_g_temperatura,26.28535030982222,2026-06-12T08:00:00.000Z
sensor.camera_g_temperatura,26.27006681107778,2026-06-12T09:00:00.000Z
sensor.camera_g_temperatura,26.2993451526,2026-06-12T10:00:00.000Z
sensor.camera_g_temperatura,26.35671111628889,2026-06-12T11:00:00.000Z
sensor.camera_g_temperatura,26.379699088052778,2026-06-12T12:00:00.000Z
sensor.camera_g_temperatura,26.406512044733333,2026-06-12T13:00:00.000Z
sensor.camera_g_temperatura,26.506565257330553,2026-06-12T14:00:00.000Z
sensor.camera_g_temperatura,26.59482366873611,2026-06-12T15:00:00.000Z
sensor.camera_g_temperatura,26.659393516333335,2026-06-12T16:00:00.000Z
sensor.camera_g_temperatura,26.664455375969442,2026-06-12T17:00:00.000Z
sensor.camera_g_temperatura,26.730523053325,2026-06-12T18:00:00.000Z
sensor.camera_g_temperatura,26.711642845713886,2026-06-12T19:00:00.000Z
sensor.camera_g_temperatura,26.68602861286111,2026-06-12T20:00:00.000Z
sensor.camera_g_temperatura,26.708075046869443,2026-06-12T21:00:00.000Z
sensor.camera_g_temperatura,26.689977385033334,2026-06-12T22:00:00.000Z
sensor.camera_g_temperatura,26.65398873373889,2026-06-12T23:00:00.000Z
sensor.camera_g_temperatura,26.633472759833335,2026-06-13T00:00:00.000Z
sensor.camera_g_temperatura,26.605366744008336,2026-06-13T01:00:00.000Z
sensor.camera_g_temperatura,26.57170082048611,2026-06-13T02:00:00.000Z
sensor.camera_g_temperatura,26.515010369080557,2026-06-13T03:00:00.000Z
sensor.camera_g_temperatura,26.47367598082222,2026-06-13T04:00:00.000Z
sensor.camera_g_temperatura,26.426002984883336,2026-06-13T05:00:00.000Z
sensor.camera_g_temperatura,26.411994516447223,2026-06-13T06:00:00.000Z
sensor.camera_g_temperatura,26.327950013586115,2026-06-13T07:00:00.000Z
sensor.camera_g_temperatura,26.258354350383332,2026-06-13T08:00:00.000Z
sensor.camera_g_temperatura,26.385234069622225,2026-06-13T09:00:00.000Z
sensor.camera_g_temperatura,26.51591453395,2026-06-13T10:00:00.000Z
sensor.camera_g_temperatura,26.62668381501111,2026-06-13T11:00:00.000Z
sensor.camera_g_temperatura,26.752769385333334,2026-06-13T12:00:00.000Z
sensor.camera_g_temperatura,26.852058719080556,2026-06-13T13:00:00.000Z
sensor.camera_g_temperatura,26.928908046541665,2026-06-13T14:00:00.000Z
sensor.camera_g_temperatura,27.021041901094446,2026-06-13T15:00:00.000Z
sensor.camera_g_temperatura,27.1024797036,2026-06-13T16:00:00.000Z
sensor.camera_g_temperatura,27.164942895444444,2026-06-13T17:00:00.000Z
sensor.camera_g_temperatura,27.240226052777775,2026-06-13T18:00:00.000Z
sensor.camera_g_temperatura,27.257336465430555,2026-06-13T19:00:00.000Z
sensor.camera_g_temperatura,27.286989513008336,2026-06-13T20:00:00.000Z
sensor.camera_g_temperatura,27.277618098461108,2026-06-13T21:00:00.000Z
sensor.camera_g_temperatura,27.259560027763893,2026-06-13T22:00:00.000Z
sensor.camera_g_temperatura,27.201760645519443,2026-06-13T23:00:00.000Z
sensor.camera_g_temperatura,27.154940870477777,2026-06-14T00:00:00.000Z
sensor.camera_g_temperatura,27.118351131383335,2026-06-14T01:00:00.000Z
sensor.camera_g_temperatura,27.067100064105556,2026-06-14T02:00:00.000Z
sensor.camera_g_temperatura,27.02054936039167,2026-06-14T03:00:00.000Z
sensor.camera_g_temperatura,26.968993913530557,2026-06-14T04:00:00.000Z
sensor.camera_g_temperatura,26.923344275983336,2026-06-14T05:00:00.000Z
sensor.camera_g_temperatura,26.90032074596944,2026-06-14T06:00:00.000Z
sensor.camera_g_temperatura,26.91496377075556,2026-06-14T07:00:00.000Z
sensor.camera_g_temperatura,26.94810288741944,2026-06-14T08:00:00.000Z
sensor.camera_g_temperatura,27.02946355257778,2026-06-14T09:00:00.000Z
sensor.camera_g_temperatura,27.009710677180554,2026-06-14T10:00:00.000Z
sensor.camera_g_temperatura,27.02568161917222,2026-06-14T11:00:00.000Z
sensor.camera_g_temperatura,27.1461109705,2026-06-14T12:00:00.000Z
sensor.camera_g_temperatura,27.15901666332222,2026-06-14T13:00:00.000Z
sensor.camera_g_temperatura,27.306310983730555,2026-06-14T14:00:00.000Z
sensor.camera_g_temperatura,27.41060395976389,2026-06-14T15:00:00.000Z
sensor.camera_g_temperatura,27.482788487222223,2026-06-14T16:00:00.000Z
sensor.camera_g_temperatura,27.519590218030554,2026-06-14T17:00:00.000Z
sensor.camera_g_temperatura,27.56560888525833,2026-06-14T18:00:00.000Z
sensor.camera_g_temperatura,27.569641519922225,2026-06-14T19:00:00.000Z
sensor.camera_g_temperatura,27.54146053811111,2026-06-14T20:00:00.000Z
sensor.camera_g_temperatura,27.506709366324998,2026-06-14T21:00:00.000Z
sensor.camera_g_temperatura,27.491969254224998,2026-06-14T22:00:00.000Z
sensor.camera_g_temperatura,27.43429857867778,2026-06-14T23:00:00.000Z
sensor.camera_g_temperatura,27.38709331915278,2026-06-15T00:00:00.000Z
sensor.camera_g_temperatura,27.33090595808611,2026-06-15T01:00:00.000Z
sensor.camera_g_temperatura,27.2661374896,2026-06-15T02:00:00.000Z
sensor.camera_g_temperatura,27.209094223755557,2026-06-15T03:00:00.000Z
sensor.camera_g_temperatura,27.146380202252782,2026-06-15T04:00:00.000Z
sensor.camera_g_temperatura,27.085458939816665,2026-06-15T05:00:00.000Z
sensor.camera_g_temperatura,27.072982078444443,2026-06-15T06:00:00.000Z
sensor.camera_g_temperatura,27.094620025716665,2026-06-15T07:00:00.000Z
sensor.camera_g_temperatura,27.121380479555555,2026-06-15T08:00:00.000Z
sensor.camera_g_temperatura,27.17368801031944,2026-06-15T09:00:00.000Z
sensor.camera_g_temperatura,27.230522721622222,2026-06-15T10:00:00.000Z
sensor.camera_g_temperatura,27.308123165416664,2026-06-15T11:00:00.000Z
sensor.camera_g_temperatura,27.365787177555557,2026-06-15T12:00:00.000Z
sensor.camera_g_temperatura,27.472624557927777,2026-06-15T13:00:00.000Z
sensor.camera_g_temperatura,27.532212946580557,2026-06-15T14:00:00.000Z
sensor.camera_g_temperatura,27.570396516694444,2026-06-15T15:00:00.000Z
sensor.camera_g_temperatura,27.607462926636114,2026-06-15T16:00:00.000Z
sensor.camera_g_temperatura,27.640066128041667,2026-06-15T17:00:00.000Z
sensor.camera_g_temperatura,27.658587218025,2026-06-15T18:00:00.000Z
sensor.camera_g_temperatura,27.664603374886113,2026-06-15T19:00:00.000Z
sensor.camera_g_temperatura,27.66,2026-06-15T20:00:00.000Z
sensor.camera_g_temperatura,27.635007744941664,2026-06-15T21:00:00.000Z
sensor.camera_g_temperatura,27.609248240922224,2026-06-15T22:00:00.000Z
sensor.camera_g_temperatura,27.577242106327777,2026-06-15T23:00:00.000Z
sensor.camera_g_temperatura,27.544770461855553,2026-06-16T00:00:00.000Z
sensor.camera_g_temperatura,27.519119311913887,2026-06-16T01:00:00.000Z
sensor.camera_g_temperatura,27.48952305181389,2026-06-16T02:00:00.000Z
sensor.camera_g_temperatura,27.45291987721667,2026-06-16T03:00:00.000Z
sensor.camera_g_temperatura,27.406238299905556,2026-06-16T04:00:00.000Z
sensor.camera_g_temperatura,27.37726992495,2026-06-16T05:00:00.000Z
sensor.camera_g_temperatura,27.34779357347222,2026-06-16T06:00:00.000Z
sensor.camera_g_temperatura,27.367118975233335,2026-06-16T07:00:00.000Z
sensor.camera_g_temperatura,27.410483241116665,2026-06-16T08:00:00.000Z
sensor.camera_g_temperatura,27.471759612461113,2026-06-16T09:00:00.000Z
sensor.camera_g_temperatura,27.550396255272222,2026-06-16T10:00:00.000Z
sensor.camera_g_temperatura,27.639920628516666,2026-06-16T11:00:00.000Z
sensor.camera_g_temperatura,27.73074522543889,2026-06-16T12:00:00.000Z
sensor.camera_g_temperatura,27.811052076575,2026-06-16T13:00:00.000Z
sensor.camera_g_temperatura,27.864784235855556,2026-06-16T14:00:00.000Z
sensor.camera_g_temperatura,27.909407137175,2026-06-16T15:00:00.000Z
sensor.camera_g_temperatura,27.974171855505556,2026-06-16T16:00:00.000Z
sensor.camera_g_temperatura,27.996710926216664,2026-06-16T17:00:00.000Z
sensor.camera_g_temperatura,28.00273125475833,2026-06-16T18:00:00.000Z
sensor.camera_g_temperatura,28.030547989688888,2026-06-16T19:00:00.000Z
sensor.camera_g_temperatura,28.032421821005556,2026-06-16T20:00:00.000Z
sensor.camera_g_temperatura,28.050338558327777,2026-06-16T21:00:00.000Z
sensor.camera_g_temperatura,28.01249543900556,2026-06-16T22:00:00.000Z
sensor.camera_g_temperatura,27.959313545233332,2026-06-16T23:00:00.000Z
sensor.camera_g_temperatura,27.92475746678889,2026-06-17T00:00:00.000Z
sensor.camera_g_temperatura,27.882205818119445,2026-06-17T01:00:00.000Z
sensor.camera_g_temperatura,27.82753954877778,2026-06-17T02:00:00.000Z
sensor.camera_g_temperatura,27.77224064766111,2026-06-17T03:00:00.000Z
sensor.camera_g_temperatura,27.73361185228333,2026-06-17T04:00:00.000Z
sensor.camera_g_temperatura,27.69407810497222,2026-06-17T05:00:00.000Z
sensor.camera_g_temperatura,27.65463904978333,2026-06-17T06:00:00.000Z
sensor.camera_g_temperatura,27.68307736931389,2026-06-17T07:00:00.000Z
sensor.camera_g_temperatura,27.719126661375,2026-06-17T08:00:00.000Z
sensor.camera_g_temperatura,27.779614658491667,2026-06-17T09:00:00.000Z
sensor.camera_g_temperatura,27.749881750849998,2026-06-17T10:00:00.000Z
sensor.camera_g_temperatura,27.656919143780556,2026-06-17T11:00:00.000Z
sensor.camera_g_temperatura,27.702791231502776,2026-06-17T12:00:00.000Z
sensor.camera_g_temperatura,27.956060627436113,2026-06-17T13:00:00.000Z
sensor.camera_g_temperatura,28.088515837752777,2026-06-17T14:00:00.000Z
sensor.camera_g_temperatura,28.143767096319447,2026-06-17T15:00:00.000Z
sensor.camera_g_temperatura,28.24089220651389,2026-06-17T16:00:00.000Z
sensor.camera_g_temperatura,28.28521501610278,2026-06-17T17:00:00.000Z
sensor.camera_g_temperatura,28.314195838491667,2026-06-17T18:00:00.000Z
sensor.camera_g_temperatura,28.379317405283334,2026-06-17T19:00:00.000Z
sensor.camera_g_temperatura,28.38575974436111,2026-06-17T20:00:00.000Z
sensor.camera_g_temperatura,28.374813493652777,2026-06-17T21:00:00.000Z
sensor.camera_g_temperatura,28.356162805605553,2026-06-17T22:00:00.000Z
sensor.camera_g_temperatura,28.331750191897218,2026-06-17T23:00:00.000Z
sensor.camera_g_temperatura,28.308281747644443,2026-06-18T00:00:00.000Z
sensor.camera_g_temperatura,28.293314300838887,2026-06-18T01:00:00.000Z
sensor.camera_g_temperatura,28.253232991919447,2026-06-18T02:00:00.000Z
sensor.camera_g_temperatura,28.20869919937778,2026-06-18T03:00:00.000Z
sensor.camera_g_temperatura,28.158664657944446,2026-06-18T04:00:00.000Z
sensor.camera_g_temperatura,28.11566876986667,2026-06-18T05:00:00.000Z
sensor.camera_g_temperatura,28.10467692519722,2026-06-18T06:00:00.000Z
sensor.camera_g_temperatura,28.125432842997224,2026-06-18T07:00:00.000Z
sensor.camera_g_temperatura,28.18323287977778,2026-06-18T08:00:00.000Z
sensor.camera_g_temperatura,28.241223413094446,2026-06-18T09:00:00.000Z
sensor.camera_g_temperatura,28.325557237516666,2026-06-18T10:00:00.000Z
sensor.camera_g_temperatura,28.39106954948889,2026-06-18T11:00:00.000Z
sensor.camera_g_temperatura,28.50603055475278,2026-06-18T12:00:00.000Z
sensor.camera_g_temperatura,28.628231059741665,2026-06-18T13:00:00.000Z
sensor.camera_g_temperatura,28.76959316649167,2026-06-18T14:00:00.000Z
sensor.camera_g_temperatura,28.91660195007222,2026-06-18T15:00:00.000Z
sensor.camera_g_temperatura,29.018111070111114,2026-06-18T16:00:00.000Z
sensor.camera_g_temperatura,29.052309342561113,2026-06-18T17:00:00.000Z
sensor.camera_g_temperatura,29.09173243948889,2026-06-18T18:00:00.000Z
sensor.camera_g_temperatura,29.143653710213886,2026-06-18T19:00:00.000Z
sensor.camera_g_temperatura,29.114097552144443,2026-06-18T20:00:00.000Z
sensor.camera_g_temperatura,29.024401743497222,2026-06-18T21:00:00.000Z
sensor.camera_g_temperatura,28.791709622363886,2026-06-18T22:00:00.000Z
sensor.camera_g_temperatura,28.59861633278611,2026-06-18T23:00:00.000Z
sensor.camera_g_temperatura,28.420249112961113,2026-06-19T00:00:00.000Z
sensor.camera_g_temperatura,28.372980020813888,2026-06-19T01:00:00.000Z
sensor.camera_g_temperatura,28.59801297223056,2026-06-19T02:00:00.000Z
sensor.camera_g_temperatura,28.666702764325,2026-06-19T03:00:00.000Z
sensor.camera_g_temperatura,28.67160218054722,2026-06-19T04:00:00.000Z
sensor.camera_g_temperatura,28.63708685299167,2026-06-19T05:00:00.000Z
sensor.camera_g_temperatura,28.635449837375003,2026-06-19T06:00:00.000Z
sensor.camera_g_temperatura,28.641901035700002,2026-06-19T07:00:00.000Z
sensor.camera_g_temperatura,28.70989451448889,2026-06-19T08:00:00.000Z
sensor.camera_g_temperatura,28.757962572041667,2026-06-19T09:00:00.000Z
sensor.camera_g_temperatura,28.586409958358335,2026-06-19T10:00:00.000Z
sensor.camera_g_temperatura,28.88828066653889,2026-06-19T11:00:00.000Z
sensor.camera_g_temperatura,29.083742891280554,2026-06-19T12:00:00.000Z
sensor.camera_g_temperatura,29.134643400502778,2026-06-19T13:00:00.000Z
sensor.camera_g_temperatura,29.210598312383336,2026-06-19T14:00:00.000Z
sensor.camera_g_temperatura,29.296191198524998,2026-06-19T15:00:00.000Z
sensor.camera_g_temperatura,29.37718479624722,2026-06-19T16:00:00.000Z
sensor.camera_g_temperatura,29.444750287161114,2026-06-19T17:00:00.000Z
sensor.camera_g_temperatura,29.55344927551667,2026-06-19T18:00:00.000Z
sensor.camera_g_temperatura,29.624101115138888,2026-06-19T19:00:00.000Z
sensor.camera_g_temperatura,29.637642819555555,2026-06-19T20:00:00.000Z
sensor.camera_g_temperatura,29.611217703938888,2026-06-19T21:00:00.000Z
sensor.camera_g_temperatura,29.58212958295833,2026-06-19T22:00:00.000Z
sensor.camera_g_temperatura,29.530285336638887,2026-06-19T23:00:00.000Z
sensor.camera_g_temperatura,29.498433277825,2026-06-20T00:00:00.000Z
sensor.camera_g_temperatura,29.459999999999997,2026-06-20T01:00:00.000Z
sensor.camera_g_temperatura,29.434412049122226,2026-06-20T02:00:00.000Z
sensor.camera_g_temperatura,29.405870343433335,2026-06-20T03:00:00.000Z
sensor.camera_g_temperatura,29.361015666855554,2026-06-20T04:00:00.000Z
sensor.camera_g_temperatura,29.329677291772224,2026-06-20T05:00:00.000Z
sensor.camera_g_temperatura,29.29413734051111,2026-06-20T06:00:00.000Z
sensor.camera_g_temperatura,29.2357304327,2026-06-20T07:00:00.000Z
sensor.camera_g_temperatura,29.291166267280556,2026-06-20T08:00:00.000Z
sensor.camera_g_temperatura,29.384673680261113,2026-06-20T09:00:00.000Z
sensor.camera_g_temperatura,29.51356166401111,2026-06-20T10:00:00.000Z
sensor.camera_g_temperatura,29.61121760098889,2026-06-20T11:00:00.000Z
sensor.camera_g_temperatura,29.63101424673611,2026-06-20T12:00:00.000Z
sensor.camera_g_temperatura,29.61154526493611,2026-06-20T13:00:00.000Z
sensor.camera_g_temperatura,29.564623580305554,2026-06-20T14:00:00.000Z
sensor.camera_g_temperatura,29.766297192405556,2026-06-20T15:00:00.000Z
sensor.camera_g_temperatura,29.94263668312222,2026-06-20T16:00:00.000Z
sensor.camera_g_temperatura,30.04335745863611,2026-06-20T17:00:00.000Z
sensor.camera_g_temperatura,29.952409790333334,2026-06-20T18:00:00.000Z
sensor.camera_g_temperatura,29.929022635086113,2026-06-20T19:00:00.000Z
sensor.camera_g_temperatura,29.851994561255555,2026-06-20T20:00:00.000Z
sensor.camera_g_temperatura,29.94179386498889,2026-06-20T21:00:00.000Z
sensor.camera_g_temperatura,29.871359681286112,2026-06-20T22:00:00.000Z
sensor.camera_g_temperatura,29.938661632991668,2026-06-20T23:00:00.000Z
sensor.camera_g_temperatura,29.951120692466663,2026-06-21T00:00:00.000Z
sensor.camera_g_temperatura,29.952234912108334,2026-06-21T01:00:00.000Z
sensor.camera_g_temperatura,29.928138309808332,2026-06-21T02:00:00.000Z
sensor.camera_g_temperatura,29.86945973411667,2026-06-21T03:00:00.000Z
sensor.camera_g_temperatura,29.81727594997778,2026-06-21T04:00:00.000Z
sensor.camera_g_temperatura,29.75250825259722,2026-06-21T05:00:00.000Z
sensor.camera_g_temperatura,29.726814905894443,2026-06-21T06:00:00.000Z
sensor.camera_g_temperatura,29.73706347600833,2026-06-21T07:00:00.000Z
sensor.camera_g_temperatura,29.623663488755554,2026-06-21T08:00:00.000Z
sensor.camera_g_temperatura,29.746913729722223,2026-06-21T09:00:00.000Z
sensor.camera_g_temperatura,29.891013685433336,2026-06-21T10:00:00.000Z
sensor.camera_g_temperatura,30.036275496194445,2026-06-21T11:00:00.000Z
sensor.camera_g_temperatura,30.169096266519446,2026-06-21T12:00:00.000Z
sensor.camera_g_temperatura,30.18114659922222,2026-06-21T13:00:00.000Z
sensor.camera_g_temperatura,30.27010737386389,2026-06-21T14:00:00.000Z
sensor.camera_g_temperatura,30.44640706976389,2026-06-21T15:00:00.000Z
sensor.camera_g_temperatura,30.478085149394445,2026-06-21T16:00:00.000Z
sensor.camera_g_temperatura,30.538592721136112,2026-06-21T17:00:00.000Z
sensor.camera_g_temperatura,30.60896048270833,2026-06-21T18:00:00.000Z
sensor.camera_g_temperatura,30.618109705052778,2026-06-21T19:00:00.000Z
sensor.camera_g_temperatura,30.634752055333333,2026-06-21T20:00:00.000Z
sensor.camera_g_temperatura,30.514399204158334,2026-06-21T21:00:00.000Z
sensor.camera_g_temperatura,29.794528490136113,2026-06-21T22:00:00.000Z
sensor.camera_g_temperatura,29.73681727728889,2026-06-21T23:00:00.000Z
sensor.camera_g_temperatura,30.09010660581667,2026-06-22T00:00:00.000Z
sensor.camera_g_temperatura,30.176337712644443,2026-06-22T01:00:00.000Z
sensor.camera_g_temperatura,30.128890285658333,2026-06-22T02:00:00.000Z
sensor.camera_g_temperatura,29.789997422886113,2026-06-22T03:00:00.000Z
sensor.camera_g_temperatura,29.108270287072227,2026-06-22T04:00:00.000Z
sensor.camera_g_temperatura,29.29499604146389,2026-06-22T05:00:00.000Z
sensor.camera_g_temperatura,29.63331916176389,2026-06-22T06:00:00.000Z
sensor.camera_g_temperatura,29.766409248841665,2026-06-22T07:00:00.000Z
sensor.camera_g_temperatura,29.87536427994722,2026-06-22T08:00:00.000Z
sensor.camera_g_temperatura,29.930533492758332,2026-06-22T09:00:00.000Z
sensor.camera_g_temperatura,30.06447153465,2026-06-22T10:00:00.000Z
sensor.camera_g_temperatura,30.180448633777775,2026-06-22T11:00:00.000Z
sensor.camera_g_temperatura,30.277577294069445,2026-06-22T12:00:00.000Z
sensor.camera_g_temperatura,30.36031161191111,2026-06-22T13:00:00.000Z
sensor.camera_g_temperatura,30.39358857813889,2026-06-22T14:00:00.000Z
sensor.camera_g_temperatura,30.458842155866666,2026-06-22T15:00:00.000Z
sensor.camera_g_temperatura,30.56159353407,2026-06-22T16:00:00.000Z
sensor.camera_g_temperatura,31.65914393360476,2026-06-29T13:00:00.000Z
sensor.camera_g_temperatura,31.73364397735,2026-06-29T14:00:00.000Z
sensor.camera_g_temperatura,31.841823063727777,2026-06-29T15:00:00.000Z
sensor.camera_g_temperatura,31.934228556894443,2026-06-29T16:00:00.000Z
sensor.camera_g_temperatura,31.81911242247222,2026-06-29T17:00:00.000Z
sensor.camera_g_temperatura,31.552128061341666,2026-06-29T18:00:00.000Z
sensor.camera_g_temperatura,31.27252412108889,2026-06-29T19:00:00.000Z
sensor.camera_g_temperatura,31.188557823658332,2026-06-29T20:00:00.000Z
sensor.camera_g_temperatura,31.309345277905553,2026-06-29T21:00:00.000Z
sensor.camera_g_temperatura,31.41342137266111,2026-06-29T22:00:00.000Z
sensor.camera_g_temperatura,31.392321755986114,2026-06-29T23:00:00.000Z
sensor.camera_g_temperatura,31.357513046616663,2026-06-30T00:00:00.000Z
sensor.camera_g_temperatura,31.306964707655556,2026-06-30T01:00:00.000Z
sensor.camera_g_temperatura,31.218285956044443,2026-06-30T02:00:00.000Z
sensor.camera_g_temperatura,31.050624352624997,2026-06-30T03:00:00.000Z
sensor.camera_g_temperatura,30.88730595825,2026-06-30T04:00:00.000Z
sensor.camera_g_temperatura,30.80719985486111,2026-06-30T05:00:00.000Z
sensor.camera_g_temperatura,30.85502209271111,2026-06-30T06:00:00.000Z
sensor.camera_g_temperatura,30.905521399844446,2026-06-30T07:00:00.000Z
sensor.camera_g_temperatura,30.97741439585,2026-06-30T08:00:00.000Z
sensor.camera_g_temperatura,30.941716552022225,2026-06-30T09:00:00.000Z
sensor.camera_g_temperatura,31.063579683619448,2026-06-30T10:00:00.000Z
sensor.camera_g_temperatura,31.177987504866667,2026-06-30T11:00:00.000Z
sensor.camera_g_temperatura,31.046849259780554,2026-06-30T12:00:00.000Z
sensor.camera_g_temperatura,31.234612043913888,2026-06-30T13:00:00.000Z
sensor.camera_g_temperatura,31.36988083800833,2026-06-30T14:00:00.000Z
sensor.camera_g_temperatura,31.334185138225,2026-06-30T15:00:00.000Z
sensor.camera_g_temperatura,31.36604410952222,2026-06-30T16:00:00.000Z
sensor.camera_g_temperatura,31.407045511569446,2026-06-30T17:00:00.000Z
sensor.camera_g_temperatura,31.444579143305557,2026-06-30T18:00:00.000Z
sensor.camera_g_temperatura,31.430862959355554,2026-06-30T19:00:00.000Z
sensor.camera_g_temperatura,31.319703399330553,2026-06-30T20:00:00.000Z
sensor.camera_g_temperatura,31.05703265537778,2026-06-30T21:00:00.000Z
sensor.camera_g_temperatura,30.981527479991666,2026-06-30T22:00:00.000Z
sensor.camera_g_temperatura,31.180395859952778,2026-06-30T23:00:00.000Z
sensor.camera_g_temperatura,31.254943039797222,2026-07-01T00:00:00.000Z
sensor.camera_g_temperatura,31.21009778224722,2026-07-01T01:00:00.000Z
sensor.camera_g_temperatura,31.031969742808332,2026-07-01T02:00:00.000Z
sensor.camera_g_temperatura,30.848082241024997,2026-07-01T03:00:00.000Z
sensor.camera_g_temperatura,30.94329760566111,2026-07-01T04:00:00.000Z
sensor.camera_g_temperatura,30.926711018927776,2026-07-01T05:00:00.000Z
sensor.camera_g_temperatura,30.771656865563887,2026-07-01T06:00:00.000Z
sensor.camera_g_temperatura,30.630355943819442,2026-07-01T07:00:00.000Z
sensor.camera_g_temperatura,30.600364005411112,2026-07-01T08:00:00.000Z
sensor.camera_g_temperatura,30.55478051334167,2026-07-01T09:00:00.000Z
sensor.camera_g_temperatura,30.540838677841666,2026-07-01T10:00:00.000Z
sensor.camera_g_temperatura,30.805795392574996,2026-07-01T11:00:00.000Z
sensor.camera_g_temperatura,30.856715316002777,2026-07-01T12:00:00.000Z
sensor.camera_g_temperatura,31.01160896356389,2026-07-01T13:00:00.000Z
sensor.camera_g_temperatura,30.95398958357222,2026-07-01T14:00:00.000Z
sensor.camera_g_temperatura,30.781022360005554,2026-07-01T15:00:00.000Z
sensor.camera_g_temperatura,30.80773698663889,2026-07-01T16:00:00.000Z
sensor.camera_g_temperatura,30.81783596925833,2026-07-01T17:00:00.000Z
sensor.camera_g_temperatura,30.83202154275,2026-07-01T18:00:00.000Z
sensor.camera_g_temperatura,30.79058569482778,2026-07-01T19:00:00.000Z
sensor.camera_g_temperatura,30.736144735658332,2026-07-01T20:00:00.000Z
sensor.camera_g_temperatura,30.6496050144,2026-07-01T21:00:00.000Z
sensor.camera_g_temperatura,30.55339986219722,2026-07-01T22:00:00.000Z
sensor.camera_g_temperatura,30.439548620041666,2026-07-01T23:00:00.000Z
sensor.camera_g_temperatura,30.334583380347222,2026-07-02T00:00:00.000Z
sensor.camera_g_temperatura,30.270043080430554,2026-07-02T01:00:00.000Z
sensor.camera_g_temperatura,30.192317085844447,2026-07-02T02:00:00.000Z
sensor.camera_g_temperatura,30.113865960925,2026-07-02T03:00:00.000Z
sensor.camera_g_temperatura,30.042529320327777,2026-07-02T04:00:00.000Z
sensor.camera_g_temperatura,29.966028397486113,2026-07-02T05:00:00.000Z
sensor.camera_g_temperatura,29.018362120719445,2026-07-02T06:00:00.000Z
sensor.camera_g_temperatura,29.110285621363886,2026-07-02T07:00:00.000Z
sensor.camera_g_temperatura,29.560605908994447,2026-07-02T08:00:00.000Z
sensor.camera_g_temperatura,29.758542014916667,2026-07-02T09:00:00.000Z
sensor.camera_g_temperatura,29.869165808694447,2026-07-02T10:00:00.000Z
sensor.camera_g_temperatura,29.984300913880556,2026-07-02T11:00:00.000Z
sensor.camera_g_temperatura,30.082812823869446,2026-07-02T12:00:00.000Z
sensor.camera_g_temperatura,30.202097114275002,2026-07-02T13:00:00.000Z
sensor.camera_g_temperatura,30.281840143805557,2026-07-02T14:00:00.000Z
sensor.camera_g_temperatura,30.342584326549996,2026-07-02T15:00:00.000Z
sensor.camera_g_temperatura,30.39130428712222,2026-07-02T16:00:00.000Z
sensor.camera_g_temperatura,30.372528390891663,2026-07-02T17:00:00.000Z
sensor.camera_g_temperatura,30.369644724105555,2026-07-02T18:00:00.000Z
sensor.camera_g_temperatura,30.384899838052778,2026-07-02T19:00:00.000Z
sensor.camera_g_temperatura,30.39598528228889,2026-07-02T20:00:00.000Z
sensor.camera_g_temperatura,30.378620815477777,2026-07-02T21:00:00.000Z
sensor.camera_g_temperatura,30.347886397994444,2026-07-02T22:00:00.000Z
sensor.camera_g_temperatura,30.274256956183333,2026-07-02T23:00:00.000Z
sensor.camera_g_temperatura,30.16907753715,2026-07-03T00:00:00.000Z
sensor.camera_g_temperatura,30.048452775830555,2026-07-03T01:00:00.000Z
sensor.camera_g_temperatura,29.948325404738892,2026-07-03T02:00:00.000Z
sensor.camera_g_temperatura,29.879598564347223,2026-07-03T03:00:00.000Z
sensor.camera_g_temperatura,29.751562893922223,2026-07-03T04:00:00.000Z
sensor.camera_g_temperatura,29.437360040402776,2026-07-03T05:00:00.000Z
sensor.camera_g_temperatura,29.09995922653889,2026-07-03T06:00:00.000Z
sensor.camera_g_temperatura,29.145894394644444,2026-07-03T07:00:00.000Z
sensor.camera_g_temperatura,29.456551365147224,2026-07-03T08:00:00.000Z
sensor.camera_g_temperatura,29.600469403355557,2026-07-03T09:00:00.000Z
sensor.camera_g_temperatura,29.72950160152222,2026-07-03T10:00:00.000Z
sensor.camera_g_temperatura,29.818360248286112,2026-07-03T11:00:00.000Z
sensor.camera_g_temperatura,29.911959399294446,2026-07-03T12:00:00.000Z
sensor.camera_g_temperatura,29.99209618248889,2026-07-03T13:00:00.000Z
sensor.camera_g_temperatura,30.08424787668611,2026-07-03T14:00:00.000Z
sensor.camera_g_temperatura,30.163660713794446,2026-07-03T15:00:00.000Z
sensor.camera_g_temperatura,30.23177455797222,2026-07-03T16:00:00.000Z
sensor.camera_g_temperatura,30.258187754722226,2026-07-03T17:00:00.000Z
sensor.camera_g_temperatura,30.29450376579722,2026-07-03T18:00:00.000Z
sensor.camera_g_temperatura,30.302337981386113,2026-07-03T19:00:00.000Z
sensor.camera_g_temperatura,30.322582193730554,2026-07-03T20:00:00.000Z
sensor.camera_g_temperatura,30.324263042538888,2026-07-03T21:00:00.000Z
sensor.camera_g_temperatura,30.313272644222224,2026-07-03T22:00:00.000Z
sensor.camera_g_temperatura,30.257833940163888,2026-07-03T23:00:00.000Z
sensor.camera_g_temperatura,30.149568214058334,2026-07-04T00:00:00.000Z
sensor.camera_g_temperatura,29.981504749733332,2026-07-04T01:00:00.000Z
sensor.camera_g_temperatura,29.855850610533334,2026-07-04T02:00:00.000Z
sensor.camera_g_temperatura,29.70807056703333,2026-07-04T03:00:00.000Z
sensor.camera_g_temperatura,29.585407420094445,2026-07-04T04:00:00.000Z
sensor.camera_g_temperatura,29.45637805928611,2026-07-04T05:00:00.000Z
sensor.camera_g_temperatura,29.372607853105553,2026-07-04T06:00:00.000Z
sensor.camera_g_temperatura,29.431170962305558,2026-07-04T07:00:00.000Z
sensor.camera_g_temperatura,29.492113432144446,2026-07-04T08:00:00.000Z
sensor.camera_g_temperatura,29.660283503088888,2026-07-04T09:00:00.000Z
sensor.camera_g_temperatura,29.774487944697224,2026-07-04T10:00:00.000Z
sensor.camera_g_temperatura,29.869246648119447,2026-07-04T11:00:00.000Z
sensor.camera_g_temperatura,29.95948792777222,2026-07-04T12:00:00.000Z
sensor.camera_g_temperatura,30.045668859705554,2026-07-04T13:00:00.000Z
sensor.camera_g_temperatura,30.15814624376111,2026-07-04T14:00:00.000Z
sensor.camera_g_temperatura,30.234819772991667,2026-07-04T15:00:00.000Z
sensor.camera_g_temperatura,30.311985532863886,2026-07-04T16:00:00.000Z
sensor.camera_g_temperatura,30.36409934073889,2026-07-04T17:00:00.000Z
sensor.camera_g_temperatura,30.424288472816666,2026-07-04T18:00:00.000Z
sensor.camera_g_temperatura,30.434978144455556,2026-07-04T19:00:00.000Z
sensor.camera_g_temperatura,30.443696321127778,2026-07-04T20:00:00.000Z
sensor.camera_g_temperatura,30.406951186580557,2026-07-04T21:00:00.000Z
sensor.camera_g_temperatura,30.407996715941668,2026-07-04T22:00:00.000Z
sensor.camera_g_temperatura,30.393937435402776,2026-07-04T23:00:00.000Z
sensor.camera_g_temperatura,30.335049633916668,2026-07-05T00:00:00.000Z
sensor.camera_g_temperatura,30.173854179766668,2026-07-05T01:00:00.000Z
sensor.camera_g_temperatura,30.12,2026-07-05T02:00:00.000Z
sensor.camera_g_temperatura,30.068860441716666,2026-07-05T03:00:00.000Z
sensor.camera_g_temperatura,30.039669025466665,2026-07-05T04:00:00.000Z
sensor.camera_g_temperatura,30.040000000000003,2026-07-05T05:00:00.000Z
sensor.camera_g_temperatura,30.040000000000003,2026-07-05T06:00:00.000Z
sensor.camera_g_temperatura,30.04,2026-07-05T16:00:00.000Z
sensor.camera_g_temperatura,30.5882597494963,2026-07-05T17:00:00.000Z
sensor.camera_g_temperatura,30.660839359116668,2026-07-05T18:00:00.000Z
sensor.camera_g_temperatura,30.693917652411113,2026-07-05T19:00:00.000Z
sensor.camera_g_temperatura,30.680840254097223,2026-07-05T20:00:00.000Z
sensor.camera_g_temperatura,30.626123490702778,2026-07-05T21:00:00.000Z
sensor.camera_g_temperatura,30.600418894677777,2026-07-05T22:00:00.000Z
sensor.camera_g_temperatura,30.56465403938333,2026-07-05T23:00:00.000Z
sensor.camera_g_temperatura,30.393350161744447,2026-07-06T00:00:00.000Z
sensor.camera_g_temperatura,30.17641076874722,2026-07-06T01:00:00.000Z
sensor.camera_g_temperatura,29.985602166808334,2026-07-06T02:00:00.000Z
sensor.camera_g_temperatura,29.776731679930553,2026-07-06T03:00:00.000Z
sensor.camera_g_temperatura,29.663719651611114,2026-07-06T04:00:00.000Z
sensor.camera_g_temperatura,29.589447465033334,2026-07-06T05:00:00.000Z
sensor.camera_g_temperatura,29.473488898575,2026-07-06T06:00:00.000Z
sensor.camera_g_temperatura,29.429973031808334,2026-07-06T07:00:00.000Z
sensor.camera_g_temperatura,29.703824014294444,2026-07-06T08:00:00.000Z
sensor.camera_g_temperatura,29.845508850930557,2026-07-06T09:00:00.000Z
sensor.camera_g_temperatura,29.957002306283332,2026-07-06T10:00:00.000Z
sensor.camera_g_temperatura,30.051972685338885,2026-07-06T11:00:00.000Z
sensor.camera_g_temperatura,30.126506630855555,2026-07-06T12:00:00.000Z
sensor.camera_g_temperatura,30.22671273612778,2026-07-06T13:00:00.000Z
sensor.camera_g_temperatura,30.294622856424997,2026-07-06T14:00:00.000Z
sensor.camera_g_temperatura,30.35367779120833,2026-07-06T15:00:00.000Z
sensor.camera_g_temperatura,30.410057885641667,2026-07-06T16:00:00.000Z
sensor.camera_g_temperatura,30.427556952855554,2026-07-06T17:00:00.000Z
sensor.camera_g_temperatura,30.45176767818889,2026-07-06T18:00:00.000Z
sensor.camera_g_temperatura,30.474189257549998,2026-07-06T19:00:00.000Z
sensor.camera_g_temperatura,30.483040257355555,2026-07-06T20:00:00.000Z
sensor.camera_g_temperatura,30.473543418241665,2026-07-06T21:00:00.000Z
sensor.camera_g_temperatura,30.462903368341667,2026-07-06T22:00:00.000Z
sensor.camera_g_temperatura,30.41462319115,2026-07-06T23:00:00.000Z
sensor.camera_g_temperatura,30.32160307111111,2026-07-07T00:00:00.000Z
sensor.camera_g_temperatura,30.198732233527778,2026-07-07T01:00:00.000Z
sensor.camera_g_temperatura,30.107079290794445,2026-07-07T02:00:00.000Z
sensor.camera_g_temperatura,30.01556833839167,2026-07-07T03:00:00.000Z
sensor.camera_g_temperatura,29.917108041838887,2026-07-07T04:00:00.000Z
sensor.camera_g_temperatura,29.765690155227777,2026-07-07T05:00:00.000Z
sensor.camera_g_temperatura,29.55957194243611,2026-07-07T06:00:00.000Z
sensor.camera_g_temperatura,29.687247672530557,2026-07-07T07:00:00.000Z
sensor.camera_g_temperatura,29.861344681780555,2026-07-07T08:00:00.000Z
sensor.camera_g_temperatura,29.964510265616667,2026-07-07T09:00:00.000Z
sensor.camera_g_temperatura,30.055845247775,2026-07-07T10:00:00.000Z
sensor.camera_g_temperatura,30.136778835524996,2026-07-07T11:00:00.000Z
sensor.camera_g_temperatura,30.216718801116667,2026-07-07T12:00:00.000Z
sensor.camera_g_temperatura,30.28901798525278,2026-07-07T13:00:00.000Z
sensor.camera_g_temperatura,30.35687495493889,2026-07-07T14:00:00.000Z
sensor.camera_g_temperatura,30.39816668586111,2026-07-07T15:00:00.000Z
sensor.camera_g_temperatura,30.464197109380553,2026-07-07T16:00:00.000Z
sensor.camera_g_temperatura,30.512177636352778,2026-07-07T17:00:00.000Z
sensor.camera_g_temperatura,30.535871823075,2026-07-07T18:00:00.000Z
sensor.camera_g_temperatura,30.56695699759722,2026-07-07T19:00:00.000Z
sensor.camera_g_temperatura,30.58006686481667,2026-07-07T20:00:00.000Z
sensor.camera_g_temperatura,30.577427997233332,2026-07-07T21:00:00.000Z
sensor.camera_g_temperatura,30.49926591013333,2026-07-07T22:00:00.000Z
sensor.camera_g_temperatura,30.206489801930555,2026-07-07T23:00:00.000Z
sensor.camera_g_temperatura,30.059159321277775,2026-07-08T00:00:00.000Z
sensor.camera_g_temperatura,30.03761015305278,2026-07-08T01:00:00.000Z
sensor.camera_g_temperatura,29.952615820883334,2026-07-08T02:00:00.000Z
sensor.camera_g_temperatura,29.866707395344445,2026-07-08T03:00:00.000Z
sensor.camera_g_temperatura,29.868572116997225,2026-07-08T04:00:00.000Z
sensor.camera_g_temperatura,29.93649684753056,2026-07-08T05:00:00.000Z
sensor.camera_g_temperatura,29.937481108866667,2026-07-08T06:00:00.000Z
sensor.camera_g_temperatura,29.930791174883336,2026-07-08T07:00:00.000Z
sensor.camera_g_temperatura,29.9574083598,2026-07-08T08:00:00.000Z
sensor.camera_g_temperatura,30.039184392638887,2026-07-08T09:00:00.000Z
sensor.camera_g_temperatura,30.130234386077777,2026-07-08T10:00:00.000Z
sensor.camera_g_temperatura,30.209124282066668,2026-07-08T11:00:00.000Z
sensor.camera_g_temperatura,30.2901008985,2026-07-08T12:00:00.000Z
sensor.camera_g_temperatura,30.35738011629722,2026-07-08T13:00:00.000Z
sensor.camera_g_temperatura,30.405588034327778,2026-07-08T14:00:00.000Z
sensor.camera_g_temperatura,30.470507418213888,2026-07-08T15:00:00.000Z
sensor.camera_g_temperatura,30.52889892576667,2026-07-08T16:00:00.000Z
sensor.camera_g_temperatura,30.59221987552778,2026-07-08T17:00:00.000Z
sensor.camera_g_temperatura,30.62716693795278,2026-07-08T18:00:00.000Z
sensor.camera_g_temperatura,30.645809015097225,2026-07-08T19:00:00.000Z
sensor.camera_g_temperatura,30.667405937358335,2026-07-08T20:00:00.000Z
sensor.camera_g_temperatura,30.664197392225002,2026-07-08T21:00:00.000Z
sensor.camera_g_temperatura,30.639337883494445,2026-07-08T22:00:00.000Z
sensor.camera_g_temperatura,30.529880654411112,2026-07-08T23:00:00.000Z
sensor.camera_g_temperatura,30.387798114711114,2026-07-09T00:00:00.000Z
sensor.camera_g_temperatura,30.231234193605555,2026-07-09T01:00:00.000Z
sensor.camera_g_temperatura,30.114633321630553,2026-07-09T02:00:00.000Z
sensor.camera_g_temperatura,30.02780841912778,2026-07-09T03:00:00.000Z
sensor.camera_g_temperatura,29.929044126177775,2026-07-09T04:00:00.000Z
sensor.camera_g_temperatura,29.879932933555555,2026-07-09T05:00:00.000Z
sensor.camera_g_temperatura,29.856798361111114,2026-07-09T06:00:00.000Z
sensor.camera_g_temperatura,29.937090583344443,2026-07-09T07:00:00.000Z
sensor.camera_g_temperatura,30.064140951869444,2026-07-09T08:00:00.000Z
sensor.camera_g_temperatura,30.164370327430557,2026-07-09T09:00:00.000Z
sensor.camera_g_temperatura,30.248308520444443,2026-07-09T10:00:00.000Z
sensor.camera_g_temperatura,30.358503135958333,2026-07-09T11:00:00.000Z
sensor.camera_g_temperatura,30.47150524768611,2026-07-09T12:00:00.000Z
sensor.camera_g_temperatura,30.573117539625,2026-07-09T13:00:00.000Z
sensor.camera_g_temperatura,30.642617613955554,2026-07-09T14:00:00.000Z
sensor.camera_g_temperatura,30.72229231182222,2026-07-09T15:00:00.000Z
sensor.camera_g_temperatura,30.805073959066664,2026-07-09T16:00:00.000Z
sensor.camera_g_temperatura,30.85756620833889,2026-07-09T17:00:00.000Z
sensor.camera_g_temperatura,30.893553446880556,2026-07-09T18:00:00.000Z
sensor.camera_g_temperatura,30.89,2026-07-09T19:00:00.000Z
sensor.camera_g_temperatura,30.903374284855555,2026-07-09T20:00:00.000Z
sensor.camera_g_temperatura,30.904873585375,2026-07-09T21:00:00.000Z
sensor.camera_g_temperatura,30.90804934002222,2026-07-09T22:00:00.000Z
sensor.camera_g_temperatura,30.797921897033333,2026-07-09T23:00:00.000Z
sensor.camera_g_temperatura,30.56770767507778,2026-07-10T00:00:00.000Z
sensor.camera_g_temperatura,30.371163667416667,2026-07-10T01:00:00.000Z
sensor.camera_g_temperatura,30.216540689366667,2026-07-10T02:00:00.000Z
sensor.camera_g_temperatura,30.132401547025,2026-07-10T03:00:00.000Z
sensor.camera_g_temperatura,30.06203077315278,2026-07-10T04:00:00.000Z
sensor.camera_g_temperatura,30.006775278944446,2026-07-10T05:00:00.000Z
sensor.camera_g_temperatura,29.939919901322224,2026-07-10T06:00:00.000Z
sensor.camera_g_temperatura,29.927109437886113,2026-07-10T07:00:00.000Z
sensor.camera_g_temperatura,30.051194178577777,2026-07-10T08:00:00.000Z
sensor.camera_g_temperatura,30.167354272447223,2026-07-10T09:00:00.000Z
sensor.camera_g_temperatura,30.2541738402,2026-07-10T10:00:00.000Z
sensor.camera_g_temperatura,30.369446267925,2026-07-10T11:00:00.000Z
sensor.camera_g_temperatura,30.45284014676389,2026-07-10T12:00:00.000Z
sensor.camera_g_temperatura,30.523451825275,2026-07-10T13:00:00.000Z
sensor.camera_g_temperatura,30.590585888441666,2026-07-10T14:00:00.000Z
sensor.camera_g_temperatura,30.649998544019443,2026-07-10T15:00:00.000Z
sensor.camera_g_temperatura,30.709534039558335,2026-07-10T16:00:00.000Z
sensor.camera_g_temperatura,30.797072032577777,2026-07-10T17:00:00.000Z
sensor.camera_g_temperatura,30.866418437127777,2026-07-10T18:00:00.000Z
sensor.camera_g_temperatura,30.890185304569442,2026-07-10T19:00:00.000Z
sensor.camera_g_temperatura,30.853346207541666,2026-07-10T20:00:00.000Z
sensor.camera_g_temperatura,30.71134736437222,2026-07-10T21:00:00.000Z
sensor.camera_g_temperatura,30.704249478213885,2026-07-10T22:00:00.000Z
sensor.camera_g_temperatura,30.622578804274998,2026-07-10T23:00:00.000Z
sensor.camera_g_temperatura,30.547120218066667,2026-07-11T00:00:00.000Z
sensor.camera_g_temperatura,30.487307409980556,2026-07-11T01:00:00.000Z
sensor.camera_g_temperatura,30.324358913655555,2026-07-11T02:00:00.000Z
sensor.camera_g_temperatura,30.08115287851111,2026-07-11T03:00:00.000Z
sensor.camera_g_temperatura,29.925630421669442,2026-07-11T04:00:00.000Z
sensor.camera_g_temperatura,29.721335908433332,2026-07-11T05:00:00.000Z
sensor.camera_g_temperatura,29.689857792986107,2026-07-11T06:00:00.000Z
sensor.camera_g_temperatura,29.89027815792222,2026-07-11T07:00:00.000Z
sensor.camera_g_temperatura,30.010199588044443,2026-07-11T08:00:00.000Z
sensor.camera_g_temperatura,30.12518265926111,2026-07-11T09:00:00.000Z
sensor.camera_g_temperatura,30.301165804091667,2026-07-11T10:00:00.000Z
sensor.camera_g_temperatura,30.44862343462222,2026-07-11T11:00:00.000Z
sensor.camera_g_temperatura,30.557273881755552,2026-07-11T12:00:00.000Z
sensor.camera_g_temperatura,30.65421476236389,2026-07-11T13:00:00.000Z
sensor.camera_g_temperatura,30.767623959119444,2026-07-11T14:00:00.000Z
sensor.camera_g_temperatura,30.86227421383889,2026-07-11T15:00:00.000Z
sensor.camera_g_temperatura,30.94562409982778,2026-07-11T16:00:00.000Z
sensor.camera_g_temperatura,31.06005524898889,2026-07-11T17:00:00.000Z
sensor.camera_g_temperatura,31.127823281344444,2026-07-11T18:00:00.000Z
sensor.camera_g_temperatura,31.106544598558333,2026-07-11T19:00:00.000Z
sensor.camera_g_temperatura,31.061817113466663,2026-07-11T20:00:00.000Z
sensor.camera_g_temperatura,30.875876496780553,2026-07-11T21:00:00.000Z
sensor.camera_g_temperatura,30.537432286475,2026-07-11T22:00:00.000Z
sensor.camera_g_temperatura,30.29128855789722,2026-07-11T23:00:00.000Z
sensor.camera_g_temperatura,30.19991049738611,2026-07-12T00:00:00.000Z
sensor.camera_g_temperatura,29.682307452669445,2026-07-12T01:00:00.000Z
sensor.camera_g_temperatura,29.360336526733334,2026-07-12T02:00:00.000Z
sensor.camera_g_temperatura,29.357538510686112,2026-07-12T03:00:00.000Z
sensor.camera_g_temperatura,29.453041098247223,2026-07-12T04:00:00.000Z
sensor.camera_g_temperatura,29.416175310975003,2026-07-12T05:00:00.000Z
sensor.camera_g_temperatura,29.225863851072223,2026-07-12T06:00:00.000Z
sensor.camera_g_temperatura,29.22490783136111,2026-07-12T07:00:00.000Z
sensor.camera_g_temperatura,29.438468697591663,2026-07-12T08:00:00.000Z
sensor.camera_g_temperatura,29.67140480083611,2026-07-12T09:00:00.000Z
sensor.camera_g_temperatura,29.809631842280556,2026-07-12T10:00:00.000Z
sensor.camera_g_temperatura,29.93715168141389,2026-07-12T11:00:00.000Z
sensor.camera_g_temperatura,30.064039680572222,2026-07-12T12:00:00.000Z
sensor.camera_g_temperatura,30.18444757890556,2026-07-12T13:00:00.000Z
sensor.camera_g_temperatura,30.27279648135,2026-07-12T14:00:00.000Z
sensor.camera_g_temperatura,30.36931851726389,2026-07-12T15:00:00.000Z
sensor.camera_g_temperatura,30.458407594694446,2026-07-12T16:00:00.000Z
sensor.camera_g_temperatura,30.54073117380278,2026-07-12T17:00:00.000Z
sensor.camera_g_temperatura,30.590677896894444,2026-07-12T18:00:00.000Z
sensor.camera_g_temperatura,30.600954614055556,2026-07-12T19:00:00.000Z
sensor.camera_g_temperatura,30.63563928295,2026-07-12T20:00:00.000Z
sensor.camera_g_temperatura,30.642684384441665,2026-07-12T21:00:00.000Z
sensor.camera_g_temperatura,30.64,2026-07-12T22:00:00.000Z
sensor.camera_g_temperatura,30.58915715423889,2026-07-12T23:00:00.000Z
sensor.camera_g_temperatura,30.497175645194446,2026-07-13T00:00:00.000Z
sensor.camera_g_temperatura,30.42107020968611,2026-07-13T01:00:00.000Z
sensor.camera_g_temperatura,30.281377188433336,2026-07-13T02:00:00.000Z
sensor.camera_g_temperatura,30.014960707733334,2026-07-13T03:00:00.000Z
sensor.camera_g_temperatura,29.897468409805555,2026-07-13T04:00:00.000Z
sensor.camera_g_temperatura,29.86906801994722,2026-07-13T05:00:00.000Z
sensor.camera_g_temperatura,29.52992897378333,2026-07-13T06:00:00.000Z
sensor.camera_g_temperatura,29.7302670023,2026-07-13T07:00:00.000Z
sensor.camera_g_temperatura,29.818199542794446,2026-07-13T08:00:00.000Z
sensor.camera_g_temperatura,29.948289131316667,2026-07-13T09:00:00.000Z
sensor.camera_g_temperatura,30.074079107561108,2026-07-13T10:00:00.000Z
sensor.camera_g_temperatura,30.19017360785278,2026-07-13T11:00:00.000Z
sensor.camera_g_temperatura,30.274685595872217,2026-07-13T12:00:00.000Z
sensor.camera_g_temperatura,30.35709816975833,2026-07-13T13:00:00.000Z
sensor.camera_g_temperatura,30.41961930433889,2026-07-13T14:00:00.000Z
sensor.camera_g_temperatura,30.620499282994444,2026-07-13T15:00:00.000Z
sensor.camera_g_temperatura,30.730805794619442,2026-07-13T16:00:00.000Z
sensor.camera_g_temperatura,30.77431122606667,2026-07-13T17:00:00.000Z
sensor.camera_g_temperatura,30.80248532368611,2026-07-13T18:00:00.000Z
sensor.camera_g_temperatura,30.79893314721667,2026-07-13T19:00:00.000Z
sensor.camera_g_temperatura,30.681396242711113,2026-07-13T20:00:00.000Z
sensor.camera_g_temperatura,30.37797745816667,2026-07-13T21:00:00.000Z
sensor.camera_g_temperatura,30.237268167186112,2026-07-13T22:00:00.000Z
sensor.camera_g_temperatura,30.146159893066667,2026-07-13T23:00:00.000Z
sensor.camera_g_temperatura,30.415641993402776,2026-07-14T00:00:00.000Z
sensor.camera_g_temperatura,30.5,2026-07-14T01:00:00.000Z
sensor.camera_g_temperatura,30.44746981861111,2026-07-14T02:00:00.000Z
sensor.camera_g_temperatura,30.35537694613889,2026-07-14T03:00:00.000Z
sensor.camera_g_temperatura,30.274519040936113,2026-07-14T04:00:00.000Z
sensor.camera_g_temperatura,30.218492175705553,2026-07-14T05:00:00.000Z
sensor.camera_g_temperatura,30.076681059616664,2026-07-14T06:00:00.000Z
sensor.camera_g_temperatura,29.984810213986112,2026-07-14T07:00:00.000Z
sensor.camera_g_temperatura,29.900996087580555,2026-07-14T08:00:00.000Z
sensor.camera_g_temperatura,29.891805574011112,2026-07-14T09:00:00.000Z
sensor.camera_g_temperatura,29.915426577827777,2026-07-14T10:00:00.000Z
sensor.camera_g_temperatura,30.01572359967778,2026-07-14T11:00:00.000Z
sensor.camera_g_temperatura,30.15415944176389,2026-07-14T12:00:00.000Z
sensor.camera_g_temperatura,30.27905326463889,2026-07-14T13:00:00.000Z
sensor.camera_g_temperatura,30.353553484708332,2026-07-14T14:00:00.000Z
sensor.camera_g_temperatura,30.401193610038888,2026-07-14T15:00:00.000Z
sensor.camera_g_temperatura,30.381921679172223,2026-07-14T16:00:00.000Z
sensor.camera_g_temperatura,30.379483632575,2026-07-14T17:00:00.000Z
sensor.camera_g_temperatura,30.46588978318889,2026-07-14T18:00:00.000Z
sensor.camera_g_temperatura,30.523867091849997,2026-07-14T19:00:00.000Z
sensor.camera_g_temperatura,30.483609355663887,2026-07-14T20:00:00.000Z
sensor.camera_g_temperatura,30.40461874119167,2026-07-14T21:00:00.000Z
sensor.camera_g_temperatura,30.482868692169447,2026-07-14T22:00:00.000Z
sensor.camera_g_temperatura,30.55836271720278,2026-07-14T23:00:00.000Z
sensor.camera_g_temperatura,30.47862897732222,2026-07-15T00:00:00.000Z
sensor.camera_g_temperatura,30.411885858902778,2026-07-15T01:00:00.000Z
sensor.camera_g_temperatura,30.269406441816667,2026-07-15T02:00:00.000Z
sensor.camera_g_temperatura,30.280846515388887,2026-07-15T03:00:00.000Z
sensor.camera_g_temperatura,30.247542991866666,2026-07-15T04:00:00.000Z
sensor.camera_g_temperatura,30.185810171086107,2026-07-15T05:00:00.000Z
sensor.camera_g_temperatura,30.118605422625,2026-07-15T06:00:00.000Z
sensor.camera_g_temperatura,30.113637617580554,2026-07-15T07:00:00.000Z
sensor.camera_g_temperatura,30.21623705909722,2026-07-15T08:00:00.000Z
sensor.camera_g_temperatura,30.362312986613887,2026-07-15T09:00:00.000Z
sensor.camera_g_temperatura,30.473610864886112,2026-07-15T10:00:00.000Z
sensor.camera_g_temperatura,30.57468599146111,2026-07-15T11:00:00.000Z
sensor.camera_g_temperatura,30.698964597533333,2026-07-15T12:00:00.000Z
sensor.camera_g_temperatura,30.833360135074997,2026-07-15T13:00:00.000Z
sensor.camera_g_temperatura,30.950211410905556,2026-07-15T14:00:00.000Z
sensor.camera_g_temperatura,31.000099476330558,2026-07-15T15:00:00.000Z
sensor.camera_g_temperatura,31.01748525318611,2026-07-15T16:00:00.000Z
sensor.camera_g_temperatura,31.025068399675003,2026-07-15T17:00:00.000Z
sensor.camera_g_temperatura,30.9926345936,2026-07-15T18:00:00.000Z
sensor.camera_g_temperatura,30.977143685455555,2026-07-15T19:00:00.000Z
sensor.camera_g_temperatura,30.96825489917778,2026-07-15T20:00:00.000Z
sensor.camera_g_temperatura,30.94806498143056,2026-07-15T21:00:00.000Z
sensor.camera_g_temperatura,30.86970025789167,2026-07-15T22:00:00.000Z
sensor.camera_g_temperatura,30.65084051766389,2026-07-15T23:00:00.000Z
sensor.camera_g_temperatura,30.549790769166666,2026-07-16T00:00:00.000Z
sensor.camera_g_temperatura,30.5465246131,2026-07-16T01:00:00.000Z
sensor.camera_g_temperatura,30.48099976135556,2026-07-16T02:00:00.000Z
sensor.camera_g_temperatura,30.410655497477777,2026-07-16T03:00:00.000Z
sensor.camera_g_temperatura,30.275220564744444,2026-07-16T04:00:00.000Z
sensor.camera_g_temperatura,30.155160233258332,2026-07-16T05:00:00.000Z
sensor.camera_g_temperatura,30.00164388560833,2026-07-16T06:00:00.000Z
sensor.camera_g_temperatura,29.697689697791663,2026-07-16T07:00:00.000Z
sensor.camera_g_temperatura,29.794549198113888,2026-07-16T08:00:00.000Z
sensor.camera_g_temperatura,29.85,2026-07-16T09:00:00.000Z
sensor.camera_g_temperatura,30.23,2026-07-16T10:00:00.000Z
sensor.camera_g_temperatura,30.303139885041663,2026-07-16T11:00:00.000Z
sensor.camera_g_temperatura,30.452508703080554,2026-07-16T12:00:00.000Z
sensor.camera_g_temperatura,30.556855033830555,2026-07-16T13:00:00.000Z
sensor.camera_g_temperatura,30.66237720184722,2026-07-16T14:00:00.000Z
sensor.camera_g_temperatura,30.762030956352778,2026-07-16T15:00:00.000Z
sensor.camera_g_temperatura,30.79746822154722,2026-07-16T16:00:00.000Z
sensor.camera_g_temperatura,30.855353068016665,2026-07-16T17:00:00.000Z
sensor.camera_g_temperatura,30.872592045833333,2026-07-16T18:00:00.000Z
sensor.camera_g_temperatura,30.866438027069446,2026-07-16T19:00:00.000Z
sensor.camera_g_temperatura,30.88315672241667,2026-07-16T20:00:00.000Z
sensor.camera_g_temperatura,30.826279700838892,2026-07-16T21:00:00.000Z
sensor.camera_g_temperatura,30.834997639430554,2026-07-16T22:00:00.000Z
sensor.camera_g_temperatura,30.78423175887222,2026-07-16T23:00:00.000Z
sensor.camera_g_temperatura,30.585263026591665,2026-07-17T00:00:00.000Z
sensor.camera_g_temperatura,30.538633307308334,2026-07-17T01:00:00.000Z
sensor.camera_g_temperatura,30.51866456402222,2026-07-17T02:00:00.000Z
sensor.camera_g_temperatura,30.360026644569444,2026-07-17T03:00:00.000Z
sensor.camera_g_temperatura,29.97407946348611,2026-07-17T04:00:00.000Z
sensor.camera_g_temperatura,28.82998517340278,2026-07-17T05:00:00.000Z
sensor.camera_g_temperatura,28.39166319762778,2026-07-17T06:00:00.000Z
sensor.camera_g_temperatura,28.69788891986111,2026-07-17T07:00:00.000Z
sensor.camera_g_temperatura,29.011860320613888,2026-07-17T08:00:00.000Z
sensor.camera_g_temperatura,29.09603852964167,2026-07-17T09:00:00.000Z
sensor.camera_g_temperatura,29.249644055430554,2026-07-17T10:00:00.000Z
sensor.camera_g_temperatura,29.497230088422224,2026-07-17T11:00:00.000Z
sensor.camera_g_temperatura,29.723137983022223,2026-07-17T12:00:00.000Z
sensor.camera_g_temperatura,29.86973526401667,2026-07-17T13:00:00.000Z
sensor.camera_g_temperatura,30.014977800691668,2026-07-17T14:00:00.000Z
sensor.camera_g_temperatura,30.143953621041664,2026-07-17T15:00:00.000Z
sensor.camera_g_temperatura,30.251992184316666,2026-07-17T16:00:00.000Z
sensor.camera_g_temperatura,30.38100750721111,2026-07-17T17:00:00.000Z
sensor.camera_g_temperatura,30.46082024335833,2026-07-17T18:00:00.000Z
sensor.camera_g_temperatura,30.489556680733333,2026-07-17T19:00:00.000Z
sensor.camera_g_temperatura,30.46573958069722,2026-07-17T20:00:00.000Z
sensor.camera_g_temperatura,30.441022960472225,2026-07-17T21:00:00.000Z
sensor.camera_g_temperatura,30.40749458902222,2026-07-17T22:00:00.000Z
sensor.camera_g_temperatura,30.28776083001389,2026-07-17T23:00:00.000Z
sensor.camera_g_temperatura,30.3151439972,2026-07-18T00:00:00.000Z
sensor.camera_g_temperatura,30.344383841508332,2026-07-18T01:00:00.000Z
sensor.camera_g_temperatura,30.29671924204722,2026-07-18T02:00:00.000Z
sensor.camera_g_temperatura,30.21204120215,2026-07-18T03:00:00.000Z
sensor.camera_g_temperatura,29.981699117983336,2026-07-18T04:00:00.000Z
sensor.camera_g_temperatura,29.633286589133334,2026-07-18T05:00:00.000Z
sensor.camera_g_temperatura,29.57065351995833,2026-07-18T06:00:00.000Z
sensor.camera_g_temperatura,29.708347798316666,2026-07-18T07:00:00.000Z
sensor.camera_g_temperatura,29.83607461836111,2026-07-18T08:00:00.000Z
sensor.camera_g_temperatura,30.00386672466667,2026-07-18T09:00:00.000Z
sensor.camera_g_temperatura,30.156211310611113,2026-07-18T10:00:00.000Z
sensor.camera_g_temperatura,30.27775763481111,2026-07-18T11:00:00.000Z
sensor.camera_g_temperatura,30.423746722044445,2026-07-18T12:00:00.000Z
sensor.camera_g_temperatura,30.562255322916666,2026-07-18T13:00:00.000Z
sensor.camera_g_temperatura,30.706850043066666,2026-07-18T14:00:00.000Z
sensor.camera_g_temperatura,30.826155247316667,2026-07-18T15:00:00.000Z
sensor.camera_g_temperatura,30.926689882519444,2026-07-18T16:00:00.000Z
sensor.camera_g_temperatura,30.98748373303889,2026-07-18T17:00:00.000Z
sensor.camera_g_temperatura,31.02521723224167,2026-07-18T18:00:00.000Z
sensor.camera_g_temperatura,31.00214935914722,2026-07-18T19:00:00.000Z
sensor.camera_g_temperatura,31.01667692543889,2026-07-18T20:00:00.000Z
sensor.camera_g_temperatura,30.955566012075,2026-07-18T21:00:00.000Z
sensor.camera_g_temperatura,30.863968275080556,2026-07-18T22:00:00.000Z
sensor.camera_g_temperatura,30.645831381752775,2026-07-18T23:00:00.000Z
sensor.camera_g_temperatura,30.298143236805554,2026-07-19T00:00:00.000Z
sensor.camera_g_temperatura,29.961726889280555,2026-07-19T01:00:00.000Z
sensor.camera_g_temperatura,29.776861891719445,2026-07-19T02:00:00.000Z
sensor.camera_g_temperatura,29.59917988303611,2026-07-19T03:00:00.000Z
sensor.camera_g_temperatura,29.736467414927777,2026-07-19T04:00:00.000Z
sensor.camera_g_temperatura,29.831427512991667,2026-07-19T05:00:00.000Z
sensor.camera_g_temperatura,29.82671114283889,2026-07-19T06:00:00.000Z
sensor.camera_g_temperatura,29.82050817485,2026-07-19T07:00:00.000Z
sensor.camera_g_temperatura,29.680304353449998,2026-07-19T08:00:00.000Z
sensor.camera_g_temperatura,29.741800047394445,2026-07-19T09:00:00.000Z
sensor.camera_g_temperatura,29.83117895938889,2026-07-19T10:00:00.000Z
sensor.camera_g_temperatura,30.000270479938887,2026-07-19T11:00:00.000Z
sensor.camera_g_temperatura,30.134390095033336,2026-07-19T12:00:00.000Z
sensor.camera_g_temperatura,30.234466223905557,2026-07-19T13:00:00.000Z
sensor.camera_g_temperatura,30.35111674993611,2026-07-19T14:00:00.000Z
sensor.camera_g_temperatura,30.47444963,2026-07-19T15:00:00.000Z
sensor.camera_g_temperatura,30.56523197631111,2026-07-19T16:00:00.000Z
sensor.camera_g_temperatura,30.694308419683335,2026-07-19T17:00:00.000Z
sensor.camera_g_temperatura,30.717224709619444,2026-07-19T18:00:00.000Z
sensor.camera_g_temperatura,30.708135520975002,2026-07-19T19:00:00.000Z
sensor.camera_g_temperatura,30.71623595321111,2026-07-19T20:00:00.000Z
sensor.camera_g_temperatura,30.738780892416667,2026-07-19T21:00:00.000Z
sensor.camera_g_temperatura,30.66626624178056,2026-07-19T22:00:00.000Z
sensor.camera_g_temperatura,30.526778678183334,2026-07-19T23:00:00.000Z
sensor.camera_g_temperatura,30.259303731986112,2026-07-20T00:00:00.000Z
sensor.camera_g_temperatura,30.168856967277776,2026-07-20T01:00:00.000Z
sensor.camera_g_temperatura,30.04130457812778,2026-07-20T02:00:00.000Z
sensor.camera_g_temperatura,29.943474731983333,2026-07-20T03:00:00.000Z
sensor.camera_g_temperatura,30.067115319944445,2026-07-20T04:00:00.000Z
sensor.camera_g_temperatura,29.954687521019448,2026-07-20T05:00:00.000Z
sensor.camera_g_temperatura,29.69871720467222,2026-07-20T06:00:00.000Z
sensor.camera_g_temperatura,29.65979806531111,2026-07-20T07:00:00.000Z
sensor.camera_g_temperatura,29.707598547441666,2026-07-20T08:00:00.000Z
sensor.camera_g_temperatura,29.78762356054722,2026-07-20T09:00:00.000Z
sensor.camera_g_temperatura,29.902227842555558,2026-07-20T10:00:00.000Z
sensor.camera_g_temperatura,29.994616711505557,2026-07-20T11:00:00.000Z
sensor.camera_g_temperatura,30.083859367666665,2026-07-20T12:00:00.000Z
sensor.camera_g_temperatura,30.149706266016665,2026-07-20T13:00:00.000Z
sensor.camera_g_temperatura,30.200224338305556,2026-07-20T14:00:00.000Z
sensor.camera_g_temperatura,30.264972044130555,2026-07-20T15:00:00.000Z
sensor.camera_g_temperatura,30.306982460241667,2026-07-20T16:00:00.000Z
sensor.camera_g_temperatura,30.334447196383334,2026-07-20T17:00:00.000Z
sensor.camera_g_temperatura,30.355489988894444,2026-07-20T18:00:00.000Z
sensor.camera_g_temperatura,30.350384697961108,2026-07-20T19:00:00.000Z
sensor.camera_g_temperatura,30.33799992251667,2026-07-20T20:00:00.000Z
sensor.camera_g_temperatura,30.32871019562222,2026-07-20T21:00:00.000Z
sensor.camera_g_temperatura,30.194973316036112,2026-07-20T22:00:00.000Z
sensor.camera_g_temperatura,29.89367302732778,2026-07-20T23:00:00.000Z
sensor.camera_g_temperatura,29.75301023625555,2026-07-21T00:00:00.000Z
sensor.camera_g_temperatura,29.769709934855555,2026-07-21T01:00:00.000Z
sensor.camera_g_temperatura,29.702210694144444,2026-07-21T02:00:00.000Z
sensor.camera_g_temperatura,29.5302739012,2026-07-21T03:00:00.000Z
sensor.camera_g_temperatura,29.270040981094443,2026-07-21T04:00:00.000Z
sensor.camera_g_temperatura,29.190903799741665,2026-07-21T05:00:00.000Z
sensor.camera_g_temperatura,29.268347805863886,2026-07-21T06:00:00.000Z
sensor.camera_g_temperatura,29.423622418172226,2026-07-21T07:00:00.000Z
sensor.camera_g_temperatura,29.529384857594447,2026-07-21T08:00:00.000Z
sensor.camera_g_temperatura,29.616814492208334,2026-07-21T09:00:00.000Z
sensor.camera_g_temperatura,29.708343047541664,2026-07-21T10:00:00.000Z
sensor.camera_g_temperatura,29.787486902391667,2026-07-21T11:00:00.000Z
sensor.camera_g_temperatura,29.85690927345,2026-07-21T12:00:00.000Z
sensor.camera_g_temperatura,29.926435706594447,2026-07-21T13:00:00.000Z
sensor.camera_g_temperatura,29.989298417741665,2026-07-21T14:00:00.000Z
sensor.camera_g_temperatura,30.045093605833333,2026-07-21T15:00:00.000Z
sensor.camera_g_temperatura,30.088376682461114,2026-07-21T16:00:00.000Z
sensor.camera_g_temperatura,30.104826981694444,2026-07-21T17:00:00.000Z
sensor.camera_g_temperatura,30.09618165861667,2026-07-21T18:00:00.000Z
sensor.camera_g_temperatura,30.062397592055557,2026-07-21T19:00:00.000Z
sensor.camera_g_temperatura,29.898370937994446,2026-07-21T20:00:00.000Z
sensor.camera_g_temperatura,29.83561938650278,2026-07-21T21:00:00.000Z
sensor.camera_g_temperatura,29.673160990761108,2026-07-21T22:00:00.000Z
sensor.camera_g_temperatura,29.460385745205556,2026-07-21T23:00:00.000Z
sensor.camera_g_temperatura,29.370770221838885,2026-07-22T00:00:00.000Z
sensor.camera_g_temperatura,29.191463905152776,2026-07-22T01:00:00.000Z
sensor.camera_g_temperatura,28.935304051747224,2026-07-22T02:00:00.000Z
sensor.camera_g_temperatura,28.883346603530555,2026-07-22T03:00:00.000Z
sensor.camera_g_temperatura,28.63280664922222,2026-07-22T04:00:00.000Z
sensor.camera_g_temperatura,28.598249521727777,2026-07-22T05:00:00.000Z
sensor.camera_g_temperatura,28.66798756180833,2026-07-22T06:00:00.000Z
sensor.camera_g_temperatura,28.787783510347225,2026-07-22T07:00:00.000Z
sensor.camera_g_temperatura,28.854263809838887,2026-07-22T08:00:00.000Z
sensor.camera_g_temperatura,28.982473171527776,2026-07-22T09:00:00.000Z
sensor.camera_g_temperatura,29.106754739038887,2026-07-22T10:00:00.000Z
sensor.camera_g_temperatura,29.20156526263889,2026-07-22T11:00:00.000Z
sensor.camera_g_temperatura,29.281826908536107,2026-07-22T12:00:00.000Z
sensor.camera_g_temperatura,29.344038282849997,2026-07-22T13:00:00.000Z
sensor.camera_g_temperatura,29.402100806469445,2026-07-22T14:00:00.000Z
sensor.camera_g_temperatura,29.448904546191667,2026-07-22T15:00:00.000Z
sensor.camera_g_temperatura,29.47993566048333,2026-07-22T16:00:00.000Z
sensor.camera_g_temperatura,29.499948152366667,2026-07-22T17:00:00.000Z
sensor.camera_g_temperatura,29.500897783833334,2026-07-22T18:00:00.000Z
sensor.camera_g_temperatura,29.50734681909167,2026-07-22T19:00:00.000Z
sensor.camera_g_temperatura,29.50355851061111,2026-07-22T20:00:00.000Z
sensor.camera_g_temperatura,29.438097342705557,2026-07-22T21:00:00.000Z
sensor.camera_g_temperatura,29.366614810280556,2026-07-22T22:00:00.000Z
sensor.camera_g_temperatura,29.067285659455553,2026-07-22T23:00:00.000Z
sensor.camera_g_temperatura,28.871505606147224,2026-07-23T00:00:00.000Z
sensor.camera_g_temperatura,28.758782167905554,2026-07-23T01:00:00.000Z
sensor.camera_g_temperatura,28.71939545251111,2026-07-23T02:00:00.000Z
sensor.camera_g_temperatura,28.6910678532,2026-07-23T03:00:00.000Z
sensor.camera_g_temperatura,28.619355920341665,2026-07-23T04:00:00.000Z
sensor.camera_g_temperatura,28.4891479126,2026-07-23T05:00:00.000Z
sensor.camera_g_temperatura,28.38580282698889,2026-07-23T06:00:00.000Z
sensor.camera_g_temperatura,28.331841064327776,2026-07-23T07:00:00.000Z
sensor.camera_g_temperatura,28.342411829694445,2026-07-23T08:00:00.000Z
sensor.camera_g_temperatura,28.366506220758335,2026-07-23T09:00:00.000Z
sensor.camera_g_temperatura,28.558129671058335,2026-07-23T10:00:00.000Z
sensor.camera_g_temperatura,28.744996820788888,2026-07-23T11:00:00.000Z
sensor.camera_g_temperatura,28.852482615830557,2026-07-23T12:00:00.000Z
sensor.camera_g_temperatura,28.93321177531111,2026-07-23T13:00:00.000Z
sensor.camera_g_temperatura,29.018340933161113,2026-07-23T14:00:00.000Z
sensor.camera_g_temperatura,29.08984595432778,2026-07-23T15:00:00.000Z
sensor.camera_g_temperatura,29.16709977536389,2026-07-23T16:00:00.000Z
sensor.camera_g_temperatura,29.192528914747225,2026-07-23T17:00:00.000Z
sensor.camera_g_temperatura,29.205032344516667,2026-07-23T18:00:00.000Z
sensor.camera_g_temperatura,29.219296651677777,2026-07-23T19:00:00.000Z
sensor.camera_g_temperatura,29.202051631744443,2026-07-23T20:00:00.000Z
sensor.camera_g_temperatura,29.129174196125003,2026-07-23T21:00:00.000Z
sensor.camera_g_temperatura,29.026459428258335,2026-07-23T22:00:00.000Z
sensor.camera_g_temperatura,28.863642886091668,2026-07-23T23:00:00.000Z
sensor.camera_g_temperatura,28.61626702785,2026-07-24T00:00:00.000Z
sensor.camera_g_temperatura,28.4559713828,2026-07-24T01:00:00.000Z
sensor.camera_g_temperatura,28.26459966913889,2026-07-24T02:00:00.000Z
sensor.camera_g_temperatura,27.95969411738889,2026-07-24T03:00:00.000Z
sensor.camera_g_temperatura,27.785836136225,2026-07-24T04:00:00.000Z
sensor.camera_g_temperatura,27.704519797144446,2026-07-24T05:00:00.000Z
sensor.camera_g_temperatura,27.670680346969444,2026-07-24T06:00:00.000Z
sensor.camera_g_temperatura,27.89690665875278,2026-07-24T07:00:00.000Z
sensor.camera_g_temperatura,27.96620303721667,2026-07-24T08:00:00.000Z
sensor.camera_g_temperatura,28.14301395383889,2026-07-24T09:00:00.000Z
sensor.camera_g_temperatura,28.294984906352777,2026-07-24T10:00:00.000Z
sensor.camera_g_temperatura,28.40209957170556,2026-07-24T11:00:00.000Z
sensor.camera_g_temperatura,28.50821839486667,2026-07-24T12:00:00.000Z
sensor.camera_g_temperatura,28.60288573988889,2026-07-24T13:00:00.000Z
sensor.camera_g_temperatura,28.678317687544446,2026-07-24T14:00:00.000Z
sensor.camera_g_temperatura,28.732587753711112,2026-07-24T15:00:00.000Z
sensor.camera_g_temperatura,28.76867404538611,2026-07-24T16:00:00.000Z
sensor.camera_g_temperatura,28.787525517744445,2026-07-24T17:00:00.000Z
sensor.camera_g_temperatura,28.814969463238892,2026-07-24T18:00:00.000Z
sensor.camera_g_temperatura,28.816644508605552,2026-07-24T19:00:00.000Z
sensor.camera_g_temperatura,28.814438742022222,2026-07-24T20:00:00.000Z
sensor.camera_g_temperatura,28.77757648716667,2026-07-24T21:00:00.000Z
sensor.camera_g_temperatura,28.717364082283336,2026-07-24T22:00:00.000Z
sensor.camera_g_temperatura,28.663078938663887,2026-07-24T23:00:00.000Z
sensor.camera_g_temperatura,28.5358204293,2026-07-25T00:00:00.000Z
sensor.camera_g_temperatura,28.33477526986111,2026-07-25T01:00:00.000Z
sensor.camera_g_temperatura,28.19182196595278,2026-07-25T02:00:00.000Z
sensor.camera_g_temperatura,28.11206012551389,2026-07-25T03:00:00.000Z
sensor.camera_g_temperatura,28.03507915182222,2026-07-25T04:00:00.000Z
sensor.camera_g_temperatura,28.03780312590278,2026-07-25T05:00:00.000Z
sensor.camera_g_temperatura,27.856363690405555,2026-07-25T06:00:00.000Z
sensor.camera_g_temperatura,27.82147631211667,2026-07-25T07:00:00.000Z
sensor.camera_g_temperatura,27.869886833922223,2026-07-25T08:00:00.000Z
sensor.camera_g_temperatura,27.925894692955556,2026-07-25T09:00:00.000Z
sensor.camera_g_temperatura,28.021967658830558,2026-07-25T10:00:00.000Z
sensor.camera_g_temperatura,28.1834793851,2026-07-25T11:00:00.000Z
sensor.camera_g_temperatura,28.288910607447225,2026-07-25T12:00:00.000Z
sensor.camera_g_temperatura,28.417637284816667,2026-07-25T13:00:00.000Z
sensor.camera_g_temperatura,28.522079520994442,2026-07-25T14:00:00.000Z
sensor.camera_g_temperatura,28.59758977135556,2026-07-25T15:00:00.000Z
sensor.camera_g_temperatura,28.666930111499997,2026-07-25T16:00:00.000Z
sensor.camera_g_temperatura,28.694976173019445,2026-07-25T17:00:00.000Z
sensor.camera_g_temperatura,28.72758863702778,2026-07-25T18:00:00.000Z
sensor.camera_g_temperatura,28.72601777466667,2026-07-25T19:00:00.000Z
sensor.camera_g_temperatura,28.708191675852778,2026-07-25T20:00:00.000Z
sensor.camera_g_temperatura,28.684939971261112,2026-07-25T21:00:00.000Z
sensor.camera_g_temperatura,28.627368673141664,2026-07-25T22:00:00.000Z
sensor.camera_g_temperatura,28.583425521602777,2026-07-25T23:00:00.000Z
sensor.camera_g_temperatura,28.348268423583335,2026-07-26T00:00:00.000Z
sensor.camera_g_temperatura,28.204507644475,2026-07-26T01:00:00.000Z
sensor.camera_g_temperatura,28.149910662919442,2026-07-26T02:00:00.000Z
sensor.camera_g_temperatura,28.093333484025,2026-07-26T03:00:00.000Z
sensor.camera_g_temperatura,28.055020159319444,2026-07-26T04:00:00.000Z
sensor.camera_g_temperatura,28.062853782525,2026-07-26T05:00:00.000Z
sensor.camera_g_temperatura,28.04218067276111,2026-07-26T06:00:00.000Z
sensor.camera_g_temperatura,28.065127879244443,2026-07-26T07:00:00.000Z
sensor.camera_g_temperatura,28.131204227258333,2026-07-26T08:00:00.000Z
sensor.camera_g_temperatura,28.200514941805555,2026-07-26T09:00:00.000Z
sensor.camera_g_temperatura,28.314074228847222,2026-07-26T10:00:00.000Z
sensor.camera_g_temperatura,28.44200632633611,2026-07-26T11:00:00.000Z
sensor.camera_g_temperatura,28.562204229202777,2026-07-26T12:00:00.000Z
sensor.camera_g_temperatura,28.686928173919444,2026-07-26T13:00:00.000Z
sensor.camera_g_temperatura,28.768490805769442,2026-07-26T14:00:00.000Z
sensor.camera_g_temperatura,28.847459337686114,2026-07-26T15:00:00.000Z
sensor.camera_g_temperatura,28.88964528400278,2026-07-26T16:00:00.000Z
sensor.camera_g_temperatura,28.932117182202777,2026-07-26T17:00:00.000Z
sensor.camera_g_temperatura,28.980343466127778,2026-07-26T18:00:00.000Z
sensor.camera_g_temperatura,28.972985252361113,2026-07-26T19:00:00.000Z
sensor.camera_g_temperatura,28.93098534845278,2026-07-26T20:00:00.000Z
sensor.camera_g_temperatura,28.838375411300003,2026-07-26T21:00:00.000Z
sensor.camera_g_temperatura,28.751603980794442,2026-07-26T22:00:00.000Z
sensor.camera_g_temperatura,28.680640902394444,2026-07-26T23:00:00.000Z
sensor.camera_g_temperatura,28.595076433383337,2026-07-27T00:00:00.000Z
sensor.camera_g_temperatura,28.34421463328611,2026-07-27T01:00:00.000Z
sensor.camera_g_temperatura,28.270740298958334,2026-07-27T02:00:00.000Z
sensor.camera_g_temperatura,28.243804935633335,2026-07-27T03:00:00.000Z
sensor.camera_g_temperatura,28.204653271044446,2026-07-27T04:00:00.000Z
sensor.camera_g_temperatura,28.07779050797222,2026-07-27T05:00:00.000Z
sensor.camera_g_temperatura,27.90223086648611,2026-07-27T06:00:00.000Z
sensor.camera_g_temperatura,27.965111138566666,2026-07-27T07:00:00.000Z
sensor.camera_g_temperatura,28.05557397742778,2026-07-27T08:00:00.000Z
sensor.camera_g_temperatura,28.131977971180557,2026-07-27T09:00:00.000Z
sensor.camera_g_temperatura,28.292209594994443,2026-07-27T10:00:00.000Z
sensor.camera_g_temperatura,28.430799156802777,2026-07-27T11:00:00.000Z
sensor.camera_g_temperatura,28.584541225425,2026-07-27T12:00:00.000Z
sensor.camera_g_temperatura,28.797718493216667,2026-07-27T13:00:00.000Z
sensor.camera_g_temperatura,28.951030243719444,2026-07-27T14:00:00.000Z
sensor.camera_g_temperatura,29.119127285397223,2026-07-27T15:00:00.000Z
sensor.camera_g_temperatura,29.23879531823611,2026-07-27T16:00:00.000Z
sensor.camera_g_temperatura,29.314526694916665,2026-07-27T17:00:00.000Z
sensor.camera_g_temperatura,29.348677206891665,2026-07-27T18:00:00.000Z
sensor.camera_g_temperatura,29.39205588636111,2026-07-27T19:00:00.000Z
sensor.camera_g_temperatura,29.393309093255553,2026-07-27T20:00:00.000Z
sensor.camera_g_temperatura,29.349128759733333,2026-07-27T21:00:00.000Z
sensor.camera_g_temperatura,29.342441857772226,2026-07-27T22:00:00.000Z
sensor.camera_g_temperatura,29.27342654091389,2026-07-27T23:00:00.000Z
sensor.camera_g_temperatura,29.10371130793889,2026-07-28T00:00:00.000Z
sensor.camera_g_temperatura,29.066833131969446,2026-07-28T01:00:00.000Z
sensor.camera_g_temperatura,28.89694306285,2026-07-28T02:00:00.000Z
sensor.camera_g_temperatura,28.65772655442778,2026-07-28T03:00:00.000Z
sensor.camera_g_temperatura,28.596988957125003,2026-07-28T04:00:00.000Z
sensor.camera_g_temperatura,28.537525985808333,2026-07-28T05:00:00.000Z
sensor.camera_g_temperatura,28.435291866152777,2026-07-28T06:00:00.000Z
sensor.camera_g_temperatura,28.56637084192222,2026-07-28T07:00:00.000Z
sensor.camera_g_temperatura,28.697631252694446,2026-07-28T08:00:00.000Z
sensor.camera_g_temperatura,28.83503051405278,2026-07-28T09:00:00.000Z
sensor.camera_g_temperatura,28.976368746958332,2026-07-28T10:00:00.000Z
sensor.camera_g_temperatura,29.111553269869443,2026-07-28T11:00:00.000Z
sensor.camera_g_temperatura,29.235139517152778,2026-07-28T12:00:00.000Z
sensor.camera_g_temperatura,29.377167610830554,2026-07-28T13:00:00.000Z
sensor.camera_g_temperatura,29.498485089480557,2026-07-28T14:00:00.000Z
sensor.camera_g_temperatura,29.62723759983611,2026-07-28T15:00:00.000Z
sensor.camera_g_temperatura,29.66300165463889,2026-07-28T16:00:00.000Z
sensor.camera_g_temperatura,29.712874954091664,2026-07-28T17:00:00.000Z
sensor.camera_g_temperatura,29.76189699989722,2026-07-28T18:00:00.000Z
sensor.camera_g_temperatura,29.793167550919446,2026-07-28T19:00:00.000Z
sensor.camera_g_temperatura,29.77160678623611,2026-07-28T20:00:00.000Z
sensor.camera_g_temperatura,29.780528916133335,2026-07-28T21:00:00.000Z
sensor.camera_g_temperatura,29.742780737911108,2026-07-28T22:00:00.000Z
sensor.camera_g_temperatura,29.589021174636112,2026-07-28T23:00:00.000Z
sensor.camera_g_temperatura,29.50318634241667,2026-07-29T00:00:00.000Z
sensor.camera_g_temperatura,29.382666191652778,2026-07-29T01:00:00.000Z
sensor.camera_g_temperatura,29.239317492994445,2026-07-29T02:00:00.000Z
sensor.camera_g_temperatura,29.161341981719445,2026-07-29T03:00:00.000Z
sensor.camera_g_temperatura,29.10152499296389,2026-07-29T04:00:00.000Z
sensor.camera_g_temperatura,29.015089653811113,2026-07-29T05:00:00.000Z
sensor.camera_g_temperatura,28.984182924466666,2026-07-29T06:00:00.000Z
sensor.camera_g_temperatura,29.04746456478611,2026-07-29T07:00:00.000Z
sensor.camera_g_temperatura,29.162933277800004,2026-07-29T08:00:00.000Z
sensor.camera_g_temperatura,29.30510415157778,2026-07-29T09:00:00.000Z
sensor.camera_g_temperatura,29.438914464799996,2026-07-29T10:00:00.000Z
sensor.camera_g_temperatura,29.581286329127778,2026-07-29T11:00:00.000Z
sensor.camera_g_temperatura,29.698246737341666,2026-07-29T12:00:00.000Z
sensor.camera_g_temperatura,29.860156739066667,2026-07-29T13:00:00.000Z
sensor.camera_g_temperatura,30.014580919519446,2026-07-29T14:00:00.000Z
sensor.camera_g_temperatura,30.152720287619445,2026-07-29T15:00:00.000Z
sensor.camera_g_temperatura,30.213774440025002,2026-07-29T16:00:00.000Z
sensor.camera_g_temperatura,30.22597256687222,2026-07-29T17:00:00.000Z
sensor.camera_g_temperatura,30.23885730132778,2026-07-29T18:00:00.000Z
sensor.camera_g_temperatura,30.27793954052778,2026-07-29T19:00:00.000Z
sensor.camera_g_temperatura,30.317590816469444,2026-07-29T20:00:00.000Z
sensor.camera_g_temperatura,30.351647069227777,2026-07-29T21:00:00.000Z
sensor.camera_g_temperatura,30.335355857061113,2026-07-29T22:00:00.000Z
sensor.camera_g_temperatura,30.259739214202778,2026-07-29T23:00:00.000Z
sensor.camera_g_temperatura,30.18053182811111,2026-07-30T00:00:00.000Z
sensor.camera_g_temperatura,30.13818060637222,2026-07-30T01:00:00.000Z
sensor.camera_g_temperatura,29.915338258108335,2026-07-30T02:00:00.000Z
sensor.camera_g_temperatura,29.679892677052777,2026-07-30T03:00:00.000Z
sensor.camera_g_temperatura,29.603788584883333,2026-07-30T04:00:00.000Z
sensor.camera_g_temperatura,29.590865616830555,2026-07-30T05:00:00.000Z
sensor.camera_g_temperatura,29.632574788730555,2026-07-30T06:00:00.000Z
sensor.camera_g_temperatura,29.716766007525,2026-07-30T07:00:00.000Z
sensor.camera_g_temperatura,29.85914842247222,2026-07-30T08:00:00.000Z
sensor.camera_g_temperatura,29.96722525005556,2026-07-30T09:00:00.000Z
sensor.camera_g_temperatura,30.060865349291664,2026-07-30T10:00:00.000Z
sensor.camera_g_temperatura,30.149022385616664,2026-07-30T11:00:00.000Z
sensor.camera_g_temperatura,30.242599129202777,2026-07-30T12:00:00.000Z
sensor.camera_g_temperatura,30.33556271476111,2026-07-30T13:00:00.000Z
sensor.camera_g_temperatura,30.464129711166667,2026-07-30T14:00:00.000Z
sensor.camera_g_temperatura,30.604742487027778,2026-07-30T15:00:00.000Z
sensor.camera_g_temperatura,30.678549096133334,2026-07-30T16:00:00.000Z
sensor.camera_g_temperatura,30.709966611208333,2026-07-30T17:00:00.000Z
sensor.camera_g_temperatura,30.760010503619444,2026-07-30T18:00:00.000Z
sensor.camera_g_temperatura,30.785894933933335,2026-07-30T19:00:00.000Z
sensor.camera_g_temperatura,30.792549941491668,2026-07-30T20:00:00.000Z
sensor.camera_g_temperatura,30.801828908397223,2026-07-30T21:00:00.000Z
sensor.camera_g_temperatura,30.757888947194445,2026-07-30T22:00:00.000Z
sensor.camera_g_temperatura,30.571645345033332,2026-07-30T23:00:00.000Z
sensor.camera_g_temperatura,30.470890346305556,2026-07-31T00:00:00.000Z
sensor.camera_g_temperatura,30.489724643397224,2026-07-31T01:00:00.000Z
sensor.camera_g_temperatura,30.405385993511114,2026-07-31T02:00:00.000Z
sensor.camera_g_temperatura,30.329131530475,2026-07-31T03:00:00.000Z
sensor.camera_g_temperatura,30.2524481149,2026-07-31T04:00:00.000Z
sensor.camera_g_temperatura,30.143774221363888,2026-07-31T05:00:00.000Z
sensor.camera_g_temperatura,30.0381737331,2026-07-31T06:00:00.000Z
sensor.camera_g_temperatura,29.94654632625,2026-07-31T07:00:00.000Z
sensor.camera_g_temperatura,29.67929738212222,2026-07-31T08:00:00.000Z
sensor.camera_g_temperatura,29.832919948208332,2026-07-31T09:00:00.000Z
sensor.camera_g_temperatura,30.122137778024996,2026-07-31T10:00:00.000Z
sensor.camera_g_temperatura,30.38049096609444,2026-07-31T11:00:00.000Z
sensor.camera_g_temperatura,30.596726563388888,2026-07-31T12:00:00.000Z
sensor.camera_g_temperatura,30.785978324105557,2026-07-31T13:00:00.000Z
sensor.camera_g_temperatura,31.065380247377778,2026-07-31T14:00:00.000Z
sensor.camera_g_temperatura,31.28979718541389,2026-07-31T15:00:00.000Z
sensor.camera_g_temperatura,31.460365002991665,2026-07-31T16:00:00.000Z
sensor.camera_g_temperatura,31.508829499744447,2026-07-31T17:00:00.000Z
sensor.camera_g_temperatura,31.352311426866667,2026-07-31T18:00:00.000Z
sensor.camera_g_temperatura,31.144696222805553,2026-07-31T19:00:00.000Z
sensor.camera_g_temperatura,31.099299846694446,2026-07-31T20:00:00.000Z
sensor.camera_g_temperatura,31.042663308299996,2026-07-31T21:00:00.000Z
sensor.camera_g_temperatura,31.137146434877778,2026-07-31T22:00:00.000Z
sensor.camera_g_temperatura,31.136406790502775,2026-07-31T23:00:00.000Z
sensor.camera_g_temperatura,30.996309519366665,2026-08-01T00:00:00.000Z
sensor.camera_g_temperatura,30.882989253902778,2026-08-01T01:00:00.000Z
sensor.camera_g_temperatura,30.81299593578889,2026-08-01T02:00:00.000Z
sensor.camera_g_temperatura,30.674243329719445,2026-08-01T03:00:00.000Z
sensor.camera_g_temperatura,30.61602522419722,2026-08-01T04:00:00.000Z
sensor.camera_g_temperatura,30.51457338091667,2026-08-01T05:00:00.000Z
sensor.camera_g_temperatura,30.329964421752777,2026-08-01T06:00:00.000Z
sensor.camera_g_temperatura,30.219918047349996,2026-08-01T07:00:00.000Z
sensor.camera_g_temperatura,30.213698449430556,2026-08-01T08:00:00.000Z
sensor.camera_g_temperatura,30.35011382618889,2026-08-01T09:00:00.000Z
sensor.camera_g_temperatura,30.48091637925,2026-08-01T10:00:00.000Z
sensor.camera_g_temperatura,30.470740381319445,2026-08-01T11:00:00.000Z
sensor.camera_g_temperatura,30.528059714458333,2026-08-01T12:00:00.000Z
sensor.camera_g_temperatura,30.64,2026-08-01T13:00:00.000Z
sensor.camera_g_temperatura,30.679870316622225,2026-08-01T14:00:00.000Z
sensor.camera_g_temperatura,30.759695225947222,2026-08-01T15:00:00.000Z
sensor.camera_g_temperatura,30.824307158419444,2026-08-01T16:00:00.000Z
sensor.camera_g_temperatura,30.859226110455555,2026-08-01T17:00:00.000Z
sensor.camera_g_temperatura,30.892470842313887,2026-08-01T18:00:00.000Z
sensor.camera_g_temperatura,30.933740820883333,2026-08-01T19:00:00.000Z
sensor.camera_g_temperatura,30.953344378480555,2026-08-01T20:00:00.000Z
sensor.camera_g_temperatura,30.96255012376389,2026-08-01T21:00:00.000Z
sensor.camera_g_temperatura,30.941178621547223,2026-08-01T22:00:00.000Z
sensor.camera_g_temperatura,30.941414368583334,2026-08-01T23:00:00.000Z
sensor.camera_g_temperatura,30.927723206466666,2026-08-02T00:00:00.000Z
sensor.camera_g_temperatura,30.912835309816668,2026-08-02T01:00:00.000Z
sensor.camera_g_temperatura,30.871777673927777,2026-08-02T02:00:00.000Z
sensor.camera_g_temperatura,30.849605179744444,2026-08-02T03:00:00.000Z
sensor.camera_g_temperatura,30.81741742276111,2026-08-02T04:00:00.000Z
sensor.camera_g_temperatura,30.788051335055556,2026-08-02T05:00:00.000Z
sensor.camera_g_temperatura,30.750833085752777,2026-08-02T06:00:00.000Z
sensor.camera_g_temperatura,30.74657276387778,2026-08-02T07:00:00.000Z
sensor.camera_g_temperatura,30.72,2026-08-02T08:00:00.000Z
sensor.camera_g_temperatura,30.734235031419445,2026-08-02T09:00:00.000Z
sensor.camera_g_temperatura,30.71749205716389,2026-08-02T10:00:00.000Z
sensor.camera_g_temperatura,30.713816494280554,2026-08-02T11:00:00.000Z
sensor.camera_g_temperatura,30.685692180208335,2026-08-02T12:00:00.000Z
sensor.camera_g_temperatura,30.696940188850004,2026-08-02T13:00:00.000Z
sensor.camera_g_temperatura,30.739136390288888,2026-08-02T14:00:00.000Z
sensor.camera_g_temperatura,30.789300954925,2026-08-02T15:00:00.000Z
sensor.camera_g_temperatura,30.838367627133334,2026-08-02T16:00:00.000Z
sensor.camera_g_temperatura,30.895780057933333,2026-08-02T17:00:00.000Z
sensor.camera_g_temperatura,30.928851792222222,2026-08-02T18:00:00.000Z
sensor.camera_g_temperatura,30.955399609113886,2026-08-02T19:00:00.000Z
sensor.camera_g_temperatura,30.952875325572222,2026-08-02T20:00:00.000Z
sensor.camera_g_temperatura,30.948796571825,2026-08-02T21:00:00.000Z
sensor.camera_g_temperatura,30.93740405223056,2026-08-02T22:00:00.000Z
sensor.camera_g_temperatura,30.921413922958333,2026-08-02T23:00:00.000Z
sensor.camera_g_temperatura,30.899289296275,2026-08-03T00:00:00.000Z
sensor.camera_g_temperatura,30.876270736905553,2026-08-03T01:00:00.000Z
sensor.camera_g_temperatura,30.837483250591664,2026-08-03T02:00:00.000Z
sensor.camera_g_temperatura,30.803570056761114,2026-08-03T03:00:00.000Z
sensor.camera_g_temperatura,30.781060734566665,2026-08-03T04:00:00.000Z
sensor.camera_g_temperatura,30.753915845322222,2026-08-03T05:00:00.000Z
sensor.camera_g_temperatura,30.720757942608333,2026-08-03T06:00:00.000Z
sensor.camera_g_temperatura,30.700048535755556,2026-08-03T07:00:00.000Z
sensor.camera_g_temperatura,30.686655377333334,2026-08-03T08:00:00.000Z
sensor.camera_g_temperatura,30.704816916955554,2026-08-03T09:00:00.000Z
sensor.camera_g_temperatura,30.74519096438333,2026-08-03T10:00:00.000Z
sensor.camera_g_temperatura,30.791216074549997,2026-08-03T11:00:00.000Z
sensor.camera_g_temperatura,30.851286498022223,2026-08-03T12:00:00.000Z
sensor.camera_g_temperatura,30.918519326233334,2026-08-03T13:00:00.000Z
sensor.camera_g_temperatura,31.002787506797223,2026-08-03T14:00:00.000Z
sensor.camera_g_temperatura,31.070644383419445,2026-08-03T15:00:00.000Z
sensor.camera_g_temperatura,31.105192550711113,2026-08-03T16:00:00.000Z
sensor.camera_g_temperatura,31.148387889569445,2026-08-03T17:00:00.000Z
sensor.camera_g_temperatura,31.17690494057778,2026-08-03T18:00:00.000Z
sensor.camera_g_temperatura,31.205016192577776,2026-08-03T19:00:00.000Z
sensor.camera_g_temperatura,31.22255659135833,2026-08-03T20:00:00.000Z
sensor.camera_g_temperatura,31.22896036916111,2026-08-03T21:00:00.000Z
sensor.camera_g_temperatura,31.23120663143611,2026-08-03T22:00:00.000Z
sensor.camera_g_temperatura,31.228037749838887,2026-08-03T23:00:00.000Z
sensor.camera_g_temperatura,31.194690820225002,2026-08-04T00:00:00.000Z
sensor.camera_g_temperatura,31.164798835833334,2026-08-04T01:00:00.000Z
sensor.camera_g_temperatura,31.142481044516668,2026-08-04T02:00:00.000Z
sensor.camera_g_temperatura,31.100108421719444,2026-08-04T03:00:00.000Z
sensor.camera_g_temperatura,31.084542281341665,2026-08-04T04:00:00.000Z
sensor.camera_g_temperatura,31.05,2026-08-04T05:00:00.000Z
sensor.camera_g_temperatura,31.016563679613892,2026-08-04T06:00:00.000Z
sensor.camera_g_temperatura,31.007742785833333,2026-08-04T07:00:00.000Z
sensor.camera_g_temperatura,30.99,2026-08-04T08:00:00.000Z
sensor.camera_g_temperatura,30.9991447175,2026-08-04T09:00:00.000Z
sensor.camera_g_temperatura,31.025517393558335,2026-08-04T10:00:00.000Z
sensor.camera_g_temperatura,31.064471979613888,2026-08-04T11:00:00.000Z
sensor.camera_g_temperatura,31.11838888418889,2026-08-04T12:00:00.000Z
sensor.camera_g_temperatura,31.194055086466665,2026-08-04T13:00:00.000Z
sensor.camera_g_temperatura,31.240731967183333,2026-08-04T14:00:00.000Z
sensor.camera_g_temperatura,31.303633753366665,2026-08-04T15:00:00.000Z
sensor.camera_g_temperatura,31.34577554563333,2026-08-04T16:00:00.000Z
sensor.camera_g_temperatura,31.376907341294444,2026-08-04T17:00:00.000Z
sensor.camera_g_temperatura,31.427057056205555,2026-08-04T18:00:00.000Z
sensor.camera_g_temperatura,31.441836978652777,2026-08-04T19:00:00.000Z
sensor.camera_g_temperatura,31.452637605144442,2026-08-04T20:00:00.000Z
sensor.camera_g_temperatura,31.463494118944443,2026-08-04T21:00:00.000Z
sensor.camera_g_temperatura,31.462476310908333,2026-08-04T22:00:00.000Z
sensor.camera_g_temperatura,31.439954414894444,2026-08-04T23:00:00.000Z
sensor.camera_g_temperatura,31.424252792019445,2026-08-05T00:00:00.000Z
sensor.camera_g_temperatura,31.396987638425,2026-08-05T01:00:00.000Z
sensor.camera_g_temperatura,31.368463129330554,2026-08-05T02:00:00.000Z
sensor.camera_g_temperatura,31.333741463269444,2026-08-05T03:00:00.000Z
sensor.camera_g_temperatura,31.29715601906389,2026-08-05T04:00:00.000Z
sensor.camera_g_temperatura,31.283748278450002,2026-08-05T05:00:00.000Z
sensor.camera_g_temperatura,31.262133614836113,2026-08-05T06:00:00.000Z
sensor.camera_g_temperatura,31.25562182622778,2026-08-05T07:00:00.000Z
sensor.camera_g_temperatura,31.225662592575002,2026-08-05T08:00:00.000Z
sensor.camera_g_temperatura,31.22166618763889,2026-08-05T09:00:00.000Z
sensor.camera_g_temperatura,31.25071357985,2026-08-05T10:00:00.000Z
sensor.camera_g_temperatura,31.30630573424722,2026-08-05T11:00:00.000Z
sensor.camera_g_temperatura,31.366083185530556,2026-08-05T12:00:00.000Z
sensor.camera_g_temperatura,31.42226552281667,2026-08-05T13:00:00.000Z
sensor.camera_g_temperatura,31.496597342391667,2026-08-05T14:00:00.000Z
sensor.camera_g_temperatura,31.569799179533334,2026-08-05T15:00:00.000Z
sensor.camera_g_temperatura,31.61365318568056,2026-08-05T16:00:00.000Z
sensor.camera_g_temperatura,31.66710275611111,2026-08-05T17:00:00.000Z
sensor.camera_g_temperatura,31.67740207119167,2026-08-05T18:00:00.000Z
sensor.camera_g_temperatura,31.692610501774997,2026-08-05T19:00:00.000Z
sensor.camera_g_temperatura,31.706647252508333,2026-08-05T20:00:00.000Z
sensor.camera_g_temperatura,31.698288317950002,2026-08-05T21:00:00.000Z
sensor.camera_g_temperatura,31.673874315794446,2026-08-05T22:00:00.000Z
sensor.camera_g_temperatura,31.663434378244446,2026-08-05T23:00:00.000Z
sensor.camera_g_temperatura,31.621296350125004,2026-08-06T00:00:00.000Z
sensor.camera_g_temperatura,31.598508867872223,2026-08-06T01:00:00.000Z
sensor.camera_g_temperatura,31.584064172416664,2026-08-06T02:00:00.000Z
sensor.camera_g_temperatura,31.53940915676111,2026-08-06T03:00:00.000Z
sensor.camera_g_temperatura,31.520632389461113,2026-08-06T04:00:00.000Z
sensor.camera_g_temperatura,31.46704593845,2026-08-06T05:00:00.000Z
sensor.camera_g_temperatura,31.42907648585,2026-08-06T06:00:00.000Z
sensor.camera_g_temperatura,31.419187510005557,2026-08-06T07:00:00.000Z
sensor.camera_g_temperatura,31.42528149777222,2026-08-06T08:00:00.000Z
sensor.camera_g_temperatura,31.44921607745278,2026-08-06T09:00:00.000Z
sensor.camera_g_temperatura,31.469415808233336,2026-08-06T10:00:00.000Z
sensor.camera_g_temperatura,31.519536097925,2026-08-06T11:00:00.000Z
sensor.camera_g_temperatura,31.57804952831667,2026-08-06T12:00:00.000Z
sensor.camera_g_temperatura,31.657064167775,2026-08-06T13:00:00.000Z
sensor.camera_g_temperatura,31.708201629469443,2026-08-06T14:00:00.000Z
sensor.camera_g_temperatura,31.788769681711113,2026-08-06T15:00:00.000Z
sensor.camera_g_temperatura,31.82842065303611,2026-08-06T16:00:00.000Z
sensor.camera_g_temperatura,31.879993879325,2026-08-06T17:00:00.000Z
sensor.camera_g_temperatura,31.89581938316111,2026-08-06T18:00:00.000Z
sensor.camera_g_temperatura,31.923113350583332,2026-08-06T19:00:00.000Z
sensor.camera_g_temperatura,31.92250868196111,2026-08-06T20:00:00.000Z
sensor.camera_g_temperatura,31.93570594511111,2026-08-06T21:00:00.000Z
sensor.camera_g_temperatura,31.928168840483334,2026-08-06T22:00:00.000Z
sensor.camera_g_temperatura,31.89775541384722,2026-08-06T23:00:00.000Z
sensor.camera_g_temperatura,31.89449124936111,2026-08-07T00:00:00.000Z
sensor.camera_g_temperatura,31.88,2026-08-07T01:00:00.000Z
sensor.camera_g_temperatura,31.848523920577776,2026-08-07T02:00:00.000Z
sensor.camera_g_temperatura,31.826155392172222,2026-08-07T03:00:00.000Z
sensor.camera_g_temperatura,31.806297963075,2026-08-07T04:00:00.000Z
sensor.camera_g_temperatura,31.781776716213887,2026-08-07T05:00:00.000Z
sensor.camera_g_temperatura,31.761556823975,2026-08-07T06:00:00.000Z
sensor.camera_g_temperatura,31.732475302530556,2026-08-07T07:00:00.000Z
sensor.camera_g_temperatura,31.729367905138886,2026-08-07T08:00:00.000Z
sensor.camera_g_temperatura,31.74478302998611,2026-08-07T09:00:00.000Z
sensor.camera_g_temperatura,31.750697162086112,2026-08-07T10:00:00.000Z
sensor.camera_g_temperatura,31.78133423411389,2026-08-07T11:00:00.000Z
sensor.camera_g_temperatura,31.846455844377775,2026-08-07T12:00:00.000Z
sensor.camera_g_temperatura,31.892788884702778,2026-08-07T13:00:00.000Z
sensor.camera_g_temperatura,31.95685585955833,2026-08-07T14:00:00.000Z
sensor.camera_g_temperatura,32.00669987211111,2026-08-07T15:00:00.000Z
sensor.camera_g_temperatura,32.011709789633336,2026-08-07T16:00:00.000Z
sensor.camera_g_temperatura,31.99749125746389,2026-08-07T17:00:00.000Z
sensor.camera_g_temperatura,32.01972268907778,2026-08-07T18:00:00.000Z
sensor.camera_g_temperatura,32.01189931918889,2026-08-07T19:00:00.000Z
sensor.camera_g_temperatura,31.992600500088887,2026-08-07T20:00:00.000Z
sensor.camera_g_temperatura,31.980033686724997,2026-08-07T21:00:00.000Z
sensor.camera_g_temperatura,31.952100410430557,2026-08-07T22:00:00.000Z
sensor.camera_g_temperatura,31.929541047191666,2026-08-07T23:00:00.000Z
sensor.camera_g_temperatura,31.90869327100833,2026-08-08T00:00:00.000Z
sensor.camera_g_temperatura,31.874626771519445,2026-08-08T01:00:00.000Z
sensor.camera_g_temperatura,31.849411672105557,2026-08-08T02:00:00.000Z
sensor.camera_g_temperatura,31.80955603489444,2026-08-08T03:00:00.000Z
sensor.camera_g_temperatura,31.76915356073889,2026-08-08T04:00:00.000Z
sensor.camera_g_temperatura,31.732693491708332,2026-08-08T05:00:00.000Z
sensor.camera_g_temperatura,31.695652877227776,2026-08-08T06:00:00.000Z
sensor.camera_g_temperatura,31.667288180572225,2026-08-08T07:00:00.000Z
sensor.camera_g_temperatura,31.676437456097222,2026-08-08T08:00:00.000Z
sensor.camera_g_temperatura,31.677959812933334,2026-08-08T09:00:00.000Z
sensor.camera_g_temperatura,31.703484372794446,2026-08-08T10:00:00.000Z
sensor.camera_g_temperatura,31.737632432208333,2026-08-08T11:00:00.000Z
sensor.camera_g_temperatura,31.78731514508333,2026-08-08T12:00:00.000Z
sensor.camera_g_temperatura,31.832194031347225,2026-08-08T13:00:00.000Z
sensor.camera_g_temperatura,31.900095001936112,2026-08-08T14:00:00.000Z
sensor.camera_g_temperatura,31.96396088816111,2026-08-08T15:00:00.000Z
sensor.camera_g_temperatura,32.01317051398333,2026-08-08T16:00:00.000Z
sensor.camera_g_temperatura,32.03829001765,2026-08-08T17:00:00.000Z
sensor.camera_g_temperatura,32.04388224487222,2026-08-08T18:00:00.000Z
sensor.camera_g_temperatura,32.051915536105554,2026-08-08T19:00:00.000Z
sensor.camera_g_temperatura,32.055019180574995,2026-08-08T20:00:00.000Z
sensor.camera_g_temperatura,32.035777301488885,2026-08-08T21:00:00.000Z
sensor.camera_g_temperatura,32.00087895499167,2026-08-08T22:00:00.000Z
sensor.camera_g_temperatura,31.98144611891111,2026-08-08T23:00:00.000Z
sensor.camera_g_temperatura,31.95802746304167,2026-08-09T00:00:00.000Z
sensor.camera_g_temperatura,31.915805718875003,2026-08-09T01:00:00.000Z
sensor.camera_g_temperatura,31.881790974966666,2026-08-09T02:00:00.000Z
sensor.camera_g_temperatura,31.857489305972223,2026-08-09T03:00:00.000Z
sensor.camera_g_temperatura,31.820591416588886,2026-08-09T04:00:00.000Z
sensor.camera_g_temperatura,31.77977728572778,2026-08-09T05:00:00.000Z
sensor.camera_g_temperatura,31.740435365841666,2026-08-09T06:00:00.000Z
sensor.camera_g_temperatura,31.708266711683333,2026-08-09T07:00:00.000Z
sensor.camera_g_temperatura,31.715834070902776,2026-08-09T08:00:00.000Z
sensor.camera_g_temperatura,31.718206821733332,2026-08-09T09:00:00.000Z
sensor.camera_g_temperatura,31.750870312891664,2026-08-09T10:00:00.000Z
sensor.camera_g_temperatura,31.772807960555554,2026-08-09T11:00:00.000Z
sensor.camera_g_temperatura,31.833171206977777,2026-08-09T12:00:00.000Z
sensor.camera_g_temperatura,31.887612544611112,2026-08-09T13:00:00.000Z
sensor.camera_g_temperatura,31.95124479974167,2026-08-09T14:00:00.000Z
sensor.camera_g_temperatura,32.00403214378889,2026-08-09T15:00:00.000Z
sensor.camera_g_temperatura,32.05182137108333,2026-08-09T16:00:00.000Z
sensor.camera_g_temperatura,32.087654221686115,2026-08-09T17:00:00.000Z
sensor.camera_g_temperatura,32.098379700730554,2026-08-09T18:00:00.000Z
sensor.camera_g_temperatura,32.10368105931389,2026-08-09T19:00:00.000Z
sensor.camera_g_temperatura,32.099609542416665,2026-08-09T20:00:00.000Z
sensor.camera_g_temperatura,32.08762156989722,2026-08-09T21:00:00.000Z
sensor.camera_g_temperatura,32.06237492200555,2026-08-09T22:00:00.000Z
sensor.camera_g_temperatura,32.03250146431111,2026-08-09T23:00:00.000Z
sensor.camera_g_temperatura,31.9912948961,2026-08-10T00:00:00.000Z
sensor.camera_g_temperatura,31.96127180686111,2026-08-10T01:00:00.000Z
sensor.camera_g_temperatura,31.90479896169722,2026-08-10T02:00:00.000Z
sensor.camera_g_temperatura,31.854983734966666,2026-08-10T03:00:00.000Z
sensor.camera_g_temperatura,31.807234232513892,2026-08-10T04:00:00.000Z
sensor.camera_g_temperatura,31.779147169869447,2026-08-10T05:00:00.000Z
sensor.camera_g_temperatura,31.735811010941664,2026-08-10T06:00:00.000Z
sensor.camera_g_temperatura,31.70774879716667,2026-08-10T07:00:00.000Z
sensor.camera_g_temperatura,31.69669454156111,2026-08-10T08:00:00.000Z
sensor.camera_g_temperatura,31.713807081055553,2026-08-10T09:00:00.000Z
sensor.camera_g_temperatura,31.75818591962222,2026-08-10T10:00:00.000Z
sensor.camera_g_temperatura,31.800982549030554,2026-08-10T11:00:00.000Z
sensor.camera_g_temperatura,31.859538922016668,2026-08-10T12:00:00.000Z
sensor.camera_g_temperatura,31.92023285885833,2026-08-10T13:00:00.000Z
sensor.camera_g_temperatura,31.967499874408333,2026-08-10T14:00:00.000Z
sensor.camera_g_temperatura,32.01638377006667,2026-08-10T15:00:00.000Z
sensor.camera_g_temperatura,32.068353246025,2026-08-10T16:00:00.000Z
sensor.camera_g_temperatura,32.09689082119167,2026-08-10T17:00:00.000Z
sensor.camera_g_temperatura,32.12334454688055,2026-08-10T18:00:00.000Z
sensor.camera_g_temperatura,32.12613026175,2026-08-10T19:00:00.000Z
sensor.camera_g_temperatura,32.124747202063894,2026-08-10T20:00:00.000Z
sensor.camera_g_temperatura,32.10605444703055,2026-08-10T21:00:00.000Z
sensor.camera_g_temperatura,32.08453219446667,2026-08-10T22:00:00.000Z
sensor.camera_g_temperatura,32.0613780288,2026-08-10T23:00:00.000Z
sensor.camera_g_temperatura,32.03903601774722,2026-08-11T00:00:00.000Z
sensor.camera_g_temperatura,32.005834995722225,2026-08-11T01:00:00.000Z
sensor.camera_g_temperatura,31.9750092668,2026-08-11T02:00:00.000Z
sensor.camera_g_temperatura,31.919309423191667,2026-08-11T03:00:00.000Z
sensor.camera_g_temperatura,31.87282204249722,2026-08-11T04:00:00.000Z
sensor.camera_g_temperatura,31.846169329941663,2026-08-11T05:00:00.000Z
sensor.camera_g_temperatura,31.78230079913889,2026-08-11T06:00:00.000Z
sensor.camera_g_temperatura,31.77,2026-08-11T07:00:00.000Z
sensor.camera_g_temperatura,31.766422836352778,2026-08-11T08:00:00.000Z
sensor.camera_g_temperatura,31.787539250519444,2026-08-11T09:00:00.000Z
sensor.camera_g_temperatura,31.82295213829167,2026-08-11T10:00:00.000Z
sensor.camera_g_temperatura,31.866503145444444,2026-08-11T11:00:00.000Z
sensor.camera_g_temperatura,31.916502529686113,2026-08-11T12:00:00.000Z
sensor.camera_g_temperatura,31.99075446400555,2026-08-11T13:00:00.000Z
sensor.camera_g_temperatura,32.063599004594444,2026-08-11T14:00:00.000Z
sensor.camera_g_temperatura,32.11198533592222,2026-08-11T15:00:00.000Z
sensor.camera_g_temperatura,32.16395830578889,2026-08-11T16:00:00.000Z
sensor.camera_g_temperatura,32.21689876257778,2026-08-11T17:00:00.000Z
sensor.camera_g_temperatura,32.23230993225555,2026-08-11T18:00:00.000Z
sensor.camera_g_temperatura,32.23438190674167,2026-08-11T19:00:00.000Z
sensor.camera_g_temperatura,32.22738022455555,2026-08-11T20:00:00.000Z
sensor.camera_g_temperatura,32.21331109103333,2026-08-11T21:00:00.000Z
sensor.camera_g_temperatura,32.21736614001111,2026-08-11T22:00:00.000Z
sensor.camera_g_temperatura,32.19086624465556,2026-08-11T23:00:00.000Z
sensor.camera_g_temperatura,32.169046941980554,2026-08-12T00:00:00.000Z
sensor.camera_g_temperatura,32.146262742958335,2026-08-12T01:00:00.000Z
sensor.camera_g_temperatura,32.10643007211112,2026-08-12T02:00:00.000Z
sensor.camera_g_temperatura,32.06096439816667,2026-08-12T03:00:00.000Z
sensor.camera_g_temperatura,32.01832918461111,2026-08-12T04:00:00.000Z
sensor.camera_g_temperatura,32.002844487213885,2026-08-12T05:00:00.000Z
sensor.camera_g_temperatura,31.956360355372222,2026-08-12T06:00:00.000Z
sensor.camera_g_temperatura,31.942470345266667,2026-08-12T07:00:00.000Z
sensor.camera_g_temperatura,31.95464214337778,2026-08-12T08:00:00.000Z
sensor.camera_g_temperatura,31.967117230952777,2026-08-12T09:00:00.000Z
sensor.camera_g_temperatura,31.997909067349998,2026-08-12T10:00:00.000Z
sensor.camera_g_temperatura,32.037167358775,2026-08-12T11:00:00.000Z
sensor.camera_g_temperatura,32.083540200186114,2026-08-12T12:00:00.000Z
sensor.camera_g_temperatura,32.14219134636389,2026-08-12T13:00:00.000Z
sensor.camera_g_temperatura,32.22482248433611,2026-08-12T14:00:00.000Z
sensor.camera_g_temperatura,32.28556696988611,2026-08-12T15:00:00.000Z
sensor.camera_g_temperatura,32.31833894805,2026-08-12T16:00:00.000Z
sensor.camera_g_temperatura,32.36585514948889,2026-08-12T17:00:00.000Z
sensor.camera_g_temperatura,32.37761476643333,2026-08-12T18:00:00.000Z
sensor.camera_g_temperatura,32.38342371366389,2026-08-12T19:00:00.000Z
sensor.camera_g_temperatura,32.393305694788886,2026-08-12T20:00:00.000Z
sensor.camera_g_temperatura,32.377597966366665,2026-08-12T21:00:00.000Z
sensor.camera_g_temperatura,32.35220930181111,2026-08-12T22:00:00.000Z
sensor.camera_g_temperatura,32.31447250841945,2026-08-12T23:00:00.000Z
sensor.camera_g_temperatura,32.27882915393889,2026-08-13T00:00:00.000Z
sensor.camera_g_temperatura,32.26066520691666,2026-08-13T01:00:00.000Z
sensor.camera_g_temperatura,32.23083646297778,2026-08-13T02:00:00.000Z
sensor.camera_g_temperatura,32.18678359028611,2026-08-13T03:00:00.000Z
sensor.camera_g_temperatura,32.16159309554167,2026-08-13T04:00:00.000Z
sensor.camera_g_temperatura,32.1311827389,2026-08-13T05:00:00.000Z
sensor.camera_g_temperatura,32.08526006622778,2026-08-13T06:00:00.000Z
sensor.camera_g_temperatura,32.065038235572224,2026-08-13T07:00:00.000Z
sensor.camera_g_temperatura,32.08689559180278,2026-08-13T08:00:00.000Z
sensor.camera_g_temperatura,32.095858898361115,2026-08-13T09:00:00.000Z
sensor.camera_g_temperatura,32.09859784036667,2026-08-13T10:00:00.000Z
sensor.camera_g_temperatura,32.12816274838611,2026-08-13T11:00:00.000Z
sensor.camera_g_temperatura,32.15720968475556,2026-08-13T12:00:00.000Z
sensor.camera_g_temperatura,32.25731445099722,2026-08-13T13:00:00.000Z
sensor.camera_g_temperatura,32.29713719749444,2026-08-13T14:00:00.000Z
sensor.camera_g_temperatura,32.35761289639445,2026-08-13T15:00:00.000Z
sensor.camera_g_temperatura,32.419968056416664,2026-08-13T16:00:00.000Z
sensor.camera_g_temperatura,32.44745861291945,2026-08-13T17:00:00.000Z
sensor.camera_g_temperatura,32.47139809497778,2026-08-13T18:00:00.000Z
sensor.camera_g_temperatura,32.47414404427777,2026-08-13T19:00:00.000Z
sensor.camera_g_temperatura,32.471835502019445,2026-08-13T20:00:00.000Z
sensor.camera_g_temperatura,32.45423610858334,2026-08-13T21:00:00.000Z
sensor.camera_g_temperatura,32.44339434347223,2026-08-13T22:00:00.000Z
sensor.camera_g_temperatura,32.41893314558611,2026-08-13T23:00:00.000Z
sensor.camera_g_temperatura,32.402838586222224,2026-08-14T00:00:00.000Z
sensor.camera_g_temperatura,32.36812586146389,2026-08-14T01:00:00.000Z
sensor.camera_g_temperatura,32.320862036925,2026-08-14T02:00:00.000Z
sensor.camera_g_temperatura,32.29059385094167,2026-08-14T03:00:00.000Z
sensor.camera_g_temperatura,32.26324081148611,2026-08-14T04:00:00.000Z
sensor.camera_g_temperatura,32.228905729352775,2026-08-14T05:00:00.000Z
sensor.camera_g_temperatura,31.835900326263886,2026-08-14T06:00:00.000Z
sensor.camera_g_temperatura,31.71425806287222,2026-08-14T07:00:00.000Z
sensor.camera_g_temperatura,31.44575997943889,2026-08-14T08:00:00.000Z
sensor.camera_g_temperatura,31.418174745713888,2026-08-14T09:00:00.000Z
sensor.camera_g_temperatura,31.60000062114722,2026-08-14T10:00:00.000Z
sensor.camera_g_temperatura,31.749328279883333,2026-08-14T11:00:00.000Z
sensor.camera_g_temperatura,31.839008641572224,2026-08-14T12:00:00.000Z
sensor.camera_g_temperatura,31.92364727361389,2026-08-14T13:00:00.000Z
sensor.camera_g_temperatura,32.05148772895,2026-08-14T14:00:00.000Z
sensor.camera_g_temperatura,32.079290545283335,2026-08-14T15:00:00.000Z
sensor.camera_g_temperatura,32.061854629461116,2026-08-14T16:00:00.000Z
sensor.camera_g_temperatura,32.080281550461116,2026-08-14T17:00:00.000Z
sensor.camera_g_temperatura,32.138674117761106,2026-08-14T18:00:00.000Z
sensor.camera_g_temperatura,32.171966943166666,2026-08-14T19:00:00.000Z
sensor.camera_g_temperatura,32.16966964316944,2026-08-14T20:00:00.000Z
sensor.camera_g_temperatura,32.15661023742778,2026-08-14T21:00:00.000Z
sensor.camera_g_temperatura,31.929045629227776,2026-08-14T22:00:00.000Z
sensor.camera_g_temperatura,32.03149128165,2026-08-14T23:00:00.000Z
sensor.camera_g_temperatura,32.05848345022222,2026-08-15T00:00:00.000Z
sensor.camera_g_temperatura,32.04165383221667,2026-08-15T01:00:00.000Z
sensor.camera_g_temperatura,31.99685932261389,2026-08-15T02:00:00.000Z
sensor.camera_g_temperatura,31.502237296866667,2026-08-15T03:00:00.000Z
sensor.camera_g_temperatura,31.148847503,2026-08-15T04:00:00.000Z
sensor.camera_g_temperatura,30.84457244660278,2026-08-15T05:00:00.000Z
sensor.camera_g_temperatura,30.80458333366111,2026-08-15T06:00:00.000Z
sensor.camera_g_temperatura,30.79178827570833,2026-08-15T07:00:00.000Z
sensor.camera_g_temperatura,30.868536565211112,2026-08-15T08:00:00.000Z
sensor.camera_g_temperatura,30.943868309425,2026-08-15T09:00:00.000Z
sensor.camera_g_temperatura,31.058030216355558,2026-08-15T10:00:00.000Z
sensor.camera_g_temperatura,31.08839663341389,2026-08-15T11:00:00.000Z
sensor.camera_g_temperatura,31.20688329067778,2026-08-15T12:00:00.000Z
sensor.camera_g_temperatura,31.33955642382222,2026-08-15T13:00:00.000Z
sensor.camera_g_temperatura,31.459362593294443,2026-08-15T14:00:00.000Z
sensor.camera_g_temperatura,31.533262768377778,2026-08-15T15:00:00.000Z
sensor.camera_g_temperatura,31.582178373725,2026-08-15T16:00:00.000Z
sensor.camera_g_temperatura,31.626541974236115,2026-08-15T17:00:00.000Z
sensor.camera_g_temperatura,31.648973286413888,2026-08-15T18:00:00.000Z
sensor.camera_g_temperatura,31.69,2026-08-15T19:00:00.000Z
sensor.camera_g_temperatura,31.70581824805278,2026-08-15T20:00:00.000Z
sensor.camera_g_temperatura,31.712518979313888,2026-08-15T21:00:00.000Z
sensor.camera_g_temperatura,31.696534109886112,2026-08-15T22:00:00.000Z
sensor.camera_g_temperatura,31.679739100600003,2026-08-15T23:00:00.000Z
sensor.camera_g_temperatura,31.653431204994444,2026-08-16T00:00:00.000Z
sensor.camera_g_temperatura,31.6243823994,2026-08-16T01:00:00.000Z
sensor.camera_g_temperatura,31.59266800915,2026-08-16T02:00:00.000Z
sensor.camera_g_temperatura,31.54,2026-08-16T02:24:11.723Z
sensor.camera_g_temperatura,31.53,2026-08-16T02:44:16.719Z
sensor.camera_g_temperatura,31.5,2026-08-16T03:14:23.750Z
sensor.camera_g_temperatura,31.48,2026-08-16T03:29:26.936Z
sensor.camera_g_temperatura,31.47,2026-08-16T04:19:40.903Z
sensor.camera_g_temperatura,31.45,2026-08-16T04:39:44.882Z
sensor.camera_g_temperatura,31.44,2026-08-16T04:59:48.943Z
sensor.camera_g_temperatura,31.45,2026-08-16T05:19:53.873Z
sensor.camera_g_temperatura,31.41,2026-08-16T05:34:56.730Z
sensor.camera_g_temperatura,31.4,2026-08-16T06:15:06.733Z
sensor.camera_g_temperatura,31.38,2026-08-16T06:30:09.916Z
sensor.camera_g_temperatura,31.4,2026-08-16T07:05:16.765Z
sensor.camera_g_temperatura,31.37,2026-08-16T07:40:24.900Z
sensor.camera_g_temperatura,31.38,2026-08-16T08:00:28.876Z
sensor.camera_g_temperatura,31.4,2026-08-16T08:15:31.730Z
sensor.camera_g_temperatura,31.43,2026-08-16T08:35:37.746Z
sensor.camera_g_temperatura,31.41,2026-08-16T09:10:44.884Z
sensor.camera_g_temperatura,31.43,2026-08-16T09:45:51.773Z
sensor.camera_g_temperatura,31.47,2026-08-16T10:05:55.772Z
sensor.camera_g_temperatura,31.5,2026-08-16T10:20:58.895Z
sensor.camera_g_temperatura,31.51,2026-08-16T10:41:02.975Z
sensor.camera_g_temperatura,31.54,2026-08-16T11:01:08.886Z
sensor.camera_g_temperatura,31.53,2026-08-16T11:21:12.864Z
sensor.camera_g_temperatura,31.54,2026-08-16T11:36:15.738Z
sensor.camera_g_temperatura,31.6,2026-08-16T11:56:19.755Z
sensor.camera_g_temperatura,31.62,2026-08-16T12:11:22.866Z
sensor.camera_g_temperatura,31.67,2026-08-16T12:31:26.993Z
sensor.camera_g_temperatura,31.72,2026-08-16T13:26:38.759Z
sensor.camera_g_temperatura,31.74,2026-08-16T13:46:43.746Z
sensor.camera_g_temperatura,31.75,2026-08-16T14:06:47.741Z
sensor.camera_g_temperatura,31.78,2026-08-16T14:26:53.777Z
sensor.camera_g_temperatura,31.81,2026-08-16T14:41:56.870Z
sensor.camera_g_temperatura,31.83,2026-08-16T15:02:00.911Z
sensor.camera_g_temperatura,31.85,2026-08-16T15:37:08.758Z
sensor.camera_g_temperatura,31.86,2026-08-16T15:52:11.901Z
sensor.camera_g_temperatura,31.89,2026-08-16T16:32:19.914Z
sensor.camera_g_temperatura,31.9,2026-08-16T16:52:23.908Z
sensor.camera_g_temperatura,31.89,2026-08-16T17:12:28.893Z
sensor.camera_g_temperatura,31.92,2026-08-16T17:27:32.777Z
sensor.camera_g_temperatura,31.93,2026-08-16T17:47:37.725Z
sensor.camera_g_temperatura,31.95,2026-08-16T18:17:44.747Z
sensor.camera_g_temperatura,31.9,2026-08-16T18:47:50.759Z
sensor.camera_g_temperatura,31.93,2026-08-16T19:07:56.737Z
sensor.camera_g_temperatura,31.92,2026-08-16T19:43:05.918Z
sensor.camera_g_temperatura,31.88,2026-08-16T20:13:12.878Z
sensor.camera_g_temperatura,31.85,2026-08-16T20:33:16.883Z
sensor.camera_g_temperatura,31.82,2026-08-16T20:48:19.734Z
sensor.camera_g_temperatura,31.79,2026-08-16T21:08:23.754Z
sensor.camera_g_temperatura,31.75,2026-08-16T21:28:28.745Z
sensor.camera_g_temperatura,31.72,2026-08-16T21:43:32.900Z
sensor.camera_g_temperatura,31.69,2026-08-16T22:33:43.864Z
sensor.camera_g_temperatura,31.65,2026-08-16T22:53:48.136Z
sensor.camera_g_temperatura,31.67,2026-08-16T23:08:51.772Z
sensor.camera_g_temperatura,31.61,2026-08-16T23:28:55.720Z
sensor.camera_g_temperatura,31.58,2026-08-16T23:49:00.759Z
sensor.camera_g_temperatura,31.54,2026-08-17T00:04:04.886Z
sensor.camera_g_temperatura,31.51,2026-08-17T00:34:10.875Z
sensor.camera_g_temperatura,31.48,2026-08-17T00:54:15.862Z
sensor.camera_g_temperatura,31.47,2026-08-17T01:09:19.732Z
sensor.camera_g_temperatura,31.44,2026-08-17T01:29:24.734Z
sensor.camera_g_temperatura,31.43,2026-08-17T01:44:28.953Z
sensor.camera_g_temperatura,31.41,2026-08-17T02:04:33.861Z
sensor.camera_g_temperatura,31.36,2026-08-17T02:24:39.131Z
sensor.camera_g_temperatura,31.34,2026-08-17T02:39:42.746Z
sensor.camera_g_temperatura,31.33,2026-08-17T02:54:45.865Z
sensor.camera_g_temperatura,31.31,2026-08-17T03:14:50.954Z
sensor.camera_g_temperatura,31.28,2026-08-17T03:29:54.747Z
sensor.camera_g_temperatura,31.23,2026-08-17T03:44:58.903Z
sensor.camera_g_temperatura,31.19,2026-08-17T04:20:07.769Z
sensor.camera_g_temperatura,31.17,2026-08-17T04:55:15.930Z
sensor.camera_g_temperatura,31.15,2026-08-17T05:15:20.890Z
sensor.camera_g_temperatura,31.13,2026-08-17T05:30:23.740Z
sensor.camera_g_temperatura,31.12,2026-08-17T05:50:29.765Z
sensor.camera_g_temperatura,31.1,2026-08-17T06:05:32.909Z
sensor.camera_g_temperatura,31.08,2026-08-17T06:20:35.743Z
sensor.camera_g_temperatura,31.05,2026-08-17T06:40:40.747Z
sensor.camera_g_temperatura,31.08,2026-08-17T07:15:48.919Z
sensor.camera_g_temperatura,31.09,2026-08-17T07:30:52.758Z
sensor.camera_g_temperatura,31.1,2026-08-17T07:50:56.742Z
sensor.camera_g_temperatura,31.09,2026-08-17T08:11:00.754Z
sensor.camera_g_temperatura,31.08,2026-08-17T08:26:03.918Z
sensor.camera_g_temperatura,31.15,2026-08-17T08:46:08.905Z
sensor.camera_g_temperatura,31.1,2026-08-17T09:01:11.744Z
sensor.camera_g_temperatura,31.09,2026-08-17T09:21:15.700Z
sensor.camera_g_temperatura,31.12,2026-08-17T09:36:18.953Z
sensor.camera_g_temperatura,31.17,2026-08-17T09:56:23.885Z
sensor.camera_g_temperatura,31.19,2026-08-17T10:16:28.867Z
sensor.camera_g_temperatura,31.22,2026-08-17T10:36:32.872Z
sensor.camera_g_temperatura,31.24,2026-08-17T10:51:35.745Z
sensor.camera_g_temperatura,31.23,2026-08-17T11:11:39.732Z
sensor.camera_g_temperatura,31.26,2026-08-17T11:26:42.859Z
sensor.camera_g_temperatura,31.3,2026-08-17T11:46:46.871Z
sensor.camera_g_temperatura,31.31,2026-08-17T12:21:55.730Z
sensor.camera_g_temperatura,31.34,2026-08-17T12:42:04.739Z
sensor.camera_g_temperatura,31.36,2026-08-17T12:57:08.891Z
sensor.camera_g_temperatura,31.4,2026-08-17T13:12:11.719Z
sensor.camera_g_temperatura,31.45,2026-08-17T14:07:25.950Z
sensor.camera_g_temperatura,31.47,2026-08-17T14:42:33.761Z
sensor.camera_g_temperatura,31.5,2026-08-17T14:57:36.888Z
sensor.camera_g_temperatura,31.48,2026-08-17T15:17:40.959Z
sensor.camera_g_temperatura,31.5,2026-08-17T15:32:44.745Z
sensor.camera_g_temperatura,31.51,2026-08-17T15:52:49.739Z
sensor.camera_g_temperatura,31.48,2026-08-17T16:07:52.916Z
sensor.camera_g_temperatura,31.5,2026-08-17T16:22:55.721Z
sensor.camera_g_temperatura,31.51,2026-08-17T16:43:01.761Z
sensor.camera_g_temperatura,31.48,2026-08-17T16:58:05.911Z
sensor.camera_g_temperatura,31.47,2026-08-17T17:13:09.750Z
sensor.camera_g_temperatura,31.53,2026-08-17T17:33:14.726Z
sensor.camera_g_temperatura,31.48,2026-08-17T17:48:17.952Z
sensor.camera_g_temperatura,31.47,2026-08-17T18:23:27.758Z
sensor.camera_g_temperatura,31.5,2026-08-17T18:43:32.721Z
sensor.camera_g_temperatura,31.48,2026-08-17T18:58:36.910Z
sensor.camera_g_temperatura,31.47,2026-08-17T19:33:45.767Z
sensor.camera_g_temperatura,31.44,2026-08-17T20:08:53.925Z
sensor.camera_g_temperatura,31.43,2026-08-17T20:28:59.901Z
sensor.camera_g_temperatura,31.45,2026-08-17T20:44:03.752Z
sensor.camera_g_temperatura,31.44,2026-08-17T20:59:07.851Z
sensor.camera_g_temperatura,31.4,2026-08-17T21:19:12.948Z
sensor.camera_g_temperatura,31.38,2026-08-17T21:39:21.848Z
sensor.camera_g_temperatura,31.37,2026-08-17T21:59:26.853Z
sensor.camera_g_temperatura,31.36,2026-08-17T22:14:30.746Z
sensor.camera_g_temperatura,31.34,2026-08-17T23:09:43.949Z
sensor.camera_g_temperatura,31.36,2026-08-17T23:29:48.877Z
sensor.camera_g_temperatura,31.3,2026-08-17T23:49:52.978Z
sensor.camera_g_temperatura,31.33,2026-08-18T00:04:56.726Z
sensor.camera_g_temperatura,31.27,2026-08-18T00:25:00.771Z
sensor.camera_g_temperatura,31.26,2026-08-18T00:45:05.751Z
sensor.camera_g_temperatura,31.23,2026-08-18T01:00:09.875Z
sensor.camera_g_temperatura,31.22,2026-08-18T01:15:12.774Z
sensor.camera_g_temperatura,31.2,2026-08-18T01:35:16.729Z
sensor.camera_g_temperatura,31.16,2026-08-18T02:10:24.965Z
sensor.camera_g_temperatura,31.15,2026-08-18T02:30:34.865Z
sensor.camera_g_temperatura,31.13,2026-08-18T02:45:37.730Z
sensor.camera_g_temperatura,31.1,2026-08-18T03:05:42.753Z
sensor.camera_g_temperatura,31.08,2026-08-18T03:20:45.905Z
sensor.camera_g_temperatura,31.03,2026-08-18T03:40:49.988Z
sensor.camera_g_temperatura,30.99,2026-08-18T03:55:53.729Z
sensor.camera_g_temperatura,30.98,2026-08-18T04:15:57.730Z
sensor.camera_g_temperatura,30.95,2026-08-18T04:31:00.973Z
sensor.camera_g_temperatura,30.92,2026-08-18T04:46:05.735Z
sensor.camera_g_temperatura,30.88,2026-08-18T05:06:09.769Z
sensor.camera_g_temperatura,30.86,2026-08-18T05:21:12.887Z
sensor.camera_g_temperatura,30.84,2026-08-18T05:41:16.932Z
sensor.camera_g_temperatura,30.82,2026-08-18T05:56:20.807Z
sensor.camera_g_temperatura,30.81,2026-08-18T06:16:27.762Z
sensor.camera_g_temperatura,30.79,2026-08-18T06:36:33.785Z
sensor.camera_g_temperatura,30.81,2026-08-18T06:51:37.902Z
sensor.camera_g_temperatura,30.79,2026-08-18T07:11:42.897Z
sensor.camera_g_temperatura,30.81,2026-08-18T07:31:46.912Z
sensor.camera_g_temperatura,30.76,2026-08-18T08:06:54.767Z
sensor.camera_g_temperatura,30.78,2026-08-18T08:21:58.886Z
sensor.camera_g_temperatura,30.81,2026-08-18T09:02:09.963Z
sensor.camera_g_temperatura,30.86,2026-08-18T09:37:19.790Z
sensor.camera_g_temperatura,30.88,2026-08-18T09:52:24.925Z
sensor.camera_g_temperatura,30.89,2026-08-18T10:07:29.754Z
sensor.camera_g_temperatura,30.92,2026-08-18T10:42:38.055Z
sensor.camera_g_temperatura,30.96,2026-08-18T11:02:42.910Z
sensor.camera_g_temperatura,30.98,2026-08-18T11:22:50.904Z
sensor.camera_g_temperatura,30.99,2026-08-18T11:37:54.762Z
sensor.camera_g_temperatura,31.02,2026-08-18T11:57:59.768Z
sensor.camera_g_temperatura,31.05,2026-08-18T12:13:03.952Z
sensor.camera_g_temperatura,31.08,2026-08-18T12:33:08.921Z
sensor.camera_g_temperatura,31.09,2026-08-18T12:48:12.718Z
sensor.camera_g_temperatura,31.12,2026-08-18T13:03:15.988Z
sensor.camera_g_temperatura,31.1,2026-08-18T13:23:21.918Z
sensor.camera_g_temperatura,31.15,2026-08-18T13:38:25.759Z
sensor.camera_g_temperatura,31.16,2026-08-18T13:58:31.811Z
sensor.camera_g_temperatura,31.19,2026-08-18T14:13:44.057Z
sensor.camera_g_temperatura,31.2,2026-08-18T14:33:49.016Z
sensor.camera_g_temperatura,31.19,2026-08-18T14:48:52.756Z
sensor.camera_g_temperatura,31.23,2026-08-18T15:08:58.744Z
sensor.camera_g_temperatura,31.24,2026-08-18T15:44:07.918Z
sensor.camera_g_temperatura,31.23,2026-08-18T15:59:10.763Z
sensor.camera_g_temperatura,31.24,2026-08-18T16:19:14.754Z
sensor.camera_g_temperatura,31.26,2026-08-18T16:34:17.990Z
sensor.camera_g_temperatura,31.24,2026-08-18T16:54:22.897Z
sensor.camera_g_temperatura,31.26,2026-08-18T17:14:27.933Z
sensor.camera_g_temperatura,31.27,2026-08-18T18:29:46.802Z
sensor.camera_g_temperatura,31.26,2026-08-18T18:49:51.762Z
sensor.camera_g_temperatura,31.27,2026-08-18T19:45:04.887Z
sensor.camera_g_temperatura,31.22,2026-08-18T20:00:07.783Z
sensor.camera_g_temperatura,31.23,2026-08-18T20:20:13.774Z
sensor.camera_g_temperatura,31.24,2026-08-18T20:35:17.890Z
sensor.camera_g_temperatura,31.22,2026-08-18T20:55:21.962Z
sensor.camera_g_temperatura,31.2,2026-08-18T21:15:27.949Z
sensor.camera_g_temperatura,31.17,2026-08-18T21:45:35.929Z
sensor.camera_g_temperatura,31.15,2026-08-18T22:35:48.936Z
sensor.camera_g_temperatura,31.13,2026-08-18T22:50:53.741Z
sensor.camera_g_temperatura,31.19,2026-08-18T23:10:57.733Z
sensor.camera_g_temperatura,31.13,2026-08-18T23:26:00.956Z
sensor.camera_g_temperatura,31.1,2026-08-18T23:41:05.788Z
sensor.camera_g_temperatura,31.12,2026-08-19T00:01:11.794Z
sensor.camera_g_temperatura,31.1,2026-08-19T00:21:16.768Z
sensor.camera_g_temperatura,31.09,2026-08-19T00:36:20.969Z
sensor.camera_g_temperatura,31.06,2026-08-19T00:56:26.937Z
sensor.camera_g_temperatura,31.03,2026-08-19T01:16:32.906Z
sensor.camera_g_temperatura,31.02,2026-08-19T01:36:41.033Z
sensor.camera_g_temperatura,30.98,2026-08-19T02:11:53.747Z
sensor.camera_g_temperatura,30.95,2026-08-19T02:47:03.016Z
sensor.camera_g_temperatura,30.93,2026-08-19T03:02:07.790Z
sensor.camera_g_temperatura,30.91,2026-08-19T03:22:12.783Z
sensor.camera_g_temperatura,30.92,2026-08-19T03:37:15.928Z
sensor.camera_g_temperatura,30.91,2026-08-19T03:57:21.972Z
sensor.camera_g_temperatura,30.88,2026-08-19T04:17:28.001Z
sensor.camera_g_temperatura,30.86,2026-08-19T04:37:33.913Z
sensor.camera_g_temperatura,30.84,2026-08-19T04:52:37.797Z
sensor.camera_g_temperatura,30.82,2026-08-19T05:22:44.760Z
sensor.camera_g_temperatura,30.79,2026-08-19T05:37:47.978Z
sensor.camera_g_temperatura,30.81,2026-08-19T06:07:55.915Z
sensor.camera_g_temperatura,30.78,2026-08-19T06:28:00.895Z
sensor.camera_g_temperatura,30.76,2026-08-19T06:43:04.792Z
sensor.camera_g_temperatura,30.75,2026-08-19T07:03:10.775Z
sensor.camera_g_temperatura,30.76,2026-08-19T07:18:15.033Z
sensor.camera_g_temperatura,30.74,2026-08-19T07:38:20.987Z
sensor.camera_g_temperatura,30.76,2026-08-19T07:58:26.901Z
sensor.camera_g_temperatura,30.78,2026-08-19T08:13:30.769Z
sensor.camera_g_temperatura,30.79,2026-08-19T08:28:33.933Z
sensor.camera_g_temperatura,30.81,2026-08-19T08:48:39.920Z
sensor.camera_g_temperatura,30.85,2026-08-19T09:28:47.909Z
sensor.camera_g_temperatura,30.89,2026-08-19T09:58:54.928Z
sensor.camera_g_temperatura,30.91,2026-08-19T10:19:00.955Z
sensor.camera_g_temperatura,30.96,2026-08-19T10:54:10.782Z
sensor.camera_g_temperatura,30.98,2026-08-19T11:14:16.766Z
sensor.camera_g_temperatura,31.0,2026-08-19T11:29:21.018Z
sensor.camera_g_temperatura,31.02,2026-08-19T11:44:24.799Z
sensor.camera_g_temperatura,31.05,2026-08-19T12:19:33.977Z
sensor.camera_g_temperatura,31.08,2026-08-19T12:34:38.833Z
sensor.camera_g_temperatura,31.12,2026-08-19T12:54:44.761Z
sensor.camera_g_temperatura,31.13,2026-08-19T13:09:48.999Z
sensor.camera_g_temperatura,31.16,2026-08-19T13:29:55.011Z
sensor.camera_g_temperatura,31.19,2026-08-19T13:44:59.844Z
sensor.camera_g_temperatura,31.2,2026-08-19T14:05:06.795Z
sensor.camera_g_temperatura,31.23,2026-08-19T14:20:10.967Z
sensor.camera_g_temperatura,31.26,2026-08-19T14:40:16.963Z
sensor.camera_g_temperatura,31.27,2026-08-19T15:00:21.983Z
sensor.camera_g_temperatura,31.31,2026-08-19T15:30:29.971Z
sensor.camera_g_temperatura,31.28,2026-08-19T15:50:35.007Z
sensor.camera_g_temperatura,31.31,2026-08-19T16:10:41.357Z
sensor.camera_g_temperatura,31.34,2026-08-19T16:25:45.790Z
sensor.camera_g_temperatura,31.33,2026-08-19T17:00:53.938Z
sensor.camera_g_temperatura,31.34,2026-08-19T17:15:58.763Z
sensor.camera_g_temperatura,31.36,2026-08-19T17:36:04.774Z
sensor.camera_g_temperatura,31.33,2026-08-19T18:16:16.808Z
sensor.camera_g_temperatura,31.37,2026-08-19T18:31:20.937Z
sensor.camera_g_temperatura,31.34,2026-08-19T18:51:26.912Z
sensor.camera_g_temperatura,31.37,2026-08-19T19:06:30.849Z
sensor.camera_g_temperatura,31.34,2026-08-19T19:41:38.974Z
sensor.camera_g_temperatura,31.36,2026-08-19T20:01:44.915Z
sensor.camera_g_temperatura,31.33,2026-08-19T20:41:54.982Z
sensor.camera_g_temperatura,31.34,2026-08-19T20:56:59.787Z
sensor.camera_g_temperatura,31.31,2026-08-19T21:12:03.940Z
sensor.camera_g_temperatura,31.3,2026-08-19T22:07:19.772Z
sensor.camera_g_temperatura,31.28,2026-08-19T22:27:29.808Z
sensor.camera_g_temperatura,31.3,2026-08-19T22:47:35.753Z
sensor.camera_g_temperatura,31.27,2026-08-19T23:02:39.996Z
sensor.camera_g_temperatura,31.26,2026-08-20T00:33:05.931Z
sensor.camera_g_temperatura,31.24,2026-08-20T00:53:11.926Z
sensor.camera_g_temperatura,31.22,2026-08-20T01:43:25.965Z
sensor.camera_g_temperatura,31.23,2026-08-20T02:18:33.773Z
sensor.camera_g_temperatura,31.2,2026-08-20T02:38:38.791Z
sensor.camera_g_temperatura,31.19,2026-08-20T03:38:52.740Z
sensor.camera_g_temperatura,31.2,2026-08-20T03:58:58.777Z
sensor.camera_g_temperatura,31.19,2026-08-20T04:14:03.045Z
sensor.camera_g_temperatura,31.15,2026-08-20T04:29:07.819Z
sensor.camera_g_temperatura,31.16,2026-08-20T04:44:11.941Z
sensor.camera_g_temperatura,31.15,2026-08-20T05:04:16.944Z
sensor.camera_g_temperatura,31.1,2026-08-20T05:19:20.819Z
sensor.camera_g_temperatura,31.08,2026-08-20T05:59:31.758Z
sensor.camera_g_temperatura,31.05,2026-08-20T06:14:35.968Z
sensor.camera_g_temperatura,31.08,2026-08-20T06:29:39.767Z
sensor.camera_g_temperatura,31.05,2026-08-20T06:49:44.772Z
sensor.camera_g_temperatura,31.06,2026-08-20T07:04:48.950Z
sensor.camera_g_temperatura,31.03,2026-08-20T07:45:00.930Z
sensor.camera_g_temperatura,31.08,2026-08-20T08:00:06.788Z
sensor.camera_g_temperatura,31.03,2026-08-20T08:20:11.768Z
sensor.camera_g_temperatura,31.06,2026-08-20T08:35:14.967Z
sensor.camera_g_temperatura,31.05,2026-08-20T08:50:19.751Z
sensor.camera_g_temperatura,31.08,2026-08-20T09:05:22.943Z
sensor.camera_g_temperatura,31.1,2026-08-20T09:25:28.917Z
sensor.camera_g_temperatura,31.08,2026-08-20T09:40:32.766Z
sensor.camera_g_temperatura,31.1,2026-08-20T10:20:46.765Z
sensor.camera_g_temperatura,31.09,2026-08-20T10:35:50.958Z
sensor.camera_g_temperatura,31.1,2026-08-20T10:55:55.917Z
sensor.camera_g_temperatura,31.13,2026-08-20T11:15:59.882Z
sensor.camera_g_temperatura,31.16,2026-08-20T11:36:03.917Z
sensor.camera_g_temperatura,31.17,2026-08-20T11:51:07.788Z
sensor.camera_g_temperatura,31.15,2026-08-20T12:11:13.761Z
sensor.camera_g_temperatura,31.17,2026-08-20T12:46:21.021Z
sensor.camera_g_temperatura,31.2,2026-08-20T13:06:25.909Z
sensor.camera_g_temperatura,31.22,2026-08-20T13:27:00.253Z
sensor.camera_g_temperatura,31.23,2026-08-20T14:02:10.768Z
sensor.camera_g_temperatura,31.24,2026-08-20T14:17:14.895Z
sensor.camera_g_temperatura,31.23,2026-08-20T14:47:21.948Z
sensor.camera_g_temperatura,31.26,2026-08-20T15:22:30.811Z
sensor.camera_g_temperatura,31.23,2026-08-20T15:57:39.909Z
sensor.camera_g_temperatura,31.19,2026-08-20T16:32:46.779Z
sensor.camera_g_temperatura,31.22,2026-08-20T16:47:49.964Z
sensor.camera_g_temperatura,31.19,2026-08-20T17:02:53.798Z
sensor.camera_g_temperatura,31.16,2026-08-20T17:22:59.797Z
sensor.camera_g_temperatura,31.15,2026-08-20T17:43:05.783Z
sensor.camera_g_temperatura,31.1,2026-08-20T18:03:11.773Z
sensor.camera_g_temperatura,31.12,2026-08-20T18:18:14.990Z
sensor.camera_g_temperatura,31.06,2026-08-20T18:33:18.807Z
sensor.camera_g_temperatura,31.02,2026-08-20T19:08:26.942Z
sensor.camera_g_temperatura,30.99,2026-08-20T19:28:33.000Z
sensor.camera_g_temperatura,30.92,2026-08-20T19:43:36.762Z
sensor.camera_g_temperatura,30.86,2026-08-20T20:18:45.922Z
sensor.camera_g_temperatura,30.84,2026-08-20T20:33:49.882Z
sensor.camera_g_temperatura,30.79,2026-08-20T21:09:00.010Z
sensor.camera_g_temperatura,30.76,2026-08-20T21:24:04.884Z
sensor.camera_g_temperatura,30.75,2026-08-20T21:44:10.916Z
sensor.camera_g_temperatura,30.72,2026-08-20T21:59:15.060Z
sensor.camera_g_temperatura,30.68,2026-08-20T22:19:21.122Z
sensor.camera_g_temperatura,30.67,2026-08-20T22:34:25.866Z
sensor.camera_g_temperatura,30.65,2026-08-20T22:49:30.069Z
sensor.camera_g_temperatura,30.61,2026-08-20T23:09:36.007Z
sensor.camera_g_temperatura,30.58,2026-08-20T23:24:40.881Z
sensor.camera_g_temperatura,30.57,2026-08-20T23:39:45.108Z
sensor.camera_g_temperatura,30.53,2026-08-20T23:59:51.042Z
sensor.camera_g_temperatura,30.51,2026-08-21T00:19:57.088Z
sensor.camera_g_temperatura,30.46,2026-08-21T00:50:08.117Z
sensor.camera_g_temperatura,30.41,2026-08-21T01:20:17.136Z
sensor.camera_g_temperatura,30.37,2026-08-21T01:55:27.898Z
sensor.camera_g_temperatura,30.33,2026-08-21T02:15:34.869Z
sensor.camera_g_temperatura,30.31,2026-08-21T02:35:40.865Z
sensor.camera_g_temperatura,30.3,2026-08-21T02:50:45.021Z
sensor.camera_g_temperatura,30.26,2026-08-21T03:10:52.033Z
sensor.camera_g_temperatura,30.23,2026-08-21T03:25:56.879Z
sensor.camera_g_temperatura,30.22,2026-08-21T03:41:01.032Z
sensor.camera_g_temperatura,30.19,2026-08-21T04:01:08.083Z
sensor.camera_g_temperatura,30.16,2026-08-21T04:16:12.871Z
sensor.camera_g_temperatura,30.15,2026-08-21T04:36:18.881Z
sensor.camera_g_temperatura,30.16,2026-08-21T04:51:23.083Z
sensor.camera_g_temperatura,30.12,2026-08-21T05:11:29.029Z
sensor.camera_g_temperatura,30.09,2026-08-21T05:26:33.905Z
sensor.camera_g_temperatura,30.08,2026-08-21T05:46:40.869Z
sensor.camera_g_temperatura,30.06,2026-08-21T06:21:52.021Z
sensor.camera_g_temperatura,30.01,2026-08-21T06:36:56.932Z
sensor.camera_g_temperatura,29.96,2026-08-21T07:12:09.011Z
sensor.camera_g_temperatura,29.94,2026-08-21T07:27:13.904Z
sensor.camera_g_temperatura,29.91,2026-08-21T07:47:19.904Z
sensor.camera_g_temperatura,29.89,2026-08-21T08:22:30.907Z
sensor.camera_g_temperatura,29.87,2026-08-21T08:42:34.924Z
sensor.camera_g_temperatura,29.85,2026-08-21T08:57:42.765Z
sensor.camera_g_temperatura,29.81,2026-08-21T09:32:52.923Z
sensor.camera_g_temperatura,29.79,2026-08-21T09:52:57.930Z
sensor.camera_g_temperatura,29.78,2026-08-21T10:08:01.802Z
sensor.camera_g_temperatura,29.74,2026-08-21T10:28:07.841Z
sensor.camera_g_temperatura,29.71,2026-08-21T11:18:20.827Z
sensor.camera_g_temperatura,29.7,2026-08-21T11:53:27.943Z
sensor.camera_g_temperatura,29.67,2026-08-21T12:08:32.762Z
sensor.camera_g_temperatura,29.68,2026-08-21T12:28:38.835Z
sensor.camera_g_temperatura,29.67,2026-08-21T12:58:45.788Z
sensor.camera_g_temperatura,29.7,2026-08-21T13:13:49.988Z
sensor.camera_g_temperatura,29.68,2026-08-21T13:33:55.953Z
sensor.camera_g_temperatura,29.67,2026-08-21T13:48:59.796Z
sensor.camera_g_temperatura,29.65,2026-08-21T14:09:05.800Z
sensor.camera_g_temperatura,29.68,2026-08-21T14:44:16.927Z
sensor.camera_g_temperatura,29.71,2026-08-21T15:04:22.913Z
sensor.camera_g_temperatura,29.75,2026-08-21T15:19:25.801Z
sensor.camera_g_temperatura,29.77,2026-08-21T15:39:30.779Z
sensor.camera_g_temperatura,29.79,2026-08-21T15:54:34.949Z
sensor.camera_g_temperatura,29.81,2026-08-21T16:14:40.905Z
sensor.camera_g_temperatura,29.84,2026-08-21T16:29:44.764Z
sensor.camera_g_temperatura,29.89,2026-08-21T17:09:55.787Z
sensor.camera_g_temperatura,29.87,2026-08-21T17:24:59.941Z
sensor.camera_g_temperatura,29.85,2026-08-21T18:15:13.987Z
sensor.camera_g_temperatura,29.84,2026-08-21T18:35:20.043Z
sensor.camera_g_temperatura,29.82,2026-08-21T19:10:30.799Z
sensor.camera_g_temperatura,29.78,2026-08-21T19:25:33.960Z
sensor.camera_g_temperatura,29.74,2026-08-21T19:45:39.916Z
sensor.camera_g_temperatura,29.7,2026-08-21T20:00:42.793Z
sensor.camera_g_temperatura,29.68,2026-08-21T20:15:46.977Z
sensor.camera_g_temperatura,29.64,2026-08-21T20:45:55.904Z
sensor.camera_g_temperatura,29.6,2026-08-21T21:06:00.918Z
sensor.camera_g_temperatura,29.57,2026-08-21T21:21:04.785Z
sensor.camera_g_temperatura,29.51,2026-08-21T21:56:13.927Z
sensor.camera_g_temperatura,29.49,2026-08-21T22:11:18.796Z
sensor.camera_g_temperatura,29.44,2026-08-21T22:31:24.764Z
sensor.camera_g_temperatura,29.42,2026-08-21T22:46:28.889Z
sensor.camera_g_temperatura,29.37,2026-08-21T23:21:35.808Z
sensor.camera_g_temperatura,29.36,2026-08-21T23:41:40.779Z
sensor.camera_g_temperatura,29.3,2026-08-21T23:56:44.962Z
sensor.camera_g_temperatura,29.26,2026-08-22T00:31:53.793Z
sensor.camera_g_temperatura,29.23,2026-08-22T00:46:57.966Z
sensor.camera_g_temperatura,29.22,2026-08-22T01:02:02.821Z
sensor.camera_g_temperatura,29.19,2026-08-22T01:22:07.767Z
sensor.camera_g_temperatura,29.13,2026-08-22T01:37:10.997Z
sensor.camera_g_temperatura,29.12,2026-08-22T01:57:15.969Z
sensor.camera_g_temperatura,29.09,2026-08-22T02:12:19.931Z
sensor.camera_g_temperatura,29.05,2026-08-22T02:32:24.742Z
sensor.camera_g_temperatura,29.06,2026-08-22T02:47:28.904Z
sensor.camera_g_temperatura,29.01,2026-08-22T03:07:33.899Z
sensor.camera_g_temperatura,29.05,2026-08-22T03:22:36.758Z
sensor.camera_g_temperatura,28.99,2026-08-22T03:37:39.971Z
sensor.camera_g_temperatura,28.98,2026-08-22T03:52:43.773Z
sensor.camera_g_temperatura,28.93,2026-08-22T04:07:47.918Z
sensor.camera_g_temperatura,28.92,2026-08-22T04:27:52.987Z
sensor.camera_g_temperatura,28.87,2026-08-22T04:47:58.921Z
sensor.camera_g_temperatura,28.85,2026-08-22T05:03:01.785Z
sensor.camera_g_temperatura,28.87,2026-08-22T05:18:05.918Z
sensor.camera_g_temperatura,28.82,2026-08-22T05:38:10.919Z
sensor.camera_g_temperatura,28.8,2026-08-22T05:53:14.802Z
sensor.camera_g_temperatura,28.78,2026-08-22T06:43:25.785Z
sensor.camera_g_temperatura,28.81,2026-08-22T07:03:30.821Z
sensor.camera_g_temperatura,28.77,2026-08-22T07:23:36.780Z
sensor.camera_g_temperatura,28.78,2026-08-22T07:43:42.803Z
sensor.camera_g_temperatura,28.81,2026-08-22T08:18:51.978Z
sensor.camera_g_temperatura,28.8,2026-08-22T08:33:56.783Z
sensor.camera_g_temperatura,28.82,2026-08-22T08:49:00.921Z
sensor.camera_g_temperatura,28.85,2026-08-22T09:04:04.818Z
sensor.camera_g_temperatura,28.88,2026-08-22T09:24:10.835Z
sensor.camera_g_temperatura,28.89,2026-08-22T09:39:14.932Z
sensor.camera_g_temperatura,28.92,2026-08-22T09:54:19.811Z
sensor.camera_g_temperatura,28.99,2026-08-22T10:09:22.933Z
sensor.camera_g_temperatura,29.03,2026-08-22T10:44:33.768Z
sensor.camera_g_temperatura,29.05,2026-08-22T10:59:37.000Z
sensor.camera_g_temperatura,29.06,2026-08-22T11:19:42.914Z
sensor.camera_g_temperatura,29.13,2026-08-22T11:34:46.794Z
sensor.camera_g_temperatura,29.16,2026-08-22T11:54:52.800Z
sensor.camera_g_temperatura,29.22,2026-08-22T12:14:58.800Z
sensor.camera_g_temperatura,29.23,2026-08-22T12:50:07.994Z
sensor.camera_g_temperatura,29.29,2026-08-22T13:05:12.760Z
sensor.camera_g_temperatura,29.32,2026-08-22T13:25:26.777Z
sensor.camera_g_temperatura,29.3,2026-08-22T13:45:31.769Z
sensor.camera_g_temperatura,29.33,2026-08-22T14:00:34.966Z
sensor.camera_g_temperatura,29.37,2026-08-22T14:20:40.897Z
sensor.camera_g_temperatura,29.4,2026-08-22T14:40:45.923Z
sensor.camera_g_temperatura,29.42,2026-08-22T14:55:48.782Z
sensor.camera_g_temperatura,29.44,2026-08-22T15:15:58.784Z
sensor.camera_g_temperatura,29.46,2026-08-22T16:01:09.942Z
sensor.camera_g_temperatura,29.47,2026-08-22T16:31:17.934Z
sensor.camera_g_temperatura,29.49,2026-08-22T16:46:22.794Z
sensor.camera_g_temperatura,29.5,2026-08-22T18:01:44.943Z
sensor.camera_g_temperatura,29.49,2026-08-22T18:21:49.939Z
sensor.camera_g_temperatura,29.5,2026-08-22T18:56:58.761Z
sensor.camera_g_temperatura,29.49,2026-08-22T20:07:15.785Z
sensor.camera_g_temperatura,29.46,2026-08-22T20:22:18.903Z
sensor.camera_g_temperatura,29.43,2026-08-22T20:57:27.758Z
sensor.camera_g_temperatura,29.44,2026-08-22T21:12:31.988Z
sensor.camera_g_temperatura,29.42,2026-08-22T21:27:36.785Z
sensor.camera_g_temperatura,29.4,2026-08-22T21:47:41.770Z
sensor.camera_g_temperatura,29.37,2026-08-22T22:22:55.012Z
sensor.camera_g_temperatura,29.36,2026-08-22T22:37:58.757Z
sensor.camera_g_temperatura,29.35,2026-08-22T22:53:02.936Z
sensor.camera_g_temperatura,29.32,2026-08-22T23:08:07.774Z
sensor.camera_g_temperatura,29.27,2026-08-22T23:28:12.768Z
sensor.camera_g_temperatura,29.23,2026-08-22T23:48:18.780Z
sensor.camera_g_temperatura,29.22,2026-08-23T00:03:21.911Z
sensor.camera_g_temperatura,29.16,2026-08-23T00:23:25.903Z
sensor.camera_g_temperatura,29.12,2026-08-23T00:38:28.777Z
sensor.camera_g_temperatura,29.1,2026-08-23T00:53:32.919Z
sensor.camera_g_temperatura,29.06,2026-08-23T01:13:37.940Z
sensor.camera_g_temperatura,29.05,2026-08-23T01:28:42.760Z
sensor.camera_g_temperatura,29.02,2026-08-23T01:48:48.778Z
sensor.camera_g_temperatura,29.01,2026-08-23T02:03:51.923Z
sensor.camera_g_temperatura,28.93,2026-08-23T02:39:00.820Z
sensor.camera_g_temperatura,28.91,2026-08-23T02:54:04.985Z
sensor.camera_g_temperatura,28.89,2026-08-23T03:29:14.768Z
sensor.camera_g_temperatura,28.87,2026-08-23T03:44:19.005Z
sensor.camera_g_temperatura,28.84,2026-08-23T04:04:28.889Z
sensor.camera_g_temperatura,28.78,2026-08-23T04:24:32.998Z
sensor.camera_g_temperatura,28.8,2026-08-23T04:39:37.776Z
sensor.camera_g_temperatura,28.78,2026-08-23T04:54:41.967Z
sensor.camera_g_temperatura,28.73,2026-08-23T05:14:47.929Z
sensor.camera_g_temperatura,28.74,2026-08-23T05:29:52.741Z
sensor.camera_g_temperatura,28.73,2026-08-23T05:44:57.027Z
sensor.camera_g_temperatura,28.78,2026-08-23T06:05:03.945Z
sensor.camera_g_temperatura,28.8,2026-08-23T06:20:07.745Z
sensor.camera_g_temperatura,28.81,2026-08-23T06:35:10.979Z
sensor.camera_g_temperatura,28.82,2026-08-23T06:55:16.967Z
sensor.camera_g_temperatura,28.81,2026-08-23T07:10:21.780Z
sensor.camera_g_temperatura,28.82,2026-08-23T07:25:25.900Z
sensor.camera_g_temperatura,28.85,2026-08-23T07:40:28.774Z
sensor.camera_g_temperatura,28.84,2026-08-23T08:00:34.804Z
sensor.camera_g_temperatura,28.88,2026-08-23T08:15:38.909Z
sensor.camera_g_temperatura,28.89,2026-08-23T08:35:44.009Z
sensor.camera_g_temperatura,28.91,2026-08-23T08:55:49.960Z
sensor.camera_g_temperatura,28.92,2026-08-23T09:36:02.032Z
sensor.camera_g_temperatura,28.93,2026-08-23T09:51:06.791Z
sensor.camera_g_temperatura,28.95,2026-08-23T10:06:10.920Z
sensor.camera_g_temperatura,28.96,2026-08-23T10:26:15.935Z
sensor.camera_g_temperatura,28.99,2026-08-23T10:46:20.968Z
sensor.camera_g_temperatura,29.01,2026-08-23T11:01:25.759Z
sensor.camera_g_temperatura,29.05,2026-08-23T11:21:29.791Z
sensor.camera_g_temperatura,29.09,2026-08-23T11:56:37.974Z
sensor.camera_g_temperatura,29.12,2026-08-23T12:16:42.925Z
sensor.camera_g_temperatura,29.15,2026-08-23T13:11:58.815Z
sensor.camera_g_temperatura,29.19,2026-08-23T13:32:04.842Z
sensor.camera_g_temperatura,29.22,2026-08-23T13:52:09.793Z
sensor.camera_g_temperatura,29.23,2026-08-23T14:07:12.931Z
sensor.camera_g_temperatura,29.25,2026-08-23T14:22:16.817Z
sensor.camera_g_temperatura,29.26,2026-08-23T14:57:32.287Z
sensor.camera_g_temperatura,29.29,2026-08-23T15:17:41.948Z
sensor.camera_g_temperatura,29.3,2026-08-23T15:37:47.922Z
sensor.camera_g_temperatura,29.32,2026-08-23T15:57:52.988Z
sensor.camera_g_temperatura,29.33,2026-08-23T16:33:03.839Z
sensor.camera_g_temperatura,29.35,2026-08-23T16:48:08.001Z
sensor.camera_g_temperatura,29.33,2026-08-23T17:08:13.913Z
sensor.camera_g_temperatura,29.35,2026-08-23T17:43:23.800Z
sensor.camera_g_temperatura,29.36,2026-08-23T18:23:33.799Z
sensor.camera_g_temperatura,29.35,2026-08-23T18:43:39.783Z
sensor.camera_g_temperatura,29.33,2026-08-23T18:58:43.008Z
sensor.camera_g_temperatura,29.32,2026-08-23T19:53:55.795Z
sensor.camera_g_temperatura,29.3,2026-08-23T20:08:58.926Z
sensor.camera_g_temperatura,29.27,2026-08-23T21:24:21.781Z
sensor.camera_g_temperatura,29.29,2026-08-23T21:39:25.957Z
sensor.camera_g_temperatura,29.27,2026-08-23T21:54:29.771Z
sensor.camera_g_temperatura,29.26,2026-08-23T22:14:34.813Z
sensor.camera_g_temperatura,29.27,2026-08-23T22:29:37.978Z
sensor.camera_g_temperatura,29.26,2026-08-23T23:19:51.977Z
sensor.camera_g_temperatura,29.25,2026-08-23T23:39:56.905Z
sensor.camera_g_temperatura,29.23,2026-08-23T23:54:59.779Z
sensor.camera_g_temperatura,29.25,2026-08-24T00:15:05.779Z
sensor.camera_g_temperatura,29.22,2026-08-24T00:35:10.860Z
sensor.camera_g_temperatura,29.19,2026-08-24T01:05:19.768Z
sensor.camera_g_temperatura,29.2,2026-08-24T01:40:27.906Z
sensor.camera_g_temperatura,29.18,2026-08-24T02:00:31.911Z
sensor.camera_g_temperatura,29.19,2026-08-24T02:15:35.786Z
sensor.camera_g_temperatura,29.15,2026-08-24T02:30:39.933Z
sensor.camera_g_temperatura,29.13,2026-08-24T02:45:43.824Z
sensor.camera_g_temperatura,29.12,2026-08-24T03:20:53.929Z
sensor.camera_g_temperatura,29.09,2026-08-24T03:35:58.791Z
sensor.camera_g_temperatura,29.08,2026-08-24T03:51:02.977Z
sensor.camera_g_temperatura,29.06,2026-08-24T04:51:19.917Z
sensor.camera_g_temperatura,29.02,2026-08-24T05:06:23.830Z
sensor.camera_g_temperatura,29.03,2026-08-24T05:41:33.950Z
sensor.camera_g_temperatura,28.98,2026-08-24T06:01:39.909Z
sensor.camera_g_temperatura,29.02,2026-08-24T06:16:43.827Z
sensor.camera_g_temperatura,28.98,2026-08-24T06:36:48.815Z
sensor.camera_g_temperatura,28.96,2026-08-24T06:51:52.969Z
sensor.camera_g_temperatura,28.98,2026-08-24T07:06:57.783Z
sensor.camera_g_temperatura,28.96,2026-08-24T07:27:03.816Z
sensor.camera_g_temperatura,28.99,2026-08-24T08:02:12.959Z
sensor.camera_g_temperatura,29.02,2026-08-24T09:12:31.943Z
sensor.camera_g_temperatura,29.05,2026-08-24T09:27:35.798Z
sensor.camera_g_temperatura,29.08,2026-08-24T10:02:56.925Z
sensor.camera_g_temperatura,29.09,2026-08-24T10:38:09.758Z
sensor.camera_g_temperatura,29.1,2026-08-24T10:53:14.031Z
sensor.camera_g_temperatura,29.13,2026-08-24T11:13:19.972Z
sensor.camera_g_temperatura,29.16,2026-08-24T11:33:25.986Z
sensor.camera_g_temperatura,29.19,2026-08-24T11:48:30.779Z
sensor.camera_g_temperatura,29.2,2026-08-24T12:03:34.958Z
sensor.camera_g_temperatura,29.26,2026-08-24T12:58:51.832Z
sensor.camera_g_temperatura,29.27,2026-08-24T13:18:57.776Z
sensor.camera_g_temperatura,29.29,2026-08-24T13:34:01.970Z
sensor.camera_g_temperatura,29.32,2026-08-24T13:54:07.993Z
sensor.camera_g_temperatura,29.33,2026-08-24T14:14:13.911Z
sensor.camera_g_temperatura,29.35,2026-08-24T14:29:17.809Z
sensor.camera_g_temperatura,29.39,2026-08-24T14:49:22.779Z
sensor.camera_g_temperatura,29.37,2026-08-24T15:04:26.908Z
sensor.camera_g_temperatura,29.39,2026-08-24T15:24:30.918Z
sensor.camera_g_temperatura,29.4,2026-08-24T15:59:38.773Z
sensor.camera_g_temperatura,29.42,2026-08-24T16:39:50.829Z
sensor.camera_g_temperatura,29.43,2026-08-24T16:59:56.781Z
sensor.camera_g_temperatura,29.42,2026-08-24T17:20:02.876Z
sensor.camera_g_temperatura,29.43,2026-08-24T17:55:12.980Z
sensor.camera_g_temperatura,29.42,2026-08-24T18:10:17.761Z
sensor.camera_g_temperatura,29.4,2026-08-24T18:30:23.824Z
sensor.camera_g_temperatura,29.42,2026-08-24T18:45:30.947Z
sensor.camera_g_temperatura,29.39,2026-08-24T19:40:53.814Z
sensor.camera_g_temperatura,29.4,2026-08-24T20:00:59.771Z
sensor.camera_g_temperatura,29.39,2026-08-24T20:16:04.028Z
sensor.camera_g_temperatura,29.4,2026-08-24T20:36:09.949Z
sensor.camera_g_temperatura,29.39,2026-08-24T20:56:15.976Z
sensor.camera_g_temperatura,29.4,2026-08-24T21:11:23.444Z
sensor.camera_g_temperatura,29.39,2026-08-24T21:31:30.001Z
sensor.camera_g_temperatura,29.36,2026-08-24T21:51:36.779Z
sensor.camera_g_temperatura,29.37,2026-08-24T22:11:42.846Z
sensor.camera_g_temperatura,29.36,2026-08-24T22:31:48.782Z
sensor.camera_g_temperatura,29.33,2026-08-25T00:12:17.777Z
sensor.camera_g_temperatura,29.35,2026-08-25T00:27:20.972Z
sensor.camera_g_temperatura,29.32,2026-08-25T00:47:27.003Z
sensor.camera_g_temperatura,29.3,2026-08-25T01:02:30.784Z
sensor.camera_g_temperatura,29.27,2026-08-25T01:37:39.943Z
sensor.camera_g_temperatura,29.25,2026-08-25T02:17:50.982Z
sensor.camera_g_temperatura,29.27,2026-08-25T02:32:54.781Z
sensor.camera_g_temperatura,29.25,2026-08-25T02:52:59.762Z
sensor.camera_g_temperatura,29.22,2026-08-25T03:28:08.920Z
sensor.camera_g_temperatura,29.19,2026-08-25T04:08:18.909Z
sensor.camera_g_temperatura,29.16,2026-08-25T04:23:21.769Z
sensor.camera_g_temperatura,29.15,2026-08-25T04:58:31.901Z
sensor.camera_g_temperatura,29.13,2026-08-25T05:33:40.797Z
sensor.camera_g_temperatura,29.09,2026-08-25T05:53:46.773Z
sensor.camera_g_temperatura,29.08,2026-08-25T06:08:51.003Z
sensor.camera_g_temperatura,29.06,2026-08-25T06:28:56.922Z
sensor.camera_g_temperatura,29.03,2026-08-25T06:43:59.793Z
sensor.camera_g_temperatura,29.05,2026-08-25T07:04:04.776Z
sensor.camera_g_temperatura,29.02,2026-08-25T07:19:07.958Z
sensor.camera_g_temperatura,29.01,2026-08-25T07:54:18.784Z
sensor.camera_g_temperatura,28.98,2026-08-25T08:14:23.796Z
sensor.camera_g_temperatura,28.96,2026-08-25T08:29:27.917Z
sensor.camera_g_temperatura,28.98,2026-08-25T08:49:32.949Z
sensor.camera_g_temperatura,28.96,2026-08-25T09:09:38.939Z
sensor.camera_g_temperatura,28.95,2026-08-25T09:24:43.782Z
sensor.camera_g_temperatura,28.98,2026-08-25T10:04:54.789Z
sensor.camera_g_temperatura,28.96,2026-08-25T10:19:57.973Z
sensor.camera_g_temperatura,28.98,2026-08-25T10:55:07.795Z
sensor.camera_g_temperatura,29.01,2026-08-25T11:15:13.809Z
sensor.camera_g_temperatura,29.03,2026-08-25T11:35:19.762Z
sensor.camera_g_temperatura,29.05,2026-08-25T11:55:25.798Z
sensor.camera_g_temperatura,29.08,2026-08-25T12:10:29.919Z
sensor.camera_g_temperatura,29.1,2026-08-25T12:25:33.789Z
sensor.camera_g_temperatura,29.15,2026-08-25T13:00:44.959Z
sensor.camera_g_temperatura,29.18,2026-08-25T13:35:55.783Z
sensor.camera_g_temperatura,29.19,2026-08-25T13:56:01.795Z
sensor.camera_g_temperatura,29.2,2026-08-25T14:11:05.923Z
sensor.camera_g_temperatura,29.23,2026-08-25T14:31:10.914Z
sensor.camera_g_temperatura,29.25,2026-08-25T14:46:14.786Z
sensor.camera_g_temperatura,29.26,2026-08-25T15:01:19.005Z
sensor.camera_g_temperatura,29.27,2026-08-25T15:21:24.976Z
sensor.camera_g_temperatura,29.26,2026-08-25T15:36:28.765Z
sensor.camera_g_temperatura,29.27,2026-08-25T15:56:32.799Z
sensor.camera_g_temperatura,29.26,2026-08-25T16:11:35.957Z
sensor.camera_g_temperatura,29.3,2026-08-25T16:31:40.913Z
sensor.camera_g_temperatura,29.27,2026-08-25T16:46:44.769Z
sensor.camera_g_temperatura,29.29,2026-08-25T17:21:54.937Z
sensor.camera_g_temperatura,29.26,2026-08-25T17:42:00.972Z
sensor.camera_g_temperatura,29.3,2026-08-25T17:57:05.829Z
sensor.camera_g_temperatura,29.27,2026-08-25T18:17:10.785Z
sensor.camera_g_temperatura,29.29,2026-08-25T18:37:15.797Z
sensor.camera_g_temperatura,29.27,2026-08-25T18:52:19.919Z
sensor.camera_g_temperatura,29.26,2026-08-25T19:07:23.782Z
sensor.camera_g_temperatura,29.27,2026-08-25T19:27:29.789Z
sensor.camera_g_temperatura,29.25,2026-08-25T19:47:35.789Z
sensor.camera_g_temperatura,29.26,2026-08-25T20:02:39.908Z
sensor.camera_g_temperatura,29.25,2026-08-25T20:22:44.942Z
sensor.camera_g_temperatura,29.27,2026-08-25T20:37:49.768Z
sensor.camera_g_temperatura,29.23,2026-08-25T20:57:55.778Z
sensor.camera_g_temperatura,29.22,2026-08-25T21:12:59.903Z
sensor.camera_g_temperatura,29.23,2026-08-25T21:48:07.740Z
sensor.camera_g_temperatura,29.22,2026-08-25T22:23:16.940Z
sensor.camera_g_temperatura,29.2,2026-08-25T22:38:20.756Z
sensor.camera_g_temperatura,29.19,2026-08-25T23:33:35.929Z
sensor.camera_g_temperatura,29.18,2026-08-25T23:48:40.774Z
sensor.camera_g_temperatura,29.16,2026-08-26T00:23:49.970Z
sensor.camera_g_temperatura,29.15,2026-08-26T00:53:56.908Z
sensor.camera_g_temperatura,29.12,2026-08-26T01:29:05.797Z
sensor.camera_g_temperatura,29.13,2026-08-26T01:44:09.930Z
sensor.camera_g_temperatura,29.1,2026-08-26T02:04:15.950Z
sensor.camera_g_temperatura,29.09,2026-08-26T02:24:21.997Z
sensor.camera_g_temperatura,29.05,2026-08-26T02:39:26.785Z
sensor.camera_g_temperatura,29.09,2026-08-26T02:59:32.976Z
sensor.camera_g_temperatura,29.06,2026-08-26T03:14:37.936Z
sensor.camera_g_temperatura,29.05,2026-08-26T03:29:42.768Z
sensor.camera_g_temperatura,29.02,2026-08-26T03:49:48.787Z
sensor.camera_g_temperatura,29.03,2026-08-26T04:04:52.018Z
sensor.camera_g_temperatura,29.05,2026-08-26T04:45:03.999Z
sensor.camera_g_temperatura,29.02,2026-08-26T05:00:08.790Z
sensor.camera_g_temperatura,28.96,2026-08-26T05:20:14.782Z
sensor.camera_g_temperatura,28.92,2026-08-26T05:40:20.806Z
sensor.camera_g_temperatura,28.87,2026-08-26T06:15:30.030Z
sensor.camera_g_temperatura,28.89,2026-08-26T06:45:38.996Z
sensor.camera_g_temperatura,28.87,2026-08-26T07:05:44.927Z
sensor.camera_g_temperatura,28.92,2026-08-26T07:25:50.962Z
sensor.camera_g_temperatura,28.91,2026-08-26T07:40:55.778Z
sensor.camera_g_temperatura,28.92,2026-08-26T08:01:01.811Z
sensor.camera_g_temperatura,28.93,2026-08-26T08:21:07.813Z
sensor.camera_g_temperatura,28.96,2026-08-26T08:36:11.982Z
sensor.camera_g_temperatura,28.98,2026-08-26T08:56:18.019Z
sensor.camera_g_temperatura,28.95,2026-08-26T09:11:22.803Z
sensor.camera_g_temperatura,28.98,2026-08-26T09:26:26.988Z
sensor.camera_g_temperatura,28.96,2026-08-26T09:41:31.782Z
sensor.camera_g_temperatura,28.99,2026-08-26T10:01:37.794Z
sensor.camera_g_temperatura,29.01,2026-08-26T10:16:40.939Z
sensor.camera_g_temperatura,29.03,2026-08-26T11:11:57.827Z
sensor.camera_g_temperatura,29.02,2026-08-26T11:27:01.949Z
sensor.camera_g_temperatura,29.05,2026-08-26T11:42:06.798Z
sensor.camera_g_temperatura,29.03,2026-08-26T12:02:41.834Z
sensor.camera_g_temperatura,29.06,2026-08-26T12:17:45.992Z
sensor.camera_g_temperatura,29.1,2026-08-26T12:38:06.033Z
sensor.camera_g_umidita,36.08835856955556,2025-12-31T23:00:00.000Z
sensor.camera_g_umidita,36.079043148083336,2026-01-01T00:00:00.000Z
sensor.camera_g_umidita,35.87594760644445,2026-01-01T01:00:00.000Z
sensor.camera_g_umidita,35.604968039944445,2026-01-01T02:00:00.000Z
sensor.camera_g_umidita,35.32118264263889,2026-01-01T03:00:00.000Z
sensor.camera_g_umidita,34.85276967611111,2026-01-01T04:00:00.000Z
sensor.camera_g_umidita,34.37277332475,2026-01-01T05:00:00.000Z
sensor.camera_g_umidita,34.28110622788889,2026-01-01T06:00:00.000Z
sensor.camera_g_umidita,34.174775899638895,2026-01-01T07:00:00.000Z
sensor.camera_g_umidita,34.15872800811111,2026-01-01T08:00:00.000Z
sensor.camera_g_umidita,34.07355828738889,2026-01-01T09:00:00.000Z
sensor.camera_g_umidita,34.71936882405556,2026-01-01T10:00:00.000Z
sensor.camera_g_umidita,35.03303179913889,2026-01-01T11:00:00.000Z
sensor.camera_g_umidita,35.31081311691667,2026-01-01T12:00:00.000Z
sensor.camera_g_umidita,36.02245304516667,2026-01-01T13:00:00.000Z
sensor.camera_g_umidita,35.990443379805555,2026-01-01T14:00:00.000Z
sensor.camera_g_umidita,35.92475569297222,2026-01-01T15:00:00.000Z
sensor.camera_g_umidita,35.91719752066667,2026-01-01T16:00:00.000Z
sensor.camera_g_umidita,36.01569849958333,2026-01-01T17:00:00.000Z
sensor.camera_g_umidita,35.774678782555554,2026-01-01T18:00:00.000Z
sensor.camera_g_umidita,35.45468652263889,2026-01-01T19:00:00.000Z
sensor.camera_g_umidita,35.57126224533334,2026-01-01T20:00:00.000Z
sensor.camera_g_umidita,35.796825227027774,2026-01-01T21:00:00.000Z
sensor.camera_g_umidita,36.89283907108334,2026-01-01T22:00:00.000Z
sensor.camera_g_umidita,38.30399604125,2026-01-01T23:00:00.000Z
sensor.camera_g_umidita,39.5400435635,2026-01-02T00:00:00.000Z
sensor.camera_g_umidita,40.56439766583333,2026-01-02T01:00:00.000Z
sensor.camera_g_umidita,41.13732967322222,2026-01-02T02:00:00.000Z
sensor.camera_g_umidita,41.561001225666665,2026-01-02T03:00:00.000Z
sensor.camera_g_umidita,40.808767534611114,2026-01-02T04:00:00.000Z
sensor.camera_g_umidita,38.30463075902778,2026-01-02T05:00:00.000Z
sensor.camera_g_umidita,36.903348138527775,2026-01-02T06:00:00.000Z
sensor.camera_g_umidita,36.487146205222224,2026-01-02T07:00:00.000Z
sensor.camera_g_umidita,36.01335398538889,2026-01-02T08:00:00.000Z
sensor.camera_g_umidita,35.65858134852778,2026-01-02T09:00:00.000Z
sensor.camera_g_umidita,36.04740005458333,2026-01-02T10:00:00.000Z
sensor.camera_g_umidita,37.134345653472224,2026-01-02T11:00:00.000Z
sensor.camera_g_umidita,37.59939161972222,2026-01-02T12:00:00.000Z
sensor.camera_g_umidita,37.17094478952778,2026-01-02T13:00:00.000Z
sensor.camera_g_umidita,37.05946494472222,2026-01-02T14:00:00.000Z
sensor.camera_g_umidita,36.56375187836111,2026-01-02T15:00:00.000Z
sensor.camera_g_umidita,36.350328252416666,2026-01-02T16:00:00.000Z
sensor.camera_g_umidita,36.25130983025,2026-01-02T17:00:00.000Z
sensor.camera_g_umidita,36.24510911472222,2026-01-02T18:00:00.000Z
sensor.camera_g_umidita,35.78905761363889,2026-01-02T19:00:00.000Z
sensor.camera_g_umidita,35.6755117465,2026-01-02T20:00:00.000Z
sensor.camera_g_umidita,36.06257924202777,2026-01-02T21:00:00.000Z
sensor.camera_g_umidita,36.980933255555556,2026-01-02T22:00:00.000Z
sensor.camera_g_umidita,38.44969810125,2026-01-02T23:00:00.000Z
sensor.camera_g_umidita,39.623496950416666,2026-01-03T00:00:00.000Z
sensor.camera_g_umidita,40.377727644055554,2026-01-03T01:00:00.000Z
sensor.camera_g_umidita,40.91081025072222,2026-01-03T02:00:00.000Z
sensor.camera_g_umidita,41.44745307311111,2026-01-03T03:00:00.000Z
sensor.camera_g_umidita,41.60100983294444,2026-01-03T04:00:00.000Z
sensor.camera_g_umidita,40.11175543205555,2026-01-03T05:00:00.000Z
sensor.camera_g_umidita,39.01226913455555,2026-01-03T06:00:00.000Z
sensor.camera_g_umidita,37.649747202861114,2026-01-03T07:00:00.000Z
sensor.camera_g_umidita,36.636612773416665,2026-01-03T08:00:00.000Z
sensor.camera_g_umidita,36.62650023675,2026-01-03T09:00:00.000Z
sensor.camera_g_umidita,36.76711419061111,2026-01-03T10:00:00.000Z
sensor.camera_g_umidita,36.94327855319444,2026-01-03T11:00:00.000Z
sensor.camera_g_umidita,37.51807039347222,2026-01-03T12:00:00.000Z
sensor.camera_g_umidita,36.808679135055556,2026-01-03T13:00:00.000Z
sensor.camera_g_umidita,36.162733887861116,2026-01-03T14:00:00.000Z
sensor.camera_g_umidita,35.84451077122222,2026-01-03T15:00:00.000Z
sensor.camera_g_umidita,35.39683486822222,2026-01-03T16:00:00.000Z
sensor.camera_g_umidita,35.544233095416665,2026-01-03T17:00:00.000Z
sensor.camera_g_umidita,36.32525375127778,2026-01-03T18:00:00.000Z
sensor.camera_g_umidita,35.77468757202778,2026-01-03T19:00:00.000Z
sensor.camera_g_umidita,36.046169794305555,2026-01-03T20:00:00.000Z
sensor.camera_g_umidita,37.32612084013889,2026-01-03T21:00:00.000Z
sensor.camera_g_umidita,38.5645923515,2026-01-03T22:00:00.000Z
sensor.camera_g_umidita,39.423491672972226,2026-01-03T23:00:00.000Z
sensor.camera_g_umidita,40.07288766186111,2026-01-04T00:00:00.000Z
sensor.camera_g_umidita,40.41811078994444,2026-01-04T01:00:00.000Z
sensor.camera_g_umidita,40.13566662763889,2026-01-04T02:00:00.000Z
sensor.camera_g_umidita,39.38434047022222,2026-01-04T03:00:00.000Z
sensor.camera_g_umidita,39.71583426541667,2026-01-04T04:00:00.000Z
sensor.camera_g_umidita,39.575261686750004,2026-01-04T05:00:00.000Z
sensor.camera_g_umidita,38.360838326166665,2026-01-04T06:00:00.000Z
sensor.camera_g_umidita,36.81141155286111,2026-01-04T07:00:00.000Z
sensor.camera_g_umidita,35.72740373191667,2026-01-04T08:00:00.000Z
sensor.camera_g_umidita,35.131744699,2026-01-04T09:00:00.000Z
sensor.camera_g_umidita,34.52518592202778,2026-01-04T10:00:00.000Z
sensor.camera_g_umidita,34.34497950163889,2026-01-04T11:00:00.000Z
sensor.camera_g_umidita,34.15281004263889,2026-01-04T12:00:00.000Z
sensor.camera_g_umidita,34.67290474805555,2026-01-04T13:00:00.000Z
sensor.camera_g_umidita,34.80964137244444,2026-01-04T14:00:00.000Z
sensor.camera_g_umidita,34.907251495555556,2026-01-04T15:00:00.000Z
sensor.camera_g_umidita,34.696495370027776,2026-01-04T16:00:00.000Z
sensor.camera_g_umidita,34.27482961147222,2026-01-04T17:00:00.000Z
sensor.camera_g_umidita,34.24137065822222,2026-01-04T18:00:00.000Z
sensor.camera_g_umidita,34.28523621147222,2026-01-04T19:00:00.000Z
sensor.camera_g_umidita,34.069477794777775,2026-01-04T20:00:00.000Z
sensor.camera_g_umidita,33.56493893094444,2026-01-04T21:00:00.000Z
sensor.camera_g_umidita,34.08294868163889,2026-01-04T22:00:00.000Z
sensor.camera_g_umidita,34.87906046827778,2026-01-04T23:00:00.000Z
sensor.camera_g_umidita,35.65283777344444,2026-01-05T00:00:00.000Z
sensor.camera_g_umidita,36.19112440655555,2026-01-05T01:00:00.000Z
sensor.camera_g_umidita,36.456333421972225,2026-01-05T02:00:00.000Z
sensor.camera_g_umidita,36.34544427372222,2026-01-05T03:00:00.000Z
sensor.camera_g_umidita,35.40921401394444,2026-01-05T04:00:00.000Z
sensor.camera_g_umidita,35.10941449336111,2026-01-05T05:00:00.000Z
sensor.camera_g_umidita,34.222660279694445,2026-01-05T06:00:00.000Z
sensor.camera_g_umidita,33.34535881113889,2026-01-05T07:00:00.000Z
sensor.camera_g_umidita,31.938976959583332,2026-01-05T08:00:00.000Z
sensor.camera_g_umidita,31.458206759166668,2026-01-05T09:00:00.000Z
sensor.camera_g_umidita,32.26372209583334,2026-01-05T10:00:00.000Z
sensor.camera_g_umidita,33.82778631241667,2026-01-05T11:00:00.000Z
sensor.camera_g_umidita,34.3547836,2026-01-05T12:00:00.000Z
sensor.camera_g_umidita,34.22119072216667,2026-01-05T13:00:00.000Z
sensor.camera_g_umidita,34.06009929569445,2026-01-05T14:00:00.000Z
sensor.camera_g_umidita,33.86692609619445,2026-01-05T15:00:00.000Z
sensor.camera_g_umidita,32.258957753,2026-01-05T16:00:00.000Z
sensor.camera_g_umidita,31.12915610302778,2026-01-05T17:00:00.000Z
sensor.camera_g_umidita,30.297690573194444,2026-01-05T18:00:00.000Z
sensor.camera_g_umidita,30.032606382,2026-01-05T19:00:00.000Z
sensor.camera_g_umidita,30.702591003027777,2026-01-05T20:00:00.000Z
sensor.camera_g_umidita,30.964651962027776,2026-01-05T21:00:00.000Z
sensor.camera_g_umidita,31.468570414444443,2026-01-05T22:00:00.000Z
sensor.camera_g_umidita,32.784128466909095,2026-01-05T23:00:00.000Z
sensor.camera_g_umidita,33.56177009894444,2026-01-06T00:00:00.000Z
sensor.camera_g_umidita,34.10902478013889,2026-01-06T01:00:00.000Z
sensor.camera_g_umidita,34.587921156777774,2026-01-06T02:00:00.000Z
sensor.camera_g_umidita,34.09596864583333,2026-01-06T03:00:00.000Z
sensor.camera_g_umidita,33.62668518766667,2026-01-06T04:00:00.000Z
sensor.camera_g_umidita,33.03966358388889,2026-01-06T05:00:00.000Z
sensor.camera_g_umidita,32.29790251286111,2026-01-06T06:00:00.000Z
sensor.camera_g_umidita,31.640930948416667,2026-01-06T07:00:00.000Z
sensor.camera_g_umidita,30.553832757166663,2026-01-06T08:00:00.000Z
sensor.camera_g_umidita,29.916692522055556,2026-01-06T09:00:00.000Z
sensor.camera_g_umidita,30.245939371861112,2026-01-06T10:00:00.000Z
sensor.camera_g_umidita,30.932227138666665,2026-01-06T11:00:00.000Z
sensor.camera_g_umidita,31.751670783305556,2026-01-06T12:00:00.000Z
sensor.camera_g_umidita,31.215308466388887,2026-01-06T13:00:00.000Z
sensor.camera_g_umidita,30.780973297083335,2026-01-06T14:00:00.000Z
sensor.camera_g_umidita,30.861874875944448,2026-01-06T15:00:00.000Z
sensor.camera_g_umidita,30.948969710138886,2026-01-06T16:00:00.000Z
sensor.camera_g_umidita,31.37722973311111,2026-01-06T17:00:00.000Z
sensor.camera_g_umidita,31.95645951822222,2026-01-06T18:00:00.000Z
sensor.camera_g_umidita,32.80870545797222,2026-01-06T19:00:00.000Z
sensor.camera_g_umidita,33.687315036638886,2026-01-06T20:00:00.000Z
sensor.camera_g_umidita,35.05684721883333,2026-01-06T21:00:00.000Z
sensor.camera_g_umidita,35.47497493933333,2026-01-06T22:00:00.000Z
sensor.camera_g_umidita,35.62583030722222,2026-01-06T23:00:00.000Z
sensor.camera_g_umidita,35.45988991019444,2026-01-07T00:00:00.000Z
sensor.camera_g_umidita,35.41427755097222,2026-01-07T01:00:00.000Z
sensor.camera_g_umidita,35.48110366288889,2026-01-07T02:00:00.000Z
sensor.camera_g_umidita,35.05007697127778,2026-01-07T03:00:00.000Z
sensor.camera_g_umidita,34.833503417611105,2026-01-07T04:00:00.000Z
sensor.camera_g_umidita,34.74138914955555,2026-01-07T05:00:00.000Z
sensor.camera_g_umidita,34.61314391911111,2026-01-07T06:00:00.000Z
sensor.camera_g_umidita,34.12972351794445,2026-01-07T07:00:00.000Z
sensor.camera_g_umidita,33.86911038027778,2026-01-07T08:00:00.000Z
sensor.camera_g_umidita,33.150560685694444,2026-01-07T09:00:00.000Z
sensor.camera_g_umidita,32.89050422527777,2026-01-07T10:00:00.000Z
sensor.camera_g_umidita,32.7252929535,2026-01-07T11:00:00.000Z
sensor.camera_g_umidita,32.57564316991667,2026-01-07T12:00:00.000Z
sensor.camera_g_umidita,32.40375093825,2026-01-07T13:00:00.000Z
sensor.camera_g_umidita,32.12446621952778,2026-01-07T14:00:00.000Z
sensor.camera_g_umidita,31.864664700305557,2026-01-07T15:00:00.000Z
sensor.camera_g_umidita,31.816185871111113,2026-01-07T16:00:00.000Z
sensor.camera_g_umidita,31.959102021388887,2026-01-07T17:00:00.000Z
sensor.camera_g_umidita,32.11219701830556,2026-01-07T18:00:00.000Z
sensor.camera_g_umidita,32.23163996844445,2026-01-07T19:00:00.000Z
sensor.camera_g_umidita,32.69516804505555,2026-01-07T20:00:00.000Z
sensor.camera_g_umidita,32.7730133105,2026-01-07T21:00:00.000Z
sensor.camera_g_umidita,32.97710322830556,2026-01-07T22:00:00.000Z
sensor.camera_g_umidita,33.53038895169444,2026-01-07T23:00:00.000Z
sensor.camera_g_umidita,33.90938750763889,2026-01-08T00:00:00.000Z
sensor.camera_g_umidita,34.15816481797223,2026-01-08T01:00:00.000Z
sensor.camera_g_umidita,34.18566954116667,2026-01-08T02:00:00.000Z
sensor.camera_g_umidita,33.81083109391667,2026-01-08T03:00:00.000Z
sensor.camera_g_umidita,33.884592170666664,2026-01-08T04:00:00.000Z
sensor.camera_g_umidita,34.105278231861114,2026-01-08T05:00:00.000Z
sensor.camera_g_umidita,34.570982149833334,2026-01-08T06:00:00.000Z
sensor.camera_g_umidita,34.47847706536111,2026-01-08T07:00:00.000Z
sensor.camera_g_umidita,33.956492189916666,2026-01-08T08:00:00.000Z
sensor.camera_g_umidita,32.78622557344445,2026-01-08T09:00:00.000Z
sensor.camera_g_umidita,32.330588811388886,2026-01-08T10:00:00.000Z
sensor.camera_g_umidita,32.05994502466667,2026-01-08T11:00:00.000Z
sensor.camera_g_umidita,31.598915111722224,2026-01-08T12:00:00.000Z
sensor.camera_g_umidita,30.785850655444445,2026-01-08T13:00:00.000Z
sensor.camera_g_umidita,30.374893313749997,2026-01-08T14:00:00.000Z
sensor.camera_g_umidita,30.158431167305555,2026-01-08T15:00:00.000Z
sensor.camera_g_umidita,30.270413454666667,2026-01-08T16:00:00.000Z
sensor.camera_g_umidita,31.39565930675,2026-01-08T17:00:00.000Z
sensor.camera_g_umidita,32.214405305805556,2026-01-08T18:00:00.000Z
sensor.camera_g_umidita,32.787707476777776,2026-01-08T19:00:00.000Z
sensor.camera_g_umidita,33.81859983541667,2026-01-08T20:00:00.000Z
sensor.camera_g_umidita,33.60753987077778,2026-01-08T21:00:00.000Z
sensor.camera_g_umidita,34.14924420863889,2026-01-08T22:00:00.000Z
sensor.camera_g_umidita,34.619844524638886,2026-01-08T23:00:00.000Z
sensor.camera_g_umidita,34.99031204177778,2026-01-09T00:00:00.000Z
sensor.camera_g_umidita,35.186441235222226,2026-01-09T01:00:00.000Z
sensor.camera_g_umidita,35.60505181916667,2026-01-09T02:00:00.000Z
sensor.camera_g_umidita,35.8420553685,2026-01-09T03:00:00.000Z
sensor.camera_g_umidita,35.234506230916665,2026-01-09T04:00:00.000Z
sensor.camera_g_umidita,35.256658325500005,2026-01-09T05:00:00.000Z
sensor.camera_g_umidita,35.572676526916666,2026-01-09T06:00:00.000Z
sensor.camera_g_umidita,34.783923440222225,2026-01-09T07:00:00.000Z
sensor.camera_g_umidita,34.43071594488889,2026-01-09T08:00:00.000Z
sensor.camera_g_umidita,33.38653374402778,2026-01-09T09:00:00.000Z
sensor.camera_g_umidita,33.04525277711111,2026-01-09T10:00:00.000Z
sensor.camera_g_umidita,33.13350297213889,2026-01-09T11:00:00.000Z
sensor.camera_g_umidita,32.946415426222224,2026-01-09T12:00:00.000Z
sensor.camera_g_umidita,33.00574334675,2026-01-09T13:00:00.000Z
sensor.camera_g_umidita,33.66568079822222,2026-01-09T14:00:00.000Z
sensor.camera_g_umidita,33.71618247083333,2026-01-09T15:00:00.000Z
sensor.camera_g_umidita,33.63369831525,2026-01-09T16:00:00.000Z
sensor.camera_g_umidita,33.46006396405556,2026-01-09T17:00:00.000Z
sensor.camera_g_umidita,33.23443293925,2026-01-09T18:00:00.000Z
sensor.camera_g_umidita,33.293990771055554,2026-01-09T19:00:00.000Z
sensor.camera_g_umidita,33.631066793,2026-01-09T20:00:00.000Z
sensor.camera_g_umidita,33.918252861666666,2026-01-09T21:00:00.000Z
sensor.camera_g_umidita,34.57505514175,2026-01-09T22:00:00.000Z
sensor.camera_g_umidita,35.17445735238889,2026-01-09T23:00:00.000Z
sensor.camera_g_umidita,35.47025727886111,2026-01-10T00:00:00.000Z
sensor.camera_g_umidita,35.5,2026-01-10T01:00:00.000Z
sensor.camera_g_umidita,35.46228424961111,2026-01-10T02:00:00.000Z
sensor.camera_g_umidita,35.05106241102778,2026-01-10T03:00:00.000Z
sensor.camera_g_umidita,34.9,2026-01-10T04:00:00.000Z
sensor.camera_g_umidita,34.748673162222225,2026-01-10T05:00:00.000Z
sensor.camera_g_umidita,34.43406841913889,2026-01-10T06:00:00.000Z
sensor.camera_g_umidita,34.410291934250004,2026-01-10T07:00:00.000Z
sensor.camera_g_umidita,33.69335282938889,2026-01-10T08:00:00.000Z
sensor.camera_g_umidita,33.62388043463889,2026-01-10T09:00:00.000Z
sensor.camera_g_umidita,34.24446746872222,2026-01-10T10:00:00.000Z
sensor.camera_g_umidita,34.31157847452778,2026-01-10T11:00:00.000Z
sensor.camera_g_umidita,34.199829232305554,2026-01-10T12:00:00.000Z
sensor.camera_g_umidita,34.39025750241667,2026-01-10T13:00:00.000Z
sensor.camera_g_umidita,34.366079168666666,2026-01-10T14:00:00.000Z
sensor.camera_g_umidita,34.2,2026-01-10T15:00:00.000Z
sensor.camera_g_umidita,34.31339021913889,2026-01-10T16:00:00.000Z
sensor.camera_g_umidita,34.568656010666665,2026-01-10T17:00:00.000Z
sensor.camera_g_umidita,34.64967153002778,2026-01-10T18:00:00.000Z
sensor.camera_g_umidita,34.59372361258334,2026-01-10T19:00:00.000Z
sensor.camera_g_umidita,33.66451170608334,2026-01-10T20:00:00.000Z
sensor.camera_g_umidita,32.604378151750005,2026-01-10T21:00:00.000Z
sensor.camera_g_umidita,32.00583292197222,2026-01-10T22:00:00.000Z
sensor.camera_g_umidita,32.12307434744445,2026-01-10T23:00:00.000Z
sensor.camera_g_umidita,31.925162863305555,2026-01-11T00:00:00.000Z
sensor.camera_g_umidita,31.899999999999995,2026-01-11T01:00:00.000Z
sensor.camera_g_umidita,31.812717848444446,2026-01-11T02:00:00.000Z
sensor.camera_g_umidita,31.82511549175,2026-01-11T03:00:00.000Z
sensor.camera_g_umidita,31.64995825,2026-01-11T04:00:00.000Z
sensor.camera_g_umidita,31.613029998277778,2026-01-11T05:00:00.000Z
sensor.camera_g_umidita,31.91372305638889,2026-01-11T06:00:00.000Z
sensor.camera_g_umidita,31.768176012583336,2026-01-11T07:00:00.000Z
sensor.camera_g_umidita,30.965116219166664,2026-01-11T08:00:00.000Z
sensor.camera_g_umidita,30.94901436052778,2026-01-11T09:00:00.000Z
sensor.camera_g_umidita,31.207701662638886,2026-01-11T10:00:00.000Z
sensor.camera_g_umidita,31.02987376272222,2026-01-11T11:00:00.000Z
sensor.camera_g_umidita,30.423741010249998,2026-01-11T12:00:00.000Z
sensor.camera_g_umidita,29.63300052061111,2026-01-11T13:00:00.000Z
sensor.camera_g_umidita,29.843844592305555,2026-01-11T14:00:00.000Z
sensor.camera_g_umidita,30.535486839249998,2026-01-11T15:00:00.000Z
sensor.camera_g_umidita,30.8066408575,2026-01-11T16:00:00.000Z
sensor.camera_g_umidita,31.203500636972223,2026-01-11T17:00:00.000Z
sensor.camera_g_umidita,31.479672962055556,2026-01-11T18:00:00.000Z
sensor.camera_g_umidita,31.97705764136111,2026-01-11T19:00:00.000Z
sensor.camera_g_umidita,33.46700097894445,2026-01-11T20:00:00.000Z
sensor.camera_g_umidita,32.63706950461111,2026-01-11T21:00:00.000Z
sensor.camera_g_umidita,32.623158691444445,2026-01-11T22:00:00.000Z
sensor.camera_g_umidita,33.04788912986111,2026-01-11T23:00:00.000Z
sensor.camera_g_umidita,33.39566163172222,2026-01-12T00:00:00.000Z
sensor.camera_g_umidita,33.47483585433333,2026-01-12T01:00:00.000Z
sensor.camera_g_umidita,33.505162330194445,2026-01-12T02:00:00.000Z
sensor.camera_g_umidita,33.6,2026-01-12T03:00:00.000Z
sensor.camera_g_umidita,33.54569166644445,2026-01-12T04:00:00.000Z
sensor.camera_g_umidita,33.39389948941667,2026-01-12T05:00:00.000Z
sensor.camera_g_umidita,32.86976540947222,2026-01-12T06:00:00.000Z
sensor.camera_g_umidita,31.98039140613889,2026-01-12T07:00:00.000Z
sensor.camera_g_umidita,31.352755807166663,2026-01-12T08:00:00.000Z
sensor.camera_g_umidita,30.65471567052778,2026-01-12T09:00:00.000Z
sensor.camera_g_umidita,30.910790973,2026-01-12T10:00:00.000Z
sensor.camera_g_umidita,31.359184571638888,2026-01-12T11:00:00.000Z
sensor.camera_g_umidita,31.550324177611113,2026-01-12T12:00:00.000Z
sensor.camera_g_umidita,31.864180979472223,2026-01-12T13:00:00.000Z
sensor.camera_g_umidita,31.84340058338889,2026-01-12T14:00:00.000Z
sensor.camera_g_umidita,32.54354793519445,2026-01-12T15:00:00.000Z
sensor.camera_g_umidita,32.92250521886111,2026-01-12T16:00:00.000Z
sensor.camera_g_umidita,33.274485157027776,2026-01-12T17:00:00.000Z
sensor.camera_g_umidita,33.07952011583333,2026-01-12T18:00:00.000Z
sensor.camera_g_umidita,34.40458981122222,2026-01-12T19:00:00.000Z
sensor.camera_g_umidita,34.57286794913889,2026-01-12T20:00:00.000Z
sensor.camera_g_umidita,34.727165067277774,2026-01-12T21:00:00.000Z
sensor.camera_g_umidita,34.31319661305555,2026-01-12T22:00:00.000Z
sensor.camera_g_umidita,34.59309430961111,2026-01-12T23:00:00.000Z
sensor.camera_g_umidita,34.97452561875,2026-01-13T00:00:00.000Z
sensor.camera_g_umidita,35.541552294388886,2026-01-13T01:00:00.000Z
sensor.camera_g_umidita,36.013871959666666,2026-01-13T02:00:00.000Z
sensor.camera_g_umidita,36.369956611305554,2026-01-13T03:00:00.000Z
sensor.camera_g_umidita,36.765668126166666,2026-01-13T04:00:00.000Z
sensor.camera_g_umidita,36.8778346005,2026-01-13T05:00:00.000Z
sensor.camera_g_umidita,36.307930940527775,2026-01-13T06:00:00.000Z
sensor.camera_g_umidita,35.387295437,2026-01-13T07:00:00.000Z
sensor.camera_g_umidita,35.105402210583335,2026-01-13T08:00:00.000Z
sensor.camera_g_umidita,34.64083310675,2026-01-13T09:00:00.000Z
sensor.camera_g_umidita,34.922026666444445,2026-01-13T10:00:00.000Z
sensor.camera_g_umidita,35.488602232944444,2026-01-13T11:00:00.000Z
sensor.camera_g_umidita,36.142118157999995,2026-01-13T12:00:00.000Z
sensor.camera_g_umidita,35.929213984027776,2026-01-13T13:00:00.000Z
sensor.camera_g_umidita,35.76166290644445,2026-01-13T14:00:00.000Z
sensor.camera_g_umidita,35.7,2026-01-13T15:00:00.000Z
sensor.camera_g_umidita,35.51335597986111,2026-01-13T16:00:00.000Z
sensor.camera_g_umidita,35.50065736344444,2026-01-13T17:00:00.000Z
sensor.camera_g_umidita,35.34127803419444,2026-01-13T18:00:00.000Z
sensor.camera_g_umidita,35.443662716944445,2026-01-13T19:00:00.000Z
sensor.camera_g_umidita,35.70978308227778,2026-01-13T20:00:00.000Z
sensor.camera_g_umidita,36.257008716222224,2026-01-13T21:00:00.000Z
sensor.camera_g_umidita,36.91172157761111,2026-01-13T22:00:00.000Z
sensor.camera_g_umidita,37.76646160144444,2026-01-13T23:00:00.000Z
sensor.camera_g_umidita,38.647057218250005,2026-01-14T00:00:00.000Z
sensor.camera_g_umidita,39.644383225666665,2026-01-14T01:00:00.000Z
sensor.camera_g_umidita,40.43870594225,2026-01-14T02:00:00.000Z
sensor.camera_g_umidita,40.84167600013889,2026-01-14T03:00:00.000Z
sensor.camera_g_umidita,41.15743136505556,2026-01-14T04:00:00.000Z
sensor.camera_g_umidita,41.413174769222216,2026-01-14T05:00:00.000Z
sensor.camera_g_umidita,40.72468803705556,2026-01-14T06:00:00.000Z
sensor.camera_g_umidita,39.969165732166665,2026-01-14T07:00:00.000Z
sensor.camera_g_umidita,39.22350657111111,2026-01-14T08:00:00.000Z
sensor.camera_g_umidita,38.77052267530555,2026-01-14T09:00:00.000Z
sensor.camera_g_umidita,39.10999588266667,2026-01-14T10:00:00.000Z
sensor.camera_g_umidita,39.69892734522222,2026-01-14T11:00:00.000Z
sensor.camera_g_umidita,40.19767654486111,2026-01-14T12:00:00.000Z
sensor.camera_g_umidita,40.548924455472225,2026-01-14T13:00:00.000Z
sensor.camera_g_umidita,40.257383232,2026-01-14T14:00:00.000Z
sensor.camera_g_umidita,40.58432806988889,2026-01-14T15:00:00.000Z
sensor.camera_g_umidita,39.80936083172222,2026-01-14T16:00:00.000Z
sensor.camera_g_umidita,39.71491757952778,2026-01-14T17:00:00.000Z
sensor.camera_g_umidita,39.774834631527774,2026-01-14T18:00:00.000Z
sensor.camera_g_umidita,39.741278629111115,2026-01-14T19:00:00.000Z
sensor.camera_g_umidita,39.84194770563889,2026-01-14T20:00:00.000Z
sensor.camera_g_umidita,39.58972982852778,2026-01-14T21:00:00.000Z
sensor.camera_g_umidita,39.97054749688889,2026-01-14T22:00:00.000Z
sensor.camera_g_umidita,40.74448099966667,2026-01-14T23:00:00.000Z
sensor.camera_g_umidita,41.78388321036111,2026-01-15T00:00:00.000Z
sensor.camera_g_umidita,42.74579932980556,2026-01-15T01:00:00.000Z
sensor.camera_g_umidita,43.438750600750005,2026-01-15T02:00:00.000Z
sensor.camera_g_umidita,43.92834713427778,2026-01-15T03:00:00.000Z
sensor.camera_g_umidita,44.208650070861104,2026-01-15T04:00:00.000Z
sensor.camera_g_umidita,44.47355433819445,2026-01-15T05:00:00.000Z
sensor.camera_g_umidita,43.79104976266667,2026-01-15T06:00:00.000Z
sensor.camera_g_umidita,43.145271186277775,2026-01-15T07:00:00.000Z
sensor.camera_g_umidita,42.995105453722225,2026-01-15T08:00:00.000Z
sensor.camera_g_umidita,42.26047276177778,2026-01-15T09:00:00.000Z
sensor.camera_g_umidita,41.79868637675,2026-01-15T10:00:00.000Z
sensor.camera_g_umidita,41.6,2026-01-15T11:00:00.000Z
sensor.camera_g_umidita,41.66442263091667,2026-01-15T12:00:00.000Z
sensor.camera_g_umidita,41.84631416494444,2026-01-15T13:00:00.000Z
sensor.camera_g_umidita,42.13191185466667,2026-01-15T14:00:00.000Z
sensor.camera_g_umidita,42.39077201091666,2026-01-15T15:00:00.000Z
sensor.camera_g_umidita,42.31684285813889,2026-01-15T16:00:00.000Z
sensor.camera_g_umidita,42.33773734836111,2026-01-15T17:00:00.000Z
sensor.camera_g_umidita,42.666454481861116,2026-01-15T18:00:00.000Z
sensor.camera_g_umidita,42.80426635225,2026-01-15T19:00:00.000Z
sensor.camera_g_umidita,42.91756795044444,2026-01-15T20:00:00.000Z
sensor.camera_g_umidita,43.06471428161111,2026-01-15T21:00:00.000Z
sensor.camera_g_umidita,46.43595265202777,2026-01-15T22:00:00.000Z
sensor.camera_g_umidita,46.074438300555556,2026-01-15T23:00:00.000Z
sensor.camera_g_umidita,46.06644165113889,2026-01-16T00:00:00.000Z
sensor.camera_g_umidita,46.127157865805565,2026-01-16T01:00:00.000Z
sensor.camera_g_umidita,46.29493008075,2026-01-16T02:00:00.000Z
sensor.camera_g_umidita,46.696899013166664,2026-01-16T03:00:00.000Z
sensor.camera_g_umidita,47.017439595888895,2026-01-16T04:00:00.000Z
sensor.camera_g_umidita,47.31539440661111,2026-01-16T05:00:00.000Z
sensor.camera_g_umidita,46.62930314519445,2026-01-16T06:00:00.000Z
sensor.camera_g_umidita,45.220787611750005,2026-01-16T07:00:00.000Z
sensor.camera_g_umidita,44.90564914427778,2026-01-16T08:00:00.000Z
sensor.camera_g_umidita,44.26608663677778,2026-01-16T09:00:00.000Z
sensor.camera_g_umidita,44.359101764222224,2026-01-16T10:00:00.000Z
sensor.camera_g_umidita,44.64908713908333,2026-01-16T11:00:00.000Z
sensor.camera_g_umidita,45.49023046661111,2026-01-16T12:00:00.000Z
sensor.camera_g_umidita,46.578052348611116,2026-01-16T13:00:00.000Z
sensor.camera_g_umidita,46.38038081744444,2026-01-16T14:00:00.000Z
sensor.camera_g_umidita,45.98229275025,2026-01-16T15:00:00.000Z
sensor.camera_g_umidita,45.46467585858333,2026-01-16T16:00:00.000Z
sensor.camera_g_umidita,45.26687389791667,2026-01-16T17:00:00.000Z
sensor.camera_g_umidita,44.94541802111112,2026-01-16T18:00:00.000Z
sensor.camera_g_umidita,44.701743462888885,2026-01-16T19:00:00.000Z
sensor.camera_g_umidita,44.46465510322222,2026-01-16T20:00:00.000Z
sensor.camera_g_umidita,44.06290000186112,2026-01-16T21:00:00.000Z
sensor.camera_g_umidita,44.425155656583335,2026-01-16T22:00:00.000Z
sensor.camera_g_umidita,45.180972673722216,2026-01-16T23:00:00.000Z
sensor.camera_g_umidita,45.965876053138885,2026-01-17T00:00:00.000Z
sensor.camera_g_umidita,46.648030442,2026-01-17T01:00:00.000Z
sensor.camera_g_umidita,47.1007919388889,2026-01-17T02:00:00.000Z
sensor.camera_g_umidita,47.51490530433333,2026-01-17T03:00:00.000Z
sensor.camera_g_umidita,47.82772615338889,2026-01-17T04:00:00.000Z
sensor.camera_g_umidita,48.07546360075,2026-01-17T05:00:00.000Z
sensor.camera_g_umidita,48.248551356111115,2026-01-17T06:00:00.000Z
sensor.camera_g_umidita,48.24558421986111,2026-01-17T07:00:00.000Z
sensor.camera_g_umidita,46.69955897838889,2026-01-17T08:00:00.000Z
sensor.camera_g_umidita,46.195037072,2026-01-17T09:00:00.000Z
sensor.camera_g_umidita,46.27340829733333,2026-01-17T10:00:00.000Z
sensor.camera_g_umidita,45.73897092630556,2026-01-17T11:00:00.000Z
sensor.camera_g_umidita,45.446090382777776,2026-01-17T12:00:00.000Z
sensor.camera_g_umidita,45.033123380527776,2026-01-17T13:00:00.000Z
sensor.camera_g_umidita,44.700339823916664,2026-01-17T14:00:00.000Z
sensor.camera_g_umidita,44.57483318016667,2026-01-17T15:00:00.000Z
sensor.camera_g_umidita,44.70157293305556,2026-01-17T16:00:00.000Z
sensor.camera_g_umidita,44.68298283388889,2026-01-17T17:00:00.000Z
sensor.camera_g_umidita,44.40834233566667,2026-01-17T18:00:00.000Z
sensor.camera_g_umidita,44.13100996380555,2026-01-17T19:00:00.000Z
sensor.camera_g_umidita,44.73018428058333,2026-01-17T20:00:00.000Z
sensor.camera_g_umidita,44.832813845222226,2026-01-17T21:00:00.000Z
sensor.camera_g_umidita,45.42213855869445,2026-01-17T22:00:00.000Z
sensor.camera_g_umidita,46.108261004000006,2026-01-17T23:00:00.000Z
sensor.camera_g_umidita,46.40015944602777,2026-01-18T00:00:00.000Z
sensor.camera_g_umidita,46.565261528916665,2026-01-18T01:00:00.000Z
sensor.camera_g_umidita,46.80587371294445,2026-01-18T02:00:00.000Z
sensor.camera_g_umidita,47.04002921416667,2026-01-18T03:00:00.000Z
sensor.camera_g_umidita,47.34768814066666,2026-01-18T04:00:00.000Z
sensor.camera_g_umidita,47.70187017644445,2026-01-18T05:00:00.000Z
sensor.camera_g_umidita,47.95093393719444,2026-01-18T06:00:00.000Z
sensor.camera_g_umidita,47.76805615797222,2026-01-18T07:00:00.000Z
sensor.camera_g_umidita,47.204793317416666,2026-01-18T08:00:00.000Z
sensor.camera_g_umidita,45.655519525888884,2026-01-18T09:00:00.000Z
sensor.camera_g_umidita,44.89393265422222,2026-01-18T10:00:00.000Z
sensor.camera_g_umidita,44.68338938108334,2026-01-18T11:00:00.000Z
sensor.camera_g_umidita,44.320731124750004,2026-01-18T12:00:00.000Z
sensor.camera_g_umidita,44.163725616861115,2026-01-18T13:00:00.000Z
sensor.camera_g_umidita,43.91907421911111,2026-01-18T14:00:00.000Z
sensor.camera_g_umidita,43.16512860997222,2026-01-18T15:00:00.000Z
sensor.camera_g_umidita,42.37433922477778,2026-01-18T16:00:00.000Z
sensor.camera_g_umidita,42.51253850425,2026-01-18T17:00:00.000Z
sensor.camera_g_umidita,42.24810961661111,2026-01-18T18:00:00.000Z
sensor.camera_g_umidita,41.70962523286111,2026-01-18T19:00:00.000Z
sensor.camera_g_umidita,41.632908488194445,2026-01-18T20:00:00.000Z
sensor.camera_g_umidita,41.35627325522223,2026-01-18T21:00:00.000Z
sensor.camera_g_umidita,41.241949989805555,2026-01-18T22:00:00.000Z
sensor.camera_g_umidita,41.40674695347222,2026-01-18T23:00:00.000Z
sensor.camera_g_umidita,41.90803527883333,2026-01-19T00:00:00.000Z
sensor.camera_g_umidita,42.25192580375,2026-01-19T01:00:00.000Z
sensor.camera_g_umidita,42.54991399738889,2026-01-19T02:00:00.000Z
sensor.camera_g_umidita,42.87130345655555,2026-01-19T03:00:00.000Z
sensor.camera_g_umidita,42.88432173022222,2026-01-19T04:00:00.000Z
sensor.camera_g_umidita,43.10949227030556,2026-01-19T05:00:00.000Z
sensor.camera_g_umidita,42.52379116002778,2026-01-19T06:00:00.000Z
sensor.camera_g_umidita,41.34842489825,2026-01-19T07:00:00.000Z
sensor.camera_g_umidita,40.15154115205555,2026-01-19T08:00:00.000Z
sensor.camera_g_umidita,39.205619915583334,2026-01-19T09:00:00.000Z
sensor.camera_g_umidita,38.96036421986111,2026-01-19T10:00:00.000Z
sensor.camera_g_umidita,39.18674649625,2026-01-19T11:00:00.000Z
sensor.camera_g_umidita,39.37483168686111,2026-01-19T12:00:00.000Z
sensor.camera_g_umidita,39.56123274580556,2026-01-19T13:00:00.000Z
sensor.camera_g_umidita,39.85922605136111,2026-01-19T14:00:00.000Z
sensor.camera_g_umidita,39.75898543705556,2026-01-19T15:00:00.000Z
sensor.camera_g_umidita,38.69867443919445,2026-01-19T16:00:00.000Z
sensor.camera_g_umidita,37.598569787222225,2026-01-19T17:00:00.000Z
sensor.camera_g_umidita,37.356283639055555,2026-01-19T18:00:00.000Z
sensor.camera_g_umidita,37.10786863744445,2026-01-19T19:00:00.000Z
sensor.camera_g_umidita,37.020499017527776,2026-01-19T20:00:00.000Z
sensor.camera_g_umidita,36.34177109891667,2026-01-19T21:00:00.000Z
sensor.camera_g_umidita,36.50323377697222,2026-01-19T22:00:00.000Z
sensor.camera_g_umidita,37.09085104166667,2026-01-19T23:00:00.000Z
sensor.camera_g_umidita,37.37483134444444,2026-01-20T00:00:00.000Z
sensor.camera_g_umidita,37.44115155122222,2026-01-20T01:00:00.000Z
sensor.camera_g_umidita,37.73209990405555,2026-01-20T02:00:00.000Z
sensor.camera_g_umidita,38.01365012761111,2026-01-20T03:00:00.000Z
sensor.camera_g_umidita,38.44799614238889,2026-01-20T04:00:00.000Z
sensor.camera_g_umidita,38.83215394766666,2026-01-20T05:00:00.000Z
sensor.camera_g_umidita,38.57526916119445,2026-01-20T06:00:00.000Z
sensor.camera_g_umidita,37.69877241272222,2026-01-20T07:00:00.000Z
sensor.camera_g_umidita,36.85532656975,2026-01-20T08:00:00.000Z
sensor.camera_g_umidita,36.09586761311111,2026-01-20T09:00:00.000Z
sensor.camera_g_umidita,35.45432962463889,2026-01-20T10:00:00.000Z
sensor.camera_g_umidita,34.796786084,2026-01-20T11:00:00.000Z
sensor.camera_g_umidita,34.95409299433333,2026-01-20T12:00:00.000Z
sensor.camera_g_umidita,35.40147890069445,2026-01-20T13:00:00.000Z
sensor.camera_g_umidita,35.94355074038889,2026-01-20T14:00:00.000Z
sensor.camera_g_umidita,36.19451985944445,2026-01-20T15:00:00.000Z
sensor.camera_g_umidita,35.62052717597222,2026-01-20T16:00:00.000Z
sensor.camera_g_umidita,35.334983901,2026-01-20T17:00:00.000Z
sensor.camera_g_umidita,34.989469895333336,2026-01-20T18:00:00.000Z
sensor.camera_g_umidita,34.85812838419444,2026-01-20T19:00:00.000Z
sensor.camera_g_umidita,35.82695946075,2026-01-20T20:00:00.000Z
sensor.camera_g_umidita,35.94207286763889,2026-01-20T21:00:00.000Z
sensor.camera_g_umidita,37.17230702033333,2026-01-20T22:00:00.000Z
sensor.camera_g_umidita,36.766447071916666,2026-01-20T23:00:00.000Z
sensor.camera_g_umidita,36.94953359516666,2026-01-21T00:00:00.000Z
sensor.camera_g_umidita,37.31465119130556,2026-01-21T01:00:00.000Z
sensor.camera_g_umidita,37.61265334936112,2026-01-21T02:00:00.000Z
sensor.camera_g_umidita,37.72517264388889,2026-01-21T03:00:00.000Z
sensor.camera_g_umidita,37.616105062222225,2026-01-21T04:00:00.000Z
sensor.camera_g_umidita,37.59402844666667,2026-01-21T05:00:00.000Z
sensor.camera_g_umidita,37.05452481855556,2026-01-21T06:00:00.000Z
sensor.camera_g_umidita,36.248344557,2026-01-21T07:00:00.000Z
sensor.camera_g_umidita,36.01601109138889,2026-01-21T08:00:00.000Z
sensor.camera_g_umidita,35.053063645499996,2026-01-21T09:00:00.000Z
sensor.camera_g_umidita,34.702469525750004,2026-01-21T10:00:00.000Z
sensor.camera_g_umidita,34.625155465194446,2026-01-21T11:00:00.000Z
sensor.camera_g_umidita,34.4631809835,2026-01-21T12:00:00.000Z
sensor.camera_g_umidita,34.34127601852777,2026-01-21T13:00:00.000Z
sensor.camera_g_umidita,34.51737859675,2026-01-21T14:00:00.000Z
sensor.camera_g_umidita,34.53778102677778,2026-01-21T15:00:00.000Z
sensor.camera_g_umidita,34.56987070705556,2026-01-21T16:00:00.000Z
sensor.camera_g_umidita,34.72166746166667,2026-01-21T17:00:00.000Z
sensor.camera_g_umidita,35.23499174666667,2026-01-21T18:00:00.000Z
sensor.camera_g_umidita,35.402208832999996,2026-01-21T19:00:00.000Z
sensor.camera_g_umidita,35.24792378233333,2026-01-21T20:00:00.000Z
sensor.camera_g_umidita,34.841698266583336,2026-01-21T21:00:00.000Z
sensor.camera_g_umidita,34.98745663180556,2026-01-21T22:00:00.000Z
sensor.camera_g_umidita,35.426704832055556,2026-01-21T23:00:00.000Z
sensor.camera_g_umidita,35.790421063416666,2026-01-22T00:00:00.000Z
sensor.camera_g_umidita,36.08888200919444,2026-01-22T01:00:00.000Z
sensor.camera_g_umidita,36.28076266308333,2026-01-22T02:00:00.000Z
sensor.camera_g_umidita,36.495943033611105,2026-01-22T03:00:00.000Z
sensor.camera_g_umidita,36.51977392716667,2026-01-22T04:00:00.000Z
sensor.camera_g_umidita,36.551085115777774,2026-01-22T05:00:00.000Z
sensor.camera_g_umidita,35.96631186497222,2026-01-22T06:00:00.000Z
sensor.camera_g_umidita,35.17152944302777,2026-01-22T07:00:00.000Z
sensor.camera_g_umidita,34.95447262794445,2026-01-22T08:00:00.000Z
sensor.camera_g_umidita,34.22492282683333,2026-01-22T09:00:00.000Z
sensor.camera_g_umidita,34,2026-01-22T10:00:00.000Z
sensor.camera_g_umidita,33.93456680508333,2026-01-22T11:00:00.000Z
sensor.camera_g_umidita,33.88927861891667,2026-01-22T12:00:00.000Z
sensor.camera_g_umidita,33.966443657666666,2026-01-22T13:00:00.000Z
sensor.camera_g_umidita,34.093317580805554,2026-01-22T14:00:00.000Z
sensor.camera_g_umidita,34.30037423533333,2026-01-22T15:00:00.000Z
sensor.camera_g_umidita,34.576297063666665,2026-01-22T16:00:00.000Z
sensor.camera_g_umidita,35.08405584486111,2026-01-22T17:00:00.000Z
sensor.camera_g_umidita,35.353306462527776,2026-01-22T18:00:00.000Z
sensor.camera_g_umidita,35.11268948544444,2026-01-22T19:00:00.000Z
sensor.camera_g_umidita,35.70129412888889,2026-01-22T20:00:00.000Z
sensor.camera_g_umidita,35.74061673083333,2026-01-22T21:00:00.000Z
sensor.camera_g_umidita,36.28067926852778,2026-01-22T22:00:00.000Z
sensor.camera_g_umidita,37.19018723911111,2026-01-22T23:00:00.000Z
sensor.camera_g_umidita,38.02363941588889,2026-01-23T00:00:00.000Z
sensor.camera_g_umidita,38.569338257333335,2026-01-23T01:00:00.000Z
sensor.camera_g_umidita,39.05453697294444,2026-01-23T02:00:00.000Z
sensor.camera_g_umidita,39.472626403583334,2026-01-23T03:00:00.000Z
sensor.camera_g_umidita,39.75384969425,2026-01-23T04:00:00.000Z
sensor.camera_g_umidita,40.03422561358334,2026-01-23T05:00:00.000Z
sensor.camera_g_umidita,39.44568839911111,2026-01-23T06:00:00.000Z
sensor.camera_g_umidita,38.595185476888894,2026-01-23T07:00:00.000Z
sensor.camera_g_umidita,38.18767168238889,2026-01-23T08:00:00.000Z
sensor.camera_g_umidita,37.49708184338889,2026-01-23T09:00:00.000Z
sensor.camera_g_umidita,37.166816185222224,2026-01-23T10:00:00.000Z
sensor.camera_g_umidita,37.05908973658334,2026-01-23T11:00:00.000Z
sensor.camera_g_umidita,36.95137315713889,2026-01-23T12:00:00.000Z
sensor.camera_g_umidita,36.75376715722222,2026-01-23T13:00:00.000Z
sensor.camera_g_umidita,36.830357135166665,2026-01-23T14:00:00.000Z
sensor.camera_g_umidita,37.1,2026-01-23T15:00:00.000Z
sensor.camera_g_umidita,37.024503544194445,2026-01-23T16:00:00.000Z
sensor.camera_g_umidita,37.145272297805555,2026-01-23T17:00:00.000Z
sensor.camera_g_umidita,37.46762553097222,2026-01-23T18:00:00.000Z
sensor.camera_g_umidita,37.79602291491667,2026-01-23T19:00:00.000Z
sensor.camera_g_umidita,37.63752895747222,2026-01-23T20:00:00.000Z
sensor.camera_g_umidita,38.26661043225,2026-01-23T21:00:00.000Z
sensor.camera_g_umidita,38.93419238516667,2026-01-23T22:00:00.000Z
sensor.camera_g_umidita,39.522393126,2026-01-23T23:00:00.000Z
sensor.camera_g_umidita,40.1449404485,2026-01-24T00:00:00.000Z
sensor.camera_g_umidita,40.69194085677778,2026-01-24T01:00:00.000Z
sensor.camera_g_umidita,40.98692496111111,2026-01-24T02:00:00.000Z
sensor.camera_g_umidita,41.190650290777775,2026-01-24T03:00:00.000Z
sensor.camera_g_umidita,41.53898899591667,2026-01-24T04:00:00.000Z
sensor.camera_g_umidita,41.88265111925,2026-01-24T05:00:00.000Z
sensor.camera_g_umidita,42.23802851916667,2026-01-24T06:00:00.000Z
sensor.camera_g_umidita,42.20410791930556,2026-01-24T07:00:00.000Z
sensor.camera_g_umidita,41.070494324416664,2026-01-24T08:00:00.000Z
sensor.camera_g_umidita,40.44311994872222,2026-01-24T09:00:00.000Z
sensor.camera_g_umidita,39.93767290563889,2026-01-24T10:00:00.000Z
sensor.camera_g_umidita,39.42470586080555,2026-01-24T11:00:00.000Z
sensor.camera_g_umidita,39.25518272405556,2026-01-24T12:00:00.000Z
sensor.camera_g_umidita,39.059301402277775,2026-01-24T13:00:00.000Z
sensor.camera_g_umidita,38.99446288311111,2026-01-24T14:00:00.000Z
sensor.camera_g_umidita,39.16959234861111,2026-01-24T15:00:00.000Z
sensor.camera_g_umidita,39.343096825555556,2026-01-24T16:00:00.000Z
sensor.camera_g_umidita,39.79673634763889,2026-01-24T17:00:00.000Z
sensor.camera_g_umidita,40.83636125611111,2026-01-24T18:00:00.000Z
sensor.camera_g_umidita,40.88866186622222,2026-01-24T19:00:00.000Z
sensor.camera_g_umidita,40.81292915058334,2026-01-24T20:00:00.000Z
sensor.camera_g_umidita,40.43358938758333,2026-01-24T21:00:00.000Z
sensor.camera_g_umidita,40.957344752833336,2026-01-24T22:00:00.000Z
sensor.camera_g_umidita,41.970246387972225,2026-01-24T23:00:00.000Z
sensor.camera_g_umidita,42.88090810191667,2026-01-25T00:00:00.000Z
sensor.camera_g_umidita,43.58717430727777,2026-01-25T01:00:00.000Z
sensor.camera_g_umidita,44.165771898222225,2026-01-25T02:00:00.000Z
sensor.camera_g_umidita,44.64118200527778,2026-01-25T03:00:00.000Z
sensor.camera_g_umidita,44.99148675763889,2026-01-25T04:00:00.000Z
sensor.camera_g_umidita,45.17154401725,2026-01-25T05:00:00.000Z
sensor.camera_g_umidita,45.145893696916666,2026-01-25T06:00:00.000Z
sensor.camera_g_umidita,45.21836320458333,2026-01-25T07:00:00.000Z
sensor.camera_g_umidita,45.21028479588889,2026-01-25T08:00:00.000Z
sensor.camera_g_umidita,43.695110244805555,2026-01-25T09:00:00.000Z
sensor.camera_g_umidita,42.78190625719444,2026-01-25T10:00:00.000Z
sensor.camera_g_umidita,42.07109816622222,2026-01-25T11:00:00.000Z
sensor.camera_g_umidita,41.782823953333335,2026-01-25T12:00:00.000Z
sensor.camera_g_umidita,41.41914872652778,2026-01-25T13:00:00.000Z
sensor.camera_g_umidita,40.89763658655556,2026-01-25T14:00:00.000Z
sensor.camera_g_umidita,40.545301122000005,2026-01-25T15:00:00.000Z
sensor.camera_g_umidita,40.343627497250004,2026-01-25T16:00:00.000Z
sensor.camera_g_umidita,40.33919496508333,2026-01-25T17:00:00.000Z
sensor.camera_g_umidita,39.740822908944445,2026-01-25T18:00:00.000Z
sensor.camera_g_umidita,38.99543662961111,2026-01-25T19:00:00.000Z
sensor.camera_g_umidita,38.373755996305555,2026-01-25T20:00:00.000Z
sensor.camera_g_umidita,38.138564148916664,2026-01-25T21:00:00.000Z
sensor.camera_g_umidita,38.5885327925,2026-01-25T22:00:00.000Z
sensor.camera_g_umidita,39.457941624916664,2026-01-25T23:00:00.000Z
sensor.camera_g_umidita,40.087792296138886,2026-01-26T00:00:00.000Z
sensor.camera_g_umidita,40.636901025861114,2026-01-26T01:00:00.000Z
sensor.camera_g_umidita,41.27685287261111,2026-01-26T02:00:00.000Z
sensor.camera_g_umidita,41.772850277888885,2026-01-26T03:00:00.000Z
sensor.camera_g_umidita,42.15700860897223,2026-01-26T04:00:00.000Z
sensor.camera_g_umidita,42.39641191469445,2026-01-26T05:00:00.000Z
sensor.camera_g_umidita,41.917272220361106,2026-01-26T06:00:00.000Z
sensor.camera_g_umidita,41.0147907935,2026-01-26T07:00:00.000Z
sensor.camera_g_umidita,40.32011608691666,2026-01-26T08:00:00.000Z
sensor.camera_g_umidita,39.58442219616666,2026-01-26T09:00:00.000Z
sensor.camera_g_umidita,39.28935631825,2026-01-26T10:00:00.000Z
sensor.camera_g_umidita,39.02332800255556,2026-01-26T11:00:00.000Z
sensor.camera_g_umidita,38.45956647225,2026-01-26T12:00:00.000Z
sensor.camera_g_umidita,37.80522567347222,2026-01-26T13:00:00.000Z
sensor.camera_g_umidita,37.591616568111114,2026-01-26T14:00:00.000Z
sensor.camera_g_umidita,37.698003750999995,2026-01-26T15:00:00.000Z
sensor.camera_g_umidita,37.61612282069445,2026-01-26T16:00:00.000Z
sensor.camera_g_umidita,37.89405895283333,2026-01-26T17:00:00.000Z
sensor.camera_g_umidita,38.45375857855556,2026-01-26T18:00:00.000Z
sensor.camera_g_umidita,38.70750226475,2026-01-26T19:00:00.000Z
sensor.camera_g_umidita,39.216203962222224,2026-01-26T20:00:00.000Z
sensor.camera_g_umidita,39.533008294999995,2026-01-26T21:00:00.000Z
sensor.camera_g_umidita,41.173244016472225,2026-01-26T22:00:00.000Z
sensor.camera_g_umidita,41.14090438261111,2026-01-26T23:00:00.000Z
sensor.camera_g_umidita,41.16653253747222,2026-01-27T00:00:00.000Z
sensor.camera_g_umidita,41.27483268216667,2026-01-27T01:00:00.000Z
sensor.camera_g_umidita,41.25967490883333,2026-01-27T02:00:00.000Z
sensor.camera_g_umidita,41.09552635405556,2026-01-27T03:00:00.000Z
sensor.camera_g_umidita,41,2026-01-27T04:00:00.000Z
sensor.camera_g_umidita,40.753260157583334,2026-01-27T05:00:00.000Z
sensor.camera_g_umidita,40.09426419541666,2026-01-27T06:00:00.000Z
sensor.camera_g_umidita,40.22263244855556,2026-01-27T07:00:00.000Z
sensor.camera_g_umidita,40.37702129922222,2026-01-27T08:00:00.000Z
sensor.camera_g_umidita,40.39230215058333,2026-01-27T09:00:00.000Z
sensor.camera_g_umidita,40.96027495794444,2026-01-27T10:00:00.000Z
sensor.camera_g_umidita,41.258826866805556,2026-01-27T11:00:00.000Z
sensor.camera_g_umidita,41.34138531133333,2026-01-27T12:00:00.000Z
sensor.camera_g_umidita,41.45864237836111,2026-01-27T13:00:00.000Z
sensor.camera_g_umidita,41.544696207583335,2026-01-27T14:00:00.000Z
sensor.camera_g_umidita,42.232212869916665,2026-01-27T15:00:00.000Z
sensor.camera_g_umidita,42.82338798488889,2026-01-27T16:00:00.000Z
sensor.camera_g_umidita,44.09890805163889,2026-01-27T17:00:00.000Z
sensor.camera_g_umidita,44.735837717694444,2026-01-27T18:00:00.000Z
sensor.camera_g_umidita,44.79095228552777,2026-01-27T19:00:00.000Z
sensor.camera_g_umidita,45.242682146305555,2026-01-27T20:00:00.000Z
sensor.camera_g_umidita,45.53558448983333,2026-01-27T21:00:00.000Z
sensor.camera_g_umidita,44.92089626347222,2026-01-27T22:00:00.000Z
sensor.camera_g_umidita,44.06931899044445,2026-01-27T23:00:00.000Z
sensor.camera_g_umidita,44.43221463369445,2026-01-28T00:00:00.000Z
sensor.camera_g_umidita,44.89579958644445,2026-01-28T01:00:00.000Z
sensor.camera_g_umidita,45.22482182369445,2026-01-28T02:00:00.000Z
sensor.camera_g_umidita,45.52469738933333,2026-01-28T03:00:00.000Z
sensor.camera_g_umidita,45.745767793611115,2026-01-28T04:00:00.000Z
sensor.camera_g_umidita,45.83670925144444,2026-01-28T05:00:00.000Z
sensor.camera_g_umidita,45.32480732461111,2026-01-28T06:00:00.000Z
sensor.camera_g_umidita,44.49028512630556,2026-01-28T07:00:00.000Z
sensor.camera_g_umidita,44.328893421277776,2026-01-28T08:00:00.000Z
sensor.camera_g_umidita,43.44576388730555,2026-01-28T09:00:00.000Z
sensor.camera_g_umidita,43.29974279947222,2026-01-28T10:00:00.000Z
sensor.camera_g_umidita,43.04330646983333,2026-01-28T11:00:00.000Z
sensor.camera_g_umidita,42.9,2026-01-28T12:00:00.000Z
sensor.camera_g_umidita,42.9,2026-01-28T13:00:00.000Z
sensor.camera_g_umidita,42.819014087166664,2026-01-28T14:00:00.000Z
sensor.camera_g_umidita,42.81802608222222,2026-01-28T15:00:00.000Z
sensor.camera_g_umidita,42.941274465444444,2026-01-28T16:00:00.000Z
sensor.camera_g_umidita,43.12093839,2026-01-28T17:00:00.000Z
sensor.camera_g_umidita,43.07200743633334,2026-01-28T18:00:00.000Z
sensor.camera_g_umidita,42.92856930586111,2026-01-28T19:00:00.000Z
sensor.camera_g_umidita,42.64304034352778,2026-01-28T20:00:00.000Z
sensor.camera_g_umidita,42.346191392222224,2026-01-28T21:00:00.000Z
sensor.camera_g_umidita,43.782204333833334,2026-01-28T22:00:00.000Z
sensor.camera_g_umidita,44.599917611555554,2026-01-28T23:00:00.000Z
sensor.camera_g_umidita,44.89892403366667,2026-01-29T00:00:00.000Z
sensor.camera_g_umidita,45.07707179925,2026-01-29T01:00:00.000Z
sensor.camera_g_umidita,45.35364052333333,2026-01-29T02:00:00.000Z
sensor.camera_g_umidita,45.671727242638894,2026-01-29T03:00:00.000Z
sensor.camera_g_umidita,45.97228697327778,2026-01-29T04:00:00.000Z
sensor.camera_g_umidita,46.22516894319444,2026-01-29T05:00:00.000Z
sensor.camera_g_umidita,45.599720318972224,2026-01-29T06:00:00.000Z
sensor.camera_g_umidita,44.846466222555556,2026-01-29T07:00:00.000Z
sensor.camera_g_umidita,44.41168913697222,2026-01-29T08:00:00.000Z
sensor.camera_g_umidita,43.65317030719444,2026-01-29T09:00:00.000Z
sensor.camera_g_umidita,43.55754008108334,2026-01-29T10:00:00.000Z
sensor.camera_g_umidita,43.43304196322222,2026-01-29T11:00:00.000Z
sensor.camera_g_umidita,43.275795777388886,2026-01-29T12:00:00.000Z
sensor.camera_g_umidita,43.356425717777775,2026-01-29T13:00:00.000Z
sensor.camera_g_umidita,43.303629885722216,2026-01-29T14:00:00.000Z
sensor.camera_g_umidita,43.11104311408334,2026-01-29T15:00:00.000Z
sensor.camera_g_umidita,42.710118056361104,2026-01-29T16:00:00.000Z
sensor.camera_g_umidita,42.52086241930555,2026-01-29T17:00:00.000Z
sensor.camera_g_umidita,42.47731977330556,2026-01-29T18:00:00.000Z
sensor.camera_g_umidita,41.83959557722223,2026-01-29T19:00:00.000Z
sensor.camera_g_umidita,41.21427825591667,2026-01-29T20:00:00.000Z
sensor.camera_g_umidita,40.44201493947222,2026-01-29T21:00:00.000Z
sensor.camera_g_umidita,40.68049769511111,2026-01-29T22:00:00.000Z
sensor.camera_g_umidita,41.15189421686111,2026-01-29T23:00:00.000Z
sensor.camera_g_umidita,41.61618716638889,2026-01-30T00:00:00.000Z
sensor.camera_g_umidita,41.87222148052778,2026-01-30T01:00:00.000Z
sensor.camera_g_umidita,42.170223726555555,2026-01-30T02:00:00.000Z
sensor.camera_g_umidita,42.3534296875,2026-01-30T03:00:00.000Z
sensor.camera_g_umidita,42.688071458694445,2026-01-30T04:00:00.000Z
sensor.camera_g_umidita,43.09371658588889,2026-01-30T05:00:00.000Z
sensor.camera_g_umidita,42.85178557741667,2026-01-30T06:00:00.000Z
sensor.camera_g_umidita,42.272542996944445,2026-01-30T07:00:00.000Z
sensor.camera_g_umidita,42.225647299694444,2026-01-30T08:00:00.000Z
sensor.camera_g_umidita,41.88494002294444,2026-01-30T09:00:00.000Z
sensor.camera_g_umidita,42.09332910958334,2026-01-30T10:00:00.000Z
sensor.camera_g_umidita,42.150332799944444,2026-01-30T11:00:00.000Z
sensor.camera_g_umidita,41.69152271038889,2026-01-30T12:00:00.000Z
sensor.camera_g_umidita,41.01881561011111,2026-01-30T13:00:00.000Z
sensor.camera_g_umidita,41.26574645888889,2026-01-30T14:00:00.000Z
sensor.camera_g_umidita,41.871160128722224,2026-01-30T15:00:00.000Z
sensor.camera_g_umidita,42.08019227655556,2026-01-30T16:00:00.000Z
sensor.camera_g_umidita,41.881530049055556,2026-01-30T17:00:00.000Z
sensor.camera_g_umidita,41.71645785083333,2026-01-30T18:00:00.000Z
sensor.camera_g_umidita,41.71072856633334,2026-01-30T19:00:00.000Z
sensor.camera_g_umidita,41.89730995011111,2026-01-30T20:00:00.000Z
sensor.camera_g_umidita,41.588255374027774,2026-01-30T21:00:00.000Z
sensor.camera_g_umidita,42.07156398555556,2026-01-30T22:00:00.000Z
sensor.camera_g_umidita,43.621701219694444,2026-01-30T23:00:00.000Z
sensor.camera_g_umidita,44.09648369944444,2026-01-31T00:00:00.000Z
sensor.camera_g_umidita,42.82763643725,2026-01-31T01:00:00.000Z
sensor.camera_g_umidita,41.98137889425001,2026-01-31T02:00:00.000Z
sensor.camera_g_umidita,41.63685213880556,2026-01-31T03:00:00.000Z
sensor.camera_g_umidita,41.42715228197222,2026-01-31T04:00:00.000Z
sensor.camera_g_umidita,41.34458987686111,2026-01-31T05:00:00.000Z
sensor.camera_g_umidita,41.29645342133333,2026-01-31T06:00:00.000Z
sensor.camera_g_umidita,41.60659175227778,2026-01-31T07:00:00.000Z
sensor.camera_g_umidita,42.12359805305555,2026-01-31T08:00:00.000Z
sensor.camera_g_umidita,42.058553709111116,2026-01-31T09:00:00.000Z
sensor.camera_g_umidita,41.9,2026-01-31T10:00:00.000Z
sensor.camera_g_umidita,41.79718154691667,2026-01-31T11:00:00.000Z
sensor.camera_g_umidita,41.64127763955556,2026-01-31T12:00:00.000Z
sensor.camera_g_umidita,41.59172967963889,2026-01-31T13:00:00.000Z
sensor.camera_g_umidita,41.334744112416665,2026-01-31T14:00:00.000Z
sensor.camera_g_umidita,41.28388984438889,2026-01-31T15:00:00.000Z
sensor.camera_g_umidita,41.22516319533333,2026-01-31T16:00:00.000Z
sensor.camera_g_umidita,41.144210863611114,2026-01-31T17:00:00.000Z
sensor.camera_g_umidita,41.023300588611114,2026-01-31T18:00:00.000Z
sensor.camera_g_umidita,40.78270326055556,2026-01-31T19:00:00.000Z
sensor.camera_g_umidita,40.563935627111114,2026-01-31T20:00:00.000Z
sensor.camera_g_umidita,40.274324787888894,2026-01-31T21:00:00.000Z
sensor.camera_g_umidita,39.91552495272222,2026-01-31T22:00:00.000Z
sensor.camera_g_umidita,39.64684512975,2026-01-31T23:00:00.000Z
sensor.camera_g_umidita,39.35590712511111,2026-02-01T00:00:00.000Z
sensor.camera_g_umidita,39.37557298730555,2026-02-01T01:00:00.000Z
sensor.camera_g_umidita,39.17587096702778,2026-02-01T02:00:00.000Z
sensor.camera_g_umidita,38.893492757833336,2026-02-01T03:00:00.000Z
sensor.camera_g_umidita,38.671644961944445,2026-02-01T04:00:00.000Z
sensor.camera_g_umidita,38.44127892044444,2026-02-01T05:00:00.000Z
sensor.camera_g_umidita,38.59919516838889,2026-02-01T06:00:00.000Z
sensor.camera_g_umidita,38.85076668863889,2026-02-01T07:00:00.000Z
sensor.camera_g_umidita,39.049428804222224,2026-02-01T08:00:00.000Z
sensor.camera_g_umidita,39.28164549286111,2026-02-01T09:00:00.000Z
sensor.camera_g_umidita,39.505487351,2026-02-01T10:00:00.000Z
sensor.camera_g_umidita,39.791531139,2026-02-01T11:00:00.000Z
sensor.camera_g_umidita,40.00214375638889,2026-02-01T12:00:00.000Z
sensor.camera_g_umidita,40.182817253416665,2026-02-01T13:00:00.000Z
sensor.camera_g_umidita,40.158717131361115,2026-02-01T14:00:00.000Z
sensor.camera_g_umidita,40.15871695016667,2026-02-01T15:00:00.000Z
sensor.camera_g_umidita,40.39010462316667,2026-02-01T16:00:00.000Z
sensor.camera_g_umidita,44.10905462936111,2026-02-01T17:00:00.000Z
sensor.camera_g_umidita,43.72434556613889,2026-02-01T18:00:00.000Z
sensor.camera_g_umidita,42.63145022502778,2026-02-01T19:00:00.000Z
sensor.camera_g_umidita,41.43085887913889,2026-02-01T20:00:00.000Z
sensor.camera_g_umidita,40.61623596588889,2026-02-01T21:00:00.000Z
sensor.camera_g_umidita,40.957291908222224,2026-02-01T22:00:00.000Z
sensor.camera_g_umidita,41.308896677166665,2026-02-01T23:00:00.000Z
sensor.camera_g_umidita,40.22472600408333,2026-02-02T00:00:00.000Z
sensor.camera_g_umidita,39.79773410936111,2026-02-02T01:00:00.000Z
sensor.camera_g_umidita,39.80918403736111,2026-02-02T02:00:00.000Z
sensor.camera_g_umidita,39.81623726269444,2026-02-02T03:00:00.000Z
sensor.camera_g_umidita,39.94073833163889,2026-02-02T04:00:00.000Z
sensor.camera_g_umidita,40.07362917980556,2026-02-02T05:00:00.000Z
sensor.camera_g_umidita,40.243385414694444,2026-02-02T06:00:00.000Z
sensor.camera_g_umidita,40.55175114869444,2026-02-02T07:00:00.000Z
sensor.camera_g_umidita,40.95485296533333,2026-02-02T08:00:00.000Z
sensor.camera_g_umidita,41.248957997472225,2026-02-02T09:00:00.000Z
sensor.camera_g_umidita,41.68539810958333,2026-02-02T10:00:00.000Z
sensor.camera_g_umidita,41.069792237861115,2026-02-02T11:00:00.000Z
sensor.camera_g_umidita,40.67260578172222,2026-02-02T12:00:00.000Z
sensor.camera_g_umidita,40.47404725497222,2026-02-02T13:00:00.000Z
sensor.camera_g_umidita,40.63633514225,2026-02-02T14:00:00.000Z
sensor.camera_g_umidita,40.19901882341667,2026-02-02T15:00:00.000Z
sensor.camera_g_umidita,40.08517388963889,2026-02-02T16:00:00.000Z
sensor.camera_g_umidita,39.75235971361111,2026-02-02T17:00:00.000Z
sensor.camera_g_umidita,39.714407495833335,2026-02-02T18:00:00.000Z
sensor.camera_g_umidita,39.69702849469444,2026-02-02T19:00:00.000Z
sensor.camera_g_umidita,39.954304354444446,2026-02-02T20:00:00.000Z
sensor.camera_g_umidita,40.02481022544445,2026-02-02T21:00:00.000Z
sensor.camera_g_umidita,40.40133938361111,2026-02-02T22:00:00.000Z
sensor.camera_g_umidita,41.062748118083334,2026-02-02T23:00:00.000Z
sensor.camera_g_umidita,41.67017234308333,2026-02-03T00:00:00.000Z
sensor.camera_g_umidita,41.66263922830556,2026-02-03T01:00:00.000Z
sensor.camera_g_umidita,40.734472564638885,2026-02-03T02:00:00.000Z
sensor.camera_g_umidita,40.34962855097222,2026-02-03T03:00:00.000Z
sensor.camera_g_umidita,40.15031174888889,2026-02-03T04:00:00.000Z
sensor.camera_g_umidita,39.89686868636111,2026-02-03T05:00:00.000Z
sensor.camera_g_umidita,39.543261908333335,2026-02-03T06:00:00.000Z
sensor.camera_g_umidita,39.786094006,2026-02-03T07:00:00.000Z
sensor.camera_g_umidita,39.858289893527775,2026-02-03T08:00:00.000Z
sensor.camera_g_umidita,39.85909146388889,2026-02-03T09:00:00.000Z
sensor.camera_g_umidita,40.29540401947222,2026-02-03T10:00:00.000Z
sensor.camera_g_umidita,40.027934644666665,2026-02-03T11:00:00.000Z
sensor.camera_g_umidita,39.414303849111114,2026-02-03T12:00:00.000Z
sensor.camera_g_umidita,39.312487426666664,2026-02-03T13:00:00.000Z
sensor.camera_g_umidita,39.43565365708333,2026-02-03T14:00:00.000Z
sensor.camera_g_umidita,39.65107750691667,2026-02-03T15:00:00.000Z
sensor.camera_g_umidita,39.933646996916664,2026-02-03T16:00:00.000Z
sensor.camera_g_umidita,40.17322275136111,2026-02-03T17:00:00.000Z
sensor.camera_g_umidita,40.310037591972225,2026-02-03T18:00:00.000Z
sensor.camera_g_umidita,40.703013302916666,2026-02-03T19:00:00.000Z
sensor.camera_g_umidita,41.177707693277775,2026-02-03T20:00:00.000Z
sensor.camera_g_umidita,40.63880407744444,2026-02-03T21:00:00.000Z
sensor.camera_g_umidita,40.9880033575,2026-02-03T22:00:00.000Z
sensor.camera_g_umidita,41.77289729536111,2026-02-03T23:00:00.000Z
sensor.camera_g_umidita,42.59869680794444,2026-02-04T00:00:00.000Z
sensor.camera_g_umidita,42.060870500944446,2026-02-04T01:00:00.000Z
sensor.camera_g_umidita,41.590701777111114,2026-02-04T02:00:00.000Z
sensor.camera_g_umidita,41.18930460141667,2026-02-04T03:00:00.000Z
sensor.camera_g_umidita,41.03343506847222,2026-02-04T04:00:00.000Z
sensor.camera_g_umidita,41.05048218955556,2026-02-04T05:00:00.000Z
sensor.camera_g_umidita,41.203788456111106,2026-02-04T06:00:00.000Z
sensor.camera_g_umidita,41.54239932605555,2026-02-04T07:00:00.000Z
sensor.camera_g_umidita,41.67698402961111,2026-02-04T08:00:00.000Z
sensor.camera_g_umidita,42.12511165136112,2026-02-04T09:00:00.000Z
sensor.camera_g_umidita,43.06239646769444,2026-02-04T10:00:00.000Z
sensor.camera_g_umidita,42.90103162347222,2026-02-04T11:00:00.000Z
sensor.camera_g_umidita,42.548989897944445,2026-02-04T12:00:00.000Z
sensor.camera_g_umidita,42.70000000000001,2026-02-04T13:00:00.000Z
sensor.camera_g_umidita,42.84734639694445,2026-02-04T14:00:00.000Z
sensor.camera_g_umidita,42.94966878086111,2026-02-04T15:00:00.000Z
sensor.camera_g_umidita,43.21020020733334,2026-02-04T16:00:00.000Z
sensor.camera_g_umidita,43.08296091138889,2026-02-04T17:00:00.000Z
sensor.camera_g_umidita,43.01948419394444,2026-02-04T18:00:00.000Z
sensor.camera_g_umidita,42.84496503352778,2026-02-04T19:00:00.000Z
sensor.camera_g_umidita,43.09651841716667,2026-02-04T20:00:00.000Z
sensor.camera_g_umidita,42.82879205044444,2026-02-04T21:00:00.000Z
sensor.camera_g_umidita,45.80658255591666,2026-02-04T22:00:00.000Z
sensor.camera_g_umidita,45.83377418316667,2026-02-04T23:00:00.000Z
sensor.camera_g_umidita,44.92081626575,2026-02-05T00:00:00.000Z
sensor.camera_g_umidita,44.37724984244445,2026-02-05T01:00:00.000Z
sensor.camera_g_umidita,43.98512856597222,2026-02-05T02:00:00.000Z
sensor.camera_g_umidita,43.610355639333335,2026-02-05T03:00:00.000Z
sensor.camera_g_umidita,43.272358936694445,2026-02-05T04:00:00.000Z
sensor.camera_g_umidita,43.01624123188889,2026-02-05T05:00:00.000Z
sensor.camera_g_umidita,42.949523060805554,2026-02-05T06:00:00.000Z
sensor.camera_g_umidita,43.160354234500005,2026-02-05T07:00:00.000Z
sensor.camera_g_umidita,43.223388388194444,2026-02-05T08:00:00.000Z
sensor.camera_g_umidita,43.253699596055554,2026-02-05T09:00:00.000Z
sensor.camera_g_umidita,43.932853571500004,2026-02-05T10:00:00.000Z
sensor.camera_g_umidita,45.99484114275,2026-02-05T11:00:00.000Z
sensor.camera_g_umidita,44.18084650172222,2026-02-05T12:00:00.000Z
sensor.camera_g_umidita,42.63859992961111,2026-02-05T13:00:00.000Z
sensor.camera_g_umidita,42.128721428249996,2026-02-05T14:00:00.000Z
sensor.camera_g_umidita,41.86644517325,2026-02-05T15:00:00.000Z
sensor.camera_g_umidita,41.805901784638884,2026-02-05T16:00:00.000Z
sensor.camera_g_umidita,41.41428644455555,2026-02-05T17:00:00.000Z
sensor.camera_g_umidita,41.625828741250004,2026-02-05T18:00:00.000Z
sensor.camera_g_umidita,41.48833233836111,2026-02-05T19:00:00.000Z
sensor.camera_g_umidita,41.92893126763889,2026-02-05T20:00:00.000Z
sensor.camera_g_umidita,42.41835605419444,2026-02-05T21:00:00.000Z
sensor.camera_g_umidita,43.478563711305554,2026-02-05T22:00:00.000Z
sensor.camera_g_umidita,44.81586506794445,2026-02-05T23:00:00.000Z
sensor.camera_g_umidita,45.09191182427778,2026-02-06T00:00:00.000Z
sensor.camera_g_umidita,44.44765770491667,2026-02-06T01:00:00.000Z
sensor.camera_g_umidita,44.20256415027777,2026-02-06T02:00:00.000Z
sensor.camera_g_umidita,44.1,2026-02-06T03:00:00.000Z
sensor.camera_g_umidita,43.971676364,2026-02-06T04:00:00.000Z
sensor.camera_g_umidita,44.00182665649999,2026-02-06T05:00:00.000Z
sensor.camera_g_umidita,44.24242454238888,2026-02-06T06:00:00.000Z
sensor.camera_g_umidita,44.46613556611111,2026-02-06T07:00:00.000Z
sensor.camera_g_umidita,44.375649860416665,2026-02-06T08:00:00.000Z
sensor.camera_g_umidita,45.009621154277774,2026-02-06T09:00:00.000Z
sensor.camera_g_umidita,46.12777796416666,2026-02-06T10:00:00.000Z
sensor.camera_g_umidita,45.41404643586111,2026-02-06T11:00:00.000Z
sensor.camera_g_umidita,44.49631971661111,2026-02-06T12:00:00.000Z
sensor.camera_g_umidita,44.47313006505556,2026-02-06T13:00:00.000Z
sensor.camera_g_umidita,45.119469278916675,2026-02-06T14:00:00.000Z
sensor.camera_g_umidita,45.48223061875,2026-02-06T15:00:00.000Z
sensor.camera_g_umidita,45.76186993652777,2026-02-06T16:00:00.000Z
sensor.camera_g_umidita,45.92607569038889,2026-02-06T17:00:00.000Z
sensor.camera_g_umidita,46.33748358136111,2026-02-06T18:00:00.000Z
sensor.camera_g_umidita,47.52317864816666,2026-02-06T19:00:00.000Z
sensor.camera_g_umidita,48.431392590083334,2026-02-06T20:00:00.000Z
sensor.camera_g_umidita,48.992537043944445,2026-02-06T21:00:00.000Z
sensor.camera_g_umidita,48.2,2026-02-06T22:00:00.000Z
sensor.camera_g_umidita,41.3,2026-02-07T06:00:00.000Z
sensor.camera_g_umidita,41.15819997141667,2026-02-07T07:00:00.000Z
sensor.camera_g_umidita,41.28620047766667,2026-02-07T08:00:00.000Z
sensor.camera_g_umidita,51.48572076244445,2026-03-14T13:00:00.000Z
sensor.camera_g_umidita,51.097373215333334,2026-03-14T14:00:00.000Z
sensor.camera_g_umidita,50.19801402130556,2026-03-14T15:00:00.000Z
sensor.camera_g_umidita,49.62768962516666,2026-03-14T16:00:00.000Z
sensor.camera_g_umidita,48.95097276505555,2026-03-14T17:00:00.000Z
sensor.camera_g_umidita,48.59499949880556,2026-03-14T18:00:00.000Z
sensor.camera_g_umidita,48.202152714638885,2026-03-14T19:00:00.000Z
sensor.camera_g_umidita,48.13949813897222,2026-03-14T20:00:00.000Z
sensor.camera_g_umidita,48.032913285027774,2026-03-14T21:00:00.000Z
sensor.camera_g_umidita,48.481959949305555,2026-03-14T22:00:00.000Z
sensor.camera_g_umidita,49.493280879,2026-03-14T23:00:00.000Z
sensor.camera_g_umidita,50.48745338816667,2026-03-15T00:00:00.000Z
sensor.camera_g_umidita,51.14418200316666,2026-03-15T01:00:00.000Z
sensor.camera_g_umidita,51.46494529680555,2026-03-15T02:00:00.000Z
sensor.camera_g_umidita,51.44127504302778,2026-03-15T03:00:00.000Z
sensor.camera_g_umidita,51.538447091777776,2026-03-15T04:00:00.000Z
sensor.camera_g_umidita,51.75527517688889,2026-03-15T05:00:00.000Z
sensor.camera_g_umidita,51.80525129961111,2026-03-15T06:00:00.000Z
sensor.camera_g_umidita,51.431420394583334,2026-03-15T07:00:00.000Z
sensor.camera_g_umidita,51.47064583491667,2026-03-15T08:00:00.000Z
sensor.camera_g_umidita,50.32051779019444,2026-03-15T09:00:00.000Z
sensor.camera_g_umidita,49.02359341072222,2026-03-15T10:00:00.000Z
sensor.camera_g_umidita,48.09519801441667,2026-03-15T11:00:00.000Z
sensor.camera_g_umidita,47.07237174072222,2026-03-15T12:00:00.000Z
sensor.camera_g_umidita,46.77533023977778,2026-03-15T13:00:00.000Z
sensor.camera_g_umidita,46.609446168194445,2026-03-15T14:00:00.000Z
sensor.camera_g_umidita,46.390837775083334,2026-03-15T15:00:00.000Z
sensor.camera_g_umidita,46.62083800338889,2026-03-15T16:00:00.000Z
sensor.camera_g_umidita,46.74193841308334,2026-03-15T17:00:00.000Z
sensor.camera_g_umidita,47.37685434211111,2026-03-15T18:00:00.000Z
sensor.camera_g_umidita,49.072630846,2026-03-15T19:00:00.000Z
sensor.camera_g_umidita,49.59440519858333,2026-03-15T20:00:00.000Z
sensor.camera_g_umidita,50.01848062697223,2026-03-15T21:00:00.000Z
sensor.camera_g_umidita,50.46376480575,2026-03-15T22:00:00.000Z
sensor.camera_g_umidita,50.44139151997222,2026-03-15T23:00:00.000Z
sensor.camera_g_umidita,50.53347023472222,2026-03-16T00:00:00.000Z
sensor.camera_g_umidita,50.73833048741667,2026-03-16T01:00:00.000Z
sensor.camera_g_umidita,51.001597082138886,2026-03-16T02:00:00.000Z
sensor.camera_g_umidita,51.158859981000006,2026-03-16T03:00:00.000Z
sensor.camera_g_umidita,50.96724504738889,2026-03-16T04:00:00.000Z
sensor.camera_g_umidita,50.90147023572222,2026-03-16T05:00:00.000Z
sensor.camera_g_umidita,50.20701686647222,2026-03-16T06:00:00.000Z
sensor.camera_g_umidita,48.64164391966667,2026-03-16T07:00:00.000Z
sensor.camera_g_umidita,47.88738508502778,2026-03-16T08:00:00.000Z
sensor.camera_g_umidita,47.742047512277786,2026-03-16T09:00:00.000Z
sensor.camera_g_umidita,48.15402466463889,2026-03-16T10:00:00.000Z
sensor.camera_g_umidita,48.342442148611106,2026-03-16T11:00:00.000Z
sensor.camera_g_umidita,48.05271814169444,2026-03-16T12:00:00.000Z
sensor.camera_g_umidita,47.53516307391667,2026-03-16T13:00:00.000Z
sensor.camera_g_umidita,46.47646909005556,2026-03-16T14:00:00.000Z
sensor.camera_g_umidita,46.64014532936111,2026-03-16T15:00:00.000Z
sensor.camera_g_umidita,45.865051218194445,2026-03-16T16:00:00.000Z
sensor.camera_g_umidita,42.02741089991667,2026-03-16T17:00:00.000Z
sensor.camera_g_umidita,40.63019715125,2026-03-16T18:00:00.000Z
sensor.camera_g_umidita,38.55472562055555,2026-03-16T19:00:00.000Z
sensor.camera_g_umidita,37.95045797486111,2026-03-16T20:00:00.000Z
sensor.camera_g_umidita,38.26437642038889,2026-03-16T21:00:00.000Z
sensor.camera_g_umidita,37.52161360619444,2026-03-16T22:00:00.000Z
sensor.camera_g_umidita,37.537574866944446,2026-03-16T23:00:00.000Z
sensor.camera_g_umidita,37.93955402080555,2026-03-17T00:00:00.000Z
sensor.camera_g_umidita,38.583467114166666,2026-03-17T01:00:00.000Z
sensor.camera_g_umidita,39.28012331227778,2026-03-17T02:00:00.000Z
sensor.camera_g_umidita,39.710788499277776,2026-03-17T03:00:00.000Z
sensor.camera_g_umidita,40.13991398533333,2026-03-17T04:00:00.000Z
sensor.camera_g_umidita,40.677739240722225,2026-03-17T05:00:00.000Z
sensor.camera_g_umidita,41.148062161055556,2026-03-17T06:00:00.000Z
sensor.camera_g_umidita,41.191291401,2026-03-17T07:00:00.000Z
sensor.camera_g_umidita,41.47483188291667,2026-03-17T08:00:00.000Z
sensor.camera_g_umidita,41.63595046061111,2026-03-17T09:00:00.000Z
sensor.camera_g_umidita,42.29471759872222,2026-03-17T10:00:00.000Z
sensor.camera_g_umidita,42.97628736202778,2026-03-17T11:00:00.000Z
sensor.camera_g_umidita,43.23355195525,2026-03-17T12:00:00.000Z
sensor.camera_g_umidita,43.100186766,2026-03-17T13:00:00.000Z
sensor.camera_g_umidita,42.57140867238889,2026-03-17T14:00:00.000Z
sensor.camera_g_umidita,42.48258733791666,2026-03-17T15:00:00.000Z
sensor.camera_g_umidita,41.52442959677778,2026-03-17T16:00:00.000Z
sensor.camera_g_umidita,40.934895352944444,2026-03-17T17:00:00.000Z
sensor.camera_g_umidita,40.75729214919445,2026-03-17T18:00:00.000Z
sensor.camera_g_umidita,42.02002217161111,2026-03-17T19:00:00.000Z
sensor.camera_g_umidita,45.17645729538889,2026-03-17T20:00:00.000Z
sensor.camera_g_umidita,43.02588608702778,2026-03-17T21:00:00.000Z
sensor.camera_g_umidita,42.20001140522222,2026-03-17T22:00:00.000Z
sensor.camera_g_umidita,42.21555902316667,2026-03-17T23:00:00.000Z
sensor.camera_g_umidita,42.60935536763889,2026-03-18T00:00:00.000Z
sensor.camera_g_umidita,43.097632962333336,2026-03-18T01:00:00.000Z
sensor.camera_g_umidita,43.547276716805555,2026-03-18T02:00:00.000Z
sensor.camera_g_umidita,43.85620243563889,2026-03-18T03:00:00.000Z
sensor.camera_g_umidita,44.12131091988889,2026-03-18T04:00:00.000Z
sensor.camera_g_umidita,43.91931176688889,2026-03-18T05:00:00.000Z
sensor.camera_g_umidita,43.48240555591667,2026-03-18T06:00:00.000Z
sensor.camera_g_umidita,43.5655164445,2026-03-18T07:00:00.000Z
sensor.camera_g_umidita,43.21690280894444,2026-03-18T08:00:00.000Z
sensor.camera_g_umidita,42.02431506594444,2026-03-18T09:00:00.000Z
sensor.camera_g_umidita,40.86738142108334,2026-03-18T10:00:00.000Z
sensor.camera_g_umidita,39.573984584861115,2026-03-18T11:00:00.000Z
sensor.camera_g_umidita,38.78620900263889,2026-03-18T12:00:00.000Z
sensor.camera_g_umidita,38.50933217688889,2026-03-18T13:00:00.000Z
sensor.camera_g_umidita,38.451947881,2026-03-18T14:00:00.000Z
sensor.camera_g_umidita,38.115647072222224,2026-03-18T15:00:00.000Z
sensor.camera_g_umidita,37.39742288302778,2026-03-18T16:00:00.000Z
sensor.camera_g_umidita,37.25493555738889,2026-03-18T17:00:00.000Z
sensor.camera_g_umidita,37.63880194122222,2026-03-18T18:00:00.000Z
sensor.camera_g_umidita,38.64652344294444,2026-03-18T19:00:00.000Z
sensor.camera_g_umidita,39.72842160169444,2026-03-18T20:00:00.000Z
sensor.camera_g_umidita,41.145830805888885,2026-03-18T21:00:00.000Z
sensor.camera_g_umidita,41.33784619558333,2026-03-18T22:00:00.000Z
sensor.camera_g_umidita,41.619574623194445,2026-03-18T23:00:00.000Z
sensor.camera_g_umidita,41.875726863333334,2026-03-19T00:00:00.000Z
sensor.camera_g_umidita,42.10794537977778,2026-03-19T01:00:00.000Z
sensor.camera_g_umidita,42.14127706552778,2026-03-19T02:00:00.000Z
sensor.camera_g_umidita,42.288508508916664,2026-03-19T03:00:00.000Z
sensor.camera_g_umidita,42.42261438608333,2026-03-19T04:00:00.000Z
sensor.camera_g_umidita,42.478053886805554,2026-03-19T05:00:00.000Z
sensor.camera_g_umidita,42.36644267572222,2026-03-19T06:00:00.000Z
sensor.camera_g_umidita,42.58692926272222,2026-03-19T07:00:00.000Z
sensor.camera_g_umidita,42.59306133502778,2026-03-19T08:00:00.000Z
sensor.camera_g_umidita,41.21740772738889,2026-03-19T09:00:00.000Z
sensor.camera_g_umidita,41.26081368144444,2026-03-19T10:00:00.000Z
sensor.camera_g_umidita,40.73123845422222,2026-03-19T11:00:00.000Z
sensor.camera_g_umidita,39.89861484530555,2026-03-19T12:00:00.000Z
sensor.camera_g_umidita,39.6344553175,2026-03-19T13:00:00.000Z
sensor.camera_g_umidita,39.97582251252778,2026-03-19T14:00:00.000Z
sensor.camera_g_umidita,40.31827495369444,2026-03-19T15:00:00.000Z
sensor.camera_g_umidita,39.77435584811111,2026-03-19T16:00:00.000Z
sensor.camera_g_umidita,38.575551584138886,2026-03-19T17:00:00.000Z
sensor.camera_g_umidita,37.782559664555556,2026-03-19T18:00:00.000Z
sensor.camera_g_umidita,37.965272092305554,2026-03-19T19:00:00.000Z
sensor.camera_g_umidita,38.52330787888889,2026-03-19T20:00:00.000Z
sensor.camera_g_umidita,38.39735474713889,2026-03-19T21:00:00.000Z
sensor.camera_g_umidita,42.341089956333334,2026-03-19T22:00:00.000Z
sensor.camera_g_umidita,41.82478782266667,2026-03-19T23:00:00.000Z
sensor.camera_g_umidita,41.52896874247222,2026-03-20T00:00:00.000Z
sensor.camera_g_umidita,41.591711059148146,2026-03-20T01:00:00.000Z
sensor.camera_g_umidita,41.43129514844444,2026-03-20T02:00:00.000Z
sensor.camera_g_umidita,41.33309289480555,2026-03-20T03:00:00.000Z
sensor.camera_g_umidita,41.3,2026-03-20T04:00:00.000Z
sensor.camera_g_umidita,41.306845415527775,2026-03-20T05:00:00.000Z
sensor.camera_g_umidita,40.89794685913889,2026-03-20T06:00:00.000Z
sensor.camera_g_umidita,39.84525937327778,2026-03-20T07:00:00.000Z
sensor.camera_g_umidita,39.19849922894445,2026-03-20T08:00:00.000Z
sensor.camera_g_umidita,38.35237663702778,2026-03-20T09:00:00.000Z
sensor.camera_g_umidita,37.656010109305555,2026-03-20T10:00:00.000Z
sensor.camera_g_umidita,36.168018049055554,2026-03-20T11:00:00.000Z
sensor.camera_g_umidita,33.338176534333336,2026-03-20T12:00:00.000Z
sensor.camera_g_umidita,32.919672468638886,2026-03-20T13:00:00.000Z
sensor.camera_g_umidita,34.40021715797222,2026-03-20T14:00:00.000Z
sensor.camera_g_umidita,34.968135535694444,2026-03-20T15:00:00.000Z
sensor.camera_g_umidita,35.65653524077778,2026-03-20T16:00:00.000Z
sensor.camera_g_umidita,36.35061111983333,2026-03-20T17:00:00.000Z
sensor.camera_g_umidita,36.46570191466667,2026-03-20T18:00:00.000Z
sensor.camera_g_umidita,36.55227761938889,2026-03-20T19:00:00.000Z
sensor.camera_g_umidita,37.08701762669445,2026-03-20T20:00:00.000Z
sensor.camera_g_umidita,37.25153583005555,2026-03-20T21:00:00.000Z
sensor.camera_g_umidita,37.349544947,2026-03-20T22:00:00.000Z
sensor.camera_g_umidita,37.85224523541667,2026-03-20T23:00:00.000Z
sensor.camera_g_umidita,38.48604430575,2026-03-21T00:00:00.000Z
sensor.camera_g_umidita,39.12183885588889,2026-03-21T01:00:00.000Z
sensor.camera_g_umidita,39.41246110322222,2026-03-21T02:00:00.000Z
sensor.camera_g_umidita,39.85399411308333,2026-03-21T03:00:00.000Z
sensor.camera_g_umidita,39.96701498591667,2026-03-21T04:00:00.000Z
sensor.camera_g_umidita,39.0371668115,2026-03-21T05:00:00.000Z
sensor.camera_g_umidita,38.4544927725,2026-03-21T06:00:00.000Z
sensor.camera_g_umidita,38.077907561694445,2026-03-21T07:00:00.000Z
sensor.camera_g_umidita,37.89050045436111,2026-03-21T08:00:00.000Z
sensor.camera_g_umidita,37.76998663844444,2026-03-21T09:00:00.000Z
sensor.camera_g_umidita,37.7,2026-03-21T10:00:00.000Z
sensor.camera_g_umidita,37.356563734944444,2026-03-21T11:00:00.000Z
sensor.camera_g_umidita,36.767609906333334,2026-03-21T12:00:00.000Z
sensor.camera_g_umidita,36.66813461402777,2026-03-21T13:00:00.000Z
sensor.camera_g_umidita,36.96176694425,2026-03-21T14:00:00.000Z
sensor.camera_g_umidita,37.270351038166666,2026-03-21T15:00:00.000Z
sensor.camera_g_umidita,37.50083047738889,2026-03-21T16:00:00.000Z
sensor.camera_g_umidita,37.39093854769445,2026-03-21T17:00:00.000Z
sensor.camera_g_umidita,37.22776481338889,2026-03-21T18:00:00.000Z
sensor.camera_g_umidita,37.19228869719445,2026-03-21T19:00:00.000Z
sensor.camera_g_umidita,37.19568505488889,2026-03-21T20:00:00.000Z
sensor.camera_g_umidita,37.21926312027778,2026-03-21T21:00:00.000Z
sensor.camera_g_umidita,37.331150164583335,2026-03-21T22:00:00.000Z
sensor.camera_g_umidita,37.733735347666666,2026-03-21T23:00:00.000Z
sensor.camera_g_umidita,38.136234529388894,2026-03-22T00:00:00.000Z
sensor.camera_g_umidita,38.26388177719445,2026-03-22T01:00:00.000Z
sensor.camera_g_umidita,38.47932717838889,2026-03-22T02:00:00.000Z
sensor.camera_g_umidita,38.909472464333334,2026-03-22T03:00:00.000Z
sensor.camera_g_umidita,39.51328156847222,2026-03-22T04:00:00.000Z
sensor.camera_g_umidita,39.86750038769444,2026-03-22T05:00:00.000Z
sensor.camera_g_umidita,40.214963219888894,2026-03-22T06:00:00.000Z
sensor.camera_g_umidita,40.310630323055555,2026-03-22T07:00:00.000Z
sensor.camera_g_umidita,40.183344224138885,2026-03-22T08:00:00.000Z
sensor.camera_g_umidita,39.22670835405555,2026-03-22T09:00:00.000Z
sensor.camera_g_umidita,38.29830497327778,2026-03-22T10:00:00.000Z
sensor.camera_g_umidita,37.31794707655556,2026-03-22T11:00:00.000Z
sensor.camera_g_umidita,37.44451197144445,2026-03-22T12:00:00.000Z
sensor.camera_g_umidita,37.07291791019445,2026-03-22T13:00:00.000Z
sensor.camera_g_umidita,36.47873326119444,2026-03-22T14:00:00.000Z
sensor.camera_g_umidita,36.332559984027775,2026-03-22T15:00:00.000Z
sensor.camera_g_umidita,37.17898724758333,2026-03-22T16:00:00.000Z
sensor.camera_g_umidita,37.16524397725,2026-03-22T17:00:00.000Z
sensor.camera_g_umidita,37.13315324761111,2026-03-22T18:00:00.000Z
sensor.camera_g_umidita,36.95153150944444,2026-03-22T19:00:00.000Z
sensor.camera_g_umidita,37.46496538452778,2026-03-22T20:00:00.000Z
sensor.camera_g_umidita,39.74922395438889,2026-03-22T21:00:00.000Z
sensor.camera_g_umidita,40.216254702916665,2026-03-22T22:00:00.000Z
sensor.camera_g_umidita,40.14659972538889,2026-03-22T23:00:00.000Z
sensor.camera_g_umidita,40.36695904361111,2026-03-23T00:00:00.000Z
sensor.camera_g_umidita,40.80625911630556,2026-03-23T01:00:00.000Z
sensor.camera_g_umidita,41.41024816,2026-03-23T02:00:00.000Z
sensor.camera_g_umidita,41.9035881875,2026-03-23T03:00:00.000Z
sensor.camera_g_umidita,42.193608453694445,2026-03-23T04:00:00.000Z
sensor.camera_g_umidita,42.23486963716667,2026-03-23T05:00:00.000Z
sensor.camera_g_umidita,42.00581427647222,2026-03-23T06:00:00.000Z
sensor.camera_g_umidita,40.76219227236111,2026-03-23T07:00:00.000Z
sensor.camera_g_umidita,39.77587276316667,2026-03-23T08:00:00.000Z
sensor.camera_g_umidita,39.339930841,2026-03-23T09:00:00.000Z
sensor.camera_g_umidita,39.506379344833334,2026-03-23T10:00:00.000Z
sensor.camera_g_umidita,39.67452904755556,2026-03-23T11:00:00.000Z
sensor.camera_g_umidita,39.47138098402778,2026-03-23T12:00:00.000Z
sensor.camera_g_umidita,38.953385990638886,2026-03-23T13:00:00.000Z
sensor.camera_g_umidita,39.02145148702778,2026-03-23T14:00:00.000Z
sensor.camera_g_umidita,38.964059979611115,2026-03-23T15:00:00.000Z
sensor.camera_g_umidita,38.6816955315,2026-03-23T16:00:00.000Z
sensor.camera_g_umidita,38.15145259516667,2026-03-23T17:00:00.000Z
sensor.camera_g_umidita,37.14232438711111,2026-03-23T18:00:00.000Z
sensor.camera_g_umidita,37.51705096986111,2026-03-23T19:00:00.000Z
sensor.camera_g_umidita,37.67417076286111,2026-03-23T20:00:00.000Z
sensor.camera_g_umidita,38.27683580233333,2026-03-23T21:00:00.000Z
sensor.camera_g_umidita,38.80114145458334,2026-03-23T22:00:00.000Z
sensor.camera_g_umidita,39.59559891766667,2026-03-23T23:00:00.000Z
sensor.camera_g_umidita,40.18187590091667,2026-03-24T00:00:00.000Z
sensor.camera_g_umidita,40.44619723555555,2026-03-24T01:00:00.000Z
sensor.camera_g_umidita,40.73249005091667,2026-03-24T02:00:00.000Z
sensor.camera_g_umidita,40.82250561005555,2026-03-24T03:00:00.000Z
sensor.camera_g_umidita,40.67283636886111,2026-03-24T04:00:00.000Z
sensor.camera_g_umidita,40.728491241583335,2026-03-24T05:00:00.000Z
sensor.camera_g_umidita,40.14677603025,2026-03-24T06:00:00.000Z
sensor.camera_g_umidita,39.37345253197222,2026-03-24T07:00:00.000Z
sensor.camera_g_umidita,39.05170784177778,2026-03-24T08:00:00.000Z
sensor.camera_g_umidita,39.129709412472224,2026-03-24T09:00:00.000Z
sensor.camera_g_umidita,39.97180237641667,2026-03-24T10:00:00.000Z
sensor.camera_g_umidita,39.930051412611114,2026-03-24T11:00:00.000Z
sensor.camera_g_umidita,40.01961400458333,2026-03-24T12:00:00.000Z
sensor.camera_g_umidita,39.75664414325,2026-03-24T13:00:00.000Z
sensor.camera_g_umidita,39.63581805297222,2026-03-24T14:00:00.000Z
sensor.camera_g_umidita,40.02295534111111,2026-03-24T15:00:00.000Z
sensor.camera_g_umidita,39.27893568986111,2026-03-24T16:00:00.000Z
sensor.camera_g_umidita,38.60542967325,2026-03-24T17:00:00.000Z
sensor.camera_g_umidita,37.55339818355556,2026-03-24T18:00:00.000Z
sensor.camera_g_umidita,37.76906311052778,2026-03-24T19:00:00.000Z
sensor.camera_g_umidita,38.61673461383334,2026-03-24T20:00:00.000Z
sensor.camera_g_umidita,38.83131746675,2026-03-24T21:00:00.000Z
sensor.camera_g_umidita,39.33982296663889,2026-03-24T22:00:00.000Z
sensor.camera_g_umidita,40.01245339277778,2026-03-24T23:00:00.000Z
sensor.camera_g_umidita,40.51928313,2026-03-25T00:00:00.000Z
sensor.camera_g_umidita,40.94424059266667,2026-03-25T01:00:00.000Z
sensor.camera_g_umidita,41.40080593616667,2026-03-25T02:00:00.000Z
sensor.camera_g_umidita,41.4,2026-03-25T03:00:00.000Z
sensor.camera_g_umidita,41.44455356588889,2026-03-25T04:00:00.000Z
sensor.camera_g_umidita,41.543884306416665,2026-03-25T05:00:00.000Z
sensor.camera_g_umidita,41.218166221888886,2026-03-25T06:00:00.000Z
sensor.camera_g_umidita,40.48791606563889,2026-03-25T07:00:00.000Z
sensor.camera_g_umidita,39.848532394555555,2026-03-25T08:00:00.000Z
sensor.camera_g_umidita,39.78246777083333,2026-03-25T09:00:00.000Z
sensor.camera_g_umidita,39.81343646925,2026-03-25T10:00:00.000Z
sensor.camera_g_umidita,39.736998633999995,2026-03-25T11:00:00.000Z
sensor.camera_g_umidita,39.84757097544444,2026-03-25T12:00:00.000Z
sensor.camera_g_umidita,40.082657493388886,2026-03-25T13:00:00.000Z
sensor.camera_g_umidita,40.51098898511111,2026-03-25T14:00:00.000Z
sensor.camera_g_umidita,41.23134092769444,2026-03-25T15:00:00.000Z
sensor.camera_g_umidita,41.95908072238889,2026-03-25T16:00:00.000Z
sensor.camera_g_umidita,42.67595390019445,2026-03-25T17:00:00.000Z
sensor.camera_g_umidita,43.65973439163889,2026-03-25T18:00:00.000Z
sensor.camera_g_umidita,44.11085757119445,2026-03-25T19:00:00.000Z
sensor.camera_g_umidita,43.69563699533333,2026-03-25T20:00:00.000Z
sensor.camera_g_umidita,43.00065559941667,2026-03-25T21:00:00.000Z
sensor.camera_g_umidita,41.62224063897222,2026-03-25T22:00:00.000Z
sensor.camera_g_umidita,39.60468365311112,2026-03-25T23:00:00.000Z
sensor.camera_g_umidita,38.69221444958333,2026-03-26T00:00:00.000Z
sensor.camera_g_umidita,37.72447386225,2026-03-26T01:00:00.000Z
sensor.camera_g_umidita,37.16027251130556,2026-03-26T02:00:00.000Z
sensor.camera_g_umidita,36.803555148499996,2026-03-26T03:00:00.000Z
sensor.camera_g_umidita,36.52739338208333,2026-03-26T04:00:00.000Z
sensor.camera_g_umidita,36.27650911102778,2026-03-26T05:00:00.000Z
sensor.camera_g_umidita,35.968760921194445,2026-03-26T06:00:00.000Z
sensor.camera_g_umidita,34.23266576722222,2026-03-26T07:00:00.000Z
sensor.camera_g_umidita,32.64387483136111,2026-03-26T08:00:00.000Z
sensor.camera_g_umidita,31.046661637194447,2026-03-26T09:00:00.000Z
sensor.camera_g_umidita,30.376354535999997,2026-03-26T10:00:00.000Z
sensor.camera_g_umidita,29.923008361722225,2026-03-26T11:00:00.000Z
sensor.camera_g_umidita,29.429937769361114,2026-03-26T12:00:00.000Z
sensor.camera_g_umidita,29.162796527972223,2026-03-26T13:00:00.000Z
sensor.camera_g_umidita,28.992656435194444,2026-03-26T14:00:00.000Z
sensor.camera_g_umidita,29.30387671647222,2026-03-26T15:00:00.000Z
sensor.camera_g_umidita,28.29737507138889,2026-03-26T16:00:00.000Z
sensor.camera_g_umidita,26.627296887916668,2026-03-26T17:00:00.000Z
sensor.camera_g_umidita,26.67549873119444,2026-03-26T18:00:00.000Z
sensor.camera_g_umidita,26.77436120477778,2026-03-26T19:00:00.000Z
sensor.camera_g_umidita,27.765046954138892,2026-03-26T20:00:00.000Z
sensor.camera_g_umidita,27.529218758333332,2026-03-26T21:00:00.000Z
sensor.camera_g_umidita,30.38463074741667,2026-03-26T22:00:00.000Z
sensor.camera_g_umidita,29.23025264738889,2026-03-26T23:00:00.000Z
sensor.camera_g_umidita,28.884228661250003,2026-03-27T00:00:00.000Z
sensor.camera_g_umidita,29.235931373194443,2026-03-27T01:00:00.000Z
sensor.camera_g_umidita,29.736598511972222,2026-03-27T02:00:00.000Z
sensor.camera_g_umidita,29.8,2026-03-27T03:00:00.000Z
sensor.camera_g_umidita,29.695596221583333,2026-03-27T04:00:00.000Z
sensor.camera_g_umidita,29.083650673305556,2026-03-27T05:00:00.000Z
sensor.camera_g_umidita,28.398912472305554,2026-03-27T06:00:00.000Z
sensor.camera_g_umidita,28.49909806322222,2026-03-27T07:00:00.000Z
sensor.camera_g_umidita,28.232420021750002,2026-03-27T08:00:00.000Z
sensor.camera_g_umidita,27.29435256266667,2026-03-27T09:00:00.000Z
sensor.camera_g_umidita,26.34599008658333,2026-03-27T10:00:00.000Z
sensor.camera_g_umidita,26.939182202861115,2026-03-27T11:00:00.000Z
sensor.camera_g_umidita,27.891743608805555,2026-03-27T12:00:00.000Z
sensor.camera_g_umidita,28.57097423411111,2026-03-27T13:00:00.000Z
sensor.camera_g_umidita,28.605712186305556,2026-03-27T14:00:00.000Z
sensor.camera_g_umidita,28.825832175194446,2026-03-27T15:00:00.000Z
sensor.camera_g_umidita,27.88805822661111,2026-03-27T16:00:00.000Z
sensor.camera_g_umidita,27.50248158161111,2026-03-27T17:00:00.000Z
sensor.camera_g_umidita,28.921185223861112,2026-03-27T18:00:00.000Z
sensor.camera_g_umidita,29.607442148694446,2026-03-27T19:00:00.000Z
sensor.camera_g_umidita,29.428597550611112,2026-03-27T20:00:00.000Z
sensor.camera_g_umidita,29.642995494833333,2026-03-27T21:00:00.000Z
sensor.camera_g_umidita,29.523057920027778,2026-03-27T22:00:00.000Z
sensor.camera_g_umidita,29.59199136175,2026-03-27T23:00:00.000Z
sensor.camera_g_umidita,29.600000000000005,2026-03-28T00:00:00.000Z
sensor.camera_g_umidita,29.59322604916667,2026-03-28T01:00:00.000Z
sensor.camera_g_umidita,29.522882266750003,2026-03-28T02:00:00.000Z
sensor.camera_g_umidita,29.719595889055554,2026-03-28T03:00:00.000Z
sensor.camera_g_umidita,30.065475981472222,2026-03-28T04:00:00.000Z
sensor.camera_g_umidita,30.39252056152778,2026-03-28T05:00:00.000Z
sensor.camera_g_umidita,30.5,2026-03-28T06:00:00.000Z
sensor.camera_g_umidita,30.658647875222226,2026-03-28T07:00:00.000Z
sensor.camera_g_umidita,31.002367649194444,2026-03-28T08:00:00.000Z
sensor.camera_g_umidita,31.556532221500003,2026-03-28T09:00:00.000Z
sensor.camera_g_umidita,31.776602870055555,2026-03-28T10:00:00.000Z
sensor.camera_g_umidita,32.06754266236111,2026-03-28T11:00:00.000Z
sensor.camera_g_umidita,32.12173936038889,2026-03-28T12:00:00.000Z
sensor.camera_g_umidita,31.684577232305553,2026-03-28T13:00:00.000Z
sensor.camera_g_umidita,31.879049817944445,2026-03-28T14:00:00.000Z
sensor.camera_g_umidita,32.429206098722226,2026-03-28T15:00:00.000Z
sensor.camera_g_umidita,32.43081811202777,2026-03-28T16:00:00.000Z
sensor.camera_g_umidita,31.332914752555556,2026-03-28T17:00:00.000Z
sensor.camera_g_umidita,30.83417380375,2026-03-28T18:00:00.000Z
sensor.camera_g_umidita,30.736433144000003,2026-03-28T19:00:00.000Z
sensor.camera_g_umidita,30.787657526527777,2026-03-28T20:00:00.000Z
sensor.camera_g_umidita,31.21218572377778,2026-03-28T21:00:00.000Z
sensor.camera_g_umidita,32.32080235494444,2026-03-28T22:00:00.000Z
sensor.camera_g_umidita,33.92845894916667,2026-03-28T23:00:00.000Z
sensor.camera_g_umidita,34.49928051794444,2026-03-29T00:00:00.000Z
sensor.camera_g_umidita,34.915206700027774,2026-03-29T01:00:00.000Z
sensor.camera_g_umidita,34.97661767022222,2026-03-29T02:00:00.000Z
sensor.camera_g_umidita,35.01848076161111,2026-03-29T03:00:00.000Z
sensor.camera_g_umidita,35.31120602883333,2026-03-29T04:00:00.000Z
sensor.camera_g_umidita,35.34128833647222,2026-03-29T05:00:00.000Z
sensor.camera_g_umidita,35.49176010441666,2026-03-29T06:00:00.000Z
sensor.camera_g_umidita,35.59856297625,2026-03-29T07:00:00.000Z
sensor.camera_g_umidita,34.9074279955,2026-03-29T08:00:00.000Z
sensor.camera_g_umidita,33.90694765361111,2026-03-29T09:00:00.000Z
sensor.camera_g_umidita,32.44522587561111,2026-03-29T10:00:00.000Z
sensor.camera_g_umidita,31.592524917666665,2026-03-29T11:00:00.000Z
sensor.camera_g_umidita,30.74878659552778,2026-03-29T12:00:00.000Z
sensor.camera_g_umidita,30.06825862833333,2026-03-29T13:00:00.000Z
sensor.camera_g_umidita,29.72673636963889,2026-03-29T14:00:00.000Z
sensor.camera_g_umidita,29.630859319833334,2026-03-29T15:00:00.000Z
sensor.camera_g_umidita,28.807085100611108,2026-03-29T16:00:00.000Z
sensor.camera_g_umidita,28.21350667794444,2026-03-29T17:00:00.000Z
sensor.camera_g_umidita,28.729428693944442,2026-03-29T18:00:00.000Z
sensor.camera_g_umidita,29.110451731722222,2026-03-29T19:00:00.000Z
sensor.camera_g_umidita,29.534425625,2026-03-29T20:00:00.000Z
sensor.camera_g_umidita,30.462140515277778,2026-03-29T21:00:00.000Z
sensor.camera_g_umidita,31.099376332416668,2026-03-29T22:00:00.000Z
sensor.camera_g_umidita,31.54986121661111,2026-03-29T23:00:00.000Z
sensor.camera_g_umidita,32.26195565816666,2026-03-30T00:00:00.000Z
sensor.camera_g_umidita,32.93290260683333,2026-03-30T01:00:00.000Z
sensor.camera_g_umidita,33.47991134341667,2026-03-30T02:00:00.000Z
sensor.camera_g_umidita,33.71505095958334,2026-03-30T03:00:00.000Z
sensor.camera_g_umidita,33.994141845361106,2026-03-30T04:00:00.000Z
sensor.camera_g_umidita,33.791217994305555,2026-03-30T05:00:00.000Z
sensor.camera_g_umidita,33.255568428888886,2026-03-30T06:00:00.000Z
sensor.camera_g_umidita,33.021178355694445,2026-03-30T07:00:00.000Z
sensor.camera_g_umidita,32.61678090016667,2026-03-30T08:00:00.000Z
sensor.camera_g_umidita,32.542010570916666,2026-03-30T09:00:00.000Z
sensor.camera_g_umidita,31.808635918083336,2026-03-30T10:00:00.000Z
sensor.camera_g_umidita,31.590394004305555,2026-03-30T11:00:00.000Z
sensor.camera_g_umidita,31.601763852444446,2026-03-30T12:00:00.000Z
sensor.camera_g_umidita,32.21039215491667,2026-03-30T13:00:00.000Z
sensor.camera_g_umidita,32.786479756666665,2026-03-30T14:00:00.000Z
sensor.camera_g_umidita,31.3667345865,2026-03-30T15:00:00.000Z
sensor.camera_g_umidita,30.32226423275,2026-03-30T16:00:00.000Z
sensor.camera_g_umidita,28.94042404836111,2026-03-30T17:00:00.000Z
sensor.camera_g_umidita,28.558744538777777,2026-03-30T18:00:00.000Z
sensor.camera_g_umidita,28.56582146463889,2026-03-30T19:00:00.000Z
sensor.camera_g_umidita,28.574835910388888,2026-03-30T20:00:00.000Z
sensor.camera_g_umidita,28.773399465500002,2026-03-30T21:00:00.000Z
sensor.camera_g_umidita,29.333056281194445,2026-03-30T22:00:00.000Z
sensor.camera_g_umidita,29.853269579138885,2026-03-30T23:00:00.000Z
sensor.camera_g_umidita,30.119847695611114,2026-03-31T00:00:00.000Z
sensor.camera_g_umidita,30.451401896222222,2026-03-31T01:00:00.000Z
sensor.camera_g_umidita,30.71012848713889,2026-03-31T02:00:00.000Z
sensor.camera_g_umidita,30.310127774583332,2026-03-31T03:00:00.000Z
sensor.camera_g_umidita,30.176702072694443,2026-03-31T04:00:00.000Z
sensor.camera_g_umidita,29.832531538499996,2026-03-31T05:00:00.000Z
sensor.camera_g_umidita,28.81645458925,2026-03-31T06:00:00.000Z
sensor.camera_g_umidita,27.707567731,2026-03-31T07:00:00.000Z
sensor.camera_g_umidita,27.158078778916664,2026-03-31T08:00:00.000Z
sensor.camera_g_umidita,26.74329809586111,2026-03-31T09:00:00.000Z
sensor.camera_g_umidita,26.386213172444442,2026-03-31T10:00:00.000Z
sensor.camera_g_umidita,26.701501720333336,2026-03-31T11:00:00.000Z
sensor.camera_g_umidita,27.325081498527776,2026-03-31T12:00:00.000Z
sensor.camera_g_umidita,26.840231767333332,2026-03-31T13:00:00.000Z
sensor.camera_g_umidita,26.65850243586111,2026-03-31T14:00:00.000Z
sensor.camera_g_umidita,25.971361195416666,2026-03-31T15:00:00.000Z
sensor.camera_g_umidita,25.313091891638887,2026-03-31T16:00:00.000Z
sensor.camera_g_umidita,25.11055909988889,2026-03-31T17:00:00.000Z
sensor.camera_g_umidita,24.80448287511111,2026-03-31T18:00:00.000Z
sensor.camera_g_umidita,24.397961125055556,2026-03-31T19:00:00.000Z
sensor.camera_g_umidita,24.081885163916667,2026-03-31T20:00:00.000Z
sensor.camera_g_umidita,24.302251013611112,2026-03-31T21:00:00.000Z
sensor.camera_g_umidita,24.832398915972224,2026-03-31T22:00:00.000Z
sensor.camera_g_umidita,25.295513690666667,2026-03-31T23:00:00.000Z
sensor.camera_g_umidita,25.92945768102778,2026-04-01T00:00:00.000Z
sensor.camera_g_umidita,26.514011439472224,2026-04-01T01:00:00.000Z
sensor.camera_g_umidita,27.297244065194445,2026-04-01T02:00:00.000Z
sensor.camera_g_umidita,28.417268096083333,2026-04-01T03:00:00.000Z
sensor.camera_g_umidita,30.4947616865,2026-04-01T04:00:00.000Z
sensor.camera_g_umidita,30.008405206000003,2026-04-01T05:00:00.000Z
sensor.camera_g_umidita,29.178659967083334,2026-04-01T06:00:00.000Z
sensor.camera_g_umidita,28.183169166472222,2026-04-01T07:00:00.000Z
sensor.camera_g_umidita,27.522111568722224,2026-04-01T08:00:00.000Z
sensor.camera_g_umidita,27.712211662055555,2026-04-01T09:00:00.000Z
sensor.camera_g_umidita,27.343636498222224,2026-04-01T10:00:00.000Z
sensor.camera_g_umidita,26.719341855305554,2026-04-01T11:00:00.000Z
sensor.camera_g_umidita,26.967598754944447,2026-04-01T12:00:00.000Z
sensor.camera_g_umidita,27.58268679011111,2026-04-01T13:00:00.000Z
sensor.camera_g_umidita,28.152507733888886,2026-04-01T14:00:00.000Z
sensor.camera_g_umidita,27.530545561500002,2026-04-01T15:00:00.000Z
sensor.camera_g_umidita,26.84140225363889,2026-04-01T16:00:00.000Z
sensor.camera_g_umidita,26.911355367527776,2026-04-01T17:00:00.000Z
sensor.camera_g_umidita,26.454592867555558,2026-04-01T18:00:00.000Z
sensor.camera_g_umidita,27.07667349697222,2026-04-01T19:00:00.000Z
sensor.camera_g_umidita,27.850365704027777,2026-04-01T20:00:00.000Z
sensor.camera_g_umidita,28.35958042838889,2026-04-01T21:00:00.000Z
sensor.camera_g_umidita,28.859922408166668,2026-04-01T22:00:00.000Z
sensor.camera_g_umidita,29.835039451833335,2026-04-01T23:00:00.000Z
sensor.camera_g_umidita,30.421623149722222,2026-04-02T00:00:00.000Z
sensor.camera_g_umidita,30.816035178416666,2026-04-02T01:00:00.000Z
sensor.camera_g_umidita,31.22267218322222,2026-04-02T02:00:00.000Z
sensor.camera_g_umidita,31.559462172916668,2026-04-02T03:00:00.000Z
sensor.camera_g_umidita,31.948870289333332,2026-04-02T04:00:00.000Z
sensor.camera_g_umidita,32.11687623569444,2026-04-02T05:00:00.000Z
sensor.camera_g_umidita,30.994630376083336,2026-04-02T06:00:00.000Z
sensor.camera_g_umidita,30.057354408194445,2026-04-02T07:00:00.000Z
sensor.camera_g_umidita,29.93332531372222,2026-04-02T08:00:00.000Z
sensor.camera_g_umidita,30.683173693416666,2026-04-02T09:00:00.000Z
sensor.camera_g_umidita,31.446978627472223,2026-04-02T10:00:00.000Z
sensor.camera_g_umidita,31.561359851194442,2026-04-02T11:00:00.000Z
sensor.camera_g_umidita,31.99882366175,2026-04-02T12:00:00.000Z
sensor.camera_g_umidita,32.23943348872222,2026-04-02T13:00:00.000Z
sensor.camera_g_umidita,32.28785646613889,2026-04-02T14:00:00.000Z
sensor.camera_g_umidita,31.06355130061111,2026-04-02T15:00:00.000Z
sensor.camera_g_umidita,30.441273427444443,2026-04-02T16:00:00.000Z
sensor.camera_g_umidita,30.454555725055556,2026-04-02T17:00:00.000Z
sensor.camera_g_umidita,29.57039351711111,2026-04-02T18:00:00.000Z
sensor.camera_g_umidita,29.830848340444447,2026-04-02T19:00:00.000Z
sensor.camera_g_umidita,30.3378520965,2026-04-02T20:00:00.000Z
sensor.camera_g_umidita,30.840536587388886,2026-04-02T21:00:00.000Z
sensor.camera_g_umidita,32.17245850077778,2026-04-02T22:00:00.000Z
sensor.camera_g_umidita,34.15485266347222,2026-04-02T23:00:00.000Z
sensor.camera_g_umidita,34.87584569305555,2026-04-03T00:00:00.000Z
sensor.camera_g_umidita,35.24320923683333,2026-04-03T01:00:00.000Z
sensor.camera_g_umidita,35.84502463636111,2026-04-03T02:00:00.000Z
sensor.camera_g_umidita,36.270518943944445,2026-04-03T03:00:00.000Z
sensor.camera_g_umidita,36.341025130027774,2026-04-03T04:00:00.000Z
sensor.camera_g_umidita,35.76779527936111,2026-04-03T05:00:00.000Z
sensor.camera_g_umidita,34.77251802952778,2026-04-03T06:00:00.000Z
sensor.camera_g_umidita,33.77826825461111,2026-04-03T07:00:00.000Z
sensor.camera_g_umidita,33.58984719236111,2026-04-03T08:00:00.000Z
sensor.camera_g_umidita,33.670232091083335,2026-04-03T09:00:00.000Z
sensor.camera_g_umidita,33.313811926305554,2026-04-03T10:00:00.000Z
sensor.camera_g_umidita,33.31366873436111,2026-04-03T11:00:00.000Z
sensor.camera_g_umidita,33.052695527000004,2026-04-03T12:00:00.000Z
sensor.camera_g_umidita,33.240309821333334,2026-04-03T13:00:00.000Z
sensor.camera_g_umidita,33.63806629041667,2026-04-03T14:00:00.000Z
sensor.camera_g_umidita,33.350417827305556,2026-04-03T15:00:00.000Z
sensor.camera_g_umidita,32.948567161999996,2026-04-03T16:00:00.000Z
sensor.camera_g_umidita,32.232120364833335,2026-04-03T17:00:00.000Z
sensor.camera_g_umidita,32.72960655991667,2026-04-03T18:00:00.000Z
sensor.camera_g_umidita,31.91142220811111,2026-04-03T19:00:00.000Z
sensor.camera_g_umidita,31.581975010500003,2026-04-03T20:00:00.000Z
sensor.camera_g_umidita,31.892243758861113,2026-04-03T21:00:00.000Z
sensor.camera_g_umidita,32.97982636538889,2026-04-03T22:00:00.000Z
sensor.camera_g_umidita,33.49899135755555,2026-04-03T23:00:00.000Z
sensor.camera_g_umidita,34.057682805194446,2026-04-04T00:00:00.000Z
sensor.camera_g_umidita,34.37158350041667,2026-04-04T01:00:00.000Z
sensor.camera_g_umidita,34.99455148194445,2026-04-04T02:00:00.000Z
sensor.camera_g_umidita,35.02517263777778,2026-04-04T03:00:00.000Z
sensor.camera_g_umidita,34.96550960938889,2026-04-04T04:00:00.000Z
sensor.camera_g_umidita,35.0940363205,2026-04-04T05:00:00.000Z
sensor.camera_g_umidita,35.3663145195,2026-04-04T06:00:00.000Z
sensor.camera_g_umidita,36.043154495,2026-04-04T07:00:00.000Z
sensor.camera_g_umidita,34.925829423416666,2026-04-04T08:00:00.000Z
sensor.camera_g_umidita,34.264672280250004,2026-04-04T09:00:00.000Z
sensor.camera_g_umidita,34.19358460786111,2026-04-04T10:00:00.000Z
sensor.camera_g_umidita,34.61215558852778,2026-04-04T11:00:00.000Z
sensor.camera_g_umidita,34.37906450688889,2026-04-04T12:00:00.000Z
sensor.camera_g_umidita,34.14128512527778,2026-04-04T13:00:00.000Z
sensor.camera_g_umidita,34.29491084572222,2026-04-04T14:00:00.000Z
sensor.camera_g_umidita,34.39030813661111,2026-04-04T15:00:00.000Z
sensor.camera_g_umidita,34.32583651238889,2026-04-04T16:00:00.000Z
sensor.camera_g_umidita,34.04710203677778,2026-04-04T17:00:00.000Z
sensor.camera_g_umidita,34.12636567413889,2026-04-04T18:00:00.000Z
sensor.camera_g_umidita,34.41671072572222,2026-04-04T19:00:00.000Z
sensor.camera_g_umidita,34.66843290241667,2026-04-04T20:00:00.000Z
sensor.camera_g_umidita,35.71139490486111,2026-04-04T21:00:00.000Z
sensor.camera_g_umidita,36.8290995335,2026-04-04T22:00:00.000Z
sensor.camera_g_umidita,37.7566505705,2026-04-04T23:00:00.000Z
sensor.camera_g_umidita,38.31048348475,2026-04-05T00:00:00.000Z
sensor.camera_g_umidita,39.07428218658333,2026-04-05T01:00:00.000Z
sensor.camera_g_umidita,39.30299589152778,2026-04-05T02:00:00.000Z
sensor.camera_g_umidita,39.454985997305556,2026-04-05T03:00:00.000Z
sensor.camera_g_umidita,39.81804492786111,2026-04-05T04:00:00.000Z
sensor.camera_g_umidita,40.19327024202778,2026-04-05T05:00:00.000Z
sensor.camera_g_umidita,40.36876288613889,2026-04-05T06:00:00.000Z
sensor.camera_g_umidita,40.65066459444444,2026-04-05T07:00:00.000Z
sensor.camera_g_umidita,40.55167710613889,2026-04-05T08:00:00.000Z
sensor.camera_g_umidita,39.76577028511111,2026-04-05T09:00:00.000Z
sensor.camera_g_umidita,38.966100976499995,2026-04-05T10:00:00.000Z
sensor.camera_g_umidita,38.60097453347222,2026-04-05T11:00:00.000Z
sensor.camera_g_umidita,39.135203084361116,2026-04-05T12:00:00.000Z
sensor.camera_g_umidita,39.162432096083336,2026-04-05T13:00:00.000Z
sensor.camera_g_umidita,38.79133070408333,2026-04-05T14:00:00.000Z
sensor.camera_g_umidita,37.83083115452778,2026-04-05T15:00:00.000Z
sensor.camera_g_umidita,37.260740197194444,2026-04-05T16:00:00.000Z
sensor.camera_g_umidita,37.181197325472226,2026-04-05T17:00:00.000Z
sensor.camera_g_umidita,37.74224871502778,2026-04-05T18:00:00.000Z
sensor.camera_g_umidita,39.30061341333333,2026-04-05T19:00:00.000Z
sensor.camera_g_umidita,39.21488629708333,2026-04-05T20:00:00.000Z
sensor.camera_g_umidita,39.571541337611116,2026-04-05T21:00:00.000Z
sensor.camera_g_umidita,40.19322344141667,2026-04-05T22:00:00.000Z
sensor.camera_g_umidita,40.991406187222225,2026-04-05T23:00:00.000Z
sensor.camera_g_umidita,41.15540768722223,2026-04-06T00:00:00.000Z
sensor.camera_g_umidita,41.444137546499995,2026-04-06T01:00:00.000Z
sensor.camera_g_umidita,41.799511665472224,2026-04-06T02:00:00.000Z
sensor.camera_g_umidita,42.16332076575,2026-04-06T03:00:00.000Z
sensor.camera_g_umidita,42.63017107894444,2026-04-06T04:00:00.000Z
sensor.camera_g_umidita,43.09643000366666,2026-04-06T05:00:00.000Z
sensor.camera_g_umidita,43.25423423772222,2026-04-06T06:00:00.000Z
sensor.camera_g_umidita,43.51151660927778,2026-04-06T07:00:00.000Z
sensor.camera_g_umidita,44.56737270375,2026-04-06T08:00:00.000Z
sensor.camera_g_umidita,47.29746474183333,2026-04-06T09:00:00.000Z
sensor.camera_g_umidita,46.63060157155556,2026-04-06T10:00:00.000Z
sensor.camera_g_umidita,46.34899547516667,2026-04-06T11:00:00.000Z
sensor.camera_g_umidita,46.357862993055555,2026-04-06T12:00:00.000Z
sensor.camera_g_umidita,45.802282752027786,2026-04-06T13:00:00.000Z
sensor.camera_g_umidita,45.470448433083334,2026-04-06T14:00:00.000Z
sensor.camera_g_umidita,44.83763541044445,2026-04-06T15:00:00.000Z
sensor.camera_g_umidita,44.12947134047223,2026-04-06T16:00:00.000Z
sensor.camera_g_umidita,44.153850459055555,2026-04-06T17:00:00.000Z
sensor.camera_g_umidita,43.741130068,2026-04-06T18:00:00.000Z
sensor.camera_g_umidita,43.56942670055556,2026-04-06T19:00:00.000Z
sensor.camera_g_umidita,44.48978388355556,2026-04-06T20:00:00.000Z
sensor.camera_g_umidita,45.51667490952778,2026-04-06T21:00:00.000Z
sensor.camera_g_umidita,45.819773227305554,2026-04-06T22:00:00.000Z
sensor.camera_g_umidita,46.278866771472224,2026-04-06T23:00:00.000Z
sensor.camera_g_umidita,46.545874481472225,2026-04-07T00:00:00.000Z
sensor.camera_g_umidita,46.53611752775,2026-04-07T01:00:00.000Z
sensor.camera_g_umidita,46.47872611422222,2026-04-07T02:00:00.000Z
sensor.camera_g_umidita,46.49153580836111,2026-04-07T03:00:00.000Z
sensor.camera_g_umidita,46.715367309777776,2026-04-07T04:00:00.000Z
sensor.camera_g_umidita,46.86121894127778,2026-04-07T05:00:00.000Z
sensor.camera_g_umidita,47.0433714335,2026-04-07T06:00:00.000Z
sensor.camera_g_umidita,47.76045996791667,2026-04-07T07:00:00.000Z
sensor.camera_g_umidita,48.38770375888888,2026-04-07T08:00:00.000Z
sensor.camera_g_umidita,49.260672484694446,2026-04-07T09:00:00.000Z
sensor.camera_g_umidita,49.81929558008333,2026-04-07T10:00:00.000Z
sensor.camera_g_umidita,49.23909618469444,2026-04-07T11:00:00.000Z
sensor.camera_g_umidita,48.82818740513889,2026-04-07T12:00:00.000Z
sensor.camera_g_umidita,48.74425641713889,2026-04-07T13:00:00.000Z
sensor.camera_g_umidita,48.077120496805556,2026-04-07T14:00:00.000Z
sensor.camera_g_umidita,47.63631541283333,2026-04-07T15:00:00.000Z
sensor.camera_g_umidita,47.38743165511111,2026-04-07T16:00:00.000Z
sensor.camera_g_umidita,47.37798670819444,2026-04-07T17:00:00.000Z
sensor.camera_g_umidita,47.91669047933333,2026-04-07T18:00:00.000Z
sensor.camera_g_umidita,49.00687200844445,2026-04-07T19:00:00.000Z
sensor.camera_g_umidita,49.666023287694436,2026-04-07T20:00:00.000Z
sensor.camera_g_umidita,49.9,2026-04-07T21:00:00.000Z
sensor.camera_g_umidita,49.87483137252778,2026-04-07T22:00:00.000Z
sensor.camera_g_umidita,50.04037738211111,2026-04-07T23:00:00.000Z
sensor.camera_g_umidita,50.1,2026-04-08T00:00:00.000Z
sensor.camera_g_umidita,50.12271430919444,2026-04-08T01:00:00.000Z
sensor.camera_g_umidita,50.29442708291666,2026-04-08T02:00:00.000Z
sensor.camera_g_umidita,50.328286086722215,2026-04-08T03:00:00.000Z
sensor.camera_g_umidita,50.35033303949999,2026-04-08T04:00:00.000Z
sensor.camera_g_umidita,50.345215692972225,2026-04-08T05:00:00.000Z
sensor.camera_g_umidita,50.57818353680556,2026-04-08T06:00:00.000Z
sensor.camera_g_umidita,50.896157768694444,2026-04-08T07:00:00.000Z
sensor.camera_g_umidita,50.990369143916666,2026-04-08T08:00:00.000Z
sensor.camera_g_umidita,50.71256892877778,2026-04-08T09:00:00.000Z
sensor.camera_g_umidita,49.97269949558333,2026-04-08T10:00:00.000Z
sensor.camera_g_umidita,49.48513874244444,2026-04-08T11:00:00.000Z
sensor.camera_g_umidita,49.25744409787879,2026-04-08T12:00:00.000Z
sensor.camera_g_umidita,49.146352691194444,2026-04-08T13:00:00.000Z
sensor.camera_g_umidita,48.97803538555556,2026-04-08T14:00:00.000Z
sensor.camera_g_umidita,48.98388879369444,2026-04-08T15:00:00.000Z
sensor.camera_g_umidita,49.17478240938889,2026-04-08T16:00:00.000Z
sensor.camera_g_umidita,49.7571800385,2026-04-08T17:00:00.000Z
sensor.camera_g_umidita,50.41394769538889,2026-04-08T18:00:00.000Z
sensor.camera_g_umidita,50.36258685880555,2026-04-08T19:00:00.000Z
sensor.camera_g_umidita,50.91032159488889,2026-04-08T20:00:00.000Z
sensor.camera_g_umidita,51.066134871416665,2026-04-08T21:00:00.000Z
sensor.camera_g_umidita,51.500142130527784,2026-04-08T22:00:00.000Z
sensor.camera_g_umidita,51.077712416749996,2026-04-08T23:00:00.000Z
sensor.camera_g_umidita,50.54882964625,2026-04-09T00:00:00.000Z
sensor.camera_g_umidita,49.552511663694446,2026-04-09T01:00:00.000Z
sensor.camera_g_umidita,48.434671857611114,2026-04-09T02:00:00.000Z
sensor.camera_g_umidita,47.64687024980555,2026-04-09T03:00:00.000Z
sensor.camera_g_umidita,46.913819890027774,2026-04-09T04:00:00.000Z
sensor.camera_g_umidita,46.71193599008333,2026-04-09T05:00:00.000Z
sensor.camera_g_umidita,46.80575996361111,2026-04-09T06:00:00.000Z
sensor.camera_g_umidita,46.89489932397222,2026-04-09T07:00:00.000Z
sensor.camera_g_umidita,46.24140110572222,2026-04-09T08:00:00.000Z
sensor.camera_g_umidita,45.17658394847222,2026-04-09T09:00:00.000Z
sensor.camera_g_umidita,44.260505522694444,2026-04-09T10:00:00.000Z
sensor.camera_g_umidita,43.631748696166675,2026-04-09T11:00:00.000Z
sensor.camera_g_umidita,44.313185117833335,2026-04-09T12:00:00.000Z
sensor.camera_g_umidita,45.057928626138896,2026-04-09T13:00:00.000Z
sensor.camera_g_umidita,45.21431281263889,2026-04-09T14:00:00.000Z
sensor.camera_g_umidita,45.29475767933334,2026-04-09T15:00:00.000Z
sensor.camera_g_umidita,45.225929805111114,2026-04-09T16:00:00.000Z
sensor.camera_g_umidita,45.56271493497223,2026-04-09T17:00:00.000Z
sensor.camera_g_umidita,45.65995510244445,2026-04-09T18:00:00.000Z
sensor.camera_g_umidita,46.12652066944444,2026-04-09T19:00:00.000Z
sensor.camera_g_umidita,46.56651698841667,2026-04-09T20:00:00.000Z
sensor.camera_g_umidita,46.27233895905555,2026-04-09T21:00:00.000Z
sensor.camera_g_umidita,46.023918598499996,2026-04-09T22:00:00.000Z
sensor.camera_g_umidita,46.17590837505555,2026-04-09T23:00:00.000Z
sensor.camera_g_umidita,46.48220771175,2026-04-10T00:00:00.000Z
sensor.camera_g_umidita,46.468683519888884,2026-04-10T01:00:00.000Z
sensor.camera_g_umidita,46.13164724177778,2026-04-10T02:00:00.000Z
sensor.camera_g_umidita,46.02237992130555,2026-04-10T03:00:00.000Z
sensor.camera_g_umidita,46.16366052811111,2026-04-10T04:00:00.000Z
sensor.camera_g_umidita,46.141276770694446,2026-04-10T05:00:00.000Z
sensor.camera_g_umidita,46.40374167555556,2026-04-10T06:00:00.000Z
sensor.camera_g_umidita,46.12420671091667,2026-04-10T07:00:00.000Z
sensor.camera_g_umidita,45.58184946063889,2026-04-10T08:00:00.000Z
sensor.camera_g_umidita,45.18612327230556,2026-04-10T09:00:00.000Z
sensor.camera_g_umidita,44.94872739358333,2026-04-10T10:00:00.000Z
sensor.camera_g_umidita,44.690000946611114,2026-04-10T11:00:00.000Z
sensor.camera_g_umidita,45.16637642191666,2026-04-10T12:00:00.000Z
sensor.camera_g_umidita,45.64367867591667,2026-04-10T13:00:00.000Z
sensor.camera_g_umidita,45.4,2026-04-10T14:00:00.000Z
sensor.camera_g_umidita,45.34727252622222,2026-04-10T15:00:00.000Z
sensor.camera_g_umidita,45.68908646483334,2026-04-10T16:00:00.000Z
sensor.camera_g_umidita,46.11531000227777,2026-04-10T17:00:00.000Z
sensor.camera_g_umidita,46.37935041625,2026-04-10T18:00:00.000Z
sensor.camera_g_umidita,47.0957057045,2026-04-10T19:00:00.000Z
sensor.camera_g_umidita,47.5,2026-04-10T20:00:00.000Z
sensor.camera_g_umidita,47.63821469622223,2026-04-10T21:00:00.000Z
sensor.camera_g_umidita,47.740616076583336,2026-04-10T22:00:00.000Z
sensor.camera_g_umidita,47.158457585,2026-04-10T23:00:00.000Z
sensor.camera_g_umidita,46.63222187844445,2026-04-11T00:00:00.000Z
sensor.camera_g_umidita,46.70000000000001,2026-04-11T01:00:00.000Z
sensor.camera_g_umidita,46.684565437222226,2026-04-11T02:00:00.000Z
sensor.camera_g_umidita,46.53051857544444,2026-04-11T03:00:00.000Z
sensor.camera_g_umidita,46.198961907972226,2026-04-11T04:00:00.000Z
sensor.camera_g_umidita,46.05538089586111,2026-04-11T05:00:00.000Z
sensor.camera_g_umidita,45.97779999741667,2026-04-11T06:00:00.000Z
sensor.camera_g_umidita,45.717071260833336,2026-04-11T07:00:00.000Z
sensor.camera_g_umidita,44.97088313188889,2026-04-11T08:00:00.000Z
sensor.camera_g_umidita,44.065084626250005,2026-04-11T09:00:00.000Z
sensor.camera_g_umidita,43.053267863833334,2026-04-11T10:00:00.000Z
sensor.camera_g_umidita,41.855772015666666,2026-04-11T11:00:00.000Z
sensor.camera_g_umidita,42.08097425863889,2026-04-11T12:00:00.000Z
sensor.camera_g_umidita,43.201476725111114,2026-04-11T13:00:00.000Z
sensor.camera_g_umidita,43.412276394972224,2026-04-11T14:00:00.000Z
sensor.camera_g_umidita,44.19006621944445,2026-04-11T15:00:00.000Z
sensor.camera_g_umidita,43.35975514888889,2026-04-11T16:00:00.000Z
sensor.camera_g_umidita,43.1,2026-04-11T17:00:00.000Z
sensor.camera_g_umidita,43.16234118702778,2026-04-11T18:00:00.000Z
sensor.camera_g_umidita,43.07121451175001,2026-04-11T19:00:00.000Z
sensor.camera_g_umidita,43.32345215469444,2026-04-11T20:00:00.000Z
sensor.camera_g_umidita,43.95560847738889,2026-04-11T21:00:00.000Z
sensor.camera_g_umidita,44.218886522249996,2026-04-11T22:00:00.000Z
sensor.camera_g_umidita,44.360165549222216,2026-04-11T23:00:00.000Z
sensor.camera_g_umidita,44.53732832222223,2026-04-12T00:00:00.000Z
sensor.camera_g_umidita,45.237525969055554,2026-04-12T01:00:00.000Z
sensor.camera_g_umidita,46.45749301391667,2026-04-12T02:00:00.000Z
sensor.camera_g_umidita,46.83176575894444,2026-04-12T03:00:00.000Z
sensor.camera_g_umidita,46.958723602111114,2026-04-12T04:00:00.000Z
sensor.camera_g_umidita,47.09947565897222,2026-04-12T05:00:00.000Z
sensor.camera_g_umidita,47.15545558247222,2026-04-12T06:00:00.000Z
sensor.camera_g_umidita,46.97865919083333,2026-04-12T07:00:00.000Z
sensor.camera_g_umidita,46.94597684022222,2026-04-12T08:00:00.000Z
sensor.camera_g_umidita,46.65283012436112,2026-04-12T09:00:00.000Z
sensor.camera_g_umidita,46.6784671355,2026-04-12T10:00:00.000Z
sensor.camera_g_umidita,46.010348914944444,2026-04-12T11:00:00.000Z
sensor.camera_g_umidita,45.45762702547222,2026-04-12T12:00:00.000Z
sensor.camera_g_umidita,45.62343424575,2026-04-12T13:00:00.000Z
sensor.camera_g_umidita,45.09934218474999,2026-04-12T14:00:00.000Z
sensor.camera_g_umidita,44.753184142,2026-04-12T15:00:00.000Z
sensor.camera_g_umidita,44.08036347444445,2026-04-12T16:00:00.000Z
sensor.camera_g_umidita,43.94381401119444,2026-04-12T17:00:00.000Z
sensor.camera_g_umidita,45.0241629175,2026-04-12T18:00:00.000Z
sensor.camera_g_umidita,45.816100601833334,2026-04-12T19:00:00.000Z
sensor.camera_g_umidita,46.08881698436111,2026-04-12T20:00:00.000Z
sensor.camera_g_umidita,46.20000000000001,2026-04-12T21:00:00.000Z
sensor.camera_g_umidita,46.625722847750005,2026-04-12T22:00:00.000Z
sensor.camera_g_umidita,47.987880837111106,2026-04-12T23:00:00.000Z
sensor.camera_g_umidita,49.66686441652777,2026-04-13T00:00:00.000Z
sensor.camera_g_umidita,50.92499475652778,2026-04-13T01:00:00.000Z
sensor.camera_g_umidita,51.32472700169444,2026-04-13T02:00:00.000Z
sensor.camera_g_umidita,50.95050700294445,2026-04-13T03:00:00.000Z
sensor.camera_g_umidita,50.683725913361116,2026-04-13T04:00:00.000Z
sensor.camera_g_umidita,50.74665602905555,2026-04-13T05:00:00.000Z
sensor.camera_g_umidita,51.25744755913889,2026-04-13T06:00:00.000Z
sensor.camera_g_umidita,51.855080993694436,2026-04-13T07:00:00.000Z
sensor.camera_g_umidita,52.28668304547222,2026-04-13T08:00:00.000Z
sensor.camera_g_umidita,52.91686530869444,2026-04-13T09:00:00.000Z
sensor.camera_g_umidita,53.20388875308333,2026-04-13T10:00:00.000Z
sensor.camera_g_umidita,53.36120228372223,2026-04-13T11:00:00.000Z
sensor.camera_g_umidita,53.620548990277776,2026-04-13T12:00:00.000Z
sensor.camera_g_umidita,53.714891721111115,2026-04-13T13:00:00.000Z
sensor.camera_g_umidita,53.937648314305555,2026-04-13T14:00:00.000Z
sensor.camera_g_umidita,54.225169177666665,2026-04-13T15:00:00.000Z
sensor.camera_g_umidita,54.20000000000001,2026-04-13T16:00:00.000Z
sensor.camera_g_umidita,54.23502965702778,2026-04-13T17:00:00.000Z
sensor.camera_g_umidita,54.00986779636111,2026-04-13T18:00:00.000Z
sensor.camera_g_umidita,54.20686300455555,2026-04-13T19:00:00.000Z
sensor.camera_g_umidita,54.080416597638894,2026-04-13T20:00:00.000Z
sensor.camera_g_umidita,53.40204443858334,2026-04-13T21:00:00.000Z
sensor.camera_g_umidita,53.59761698183333,2026-04-13T22:00:00.000Z
sensor.camera_g_umidita,54.159725462722214,2026-04-13T23:00:00.000Z
sensor.camera_g_umidita,54.687089340166665,2026-04-14T00:00:00.000Z
sensor.camera_g_umidita,55.238968918000005,2026-04-14T01:00:00.000Z
sensor.camera_g_umidita,55.66371248991667,2026-04-14T02:00:00.000Z
sensor.camera_g_umidita,55.884385654444436,2026-04-14T03:00:00.000Z
sensor.camera_g_umidita,56.108189897500004,2026-04-14T04:00:00.000Z
sensor.camera_g_umidita,56.153142005777774,2026-04-14T05:00:00.000Z
sensor.camera_g_umidita,55.18385855180555,2026-04-14T06:00:00.000Z
sensor.camera_g_umidita,54.379486326000006,2026-04-14T07:00:00.000Z
sensor.camera_g_umidita,54.41969356330555,2026-04-14T08:00:00.000Z
sensor.camera_g_umidita,55.553626959750005,2026-04-14T09:00:00.000Z
sensor.camera_g_umidita,55.74886114816667,2026-04-14T10:00:00.000Z
sensor.camera_g_umidita,55.549666924388895,2026-04-14T11:00:00.000Z
sensor.camera_g_umidita,55.611690601166664,2026-04-14T12:00:00.000Z
sensor.camera_g_umidita,54.96734903763889,2026-04-14T13:00:00.000Z
sensor.camera_g_umidita,54.64234689008333,2026-04-14T14:00:00.000Z
sensor.camera_g_umidita,53.43848086552777,2026-04-14T15:00:00.000Z
sensor.camera_g_umidita,52.97571108099999,2026-04-14T16:00:00.000Z
sensor.camera_g_umidita,53.3478696675,2026-04-14T17:00:00.000Z
sensor.camera_g_umidita,54.11689361325,2026-04-14T18:00:00.000Z
sensor.camera_g_umidita,54.683027246222224,2026-04-14T19:00:00.000Z
sensor.camera_g_umidita,54.44410957066666,2026-04-14T20:00:00.000Z
sensor.camera_g_umidita,54.24064772058333,2026-04-14T21:00:00.000Z
sensor.camera_g_umidita,54.71084837644444,2026-04-14T22:00:00.000Z
sensor.camera_g_umidita,55.38476346983333,2026-04-14T23:00:00.000Z
sensor.camera_g_umidita,56.04598106863889,2026-04-15T00:00:00.000Z
sensor.camera_g_umidita,56.468486658500005,2026-04-15T01:00:00.000Z
sensor.camera_g_umidita,56.78032747694445,2026-04-15T02:00:00.000Z
sensor.camera_g_umidita,57.02705195236111,2026-04-15T03:00:00.000Z
sensor.camera_g_umidita,57.26766257111111,2026-04-15T04:00:00.000Z
sensor.camera_g_umidita,57.31044439586111,2026-04-15T05:00:00.000Z
sensor.camera_g_umidita,56.351905223888885,2026-04-15T06:00:00.000Z
sensor.camera_g_umidita,56.625180562666664,2026-04-15T07:00:00.000Z
sensor.camera_g_umidita,57.03778768036111,2026-04-15T08:00:00.000Z
sensor.camera_g_umidita,56.869078072027776,2026-04-15T09:00:00.000Z
sensor.camera_g_umidita,56.2397395195,2026-04-15T10:00:00.000Z
sensor.camera_g_umidita,55.63669117255555,2026-04-15T11:00:00.000Z
sensor.camera_g_umidita,55.11903227936111,2026-04-15T12:00:00.000Z
sensor.camera_g_umidita,54.766282561361116,2026-04-15T13:00:00.000Z
sensor.camera_g_umidita,54.65872128280555,2026-04-15T14:00:00.000Z
sensor.camera_g_umidita,54.685189662805556,2026-04-15T15:00:00.000Z
sensor.camera_g_umidita,54.75160852947223,2026-04-15T16:00:00.000Z
sensor.camera_g_umidita,54.916682568388886,2026-04-15T17:00:00.000Z
sensor.camera_g_umidita,55.56351003880555,2026-04-15T18:00:00.000Z
sensor.camera_g_umidita,55.974833894027775,2026-04-15T19:00:00.000Z
sensor.camera_g_umidita,56.419955816666665,2026-04-15T20:00:00.000Z
sensor.camera_g_umidita,56.75236570427777,2026-04-15T21:00:00.000Z
sensor.camera_g_umidita,57.565580453555555,2026-04-15T22:00:00.000Z
sensor.camera_g_umidita,58.009052645,2026-04-15T23:00:00.000Z
sensor.camera_g_umidita,57.9,2026-04-16T00:00:00.000Z
sensor.camera_g_umidita,57.51527531724242,2026-04-16T03:00:00.000Z
sensor.camera_g_umidita,57.32367035502778,2026-04-16T04:00:00.000Z
sensor.camera_g_umidita,57.167204593444445,2026-04-16T05:00:00.000Z
sensor.camera_g_umidita,56.28933468819444,2026-04-16T06:00:00.000Z
sensor.camera_g_umidita,55.3581057575,2026-04-16T07:00:00.000Z
sensor.camera_g_umidita,55.162596658388885,2026-04-16T08:00:00.000Z
sensor.camera_g_umidita,55.397742308861105,2026-04-16T09:00:00.000Z
sensor.camera_g_umidita,55.27775775702778,2026-04-16T10:00:00.000Z
sensor.camera_g_umidita,55.10331042944444,2026-04-16T11:00:00.000Z
sensor.camera_g_umidita,54.280683814638884,2026-04-16T12:00:00.000Z
sensor.camera_g_umidita,54.16151825455555,2026-04-16T13:00:00.000Z
sensor.camera_g_umidita,54.20000000000001,2026-04-16T14:00:00.000Z
sensor.camera_g_umidita,54.28588372488889,2026-04-16T15:00:00.000Z
sensor.camera_g_umidita,54.510046225111104,2026-04-16T16:00:00.000Z
sensor.camera_g_umidita,54.77516097936111,2026-04-16T17:00:00.000Z
sensor.camera_g_umidita,54.65839128875,2026-04-16T18:00:00.000Z
sensor.camera_g_umidita,54.79732621147222,2026-04-16T19:00:00.000Z
sensor.camera_g_umidita,54.94427904041667,2026-04-16T20:00:00.000Z
sensor.camera_g_umidita,55.07858218336111,2026-04-16T21:00:00.000Z
sensor.camera_g_umidita,55.435263298888884,2026-04-16T22:00:00.000Z
sensor.camera_g_umidita,55.75108437955555,2026-04-16T23:00:00.000Z
sensor.camera_g_umidita,55.982266215833334,2026-04-17T00:00:00.000Z
sensor.camera_g_umidita,56.10271679466667,2026-04-17T01:00:00.000Z
sensor.camera_g_umidita,56.25443047361111,2026-04-17T02:00:00.000Z
sensor.camera_g_umidita,56.50204534230556,2026-04-17T03:00:00.000Z
sensor.camera_g_umidita,56.517500536305555,2026-04-17T04:00:00.000Z
sensor.camera_g_umidita,56.62527298072222,2026-04-17T05:00:00.000Z
sensor.camera_g_umidita,56.817392283944436,2026-04-17T06:00:00.000Z
sensor.camera_g_umidita,56.62577840127778,2026-04-17T07:00:00.000Z
sensor.camera_g_umidita,56.360043575944445,2026-04-17T08:00:00.000Z
sensor.camera_g_umidita,55.792357712055555,2026-04-17T09:00:00.000Z
sensor.camera_g_umidita,55.20500294194445,2026-04-17T10:00:00.000Z
sensor.camera_g_umidita,54.24668735244445,2026-04-17T11:00:00.000Z
sensor.camera_g_umidita,54.09640479694445,2026-04-17T12:00:00.000Z
sensor.camera_g_umidita,53.64958343066667,2026-04-17T13:00:00.000Z
sensor.camera_g_umidita,53.34126861994444,2026-04-17T14:00:00.000Z
sensor.camera_g_umidita,53.502440912972226,2026-04-17T15:00:00.000Z
sensor.camera_g_umidita,53.56600508736111,2026-04-17T16:00:00.000Z
sensor.camera_g_umidita,53.56866543411112,2026-04-17T17:00:00.000Z
sensor.camera_g_umidita,53.575506897749996,2026-04-17T18:00:00.000Z
sensor.camera_g_umidita,53.34944056152778,2026-04-17T19:00:00.000Z
sensor.camera_g_umidita,53.5951010905,2026-04-17T20:00:00.000Z
sensor.camera_g_umidita,53.854265812833326,2026-04-17T21:00:00.000Z
sensor.camera_g_umidita,54.42433702494444,2026-04-17T22:00:00.000Z
sensor.camera_g_umidita,54.71321616102778,2026-04-17T23:00:00.000Z
sensor.camera_g_umidita,54.83355624883333,2026-04-18T00:00:00.000Z
sensor.camera_g_umidita,54.79999999999999,2026-04-18T01:00:00.000Z
sensor.camera_g_umidita,54.788785722694435,2026-04-18T02:00:00.000Z
sensor.camera_g_umidita,54.83446519205555,2026-04-18T03:00:00.000Z
sensor.camera_g_umidita,55.25398729138889,2026-04-18T04:00:00.000Z
sensor.camera_g_umidita,55.29999999999999,2026-04-18T05:00:00.000Z
sensor.camera_g_umidita,55.43487944011111,2026-04-18T06:00:00.000Z
sensor.camera_g_umidita,55.7996579488611,2026-04-18T07:00:00.000Z
sensor.camera_g_umidita,56.085726852,2026-04-18T08:00:00.000Z
sensor.camera_g_umidita,55.646121496444444,2026-04-18T09:00:00.000Z
sensor.camera_g_umidita,55.19626524572222,2026-04-18T10:00:00.000Z
sensor.camera_g_umidita,54.396878436444446,2026-04-18T11:00:00.000Z
sensor.camera_g_umidita,53.968909336222225,2026-04-18T12:00:00.000Z
sensor.camera_g_umidita,53.83355481088889,2026-04-18T13:00:00.000Z
sensor.camera_g_umidita,53.71290901625,2026-04-18T14:00:00.000Z
sensor.camera_g_umidita,53.63364042977778,2026-04-18T15:00:00.000Z
sensor.camera_g_umidita,53.216312169249996,2026-04-18T16:00:00.000Z
sensor.camera_g_umidita,53.15324568483334,2026-04-18T17:00:00.000Z
sensor.camera_g_umidita,52.37211542102778,2026-04-18T18:00:00.000Z
sensor.camera_g_umidita,51.659149097194444,2026-04-18T19:00:00.000Z
sensor.camera_g_umidita,51.70471485430556,2026-04-18T20:00:00.000Z
sensor.camera_g_umidita,52.77458766177778,2026-04-18T21:00:00.000Z
sensor.camera_g_umidita,53.12257599536111,2026-04-18T22:00:00.000Z
sensor.camera_g_umidita,53.48046128816667,2026-04-18T23:00:00.000Z
sensor.camera_g_umidita,53.65872133519445,2026-04-19T00:00:00.000Z
sensor.camera_g_umidita,53.63355441677778,2026-04-19T01:00:00.000Z
sensor.camera_g_umidita,53.50173234155556,2026-04-19T02:00:00.000Z
sensor.camera_g_umidita,53.30539679269444,2026-04-19T03:00:00.000Z
sensor.camera_g_umidita,53.335217608499995,2026-04-19T04:00:00.000Z
sensor.camera_g_umidita,53.46710857805556,2026-04-19T05:00:00.000Z
sensor.camera_g_umidita,53.47649876608333,2026-04-19T06:00:00.000Z
sensor.camera_g_umidita,54.25969940491667,2026-04-19T07:00:00.000Z
sensor.camera_g_umidita,54.96580511713889,2026-04-19T08:00:00.000Z
sensor.camera_g_umidita,55.87608979438889,2026-04-19T09:00:00.000Z
sensor.camera_g_umidita,55.49787620094444,2026-04-19T10:00:00.000Z
sensor.camera_g_umidita,54.90965356647222,2026-04-19T11:00:00.000Z
sensor.camera_g_umidita,54.87767156088889,2026-04-19T12:00:00.000Z
sensor.camera_g_umidita,54.231781471666665,2026-04-19T13:00:00.000Z
sensor.camera_g_umidita,53.944435891944444,2026-04-19T14:00:00.000Z
sensor.camera_g_umidita,54.20007067605555,2026-04-19T15:00:00.000Z
sensor.camera_g_umidita,54.27388210175,2026-04-19T16:00:00.000Z
sensor.camera_g_umidita,53.87069963044444,2026-04-19T17:00:00.000Z
sensor.camera_g_umidita,53.210355421,2026-04-19T18:00:00.000Z
sensor.camera_g_umidita,51.99917066363889,2026-04-19T19:00:00.000Z
sensor.camera_g_umidita,52.21927580630555,2026-04-19T20:00:00.000Z
sensor.camera_g_umidita,55.20889985694444,2026-04-19T21:00:00.000Z
sensor.camera_g_umidita,56.491335233027776,2026-04-19T22:00:00.000Z
sensor.camera_g_umidita,56.898963725250006,2026-04-19T23:00:00.000Z
sensor.camera_g_umidita,57.58004657294445,2026-04-20T00:00:00.000Z
sensor.camera_g_umidita,57.73355697830556,2026-04-20T01:00:00.000Z
sensor.camera_g_umidita,57.66644671069445,2026-04-20T02:00:00.000Z
sensor.camera_g_umidita,58.03743036791667,2026-04-20T03:00:00.000Z
sensor.camera_g_umidita,57.550749381888885,2026-04-20T04:00:00.000Z
sensor.camera_g_umidita,57.16366747144445,2026-04-20T05:00:00.000Z
sensor.camera_g_umidita,56.69922309947222,2026-04-20T06:00:00.000Z
sensor.camera_g_umidita,56.28350646222222,2026-04-20T07:00:00.000Z
sensor.camera_g_umidita,56.54033702738889,2026-04-20T08:00:00.000Z
sensor.camera_g_umidita,56.347023075083335,2026-04-20T09:00:00.000Z
sensor.camera_g_umidita,56.13569709552778,2026-04-20T10:00:00.000Z
sensor.camera_g_umidita,55.92585627888889,2026-04-20T11:00:00.000Z
sensor.camera_g_umidita,55.661406574500006,2026-04-20T12:00:00.000Z
sensor.camera_g_umidita,55.29629620697222,2026-04-20T13:00:00.000Z
sensor.camera_g_umidita,55.1606021945,2026-04-20T14:00:00.000Z
sensor.camera_g_umidita,55.01892255488889,2026-04-20T15:00:00.000Z
sensor.camera_g_umidita,55.041282260083335,2026-04-20T16:00:00.000Z
sensor.camera_g_umidita,55.090809554611106,2026-04-20T17:00:00.000Z
sensor.camera_g_umidita,55.15127890633334,2026-04-20T18:00:00.000Z
sensor.camera_g_umidita,55.24244739708333,2026-04-20T19:00:00.000Z
sensor.camera_g_umidita,55.296544227111106,2026-04-20T20:00:00.000Z
sensor.camera_g_umidita,53.70187820516666,2026-04-20T21:00:00.000Z
sensor.camera_g_umidita,53.734654980888884,2026-04-20T22:00:00.000Z
sensor.camera_g_umidita,54.25098056922223,2026-04-20T23:00:00.000Z
sensor.camera_g_umidita,53.96510826788889,2026-04-21T00:00:00.000Z
sensor.camera_g_umidita,53.89547541036111,2026-04-21T01:00:00.000Z
sensor.camera_g_umidita,54.355953558361115,2026-04-21T02:00:00.000Z
sensor.camera_g_umidita,55.164326241138895,2026-04-21T03:00:00.000Z
sensor.camera_g_umidita,55.64420920336111,2026-04-21T04:00:00.000Z
sensor.camera_g_umidita,55.7274458275,2026-04-21T05:00:00.000Z
sensor.camera_g_umidita,55.41398292263889,2026-04-21T06:00:00.000Z
sensor.camera_g_umidita,54.698550744916666,2026-04-21T07:00:00.000Z
sensor.camera_g_umidita,53.620810923499995,2026-04-21T08:00:00.000Z
sensor.camera_g_umidita,53.03516495025,2026-04-21T09:00:00.000Z
sensor.camera_g_umidita,52.92022056108333,2026-04-21T10:00:00.000Z
sensor.camera_g_umidita,53.52154290386111,2026-04-21T11:00:00.000Z
sensor.camera_g_umidita,53.07483579208333,2026-04-21T12:00:00.000Z
sensor.camera_g_umidita,52.57975388244444,2026-04-21T13:00:00.000Z
sensor.camera_g_umidita,52.94674691680555,2026-04-21T14:00:00.000Z
sensor.camera_g_umidita,52.82481089266667,2026-04-21T15:00:00.000Z
sensor.camera_g_umidita,52.560371304166665,2026-04-21T16:00:00.000Z
sensor.camera_g_umidita,52.01482369708333,2026-04-21T17:00:00.000Z
sensor.camera_g_umidita,51.76530364058333,2026-04-21T18:00:00.000Z
sensor.camera_g_umidita,51.20737932033333,2026-04-21T19:00:00.000Z
sensor.camera_g_umidita,51.15772702241667,2026-04-21T20:00:00.000Z
sensor.camera_g_umidita,50.92690690869444,2026-04-21T21:00:00.000Z
sensor.camera_g_umidita,50.43960065905555,2026-04-21T22:00:00.000Z
sensor.camera_g_umidita,50.619009991527776,2026-04-21T23:00:00.000Z
sensor.camera_g_umidita,50.55849341286111,2026-04-22T00:00:00.000Z
sensor.camera_g_umidita,50.76217080280555,2026-04-22T01:00:00.000Z
sensor.camera_g_umidita,50.64571104694445,2026-04-22T02:00:00.000Z
sensor.camera_g_umidita,50.62067271019445,2026-04-22T03:00:00.000Z
sensor.camera_g_umidita,50.65872028747222,2026-04-22T04:00:00.000Z
sensor.camera_g_umidita,50.667112449305556,2026-04-22T05:00:00.000Z
sensor.camera_g_umidita,50.33628379263889,2026-04-22T06:00:00.000Z
sensor.camera_g_umidita,49.80842019916667,2026-04-22T07:00:00.000Z
sensor.camera_g_umidita,49.01487680505556,2026-04-22T08:00:00.000Z
sensor.camera_g_umidita,48.12849704325,2026-04-22T09:00:00.000Z
sensor.camera_g_umidita,47.41660593936111,2026-04-22T10:00:00.000Z
sensor.camera_g_umidita,46.77554039619445,2026-04-22T11:00:00.000Z
sensor.camera_g_umidita,47.07448440425,2026-04-22T12:00:00.000Z
sensor.camera_g_umidita,47.58807532861112,2026-04-22T13:00:00.000Z
sensor.camera_g_umidita,47.72094680163889,2026-04-22T14:00:00.000Z
sensor.camera_g_umidita,47.63010050722223,2026-04-22T15:00:00.000Z
sensor.camera_g_umidita,47.33765863130555,2026-04-22T16:00:00.000Z
sensor.camera_g_umidita,46.29436760861111,2026-04-22T17:00:00.000Z
sensor.camera_g_umidita,45.80090978222222,2026-04-22T18:00:00.000Z
sensor.camera_g_umidita,45.71590285994444,2026-04-22T19:00:00.000Z
sensor.camera_g_umidita,45.105517290555554,2026-04-22T20:00:00.000Z
sensor.camera_g_umidita,46.07758519194444,2026-04-22T21:00:00.000Z
sensor.camera_g_umidita,48.1026018725,2026-04-22T22:00:00.000Z
sensor.camera_g_umidita,47.67393403058333,2026-04-22T23:00:00.000Z
sensor.camera_g_umidita,47.86574768547222,2026-04-23T00:00:00.000Z
sensor.camera_g_umidita,47.93349802558333,2026-04-23T01:00:00.000Z
sensor.camera_g_umidita,47.787313599222216,2026-04-23T02:00:00.000Z
sensor.camera_g_umidita,47.62182004577778,2026-04-23T03:00:00.000Z
sensor.camera_g_umidita,47.372589159499995,2026-04-23T04:00:00.000Z
sensor.camera_g_umidita,47.34643064683333,2026-04-23T05:00:00.000Z
sensor.camera_g_umidita,47.529678217333334,2026-04-23T06:00:00.000Z
sensor.camera_g_umidita,47.57892666722222,2026-04-23T07:00:00.000Z
sensor.camera_g_umidita,47.13481554216667,2026-04-23T08:00:00.000Z
sensor.camera_g_umidita,46.36187620369444,2026-04-23T09:00:00.000Z
sensor.camera_g_umidita,45.49593660294445,2026-04-23T10:00:00.000Z
sensor.camera_g_umidita,44.797588434194445,2026-04-23T11:00:00.000Z
sensor.camera_g_umidita,45.363815161611114,2026-04-23T12:00:00.000Z
sensor.camera_g_umidita,45.50720683344445,2026-04-23T13:00:00.000Z
sensor.camera_g_umidita,45.31640973533333,2026-04-23T14:00:00.000Z
sensor.camera_g_umidita,45.34114914758333,2026-04-23T15:00:00.000Z
sensor.camera_g_umidita,45.231701765,2026-04-23T16:00:00.000Z
sensor.camera_g_umidita,44.42543528436111,2026-04-23T17:00:00.000Z
sensor.camera_g_umidita,43.94256460705555,2026-04-23T18:00:00.000Z
sensor.camera_g_umidita,44.53878873605556,2026-04-23T19:00:00.000Z
sensor.camera_g_umidita,43.9566832955,2026-04-23T20:00:00.000Z
sensor.camera_g_umidita,45.021415510333334,2026-04-23T21:00:00.000Z
sensor.camera_g_umidita,45.69543631519445,2026-04-23T22:00:00.000Z
sensor.camera_g_umidita,46.11810487886111,2026-04-23T23:00:00.000Z
sensor.camera_g_umidita,47.28589106361111,2026-04-24T00:00:00.000Z
sensor.camera_g_umidita,47.91027394733334,2026-04-24T01:00:00.000Z
sensor.camera_g_umidita,48.281351887999996,2026-04-24T02:00:00.000Z
sensor.camera_g_umidita,48.65522133333334,2026-04-24T03:00:00.000Z
sensor.camera_g_umidita,48.7092001945,2026-04-24T04:00:00.000Z
sensor.camera_g_umidita,48.893085934944445,2026-04-24T05:00:00.000Z
sensor.camera_g_umidita,49.18385236433334,2026-04-24T06:00:00.000Z
sensor.camera_g_umidita,48.87616628708333,2026-04-24T07:00:00.000Z
sensor.camera_g_umidita,48.71041219658334,2026-04-24T08:00:00.000Z
sensor.camera_g_umidita,48.6,2026-04-24T09:00:00.000Z
sensor.camera_g_umidita,48.406046062916666,2026-04-24T10:00:00.000Z
sensor.camera_g_umidita,48.364067881416666,2026-04-24T11:00:00.000Z
sensor.camera_g_umidita,48.14449812055555,2026-04-24T12:00:00.000Z
sensor.camera_g_umidita,47.1,2026-04-24T13:00:00.000Z
sensor.camera_g_umidita,47.1,2026-04-24T14:00:00.000Z
sensor.camera_g_umidita,43.61210311211111,2026-04-24T16:00:00.000Z
sensor.camera_g_umidita,42.486472652,2026-04-24T17:00:00.000Z
sensor.camera_g_umidita,42.864186721277775,2026-04-24T18:00:00.000Z
sensor.camera_g_umidita,43.18864836922222,2026-04-24T19:00:00.000Z
sensor.camera_g_umidita,42.424775751027774,2026-04-24T20:00:00.000Z
sensor.camera_g_umidita,45.07198354269445,2026-04-24T21:00:00.000Z
sensor.camera_g_umidita,45.26671972816666,2026-04-24T22:00:00.000Z
sensor.camera_g_umidita,45.340656027111116,2026-04-24T23:00:00.000Z
sensor.camera_g_umidita,45.73523632277778,2026-04-25T00:00:00.000Z
sensor.camera_g_umidita,46.033499272916664,2026-04-25T01:00:00.000Z
sensor.camera_g_umidita,45.75108800861111,2026-04-25T02:00:00.000Z
sensor.camera_g_umidita,46.09795309988889,2026-04-25T03:00:00.000Z
sensor.camera_g_umidita,46.286603409277774,2026-04-25T04:00:00.000Z
sensor.camera_g_umidita,46.20000000000001,2026-04-25T05:00:00.000Z
sensor.camera_g_umidita,46.36681757344445,2026-04-25T06:00:00.000Z
sensor.camera_g_umidita,46.73265593841666,2026-04-25T07:00:00.000Z
sensor.camera_g_umidita,46.92329007027777,2026-04-25T08:00:00.000Z
sensor.camera_g_umidita,46.88207223972222,2026-04-25T09:00:00.000Z
sensor.camera_g_umidita,45.55190737172222,2026-04-25T10:00:00.000Z
sensor.camera_g_umidita,44.794160215,2026-04-25T11:00:00.000Z
sensor.camera_g_umidita,44.312449249416666,2026-04-25T12:00:00.000Z
sensor.camera_g_umidita,45.62605538908333,2026-04-25T13:00:00.000Z
sensor.camera_g_umidita,45.34183181758333,2026-04-25T14:00:00.000Z
sensor.camera_g_umidita,44.62469066138889,2026-04-25T15:00:00.000Z
sensor.camera_g_umidita,44.028843260833334,2026-04-25T16:00:00.000Z
sensor.camera_g_umidita,43.490311318138886,2026-04-25T17:00:00.000Z
sensor.camera_g_umidita,42.97139427811111,2026-04-25T18:00:00.000Z
sensor.camera_g_umidita,43.412261724472216,2026-04-25T19:00:00.000Z
sensor.camera_g_umidita,46.66982122338889,2026-04-25T20:00:00.000Z
sensor.camera_g_umidita,48.40071489858334,2026-04-25T21:00:00.000Z
sensor.camera_g_umidita,49.66345725722223,2026-04-25T22:00:00.000Z
sensor.camera_g_umidita,49.57913951891666,2026-04-25T23:00:00.000Z
sensor.camera_g_umidita,49.01371513525,2026-04-26T00:00:00.000Z
sensor.camera_g_umidita,49.08983629883334,2026-04-26T01:00:00.000Z
sensor.camera_g_umidita,49.386797751833335,2026-04-26T02:00:00.000Z
sensor.camera_g_umidita,49.73012760355556,2026-04-26T03:00:00.000Z
sensor.camera_g_umidita,50.00151407816667,2026-04-26T04:00:00.000Z
sensor.camera_g_umidita,50.234002767,2026-04-26T05:00:00.000Z
sensor.camera_g_umidita,50.573242755416665,2026-04-26T06:00:00.000Z
sensor.camera_g_umidita,51.0058184905,2026-04-26T07:00:00.000Z
sensor.camera_g_umidita,51.36975845236111,2026-04-26T08:00:00.000Z
sensor.camera_g_umidita,51.67547867408334,2026-04-26T09:00:00.000Z
sensor.camera_g_umidita,51.703153187055555,2026-04-26T10:00:00.000Z
sensor.camera_g_umidita,51.62773334102778,2026-04-26T11:00:00.000Z
sensor.camera_g_umidita,51.602032569500004,2026-04-26T12:00:00.000Z
sensor.camera_g_umidita,51.211420443138884,2026-04-26T13:00:00.000Z
sensor.camera_g_umidita,50.513906586888886,2026-04-26T14:00:00.000Z
sensor.camera_g_umidita,49.87478368275,2026-04-26T15:00:00.000Z
sensor.camera_g_umidita,48.81820444252778,2026-04-26T16:00:00.000Z
sensor.camera_g_umidita,47.90273100830555,2026-04-26T17:00:00.000Z
sensor.camera_g_umidita,47.446323063166666,2026-04-26T18:00:00.000Z
sensor.camera_g_umidita,47.436371797722224,2026-04-26T19:00:00.000Z
sensor.camera_g_umidita,48.16778228336111,2026-04-26T20:00:00.000Z
sensor.camera_g_umidita,49.286121805638885,2026-04-26T21:00:00.000Z
sensor.camera_g_umidita,50.112700630861106,2026-04-26T22:00:00.000Z
sensor.camera_g_umidita,51.391380992027784,2026-04-26T23:00:00.000Z
sensor.camera_g_umidita,52.63476637730556,2026-04-27T00:00:00.000Z
sensor.camera_g_umidita,53.33880749427778,2026-04-27T01:00:00.000Z
sensor.camera_g_umidita,53.585959768638894,2026-04-27T02:00:00.000Z
sensor.camera_g_umidita,53.60245955705556,2026-04-27T03:00:00.000Z
sensor.camera_g_umidita,53.54371975302778,2026-04-27T04:00:00.000Z
sensor.camera_g_umidita,53.353867840111114,2026-04-27T05:00:00.000Z
sensor.camera_g_umidita,53.214790437138895,2026-04-27T06:00:00.000Z
sensor.camera_g_umidita,52.70083833644444,2026-04-27T07:00:00.000Z
sensor.camera_g_umidita,51.90967399444444,2026-04-27T08:00:00.000Z
sensor.camera_g_umidita,51.49604536133333,2026-04-27T09:00:00.000Z
sensor.camera_g_umidita,51.36541173319444,2026-04-27T10:00:00.000Z
sensor.camera_g_umidita,51.18108627777778,2026-04-27T11:00:00.000Z
sensor.camera_g_umidita,50.966474285749996,2026-04-27T12:00:00.000Z
sensor.camera_g_umidita,51.09161453922223,2026-04-27T13:00:00.000Z
sensor.camera_g_umidita,50.87810488575,2026-04-27T14:00:00.000Z
sensor.camera_g_umidita,50.181861171777776,2026-04-27T15:00:00.000Z
sensor.camera_g_umidita,49.34918321741667,2026-04-27T16:00:00.000Z
sensor.camera_g_umidita,49.420967547611106,2026-04-27T17:00:00.000Z
sensor.camera_g_umidita,48.931020570444446,2026-04-27T18:00:00.000Z
sensor.camera_g_umidita,48.67385128330556,2026-04-27T19:00:00.000Z
sensor.camera_g_umidita,49.497943449055555,2026-04-27T20:00:00.000Z
sensor.camera_g_umidita,50.538249174111115,2026-04-27T21:00:00.000Z
sensor.camera_g_umidita,50.02951971066667,2026-04-27T22:00:00.000Z
sensor.camera_g_umidita,50.080405045194446,2026-04-27T23:00:00.000Z
sensor.camera_g_umidita,51.34412377427778,2026-04-28T00:00:00.000Z
sensor.camera_g_umidita,51.93266573747223,2026-04-28T01:00:00.000Z
sensor.camera_g_umidita,52.41935664491666,2026-04-28T02:00:00.000Z
sensor.camera_g_umidita,52.85916472136111,2026-04-28T03:00:00.000Z
sensor.camera_g_umidita,53.26584933755555,2026-04-28T04:00:00.000Z
sensor.camera_g_umidita,53.15419289436111,2026-04-28T05:00:00.000Z
sensor.camera_g_umidita,52.683984405249994,2026-04-28T06:00:00.000Z
sensor.camera_g_umidita,51.95575172658334,2026-04-28T07:00:00.000Z
sensor.camera_g_umidita,51.37705403016667,2026-04-28T08:00:00.000Z
sensor.camera_g_umidita,51.156772562111115,2026-04-28T09:00:00.000Z
sensor.camera_g_umidita,50.886798484694445,2026-04-28T10:00:00.000Z
sensor.camera_g_umidita,51.02276820666666,2026-04-28T11:00:00.000Z
sensor.camera_g_umidita,50.39813019075,2026-04-28T12:00:00.000Z
sensor.camera_g_umidita,49.64116678391667,2026-04-28T13:00:00.000Z
sensor.camera_g_umidita,49.256744677305555,2026-04-28T14:00:00.000Z
sensor.camera_g_umidita,48.95264453886111,2026-04-28T15:00:00.000Z
sensor.camera_g_umidita,48.636391695111115,2026-04-28T16:00:00.000Z
sensor.camera_g_umidita,48.35278968163889,2026-04-28T17:00:00.000Z
sensor.camera_g_umidita,48.49706202266666,2026-04-28T18:00:00.000Z
sensor.camera_g_umidita,49.567884245222224,2026-04-28T19:00:00.000Z
sensor.camera_g_umidita,50.34597434594445,2026-04-28T20:00:00.000Z
sensor.camera_g_umidita,50.78242906758334,2026-04-28T21:00:00.000Z
sensor.camera_g_umidita,51.551664081333335,2026-04-28T22:00:00.000Z
sensor.camera_g_umidita,53.61213256827778,2026-04-28T23:00:00.000Z
sensor.camera_g_umidita,55.05644491858333,2026-04-29T00:00:00.000Z
sensor.camera_g_umidita,56.09056823838889,2026-04-29T01:00:00.000Z
sensor.camera_g_umidita,56.47954994580556,2026-04-29T02:00:00.000Z
sensor.camera_g_umidita,56.70265636858333,2026-04-29T03:00:00.000Z
sensor.camera_g_umidita,56.84975087338889,2026-04-29T04:00:00.000Z
sensor.camera_g_umidita,56.9,2026-04-29T05:00:00.000Z
sensor.camera_g_umidita,56.82280102136111,2026-04-29T06:00:00.000Z
sensor.camera_g_umidita,56.64448210277778,2026-04-29T07:00:00.000Z
sensor.camera_g_umidita,55.95045475708333,2026-04-29T08:00:00.000Z
sensor.camera_g_umidita,55.29051308905556,2026-04-29T09:00:00.000Z
sensor.camera_g_umidita,54.650284094388894,2026-04-29T10:00:00.000Z
sensor.camera_g_umidita,54.44428468755555,2026-04-29T11:00:00.000Z
sensor.camera_g_umidita,54.52696057491667,2026-04-29T12:00:00.000Z
sensor.camera_g_umidita,53.57721203588889,2026-04-29T13:00:00.000Z
sensor.camera_g_umidita,53.102251639638894,2026-04-29T14:00:00.000Z
sensor.camera_g_umidita,52.85318567469444,2026-04-29T15:00:00.000Z
sensor.camera_g_umidita,52.74132914511111,2026-04-29T16:00:00.000Z
sensor.camera_g_umidita,53.02422750947222,2026-04-29T17:00:00.000Z
sensor.camera_g_umidita,53.35707325305555,2026-04-29T18:00:00.000Z
sensor.camera_g_umidita,53.58937890222222,2026-04-29T19:00:00.000Z
sensor.camera_g_umidita,53.573025508166666,2026-04-29T20:00:00.000Z
sensor.camera_g_umidita,53.13337726736111,2026-04-29T21:00:00.000Z
sensor.camera_g_umidita,52.97427681680555,2026-04-29T22:00:00.000Z
sensor.camera_g_umidita,52.74921224991667,2026-04-29T23:00:00.000Z
sensor.camera_g_umidita,53.08755911308333,2026-04-30T00:00:00.000Z
sensor.camera_g_umidita,53.86523077844444,2026-04-30T01:00:00.000Z
sensor.camera_g_umidita,54.04915056213889,2026-04-30T02:00:00.000Z
sensor.camera_g_umidita,53.73277114011111,2026-04-30T03:00:00.000Z
sensor.camera_g_umidita,53.17867045141667,2026-04-30T04:00:00.000Z
sensor.camera_g_umidita,52.94305484069444,2026-04-30T05:00:00.000Z
sensor.camera_g_umidita,52.49426822583334,2026-04-30T06:00:00.000Z
sensor.camera_g_umidita,51.254808982888896,2026-04-30T07:00:00.000Z
sensor.camera_g_umidita,50.066057173055555,2026-04-30T08:00:00.000Z
sensor.camera_g_umidita,50,2026-04-30T09:00:00.000Z
sensor.camera_g_umidita,50,2026-04-30T10:00:00.000Z
sensor.camera_g_umidita,49.01907453555555,2026-04-30T11:00:00.000Z
sensor.camera_g_umidita,44.5,2026-04-30T12:00:00.000Z
sensor.camera_g_umidita,44.5,2026-04-30T13:00:00.000Z
sensor.camera_g_umidita,44.90904809413889,2026-04-30T14:00:00.000Z
sensor.camera_g_umidita,46.01469889536111,2026-04-30T15:00:00.000Z
sensor.camera_g_umidita,45.86262076744445,2026-04-30T16:00:00.000Z
sensor.camera_g_umidita,44.90308532230555,2026-04-30T17:00:00.000Z
sensor.camera_g_umidita,45.076701422666666,2026-04-30T18:00:00.000Z
sensor.camera_g_umidita,45.03097054255556,2026-04-30T19:00:00.000Z
sensor.camera_g_umidita,46.87090783308333,2026-04-30T20:00:00.000Z
sensor.camera_g_umidita,49.45797771763889,2026-04-30T21:00:00.000Z
sensor.camera_g_umidita,47.64427625244445,2026-04-30T22:00:00.000Z
sensor.camera_g_umidita,47.05418398080556,2026-04-30T23:00:00.000Z
sensor.camera_g_umidita,46.80499072063889,2026-05-01T00:00:00.000Z
sensor.camera_g_umidita,46.29021003077778,2026-05-01T01:00:00.000Z
sensor.camera_g_umidita,45.56428895544445,2026-05-01T02:00:00.000Z
sensor.camera_g_umidita,44.991330076749996,2026-05-01T03:00:00.000Z
sensor.camera_g_umidita,44.609167578611114,2026-05-01T04:00:00.000Z
sensor.camera_g_umidita,44.355039660833334,2026-05-01T05:00:00.000Z
sensor.camera_g_umidita,44.16862773116667,2026-05-01T06:00:00.000Z
sensor.camera_g_umidita,43.95414079358333,2026-05-01T07:00:00.000Z
sensor.camera_g_umidita,43.27610303963888,2026-05-01T08:00:00.000Z
sensor.camera_g_umidita,43.68714671480556,2026-05-01T09:00:00.000Z
sensor.camera_g_umidita,45.56747397747222,2026-05-01T10:00:00.000Z
sensor.camera_g_umidita,45.359206522499996,2026-05-01T11:00:00.000Z
sensor.camera_g_umidita,44.043370299083335,2026-05-01T12:00:00.000Z
sensor.camera_g_umidita,42.395853687055556,2026-05-01T13:00:00.000Z
sensor.camera_g_umidita,41.75032297816667,2026-05-01T14:00:00.000Z
sensor.camera_g_umidita,41.42966904588889,2026-05-01T15:00:00.000Z
sensor.camera_g_umidita,41.40001139480555,2026-05-01T16:00:00.000Z
sensor.camera_g_umidita,40.62055388677778,2026-05-01T17:00:00.000Z
sensor.camera_g_umidita,39.68763392708333,2026-05-01T18:00:00.000Z
sensor.camera_g_umidita,39.86241559505555,2026-05-01T19:00:00.000Z
sensor.camera_g_umidita,40.69342268869445,2026-05-01T20:00:00.000Z
sensor.camera_g_umidita,41.7479738205,2026-05-01T21:00:00.000Z
sensor.camera_g_umidita,42.79020967775,2026-05-01T22:00:00.000Z
sensor.camera_g_umidita,43.00037594313889,2026-05-01T23:00:00.000Z
sensor.camera_g_umidita,43.34381755397222,2026-05-02T00:00:00.000Z
sensor.camera_g_umidita,43.61964526766667,2026-05-02T01:00:00.000Z
sensor.camera_g_umidita,43.727392729,2026-05-02T02:00:00.000Z
sensor.camera_g_umidita,43.76645141122222,2026-05-02T03:00:00.000Z
sensor.camera_g_umidita,43.82611372533333,2026-05-02T04:00:00.000Z
sensor.camera_g_umidita,44.009613405277776,2026-05-02T05:00:00.000Z
sensor.camera_g_umidita,44.308651465694446,2026-05-02T06:00:00.000Z
sensor.camera_g_umidita,44.69593074047222,2026-05-02T07:00:00.000Z
sensor.camera_g_umidita,45.13928425713889,2026-05-02T08:00:00.000Z
sensor.camera_g_umidita,44.90119157625,2026-05-02T09:00:00.000Z
sensor.camera_g_umidita,44.331787289472224,2026-05-02T10:00:00.000Z
sensor.camera_g_umidita,43.45728021205556,2026-05-02T11:00:00.000Z
sensor.camera_g_umidita,43.04395934516666,2026-05-02T12:00:00.000Z
sensor.camera_g_umidita,42.48741152044445,2026-05-02T13:00:00.000Z
sensor.camera_g_umidita,42.50000058738889,2026-05-02T14:00:00.000Z
sensor.camera_g_umidita,42.32055170375,2026-05-02T15:00:00.000Z
sensor.camera_g_umidita,41.39885499886111,2026-05-02T16:00:00.000Z
sensor.camera_g_umidita,40.38698057111112,2026-05-02T17:00:00.000Z
sensor.camera_g_umidita,39.39463193733334,2026-05-02T18:00:00.000Z
sensor.camera_g_umidita,39.357974095555555,2026-05-02T19:00:00.000Z
sensor.camera_g_umidita,41.66534714075,2026-05-02T20:00:00.000Z
sensor.camera_g_umidita,42.08307403991667,2026-05-02T21:00:00.000Z
sensor.camera_g_umidita,43.66263217633334,2026-05-02T22:00:00.000Z
sensor.camera_g_umidita,44.026231074083334,2026-05-02T23:00:00.000Z
sensor.camera_g_umidita,44.596141104,2026-05-03T00:00:00.000Z
sensor.camera_g_umidita,44.988310598999995,2026-05-03T01:00:00.000Z
sensor.camera_g_umidita,45.24628526888889,2026-05-03T02:00:00.000Z
sensor.camera_g_umidita,45.353504542361115,2026-05-03T03:00:00.000Z
sensor.camera_g_umidita,45.38001922547222,2026-05-03T04:00:00.000Z
sensor.camera_g_umidita,45.731692001999996,2026-05-03T05:00:00.000Z
sensor.camera_g_umidita,46.004605734083334,2026-05-03T06:00:00.000Z
sensor.camera_g_umidita,46.20908607169445,2026-05-03T07:00:00.000Z
sensor.camera_g_umidita,46.29951877738889,2026-05-03T08:00:00.000Z
sensor.camera_g_umidita,45.70132025855555,2026-05-03T09:00:00.000Z
sensor.camera_g_umidita,44.858078893333335,2026-05-03T10:00:00.000Z
sensor.camera_g_umidita,43.97822253141666,2026-05-03T11:00:00.000Z
sensor.camera_g_umidita,43.50423233427778,2026-05-03T12:00:00.000Z
sensor.camera_g_umidita,43.46405356763889,2026-05-03T13:00:00.000Z
sensor.camera_g_umidita,43.41506693719444,2026-05-03T14:00:00.000Z
sensor.camera_g_umidita,43.061413091,2026-05-03T15:00:00.000Z
sensor.camera_g_umidita,42.97999804063889,2026-05-03T16:00:00.000Z
sensor.camera_g_umidita,42.66006368066667,2026-05-03T17:00:00.000Z
sensor.camera_g_umidita,42.76704191444444,2026-05-03T18:00:00.000Z
sensor.camera_g_umidita,42.69305721083333,2026-05-03T19:00:00.000Z
sensor.camera_g_umidita,42.283601168,2026-05-03T20:00:00.000Z
sensor.camera_g_umidita,42.52849197975,2026-05-03T21:00:00.000Z
sensor.camera_g_umidita,42.99111182269444,2026-05-03T22:00:00.000Z
sensor.camera_g_umidita,43.511975270444445,2026-05-03T23:00:00.000Z
sensor.camera_g_umidita,44.054744490249995,2026-05-04T00:00:00.000Z
sensor.camera_g_umidita,44.416110013444445,2026-05-04T01:00:00.000Z
sensor.camera_g_umidita,44.89889777766666,2026-05-04T02:00:00.000Z
sensor.camera_g_umidita,45.09673154905556,2026-05-04T03:00:00.000Z
sensor.camera_g_umidita,45.263231026999996,2026-05-04T04:00:00.000Z
sensor.camera_g_umidita,45.40773726861111,2026-05-04T05:00:00.000Z
sensor.camera_g_umidita,45.800658180666666,2026-05-04T06:00:00.000Z
sensor.camera_g_umidita,45.25453603733334,2026-05-04T07:00:00.000Z
sensor.camera_g_umidita,44.09061966511111,2026-05-04T08:00:00.000Z
sensor.camera_g_umidita,43.27258939494445,2026-05-04T09:00:00.000Z
sensor.camera_g_umidita,42.71997648091667,2026-05-04T10:00:00.000Z
sensor.camera_g_umidita,42.59182506333334,2026-05-04T11:00:00.000Z
sensor.camera_g_umidita,42.63333009483333,2026-05-04T12:00:00.000Z
sensor.camera_g_umidita,42.6,2026-05-04T13:00:00.000Z
sensor.camera_g_umidita,42.65207158080556,2026-05-04T14:00:00.000Z
sensor.camera_g_umidita,42.45208610072222,2026-05-04T15:00:00.000Z
sensor.camera_g_umidita,42.525030292694446,2026-05-04T16:00:00.000Z
sensor.camera_g_umidita,42.823154777666666,2026-05-04T17:00:00.000Z
sensor.camera_g_umidita,42.903957223527776,2026-05-04T18:00:00.000Z
sensor.camera_g_umidita,42.93815436627778,2026-05-04T19:00:00.000Z
sensor.camera_g_umidita,44.477392751555556,2026-05-04T20:00:00.000Z
sensor.camera_g_umidita,43.49602723977778,2026-05-04T21:00:00.000Z
sensor.camera_g_umidita,43.322166738499995,2026-05-04T22:00:00.000Z
sensor.camera_g_umidita,43.85969797627778,2026-05-04T23:00:00.000Z
sensor.camera_g_umidita,44.54527170397222,2026-05-05T00:00:00.000Z
sensor.camera_g_umidita,45.316992827166665,2026-05-05T01:00:00.000Z
sensor.camera_g_umidita,45.76251895444445,2026-05-05T02:00:00.000Z
sensor.camera_g_umidita,46.22262057191667,2026-05-05T03:00:00.000Z
sensor.camera_g_umidita,46.29999999999999,2026-05-05T04:00:00.000Z
sensor.camera_g_umidita,46.27482199594444,2026-05-05T05:00:00.000Z
sensor.camera_g_umidita,46.79749933883334,2026-05-05T06:00:00.000Z
sensor.camera_g_umidita,47.64576774891666,2026-05-05T07:00:00.000Z
sensor.camera_g_umidita,48.68055944302778,2026-05-05T08:00:00.000Z
sensor.camera_g_umidita,49.91942776444444,2026-05-05T09:00:00.000Z
sensor.camera_g_umidita,50.88316108766667,2026-05-05T10:00:00.000Z
sensor.camera_g_umidita,51.746373988583336,2026-05-05T11:00:00.000Z
sensor.camera_g_umidita,52.39530505230556,2026-05-05T12:00:00.000Z
sensor.camera_g_umidita,52.935396604,2026-05-05T13:00:00.000Z
sensor.camera_g_umidita,53.21791996061111,2026-05-05T14:00:00.000Z
sensor.camera_g_umidita,53.732865479888886,2026-05-05T15:00:00.000Z
sensor.camera_g_umidita,53.83352703697222,2026-05-05T16:00:00.000Z
sensor.camera_g_umidita,53.747847547750006,2026-05-05T17:00:00.000Z
sensor.camera_g_umidita,54.02670000427778,2026-05-05T18:00:00.000Z
sensor.camera_g_umidita,54.65710304133333,2026-05-05T19:00:00.000Z
sensor.camera_g_umidita,54.62514843058333,2026-05-05T20:00:00.000Z
sensor.camera_g_umidita,54.77954891011111,2026-05-05T21:00:00.000Z
sensor.camera_g_umidita,54.99555962416667,2026-05-05T22:00:00.000Z
sensor.camera_g_umidita,55.12295176241667,2026-05-05T23:00:00.000Z
sensor.camera_g_umidita,55.357565990944444,2026-05-06T00:00:00.000Z
sensor.camera_g_umidita,55.406163139722224,2026-05-06T01:00:00.000Z
sensor.camera_g_umidita,55.4,2026-05-06T02:00:00.000Z
sensor.camera_g_umidita,55.43365003233333,2026-05-06T03:00:00.000Z
sensor.camera_g_umidita,55.41663892361111,2026-05-06T04:00:00.000Z
sensor.camera_g_umidita,55.44917713272222,2026-05-06T05:00:00.000Z
sensor.camera_g_umidita,55.586958599194446,2026-05-06T06:00:00.000Z
sensor.camera_g_umidita,55.847891170555556,2026-05-06T07:00:00.000Z
sensor.camera_g_umidita,56.10045883983333,2026-05-06T08:00:00.000Z
sensor.camera_g_umidita,56.21309586930556,2026-05-06T09:00:00.000Z
sensor.camera_g_umidita,56.68481242716666,2026-05-06T10:00:00.000Z
sensor.camera_g_umidita,56.91519693025,2026-05-06T11:00:00.000Z
sensor.camera_g_umidita,56.75931651827778,2026-05-06T12:00:00.000Z
sensor.camera_g_umidita,57.185408951472226,2026-05-06T13:00:00.000Z
sensor.camera_g_umidita,56.97833504627778,2026-05-06T14:00:00.000Z
sensor.camera_g_umidita,57.212682970083335,2026-05-06T15:00:00.000Z
sensor.camera_g_umidita,57.347784497499994,2026-05-06T16:00:00.000Z
sensor.camera_g_umidita,56.459447785083334,2026-05-06T17:00:00.000Z
sensor.camera_g_umidita,55.73202945166667,2026-05-06T18:00:00.000Z
sensor.camera_g_umidita,55.154257284,2026-05-06T19:00:00.000Z
sensor.camera_g_umidita,54.71241818375,2026-05-06T20:00:00.000Z
sensor.camera_g_umidita,54.191062993222225,2026-05-06T21:00:00.000Z
sensor.camera_g_umidita,54.1,2026-05-06T22:00:00.000Z
sensor.camera_g_umidita,53.98692019005555,2026-05-06T23:00:00.000Z
sensor.camera_g_umidita,53.963080372166665,2026-05-07T00:00:00.000Z
sensor.camera_g_umidita,54.06178115505556,2026-05-07T01:00:00.000Z
sensor.camera_g_umidita,54.482246274972226,2026-05-07T02:00:00.000Z
sensor.camera_g_umidita,54.63218728077778,2026-05-07T03:00:00.000Z
sensor.camera_g_umidita,54.5,2026-05-07T04:00:00.000Z
sensor.camera_g_umidita,54.37410928572222,2026-05-07T05:00:00.000Z
sensor.camera_g_umidita,54.449084298,2026-05-07T06:00:00.000Z
sensor.camera_g_umidita,54.68966642786111,2026-05-07T07:00:00.000Z
sensor.camera_g_umidita,54.70130453661111,2026-05-07T08:00:00.000Z
sensor.camera_g_umidita,54.70000000000001,2026-05-07T09:00:00.000Z
sensor.camera_g_umidita,54.70000000000001,2026-05-07T10:00:00.000Z
sensor.camera_g_umidita,53.60963726538889,2026-05-07T11:00:00.000Z
sensor.camera_g_umidita,53.14529696577778,2026-05-07T12:00:00.000Z
sensor.camera_g_umidita,52.67246923622222,2026-05-07T13:00:00.000Z
sensor.camera_g_umidita,52.41233199291667,2026-05-07T14:00:00.000Z
sensor.camera_g_umidita,52.27631595211111,2026-05-07T15:00:00.000Z
sensor.camera_g_umidita,52.11366146086112,2026-05-07T16:00:00.000Z
sensor.camera_g_umidita,51.81777621980952,2026-05-07T17:00:00.000Z
sensor.camera_g_umidita,35.16027876177778,2026-05-12T13:00:00.000Z
sensor.camera_g_umidita,36.641323011,2026-05-12T14:00:00.000Z
sensor.camera_g_umidita,37.794853558861114,2026-05-12T15:00:00.000Z
sensor.camera_g_umidita,38.10902040469444,2026-05-12T16:00:00.000Z
sensor.camera_g_umidita,37.92726777497222,2026-05-12T17:00:00.000Z
sensor.camera_g_umidita,37.08089486802778,2026-05-12T18:00:00.000Z
sensor.camera_g_umidita,37.596693460388884,2026-05-12T19:00:00.000Z
sensor.camera_g_umidita,40.14000868216667,2026-05-12T20:00:00.000Z
sensor.camera_g_umidita,41.45441329277778,2026-05-12T21:00:00.000Z
sensor.camera_g_umidita,43.90851761833333,2026-05-12T22:00:00.000Z
sensor.camera_g_umidita,45.20857271497223,2026-05-12T23:00:00.000Z
sensor.camera_g_umidita,45.925480005055554,2026-05-13T00:00:00.000Z
sensor.camera_g_umidita,45.92214756688889,2026-05-13T01:00:00.000Z
sensor.camera_g_umidita,45.39664039513889,2026-05-13T02:00:00.000Z
sensor.camera_g_umidita,44.91974930116667,2026-05-13T03:00:00.000Z
sensor.camera_g_umidita,44.65468862563889,2026-05-13T04:00:00.000Z
sensor.camera_g_umidita,44.474666893333335,2026-05-13T05:00:00.000Z
sensor.camera_g_umidita,44.43806401377778,2026-05-13T06:00:00.000Z
sensor.camera_g_umidita,44.363255544611114,2026-05-13T07:00:00.000Z
sensor.camera_g_umidita,44.16471008483333,2026-05-13T08:00:00.000Z
sensor.camera_g_umidita,43.966533414694446,2026-05-13T09:00:00.000Z
sensor.camera_g_umidita,43.248209583333335,2026-05-13T10:00:00.000Z
sensor.camera_g_umidita,42.026928025555556,2026-05-13T11:00:00.000Z
sensor.camera_g_umidita,42.43549339236111,2026-05-13T12:00:00.000Z
sensor.camera_g_umidita,43.07775784872222,2026-05-13T13:00:00.000Z
sensor.camera_g_umidita,43.607957234111105,2026-05-13T14:00:00.000Z
sensor.camera_g_umidita,44.042248261611114,2026-05-13T15:00:00.000Z
sensor.camera_g_umidita,43.995986629916665,2026-05-13T16:00:00.000Z
sensor.camera_g_umidita,44.13096658227778,2026-05-13T17:00:00.000Z
sensor.camera_g_umidita,44.57407301030556,2026-05-13T18:00:00.000Z
sensor.camera_g_umidita,45.80998792816666,2026-05-13T19:00:00.000Z
sensor.camera_g_umidita,45.368641124611116,2026-05-13T20:00:00.000Z
sensor.camera_g_umidita,45.53382614933333,2026-05-13T21:00:00.000Z
sensor.camera_g_umidita,46.285819691361105,2026-05-13T22:00:00.000Z
sensor.camera_g_umidita,47.022310382499995,2026-05-13T23:00:00.000Z
sensor.camera_g_umidita,47.29647154902778,2026-05-14T00:00:00.000Z
sensor.camera_g_umidita,47.62384315963889,2026-05-14T01:00:00.000Z
sensor.camera_g_umidita,47.996005284805555,2026-05-14T02:00:00.000Z
sensor.camera_g_umidita,48.544430972250005,2026-05-14T03:00:00.000Z
sensor.camera_g_umidita,48.857539680083335,2026-05-14T04:00:00.000Z
sensor.camera_g_umidita,49.10106756477777,2026-05-14T05:00:00.000Z
sensor.camera_g_umidita,49.39069802608333,2026-05-14T06:00:00.000Z
sensor.camera_g_umidita,49.37549131408334,2026-05-14T07:00:00.000Z
sensor.camera_g_umidita,49.148731885,2026-05-14T08:00:00.000Z
sensor.camera_g_umidita,49.134092191027776,2026-05-14T09:00:00.000Z
sensor.camera_g_umidita,49.37469868213889,2026-05-14T10:00:00.000Z
sensor.camera_g_umidita,49.53355730822222,2026-05-14T11:00:00.000Z
sensor.camera_g_umidita,49.19164159372222,2026-05-14T12:00:00.000Z
sensor.camera_g_umidita,47.93529421086111,2026-05-14T13:00:00.000Z
sensor.camera_g_umidita,47.14397955791667,2026-05-14T14:00:00.000Z
sensor.camera_g_umidita,46.38803847597222,2026-05-14T15:00:00.000Z
sensor.camera_g_umidita,47.41404292708334,2026-05-14T16:00:00.000Z
sensor.camera_g_umidita,48.96452748708333,2026-05-14T17:00:00.000Z
sensor.camera_g_umidita,49.490767851444446,2026-05-14T18:00:00.000Z
sensor.camera_g_umidita,49.532889143888895,2026-05-14T19:00:00.000Z
sensor.camera_g_umidita,49.83387675163889,2026-05-14T20:00:00.000Z
sensor.camera_g_umidita,50.29335637375001,2026-05-14T21:00:00.000Z
sensor.camera_g_umidita,50.62601542463889,2026-05-14T22:00:00.000Z
sensor.camera_g_umidita,50.766436949138885,2026-05-14T23:00:00.000Z
sensor.camera_g_umidita,50.87247712208333,2026-05-15T00:00:00.000Z
sensor.camera_g_umidita,51.03137438625,2026-05-15T01:00:00.000Z
sensor.camera_g_umidita,51.203366813527786,2026-05-15T02:00:00.000Z
sensor.camera_g_umidita,51.29999999999999,2026-05-15T03:00:00.000Z
sensor.camera_g_umidita,51.26223082105556,2026-05-15T04:00:00.000Z
sensor.camera_g_umidita,51.14258348958334,2026-05-15T05:00:00.000Z
sensor.camera_g_umidita,51.20708577338889,2026-05-15T06:00:00.000Z
sensor.camera_g_umidita,51.14745342522223,2026-05-15T07:00:00.000Z
sensor.camera_g_umidita,51.18697287094445,2026-05-15T08:00:00.000Z
sensor.camera_g_umidita,51.42758605680555,2026-05-15T09:00:00.000Z
sensor.camera_g_umidita,51.63549221416667,2026-05-15T10:00:00.000Z
sensor.camera_g_umidita,52.20020053230556,2026-05-15T11:00:00.000Z
sensor.camera_g_umidita,52.22393037541667,2026-05-15T12:00:00.000Z
sensor.camera_g_umidita,52.296195012472225,2026-05-15T13:00:00.000Z
sensor.camera_g_umidita,52.26699289025,2026-05-15T14:00:00.000Z
sensor.camera_g_umidita,51.794156917500004,2026-05-15T15:00:00.000Z
sensor.camera_g_umidita,51.37944942066667,2026-05-15T16:00:00.000Z
sensor.camera_g_umidita,50.86659659480555,2026-05-15T17:00:00.000Z
sensor.camera_g_umidita,50.7335543475,2026-05-15T18:00:00.000Z
sensor.camera_g_umidita,50.69161843347222,2026-05-15T19:00:00.000Z
sensor.camera_g_umidita,50.74377110480555,2026-05-15T20:00:00.000Z
sensor.camera_g_umidita,50.98801780480556,2026-05-15T21:00:00.000Z
sensor.camera_g_umidita,51.24506450022222,2026-05-15T22:00:00.000Z
sensor.camera_g_umidita,51.85078903916667,2026-05-15T23:00:00.000Z
sensor.camera_g_umidita,52.306346458722224,2026-05-16T00:00:00.000Z
sensor.camera_g_umidita,52.71207582605555,2026-05-16T01:00:00.000Z
sensor.camera_g_umidita,53.03607433736111,2026-05-16T02:00:00.000Z
sensor.camera_g_umidita,53.35924937363888,2026-05-16T03:00:00.000Z
sensor.camera_g_umidita,53.53843729886111,2026-05-16T04:00:00.000Z
sensor.camera_g_umidita,53.620991845249996,2026-05-16T05:00:00.000Z
sensor.camera_g_umidita,53.70000000000001,2026-05-16T06:00:00.000Z
sensor.camera_g_umidita,53.562666680027775,2026-05-16T07:00:00.000Z
sensor.camera_g_umidita,53.037261212333334,2026-05-16T08:00:00.000Z
sensor.camera_g_umidita,52.65429846661112,2026-05-16T09:00:00.000Z
sensor.camera_g_umidita,52.736863003222226,2026-05-16T10:00:00.000Z
sensor.camera_g_umidita,52.73093656472222,2026-05-16T11:00:00.000Z
sensor.camera_g_umidita,53.14516355866667,2026-05-16T12:00:00.000Z
sensor.camera_g_umidita,54.83205420641667,2026-05-16T13:00:00.000Z
sensor.camera_g_umidita,52.45616229002778,2026-05-16T14:00:00.000Z
sensor.camera_g_umidita,51.03226523772222,2026-05-16T15:00:00.000Z
sensor.camera_g_umidita,53.04698950588889,2026-05-16T16:00:00.000Z
sensor.camera_g_umidita,50.654261634666675,2026-05-16T17:00:00.000Z
sensor.camera_g_umidita,50.02056269013889,2026-05-16T18:00:00.000Z
sensor.camera_g_umidita,49.94313645688889,2026-05-16T19:00:00.000Z
sensor.camera_g_umidita,49.961385981999996,2026-05-16T20:00:00.000Z
sensor.camera_g_umidita,50.64977235447222,2026-05-16T21:00:00.000Z
sensor.camera_g_umidita,50.74393217436111,2026-05-16T22:00:00.000Z
sensor.camera_g_umidita,50.40711963111111,2026-05-16T23:00:00.000Z
sensor.camera_g_umidita,50.55087698813889,2026-05-17T00:00:00.000Z
sensor.camera_g_umidita,50.624436856555555,2026-05-17T01:00:00.000Z
sensor.camera_g_umidita,51.01318453361111,2026-05-17T02:00:00.000Z
sensor.camera_g_umidita,50.984735744138895,2026-05-17T03:00:00.000Z
sensor.camera_g_umidita,51.148164780583336,2026-05-17T04:00:00.000Z
sensor.camera_g_umidita,50.785528516305554,2026-05-17T05:00:00.000Z
sensor.camera_g_umidita,50.60909506094445,2026-05-17T06:00:00.000Z
sensor.camera_g_umidita,50.38383383866667,2026-05-17T07:00:00.000Z
sensor.camera_g_umidita,50.042070711777775,2026-05-17T08:00:00.000Z
sensor.camera_g_umidita,49.07124579763889,2026-05-17T09:00:00.000Z
sensor.camera_g_umidita,48.12093028855556,2026-05-17T10:00:00.000Z
sensor.camera_g_umidita,47.45212770208334,2026-05-17T11:00:00.000Z
sensor.camera_g_umidita,47.26091441275,2026-05-17T12:00:00.000Z
sensor.camera_g_umidita,46.799649508444446,2026-05-17T13:00:00.000Z
sensor.camera_g_umidita,46.369608246000006,2026-05-17T14:00:00.000Z
sensor.camera_g_umidita,46.23362540794445,2026-05-17T15:00:00.000Z
sensor.camera_g_umidita,45.60197767616666,2026-05-17T16:00:00.000Z
sensor.camera_g_umidita,44.889079997277776,2026-05-17T17:00:00.000Z
sensor.camera_g_umidita,45.02416714158333,2026-05-17T18:00:00.000Z
sensor.camera_g_umidita,46.44996285697223,2026-05-17T19:00:00.000Z
sensor.camera_g_umidita,46.930220962750006,2026-05-17T20:00:00.000Z
sensor.camera_g_umidita,46.60558435694444,2026-05-17T21:00:00.000Z
sensor.camera_g_umidita,46.459723845444444,2026-05-17T22:00:00.000Z
sensor.camera_g_umidita,46.42015603047222,2026-05-17T23:00:00.000Z
sensor.camera_g_umidita,47.114290745861105,2026-05-18T00:00:00.000Z
sensor.camera_g_umidita,47.65064499388888,2026-05-18T01:00:00.000Z
sensor.camera_g_umidita,48.295698321277776,2026-05-18T02:00:00.000Z
sensor.camera_g_umidita,48.89825205883333,2026-05-18T03:00:00.000Z
sensor.camera_g_umidita,48.990074823583335,2026-05-18T04:00:00.000Z
sensor.camera_g_umidita,49.09779385961111,2026-05-18T05:00:00.000Z
sensor.camera_g_umidita,49.37591559411111,2026-05-18T06:00:00.000Z
sensor.camera_g_umidita,49.47838041175,2026-05-18T07:00:00.000Z
sensor.camera_g_umidita,49.39229416805555,2026-05-18T08:00:00.000Z
sensor.camera_g_umidita,48.882914936805555,2026-05-18T09:00:00.000Z
sensor.camera_g_umidita,47.32200586933334,2026-05-18T10:00:00.000Z
sensor.camera_g_umidita,46.609383150861106,2026-05-18T11:00:00.000Z
sensor.camera_g_umidita,46.363880425055555,2026-05-18T12:00:00.000Z
sensor.camera_g_umidita,45.94791586941667,2026-05-18T13:00:00.000Z
sensor.camera_g_umidita,45.56659219783333,2026-05-18T14:00:00.000Z
sensor.camera_g_umidita,45.40096355322222,2026-05-18T15:00:00.000Z
sensor.camera_g_umidita,45.692367946611114,2026-05-18T16:00:00.000Z
sensor.camera_g_umidita,46.397958635638894,2026-05-18T17:00:00.000Z
sensor.camera_g_umidita,48.28225529313889,2026-05-18T18:00:00.000Z
sensor.camera_g_umidita,50.08430952841667,2026-05-18T19:00:00.000Z
sensor.camera_g_umidita,51.411684017666666,2026-05-18T20:00:00.000Z
sensor.camera_g_umidita,51.940815721361105,2026-05-18T21:00:00.000Z
sensor.camera_g_umidita,52.68817982988889,2026-05-18T22:00:00.000Z
sensor.camera_g_umidita,53.56488350455555,2026-05-18T23:00:00.000Z
sensor.camera_g_umidita,54.142631978199994,2026-05-19T00:00:00.000Z
sensor.camera_g_umidita,54.554134297,2026-05-19T01:00:00.000Z
sensor.camera_g_umidita,54.81529841272222,2026-05-19T02:00:00.000Z
sensor.camera_g_umidita,54.69376159963889,2026-05-19T03:00:00.000Z
sensor.camera_g_umidita,54.64475990783333,2026-05-19T04:00:00.000Z
sensor.camera_g_umidita,54.53703693636111,2026-05-19T05:00:00.000Z
sensor.camera_g_umidita,54.59461314213889,2026-05-19T06:00:00.000Z
sensor.camera_g_umidita,55.13619563377778,2026-05-19T07:00:00.000Z
sensor.camera_g_umidita,55.62482989866667,2026-05-19T08:00:00.000Z
sensor.camera_g_umidita,55.708391025277784,2026-05-19T09:00:00.000Z
sensor.camera_g_umidita,55.33059795844445,2026-05-19T10:00:00.000Z
sensor.camera_g_umidita,54.59718827766667,2026-05-19T11:00:00.000Z
sensor.camera_g_umidita,53.8168041155,2026-05-19T12:00:00.000Z
sensor.camera_g_umidita,53.04755720833333,2026-05-19T13:00:00.000Z
sensor.camera_g_umidita,52.38701171402778,2026-05-19T14:00:00.000Z
sensor.camera_g_umidita,52.18751672044444,2026-05-19T15:00:00.000Z
sensor.camera_g_umidita,51.92803791594445,2026-05-19T16:00:00.000Z
sensor.camera_g_umidita,51.51391574219445,2026-05-19T17:00:00.000Z
sensor.camera_g_umidita,51.124991409888885,2026-05-19T18:00:00.000Z
sensor.camera_g_umidita,51.831399036166665,2026-05-19T19:00:00.000Z
sensor.camera_g_umidita,51.38960562869445,2026-05-19T20:00:00.000Z
sensor.camera_g_umidita,50.44070673155556,2026-05-19T21:00:00.000Z
sensor.camera_g_umidita,50.96329898519445,2026-05-19T22:00:00.000Z
sensor.camera_g_umidita,51.39571883033333,2026-05-19T23:00:00.000Z
sensor.camera_g_umidita,51.040314957750006,2026-05-20T00:00:00.000Z
sensor.camera_g_umidita,50.90687818472222,2026-05-20T01:00:00.000Z
sensor.camera_g_umidita,51.132121170666665,2026-05-20T02:00:00.000Z
sensor.camera_g_umidita,51.39926148805555,2026-05-20T03:00:00.000Z
sensor.camera_g_umidita,51.77560908427778,2026-05-20T04:00:00.000Z
sensor.camera_g_umidita,52.18763838752778,2026-05-20T05:00:00.000Z
sensor.camera_g_umidita,52.60602601161111,2026-05-20T06:00:00.000Z
sensor.camera_g_umidita,52.82926180047222,2026-05-20T07:00:00.000Z
sensor.camera_g_umidita,53.06104849194444,2026-05-20T08:00:00.000Z
sensor.camera_g_umidita,53.48848522502777,2026-05-20T09:00:00.000Z
sensor.camera_g_umidita,53.688476551583335,2026-05-20T10:00:00.000Z
sensor.camera_g_umidita,53.98974166341667,2026-05-20T11:00:00.000Z
sensor.camera_g_umidita,53.15351410697222,2026-05-20T12:00:00.000Z
sensor.camera_g_umidita,52.225408986249995,2026-05-20T13:00:00.000Z
sensor.camera_g_umidita,51.62852643911111,2026-05-20T14:00:00.000Z
sensor.camera_g_umidita,51.46840284816667,2026-05-20T15:00:00.000Z
sensor.camera_g_umidita,51.4,2026-05-20T16:00:00.000Z
sensor.camera_g_umidita,51.28583488019444,2026-05-20T17:00:00.000Z
sensor.camera_g_umidita,50.90872302969444,2026-05-20T18:00:00.000Z
sensor.camera_g_umidita,50.720734841972224,2026-05-20T19:00:00.000Z
sensor.camera_g_umidita,51.28028349655555,2026-05-20T20:00:00.000Z
sensor.camera_g_umidita,52.48613419530556,2026-05-20T21:00:00.000Z
sensor.camera_g_umidita,53.185035905999996,2026-05-20T22:00:00.000Z
sensor.camera_g_umidita,53.86268217916666,2026-05-20T23:00:00.000Z
sensor.camera_g_umidita,54.12801518030556,2026-05-21T00:00:00.000Z
sensor.camera_g_umidita,54.73349347933333,2026-05-21T01:00:00.000Z
sensor.camera_g_umidita,55.47870774422222,2026-05-21T02:00:00.000Z
sensor.camera_g_umidita,55.869572076111105,2026-05-21T03:00:00.000Z
sensor.camera_g_umidita,55.417549229277775,2026-05-21T04:00:00.000Z
sensor.camera_g_umidita,54.862157958000004,2026-05-21T05:00:00.000Z
sensor.camera_g_umidita,54.41227727038889,2026-05-21T06:00:00.000Z
sensor.camera_g_umidita,54.488630691,2026-05-21T07:00:00.000Z
sensor.camera_g_umidita,54.83207354588888,2026-05-21T08:00:00.000Z
sensor.camera_g_umidita,55.17336221522223,2026-05-21T09:00:00.000Z
sensor.camera_g_umidita,54.885376329361115,2026-05-21T10:00:00.000Z
sensor.camera_g_umidita,54.86672288580556,2026-05-21T11:00:00.000Z
sensor.camera_g_umidita,54.13941353011111,2026-05-21T12:00:00.000Z
sensor.camera_g_umidita,52.97009209466666,2026-05-21T13:00:00.000Z
sensor.camera_g_umidita,52.192008711999996,2026-05-21T14:00:00.000Z
sensor.camera_g_umidita,52.099487424138886,2026-05-21T15:00:00.000Z
sensor.camera_g_umidita,51.84077364741666,2026-05-21T16:00:00.000Z
sensor.camera_g_umidita,51.49596204011112,2026-05-21T17:00:00.000Z
sensor.camera_g_umidita,51.25332067513889,2026-05-21T18:00:00.000Z
sensor.camera_g_umidita,51.135628054166666,2026-05-21T19:00:00.000Z
sensor.camera_g_umidita,51.68396701894445,2026-05-21T20:00:00.000Z
sensor.camera_g_umidita,51.899953139888886,2026-05-21T21:00:00.000Z
sensor.camera_g_umidita,52.661747697694445,2026-05-21T22:00:00.000Z
sensor.camera_g_umidita,53.08576977422222,2026-05-21T23:00:00.000Z
sensor.camera_g_umidita,53.211479916722226,2026-05-22T00:00:00.000Z
sensor.camera_g_umidita,53.33355345122222,2026-05-22T01:00:00.000Z
sensor.camera_g_umidita,53.29999999999999,2026-05-22T02:00:00.000Z
sensor.camera_g_umidita,53.325168115,2026-05-22T03:00:00.000Z
sensor.camera_g_umidita,53.38243674513888,2026-05-22T04:00:00.000Z
sensor.camera_g_umidita,53.47752313880556,2026-05-22T05:00:00.000Z
sensor.camera_g_umidita,53.890182255638884,2026-05-22T06:00:00.000Z
sensor.camera_g_umidita,54.43507006036111,2026-05-22T07:00:00.000Z
sensor.camera_g_umidita,54.809863111472225,2026-05-22T08:00:00.000Z
sensor.camera_g_umidita,54.77601920633333,2026-05-22T09:00:00.000Z
sensor.camera_g_umidita,54.76233522113889,2026-05-22T10:00:00.000Z
sensor.camera_g_umidita,54.114584394,2026-05-22T11:00:00.000Z
sensor.camera_g_umidita,53.02514279263889,2026-05-22T12:00:00.000Z
sensor.camera_g_umidita,52.86644302363889,2026-05-22T13:00:00.000Z
sensor.camera_g_umidita,52.79013354008333,2026-05-22T14:00:00.000Z
sensor.camera_g_umidita,52.624769537611115,2026-05-22T15:00:00.000Z
sensor.camera_g_umidita,52.70000000000001,2026-05-22T16:00:00.000Z
sensor.camera_g_umidita,52.75676893747222,2026-05-22T17:00:00.000Z
sensor.camera_g_umidita,52.70195733372223,2026-05-22T18:00:00.000Z
sensor.camera_g_umidita,52.70000000000001,2026-05-22T19:00:00.000Z
sensor.camera_g_umidita,52.83074122930555,2026-05-22T20:00:00.000Z
sensor.camera_g_umidita,53.141763073527784,2026-05-22T21:00:00.000Z
sensor.camera_g_umidita,53.21988069672222,2026-05-22T22:00:00.000Z
sensor.camera_g_umidita,53.37198494722222,2026-05-22T23:00:00.000Z
sensor.camera_g_umidita,53.79583750366667,2026-05-23T00:00:00.000Z
sensor.camera_g_umidita,54.064236683555556,2026-05-23T01:00:00.000Z
sensor.camera_g_umidita,53.95119357602778,2026-05-23T02:00:00.000Z
sensor.camera_g_umidita,54.16665102480556,2026-05-23T03:00:00.000Z
sensor.camera_g_umidita,54.440811651694446,2026-05-23T04:00:00.000Z
sensor.camera_g_umidita,54.69349670038889,2026-05-23T05:00:00.000Z
sensor.camera_g_umidita,55.12976059194445,2026-05-23T06:00:00.000Z
sensor.camera_g_umidita,55.31680419480556,2026-05-23T07:00:00.000Z
sensor.camera_g_umidita,55.57329633152778,2026-05-23T08:00:00.000Z
sensor.camera_g_umidita,54.55598407116667,2026-05-23T09:00:00.000Z
sensor.camera_g_umidita,53.64514025041667,2026-05-23T10:00:00.000Z
sensor.camera_g_umidita,53.08781840355556,2026-05-23T11:00:00.000Z
sensor.camera_g_umidita,52.830849321916666,2026-05-23T12:00:00.000Z
sensor.camera_g_umidita,52.8013898363611,2026-05-23T13:00:00.000Z
sensor.camera_g_umidita,52.97621269325,2026-05-23T14:00:00.000Z
sensor.camera_g_umidita,53.08376112375,2026-05-23T15:00:00.000Z
sensor.camera_g_umidita,53.273977341666665,2026-05-23T16:00:00.000Z
sensor.camera_g_umidita,53.54671148933334,2026-05-23T17:00:00.000Z
sensor.camera_g_umidita,53.878274827055556,2026-05-23T18:00:00.000Z
sensor.camera_g_umidita,54.21821452961111,2026-05-23T19:00:00.000Z
sensor.camera_g_umidita,54.48265850019445,2026-05-23T20:00:00.000Z
sensor.camera_g_umidita,54.85636204925,2026-05-23T21:00:00.000Z
sensor.camera_g_umidita,55.25825253561111,2026-05-23T22:00:00.000Z
sensor.camera_g_umidita,55.37845971936111,2026-05-23T23:00:00.000Z
sensor.camera_g_umidita,55.549503011527776,2026-05-24T00:00:00.000Z
sensor.camera_g_umidita,55.933020868916664,2026-05-24T01:00:00.000Z
sensor.camera_g_umidita,56.07097767277778,2026-05-24T02:00:00.000Z
sensor.camera_g_umidita,55.818330921055555,2026-05-24T03:00:00.000Z
sensor.camera_g_umidita,56.07475355222223,2026-05-24T04:00:00.000Z
sensor.camera_g_umidita,56.32375534772222,2026-05-24T05:00:00.000Z
sensor.camera_g_umidita,56.5945124945,2026-05-24T06:00:00.000Z
sensor.camera_g_umidita,56.68000096505555,2026-05-24T07:00:00.000Z
sensor.camera_g_umidita,56.493780182861116,2026-05-24T08:00:00.000Z
sensor.camera_g_umidita,57.15172423747222,2026-05-24T09:00:00.000Z
sensor.camera_g_umidita,56.933593168555554,2026-05-24T10:00:00.000Z
sensor.camera_g_umidita,56.334929786777785,2026-05-24T11:00:00.000Z
sensor.camera_g_umidita,56.024166853277784,2026-05-24T12:00:00.000Z
sensor.camera_g_umidita,55.65705028538889,2026-05-24T13:00:00.000Z
sensor.camera_g_umidita,55.37416366097222,2026-05-24T14:00:00.000Z
sensor.camera_g_umidita,55.44966856994444,2026-05-24T15:00:00.000Z
sensor.camera_g_umidita,55.449627712444446,2026-05-24T16:00:00.000Z
sensor.camera_g_umidita,55.07666005175,2026-05-24T17:00:00.000Z
sensor.camera_g_umidita,54.32441609772223,2026-05-24T18:00:00.000Z
sensor.camera_g_umidita,53.87361232055556,2026-05-24T19:00:00.000Z
sensor.camera_g_umidita,53.94606629138889,2026-05-24T20:00:00.000Z
sensor.camera_g_umidita,55.44792234897222,2026-05-24T21:00:00.000Z
sensor.camera_g_umidita,56.35541686544445,2026-05-24T22:00:00.000Z
sensor.camera_g_umidita,56.647457081277786,2026-05-24T23:00:00.000Z
sensor.camera_g_umidita,57.327334285,2026-05-25T00:00:00.000Z
sensor.camera_g_umidita,58.20243966127777,2026-05-25T01:00:00.000Z
sensor.camera_g_umidita,58.011291990555556,2026-05-25T02:00:00.000Z
sensor.camera_g_umidita,57.74100221836111,2026-05-25T03:00:00.000Z
sensor.camera_g_umidita,57.634643211055554,2026-05-25T04:00:00.000Z
sensor.camera_g_umidita,58.049935343222224,2026-05-25T05:00:00.000Z
sensor.camera_g_umidita,58.15034527016667,2026-05-25T06:00:00.000Z
sensor.camera_g_umidita,57.87203020286111,2026-05-25T07:00:00.000Z
sensor.camera_g_umidita,57.72876238538888,2026-05-25T08:00:00.000Z
sensor.camera_g_umidita,58.10890813638889,2026-05-25T09:00:00.000Z
sensor.camera_g_umidita,58.016425635277784,2026-05-25T10:00:00.000Z
sensor.camera_g_umidita,56.38477936758333,2026-05-25T11:00:00.000Z
sensor.camera_g_umidita,54.670109197777776,2026-05-25T12:00:00.000Z
sensor.camera_g_umidita,54.14916762047222,2026-05-25T13:00:00.000Z
sensor.camera_g_umidita,53.444747850027774,2026-05-25T14:00:00.000Z
sensor.camera_g_umidita,52.49023412577778,2026-05-25T15:00:00.000Z
sensor.camera_g_umidita,51.923035762000005,2026-05-25T16:00:00.000Z
sensor.camera_g_umidita,53.43362244036111,2026-05-25T17:00:00.000Z
sensor.camera_g_umidita,53.99614402238888,2026-05-25T18:00:00.000Z
sensor.camera_g_umidita,52.99797948372222,2026-05-25T19:00:00.000Z
sensor.camera_g_umidita,52.69183967266667,2026-05-25T20:00:00.000Z
sensor.camera_g_umidita,54.013692079583336,2026-05-25T21:00:00.000Z
sensor.camera_g_umidita,55.01003155372222,2026-05-25T22:00:00.000Z
sensor.camera_g_umidita,55.258682024083335,2026-05-25T23:00:00.000Z
sensor.camera_g_umidita,55.77176854858334,2026-05-26T00:00:00.000Z
sensor.camera_g_umidita,56.29260415566667,2026-05-26T01:00:00.000Z
sensor.camera_g_umidita,56.16106765588889,2026-05-26T02:00:00.000Z
sensor.camera_g_umidita,56.08981382480556,2026-05-26T03:00:00.000Z
sensor.camera_g_umidita,56.38100766588889,2026-05-26T04:00:00.000Z
sensor.camera_g_umidita,57.16713871322222,2026-05-26T05:00:00.000Z
sensor.camera_g_umidita,57.38656997858333,2026-05-26T06:00:00.000Z
sensor.camera_g_umidita,56.81641788766667,2026-05-26T07:00:00.000Z
sensor.camera_g_umidita,56.881745597944445,2026-05-26T08:00:00.000Z
sensor.camera_g_umidita,56.84663047916666,2026-05-26T09:00:00.000Z
sensor.camera_g_umidita,56.824792126,2026-05-26T10:00:00.000Z
sensor.camera_g_umidita,56.37639560058333,2026-05-26T11:00:00.000Z
sensor.camera_g_umidita,55.8343334575,2026-05-26T12:00:00.000Z
sensor.camera_g_umidita,55.15694780808334,2026-05-26T13:00:00.000Z
sensor.camera_g_umidita,53.87156843694444,2026-05-26T14:00:00.000Z
sensor.camera_g_umidita,53.15858585497222,2026-05-26T15:00:00.000Z
sensor.camera_g_umidita,51.57968107358334,2026-05-26T16:00:00.000Z
sensor.camera_g_umidita,50.68403012733333,2026-05-26T17:00:00.000Z
sensor.camera_g_umidita,50.39014407483333,2026-05-26T18:00:00.000Z
sensor.camera_g_umidita,51.611386550166664,2026-05-26T19:00:00.000Z
sensor.camera_g_umidita,52.50921561066667,2026-05-26T20:00:00.000Z
sensor.camera_g_umidita,53.26492698713889,2026-05-26T21:00:00.000Z
sensor.camera_g_umidita,53.49716119016667,2026-05-26T22:00:00.000Z
sensor.camera_g_umidita,54.498374458916665,2026-05-26T23:00:00.000Z
sensor.camera_g_umidita,54.36858804813889,2026-05-27T00:00:00.000Z
sensor.camera_g_umidita,54.576250711166665,2026-05-27T01:00:00.000Z
sensor.camera_g_umidita,55.118771582166666,2026-05-27T02:00:00.000Z
sensor.camera_g_umidita,55.105073202805556,2026-05-27T03:00:00.000Z
sensor.camera_g_umidita,55.17780734252778,2026-05-27T04:00:00.000Z
sensor.camera_g_umidita,55.727112995333336,2026-05-27T05:00:00.000Z
sensor.camera_g_umidita,56.01824319641667,2026-05-27T06:00:00.000Z
sensor.camera_g_umidita,55.57785933966667,2026-05-27T07:00:00.000Z
sensor.camera_g_umidita,54.56495631797222,2026-05-27T08:00:00.000Z
sensor.camera_g_umidita,53.75890150419445,2026-05-27T09:00:00.000Z
sensor.camera_g_umidita,52.44625037286111,2026-05-27T10:00:00.000Z
sensor.camera_g_umidita,51.45378245916667,2026-05-27T11:00:00.000Z
sensor.camera_g_umidita,50.701062543666666,2026-05-27T12:00:00.000Z
sensor.camera_g_umidita,50.73860150108334,2026-05-27T13:00:00.000Z
sensor.camera_g_umidita,50.895717127000005,2026-05-27T14:00:00.000Z
sensor.camera_g_umidita,50.75122916236111,2026-05-27T15:00:00.000Z
sensor.camera_g_umidita,50.711377127,2026-05-27T16:00:00.000Z
sensor.camera_g_umidita,50.351459197416666,2026-05-27T17:00:00.000Z
sensor.camera_g_umidita,51.02372811830556,2026-05-27T18:00:00.000Z
sensor.camera_g_umidita,51.19231993641666,2026-05-27T19:00:00.000Z
sensor.camera_g_umidita,51.39327414272222,2026-05-27T20:00:00.000Z
sensor.camera_g_umidita,51.359532610972224,2026-05-27T21:00:00.000Z
sensor.camera_g_umidita,50.9434151145,2026-05-27T22:00:00.000Z
sensor.camera_g_umidita,51.263673089583335,2026-05-27T23:00:00.000Z
sensor.camera_g_umidita,51.36178781005555,2026-05-28T00:00:00.000Z
sensor.camera_g_umidita,51.76338441455555,2026-05-28T01:00:00.000Z
sensor.camera_g_umidita,52.070690933916666,2026-05-28T02:00:00.000Z
sensor.camera_g_umidita,52.654454967166664,2026-05-28T03:00:00.000Z
sensor.camera_g_umidita,53.45966786899999,2026-05-28T04:00:00.000Z
sensor.camera_g_umidita,54.18662207683334,2026-05-28T05:00:00.000Z
sensor.camera_g_umidita,54.65808327361111,2026-05-28T06:00:00.000Z
sensor.camera_g_umidita,54.88120187336111,2026-05-28T07:00:00.000Z
sensor.camera_g_umidita,54.20292112577778,2026-05-28T08:00:00.000Z
sensor.camera_g_umidita,54.4889119385,2026-05-28T09:00:00.000Z
sensor.camera_g_umidita,54.61298069538889,2026-05-28T10:00:00.000Z
sensor.camera_g_umidita,54.346615963805554,2026-05-28T11:00:00.000Z
sensor.camera_g_umidita,53.737217618500004,2026-05-28T12:00:00.000Z
sensor.camera_g_umidita,53.402916027416666,2026-05-28T13:00:00.000Z
sensor.camera_g_umidita,52.90249675641667,2026-05-28T14:00:00.000Z
sensor.camera_g_umidita,52.69339156397223,2026-05-28T15:00:00.000Z
sensor.camera_g_umidita,53.08221962844444,2026-05-28T16:00:00.000Z
sensor.camera_g_umidita,53.39432262155555,2026-05-28T17:00:00.000Z
sensor.camera_g_umidita,54.466579569416666,2026-05-28T18:00:00.000Z
sensor.camera_g_umidita,55.589956252388895,2026-05-28T19:00:00.000Z
sensor.camera_g_umidita,55.69580448652778,2026-05-28T20:00:00.000Z
sensor.camera_g_umidita,57.10194037683333,2026-05-28T21:00:00.000Z
sensor.camera_g_umidita,57.80856908616667,2026-05-28T22:00:00.000Z
sensor.camera_g_umidita,58.81886200588889,2026-05-28T23:00:00.000Z
sensor.camera_g_umidita,59.7515647965,2026-05-29T00:00:00.000Z
sensor.camera_g_umidita,59.991616751083335,2026-05-29T01:00:00.000Z
sensor.camera_g_umidita,60,2026-05-29T02:00:00.000Z
sensor.camera_g_umidita,60.01045307477778,2026-05-29T03:00:00.000Z
sensor.camera_g_umidita,59.94622187597222,2026-05-29T04:00:00.000Z
sensor.camera_g_umidita,59.5216034438611,2026-05-29T05:00:00.000Z
sensor.camera_g_umidita,59.23436739105555,2026-05-29T06:00:00.000Z
sensor.camera_g_umidita,58.39939260963889,2026-05-29T07:00:00.000Z
sensor.camera_g_umidita,57.501138106944445,2026-05-29T08:00:00.000Z
sensor.camera_g_umidita,56.818011664277776,2026-05-29T09:00:00.000Z
sensor.camera_g_umidita,55.55191131669445,2026-05-29T10:00:00.000Z
sensor.camera_g_umidita,54.78970956744445,2026-05-29T11:00:00.000Z
sensor.camera_g_umidita,54.25050320575,2026-05-29T12:00:00.000Z
sensor.camera_g_umidita,54.222286116722216,2026-05-29T13:00:00.000Z
sensor.camera_g_umidita,53.696972823083335,2026-05-29T14:00:00.000Z
sensor.camera_g_umidita,53.014290055972225,2026-05-29T15:00:00.000Z
sensor.camera_g_umidita,52.635347155888894,2026-05-29T16:00:00.000Z
sensor.camera_g_umidita,52.89874249566666,2026-05-29T17:00:00.000Z
sensor.camera_g_umidita,52.59212458225,2026-05-29T18:00:00.000Z
sensor.camera_g_umidita,52.42331111330555,2026-05-29T19:00:00.000Z
sensor.camera_g_umidita,53.18734469397222,2026-05-29T20:00:00.000Z
sensor.camera_g_umidita,53.76675558216667,2026-05-29T21:00:00.000Z
sensor.camera_g_umidita,54.16816196041666,2026-05-29T22:00:00.000Z
sensor.camera_g_umidita,54.79296934083334,2026-05-29T23:00:00.000Z
sensor.camera_g_umidita,54.91289914497222,2026-05-30T00:00:00.000Z
sensor.camera_g_umidita,54.647770568805555,2026-05-30T01:00:00.000Z
sensor.camera_g_umidita,54.21047441722222,2026-05-30T02:00:00.000Z
sensor.camera_g_umidita,54,2026-05-30T03:00:00.000Z
sensor.camera_g_umidita,54.12945104527778,2026-05-30T04:00:00.000Z
sensor.camera_g_umidita,54.37603582269444,2026-05-30T05:00:00.000Z
sensor.camera_g_umidita,54.425035832805555,2026-05-30T06:00:00.000Z
sensor.camera_g_umidita,54.08171654888889,2026-05-30T07:00:00.000Z
sensor.camera_g_umidita,52.892252835,2026-05-30T08:00:00.000Z
sensor.camera_g_umidita,52.032743410555554,2026-05-30T09:00:00.000Z
sensor.camera_g_umidita,51.43488395025,2026-05-30T10:00:00.000Z
sensor.camera_g_umidita,51.68256955736111,2026-05-30T11:00:00.000Z
sensor.camera_g_umidita,51.74540814675,2026-05-30T12:00:00.000Z
sensor.camera_g_umidita,51.89174778927778,2026-05-30T13:00:00.000Z
sensor.camera_g_umidita,52.02075826205555,2026-05-30T14:00:00.000Z
sensor.camera_g_umidita,52.287099270055556,2026-05-30T15:00:00.000Z
sensor.camera_g_umidita,52.25258887813889,2026-05-30T16:00:00.000Z
sensor.camera_g_umidita,52.43951552330555,2026-05-30T17:00:00.000Z
sensor.camera_g_umidita,52.987046241555554,2026-05-30T18:00:00.000Z
sensor.camera_g_umidita,53.78343752808333,2026-05-30T19:00:00.000Z
sensor.camera_g_umidita,54.109039570111115,2026-05-30T20:00:00.000Z
sensor.camera_g_umidita,54.84238789105555,2026-05-30T21:00:00.000Z
sensor.camera_g_umidita,56.00439487697222,2026-05-30T22:00:00.000Z
sensor.camera_g_umidita,54.503533592888886,2026-05-30T23:00:00.000Z
sensor.camera_g_umidita,53.52848991044444,2026-05-31T00:00:00.000Z
sensor.camera_g_umidita,52.96212012558333,2026-05-31T01:00:00.000Z
sensor.camera_g_umidita,52.256536727138894,2026-05-31T02:00:00.000Z
sensor.camera_g_umidita,52.51823058294445,2026-05-31T03:00:00.000Z
sensor.camera_g_umidita,52.51804546252777,2026-05-31T04:00:00.000Z
sensor.camera_g_umidita,52.46251257769444,2026-05-31T05:00:00.000Z
sensor.camera_g_umidita,52.54781459177778,2026-05-31T06:00:00.000Z
sensor.camera_g_umidita,52.52508920377778,2026-05-31T07:00:00.000Z
sensor.camera_g_umidita,52.56571744147222,2026-05-31T08:00:00.000Z
sensor.camera_g_umidita,51.507293874277785,2026-05-31T09:00:00.000Z
sensor.camera_g_umidita,52.537810836527775,2026-05-31T10:00:00.000Z
sensor.camera_g_umidita,53.54111364827778,2026-05-31T11:00:00.000Z
sensor.camera_g_umidita,54.417220582111106,2026-05-31T12:00:00.000Z
sensor.camera_g_umidita,55.060795148277776,2026-05-31T13:00:00.000Z
sensor.camera_g_umidita,54.98491093713889,2026-05-31T14:00:00.000Z
sensor.camera_g_umidita,54.41731790025,2026-05-31T15:00:00.000Z
sensor.camera_g_umidita,53.34525628950001,2026-05-31T16:00:00.000Z
sensor.camera_g_umidita,52.68228972772223,2026-05-31T17:00:00.000Z
sensor.camera_g_umidita,53.35658931294444,2026-05-31T18:00:00.000Z
sensor.camera_g_umidita,53.827134337194444,2026-05-31T19:00:00.000Z
sensor.camera_g_umidita,53.80068543755556,2026-05-31T20:00:00.000Z
sensor.camera_g_umidita,53.68185938116667,2026-05-31T21:00:00.000Z
sensor.camera_g_umidita,53.704392198111115,2026-05-31T22:00:00.000Z
sensor.camera_g_umidita,52.50102668547222,2026-05-31T23:00:00.000Z
sensor.camera_g_umidita,51.83158167016666,2026-06-01T00:00:00.000Z
sensor.camera_g_umidita,52.22684891094445,2026-06-01T01:00:00.000Z
sensor.camera_g_umidita,52.42509416222222,2026-06-01T02:00:00.000Z
sensor.camera_g_umidita,52.886202893833335,2026-06-01T03:00:00.000Z
sensor.camera_g_umidita,52.67624066891667,2026-06-01T04:00:00.000Z
sensor.camera_g_umidita,52.61307647005555,2026-06-01T05:00:00.000Z
sensor.camera_g_umidita,52.94155936236111,2026-06-01T06:00:00.000Z
sensor.camera_g_umidita,53.439447617388886,2026-06-01T07:00:00.000Z
sensor.camera_g_umidita,54.32769355586111,2026-06-01T08:00:00.000Z
sensor.camera_g_umidita,54.56713541052778,2026-06-01T09:00:00.000Z
sensor.camera_g_umidita,54.581018763083335,2026-06-01T10:00:00.000Z
sensor.camera_g_umidita,54.848915840472216,2026-06-01T11:00:00.000Z
sensor.camera_g_umidita,54.27969737194445,2026-06-01T12:00:00.000Z
sensor.camera_g_umidita,54.238914982194444,2026-06-01T13:00:00.000Z
sensor.camera_g_umidita,53.741139478361106,2026-06-01T14:00:00.000Z
sensor.camera_g_umidita,53.46215876738889,2026-06-01T15:00:00.000Z
sensor.camera_g_umidita,53.32032884030556,2026-06-01T16:00:00.000Z
sensor.camera_g_umidita,52.70547499544444,2026-06-01T17:00:00.000Z
sensor.camera_g_umidita,52.60927694666666,2026-06-01T18:00:00.000Z
sensor.camera_g_umidita,53.185613033,2026-06-01T19:00:00.000Z
sensor.camera_g_umidita,53.782506062277776,2026-06-01T20:00:00.000Z
sensor.camera_g_umidita,53.819878907,2026-06-01T21:00:00.000Z
sensor.camera_g_umidita,55.549391374277775,2026-06-01T22:00:00.000Z
sensor.camera_g_umidita,54.49688244047223,2026-06-01T23:00:00.000Z
sensor.camera_g_umidita,54.11272586761111,2026-06-02T00:00:00.000Z
sensor.camera_g_umidita,55.350666501166664,2026-06-02T01:00:00.000Z
sensor.camera_g_umidita,55.80526422108333,2026-06-02T02:00:00.000Z
sensor.camera_g_umidita,55.7709068,2026-06-02T03:00:00.000Z
sensor.camera_g_umidita,55.83048990347222,2026-06-02T04:00:00.000Z
sensor.camera_g_umidita,56.364622197888885,2026-06-02T05:00:00.000Z
sensor.camera_g_umidita,56.74647599108334,2026-06-02T06:00:00.000Z
sensor.camera_g_umidita,56.79876638002778,2026-06-02T07:00:00.000Z
sensor.camera_g_umidita,56.819140186999995,2026-06-02T08:00:00.000Z
sensor.camera_g_umidita,56.85844028783333,2026-06-02T09:00:00.000Z
sensor.camera_g_umidita,55.906190452611106,2026-06-02T10:00:00.000Z
sensor.camera_g_umidita,56.46679060322222,2026-06-02T11:00:00.000Z
sensor.camera_g_umidita,56.96290974572222,2026-06-02T12:00:00.000Z
sensor.camera_g_umidita,57.12802094383334,2026-06-02T13:00:00.000Z
sensor.camera_g_umidita,57.268365626527775,2026-06-02T14:00:00.000Z
sensor.camera_g_umidita,56.80277081025,2026-06-02T15:00:00.000Z
sensor.camera_g_umidita,57.15731829166666,2026-06-02T16:00:00.000Z
sensor.camera_g_umidita,57.53419628222222,2026-06-02T17:00:00.000Z
sensor.camera_g_umidita,57.54777254719445,2026-06-02T18:00:00.000Z
sensor.camera_g_umidita,57.50123999341667,2026-06-02T19:00:00.000Z
sensor.camera_g_umidita,57.72696159477778,2026-06-02T20:00:00.000Z
sensor.camera_g_umidita,57.867571496055554,2026-06-02T21:00:00.000Z
sensor.camera_g_umidita,54.549229905212115,2026-06-05T08:00:00.000Z
sensor.camera_g_umidita,53.81505064111111,2026-06-05T09:00:00.000Z
sensor.camera_g_umidita,54.12369831438889,2026-06-05T10:00:00.000Z
sensor.camera_g_umidita,54.36018256811111,2026-06-05T11:00:00.000Z
sensor.camera_g_umidita,54.64287032772222,2026-06-05T12:00:00.000Z
sensor.camera_g_umidita,54.87963633311111,2026-06-05T13:00:00.000Z
sensor.camera_g_umidita,54.774892142666666,2026-06-05T14:00:00.000Z
sensor.camera_g_umidita,54.305273149444446,2026-06-05T15:00:00.000Z
sensor.camera_g_umidita,54.02808820725,2026-06-05T16:00:00.000Z
sensor.camera_g_umidita,53.378360956861115,2026-06-05T17:00:00.000Z
sensor.camera_g_umidita,52.93235417830556,2026-06-05T18:00:00.000Z
sensor.camera_g_umidita,53.93245265513889,2026-06-05T19:00:00.000Z
sensor.camera_g_umidita,54.1,2026-06-05T20:00:00.000Z
sensor.camera_g_umidita,54.40240963641667,2026-06-05T21:00:00.000Z
sensor.camera_g_umidita,54.768754576194446,2026-06-05T22:00:00.000Z
sensor.camera_g_umidita,55.371587719805554,2026-06-05T23:00:00.000Z
sensor.camera_g_umidita,55.643073484333335,2026-06-06T00:00:00.000Z
sensor.camera_g_umidita,56.03785856238889,2026-06-06T01:00:00.000Z
sensor.camera_g_umidita,56.16534988152778,2026-06-06T02:00:00.000Z
sensor.camera_g_umidita,56.172523433694444,2026-06-06T03:00:00.000Z
sensor.camera_g_umidita,56.06479637733333,2026-06-06T04:00:00.000Z
sensor.camera_g_umidita,56,2026-06-06T05:00:00.000Z
sensor.camera_g_umidita,56.05871633016667,2026-06-06T06:00:00.000Z
sensor.camera_g_umidita,55.99207830341666,2026-06-06T07:00:00.000Z
sensor.camera_g_umidita,55.825633611499995,2026-06-06T08:00:00.000Z
sensor.camera_g_umidita,55.768242446500004,2026-06-06T09:00:00.000Z
sensor.camera_g_umidita,55.702462535027784,2026-06-06T10:00:00.000Z
sensor.camera_g_umidita,55.472037691361116,2026-06-06T11:00:00.000Z
sensor.camera_g_umidita,55.366443814444445,2026-06-06T12:00:00.000Z
sensor.camera_g_umidita,55.241703582944446,2026-06-06T13:00:00.000Z
sensor.camera_g_umidita,54.66495145,2026-06-06T14:00:00.000Z
sensor.camera_g_umidita,54.38639242036111,2026-06-06T15:00:00.000Z
sensor.camera_g_umidita,53.80388978102778,2026-06-06T16:00:00.000Z
sensor.camera_g_umidita,53.0233394025,2026-06-06T17:00:00.000Z
sensor.camera_g_umidita,52.40335358041667,2026-06-06T18:00:00.000Z
sensor.camera_g_umidita,52.198826012611114,2026-06-06T19:00:00.000Z
sensor.camera_g_umidita,53.01970479538889,2026-06-06T20:00:00.000Z
sensor.camera_g_umidita,53.968850794611114,2026-06-06T21:00:00.000Z
sensor.camera_g_umidita,54.56694363141667,2026-06-06T22:00:00.000Z
sensor.camera_g_umidita,55.39090909886111,2026-06-06T23:00:00.000Z
sensor.camera_g_umidita,55.58044971602778,2026-06-07T00:00:00.000Z
sensor.camera_g_umidita,55.574829439888894,2026-06-07T01:00:00.000Z
sensor.camera_g_umidita,55.84097110983333,2026-06-07T02:00:00.000Z
sensor.camera_g_umidita,55.99704447936111,2026-06-07T03:00:00.000Z
sensor.camera_g_umidita,55.822218440499995,2026-06-07T04:00:00.000Z
sensor.camera_g_umidita,55.74804526505556,2026-06-07T05:00:00.000Z
sensor.camera_g_umidita,55.62259715097222,2026-06-07T06:00:00.000Z
sensor.camera_g_umidita,55.43230962063888,2026-06-07T07:00:00.000Z
sensor.camera_g_umidita,55.42506878466667,2026-06-07T08:00:00.000Z
sensor.camera_g_umidita,55.62583964561111,2026-06-07T09:00:00.000Z
sensor.camera_g_umidita,55.33564875105555,2026-06-07T10:00:00.000Z
sensor.camera_g_umidita,55.253307266916664,2026-06-07T11:00:00.000Z
sensor.camera_g_umidita,55.185812671583335,2026-06-07T12:00:00.000Z
sensor.camera_g_umidita,54.42334452027777,2026-06-07T13:00:00.000Z
sensor.camera_g_umidita,53.59816109661111,2026-06-07T14:00:00.000Z
sensor.camera_g_umidita,53.15909840472222,2026-06-07T15:00:00.000Z
sensor.camera_g_umidita,53.046638691472225,2026-06-07T16:00:00.000Z
sensor.camera_g_umidita,53.13257187247222,2026-06-07T17:00:00.000Z
sensor.camera_g_umidita,52.78960548552777,2026-06-07T18:00:00.000Z
sensor.camera_g_umidita,52.84261987772222,2026-06-07T19:00:00.000Z
sensor.camera_g_umidita,53.235441329222226,2026-06-07T20:00:00.000Z
sensor.camera_g_umidita,54.54389303988889,2026-06-07T21:00:00.000Z
sensor.camera_g_umidita,55.79318804411111,2026-06-07T22:00:00.000Z
sensor.camera_g_umidita,56.33289657652778,2026-06-07T23:00:00.000Z
sensor.camera_g_umidita,56.143991890416665,2026-06-08T00:00:00.000Z
sensor.camera_g_umidita,56.28279839844444,2026-06-08T01:00:00.000Z
sensor.camera_g_umidita,56.429502978583336,2026-06-08T02:00:00.000Z
sensor.camera_g_umidita,56.52517147997222,2026-06-08T03:00:00.000Z
sensor.camera_g_umidita,56.41309868097222,2026-06-08T04:00:00.000Z
sensor.camera_g_umidita,56.36644776066667,2026-06-08T05:00:00.000Z
sensor.camera_g_umidita,56.453679320944445,2026-06-08T06:00:00.000Z
sensor.camera_g_umidita,56.77614861066667,2026-06-08T07:00:00.000Z
sensor.camera_g_umidita,56.39730288175,2026-06-08T08:00:00.000Z
sensor.camera_g_umidita,56.22483593947222,2026-06-08T09:00:00.000Z
sensor.camera_g_umidita,56.32616480555555,2026-06-08T10:00:00.000Z
sensor.camera_g_umidita,56.176493733388895,2026-06-08T11:00:00.000Z
sensor.camera_g_umidita,55.876750801250004,2026-06-08T12:00:00.000Z
sensor.camera_g_umidita,55.46336898888888,2026-06-08T13:00:00.000Z
sensor.camera_g_umidita,55.33309856491667,2026-06-08T14:00:00.000Z
sensor.camera_g_umidita,55.13443410141667,2026-06-08T15:00:00.000Z
sensor.camera_g_umidita,54.798890930944445,2026-06-08T16:00:00.000Z
sensor.camera_g_umidita,54.259515237888884,2026-06-08T17:00:00.000Z
sensor.camera_g_umidita,53.944730692444445,2026-06-08T18:00:00.000Z
sensor.camera_g_umidita,53.69244193136111,2026-06-08T19:00:00.000Z
sensor.camera_g_umidita,54.469995503916664,2026-06-08T20:00:00.000Z
sensor.camera_g_umidita,56.21047570305555,2026-06-08T21:00:00.000Z
sensor.camera_g_umidita,57.416576384972224,2026-06-08T22:00:00.000Z
sensor.camera_g_umidita,57.04751713847222,2026-06-08T23:00:00.000Z
sensor.camera_g_umidita,56.95324637177777,2026-06-09T00:00:00.000Z
sensor.camera_g_umidita,57.52058624691667,2026-06-09T01:00:00.000Z
sensor.camera_g_umidita,58.06023489313889,2026-06-09T02:00:00.000Z
sensor.camera_g_umidita,58.76820246394445,2026-06-09T03:00:00.000Z
sensor.camera_g_umidita,59.02516020550001,2026-06-09T04:00:00.000Z
sensor.camera_g_umidita,58.893243133611115,2026-06-09T05:00:00.000Z
sensor.camera_g_umidita,58.07254707883334,2026-06-09T06:00:00.000Z
sensor.camera_g_umidita,57.264384278499996,2026-06-09T07:00:00.000Z
sensor.camera_g_umidita,56.443904981277775,2026-06-09T08:00:00.000Z
sensor.camera_g_umidita,55.723404767666665,2026-06-09T09:00:00.000Z
sensor.camera_g_umidita,55.278374817638884,2026-06-09T10:00:00.000Z
sensor.camera_g_umidita,55.14404946552778,2026-06-09T11:00:00.000Z
sensor.camera_g_umidita,55.20561995627778,2026-06-09T12:00:00.000Z
sensor.camera_g_umidita,55.20000000000001,2026-06-09T13:00:00.000Z
sensor.camera_g_umidita,54.925474061833334,2026-06-09T14:00:00.000Z
sensor.camera_g_umidita,54.825200671,2026-06-09T15:00:00.000Z
sensor.camera_g_umidita,54.64481062819445,2026-06-09T16:00:00.000Z
sensor.camera_g_umidita,54.576258378138895,2026-06-09T17:00:00.000Z
sensor.camera_g_umidita,55.09194932272222,2026-06-09T18:00:00.000Z
sensor.camera_g_umidita,55.30678041163889,2026-06-09T19:00:00.000Z
sensor.camera_g_umidita,55.27434518230555,2026-06-09T20:00:00.000Z
sensor.camera_g_umidita,55.47437217138889,2026-06-09T21:00:00.000Z
sensor.camera_g_umidita,55.44329355708334,2026-06-09T22:00:00.000Z
sensor.camera_g_umidita,55.355035924111114,2026-06-09T23:00:00.000Z
sensor.camera_g_umidita,55.21342271044444,2026-06-10T00:00:00.000Z
sensor.camera_g_umidita,55.245294726055555,2026-06-10T01:00:00.000Z
sensor.camera_g_umidita,55.212090751527775,2026-06-10T02:00:00.000Z
sensor.camera_g_umidita,55.271802705055556,2026-06-10T03:00:00.000Z
sensor.camera_g_umidita,55.20000000000001,2026-06-10T04:00:00.000Z
sensor.camera_g_umidita,55.18991573447223,2026-06-10T05:00:00.000Z
sensor.camera_g_umidita,55.01507208066667,2026-06-10T06:00:00.000Z
sensor.camera_g_umidita,54.97520101419445,2026-06-10T07:00:00.000Z
sensor.camera_g_umidita,55.58460565274999,2026-06-10T08:00:00.000Z
sensor.camera_g_umidita,56.17598815672222,2026-06-10T09:00:00.000Z
sensor.camera_g_umidita,56.97283975269445,2026-06-10T10:00:00.000Z
sensor.camera_g_umidita,57.53882824480556,2026-06-10T11:00:00.000Z
sensor.camera_g_umidita,58.20199991502778,2026-06-10T12:00:00.000Z
sensor.camera_g_umidita,57.089576754333336,2026-06-10T13:00:00.000Z
sensor.camera_g_umidita,56.108674367472226,2026-06-10T14:00:00.000Z
sensor.camera_g_umidita,55.88149803163889,2026-06-10T15:00:00.000Z
sensor.camera_g_umidita,55.83804304880556,2026-06-10T16:00:00.000Z
sensor.camera_g_umidita,56.237002448,2026-06-10T17:00:00.000Z
sensor.camera_g_umidita,55.96186509775,2026-06-10T18:00:00.000Z
sensor.camera_g_umidita,54.48815651941666,2026-06-10T19:00:00.000Z
sensor.camera_g_umidita,52.95822965366667,2026-06-10T20:00:00.000Z
sensor.camera_g_umidita,51.61231413402778,2026-06-10T21:00:00.000Z
sensor.camera_g_umidita,50.67299438752778,2026-06-10T22:00:00.000Z
sensor.camera_g_umidita,50.27529685080555,2026-06-10T23:00:00.000Z
sensor.camera_g_umidita,50.03592255444445,2026-06-11T00:00:00.000Z
sensor.camera_g_umidita,49.697863431,2026-06-11T01:00:00.000Z
sensor.camera_g_umidita,49.41867776805555,2026-06-11T02:00:00.000Z
sensor.camera_g_umidita,49.37483862680555,2026-06-11T03:00:00.000Z
sensor.camera_g_umidita,49.35356621522222,2026-06-11T04:00:00.000Z
sensor.camera_g_umidita,49.22599288186111,2026-06-11T05:00:00.000Z
sensor.camera_g_umidita,48.69759409305556,2026-06-11T06:00:00.000Z
sensor.camera_g_umidita,48.016440464666665,2026-06-11T07:00:00.000Z
sensor.camera_g_umidita,47.39453605736111,2026-06-11T08:00:00.000Z
sensor.camera_g_umidita,46.80059609925001,2026-06-11T09:00:00.000Z
sensor.camera_g_umidita,45.763128966138886,2026-06-11T10:00:00.000Z
sensor.camera_g_umidita,44.999564394222226,2026-06-11T11:00:00.000Z
sensor.camera_g_umidita,43.97722999483333,2026-06-11T12:00:00.000Z
sensor.camera_g_umidita,43.150890518000004,2026-06-11T13:00:00.000Z
sensor.camera_g_umidita,42.951214368555554,2026-06-11T14:00:00.000Z
sensor.camera_g_umidita,42.05772998211111,2026-06-11T15:00:00.000Z
sensor.camera_g_umidita,41.98468047744444,2026-06-11T16:00:00.000Z
sensor.camera_g_umidita,42.54270201488889,2026-06-11T17:00:00.000Z
sensor.camera_g_umidita,42.66635405466667,2026-06-11T18:00:00.000Z
sensor.camera_g_umidita,44.15248886516667,2026-06-11T19:00:00.000Z
sensor.camera_g_umidita,44.84338446144445,2026-06-11T20:00:00.000Z
sensor.camera_g_umidita,45.70461958827778,2026-06-11T21:00:00.000Z
sensor.camera_g_umidita,46.62914153277777,2026-06-11T22:00:00.000Z
sensor.camera_g_umidita,46.59116026686112,2026-06-11T23:00:00.000Z
sensor.camera_g_umidita,47.01629407816667,2026-06-12T00:00:00.000Z
sensor.camera_g_umidita,47.24921832022222,2026-06-12T01:00:00.000Z
sensor.camera_g_umidita,47.35872839927777,2026-06-12T02:00:00.000Z
sensor.camera_g_umidita,47.12874110561111,2026-06-12T03:00:00.000Z
sensor.camera_g_umidita,47.01084022980555,2026-06-12T04:00:00.000Z
sensor.camera_g_umidita,47,2026-06-12T05:00:00.000Z
sensor.camera_g_umidita,46.84113734733333,2026-06-12T06:00:00.000Z
sensor.camera_g_umidita,46.61402693722223,2026-06-12T07:00:00.000Z
sensor.camera_g_umidita,46.59169213091667,2026-06-12T08:00:00.000Z
sensor.camera_g_umidita,46.93809821544445,2026-06-12T09:00:00.000Z
sensor.camera_g_umidita,47.17958275375,2026-06-12T10:00:00.000Z
sensor.camera_g_umidita,47.41668901475,2026-06-12T11:00:00.000Z
sensor.camera_g_umidita,47.374894634638885,2026-06-12T12:00:00.000Z
sensor.camera_g_umidita,47.14639242080555,2026-06-12T13:00:00.000Z
sensor.camera_g_umidita,47.07033038869444,2026-06-12T14:00:00.000Z
sensor.camera_g_umidita,47.33316538083333,2026-06-12T15:00:00.000Z
sensor.camera_g_umidita,46.45048485466666,2026-06-12T16:00:00.000Z
sensor.camera_g_umidita,46.58872583802778,2026-06-12T17:00:00.000Z
sensor.camera_g_umidita,46.14437185194444,2026-06-12T18:00:00.000Z
sensor.camera_g_umidita,45.85130142238889,2026-06-12T19:00:00.000Z
sensor.camera_g_umidita,46.37310197208333,2026-06-12T20:00:00.000Z
sensor.camera_g_umidita,47.21227256530556,2026-06-12T21:00:00.000Z
sensor.camera_g_umidita,48.15030498313889,2026-06-12T22:00:00.000Z
sensor.camera_g_umidita,48.812079615444446,2026-06-12T23:00:00.000Z
sensor.camera_g_umidita,49.4074978225,2026-06-13T00:00:00.000Z
sensor.camera_g_umidita,50.0601595885,2026-06-13T01:00:00.000Z
sensor.camera_g_umidita,50.60346550058333,2026-06-13T02:00:00.000Z
sensor.camera_g_umidita,50.88715089502778,2026-06-13T03:00:00.000Z
sensor.camera_g_umidita,51.05225712536111,2026-06-13T04:00:00.000Z
sensor.camera_g_umidita,51.38124422352777,2026-06-13T05:00:00.000Z
sensor.camera_g_umidita,51.55033116627778,2026-06-13T06:00:00.000Z
sensor.camera_g_umidita,51.0878025575,2026-06-13T07:00:00.000Z
sensor.camera_g_umidita,50.85363490958333,2026-06-13T08:00:00.000Z
sensor.camera_g_umidita,51.21932833519444,2026-06-13T09:00:00.000Z
sensor.camera_g_umidita,51.29337644366666,2026-06-13T10:00:00.000Z
sensor.camera_g_umidita,51.29117934552778,2026-06-13T11:00:00.000Z
sensor.camera_g_umidita,50.957881269194445,2026-06-13T12:00:00.000Z
sensor.camera_g_umidita,50.25421616,2026-06-13T13:00:00.000Z
sensor.camera_g_umidita,49.88961328747222,2026-06-13T14:00:00.000Z
sensor.camera_g_umidita,49.4222385205,2026-06-13T15:00:00.000Z
sensor.camera_g_umidita,48.46908150958333,2026-06-13T16:00:00.000Z
sensor.camera_g_umidita,48.98128952547222,2026-06-13T17:00:00.000Z
sensor.camera_g_umidita,48.9680470815,2026-06-13T18:00:00.000Z
sensor.camera_g_umidita,48.010654187166665,2026-06-13T19:00:00.000Z
sensor.camera_g_umidita,48.40904645058333,2026-06-13T20:00:00.000Z
sensor.camera_g_umidita,49.00501728180556,2026-06-13T21:00:00.000Z
sensor.camera_g_umidita,48.772342900944444,2026-06-13T22:00:00.000Z
sensor.camera_g_umidita,48.44807850844444,2026-06-13T23:00:00.000Z
sensor.camera_g_umidita,48.468301837333335,2026-06-14T00:00:00.000Z
sensor.camera_g_umidita,48.93165113658333,2026-06-14T01:00:00.000Z
sensor.camera_g_umidita,49.13583464925,2026-06-14T02:00:00.000Z
sensor.camera_g_umidita,49,2026-06-14T03:00:00.000Z
sensor.camera_g_umidita,49.00585444338889,2026-06-14T04:00:00.000Z
sensor.camera_g_umidita,49.302082554500004,2026-06-14T05:00:00.000Z
sensor.camera_g_umidita,49.62128303397222,2026-06-14T06:00:00.000Z
sensor.camera_g_umidita,49.79997976886111,2026-06-14T07:00:00.000Z
sensor.camera_g_umidita,49.93674076752777,2026-06-14T08:00:00.000Z
sensor.camera_g_umidita,49.942117352,2026-06-14T09:00:00.000Z
sensor.camera_g_umidita,49.083092407,2026-06-14T10:00:00.000Z
sensor.camera_g_umidita,49.68333381002778,2026-06-14T11:00:00.000Z
sensor.camera_g_umidita,50.85377818522222,2026-06-14T12:00:00.000Z
sensor.camera_g_umidita,51.376173217861115,2026-06-14T13:00:00.000Z
sensor.camera_g_umidita,52.027543069,2026-06-14T14:00:00.000Z
sensor.camera_g_umidita,51.98947669863889,2026-06-14T15:00:00.000Z
sensor.camera_g_umidita,51.901435458277774,2026-06-14T16:00:00.000Z
sensor.camera_g_umidita,51.92450517630556,2026-06-14T17:00:00.000Z
sensor.camera_g_umidita,52.168075011388886,2026-06-14T18:00:00.000Z
sensor.camera_g_umidita,52.374830233833336,2026-06-14T19:00:00.000Z
sensor.camera_g_umidita,52.54640065294444,2026-06-14T20:00:00.000Z
sensor.camera_g_umidita,53.42375977805555,2026-06-14T21:00:00.000Z
sensor.camera_g_umidita,54.10449337225,2026-06-14T22:00:00.000Z
sensor.camera_g_umidita,53.62941443736111,2026-06-14T23:00:00.000Z
sensor.camera_g_umidita,53.398790623555556,2026-06-15T00:00:00.000Z
sensor.camera_g_umidita,53.14140592777778,2026-06-15T01:00:00.000Z
sensor.camera_g_umidita,53.075898504777776,2026-06-15T02:00:00.000Z
sensor.camera_g_umidita,53.04021569230556,2026-06-15T03:00:00.000Z
sensor.camera_g_umidita,53.11437580683333,2026-06-15T04:00:00.000Z
sensor.camera_g_umidita,53.188550643527776,2026-06-15T05:00:00.000Z
sensor.camera_g_umidita,53.46496663602778,2026-06-15T06:00:00.000Z
sensor.camera_g_umidita,53.65872730197222,2026-06-15T07:00:00.000Z
sensor.camera_g_umidita,53.57483922325,2026-06-15T08:00:00.000Z
sensor.camera_g_umidita,53.15718170341666,2026-06-15T09:00:00.000Z
sensor.camera_g_umidita,51.85926046461111,2026-06-15T10:00:00.000Z
sensor.camera_g_umidita,48.70031069461111,2026-06-15T11:00:00.000Z
sensor.camera_g_umidita,47.05999189441667,2026-06-15T12:00:00.000Z
sensor.camera_g_umidita,46.316021398194444,2026-06-15T13:00:00.000Z
sensor.camera_g_umidita,45.80952249961111,2026-06-15T14:00:00.000Z
sensor.camera_g_umidita,45.599116855472225,2026-06-15T15:00:00.000Z
sensor.camera_g_umidita,45.315410683083336,2026-06-15T16:00:00.000Z
sensor.camera_g_umidita,44.78013586247223,2026-06-15T17:00:00.000Z
sensor.camera_g_umidita,44.571195358000004,2026-06-15T18:00:00.000Z
sensor.camera_g_umidita,44.39637243366667,2026-06-15T19:00:00.000Z
sensor.camera_g_umidita,44.036838023277774,2026-06-15T20:00:00.000Z
sensor.camera_g_umidita,44.04704283330556,2026-06-15T21:00:00.000Z
sensor.camera_g_umidita,44.892774382027774,2026-06-15T22:00:00.000Z
sensor.camera_g_umidita,47.21051404600001,2026-06-15T23:00:00.000Z
sensor.camera_g_umidita,49.227257662666666,2026-06-16T00:00:00.000Z
sensor.camera_g_umidita,50.60738134205556,2026-06-16T01:00:00.000Z
sensor.camera_g_umidita,51.55353169936111,2026-06-16T02:00:00.000Z
sensor.camera_g_umidita,52.08645434680556,2026-06-16T03:00:00.000Z
sensor.camera_g_umidita,52.28982555127777,2026-06-16T04:00:00.000Z
sensor.camera_g_umidita,52.29999999999999,2026-06-16T05:00:00.000Z
sensor.camera_g_umidita,52.24885528172222,2026-06-16T06:00:00.000Z
sensor.camera_g_umidita,52.06644585116667,2026-06-16T07:00:00.000Z
sensor.camera_g_umidita,52.368009340111115,2026-06-16T08:00:00.000Z
sensor.camera_g_umidita,52.529699414499994,2026-06-16T09:00:00.000Z
sensor.camera_g_umidita,52.910984059083326,2026-06-16T10:00:00.000Z
sensor.camera_g_umidita,52.81484202072222,2026-06-16T11:00:00.000Z
sensor.camera_g_umidita,52.860519840194435,2026-06-16T12:00:00.000Z
sensor.camera_g_umidita,53.1,2026-06-16T13:00:00.000Z
sensor.camera_g_umidita,52.986510996444444,2026-06-16T14:00:00.000Z
sensor.camera_g_umidita,52.41836127283333,2026-06-16T15:00:00.000Z
sensor.camera_g_umidita,52.00581628677778,2026-06-16T16:00:00.000Z
sensor.camera_g_umidita,52.10348101280556,2026-06-16T17:00:00.000Z
sensor.camera_g_umidita,52.70975356686111,2026-06-16T18:00:00.000Z
sensor.camera_g_umidita,53.17299794788889,2026-06-16T19:00:00.000Z
sensor.camera_g_umidita,50.93368425047222,2026-06-16T20:00:00.000Z
sensor.camera_g_umidita,50.78784984336111,2026-06-16T21:00:00.000Z
sensor.camera_g_umidita,51.720615693638884,2026-06-16T22:00:00.000Z
sensor.camera_g_umidita,51.97264044116667,2026-06-16T23:00:00.000Z
sensor.camera_g_umidita,52.57203582577778,2026-06-17T00:00:00.000Z
sensor.camera_g_umidita,53.093880328194444,2026-06-17T01:00:00.000Z
sensor.camera_g_umidita,53.46654985488889,2026-06-17T02:00:00.000Z
sensor.camera_g_umidita,53.393502777722226,2026-06-17T03:00:00.000Z
sensor.camera_g_umidita,53.52709420627778,2026-06-17T04:00:00.000Z
sensor.camera_g_umidita,53.935447352416666,2026-06-17T05:00:00.000Z
sensor.camera_g_umidita,54.20168365088889,2026-06-17T06:00:00.000Z
sensor.camera_g_umidita,54.891329396416666,2026-06-17T07:00:00.000Z
sensor.camera_g_umidita,54.90017025127778,2026-06-17T08:00:00.000Z
sensor.camera_g_umidita,54.92583835897222,2026-06-17T09:00:00.000Z
sensor.camera_g_umidita,54.094936994444446,2026-06-17T10:00:00.000Z
sensor.camera_g_umidita,53.15847554091667,2026-06-17T11:00:00.000Z
sensor.camera_g_umidita,53.18312329883333,2026-06-17T12:00:00.000Z
sensor.camera_g_umidita,53.50638822022222,2026-06-17T13:00:00.000Z
sensor.camera_g_umidita,53.268177079666664,2026-06-17T14:00:00.000Z
sensor.camera_g_umidita,51.576313411027776,2026-06-17T15:00:00.000Z
sensor.camera_g_umidita,50.41114339088889,2026-06-17T16:00:00.000Z
sensor.camera_g_umidita,49.37933602863888,2026-06-17T17:00:00.000Z
sensor.camera_g_umidita,50.02721954530555,2026-06-17T18:00:00.000Z
sensor.camera_g_umidita,51.16136095052778,2026-06-17T19:00:00.000Z
sensor.camera_g_umidita,51.028942547999996,2026-06-17T20:00:00.000Z
sensor.camera_g_umidita,51.40499154244444,2026-06-17T21:00:00.000Z
sensor.camera_g_umidita,51.952275219861114,2026-06-17T22:00:00.000Z
sensor.camera_g_umidita,52.92915463930556,2026-06-17T23:00:00.000Z
sensor.camera_g_umidita,53.617855380083334,2026-06-18T00:00:00.000Z
sensor.camera_g_umidita,53.94533808077778,2026-06-18T01:00:00.000Z
sensor.camera_g_umidita,54.166696497194444,2026-06-18T02:00:00.000Z
sensor.camera_g_umidita,54.07482965072222,2026-06-18T03:00:00.000Z
sensor.camera_g_umidita,54.22265899800001,2026-06-18T04:00:00.000Z
sensor.camera_g_umidita,54.56557427994445,2026-06-18T05:00:00.000Z
sensor.camera_g_umidita,55.059336024333334,2026-06-18T06:00:00.000Z
sensor.camera_g_umidita,55.65565730369445,2026-06-18T07:00:00.000Z
sensor.camera_g_umidita,55.618651544916666,2026-06-18T08:00:00.000Z
sensor.camera_g_umidita,55.46510165577778,2026-06-18T09:00:00.000Z
sensor.camera_g_umidita,55.80762041991667,2026-06-18T10:00:00.000Z
sensor.camera_g_umidita,55.97676040380555,2026-06-18T11:00:00.000Z
sensor.camera_g_umidita,56.46952747555556,2026-06-18T12:00:00.000Z
sensor.camera_g_umidita,56.476576776916666,2026-06-18T13:00:00.000Z
sensor.camera_g_umidita,56.111945630027776,2026-06-18T14:00:00.000Z
sensor.camera_g_umidita,55.49371493566667,2026-06-18T15:00:00.000Z
sensor.camera_g_umidita,53.861111163000004,2026-06-18T16:00:00.000Z
sensor.camera_g_umidita,52.392720283138885,2026-06-18T17:00:00.000Z
sensor.camera_g_umidita,52.85464334211111,2026-06-18T18:00:00.000Z
sensor.camera_g_umidita,52.417228343333335,2026-06-18T19:00:00.000Z
sensor.camera_g_umidita,53.54349317805556,2026-06-18T20:00:00.000Z
sensor.camera_g_umidita,53.23502138958333,2026-06-18T21:00:00.000Z
sensor.camera_g_umidita,52.32718792977778,2026-06-18T22:00:00.000Z
sensor.camera_g_umidita,51.966095847944445,2026-06-18T23:00:00.000Z
sensor.camera_g_umidita,51.78323368111111,2026-06-19T00:00:00.000Z
sensor.camera_g_umidita,51.94778504708333,2026-06-19T01:00:00.000Z
sensor.camera_g_umidita,53.427722735416666,2026-06-19T02:00:00.000Z
sensor.camera_g_umidita,54.01720301244444,2026-06-19T03:00:00.000Z
sensor.camera_g_umidita,55.098798274166676,2026-06-19T04:00:00.000Z
sensor.camera_g_umidita,55.11611005613889,2026-06-19T05:00:00.000Z
sensor.camera_g_umidita,55.16013811133334,2026-06-19T06:00:00.000Z
sensor.camera_g_umidita,54.97129325169445,2026-06-19T07:00:00.000Z
sensor.camera_g_umidita,54.92174822152777,2026-06-19T08:00:00.000Z
sensor.camera_g_umidita,55.28407773711111,2026-06-19T09:00:00.000Z
sensor.camera_g_umidita,54.645664596555555,2026-06-19T10:00:00.000Z
sensor.camera_g_umidita,56.26650859972222,2026-06-19T11:00:00.000Z
sensor.camera_g_umidita,56.386193606805556,2026-06-19T12:00:00.000Z
sensor.camera_g_umidita,56.26800417911111,2026-06-19T13:00:00.000Z
sensor.camera_g_umidita,55.77017727738889,2026-06-19T14:00:00.000Z
sensor.camera_g_umidita,55.28907510105555,2026-06-19T15:00:00.000Z
sensor.camera_g_umidita,53.93866373555556,2026-06-19T16:00:00.000Z
sensor.camera_g_umidita,53.71595111763889,2026-06-19T17:00:00.000Z
sensor.camera_g_umidita,54.08527843630555,2026-06-19T18:00:00.000Z
sensor.camera_g_umidita,53.64517630463889,2026-06-19T19:00:00.000Z
sensor.camera_g_umidita,54.72015422366667,2026-06-19T20:00:00.000Z
sensor.camera_g_umidita,55.377363885499996,2026-06-19T21:00:00.000Z
sensor.camera_g_umidita,55.554224826861116,2026-06-19T22:00:00.000Z
sensor.camera_g_umidita,55.53355510372222,2026-06-19T23:00:00.000Z
sensor.camera_g_umidita,55.177482172611114,2026-06-20T00:00:00.000Z
sensor.camera_g_umidita,55.14128040647222,2026-06-20T01:00:00.000Z
sensor.camera_g_umidita,55.420924327638886,2026-06-20T02:00:00.000Z
sensor.camera_g_umidita,55.6,2026-06-20T03:00:00.000Z
sensor.camera_g_umidita,55.6658457675,2026-06-20T04:00:00.000Z
sensor.camera_g_umidita,55.92904076502777,2026-06-20T05:00:00.000Z
sensor.camera_g_umidita,56.14128294105556,2026-06-20T06:00:00.000Z
sensor.camera_g_umidita,56.58638834786111,2026-06-20T07:00:00.000Z
sensor.camera_g_umidita,56.30346364658334,2026-06-20T08:00:00.000Z
sensor.camera_g_umidita,55.55238691622222,2026-06-20T09:00:00.000Z
sensor.camera_g_umidita,55.167108849444446,2026-06-20T10:00:00.000Z
sensor.camera_g_umidita,55.10529744075001,2026-06-20T11:00:00.000Z
sensor.camera_g_umidita,54.05187309641667,2026-06-20T12:00:00.000Z
sensor.camera_g_umidita,53.917226203750005,2026-06-20T13:00:00.000Z
sensor.camera_g_umidita,54.23195838733333,2026-06-20T14:00:00.000Z
sensor.camera_g_umidita,54.66863803611111,2026-06-20T15:00:00.000Z
sensor.camera_g_umidita,54.157354085916666,2026-06-20T16:00:00.000Z
sensor.camera_g_umidita,53.38937882744444,2026-06-20T17:00:00.000Z
sensor.camera_g_umidita,53.75872395580556,2026-06-20T18:00:00.000Z
sensor.camera_g_umidita,53.69385584483334,2026-06-20T19:00:00.000Z
sensor.camera_g_umidita,53.72260446561111,2026-06-20T20:00:00.000Z
sensor.camera_g_umidita,53.676244878472225,2026-06-20T21:00:00.000Z
sensor.camera_g_umidita,53.426115318305555,2026-06-20T22:00:00.000Z
sensor.camera_g_umidita,54.292818090749996,2026-06-20T23:00:00.000Z
sensor.camera_g_umidita,54.8371023985,2026-06-21T00:00:00.000Z
sensor.camera_g_umidita,55.24691310161111,2026-06-21T01:00:00.000Z
sensor.camera_g_umidita,55.24423812061111,2026-06-21T02:00:00.000Z
sensor.camera_g_umidita,55.72136844599999,2026-06-21T03:00:00.000Z
sensor.camera_g_umidita,55.96755640966666,2026-06-21T04:00:00.000Z
sensor.camera_g_umidita,56.20000000000001,2026-06-21T05:00:00.000Z
sensor.camera_g_umidita,56.13289186541667,2026-06-21T06:00:00.000Z
sensor.camera_g_umidita,56.357543535750004,2026-06-21T07:00:00.000Z
sensor.camera_g_umidita,55.383105321694444,2026-06-21T08:00:00.000Z
sensor.camera_g_umidita,55.54259055294444,2026-06-21T09:00:00.000Z
sensor.camera_g_umidita,55.16375346597223,2026-06-21T10:00:00.000Z
sensor.camera_g_umidita,55.13358072697222,2026-06-21T11:00:00.000Z
sensor.camera_g_umidita,55.84836349,2026-06-21T12:00:00.000Z
sensor.camera_g_umidita,56.10201128124999,2026-06-21T13:00:00.000Z
sensor.camera_g_umidita,56.3854183645,2026-06-21T14:00:00.000Z
sensor.camera_g_umidita,56.3123088515,2026-06-21T15:00:00.000Z
sensor.camera_g_umidita,55.56632121080556,2026-06-21T16:00:00.000Z
sensor.camera_g_umidita,55.75071842552777,2026-06-21T17:00:00.000Z
sensor.camera_g_umidita,53.44516056586111,2026-06-21T18:00:00.000Z
sensor.camera_g_umidita,52.846633434388885,2026-06-21T19:00:00.000Z
sensor.camera_g_umidita,55.06940694361111,2026-06-21T20:00:00.000Z
sensor.camera_g_umidita,54.514410255416664,2026-06-21T21:00:00.000Z
sensor.camera_g_umidita,50.68024931530555,2026-06-21T22:00:00.000Z
sensor.camera_g_umidita,50.72065240058333,2026-06-21T23:00:00.000Z
sensor.camera_g_umidita,52.61411921858333,2026-06-22T00:00:00.000Z
sensor.camera_g_umidita,53.46736258038889,2026-06-22T01:00:00.000Z
sensor.camera_g_umidita,53.97099693166667,2026-06-22T02:00:00.000Z
sensor.camera_g_umidita,52.111414025500004,2026-06-22T03:00:00.000Z
sensor.camera_g_umidita,48.992433445833335,2026-06-22T04:00:00.000Z
sensor.camera_g_umidita,50.31721416058334,2026-06-22T05:00:00.000Z
sensor.camera_g_umidita,51.35811265358333,2026-06-22T06:00:00.000Z
sensor.camera_g_umidita,51.92740344425,2026-06-22T07:00:00.000Z
sensor.camera_g_umidita,52.29999999999999,2026-06-22T08:00:00.000Z
sensor.camera_g_umidita,52.35142796805555,2026-06-22T09:00:00.000Z
sensor.camera_g_umidita,52.794208071111115,2026-06-22T10:00:00.000Z
sensor.camera_g_umidita,53.57235503341667,2026-06-22T11:00:00.000Z
sensor.camera_g_umidita,53.633370246333335,2026-06-22T12:00:00.000Z
sensor.camera_g_umidita,53.431427004166665,2026-06-22T13:00:00.000Z
sensor.camera_g_umidita,52.68355486069444,2026-06-22T14:00:00.000Z
sensor.camera_g_umidita,53.52512136994445,2026-06-22T15:00:00.000Z
sensor.camera_g_umidita,54.320335082166665,2026-06-22T16:00:00.000Z
sensor.camera_g_umidita,49.238496135714286,2026-06-29T13:00:00.000Z
sensor.camera_g_umidita,49.82451757366667,2026-06-29T14:00:00.000Z
sensor.camera_g_umidita,50.29125664102778,2026-06-29T15:00:00.000Z
sensor.camera_g_umidita,50.30184592030556,2026-06-29T16:00:00.000Z
sensor.camera_g_umidita,50.07841738316667,2026-06-29T17:00:00.000Z
sensor.camera_g_umidita,50.223358911472225,2026-06-29T18:00:00.000Z
sensor.camera_g_umidita,50.74046831216666,2026-06-29T19:00:00.000Z
sensor.camera_g_umidita,52.066357512361115,2026-06-29T20:00:00.000Z
sensor.camera_g_umidita,52.026069474194436,2026-06-29T21:00:00.000Z
sensor.camera_g_umidita,50.56923059941667,2026-06-29T22:00:00.000Z
sensor.camera_g_umidita,48.98509984272223,2026-06-29T23:00:00.000Z
sensor.camera_g_umidita,48.73346247702778,2026-06-30T00:00:00.000Z
sensor.camera_g_umidita,48.90977244075,2026-06-30T01:00:00.000Z
sensor.camera_g_umidita,49.21684078488889,2026-06-30T02:00:00.000Z
sensor.camera_g_umidita,49.206964636138885,2026-06-30T03:00:00.000Z
sensor.camera_g_umidita,49.035797630249995,2026-06-30T04:00:00.000Z
sensor.camera_g_umidita,48.895736076194446,2026-06-30T05:00:00.000Z
sensor.camera_g_umidita,49.34309862711111,2026-06-30T06:00:00.000Z
sensor.camera_g_umidita,50.912665738444446,2026-06-30T07:00:00.000Z
sensor.camera_g_umidita,51.09937250775,2026-06-30T08:00:00.000Z
sensor.camera_g_umidita,51.77210864263889,2026-06-30T09:00:00.000Z
sensor.camera_g_umidita,51.80000150419445,2026-06-30T10:00:00.000Z
sensor.camera_g_umidita,51.90202112483333,2026-06-30T11:00:00.000Z
sensor.camera_g_umidita,50.87555903672222,2026-06-30T12:00:00.000Z
sensor.camera_g_umidita,50.55725173422223,2026-06-30T13:00:00.000Z
sensor.camera_g_umidita,50.93033022525,2026-06-30T14:00:00.000Z
sensor.camera_g_umidita,50.35611095383333,2026-06-30T15:00:00.000Z
sensor.camera_g_umidita,50.58964800077778,2026-06-30T16:00:00.000Z
sensor.camera_g_umidita,50.62516971411111,2026-06-30T17:00:00.000Z
sensor.camera_g_umidita,50.88165064811111,2026-06-30T18:00:00.000Z
sensor.camera_g_umidita,51.1109420805,2026-06-30T19:00:00.000Z
sensor.camera_g_umidita,51.21256942597222,2026-06-30T20:00:00.000Z
sensor.camera_g_umidita,50.43629456219444,2026-06-30T21:00:00.000Z
sensor.camera_g_umidita,50.836392053666664,2026-06-30T22:00:00.000Z
sensor.camera_g_umidita,51.455594517722226,2026-06-30T23:00:00.000Z
sensor.camera_g_umidita,51.00995492041667,2026-07-01T00:00:00.000Z
sensor.camera_g_umidita,50.750330209333335,2026-07-01T01:00:00.000Z
sensor.camera_g_umidita,49.62204036161111,2026-07-01T02:00:00.000Z
sensor.camera_g_umidita,49.50553989444444,2026-07-01T03:00:00.000Z
sensor.camera_g_umidita,51.13188075683333,2026-07-01T04:00:00.000Z
sensor.camera_g_umidita,51.72707157633334,2026-07-01T05:00:00.000Z
sensor.camera_g_umidita,52.98792309905556,2026-07-01T06:00:00.000Z
sensor.camera_g_umidita,53.623944363444444,2026-07-01T07:00:00.000Z
sensor.camera_g_umidita,53.81750507205555,2026-07-01T08:00:00.000Z
sensor.camera_g_umidita,53.124738655916666,2026-07-01T09:00:00.000Z
sensor.camera_g_umidita,52.55007233522222,2026-07-01T10:00:00.000Z
sensor.camera_g_umidita,53.014392004499996,2026-07-01T11:00:00.000Z
sensor.camera_g_umidita,53.08045253244444,2026-07-01T12:00:00.000Z
sensor.camera_g_umidita,52.11046048544444,2026-07-01T13:00:00.000Z
sensor.camera_g_umidita,47.17406164952778,2026-07-01T14:00:00.000Z
sensor.camera_g_umidita,45.33232670752778,2026-07-01T15:00:00.000Z
sensor.camera_g_umidita,46.29382539827778,2026-07-01T16:00:00.000Z
sensor.camera_g_umidita,46.73391136730555,2026-07-01T17:00:00.000Z
sensor.camera_g_umidita,47.53629526694444,2026-07-01T18:00:00.000Z
sensor.camera_g_umidita,47.71265697141666,2026-07-01T19:00:00.000Z
sensor.camera_g_umidita,48.37808591866667,2026-07-01T20:00:00.000Z
sensor.camera_g_umidita,48.65061520613889,2026-07-01T21:00:00.000Z
sensor.camera_g_umidita,48.08936085408334,2026-07-01T22:00:00.000Z
sensor.camera_g_umidita,48.22369420252778,2026-07-01T23:00:00.000Z
sensor.camera_g_umidita,48.68414682516667,2026-07-02T00:00:00.000Z
sensor.camera_g_umidita,49.066687058111114,2026-07-02T01:00:00.000Z
sensor.camera_g_umidita,49.51262611655556,2026-07-02T02:00:00.000Z
sensor.camera_g_umidita,50.04928973127778,2026-07-02T03:00:00.000Z
sensor.camera_g_umidita,50.52090602258334,2026-07-02T04:00:00.000Z
sensor.camera_g_umidita,50.68289394688889,2026-07-02T05:00:00.000Z
sensor.camera_g_umidita,51.22955684455555,2026-07-02T06:00:00.000Z
sensor.camera_g_umidita,50.92492185063889,2026-07-02T07:00:00.000Z
sensor.camera_g_umidita,49.59946163586111,2026-07-02T08:00:00.000Z
sensor.camera_g_umidita,48.398481543416665,2026-07-02T09:00:00.000Z
sensor.camera_g_umidita,47.45516336952778,2026-07-02T10:00:00.000Z
sensor.camera_g_umidita,46.939580307611116,2026-07-02T11:00:00.000Z
sensor.camera_g_umidita,45.94889833405555,2026-07-02T12:00:00.000Z
sensor.camera_g_umidita,46.17450215722223,2026-07-02T13:00:00.000Z
sensor.camera_g_umidita,46.34799914358334,2026-07-02T14:00:00.000Z
sensor.camera_g_umidita,45.63931551044445,2026-07-02T15:00:00.000Z
sensor.camera_g_umidita,44.89778931525,2026-07-02T16:00:00.000Z
sensor.camera_g_umidita,44.366328083722216,2026-07-02T17:00:00.000Z
sensor.camera_g_umidita,44.28925931622223,2026-07-02T18:00:00.000Z
sensor.camera_g_umidita,44.214311697,2026-07-02T19:00:00.000Z
sensor.camera_g_umidita,44.23783619091666,2026-07-02T20:00:00.000Z
sensor.camera_g_umidita,44.35985469324999,2026-07-02T21:00:00.000Z
sensor.camera_g_umidita,44.59531726966666,2026-07-02T22:00:00.000Z
sensor.camera_g_umidita,45.17448575611112,2026-07-02T23:00:00.000Z
sensor.camera_g_umidita,45.67869085672223,2026-07-03T00:00:00.000Z
sensor.camera_g_umidita,46.29325056461111,2026-07-03T01:00:00.000Z
sensor.camera_g_umidita,46.65798447391666,2026-07-03T02:00:00.000Z
sensor.camera_g_umidita,46.84128340986111,2026-07-03T03:00:00.000Z
sensor.camera_g_umidita,47.02230137419445,2026-07-03T04:00:00.000Z
sensor.camera_g_umidita,47.794898960638896,2026-07-03T05:00:00.000Z
sensor.camera_g_umidita,48.372422075777784,2026-07-03T06:00:00.000Z
sensor.camera_g_umidita,47.559770697888894,2026-07-03T07:00:00.000Z
sensor.camera_g_umidita,46.567525694416666,2026-07-03T08:00:00.000Z
sensor.camera_g_umidita,46.60164080747222,2026-07-03T09:00:00.000Z
sensor.camera_g_umidita,45.67465088716667,2026-07-03T10:00:00.000Z
sensor.camera_g_umidita,45.14048260097223,2026-07-03T11:00:00.000Z
sensor.camera_g_umidita,45.31426695402778,2026-07-03T12:00:00.000Z
sensor.camera_g_umidita,44.77143170530556,2026-07-03T13:00:00.000Z
sensor.camera_g_umidita,44.96880974969444,2026-07-03T14:00:00.000Z
sensor.camera_g_umidita,44.38671931769445,2026-07-03T15:00:00.000Z
sensor.camera_g_umidita,43.77796304108333,2026-07-03T16:00:00.000Z
sensor.camera_g_umidita,43.04028485005555,2026-07-03T17:00:00.000Z
sensor.camera_g_umidita,42.362419953305555,2026-07-03T18:00:00.000Z
sensor.camera_g_umidita,42.46765752519445,2026-07-03T19:00:00.000Z
sensor.camera_g_umidita,43.22416096486111,2026-07-03T20:00:00.000Z
sensor.camera_g_umidita,43.101846533888896,2026-07-03T21:00:00.000Z
sensor.camera_g_umidita,44.084611854277775,2026-07-03T22:00:00.000Z
sensor.camera_g_umidita,45.40125647188889,2026-07-03T23:00:00.000Z
sensor.camera_g_umidita,45.75033759075,2026-07-04T00:00:00.000Z
sensor.camera_g_umidita,45.60828464294445,2026-07-04T01:00:00.000Z
sensor.camera_g_umidita,45.37288966805556,2026-07-04T02:00:00.000Z
sensor.camera_g_umidita,45.17034562194445,2026-07-04T03:00:00.000Z
sensor.camera_g_umidita,44.89813728680556,2026-07-04T04:00:00.000Z
sensor.camera_g_umidita,44.61562210847222,2026-07-04T05:00:00.000Z
sensor.camera_g_umidita,44.21003447472222,2026-07-04T06:00:00.000Z
sensor.camera_g_umidita,44.23908423697222,2026-07-04T07:00:00.000Z
sensor.camera_g_umidita,45.38050579936112,2026-07-04T08:00:00.000Z
sensor.camera_g_umidita,46.036654786666666,2026-07-04T09:00:00.000Z
sensor.camera_g_umidita,46.69975490344444,2026-07-04T10:00:00.000Z
sensor.camera_g_umidita,47.03648862427778,2026-07-04T11:00:00.000Z
sensor.camera_g_umidita,47.71689788988889,2026-07-04T12:00:00.000Z
sensor.camera_g_umidita,47.371706926583336,2026-07-04T13:00:00.000Z
sensor.camera_g_umidita,46.420779011916665,2026-07-04T14:00:00.000Z
sensor.camera_g_umidita,45.98478027680556,2026-07-04T15:00:00.000Z
sensor.camera_g_umidita,46.01850863188889,2026-07-04T16:00:00.000Z
sensor.camera_g_umidita,45.34152164066666,2026-07-04T17:00:00.000Z
sensor.camera_g_umidita,43.65615784975,2026-07-04T18:00:00.000Z
sensor.camera_g_umidita,44.04815549838889,2026-07-04T19:00:00.000Z
sensor.camera_g_umidita,44.52323799522222,2026-07-04T20:00:00.000Z
sensor.camera_g_umidita,45.15020441808334,2026-07-04T21:00:00.000Z
sensor.camera_g_umidita,45.136645224138896,2026-07-04T22:00:00.000Z
sensor.camera_g_umidita,46.629206951583335,2026-07-04T23:00:00.000Z
sensor.camera_g_umidita,47.85074697966667,2026-07-05T00:00:00.000Z
sensor.camera_g_umidita,46.96679372677778,2026-07-05T01:00:00.000Z
sensor.camera_g_umidita,47.114461681777776,2026-07-05T02:00:00.000Z
sensor.camera_g_umidita,47.24299588422222,2026-07-05T03:00:00.000Z
sensor.camera_g_umidita,46.806619624,2026-07-05T04:00:00.000Z
sensor.camera_g_umidita,46.79999999999999,2026-07-05T05:00:00.000Z
sensor.camera_g_umidita,46.79999999999999,2026-07-05T06:00:00.000Z
sensor.camera_g_umidita,46.8,2026-07-05T16:00:00.000Z
sensor.camera_g_umidita,38.278505272148145,2026-07-05T17:00:00.000Z
sensor.camera_g_umidita,36.25001232230556,2026-07-05T18:00:00.000Z
sensor.camera_g_umidita,34.662729729194446,2026-07-05T19:00:00.000Z
sensor.camera_g_umidita,35.38455382802778,2026-07-05T20:00:00.000Z
sensor.camera_g_umidita,37.97979466213889,2026-07-05T21:00:00.000Z
sensor.camera_g_umidita,40.44683407155556,2026-07-05T22:00:00.000Z
sensor.camera_g_umidita,41.62244060386111,2026-07-05T23:00:00.000Z
sensor.camera_g_umidita,42.11366481080555,2026-07-06T00:00:00.000Z
sensor.camera_g_umidita,42.22814601472222,2026-07-06T01:00:00.000Z
sensor.camera_g_umidita,42.98884144286111,2026-07-06T02:00:00.000Z
sensor.camera_g_umidita,45.64236099813889,2026-07-06T03:00:00.000Z
sensor.camera_g_umidita,46.63925842358333,2026-07-06T04:00:00.000Z
sensor.camera_g_umidita,47.72441307813889,2026-07-06T05:00:00.000Z
sensor.camera_g_umidita,49.58161175466666,2026-07-06T06:00:00.000Z
sensor.camera_g_umidita,50.07705306122222,2026-07-06T07:00:00.000Z
sensor.camera_g_umidita,49.609942901277776,2026-07-06T08:00:00.000Z
sensor.camera_g_umidita,49.24264699863889,2026-07-06T09:00:00.000Z
sensor.camera_g_umidita,48.508481248833334,2026-07-06T10:00:00.000Z
sensor.camera_g_umidita,48.11288980980555,2026-07-06T11:00:00.000Z
sensor.camera_g_umidita,47.89593374069444,2026-07-06T12:00:00.000Z
sensor.camera_g_umidita,47.79999999999999,2026-07-06T13:00:00.000Z
sensor.camera_g_umidita,47.69661059625,2026-07-06T14:00:00.000Z
sensor.camera_g_umidita,47.53443967408333,2026-07-06T15:00:00.000Z
sensor.camera_g_umidita,47.57334089597222,2026-07-06T16:00:00.000Z
sensor.camera_g_umidita,47.69715836894445,2026-07-06T17:00:00.000Z
sensor.camera_g_umidita,47.16398068888889,2026-07-06T18:00:00.000Z
sensor.camera_g_umidita,46.50170209958333,2026-07-06T19:00:00.000Z
sensor.camera_g_umidita,46.34006443025,2026-07-06T20:00:00.000Z
sensor.camera_g_umidita,46.62514733255555,2026-07-06T21:00:00.000Z
sensor.camera_g_umidita,47.399825784722225,2026-07-06T22:00:00.000Z
sensor.camera_g_umidita,48.424950032333335,2026-07-06T23:00:00.000Z
sensor.camera_g_umidita,48.32610028794445,2026-07-07T00:00:00.000Z
sensor.camera_g_umidita,48.04506868669444,2026-07-07T01:00:00.000Z
sensor.camera_g_umidita,48.11827289325,2026-07-07T02:00:00.000Z
sensor.camera_g_umidita,47.922051950694446,2026-07-07T03:00:00.000Z
sensor.camera_g_umidita,47.74543930736112,2026-07-07T04:00:00.000Z
sensor.camera_g_umidita,49.02272031419445,2026-07-07T05:00:00.000Z
sensor.camera_g_umidita,49.99214228788889,2026-07-07T06:00:00.000Z
sensor.camera_g_umidita,48.002994004583336,2026-07-07T07:00:00.000Z
sensor.camera_g_umidita,47.59999937458334,2026-07-07T08:00:00.000Z
sensor.camera_g_umidita,47.6,2026-07-07T09:00:00.000Z
sensor.camera_g_umidita,47.92679804377778,2026-07-07T10:00:00.000Z
sensor.camera_g_umidita,47.972323217111104,2026-07-07T11:00:00.000Z
sensor.camera_g_umidita,47.71971935719444,2026-07-07T12:00:00.000Z
sensor.camera_g_umidita,47.74590005719444,2026-07-07T13:00:00.000Z
sensor.camera_g_umidita,47.860382436583336,2026-07-07T14:00:00.000Z
sensor.camera_g_umidita,46.627159874583334,2026-07-07T15:00:00.000Z
sensor.camera_g_umidita,45.47479904116667,2026-07-07T16:00:00.000Z
sensor.camera_g_umidita,44.926445643,2026-07-07T17:00:00.000Z
sensor.camera_g_umidita,44.68847496494445,2026-07-07T18:00:00.000Z
sensor.camera_g_umidita,43.61153436955556,2026-07-07T19:00:00.000Z
sensor.camera_g_umidita,44.49239980563889,2026-07-07T20:00:00.000Z
sensor.camera_g_umidita,44.35508661911111,2026-07-07T21:00:00.000Z
sensor.camera_g_umidita,45.52033073388889,2026-07-07T22:00:00.000Z
sensor.camera_g_umidita,45.2880331545,2026-07-07T23:00:00.000Z
sensor.camera_g_umidita,44.45466609430556,2026-07-08T00:00:00.000Z
sensor.camera_g_umidita,43.835732554277776,2026-07-08T01:00:00.000Z
sensor.camera_g_umidita,43.58234197075,2026-07-08T02:00:00.000Z
sensor.camera_g_umidita,43.74492279072222,2026-07-08T03:00:00.000Z
sensor.camera_g_umidita,44.588816107638884,2026-07-08T04:00:00.000Z
sensor.camera_g_umidita,45.357724893500006,2026-07-08T05:00:00.000Z
sensor.camera_g_umidita,46.16079296605556,2026-07-08T06:00:00.000Z
sensor.camera_g_umidita,46.48282632233333,2026-07-08T07:00:00.000Z
sensor.camera_g_umidita,45.97517881719444,2026-07-08T08:00:00.000Z
sensor.camera_g_umidita,45.42661443205555,2026-07-08T09:00:00.000Z
sensor.camera_g_umidita,44.686218907666664,2026-07-08T10:00:00.000Z
sensor.camera_g_umidita,44.51316740869444,2026-07-08T11:00:00.000Z
sensor.camera_g_umidita,43.023138748916665,2026-07-08T12:00:00.000Z
sensor.camera_g_umidita,42.759339727694446,2026-07-08T13:00:00.000Z
sensor.camera_g_umidita,41.93516183286111,2026-07-08T14:00:00.000Z
sensor.camera_g_umidita,40.69141848633333,2026-07-08T15:00:00.000Z
sensor.camera_g_umidita,40.02087970577778,2026-07-08T16:00:00.000Z
sensor.camera_g_umidita,39.76643779822222,2026-07-08T17:00:00.000Z
sensor.camera_g_umidita,39.83235038927778,2026-07-08T18:00:00.000Z
sensor.camera_g_umidita,39.365255917027774,2026-07-08T19:00:00.000Z
sensor.camera_g_umidita,38.68610472155556,2026-07-08T20:00:00.000Z
sensor.camera_g_umidita,38.24127442280555,2026-07-08T21:00:00.000Z
sensor.camera_g_umidita,38.1926678105,2026-07-08T22:00:00.000Z
sensor.camera_g_umidita,38.85527022483333,2026-07-08T23:00:00.000Z
sensor.camera_g_umidita,47.82242443011111,2026-07-09T00:00:00.000Z
sensor.camera_g_umidita,49.10230261052778,2026-07-09T01:00:00.000Z
sensor.camera_g_umidita,49.951139592222226,2026-07-09T02:00:00.000Z
sensor.camera_g_umidita,50.00361462727778,2026-07-09T03:00:00.000Z
sensor.camera_g_umidita,49.99389592455555,2026-07-09T04:00:00.000Z
sensor.camera_g_umidita,50.18004763425,2026-07-09T05:00:00.000Z
sensor.camera_g_umidita,53.31865783744445,2026-07-09T06:00:00.000Z
sensor.camera_g_umidita,53.533741632361114,2026-07-09T07:00:00.000Z
sensor.camera_g_umidita,50.833708096,2026-07-09T08:00:00.000Z
sensor.camera_g_umidita,49.51261163844444,2026-07-09T09:00:00.000Z
sensor.camera_g_umidita,48.91418716977778,2026-07-09T10:00:00.000Z
sensor.camera_g_umidita,48.987187066500006,2026-07-09T11:00:00.000Z
sensor.camera_g_umidita,49.03158275477778,2026-07-09T12:00:00.000Z
sensor.camera_g_umidita,48.102752989,2026-07-09T13:00:00.000Z
sensor.camera_g_umidita,45.507407912055555,2026-07-09T14:00:00.000Z
sensor.camera_g_umidita,44.302226414361115,2026-07-09T15:00:00.000Z
sensor.camera_g_umidita,45.506071428055556,2026-07-09T16:00:00.000Z
sensor.camera_g_umidita,47.015663303416666,2026-07-09T17:00:00.000Z
sensor.camera_g_umidita,46.35790671305556,2026-07-09T18:00:00.000Z
sensor.camera_g_umidita,46.03932996527778,2026-07-09T19:00:00.000Z
sensor.camera_g_umidita,46.40906404458334,2026-07-09T20:00:00.000Z
sensor.camera_g_umidita,47.12167638566666,2026-07-09T21:00:00.000Z
sensor.camera_g_umidita,47.656894855833336,2026-07-09T22:00:00.000Z
sensor.camera_g_umidita,47.25725401988888,2026-07-09T23:00:00.000Z
sensor.camera_g_umidita,46.878066219,2026-07-10T00:00:00.000Z
sensor.camera_g_umidita,47.079112540194444,2026-07-10T01:00:00.000Z
sensor.camera_g_umidita,46.70332716655556,2026-07-10T02:00:00.000Z
sensor.camera_g_umidita,46.07897095441667,2026-07-10T03:00:00.000Z
sensor.camera_g_umidita,45.87346099072223,2026-07-10T04:00:00.000Z
sensor.camera_g_umidita,46.265859449666664,2026-07-10T05:00:00.000Z
sensor.camera_g_umidita,47.882207302194445,2026-07-10T06:00:00.000Z
sensor.camera_g_umidita,48.303837281305555,2026-07-10T07:00:00.000Z
sensor.camera_g_umidita,46.96414455630556,2026-07-10T08:00:00.000Z
sensor.camera_g_umidita,45.490808481555554,2026-07-10T09:00:00.000Z
sensor.camera_g_umidita,45.880450118944445,2026-07-10T10:00:00.000Z
sensor.camera_g_umidita,46.14727660872222,2026-07-10T11:00:00.000Z
sensor.camera_g_umidita,46.129551853305564,2026-07-10T12:00:00.000Z
sensor.camera_g_umidita,45.78308825241667,2026-07-10T13:00:00.000Z
sensor.camera_g_umidita,45.72969678138889,2026-07-10T14:00:00.000Z
sensor.camera_g_umidita,45.787079856805555,2026-07-10T15:00:00.000Z
sensor.camera_g_umidita,46.08895342719444,2026-07-10T16:00:00.000Z
sensor.camera_g_umidita,46.16072001333333,2026-07-10T17:00:00.000Z
sensor.camera_g_umidita,46.71979838411111,2026-07-10T18:00:00.000Z
sensor.camera_g_umidita,48.30238910294445,2026-07-10T19:00:00.000Z
sensor.camera_g_umidita,48.551912644,2026-07-10T20:00:00.000Z
sensor.camera_g_umidita,49.360108463333326,2026-07-10T21:00:00.000Z
sensor.camera_g_umidita,50.77316671147222,2026-07-10T22:00:00.000Z
sensor.camera_g_umidita,51.07175404863889,2026-07-10T23:00:00.000Z
sensor.camera_g_umidita,51.451514621722225,2026-07-11T00:00:00.000Z
sensor.camera_g_umidita,51.644720322972226,2026-07-11T01:00:00.000Z
sensor.camera_g_umidita,52.18125944463889,2026-07-11T02:00:00.000Z
sensor.camera_g_umidita,52.133516641861114,2026-07-11T03:00:00.000Z
sensor.camera_g_umidita,52.39460041933333,2026-07-11T04:00:00.000Z
sensor.camera_g_umidita,53.153049056250005,2026-07-11T05:00:00.000Z
sensor.camera_g_umidita,52.999492511611116,2026-07-11T06:00:00.000Z
sensor.camera_g_umidita,53.158913580888886,2026-07-11T07:00:00.000Z
sensor.camera_g_umidita,54.324148554666664,2026-07-11T08:00:00.000Z
sensor.camera_g_umidita,55.11862887611111,2026-07-11T09:00:00.000Z
sensor.camera_g_umidita,55.009692939,2026-07-11T10:00:00.000Z
sensor.camera_g_umidita,53.58601438763889,2026-07-11T11:00:00.000Z
sensor.camera_g_umidita,51.257449178277774,2026-07-11T12:00:00.000Z
sensor.camera_g_umidita,50.07530668602778,2026-07-11T13:00:00.000Z
sensor.camera_g_umidita,48.92042697088889,2026-07-11T14:00:00.000Z
sensor.camera_g_umidita,48.53615627161111,2026-07-11T15:00:00.000Z
sensor.camera_g_umidita,47.40378392186111,2026-07-11T16:00:00.000Z
sensor.camera_g_umidita,45.88766069108333,2026-07-11T17:00:00.000Z
sensor.camera_g_umidita,43.96310604013889,2026-07-11T18:00:00.000Z
sensor.camera_g_umidita,44.561351447861114,2026-07-11T19:00:00.000Z
sensor.camera_g_umidita,46.07105372241667,2026-07-11T20:00:00.000Z
sensor.camera_g_umidita,48.03330344455555,2026-07-11T21:00:00.000Z
sensor.camera_g_umidita,48.82646307872222,2026-07-11T22:00:00.000Z
sensor.camera_g_umidita,48.94716846175,2026-07-11T23:00:00.000Z
sensor.camera_g_umidita,49.49512809938889,2026-07-12T00:00:00.000Z
sensor.camera_g_umidita,50.65120234597222,2026-07-12T01:00:00.000Z
sensor.camera_g_umidita,52.21006387511111,2026-07-12T02:00:00.000Z
sensor.camera_g_umidita,51.81105973197222,2026-07-12T03:00:00.000Z
sensor.camera_g_umidita,51.28293720066667,2026-07-12T04:00:00.000Z
sensor.camera_g_umidita,51.550432478805554,2026-07-12T05:00:00.000Z
sensor.camera_g_umidita,52.46446214330555,2026-07-12T06:00:00.000Z
sensor.camera_g_umidita,52.36473407613889,2026-07-12T07:00:00.000Z
sensor.camera_g_umidita,52.79562069066666,2026-07-12T08:00:00.000Z
sensor.camera_g_umidita,52.87616634797222,2026-07-12T09:00:00.000Z
sensor.camera_g_umidita,52.86641851933333,2026-07-12T10:00:00.000Z
sensor.camera_g_umidita,51.975487495,2026-07-12T11:00:00.000Z
sensor.camera_g_umidita,51.75298545313888,2026-07-12T12:00:00.000Z
sensor.camera_g_umidita,51.44021056677778,2026-07-12T13:00:00.000Z
sensor.camera_g_umidita,51.07110313827778,2026-07-12T14:00:00.000Z
sensor.camera_g_umidita,51.03355525091666,2026-07-12T15:00:00.000Z
sensor.camera_g_umidita,50.92411175094444,2026-07-12T16:00:00.000Z
sensor.camera_g_umidita,50.790678385027775,2026-07-12T17:00:00.000Z
sensor.camera_g_umidita,50.639975467027774,2026-07-12T18:00:00.000Z
sensor.camera_g_umidita,50.47435307200001,2026-07-12T19:00:00.000Z
sensor.camera_g_umidita,51.62417285633333,2026-07-12T20:00:00.000Z
sensor.camera_g_umidita,52.17446097250001,2026-07-12T21:00:00.000Z
sensor.camera_g_umidita,52.39130303286111,2026-07-12T22:00:00.000Z
sensor.camera_g_umidita,53.07488292911111,2026-07-12T23:00:00.000Z
sensor.camera_g_umidita,53.94734471397222,2026-07-13T00:00:00.000Z
sensor.camera_g_umidita,54.123503984027785,2026-07-13T01:00:00.000Z
sensor.camera_g_umidita,55.02536699438889,2026-07-13T02:00:00.000Z
sensor.camera_g_umidita,55.98231517486111,2026-07-13T03:00:00.000Z
sensor.camera_g_umidita,55.89114977525,2026-07-13T04:00:00.000Z
sensor.camera_g_umidita,55.799878043722224,2026-07-13T05:00:00.000Z
sensor.camera_g_umidita,56.97148192363889,2026-07-13T06:00:00.000Z
sensor.camera_g_umidita,57.56822227777778,2026-07-13T07:00:00.000Z
sensor.camera_g_umidita,56.74524428694445,2026-07-13T08:00:00.000Z
sensor.camera_g_umidita,54.30245767555556,2026-07-13T09:00:00.000Z
sensor.camera_g_umidita,52.66075136091666,2026-07-13T10:00:00.000Z
sensor.camera_g_umidita,51.713869925944444,2026-07-13T11:00:00.000Z
sensor.camera_g_umidita,51.67483877677778,2026-07-13T12:00:00.000Z
sensor.camera_g_umidita,51.63670523827778,2026-07-13T13:00:00.000Z
sensor.camera_g_umidita,51.67746224655556,2026-07-13T14:00:00.000Z
sensor.camera_g_umidita,51.57870707919445,2026-07-13T15:00:00.000Z
sensor.camera_g_umidita,52.38094102102778,2026-07-13T16:00:00.000Z
sensor.camera_g_umidita,52.41887769183333,2026-07-13T17:00:00.000Z
sensor.camera_g_umidita,52.10241423875001,2026-07-13T18:00:00.000Z
sensor.camera_g_umidita,52.04267130116667,2026-07-13T19:00:00.000Z
sensor.camera_g_umidita,51.35816643611111,2026-07-13T20:00:00.000Z
sensor.camera_g_umidita,51.40732167633333,2026-07-13T21:00:00.000Z
sensor.camera_g_umidita,51.60578094566666,2026-07-13T22:00:00.000Z
sensor.camera_g_umidita,52.30778424333332,2026-07-13T23:00:00.000Z
sensor.camera_g_umidita,52.982577900555555,2026-07-14T00:00:00.000Z
sensor.camera_g_umidita,53.881887245583336,2026-07-14T01:00:00.000Z
sensor.camera_g_umidita,54.67621681544444,2026-07-14T02:00:00.000Z
sensor.camera_g_umidita,56.04766660152777,2026-07-14T03:00:00.000Z
sensor.camera_g_umidita,56.74089619502778,2026-07-14T04:00:00.000Z
sensor.camera_g_umidita,56.95720055516667,2026-07-14T05:00:00.000Z
sensor.camera_g_umidita,57.98507207116666,2026-07-14T06:00:00.000Z
sensor.camera_g_umidita,56.546561409944445,2026-07-14T07:00:00.000Z
sensor.camera_g_umidita,55.10556608158333,2026-07-14T08:00:00.000Z
sensor.camera_g_umidita,54.01287906372222,2026-07-14T09:00:00.000Z
sensor.camera_g_umidita,52.02471332872222,2026-07-14T10:00:00.000Z
sensor.camera_g_umidita,51.64342194719444,2026-07-14T11:00:00.000Z
sensor.camera_g_umidita,52.01263460036111,2026-07-14T12:00:00.000Z
sensor.camera_g_umidita,52.192694791583335,2026-07-14T13:00:00.000Z
sensor.camera_g_umidita,51.99845367772222,2026-07-14T14:00:00.000Z
sensor.camera_g_umidita,51.878820678194444,2026-07-14T15:00:00.000Z
sensor.camera_g_umidita,51.760403312861115,2026-07-14T16:00:00.000Z
sensor.camera_g_umidita,51.71195056966667,2026-07-14T17:00:00.000Z
sensor.camera_g_umidita,51.09547589866667,2026-07-14T18:00:00.000Z
sensor.camera_g_umidita,49.73848025025,2026-07-14T19:00:00.000Z
sensor.camera_g_umidita,49.63761529297222,2026-07-14T20:00:00.000Z
sensor.camera_g_umidita,49.982327913111114,2026-07-14T21:00:00.000Z
sensor.camera_g_umidita,50.50329948625,2026-07-14T22:00:00.000Z
sensor.camera_g_umidita,51.17572065080555,2026-07-14T23:00:00.000Z
sensor.camera_g_umidita,50.978194182472215,2026-07-15T00:00:00.000Z
sensor.camera_g_umidita,50.518081564166664,2026-07-15T01:00:00.000Z
sensor.camera_g_umidita,49.88184376747222,2026-07-15T02:00:00.000Z
sensor.camera_g_umidita,50.15600488455556,2026-07-15T03:00:00.000Z
sensor.camera_g_umidita,50.33487354030556,2026-07-15T04:00:00.000Z
sensor.camera_g_umidita,50.99278732319445,2026-07-15T05:00:00.000Z
sensor.camera_g_umidita,52.54342877508333,2026-07-15T06:00:00.000Z
sensor.camera_g_umidita,53.30962090544444,2026-07-15T07:00:00.000Z
sensor.camera_g_umidita,53.067972720583334,2026-07-15T08:00:00.000Z
sensor.camera_g_umidita,52.62153256344445,2026-07-15T09:00:00.000Z
sensor.camera_g_umidita,52.26400078705556,2026-07-15T10:00:00.000Z
sensor.camera_g_umidita,52.57907258233333,2026-07-15T11:00:00.000Z
sensor.camera_g_umidita,53.17417671416667,2026-07-15T12:00:00.000Z
sensor.camera_g_umidita,53.586714401222224,2026-07-15T13:00:00.000Z
sensor.camera_g_umidita,53.758727427,2026-07-15T14:00:00.000Z
sensor.camera_g_umidita,54.022695727388886,2026-07-15T15:00:00.000Z
sensor.camera_g_umidita,54.485505660583335,2026-07-15T16:00:00.000Z
sensor.camera_g_umidita,54.178076335638885,2026-07-15T17:00:00.000Z
sensor.camera_g_umidita,53.78589139525,2026-07-15T18:00:00.000Z
sensor.camera_g_umidita,53.802502801611105,2026-07-15T19:00:00.000Z
sensor.camera_g_umidita,54.36180722166667,2026-07-15T20:00:00.000Z
sensor.camera_g_umidita,55.70585298977778,2026-07-15T21:00:00.000Z
sensor.camera_g_umidita,56.55475821897222,2026-07-15T22:00:00.000Z
sensor.camera_g_umidita,56.94061104,2026-07-15T23:00:00.000Z
sensor.camera_g_umidita,56.76789621036111,2026-07-16T00:00:00.000Z
sensor.camera_g_umidita,56.19374582875,2026-07-16T01:00:00.000Z
sensor.camera_g_umidita,56.18998709230556,2026-07-16T02:00:00.000Z
sensor.camera_g_umidita,56.204303346694445,2026-07-16T03:00:00.000Z
sensor.camera_g_umidita,55.823687728500005,2026-07-16T04:00:00.000Z
sensor.camera_g_umidita,55.10960253383333,2026-07-16T05:00:00.000Z
sensor.camera_g_umidita,54.75608749733333,2026-07-16T06:00:00.000Z
sensor.camera_g_umidita,54.51447946113888,2026-07-16T07:00:00.000Z
sensor.camera_g_umidita,53.738096179749995,2026-07-16T08:00:00.000Z
sensor.camera_g_umidita,53.2,2026-07-16T09:00:00.000Z
sensor.camera_g_umidita,53.4,2026-07-16T10:00:00.000Z
sensor.camera_g_umidita,53.425174972916665,2026-07-16T11:00:00.000Z
sensor.camera_g_umidita,53.49043676130555,2026-07-16T12:00:00.000Z
sensor.camera_g_umidita,53.421980993472225,2026-07-16T13:00:00.000Z
sensor.camera_g_umidita,53.73309907847223,2026-07-16T14:00:00.000Z
sensor.camera_g_umidita,53.9,2026-07-16T15:00:00.000Z
sensor.camera_g_umidita,53.90481777352778,2026-07-16T16:00:00.000Z
sensor.camera_g_umidita,53.67415822894444,2026-07-16T17:00:00.000Z
sensor.camera_g_umidita,54.63652544219445,2026-07-16T18:00:00.000Z
sensor.camera_g_umidita,55.605654859111105,2026-07-16T19:00:00.000Z
sensor.camera_g_umidita,56.12771664741666,2026-07-16T20:00:00.000Z
sensor.camera_g_umidita,57.63681177975,2026-07-16T21:00:00.000Z
sensor.camera_g_umidita,57.932940579555556,2026-07-16T22:00:00.000Z
sensor.camera_g_umidita,58.32078867380556,2026-07-16T23:00:00.000Z
sensor.camera_g_umidita,58.276850433444444,2026-07-17T00:00:00.000Z
sensor.camera_g_umidita,58.03484099036111,2026-07-17T01:00:00.000Z
sensor.camera_g_umidita,57.815528842527776,2026-07-17T02:00:00.000Z
sensor.camera_g_umidita,58.15728469444445,2026-07-17T03:00:00.000Z
sensor.camera_g_umidita,55.96435680086111,2026-07-17T04:00:00.000Z
sensor.camera_g_umidita,55.28125655247222,2026-07-17T05:00:00.000Z
sensor.camera_g_umidita,57.846795913833326,2026-07-17T06:00:00.000Z
sensor.camera_g_umidita,58.47402823169444,2026-07-17T07:00:00.000Z
sensor.camera_g_umidita,58.10831843416667,2026-07-17T08:00:00.000Z
sensor.camera_g_umidita,56.593170337611106,2026-07-17T09:00:00.000Z
sensor.camera_g_umidita,55.80092860227777,2026-07-17T10:00:00.000Z
sensor.camera_g_umidita,54.89497627288889,2026-07-17T11:00:00.000Z
sensor.camera_g_umidita,55.120856566444445,2026-07-17T12:00:00.000Z
sensor.camera_g_umidita,55.38535635675,2026-07-17T13:00:00.000Z
sensor.camera_g_umidita,55.528370120666665,2026-07-17T14:00:00.000Z
sensor.camera_g_umidita,55.58973923733333,2026-07-17T15:00:00.000Z
sensor.camera_g_umidita,56.092251291555556,2026-07-17T16:00:00.000Z
sensor.camera_g_umidita,56.54883319630556,2026-07-17T17:00:00.000Z
sensor.camera_g_umidita,57.43390101152778,2026-07-17T18:00:00.000Z
sensor.camera_g_umidita,58.17972909822222,2026-07-17T19:00:00.000Z
sensor.camera_g_umidita,58.75531956066666,2026-07-17T20:00:00.000Z
sensor.camera_g_umidita,59.004102902638884,2026-07-17T21:00:00.000Z
sensor.camera_g_umidita,58.99843742244445,2026-07-17T22:00:00.000Z
sensor.camera_g_umidita,59.90801867858334,2026-07-17T23:00:00.000Z
sensor.camera_g_umidita,59.52743908833333,2026-07-18T00:00:00.000Z
sensor.camera_g_umidita,59.53339534525,2026-07-18T01:00:00.000Z
sensor.camera_g_umidita,58.808971865555556,2026-07-18T02:00:00.000Z
sensor.camera_g_umidita,59.19628113058334,2026-07-18T03:00:00.000Z
sensor.camera_g_umidita,59.744505090055554,2026-07-18T04:00:00.000Z
sensor.camera_g_umidita,59.522320703249996,2026-07-18T05:00:00.000Z
sensor.camera_g_umidita,58.71452738730556,2026-07-18T06:00:00.000Z
sensor.camera_g_umidita,58.344441320972216,2026-07-18T07:00:00.000Z
sensor.camera_g_umidita,58.70658091958333,2026-07-18T08:00:00.000Z
sensor.camera_g_umidita,58.98616522047222,2026-07-18T09:00:00.000Z
sensor.camera_g_umidita,58.78322178425,2026-07-18T10:00:00.000Z
sensor.camera_g_umidita,58.524550068361116,2026-07-18T11:00:00.000Z
sensor.camera_g_umidita,58.89986958902778,2026-07-18T12:00:00.000Z
sensor.camera_g_umidita,57.283008893305556,2026-07-18T13:00:00.000Z
sensor.camera_g_umidita,54.6166411715,2026-07-18T14:00:00.000Z
sensor.camera_g_umidita,50.132915461972225,2026-07-18T15:00:00.000Z
sensor.camera_g_umidita,49.94303199086111,2026-07-18T16:00:00.000Z
sensor.camera_g_umidita,48.84191509094444,2026-07-18T17:00:00.000Z
sensor.camera_g_umidita,47.82700845947222,2026-07-18T18:00:00.000Z
sensor.camera_g_umidita,48,2026-07-18T19:00:00.000Z
sensor.camera_g_umidita,48.75308071863889,2026-07-18T20:00:00.000Z
sensor.camera_g_umidita,52.69920976936111,2026-07-18T21:00:00.000Z
sensor.camera_g_umidita,54.24871911569445,2026-07-18T22:00:00.000Z
sensor.camera_g_umidita,50.92501445147223,2026-07-18T23:00:00.000Z
sensor.camera_g_umidita,50.24525702333333,2026-07-19T00:00:00.000Z
sensor.camera_g_umidita,50.95565372619444,2026-07-19T01:00:00.000Z
sensor.camera_g_umidita,51.0143860705,2026-07-19T02:00:00.000Z
sensor.camera_g_umidita,48.37951061361111,2026-07-19T03:00:00.000Z
sensor.camera_g_umidita,51.60311744938889,2026-07-19T04:00:00.000Z
sensor.camera_g_umidita,52.80159203861111,2026-07-19T05:00:00.000Z
sensor.camera_g_umidita,53.49518504391667,2026-07-19T06:00:00.000Z
sensor.camera_g_umidita,53.79999999999999,2026-07-19T07:00:00.000Z
sensor.camera_g_umidita,53.791671669138886,2026-07-19T08:00:00.000Z
sensor.camera_g_umidita,53.18210273816666,2026-07-19T09:00:00.000Z
sensor.camera_g_umidita,51.71787764380556,2026-07-19T10:00:00.000Z
sensor.camera_g_umidita,51.60830087783334,2026-07-19T11:00:00.000Z
sensor.camera_g_umidita,51.10000758480555,2026-07-19T12:00:00.000Z
sensor.camera_g_umidita,50.797996989944444,2026-07-19T13:00:00.000Z
sensor.camera_g_umidita,50.379312010472226,2026-07-19T14:00:00.000Z
sensor.camera_g_umidita,48.34588071536111,2026-07-19T15:00:00.000Z
sensor.camera_g_umidita,48.57442915013889,2026-07-19T16:00:00.000Z
sensor.camera_g_umidita,48.249448948722225,2026-07-19T17:00:00.000Z
sensor.camera_g_umidita,46.221557035833335,2026-07-19T18:00:00.000Z
sensor.camera_g_umidita,46.375897635499996,2026-07-19T19:00:00.000Z
sensor.camera_g_umidita,49.269983289833334,2026-07-19T20:00:00.000Z
sensor.camera_g_umidita,51.00235935261111,2026-07-19T21:00:00.000Z
sensor.camera_g_umidita,50.936381753472226,2026-07-19T22:00:00.000Z
sensor.camera_g_umidita,50.25693176086111,2026-07-19T23:00:00.000Z
sensor.camera_g_umidita,51.62004281308333,2026-07-20T00:00:00.000Z
sensor.camera_g_umidita,52.168722422861116,2026-07-20T01:00:00.000Z
sensor.camera_g_umidita,54.02877056133334,2026-07-20T02:00:00.000Z
sensor.camera_g_umidita,54.922245528416674,2026-07-20T03:00:00.000Z
sensor.camera_g_umidita,56.23634834625,2026-07-20T04:00:00.000Z
sensor.camera_g_umidita,56.172803184083335,2026-07-20T05:00:00.000Z
sensor.camera_g_umidita,57.388340553805556,2026-07-20T06:00:00.000Z
sensor.camera_g_umidita,56.86073497630556,2026-07-20T07:00:00.000Z
sensor.camera_g_umidita,56.65233845866666,2026-07-20T08:00:00.000Z
sensor.camera_g_umidita,56.05293802227778,2026-07-20T09:00:00.000Z
sensor.camera_g_umidita,54.34675764716667,2026-07-20T10:00:00.000Z
sensor.camera_g_umidita,53.74851143094444,2026-07-20T11:00:00.000Z
sensor.camera_g_umidita,53.25224601861111,2026-07-20T12:00:00.000Z
sensor.camera_g_umidita,52.47912486994445,2026-07-20T13:00:00.000Z
sensor.camera_g_umidita,52.224447408833335,2026-07-20T14:00:00.000Z
sensor.camera_g_umidita,52.06647287136111,2026-07-20T15:00:00.000Z
sensor.camera_g_umidita,52.28199266238889,2026-07-20T16:00:00.000Z
sensor.camera_g_umidita,52.15289826413889,2026-07-20T17:00:00.000Z
sensor.camera_g_umidita,52.05489989783334,2026-07-20T18:00:00.000Z
sensor.camera_g_umidita,52.066335048638884,2026-07-20T19:00:00.000Z
sensor.camera_g_umidita,52.414827776416665,2026-07-20T20:00:00.000Z
sensor.camera_g_umidita,52.741094208305555,2026-07-20T21:00:00.000Z
sensor.camera_g_umidita,53.704134539777776,2026-07-20T22:00:00.000Z
sensor.camera_g_umidita,53.961210954083334,2026-07-20T23:00:00.000Z
sensor.camera_g_umidita,54,2026-07-21T00:00:00.000Z
sensor.camera_g_umidita,53.97599000508333,2026-07-21T01:00:00.000Z
sensor.camera_g_umidita,53.95525011963889,2026-07-21T02:00:00.000Z
sensor.camera_g_umidita,53.498804515888885,2026-07-21T03:00:00.000Z
sensor.camera_g_umidita,53.22406269044444,2026-07-21T04:00:00.000Z
sensor.camera_g_umidita,53.983852153083326,2026-07-21T05:00:00.000Z
sensor.camera_g_umidita,54.15790870027778,2026-07-21T06:00:00.000Z
sensor.camera_g_umidita,52.9308876275,2026-07-21T07:00:00.000Z
sensor.camera_g_umidita,51.99471929113889,2026-07-21T08:00:00.000Z
sensor.camera_g_umidita,51.772384707583335,2026-07-21T09:00:00.000Z
sensor.camera_g_umidita,52.242655183416666,2026-07-21T10:00:00.000Z
sensor.camera_g_umidita,52.062566283861116,2026-07-21T11:00:00.000Z
sensor.camera_g_umidita,52.011307800666664,2026-07-21T12:00:00.000Z
sensor.camera_g_umidita,51.85466987261111,2026-07-21T13:00:00.000Z
sensor.camera_g_umidita,51.760661739472226,2026-07-21T14:00:00.000Z
sensor.camera_g_umidita,52.043217984638886,2026-07-21T15:00:00.000Z
sensor.camera_g_umidita,52.31628418886111,2026-07-21T16:00:00.000Z
sensor.camera_g_umidita,52.56540933205556,2026-07-21T17:00:00.000Z
sensor.camera_g_umidita,52.780490975,2026-07-21T18:00:00.000Z
sensor.camera_g_umidita,53.03919185113889,2026-07-21T19:00:00.000Z
sensor.camera_g_umidita,52.96430122108333,2026-07-21T20:00:00.000Z
sensor.camera_g_umidita,51.43126181030556,2026-07-21T21:00:00.000Z
sensor.camera_g_umidita,52.18953120027778,2026-07-21T22:00:00.000Z
sensor.camera_g_umidita,53.100639804749996,2026-07-21T23:00:00.000Z
sensor.camera_g_umidita,53.091956963361106,2026-07-22T00:00:00.000Z
sensor.camera_g_umidita,53.371142592666665,2026-07-22T01:00:00.000Z
sensor.camera_g_umidita,53.16199633125,2026-07-22T02:00:00.000Z
sensor.camera_g_umidita,51.82135048394445,2026-07-22T03:00:00.000Z
sensor.camera_g_umidita,51.71608952294445,2026-07-22T04:00:00.000Z
sensor.camera_g_umidita,51.48382394619444,2026-07-22T05:00:00.000Z
sensor.camera_g_umidita,51.828362081,2026-07-22T06:00:00.000Z
sensor.camera_g_umidita,52.07993916341667,2026-07-22T07:00:00.000Z
sensor.camera_g_umidita,52.33111007130555,2026-07-22T08:00:00.000Z
sensor.camera_g_umidita,51.361801865694446,2026-07-22T09:00:00.000Z
sensor.camera_g_umidita,49.85189681141667,2026-07-22T10:00:00.000Z
sensor.camera_g_umidita,48.50135382119444,2026-07-22T11:00:00.000Z
sensor.camera_g_umidita,47.58031202838888,2026-07-22T12:00:00.000Z
sensor.camera_g_umidita,48.16207037702778,2026-07-22T13:00:00.000Z
sensor.camera_g_umidita,48.47692070805556,2026-07-22T14:00:00.000Z
sensor.camera_g_umidita,48.389449636361114,2026-07-22T15:00:00.000Z
sensor.camera_g_umidita,48.047861552,2026-07-22T16:00:00.000Z
sensor.camera_g_umidita,47.72515463672223,2026-07-22T17:00:00.000Z
sensor.camera_g_umidita,47.641274283861115,2026-07-22T18:00:00.000Z
sensor.camera_g_umidita,47.618139020166666,2026-07-22T19:00:00.000Z
sensor.camera_g_umidita,47.65871503494444,2026-07-22T20:00:00.000Z
sensor.camera_g_umidita,47.111832463111114,2026-07-22T21:00:00.000Z
sensor.camera_g_umidita,47.16104386658333,2026-07-22T22:00:00.000Z
sensor.camera_g_umidita,48.08859921266667,2026-07-22T23:00:00.000Z
sensor.camera_g_umidita,49.144662832833326,2026-07-23T00:00:00.000Z
sensor.camera_g_umidita,49.638944906805555,2026-07-23T01:00:00.000Z
sensor.camera_g_umidita,49.646499132500004,2026-07-23T02:00:00.000Z
sensor.camera_g_umidita,48.801831684027775,2026-07-23T03:00:00.000Z
sensor.camera_g_umidita,48.36738947436111,2026-07-23T04:00:00.000Z
sensor.camera_g_umidita,48.866705763027774,2026-07-23T05:00:00.000Z
sensor.camera_g_umidita,49.09766370502778,2026-07-23T06:00:00.000Z
sensor.camera_g_umidita,49.511254790138885,2026-07-23T07:00:00.000Z
sensor.camera_g_umidita,47.82027644111111,2026-07-23T08:00:00.000Z
sensor.camera_g_umidita,46.25848738808333,2026-07-23T09:00:00.000Z
sensor.camera_g_umidita,45.70140454097222,2026-07-23T10:00:00.000Z
sensor.camera_g_umidita,46.97948632116667,2026-07-23T11:00:00.000Z
sensor.camera_g_umidita,47.21488134633333,2026-07-23T12:00:00.000Z
sensor.camera_g_umidita,46.88600388783333,2026-07-23T13:00:00.000Z
sensor.camera_g_umidita,47.063011836111116,2026-07-23T14:00:00.000Z
sensor.camera_g_umidita,47.34702175125,2026-07-23T15:00:00.000Z
sensor.camera_g_umidita,47.59388160983334,2026-07-23T16:00:00.000Z
sensor.camera_g_umidita,47.81785815358333,2026-07-23T17:00:00.000Z
sensor.camera_g_umidita,48.057661332916666,2026-07-23T18:00:00.000Z
sensor.camera_g_umidita,48.413324167888895,2026-07-23T19:00:00.000Z
sensor.camera_g_umidita,48.680149837777776,2026-07-23T20:00:00.000Z
sensor.camera_g_umidita,49.1320828675,2026-07-23T21:00:00.000Z
sensor.camera_g_umidita,50.74085421108333,2026-07-23T22:00:00.000Z
sensor.camera_g_umidita,51.42117279522222,2026-07-23T23:00:00.000Z
sensor.camera_g_umidita,51.262567094,2026-07-24T00:00:00.000Z
sensor.camera_g_umidita,50.790853167638886,2026-07-24T01:00:00.000Z
sensor.camera_g_umidita,48.96619424436111,2026-07-24T02:00:00.000Z
sensor.camera_g_umidita,49.11976144036112,2026-07-24T03:00:00.000Z
sensor.camera_g_umidita,49.435722034777775,2026-07-24T04:00:00.000Z
sensor.camera_g_umidita,48.56353377275,2026-07-24T05:00:00.000Z
sensor.camera_g_umidita,48.92699228194444,2026-07-24T06:00:00.000Z
sensor.camera_g_umidita,49.33326905552777,2026-07-24T07:00:00.000Z
sensor.camera_g_umidita,49.511690910055556,2026-07-24T08:00:00.000Z
sensor.camera_g_umidita,50.03365101869445,2026-07-24T09:00:00.000Z
sensor.camera_g_umidita,50.438608777000006,2026-07-24T10:00:00.000Z
sensor.camera_g_umidita,50.609828200972224,2026-07-24T11:00:00.000Z
sensor.camera_g_umidita,50.516961957805556,2026-07-24T12:00:00.000Z
sensor.camera_g_umidita,49.78910586094444,2026-07-24T13:00:00.000Z
sensor.camera_g_umidita,49.20408657227778,2026-07-24T14:00:00.000Z
sensor.camera_g_umidita,48.62988294636111,2026-07-24T15:00:00.000Z
sensor.camera_g_umidita,48.277754247055555,2026-07-24T16:00:00.000Z
sensor.camera_g_umidita,47.980700939861116,2026-07-24T17:00:00.000Z
sensor.camera_g_umidita,47.882894358444446,2026-07-24T18:00:00.000Z
sensor.camera_g_umidita,47.74110081363889,2026-07-24T19:00:00.000Z
sensor.camera_g_umidita,47.983886105,2026-07-24T20:00:00.000Z
sensor.camera_g_umidita,47.78131652,2026-07-24T21:00:00.000Z
sensor.camera_g_umidita,46.88590822069444,2026-07-24T22:00:00.000Z
sensor.camera_g_umidita,46.81545472905555,2026-07-24T23:00:00.000Z
sensor.camera_g_umidita,47.01058828669445,2026-07-25T00:00:00.000Z
sensor.camera_g_umidita,46.32122917266667,2026-07-25T01:00:00.000Z
sensor.camera_g_umidita,45.356969720027784,2026-07-25T02:00:00.000Z
sensor.camera_g_umidita,44.80269870083333,2026-07-25T03:00:00.000Z
sensor.camera_g_umidita,44.85386904483334,2026-07-25T04:00:00.000Z
sensor.camera_g_umidita,45.20369841088888,2026-07-25T05:00:00.000Z
sensor.camera_g_umidita,45.81721526611111,2026-07-25T06:00:00.000Z
sensor.camera_g_umidita,46.55730504961111,2026-07-25T07:00:00.000Z
sensor.camera_g_umidita,44.397489697694446,2026-07-25T08:00:00.000Z
sensor.camera_g_umidita,41.571952466305554,2026-07-25T09:00:00.000Z
sensor.camera_g_umidita,40.08151987158333,2026-07-25T10:00:00.000Z
sensor.camera_g_umidita,40.65339224525,2026-07-25T11:00:00.000Z
sensor.camera_g_umidita,40.50430564722222,2026-07-25T12:00:00.000Z
sensor.camera_g_umidita,40.07886742825,2026-07-25T13:00:00.000Z
sensor.camera_g_umidita,40.14152325925,2026-07-25T14:00:00.000Z
sensor.camera_g_umidita,40.68625477633333,2026-07-25T15:00:00.000Z
sensor.camera_g_umidita,41.93894141488889,2026-07-25T16:00:00.000Z
sensor.camera_g_umidita,42.58285468813889,2026-07-25T17:00:00.000Z
sensor.camera_g_umidita,43.01280795894444,2026-07-25T18:00:00.000Z
sensor.camera_g_umidita,43.761995230694446,2026-07-25T19:00:00.000Z
sensor.camera_g_umidita,44.39427710411112,2026-07-25T20:00:00.000Z
sensor.camera_g_umidita,46.17319731625,2026-07-25T21:00:00.000Z
sensor.camera_g_umidita,47.358863079861116,2026-07-25T22:00:00.000Z
sensor.camera_g_umidita,46.841365256888885,2026-07-25T23:00:00.000Z
sensor.camera_g_umidita,47.342452524361114,2026-07-26T00:00:00.000Z
sensor.camera_g_umidita,48.658697358666664,2026-07-26T01:00:00.000Z
sensor.camera_g_umidita,49.41615679405555,2026-07-26T02:00:00.000Z
sensor.camera_g_umidita,49.29470882686112,2026-07-26T03:00:00.000Z
sensor.camera_g_umidita,49.54913868194444,2026-07-26T04:00:00.000Z
sensor.camera_g_umidita,50.28872425316666,2026-07-26T05:00:00.000Z
sensor.camera_g_umidita,51.22704160011111,2026-07-26T06:00:00.000Z
sensor.camera_g_umidita,50.75084527455556,2026-07-26T07:00:00.000Z
sensor.camera_g_umidita,50.428191370166665,2026-07-26T08:00:00.000Z
sensor.camera_g_umidita,50.32528798572222,2026-07-26T09:00:00.000Z
sensor.camera_g_umidita,51.29411651583333,2026-07-26T10:00:00.000Z
sensor.camera_g_umidita,50.75810328791667,2026-07-26T11:00:00.000Z
sensor.camera_g_umidita,50.38264450588889,2026-07-26T12:00:00.000Z
sensor.camera_g_umidita,50.463053545361106,2026-07-26T13:00:00.000Z
sensor.camera_g_umidita,50.86707204011111,2026-07-26T14:00:00.000Z
sensor.camera_g_umidita,50.69372836744444,2026-07-26T15:00:00.000Z
sensor.camera_g_umidita,49.773847945527784,2026-07-26T16:00:00.000Z
sensor.camera_g_umidita,48.75077513313889,2026-07-26T17:00:00.000Z
sensor.camera_g_umidita,49.9225961155,2026-07-26T18:00:00.000Z
sensor.camera_g_umidita,51.39324024827778,2026-07-26T19:00:00.000Z
sensor.camera_g_umidita,51.66292060000001,2026-07-26T20:00:00.000Z
sensor.camera_g_umidita,51.893822042138886,2026-07-26T21:00:00.000Z
sensor.camera_g_umidita,52.41131997094444,2026-07-26T22:00:00.000Z
sensor.camera_g_umidita,52.95609792811111,2026-07-26T23:00:00.000Z
sensor.camera_g_umidita,53.519618270888884,2026-07-27T00:00:00.000Z
sensor.camera_g_umidita,54.13507017491667,2026-07-27T01:00:00.000Z
sensor.camera_g_umidita,53.83285928330556,2026-07-27T02:00:00.000Z
sensor.camera_g_umidita,53.58784367105556,2026-07-27T03:00:00.000Z
sensor.camera_g_umidita,53.421289446416665,2026-07-27T04:00:00.000Z
sensor.camera_g_umidita,53.29129867738889,2026-07-27T05:00:00.000Z
sensor.camera_g_umidita,53.69827157819444,2026-07-27T06:00:00.000Z
sensor.camera_g_umidita,53.791302637277774,2026-07-27T07:00:00.000Z
sensor.camera_g_umidita,54.01508447022223,2026-07-27T08:00:00.000Z
sensor.camera_g_umidita,54.40952037183334,2026-07-27T09:00:00.000Z
sensor.camera_g_umidita,54.730823115750006,2026-07-27T10:00:00.000Z
sensor.camera_g_umidita,55.45667871144445,2026-07-27T11:00:00.000Z
sensor.camera_g_umidita,55.886565415777774,2026-07-27T12:00:00.000Z
sensor.camera_g_umidita,55.29144045483333,2026-07-27T13:00:00.000Z
sensor.camera_g_umidita,52.230038083500006,2026-07-27T14:00:00.000Z
sensor.camera_g_umidita,48.45173042455556,2026-07-27T15:00:00.000Z
sensor.camera_g_umidita,45.48126655816667,2026-07-27T16:00:00.000Z
sensor.camera_g_umidita,43.24322679252777,2026-07-27T17:00:00.000Z
sensor.camera_g_umidita,42.24247875277778,2026-07-27T18:00:00.000Z
sensor.camera_g_umidita,41.97492031252778,2026-07-27T19:00:00.000Z
sensor.camera_g_umidita,43.16227378405555,2026-07-27T20:00:00.000Z
sensor.camera_g_umidita,46.28990337030555,2026-07-27T21:00:00.000Z
sensor.camera_g_umidita,50.49277679972223,2026-07-27T22:00:00.000Z
sensor.camera_g_umidita,53.24004364155556,2026-07-27T23:00:00.000Z
sensor.camera_g_umidita,54.954068800777776,2026-07-28T00:00:00.000Z
sensor.camera_g_umidita,54.27812551344445,2026-07-28T01:00:00.000Z
sensor.camera_g_umidita,54.399588925333326,2026-07-28T02:00:00.000Z
sensor.camera_g_umidita,55.26546944083333,2026-07-28T03:00:00.000Z
sensor.camera_g_umidita,55.70602352216667,2026-07-28T04:00:00.000Z
sensor.camera_g_umidita,54.95595507605555,2026-07-28T05:00:00.000Z
sensor.camera_g_umidita,54.927637149166664,2026-07-28T06:00:00.000Z
sensor.camera_g_umidita,56.14187281169444,2026-07-28T07:00:00.000Z
sensor.camera_g_umidita,57.85568412797222,2026-07-28T08:00:00.000Z
sensor.camera_g_umidita,57.90604072936111,2026-07-28T09:00:00.000Z
sensor.camera_g_umidita,58.31731425927777,2026-07-28T10:00:00.000Z
sensor.camera_g_umidita,58.498677197138896,2026-07-28T11:00:00.000Z
sensor.camera_g_umidita,58.330134949000005,2026-07-28T12:00:00.000Z
sensor.camera_g_umidita,57.77140899908333,2026-07-28T13:00:00.000Z
sensor.camera_g_umidita,56.949143381666666,2026-07-28T14:00:00.000Z
sensor.camera_g_umidita,56.651550418999996,2026-07-28T15:00:00.000Z
sensor.camera_g_umidita,55.64936881897222,2026-07-28T16:00:00.000Z
sensor.camera_g_umidita,55.017651279805555,2026-07-28T17:00:00.000Z
sensor.camera_g_umidita,54.802356051138894,2026-07-28T18:00:00.000Z
sensor.camera_g_umidita,55.78284404666667,2026-07-28T19:00:00.000Z
sensor.camera_g_umidita,56.126087587722225,2026-07-28T20:00:00.000Z
sensor.camera_g_umidita,55.63853743508333,2026-07-28T21:00:00.000Z
sensor.camera_g_umidita,55.357281494333336,2026-07-28T22:00:00.000Z
sensor.camera_g_umidita,55.62636704138888,2026-07-28T23:00:00.000Z
sensor.camera_g_umidita,56.15303575908333,2026-07-29T00:00:00.000Z
sensor.camera_g_umidita,56.763593525138894,2026-07-29T01:00:00.000Z
sensor.camera_g_umidita,57.12886944461112,2026-07-29T02:00:00.000Z
sensor.camera_g_umidita,57.30371163569444,2026-07-29T03:00:00.000Z
sensor.camera_g_umidita,57.336499972888895,2026-07-29T04:00:00.000Z
sensor.camera_g_umidita,57.55592685605556,2026-07-29T05:00:00.000Z
sensor.camera_g_umidita,58.04263115733334,2026-07-29T06:00:00.000Z
sensor.camera_g_umidita,58.64938525883334,2026-07-29T07:00:00.000Z
sensor.camera_g_umidita,57.77343242491667,2026-07-29T08:00:00.000Z
sensor.camera_g_umidita,56.89102135272223,2026-07-29T09:00:00.000Z
sensor.camera_g_umidita,56.77954791416667,2026-07-29T10:00:00.000Z
sensor.camera_g_umidita,57.43035622738889,2026-07-29T11:00:00.000Z
sensor.camera_g_umidita,57.46556784469445,2026-07-29T12:00:00.000Z
sensor.camera_g_umidita,57.282976993,2026-07-29T13:00:00.000Z
sensor.camera_g_umidita,56.999535997,2026-07-29T14:00:00.000Z
sensor.camera_g_umidita,56.73038564941667,2026-07-29T15:00:00.000Z
sensor.camera_g_umidita,56.10285907058333,2026-07-29T16:00:00.000Z
sensor.camera_g_umidita,55.82749585611111,2026-07-29T17:00:00.000Z
sensor.camera_g_umidita,55.838068838666665,2026-07-29T18:00:00.000Z
sensor.camera_g_umidita,55.60741233533333,2026-07-29T19:00:00.000Z
sensor.camera_g_umidita,55.862503675611116,2026-07-29T20:00:00.000Z
sensor.camera_g_umidita,56.39389727413889,2026-07-29T21:00:00.000Z
sensor.camera_g_umidita,56.866804386944445,2026-07-29T22:00:00.000Z
sensor.camera_g_umidita,57.31005004727778,2026-07-29T23:00:00.000Z
sensor.camera_g_umidita,58.01599206936111,2026-07-30T00:00:00.000Z
sensor.camera_g_umidita,58.14416455977778,2026-07-30T01:00:00.000Z
sensor.camera_g_umidita,58.30145333669444,2026-07-30T02:00:00.000Z
sensor.camera_g_umidita,57.956592618277774,2026-07-30T03:00:00.000Z
sensor.camera_g_umidita,57.01558555741667,2026-07-30T04:00:00.000Z
sensor.camera_g_umidita,58.34236402883334,2026-07-30T05:00:00.000Z
sensor.camera_g_umidita,59.39044718533333,2026-07-30T06:00:00.000Z
sensor.camera_g_umidita,59.51017271752778,2026-07-30T07:00:00.000Z
sensor.camera_g_umidita,58.43822989219444,2026-07-30T08:00:00.000Z
sensor.camera_g_umidita,57.70524101886111,2026-07-30T09:00:00.000Z
sensor.camera_g_umidita,57.5,2026-07-30T10:00:00.000Z
sensor.camera_g_umidita,57.53347446508334,2026-07-30T11:00:00.000Z
sensor.camera_g_umidita,57.5,2026-07-30T12:00:00.000Z
sensor.camera_g_umidita,57.056524313694446,2026-07-30T13:00:00.000Z
sensor.camera_g_umidita,56.76508240483333,2026-07-30T14:00:00.000Z
sensor.camera_g_umidita,56.476120927333334,2026-07-30T15:00:00.000Z
sensor.camera_g_umidita,55.94922307011111,2026-07-30T16:00:00.000Z
sensor.camera_g_umidita,56.01452661808333,2026-07-30T17:00:00.000Z
sensor.camera_g_umidita,56.04432137691666,2026-07-30T18:00:00.000Z
sensor.camera_g_umidita,56.191631109305554,2026-07-30T19:00:00.000Z
sensor.camera_g_umidita,56.25129317805556,2026-07-30T20:00:00.000Z
sensor.camera_g_umidita,56.748126758388885,2026-07-30T21:00:00.000Z
sensor.camera_g_umidita,56.35456966705556,2026-07-30T22:00:00.000Z
sensor.camera_g_umidita,53.63646633844445,2026-07-30T23:00:00.000Z
sensor.camera_g_umidita,53.80108182052778,2026-07-31T00:00:00.000Z
sensor.camera_g_umidita,54.62969206269444,2026-07-31T01:00:00.000Z
sensor.camera_g_umidita,54.73036571536111,2026-07-31T02:00:00.000Z
sensor.camera_g_umidita,54.689231365972226,2026-07-31T03:00:00.000Z
sensor.camera_g_umidita,54.30535052527778,2026-07-31T04:00:00.000Z
sensor.camera_g_umidita,54.650801855249995,2026-07-31T05:00:00.000Z
sensor.camera_g_umidita,54.53862694561111,2026-07-31T06:00:00.000Z
sensor.camera_g_umidita,55.20402940877778,2026-07-31T07:00:00.000Z
sensor.camera_g_umidita,53.209008979833335,2026-07-31T08:00:00.000Z
sensor.camera_g_umidita,53.744431236333334,2026-07-31T09:00:00.000Z
sensor.camera_g_umidita,55.37795995736111,2026-07-31T10:00:00.000Z
sensor.camera_g_umidita,56.524311494916674,2026-07-31T11:00:00.000Z
sensor.camera_g_umidita,56.603227888611116,2026-07-31T12:00:00.000Z
sensor.camera_g_umidita,56.12474564202778,2026-07-31T13:00:00.000Z
sensor.camera_g_umidita,55.951454933777775,2026-07-31T14:00:00.000Z
sensor.camera_g_umidita,55.10397019744445,2026-07-31T15:00:00.000Z
sensor.camera_g_umidita,52.96403187283334,2026-07-31T16:00:00.000Z
sensor.camera_g_umidita,50.47490291538889,2026-07-31T17:00:00.000Z
sensor.camera_g_umidita,50.314865695777776,2026-07-31T18:00:00.000Z
sensor.camera_g_umidita,49.241676669111115,2026-07-31T19:00:00.000Z
sensor.camera_g_umidita,51.46435613755556,2026-07-31T20:00:00.000Z
sensor.camera_g_umidita,51.598823688833335,2026-07-31T21:00:00.000Z
sensor.camera_g_umidita,51.541930373305554,2026-07-31T22:00:00.000Z
sensor.camera_g_umidita,52.16941191177778,2026-07-31T23:00:00.000Z
sensor.camera_g_umidita,53.29335828552778,2026-08-01T00:00:00.000Z
sensor.camera_g_umidita,53.53665666766667,2026-08-01T01:00:00.000Z
sensor.camera_g_umidita,53.74244514427778,2026-08-01T02:00:00.000Z
sensor.camera_g_umidita,53.750946140972225,2026-08-01T03:00:00.000Z
sensor.camera_g_umidita,53.58082822294444,2026-08-01T04:00:00.000Z
sensor.camera_g_umidita,53.81552838963889,2026-08-01T05:00:00.000Z
sensor.camera_g_umidita,55.51515289105556,2026-08-01T06:00:00.000Z
sensor.camera_g_umidita,55.95300884544445,2026-08-01T07:00:00.000Z
sensor.camera_g_umidita,55.622989788055555,2026-08-01T08:00:00.000Z
sensor.camera_g_umidita,55.12091115566667,2026-08-01T09:00:00.000Z
sensor.camera_g_umidita,55.0422176705,2026-08-01T10:00:00.000Z
sensor.camera_g_umidita,55.97248305555556,2026-08-01T11:00:00.000Z
sensor.camera_g_umidita,55.85525198344445,2026-08-01T12:00:00.000Z
sensor.camera_g_umidita,55.46898584397223,2026-08-01T13:00:00.000Z
sensor.camera_g_umidita,55.005230948388885,2026-08-01T14:00:00.000Z
sensor.camera_g_umidita,54.625429127500006,2026-08-01T15:00:00.000Z
sensor.camera_g_umidita,54.06527721436111,2026-08-01T16:00:00.000Z
sensor.camera_g_umidita,53.54651667833334,2026-08-01T17:00:00.000Z
sensor.camera_g_umidita,53.5,2026-08-01T18:00:00.000Z
sensor.camera_g_umidita,53.53009070163889,2026-08-01T19:00:00.000Z
sensor.camera_g_umidita,53.74309311230556,2026-08-01T20:00:00.000Z
sensor.camera_g_umidita,53.58708432472222,2026-08-01T21:00:00.000Z
sensor.camera_g_umidita,52.91418857558333,2026-08-01T22:00:00.000Z
sensor.camera_g_umidita,52.34390295116666,2026-08-01T23:00:00.000Z
sensor.camera_g_umidita,52.20000000000001,2026-08-02T00:00:00.000Z
sensor.camera_g_umidita,52.21933289433333,2026-08-02T01:00:00.000Z
sensor.camera_g_umidita,52.178497007972226,2026-08-02T02:00:00.000Z
sensor.camera_g_umidita,52.01452578047222,2026-08-02T03:00:00.000Z
sensor.camera_g_umidita,51.926120416083336,2026-08-02T04:00:00.000Z
sensor.camera_g_umidita,52.15955487780556,2026-08-02T05:00:00.000Z
sensor.camera_g_umidita,52.073210104472224,2026-08-02T06:00:00.000Z
sensor.camera_g_umidita,52.000563431555555,2026-08-02T07:00:00.000Z
sensor.camera_g_umidita,52.32525854641667,2026-08-02T08:00:00.000Z
sensor.camera_g_umidita,52.41567220244445,2026-08-02T09:00:00.000Z
sensor.camera_g_umidita,52.575826361972226,2026-08-02T10:00:00.000Z
sensor.camera_g_umidita,52.22197591402778,2026-08-02T11:00:00.000Z
sensor.camera_g_umidita,51.8610759345,2026-08-02T12:00:00.000Z
sensor.camera_g_umidita,51.67455892316667,2026-08-02T13:00:00.000Z
sensor.camera_g_umidita,51.96026619297222,2026-08-02T14:00:00.000Z
sensor.camera_g_umidita,51.87918985955556,2026-08-02T15:00:00.000Z
sensor.camera_g_umidita,51.23648112997222,2026-08-02T16:00:00.000Z
sensor.camera_g_umidita,50.649453526,2026-08-02T17:00:00.000Z
sensor.camera_g_umidita,50.31179837155555,2026-08-02T18:00:00.000Z
sensor.camera_g_umidita,50.40023380961111,2026-08-02T19:00:00.000Z
sensor.camera_g_umidita,50.46288159527777,2026-08-02T20:00:00.000Z
sensor.camera_g_umidita,50.4,2026-08-02T21:00:00.000Z
sensor.camera_g_umidita,50.51169601075,2026-08-02T22:00:00.000Z
sensor.camera_g_umidita,50.555340116083336,2026-08-02T23:00:00.000Z
sensor.camera_g_umidita,50.70000000000001,2026-08-03T00:00:00.000Z
sensor.camera_g_umidita,50.925077418916665,2026-08-03T01:00:00.000Z
sensor.camera_g_umidita,51.246795422750004,2026-08-03T02:00:00.000Z
sensor.camera_g_umidita,51.43461813186111,2026-08-03T03:00:00.000Z
sensor.camera_g_umidita,51.60110736186112,2026-08-03T04:00:00.000Z
sensor.camera_g_umidita,51.929345667388894,2026-08-03T05:00:00.000Z
sensor.camera_g_umidita,52.249440007416666,2026-08-03T06:00:00.000Z
sensor.camera_g_umidita,52.058634371055554,2026-08-03T07:00:00.000Z
sensor.camera_g_umidita,51.976543598166664,2026-08-03T08:00:00.000Z
sensor.camera_g_umidita,51.63629685797222,2026-08-03T09:00:00.000Z
sensor.camera_g_umidita,51.43463141216666,2026-08-03T10:00:00.000Z
sensor.camera_g_umidita,51.376774827750005,2026-08-03T11:00:00.000Z
sensor.camera_g_umidita,51.114457590527785,2026-08-03T12:00:00.000Z
sensor.camera_g_umidita,50.913295371,2026-08-03T13:00:00.000Z
sensor.camera_g_umidita,50.49188622297223,2026-08-03T14:00:00.000Z
sensor.camera_g_umidita,50.02604032697223,2026-08-03T15:00:00.000Z
sensor.camera_g_umidita,49.18107360319445,2026-08-03T16:00:00.000Z
sensor.camera_g_umidita,48.65384345533334,2026-08-03T17:00:00.000Z
sensor.camera_g_umidita,48.503557825222224,2026-08-03T18:00:00.000Z
sensor.camera_g_umidita,48.8419709165,2026-08-03T19:00:00.000Z
sensor.camera_g_umidita,49.38022535947223,2026-08-03T20:00:00.000Z
sensor.camera_g_umidita,50.12579610233333,2026-08-03T21:00:00.000Z
sensor.camera_g_umidita,50.57599498352778,2026-08-03T22:00:00.000Z
sensor.camera_g_umidita,50.89111377808333,2026-08-03T23:00:00.000Z
sensor.camera_g_umidita,50.632356626055554,2026-08-04T00:00:00.000Z
sensor.camera_g_umidita,50.6,2026-08-04T01:00:00.000Z
sensor.camera_g_umidita,50.5413291305,2026-08-04T02:00:00.000Z
sensor.camera_g_umidita,50.44994154644444,2026-08-04T03:00:00.000Z
sensor.camera_g_umidita,50.385844838333334,2026-08-04T04:00:00.000Z
sensor.camera_g_umidita,50.215363690777785,2026-08-04T05:00:00.000Z
sensor.camera_g_umidita,50.37694970386111,2026-08-04T06:00:00.000Z
sensor.camera_g_umidita,49.77113171011111,2026-08-04T07:00:00.000Z
sensor.camera_g_umidita,49.9,2026-08-04T08:00:00.000Z
sensor.camera_g_umidita,49.68365313786111,2026-08-04T09:00:00.000Z
sensor.camera_g_umidita,48.81346858088889,2026-08-04T10:00:00.000Z
sensor.camera_g_umidita,48.89450419111111,2026-08-04T11:00:00.000Z
sensor.camera_g_umidita,49.49195845338889,2026-08-04T12:00:00.000Z
sensor.camera_g_umidita,49.90845930690909,2026-08-04T13:00:00.000Z
sensor.camera_g_umidita,49.71977498816667,2026-08-04T14:00:00.000Z
sensor.camera_g_umidita,48.17063848011111,2026-08-04T15:00:00.000Z
sensor.camera_g_umidita,47.099209583555556,2026-08-04T16:00:00.000Z
sensor.camera_g_umidita,46.66464512161111,2026-08-04T17:00:00.000Z
sensor.camera_g_umidita,46.988546834472224,2026-08-04T18:00:00.000Z
sensor.camera_g_umidita,47.58541802130555,2026-08-04T19:00:00.000Z
sensor.camera_g_umidita,48.20669890763889,2026-08-04T20:00:00.000Z
sensor.camera_g_umidita,48.635485741749996,2026-08-04T21:00:00.000Z
sensor.camera_g_umidita,48.867292002805556,2026-08-04T22:00:00.000Z
sensor.camera_g_umidita,49.36718327161111,2026-08-04T23:00:00.000Z
sensor.camera_g_umidita,49.375055128999996,2026-08-05T00:00:00.000Z
sensor.camera_g_umidita,49.64718896155555,2026-08-05T01:00:00.000Z
sensor.camera_g_umidita,49.91716546427778,2026-08-05T02:00:00.000Z
sensor.camera_g_umidita,49.848507466361106,2026-08-05T03:00:00.000Z
sensor.camera_g_umidita,49.96691714916667,2026-08-05T04:00:00.000Z
sensor.camera_g_umidita,49.796015493055556,2026-08-05T05:00:00.000Z
sensor.camera_g_umidita,49.457179643277776,2026-08-05T06:00:00.000Z
sensor.camera_g_umidita,49.211993719527776,2026-08-05T07:00:00.000Z
sensor.camera_g_umidita,49.09675055122222,2026-08-05T08:00:00.000Z
sensor.camera_g_umidita,49.392716772,2026-08-05T09:00:00.000Z
sensor.camera_g_umidita,49.95770837488889,2026-08-05T10:00:00.000Z
sensor.camera_g_umidita,50.28932007088889,2026-08-05T11:00:00.000Z
sensor.camera_g_umidita,50.64296017463889,2026-08-05T12:00:00.000Z
sensor.camera_g_umidita,50.76652722769444,2026-08-05T13:00:00.000Z
sensor.camera_g_umidita,50.669992661361114,2026-08-05T14:00:00.000Z
sensor.camera_g_umidita,50.46889631744444,2026-08-05T15:00:00.000Z
sensor.camera_g_umidita,50.10170961144445,2026-08-05T16:00:00.000Z
sensor.camera_g_umidita,49.72128517638888,2026-08-05T17:00:00.000Z
sensor.camera_g_umidita,49.55763109508334,2026-08-05T18:00:00.000Z
sensor.camera_g_umidita,49.39943279827778,2026-08-05T19:00:00.000Z
sensor.camera_g_umidita,49.383030807666664,2026-08-05T20:00:00.000Z
sensor.camera_g_umidita,49.68223754505556,2026-08-05T21:00:00.000Z
sensor.camera_g_umidita,50.04804228652778,2026-08-05T22:00:00.000Z
sensor.camera_g_umidita,50.1,2026-08-05T23:00:00.000Z
sensor.camera_g_umidita,50.05161074786111,2026-08-06T00:00:00.000Z
sensor.camera_g_umidita,50,2026-08-06T01:00:00.000Z
sensor.camera_g_umidita,50.022479311055555,2026-08-06T02:00:00.000Z
sensor.camera_g_umidita,50.1,2026-08-06T03:00:00.000Z
sensor.camera_g_umidita,50.05316404930556,2026-08-06T04:00:00.000Z
sensor.camera_g_umidita,50,2026-08-06T05:00:00.000Z
sensor.camera_g_umidita,50,2026-08-06T06:00:00.000Z
sensor.camera_g_umidita,49.90024024494445,2026-08-06T07:00:00.000Z
sensor.camera_g_umidita,49.77135825208333,2026-08-06T08:00:00.000Z
sensor.camera_g_umidita,49.68043691480556,2026-08-06T09:00:00.000Z
sensor.camera_g_umidita,49.37850592211111,2026-08-06T10:00:00.000Z
sensor.camera_g_umidita,49.07280351400001,2026-08-06T11:00:00.000Z
sensor.camera_g_umidita,48.93135512402778,2026-08-06T12:00:00.000Z
sensor.camera_g_umidita,48.86529834613889,2026-08-06T13:00:00.000Z
sensor.camera_g_umidita,48.706267589,2026-08-06T14:00:00.000Z
sensor.camera_g_umidita,48.6,2026-08-06T15:00:00.000Z
sensor.camera_g_umidita,48.633500755916664,2026-08-06T16:00:00.000Z
sensor.camera_g_umidita,48.7079443271389,2026-08-06T17:00:00.000Z
sensor.camera_g_umidita,48.92392560863889,2026-08-06T18:00:00.000Z
sensor.camera_g_umidita,49.13992611161111,2026-08-06T19:00:00.000Z
sensor.camera_g_umidita,49.248701413,2026-08-06T20:00:00.000Z
sensor.camera_g_umidita,49.50356231127778,2026-08-06T21:00:00.000Z
sensor.camera_g_umidita,49.585548161472225,2026-08-06T22:00:00.000Z
sensor.camera_g_umidita,49.533445130055554,2026-08-06T23:00:00.000Z
sensor.camera_g_umidita,49.5,2026-08-07T00:00:00.000Z
sensor.camera_g_umidita,49.61862159216667,2026-08-07T01:00:00.000Z
sensor.camera_g_umidita,49.71295183888889,2026-08-07T02:00:00.000Z
sensor.camera_g_umidita,49.82927757163889,2026-08-07T03:00:00.000Z
sensor.camera_g_umidita,49.87491996405555,2026-08-07T04:00:00.000Z
sensor.camera_g_umidita,49.83796478227777,2026-08-07T05:00:00.000Z
sensor.camera_g_umidita,49.79999999999999,2026-08-07T06:00:00.000Z
sensor.camera_g_umidita,49.79999999999999,2026-08-07T07:00:00.000Z
sensor.camera_g_umidita,49.72296208922222,2026-08-07T12:00:00.000Z
sensor.camera_g_umidita,49.42237314244445,2026-08-07T13:00:00.000Z
sensor.camera_g_umidita,49.13282703308334,2026-08-07T14:00:00.000Z
sensor.camera_g_umidita,48.9420205945,2026-08-07T15:00:00.000Z
sensor.camera_g_umidita,48.91572398016666,2026-08-07T16:00:00.000Z
sensor.camera_g_umidita,49.03205785025,2026-08-07T17:00:00.000Z
sensor.camera_g_umidita,49.00138655908333,2026-08-07T18:00:00.000Z
sensor.camera_g_umidita,49,2026-08-07T19:00:00.000Z
sensor.camera_g_umidita,48.888133390444445,2026-08-07T20:00:00.000Z
sensor.camera_g_umidita,48.88064273641666,2026-08-07T21:00:00.000Z
sensor.camera_g_umidita,48.9,2026-08-07T22:00:00.000Z
sensor.camera_g_umidita,49.00120108758333,2026-08-07T23:00:00.000Z
sensor.camera_g_umidita,49.120950607333334,2026-08-08T00:00:00.000Z
sensor.camera_g_umidita,49.20000000000001,2026-08-08T01:00:00.000Z
sensor.camera_g_umidita,49.20000000000001,2026-08-08T02:00:00.000Z
sensor.camera_g_umidita,49.27309769738889,2026-08-08T03:00:00.000Z
sensor.camera_g_umidita,49.37491935908333,2026-08-08T04:00:00.000Z
sensor.camera_g_umidita,49.4,2026-08-08T05:00:00.000Z
sensor.camera_g_umidita,49.4,2026-08-08T06:00:00.000Z
sensor.camera_g_umidita,49.43347372402778,2026-08-08T07:00:00.000Z
sensor.camera_g_umidita,49.43344395105555,2026-08-08T08:00:00.000Z
sensor.camera_g_umidita,49.4,2026-08-08T09:00:00.000Z
sensor.camera_g_umidita,49.332071170527776,2026-08-08T10:00:00.000Z
sensor.camera_g_umidita,49.233555570944446,2026-08-08T11:00:00.000Z
sensor.camera_g_umidita,49.20000000000001,2026-08-08T12:00:00.000Z
sensor.camera_g_umidita,49.20000000000001,2026-08-08T13:00:00.000Z
sensor.camera_g_umidita,49.17492132825,2026-08-08T17:00:00.000Z
sensor.camera_g_umidita,49.24725773958334,2026-08-08T18:00:00.000Z
sensor.camera_g_umidita,49.32178024997222,2026-08-08T19:00:00.000Z
sensor.camera_g_umidita,49.454861256972215,2026-08-08T20:00:00.000Z
sensor.camera_g_umidita,49.546005432027776,2026-08-08T21:00:00.000Z
sensor.camera_g_umidita,49.6,2026-08-08T22:00:00.000Z
sensor.camera_g_umidita,49.6,2026-08-08T23:00:00.000Z
sensor.camera_g_umidita,49.48601907175,2026-08-09T01:00:00.000Z
sensor.camera_g_umidita,49.32021117991667,2026-08-09T02:00:00.000Z
sensor.camera_g_umidita,49.20000000000001,2026-08-09T03:00:00.000Z
sensor.camera_g_umidita,49.27795473002777,2026-08-09T04:00:00.000Z
sensor.camera_g_umidita,49.4,2026-08-09T05:00:00.000Z
sensor.camera_g_umidita,49.492590036027785,2026-08-09T06:00:00.000Z
sensor.camera_g_umidita,49.5,2026-08-09T07:00:00.000Z
sensor.camera_g_umidita,49.341712132249995,2026-08-09T08:00:00.000Z
sensor.camera_g_umidita,48.97654264155556,2026-08-09T09:00:00.000Z
sensor.camera_g_umidita,48.817663019499996,2026-08-09T10:00:00.000Z
sensor.camera_g_umidita,48.72381300022223,2026-08-09T11:00:00.000Z
sensor.camera_g_umidita,48.78494249694444,2026-08-09T12:00:00.000Z
sensor.camera_g_umidita,48.750191521472225,2026-08-09T13:00:00.000Z
sensor.camera_g_umidita,48.79794750911111,2026-08-09T14:00:00.000Z
sensor.camera_g_umidita,48.766527689916664,2026-08-09T15:00:00.000Z
sensor.camera_g_umidita,48.766528003805554,2026-08-09T16:00:00.000Z
sensor.camera_g_umidita,48.766527133083336,2026-08-09T17:00:00.000Z
sensor.camera_g_umidita,48.79999999999999,2026-08-09T18:00:00.000Z
sensor.camera_g_umidita,48.88772964102778,2026-08-09T19:00:00.000Z
sensor.camera_g_umidita,49.036618501805556,2026-08-09T20:00:00.000Z
sensor.camera_g_umidita,49.27861471808333,2026-08-09T21:00:00.000Z
sensor.camera_g_umidita,49.4314372355,2026-08-09T22:00:00.000Z
sensor.camera_g_umidita,49.5,2026-08-09T23:00:00.000Z
sensor.camera_g_umidita,49.64882324250001,2026-08-10T00:00:00.000Z
sensor.camera_g_umidita,49.85380885402778,2026-08-10T01:00:00.000Z
sensor.camera_g_umidita,50.111647830694444,2026-08-10T02:00:00.000Z
sensor.camera_g_umidita,50.30239406272222,2026-08-10T03:00:00.000Z
sensor.camera_g_umidita,50.42564277663889,2026-08-10T04:00:00.000Z
sensor.camera_g_umidita,50.59216725377778,2026-08-10T05:00:00.000Z
sensor.camera_g_umidita,50.6,2026-08-10T06:00:00.000Z
sensor.camera_g_umidita,50.6,2026-08-10T07:00:00.000Z
sensor.camera_g_umidita,50.50913574658333,2026-08-10T08:00:00.000Z
sensor.camera_g_umidita,50.312123530916665,2026-08-10T09:00:00.000Z
sensor.camera_g_umidita,50.25861562619445,2026-08-10T10:00:00.000Z
sensor.camera_g_umidita,50.18782773055556,2026-08-10T11:00:00.000Z
sensor.camera_g_umidita,50,2026-08-10T12:00:00.000Z
sensor.camera_g_umidita,50,2026-08-10T13:00:00.000Z
sensor.camera_g_umidita,50.01322861663889,2026-08-10T14:00:00.000Z
sensor.camera_g_umidita,49.99074723336111,2026-08-10T15:00:00.000Z
sensor.camera_g_umidita,49.766518495444444,2026-08-10T16:00:00.000Z
sensor.camera_g_umidita,49.70000000000001,2026-08-10T17:00:00.000Z
sensor.camera_g_umidita,49.579829076500005,2026-08-10T18:00:00.000Z
sensor.camera_g_umidita,49.57491314536111,2026-08-10T19:00:00.000Z
sensor.camera_g_umidita,49.6,2026-08-10T20:00:00.000Z
sensor.camera_g_umidita,49.63722615941666,2026-08-10T21:00:00.000Z
sensor.camera_g_umidita,49.74980438516667,2026-08-10T22:00:00.000Z
sensor.camera_g_umidita,49.83347182047222,2026-08-10T23:00:00.000Z
sensor.camera_g_umidita,49.81730916452778,2026-08-11T00:00:00.000Z
sensor.camera_g_umidita,49.83285078502777,2026-08-11T01:00:00.000Z
sensor.camera_g_umidita,49.85857861188888,2026-08-11T02:00:00.000Z
sensor.camera_g_umidita,49.825087141722214,2026-08-11T03:00:00.000Z
sensor.camera_g_umidita,49.67623901922223,2026-08-11T04:00:00.000Z
sensor.camera_g_umidita,49.47690772394444,2026-08-11T05:00:00.000Z
sensor.camera_g_umidita,49.4,2026-08-11T06:00:00.000Z
sensor.camera_g_umidita,49.4,2026-08-11T07:00:00.000Z
sensor.camera_g_umidita,49.33544180661111,2026-08-11T08:00:00.000Z
sensor.camera_g_umidita,49.21908139816667,2026-08-11T09:00:00.000Z
sensor.camera_g_umidita,49.16971918311111,2026-08-11T10:00:00.000Z
sensor.camera_g_umidita,49.1,2026-08-11T11:00:00.000Z
sensor.camera_g_umidita,49.1,2026-08-11T12:00:00.000Z
sensor.camera_g_umidita,49.079326662583334,2026-08-11T13:00:00.000Z
sensor.camera_g_umidita,48.85071345594444,2026-08-11T14:00:00.000Z
sensor.camera_g_umidita,48.870033144694446,2026-08-11T15:00:00.000Z
sensor.camera_g_umidita,48.86652598841666,2026-08-11T16:00:00.000Z
sensor.camera_g_umidita,48.81154149697222,2026-08-11T17:00:00.000Z
sensor.camera_g_umidita,48.64144897588889,2026-08-11T18:00:00.000Z
sensor.camera_g_umidita,48.83204191363888,2026-08-11T19:00:00.000Z
sensor.camera_g_umidita,49.21109388308333,2026-08-11T20:00:00.000Z
sensor.camera_g_umidita,49.40186721358333,2026-08-11T21:00:00.000Z
sensor.camera_g_umidita,49.55059014747223,2026-08-11T22:00:00.000Z
sensor.camera_g_umidita,49.641697380361116,2026-08-11T23:00:00.000Z
sensor.camera_g_umidita,49.64141073930556,2026-08-12T00:00:00.000Z
sensor.camera_g_umidita,49.70736476608334,2026-08-12T01:00:00.000Z
sensor.camera_g_umidita,49.65216112105556,2026-08-12T02:00:00.000Z
sensor.camera_g_umidita,49.46302029313889,2026-08-12T03:00:00.000Z
sensor.camera_g_umidita,49.16201972708333,2026-08-12T04:00:00.000Z
sensor.camera_g_umidita,49.13098001494444,2026-08-12T05:00:00.000Z
sensor.camera_g_umidita,49.20000000000001,2026-08-12T06:00:00.000Z
sensor.camera_g_umidita,49.19499995011111,2026-08-12T07:00:00.000Z
sensor.camera_g_umidita,49.02013238036111,2026-08-12T08:00:00.000Z
sensor.camera_g_umidita,49,2026-08-12T09:00:00.000Z
sensor.camera_g_umidita,49.0250900895,2026-08-12T10:00:00.000Z
sensor.camera_g_umidita,48.94146665025,2026-08-12T11:00:00.000Z
sensor.camera_g_umidita,49.01134044383334,2026-08-12T12:00:00.000Z
sensor.camera_g_umidita,49.066528990444446,2026-08-12T13:00:00.000Z
sensor.camera_g_umidita,49.1,2026-08-12T14:00:00.000Z
sensor.camera_g_umidita,49.10169694911111,2026-08-12T15:00:00.000Z
sensor.camera_g_umidita,49.13177903888889,2026-08-12T16:00:00.000Z
sensor.camera_g_umidita,49.1,2026-08-12T17:00:00.000Z
sensor.camera_g_umidita,49.06605237647222,2026-08-12T18:00:00.000Z
sensor.camera_g_umidita,49,2026-08-12T19:00:00.000Z
sensor.camera_g_umidita,49.06669703302777,2026-08-12T20:00:00.000Z
sensor.camera_g_umidita,49.17467344044445,2026-08-12T21:00:00.000Z
sensor.camera_g_umidita,49.13405399972223,2026-08-12T22:00:00.000Z
sensor.camera_g_umidita,49.059577095083334,2026-08-12T23:00:00.000Z
sensor.camera_g_umidita,48.90977081038889,2026-08-13T00:00:00.000Z
sensor.camera_g_umidita,48.826881984833335,2026-08-13T01:00:00.000Z
sensor.camera_g_umidita,48.79999999999999,2026-08-13T02:00:00.000Z
sensor.camera_g_umidita,48.76655557611111,2026-08-13T03:00:00.000Z
sensor.camera_g_umidita,48.846777865583334,2026-08-13T04:00:00.000Z
sensor.camera_g_umidita,48.86655546755555,2026-08-13T05:00:00.000Z
sensor.camera_g_umidita,48.99616886933333,2026-08-13T06:00:00.000Z
sensor.camera_g_umidita,48.98799932027777,2026-08-13T07:00:00.000Z
sensor.camera_g_umidita,48.68328615930556,2026-08-13T08:00:00.000Z
sensor.camera_g_umidita,48.149066463111104,2026-08-13T09:00:00.000Z
sensor.camera_g_umidita,48.08102084830556,2026-08-13T10:00:00.000Z
sensor.camera_g_umidita,47.94146645972222,2026-08-13T11:00:00.000Z
sensor.camera_g_umidita,47.948381951138884,2026-08-13T12:00:00.000Z
sensor.camera_g_umidita,47.934450708111115,2026-08-13T13:00:00.000Z
sensor.camera_g_umidita,48.04236310494445,2026-08-13T14:00:00.000Z
sensor.camera_g_umidita,48.12519521136111,2026-08-13T15:00:00.000Z
sensor.camera_g_umidita,48.24150303808333,2026-08-13T16:00:00.000Z
sensor.camera_g_umidita,48.3494777161111,2026-08-13T17:00:00.000Z
sensor.camera_g_umidita,48.46569283233333,2026-08-13T18:00:00.000Z
sensor.camera_g_umidita,48.56531194572222,2026-08-13T19:00:00.000Z
sensor.camera_g_umidita,48.65653051336111,2026-08-13T20:00:00.000Z
sensor.camera_g_umidita,48.70000000000001,2026-08-13T21:00:00.000Z
sensor.camera_g_umidita,48.605236344472225,2026-08-13T22:00:00.000Z
sensor.camera_g_umidita,48.50508355677778,2026-08-13T23:00:00.000Z
sensor.camera_g_umidita,48.64653446286112,2026-08-14T00:00:00.000Z
sensor.camera_g_umidita,48.64951791986112,2026-08-14T01:00:00.000Z
sensor.camera_g_umidita,48.42524709141666,2026-08-14T02:00:00.000Z
sensor.camera_g_umidita,48.19263466144445,2026-08-14T03:00:00.000Z
sensor.camera_g_umidita,48.12814629319445,2026-08-14T04:00:00.000Z
sensor.camera_g_umidita,48.21100648938889,2026-08-14T05:00:00.000Z
sensor.camera_g_umidita,48.58244565713889,2026-08-14T06:00:00.000Z
sensor.camera_g_umidita,45.36975201625,2026-08-14T07:00:00.000Z
sensor.camera_g_umidita,44.64507804916667,2026-08-14T08:00:00.000Z
sensor.camera_g_umidita,45.02559005444444,2026-08-14T09:00:00.000Z
sensor.camera_g_umidita,45.56710822,2026-08-14T10:00:00.000Z
sensor.camera_g_umidita,45.376905978083336,2026-08-14T11:00:00.000Z
sensor.camera_g_umidita,45.13374096380556,2026-08-14T12:00:00.000Z
sensor.camera_g_umidita,45.032640841888885,2026-08-14T13:00:00.000Z
sensor.camera_g_umidita,45.21137473933333,2026-08-14T14:00:00.000Z
sensor.camera_g_umidita,44.55845876833334,2026-08-14T15:00:00.000Z
sensor.camera_g_umidita,44.27505525633333,2026-08-14T16:00:00.000Z
sensor.camera_g_umidita,44.86602535508334,2026-08-14T17:00:00.000Z
sensor.camera_g_umidita,45.29220949752778,2026-08-14T18:00:00.000Z
sensor.camera_g_umidita,45.604325599111114,2026-08-14T19:00:00.000Z
sensor.camera_g_umidita,45.681941259722215,2026-08-14T20:00:00.000Z
sensor.camera_g_umidita,45.867868402361104,2026-08-14T21:00:00.000Z
sensor.camera_g_umidita,43.85596515519445,2026-08-14T22:00:00.000Z
sensor.camera_g_umidita,44.904975429277776,2026-08-14T23:00:00.000Z
sensor.camera_g_umidita,45.35426994555556,2026-08-15T00:00:00.000Z
sensor.camera_g_umidita,45.62769773322222,2026-08-15T01:00:00.000Z
sensor.camera_g_umidita,45.51452712908334,2026-08-15T02:00:00.000Z
sensor.camera_g_umidita,44.97902862280555,2026-08-15T03:00:00.000Z
sensor.camera_g_umidita,45.223056076527776,2026-08-15T04:00:00.000Z
sensor.camera_g_umidita,45.80994662830556,2026-08-15T05:00:00.000Z
sensor.camera_g_umidita,47.014267663249996,2026-08-15T06:00:00.000Z
sensor.camera_g_umidita,48.67672033088889,2026-08-15T07:00:00.000Z
sensor.camera_g_umidita,48.25210962458333,2026-08-15T08:00:00.000Z
sensor.camera_g_umidita,46.20880271586111,2026-08-15T09:00:00.000Z
sensor.camera_g_umidita,46.34795379847222,2026-08-15T10:00:00.000Z
sensor.camera_g_umidita,46.11378641997222,2026-08-15T11:00:00.000Z
sensor.camera_g_umidita,45.63679658477778,2026-08-15T12:00:00.000Z
sensor.camera_g_umidita,46.05766071791667,2026-08-15T13:00:00.000Z
sensor.camera_g_umidita,46.689725351944446,2026-08-15T14:00:00.000Z
sensor.camera_g_umidita,46.40383600791666,2026-08-15T15:00:00.000Z
sensor.camera_g_umidita,46.177915464722226,2026-08-15T16:00:00.000Z
sensor.camera_g_umidita,46.006429989111105,2026-08-15T17:00:00.000Z
sensor.camera_g_umidita,45.79049745072222,2026-08-15T18:00:00.000Z
sensor.camera_g_umidita,45.62054827216667,2026-08-15T19:00:00.000Z
sensor.camera_g_umidita,45.50418724363889,2026-08-15T20:00:00.000Z
sensor.camera_g_umidita,45.557124980277784,2026-08-15T21:00:00.000Z
sensor.camera_g_umidita,46.136700221888894,2026-08-15T22:00:00.000Z
sensor.camera_g_umidita,46.19696271327778,2026-08-15T23:00:00.000Z
sensor.camera_g_umidita,46.20000000000001,2026-08-16T00:00:00.000Z
sensor.camera_g_umidita,46.21861262091667,2026-08-16T01:00:00.000Z
sensor.camera_g_umidita,46.27491208666667,2026-08-16T02:00:00.000Z
sensor.camera_g_umidita,46.2,2026-08-16T02:24:11.723Z
sensor.camera_g_umidita,46.1,2026-08-16T02:59:19.929Z
sensor.camera_g_umidita,46.2,2026-08-16T03:29:26.936Z
sensor.camera_g_umidita,46.3,2026-08-16T04:19:40.903Z
sensor.camera_g_umidita,46.4,2026-08-16T04:39:44.882Z
sensor.camera_g_umidita,46.5,2026-08-16T04:59:48.943Z
sensor.camera_g_umidita,46.6,2026-08-16T05:19:53.873Z
sensor.camera_g_umidita,46.7,2026-08-16T07:05:16.765Z
sensor.camera_g_umidita,46.6,2026-08-16T07:20:19.910Z
sensor.camera_g_umidita,46.5,2026-08-16T07:40:24.900Z
sensor.camera_g_umidita,46.4,2026-08-16T08:00:28.876Z
sensor.camera_g_umidita,46.3,2026-08-16T08:15:31.730Z
sensor.camera_g_umidita,46.2,2026-08-16T08:35:37.746Z
sensor.camera_g_umidita,46.0,2026-08-16T08:50:40.906Z
sensor.camera_g_umidita,45.8,2026-08-16T09:10:44.884Z
sensor.camera_g_umidita,45.6,2026-08-16T09:30:48.875Z
sensor.camera_g_umidita,45.3,2026-08-16T09:45:51.773Z
sensor.camera_g_umidita,45.2,2026-08-16T10:05:55.772Z
sensor.camera_g_umidita,45.0,2026-08-16T10:41:02.975Z
sensor.camera_g_umidita,44.9,2026-08-16T11:01:08.886Z
sensor.camera_g_umidita,44.8,2026-08-16T11:36:15.738Z
sensor.camera_g_umidita,44.9,2026-08-16T12:31:26.994Z
sensor.camera_g_umidita,45.0,2026-08-16T13:26:38.759Z
sensor.camera_g_umidita,45.1,2026-08-16T13:46:43.749Z
sensor.camera_g_umidita,45.2,2026-08-16T14:06:47.741Z
sensor.camera_g_umidita,45.3,2026-08-16T14:26:53.777Z
sensor.camera_g_umidita,45.4,2026-08-16T14:41:56.870Z
sensor.camera_g_umidita,45.5,2026-08-16T15:22:05.879Z
sensor.camera_g_umidita,45.4,2026-08-16T16:12:15.883Z
sensor.camera_g_umidita,45.3,2026-08-16T16:32:19.914Z
sensor.camera_g_umidita,45.1,2026-08-16T16:52:23.908Z
sensor.camera_g_umidita,45.0,2026-08-16T17:12:28.894Z
sensor.camera_g_umidita,45.1,2026-08-16T17:47:37.725Z
sensor.camera_g_umidita,45.3,2026-08-16T18:02:40.874Z
sensor.camera_g_umidita,45.5,2026-08-16T18:17:44.747Z
sensor.camera_g_umidita,45.6,2026-08-16T18:32:47.908Z
sensor.camera_g_umidita,45.7,2026-08-16T19:07:56.738Z
sensor.camera_g_umidita,45.9,2026-08-16T20:13:12.878Z
sensor.camera_g_umidita,46.8,2026-08-16T20:33:16.883Z
sensor.camera_g_umidita,47.3,2026-08-16T20:48:19.734Z
sensor.camera_g_umidita,47.8,2026-08-16T21:08:23.754Z
sensor.camera_g_umidita,48.3,2026-08-16T21:28:28.745Z
sensor.camera_g_umidita,48.6,2026-08-16T21:43:32.900Z
sensor.camera_g_umidita,49.1,2026-08-16T21:58:35.734Z
sensor.camera_g_umidita,49.4,2026-08-16T22:13:38.924Z
sensor.camera_g_umidita,49.7,2026-08-16T22:33:43.864Z
sensor.camera_g_umidita,49.6,2026-08-16T23:28:55.721Z
sensor.camera_g_umidita,49.8,2026-08-17T00:19:07.742Z
sensor.camera_g_umidita,50.2,2026-08-17T00:34:10.875Z
sensor.camera_g_umidita,50.3,2026-08-17T00:54:15.862Z
sensor.camera_g_umidita,50.4,2026-08-17T01:09:19.732Z
sensor.camera_g_umidita,50.7,2026-08-17T01:29:24.734Z
sensor.camera_g_umidita,50.9,2026-08-17T01:44:28.953Z
sensor.camera_g_umidita,51.2,2026-08-17T02:04:33.861Z
sensor.camera_g_umidita,51.4,2026-08-17T02:24:39.131Z
sensor.camera_g_umidita,51.3,2026-08-17T02:39:42.746Z
sensor.camera_g_umidita,51.1,2026-08-17T02:54:45.865Z
sensor.camera_g_umidita,51.0,2026-08-17T03:14:50.954Z
sensor.camera_g_umidita,51.1,2026-08-17T03:29:54.748Z
sensor.camera_g_umidita,51.0,2026-08-17T04:20:07.769Z
sensor.camera_g_umidita,50.9,2026-08-17T04:40:12.756Z
sensor.camera_g_umidita,51.0,2026-08-17T04:55:15.930Z
sensor.camera_g_umidita,51.1,2026-08-17T05:30:23.740Z
sensor.camera_g_umidita,51.2,2026-08-17T05:50:29.765Z
sensor.camera_g_umidita,51.4,2026-08-17T06:20:35.743Z
sensor.camera_g_umidita,51.3,2026-08-17T06:55:43.895Z
sensor.camera_g_umidita,51.4,2026-08-17T07:15:48.919Z
sensor.camera_g_umidita,51.2,2026-08-17T07:30:52.758Z
sensor.camera_g_umidita,51.0,2026-08-17T07:50:56.743Z
sensor.camera_g_umidita,50.9,2026-08-17T08:11:00.754Z
sensor.camera_g_umidita,50.8,2026-08-17T08:26:03.918Z
sensor.camera_g_umidita,50.7,2026-08-17T08:46:08.905Z
sensor.camera_g_umidita,50.9,2026-08-17T09:21:15.700Z
sensor.camera_g_umidita,50.7,2026-08-17T09:56:23.885Z
sensor.camera_g_umidita,50.2,2026-08-17T10:16:28.867Z
sensor.camera_g_umidita,50.0,2026-08-17T10:36:32.872Z
sensor.camera_g_umidita,49.6,2026-08-17T10:51:35.745Z
sensor.camera_g_umidita,49.4,2026-08-17T11:11:39.732Z
sensor.camera_g_umidita,49.2,2026-08-17T11:26:42.859Z
sensor.camera_g_umidita,49.0,2026-08-17T11:46:46.871Z
sensor.camera_g_umidita,48.8,2026-08-17T12:06:50.945Z
sensor.camera_g_umidita,48.6,2026-08-17T12:21:55.730Z
sensor.camera_g_umidita,48.5,2026-08-17T12:42:04.739Z
sensor.camera_g_umidita,48.4,2026-08-17T12:57:08.891Z
sensor.camera_g_umidita,48.3,2026-08-17T13:12:11.719Z
sensor.camera_g_umidita,48.2,2026-08-17T13:32:16.716Z
sensor.camera_g_umidita,48.3,2026-08-17T14:07:25.951Z
sensor.camera_g_umidita,48.1,2026-08-17T14:57:36.888Z
sensor.camera_g_umidita,48.0,2026-08-17T15:17:40.959Z
sensor.camera_g_umidita,47.6,2026-08-17T15:32:44.745Z
sensor.camera_g_umidita,46.9,2026-08-17T15:52:49.739Z
sensor.camera_g_umidita,46.2,2026-08-17T16:07:52.916Z
sensor.camera_g_umidita,45.8,2026-08-17T16:22:55.721Z
sensor.camera_g_umidita,45.5,2026-08-17T16:43:01.761Z
sensor.camera_g_umidita,45.2,2026-08-17T16:58:05.912Z
sensor.camera_g_umidita,45.0,2026-08-17T17:13:09.750Z
sensor.camera_g_umidita,44.9,2026-08-17T17:33:14.726Z
sensor.camera_g_umidita,44.8,2026-08-17T17:48:17.953Z
sensor.camera_g_umidita,44.6,2026-08-17T18:08:23.880Z
sensor.camera_g_umidita,44.4,2026-08-17T18:23:27.758Z
sensor.camera_g_umidita,44.3,2026-08-17T18:43:32.721Z
sensor.camera_g_umidita,44.2,2026-08-17T18:58:36.910Z
sensor.camera_g_umidita,44.1,2026-08-17T19:33:45.767Z
sensor.camera_g_umidita,44.3,2026-08-17T19:53:49.745Z
sensor.camera_g_umidita,44.5,2026-08-17T20:28:59.901Z
sensor.camera_g_umidita,44.7,2026-08-17T20:44:03.753Z
sensor.camera_g_umidita,44.8,2026-08-17T20:59:07.851Z
sensor.camera_g_umidita,44.6,2026-08-17T21:39:21.848Z
sensor.camera_g_umidita,44.7,2026-08-17T22:14:30.746Z
sensor.camera_g_umidita,45.0,2026-08-17T22:34:34.800Z
sensor.camera_g_umidita,45.1,2026-08-17T22:49:38.877Z
sensor.camera_g_umidita,44.5,2026-08-17T23:29:48.877Z
sensor.camera_g_umidita,44.1,2026-08-17T23:49:52.978Z
sensor.camera_g_umidita,43.7,2026-08-18T00:04:56.726Z
sensor.camera_g_umidita,43.3,2026-08-18T00:25:00.772Z
sensor.camera_g_umidita,43.2,2026-08-18T00:45:05.751Z
sensor.camera_g_umidita,43.5,2026-08-18T01:00:09.875Z
sensor.camera_g_umidita,44.0,2026-08-18T01:15:12.774Z
sensor.camera_g_umidita,44.5,2026-08-18T01:35:16.729Z
sensor.camera_g_umidita,45.1,2026-08-18T01:50:20.894Z
sensor.camera_g_umidita,45.7,2026-08-18T02:10:24.965Z
sensor.camera_g_umidita,46.1,2026-08-18T02:30:34.865Z
sensor.camera_g_umidita,46.5,2026-08-18T02:45:37.730Z
sensor.camera_g_umidita,46.7,2026-08-18T03:05:42.753Z
sensor.camera_g_umidita,46.9,2026-08-18T03:20:45.905Z
sensor.camera_g_umidita,47.3,2026-08-18T03:40:49.988Z
sensor.camera_g_umidita,47.5,2026-08-18T03:55:53.729Z
sensor.camera_g_umidita,47.2,2026-08-18T04:15:57.730Z
sensor.camera_g_umidita,46.6,2026-08-18T04:31:00.973Z
sensor.camera_g_umidita,46.4,2026-08-18T05:21:12.887Z
sensor.camera_g_umidita,46.2,2026-08-18T05:41:16.932Z
sensor.camera_g_umidita,46.0,2026-08-18T05:56:20.807Z
sensor.camera_g_umidita,45.9,2026-08-18T06:16:27.762Z
sensor.camera_g_umidita,46.1,2026-08-18T06:36:33.785Z
sensor.camera_g_umidita,46.5,2026-08-18T06:51:37.902Z
sensor.camera_g_umidita,47.1,2026-08-18T07:11:42.897Z
sensor.camera_g_umidita,47.4,2026-08-18T07:31:46.912Z
sensor.camera_g_umidita,47.3,2026-08-18T07:46:49.772Z
sensor.camera_g_umidita,47.1,2026-08-18T08:06:54.768Z
sensor.camera_g_umidita,47.2,2026-08-18T08:21:58.886Z
sensor.camera_g_umidita,47.3,2026-08-18T08:42:03.943Z
sensor.camera_g_umidita,47.2,2026-08-18T09:02:09.963Z
sensor.camera_g_umidita,47.3,2026-08-18T09:17:13.761Z
sensor.camera_g_umidita,47.1,2026-08-18T09:52:24.925Z
sensor.camera_g_umidita,47.3,2026-08-18T10:27:34.756Z
sensor.camera_g_umidita,47.4,2026-08-18T10:42:38.055Z
sensor.camera_g_umidita,47.3,2026-08-18T11:02:42.911Z
sensor.camera_g_umidita,47.4,2026-08-18T11:37:54.762Z
sensor.camera_g_umidita,47.3,2026-08-18T11:57:59.768Z
sensor.camera_g_umidita,47.2,2026-08-18T12:13:03.952Z
sensor.camera_g_umidita,47.3,2026-08-18T13:03:15.988Z
sensor.camera_g_umidita,46.9,2026-08-18T13:23:21.918Z
sensor.camera_g_umidita,46.4,2026-08-18T13:38:25.759Z
sensor.camera_g_umidita,46.1,2026-08-18T13:58:31.811Z
sensor.camera_g_umidita,45.8,2026-08-18T14:13:44.057Z
sensor.camera_g_umidita,45.4,2026-08-18T14:33:49.017Z
sensor.camera_g_umidita,45.2,2026-08-18T14:48:52.756Z
sensor.camera_g_umidita,45.0,2026-08-18T15:08:58.744Z
sensor.camera_g_umidita,44.9,2026-08-18T15:24:03.046Z
sensor.camera_g_umidita,44.7,2026-08-18T15:44:07.918Z
sensor.camera_g_umidita,44.6,2026-08-18T15:59:10.763Z
sensor.camera_g_umidita,44.4,2026-08-18T16:19:14.754Z
sensor.camera_g_umidita,44.1,2026-08-18T16:34:17.990Z
sensor.camera_g_umidita,43.9,2026-08-18T16:54:22.898Z
sensor.camera_g_umidita,43.7,2026-08-18T17:14:27.933Z
sensor.camera_g_umidita,43.6,2026-08-18T17:34:32.941Z
sensor.camera_g_umidita,43.4,2026-08-18T18:29:46.802Z
sensor.camera_g_umidita,43.3,2026-08-18T18:49:51.762Z
sensor.camera_g_umidita,43.4,2026-08-18T19:09:55.771Z
sensor.camera_g_umidita,43.5,2026-08-18T19:24:58.909Z
sensor.camera_g_umidita,43.6,2026-08-18T20:20:13.774Z
sensor.camera_g_umidita,43.7,2026-08-18T20:35:17.891Z
sensor.camera_g_umidita,43.8,2026-08-18T20:55:21.962Z
sensor.camera_g_umidita,44.1,2026-08-18T21:15:27.949Z
sensor.camera_g_umidita,44.3,2026-08-18T21:30:31.750Z
sensor.camera_g_umidita,44.4,2026-08-18T21:45:35.929Z
sensor.camera_g_umidita,44.6,2026-08-18T22:05:40.902Z
sensor.camera_g_umidita,44.9,2026-08-18T22:20:44.762Z
sensor.camera_g_umidita,45.0,2026-08-18T22:35:48.937Z
sensor.camera_g_umidita,45.1,2026-08-18T22:50:53.741Z
sensor.camera_g_umidita,45.2,2026-08-18T23:10:57.733Z
sensor.camera_g_umidita,45.3,2026-08-18T23:26:00.956Z
sensor.camera_g_umidita,45.6,2026-08-19T00:01:11.794Z
sensor.camera_g_umidita,45.7,2026-08-19T00:21:16.768Z
sensor.camera_g_umidita,45.9,2026-08-19T00:56:26.937Z
sensor.camera_g_umidita,46.0,2026-08-19T01:16:32.906Z
sensor.camera_g_umidita,45.9,2026-08-19T01:36:41.033Z
sensor.camera_g_umidita,46.1,2026-08-19T01:51:44.752Z
sensor.camera_g_umidita,46.0,2026-08-19T02:11:53.747Z
sensor.camera_g_umidita,45.8,2026-08-19T02:26:56.998Z
sensor.camera_g_umidita,45.9,2026-08-19T03:02:07.790Z
sensor.camera_g_umidita,46.1,2026-08-19T03:22:12.783Z
sensor.camera_g_umidita,46.2,2026-08-19T03:37:15.928Z
sensor.camera_g_umidita,46.5,2026-08-19T03:57:21.972Z
sensor.camera_g_umidita,47.0,2026-08-19T04:17:28.001Z
sensor.camera_g_umidita,47.6,2026-08-19T04:37:33.913Z
sensor.camera_g_umidita,48.1,2026-08-19T04:52:37.797Z
sensor.camera_g_umidita,48.5,2026-08-19T05:07:41.043Z
sensor.camera_g_umidita,48.7,2026-08-19T05:22:44.760Z
sensor.camera_g_umidita,48.9,2026-08-19T05:37:47.978Z
sensor.camera_g_umidita,49.1,2026-08-19T05:52:51.739Z
sensor.camera_g_umidita,49.3,2026-08-19T06:07:55.916Z
sensor.camera_g_umidita,49.6,2026-08-19T06:28:00.895Z
sensor.camera_g_umidita,49.8,2026-08-19T06:43:04.792Z
sensor.camera_g_umidita,49.7,2026-08-19T07:03:10.775Z
sensor.camera_g_umidita,49.6,2026-08-19T07:18:15.033Z
sensor.camera_g_umidita,49.7,2026-08-19T07:38:20.987Z
sensor.camera_g_umidita,49.8,2026-08-19T07:58:26.901Z
sensor.camera_g_umidita,49.9,2026-08-19T08:13:30.770Z
sensor.camera_g_umidita,50.0,2026-08-19T08:28:33.933Z
sensor.camera_g_umidita,49.9,2026-08-19T08:48:39.921Z
sensor.camera_g_umidita,50.0,2026-08-19T09:08:43.915Z
sensor.camera_g_umidita,50.1,2026-08-19T09:28:47.909Z
sensor.camera_g_umidita,50.2,2026-08-19T09:43:50.802Z
sensor.camera_g_umidita,50.3,2026-08-19T10:19:00.955Z
sensor.camera_g_umidita,50.2,2026-08-19T10:54:10.782Z
sensor.camera_g_umidita,50.1,2026-08-19T11:14:16.766Z
sensor.camera_g_umidita,50.0,2026-08-19T11:29:21.018Z
sensor.camera_g_umidita,49.9,2026-08-19T11:44:24.799Z
sensor.camera_g_umidita,49.8,2026-08-19T12:04:29.751Z
sensor.camera_g_umidita,49.7,2026-08-19T12:34:38.833Z
sensor.camera_g_umidita,49.6,2026-08-19T13:29:55.011Z
sensor.camera_g_umidita,49.7,2026-08-19T14:40:16.963Z
sensor.camera_g_umidita,49.8,2026-08-19T15:15:25.798Z
sensor.camera_g_umidita,50.0,2026-08-19T16:10:41.357Z
sensor.camera_g_umidita,50.1,2026-08-19T16:45:50.757Z
sensor.camera_g_umidita,50.0,2026-08-19T18:31:20.937Z
sensor.camera_g_umidita,50.1,2026-08-19T18:51:26.912Z
sensor.camera_g_umidita,50.2,2026-08-19T19:21:33.908Z
sensor.camera_g_umidita,50.3,2026-08-19T20:01:44.915Z
sensor.camera_g_umidita,50.4,2026-08-19T20:21:48.992Z
sensor.camera_g_umidita,50.5,2026-08-19T20:41:54.982Z
sensor.camera_g_umidita,50.6,2026-08-19T20:56:59.787Z
sensor.camera_g_umidita,50.7,2026-08-19T21:32:09.941Z
sensor.camera_g_umidita,50.8,2026-08-19T21:52:14.931Z
sensor.camera_g_umidita,50.9,2026-08-19T22:07:19.773Z
sensor.camera_g_umidita,51.0,2026-08-19T22:27:29.808Z
sensor.camera_g_umidita,51.2,2026-08-19T23:02:39.996Z
sensor.camera_g_umidita,51.4,2026-08-19T23:42:52.893Z
sensor.camera_g_umidita,51.5,2026-08-19T23:57:56.784Z
sensor.camera_g_umidita,51.6,2026-08-20T00:13:00.003Z
sensor.camera_g_umidita,51.7,2026-08-20T00:33:05.931Z
sensor.camera_g_umidita,51.8,2026-08-20T01:43:25.965Z
sensor.camera_g_umidita,51.9,2026-08-20T02:03:30.883Z
sensor.camera_g_umidita,51.8,2026-08-20T03:18:47.741Z
sensor.camera_g_umidita,51.7,2026-08-20T03:38:52.740Z
sensor.camera_g_umidita,51.6,2026-08-20T03:58:58.778Z
sensor.camera_g_umidita,51.8,2026-08-20T04:14:03.045Z
sensor.camera_g_umidita,51.9,2026-08-20T05:04:16.944Z
sensor.camera_g_umidita,51.8,2026-08-20T05:19:20.819Z
sensor.camera_g_umidita,51.7,2026-08-20T05:39:25.765Z
sensor.camera_g_umidita,51.6,2026-08-20T05:59:31.758Z
sensor.camera_g_umidita,51.5,2026-08-20T06:14:35.969Z
sensor.camera_g_umidita,51.4,2026-08-20T06:29:39.767Z
sensor.camera_g_umidita,51.2,2026-08-20T06:49:44.772Z
sensor.camera_g_umidita,51.1,2026-08-20T07:04:48.950Z
sensor.camera_g_umidita,50.9,2026-08-20T07:24:54.939Z
sensor.camera_g_umidita,50.8,2026-08-20T07:45:00.930Z
sensor.camera_g_umidita,50.7,2026-08-20T08:00:06.788Z
sensor.camera_g_umidita,50.6,2026-08-20T08:35:14.967Z
sensor.camera_g_umidita,50.7,2026-08-20T10:20:46.765Z
sensor.camera_g_umidita,50.8,2026-08-20T10:55:55.917Z
sensor.camera_g_umidita,50.9,2026-08-20T11:36:03.917Z
sensor.camera_g_umidita,51.0,2026-08-20T11:51:07.788Z
sensor.camera_g_umidita,51.1,2026-08-20T12:11:13.761Z
sensor.camera_g_umidita,51.2,2026-08-20T12:31:17.780Z
sensor.camera_g_umidita,51.3,2026-08-20T12:46:21.021Z
sensor.camera_g_umidita,51.4,2026-08-20T13:47:05.942Z
sensor.camera_g_umidita,51.3,2026-08-20T14:02:10.768Z
sensor.camera_g_umidita,51.1,2026-08-20T14:32:18.777Z
sensor.camera_g_umidita,51.0,2026-08-20T14:47:21.948Z
sensor.camera_g_umidita,51.1,2026-08-20T15:07:27.917Z
sensor.camera_g_umidita,51.3,2026-08-20T15:22:30.811Z
sensor.camera_g_umidita,51.5,2026-08-20T15:42:35.769Z
sensor.camera_g_umidita,51.7,2026-08-20T15:57:39.909Z
sensor.camera_g_umidita,51.9,2026-08-20T16:12:42.788Z
sensor.camera_g_umidita,52.1,2026-08-20T16:32:46.780Z
sensor.camera_g_umidita,52.2,2026-08-20T16:47:49.964Z
sensor.camera_g_umidita,52.7,2026-08-20T17:02:53.799Z
sensor.camera_g_umidita,53.5,2026-08-20T17:22:59.797Z
sensor.camera_g_umidita,53.7,2026-08-20T17:43:05.783Z
sensor.camera_g_umidita,53.5,2026-08-20T18:33:18.807Z
sensor.camera_g_umidita,53.3,2026-08-20T18:48:22.908Z
sensor.camera_g_umidita,53.2,2026-08-20T19:08:26.943Z
sensor.camera_g_umidita,53.0,2026-08-20T19:28:33.001Z
sensor.camera_g_umidita,52.9,2026-08-20T19:43:36.762Z
sensor.camera_g_umidita,53.0,2026-08-20T20:03:41.789Z
sensor.camera_g_umidita,52.6,2026-08-20T20:53:55.877Z
sensor.camera_g_umidita,52.3,2026-08-20T21:09:00.010Z
sensor.camera_g_umidita,52.1,2026-08-20T21:24:04.884Z
sensor.camera_g_umidita,51.9,2026-08-20T21:44:10.916Z
sensor.camera_g_umidita,52.0,2026-08-20T21:59:15.060Z
sensor.camera_g_umidita,51.9,2026-08-20T22:34:25.867Z
sensor.camera_g_umidita,52.0,2026-08-20T22:49:30.069Z
sensor.camera_g_umidita,52.1,2026-08-20T23:24:40.881Z
sensor.camera_g_umidita,51.9,2026-08-21T00:35:02.937Z
sensor.camera_g_umidita,51.8,2026-08-21T00:50:08.118Z
sensor.camera_g_umidita,51.7,2026-08-21T01:20:17.136Z
sensor.camera_g_umidita,51.6,2026-08-21T01:55:27.899Z
sensor.camera_g_umidita,51.4,2026-08-21T02:15:34.869Z
sensor.camera_g_umidita,51.3,2026-08-21T02:50:45.021Z
sensor.camera_g_umidita,51.2,2026-08-21T03:10:52.034Z
sensor.camera_g_umidita,51.1,2026-08-21T04:01:08.083Z
sensor.camera_g_umidita,51.2,2026-08-21T04:16:12.871Z
sensor.camera_g_umidita,51.1,2026-08-21T04:36:18.881Z
sensor.camera_g_umidita,50.9,2026-08-21T05:26:33.905Z
sensor.camera_g_umidita,50.7,2026-08-21T05:46:40.869Z
sensor.camera_g_umidita,50.5,2026-08-21T06:06:46.932Z
sensor.camera_g_umidita,50.7,2026-08-21T06:21:52.021Z
sensor.camera_g_umidita,51.0,2026-08-21T06:36:56.932Z
sensor.camera_g_umidita,51.2,2026-08-21T06:52:02.040Z
sensor.camera_g_umidita,51.4,2026-08-21T07:12:09.011Z
sensor.camera_g_umidita,51.7,2026-08-21T07:27:13.905Z
sensor.camera_g_umidita,51.9,2026-08-21T07:47:19.904Z
sensor.camera_g_umidita,52.1,2026-08-21T08:07:26.908Z
sensor.camera_g_umidita,52.3,2026-08-21T08:22:30.908Z
sensor.camera_g_umidita,52.4,2026-08-21T08:42:34.924Z
sensor.camera_g_umidita,52.5,2026-08-21T09:17:48.832Z
sensor.camera_g_umidita,52.6,2026-08-21T10:28:07.841Z
sensor.camera_g_umidita,52.7,2026-08-21T10:43:10.982Z
sensor.camera_g_umidita,52.8,2026-08-21T11:03:16.921Z
sensor.camera_g_umidita,52.9,2026-08-21T11:18:20.827Z
sensor.camera_g_umidita,53.1,2026-08-21T11:33:23.921Z
sensor.camera_g_umidita,53.0,2026-08-21T11:53:27.943Z
sensor.camera_g_umidita,53.2,2026-08-21T12:08:32.762Z
sensor.camera_g_umidita,53.6,2026-08-21T12:28:38.835Z
sensor.camera_g_umidita,53.9,2026-08-21T12:43:42.002Z
sensor.camera_g_umidita,54.2,2026-08-21T12:58:45.789Z
sensor.camera_g_umidita,54.4,2026-08-21T13:13:49.988Z
sensor.camera_g_umidita,54.7,2026-08-21T13:33:55.953Z
sensor.camera_g_umidita,54.2,2026-08-21T13:48:59.797Z
sensor.camera_g_umidita,54.4,2026-08-21T14:29:11.983Z
sensor.camera_g_umidita,54.5,2026-08-21T14:44:16.927Z
sensor.camera_g_umidita,54.4,2026-08-21T15:04:22.913Z
sensor.camera_g_umidita,54.5,2026-08-21T15:54:34.949Z
sensor.camera_g_umidita,54.4,2026-08-21T16:14:40.905Z
sensor.camera_g_umidita,54.3,2026-08-21T16:49:49.778Z
sensor.camera_g_umidita,54.2,2026-08-21T17:24:59.941Z
sensor.camera_g_umidita,54.1,2026-08-21T17:40:05.789Z
sensor.camera_g_umidita,53.9,2026-08-21T17:55:08.948Z
sensor.camera_g_umidita,53.6,2026-08-21T18:15:13.987Z
sensor.camera_g_umidita,53.5,2026-08-21T18:35:20.043Z
sensor.camera_g_umidita,53.4,2026-08-21T18:50:24.759Z
sensor.camera_g_umidita,53.3,2026-08-21T19:10:30.799Z
sensor.camera_g_umidita,53.2,2026-08-21T19:45:39.917Z
sensor.camera_g_umidita,53.1,2026-08-21T20:15:46.977Z
sensor.camera_g_umidita,52.9,2026-08-21T20:30:51.798Z
sensor.camera_g_umidita,52.8,2026-08-21T21:21:04.785Z
sensor.camera_g_umidita,52.7,2026-08-21T21:36:08.911Z
sensor.camera_g_umidita,52.5,2026-08-21T21:56:13.927Z
sensor.camera_g_umidita,52.4,2026-08-21T22:11:18.797Z
sensor.camera_g_umidita,52.3,2026-08-21T22:31:24.764Z
sensor.camera_g_umidita,52.1,2026-08-21T22:46:28.889Z
sensor.camera_g_umidita,52.0,2026-08-21T23:06:32.899Z
sensor.camera_g_umidita,51.9,2026-08-21T23:21:35.808Z
sensor.camera_g_umidita,52.0,2026-08-21T23:41:40.779Z
sensor.camera_g_umidita,52.1,2026-08-21T23:56:44.962Z
sensor.camera_g_umidita,52.2,2026-08-22T00:31:53.793Z
sensor.camera_g_umidita,52.1,2026-08-22T00:46:57.966Z
sensor.camera_g_umidita,52.0,2026-08-22T01:22:07.767Z
sensor.camera_g_umidita,51.8,2026-08-22T01:37:10.997Z
sensor.camera_g_umidita,51.7,2026-08-22T01:57:15.970Z
sensor.camera_g_umidita,51.6,2026-08-22T03:37:39.971Z
sensor.camera_g_umidita,51.5,2026-08-22T04:07:47.918Z
sensor.camera_g_umidita,51.4,2026-08-22T04:27:52.987Z
sensor.camera_g_umidita,51.3,2026-08-22T04:47:58.921Z
sensor.camera_g_umidita,51.4,2026-08-22T05:18:05.919Z
sensor.camera_g_umidita,51.5,2026-08-22T05:38:10.919Z
sensor.camera_g_umidita,51.6,2026-08-22T05:53:14.802Z
sensor.camera_g_umidita,51.8,2026-08-22T06:43:25.785Z
sensor.camera_g_umidita,51.9,2026-08-22T07:03:30.821Z
sensor.camera_g_umidita,52.0,2026-08-22T07:43:42.803Z
sensor.camera_g_umidita,52.1,2026-08-22T07:58:45.932Z
sensor.camera_g_umidita,52.2,2026-08-22T08:18:51.979Z
sensor.camera_g_umidita,52.4,2026-08-22T08:33:56.783Z
sensor.camera_g_umidita,52.2,2026-08-22T08:49:00.921Z
sensor.camera_g_umidita,52.1,2026-08-22T09:04:04.818Z
sensor.camera_g_umidita,52.0,2026-08-22T09:24:10.835Z
sensor.camera_g_umidita,51.8,2026-08-22T09:39:14.932Z
sensor.camera_g_umidita,51.6,2026-08-22T09:54:19.811Z
sensor.camera_g_umidita,51.2,2026-08-22T10:09:22.933Z
sensor.camera_g_umidita,51.0,2026-08-22T10:24:27.771Z
sensor.camera_g_umidita,50.9,2026-08-22T10:44:33.768Z
sensor.camera_g_umidita,51.1,2026-08-22T10:59:37.000Z
sensor.camera_g_umidita,50.8,2026-08-22T11:19:42.915Z
sensor.camera_g_umidita,50.6,2026-08-22T11:34:46.794Z
sensor.camera_g_umidita,50.5,2026-08-22T11:54:52.801Z
sensor.camera_g_umidita,50.4,2026-08-22T12:50:07.994Z
sensor.camera_g_umidita,50.3,2026-08-22T13:05:12.760Z
sensor.camera_g_umidita,50.0,2026-08-22T13:25:26.777Z
sensor.camera_g_umidita,49.9,2026-08-22T13:45:31.769Z
sensor.camera_g_umidita,50.0,2026-08-22T14:00:34.966Z
sensor.camera_g_umidita,49.6,2026-08-22T14:20:40.898Z
sensor.camera_g_umidita,49.4,2026-08-22T14:40:45.924Z
sensor.camera_g_umidita,49.2,2026-08-22T14:55:48.782Z
sensor.camera_g_umidita,48.8,2026-08-22T15:15:58.784Z
sensor.camera_g_umidita,48.9,2026-08-22T15:31:03.002Z
sensor.camera_g_umidita,48.6,2026-08-22T15:46:06.797Z
sensor.camera_g_umidita,48.4,2026-08-22T16:01:09.942Z
sensor.camera_g_umidita,48.2,2026-08-22T16:16:14.787Z
sensor.camera_g_umidita,48.0,2026-08-22T16:31:17.934Z
sensor.camera_g_umidita,47.8,2026-08-22T17:06:28.792Z
sensor.camera_g_umidita,47.5,2026-08-22T17:26:34.791Z
sensor.camera_g_umidita,47.4,2026-08-22T17:41:38.932Z
sensor.camera_g_umidita,47.3,2026-08-22T18:01:44.943Z
sensor.camera_g_umidita,47.4,2026-08-22T18:21:49.939Z
sensor.camera_g_umidita,47.5,2026-08-22T18:41:55.924Z
sensor.camera_g_umidita,47.7,2026-08-22T19:17:04.778Z
sensor.camera_g_umidita,47.9,2026-08-22T19:32:07.922Z
sensor.camera_g_umidita,48.2,2026-08-22T19:52:11.966Z
sensor.camera_g_umidita,48.3,2026-08-22T20:22:18.903Z
sensor.camera_g_umidita,48.4,2026-08-22T20:37:22.757Z
sensor.camera_g_umidita,48.9,2026-08-22T20:57:27.759Z
sensor.camera_g_umidita,49.2,2026-08-22T21:12:31.988Z
sensor.camera_g_umidita,49.0,2026-08-22T21:27:36.785Z
sensor.camera_g_umidita,48.9,2026-08-22T21:47:41.770Z
sensor.camera_g_umidita,49.0,2026-08-22T22:37:58.757Z
sensor.camera_g_umidita,48.9,2026-08-23T00:38:28.777Z
sensor.camera_g_umidita,49.0,2026-08-23T00:53:32.919Z
sensor.camera_g_umidita,48.9,2026-08-23T02:03:51.923Z
sensor.camera_g_umidita,49.1,2026-08-23T02:39:00.820Z
sensor.camera_g_umidita,49.3,2026-08-23T02:54:04.985Z
sensor.camera_g_umidita,49.4,2026-08-23T03:14:09.938Z
sensor.camera_g_umidita,49.7,2026-08-23T03:44:19.005Z
sensor.camera_g_umidita,49.6,2026-08-23T04:04:28.889Z
sensor.camera_g_umidita,49.8,2026-08-23T04:24:32.998Z
sensor.camera_g_umidita,49.9,2026-08-23T04:39:37.776Z
sensor.camera_g_umidita,50.3,2026-08-23T05:14:47.929Z
sensor.camera_g_umidita,50.4,2026-08-23T05:29:52.741Z
sensor.camera_g_umidita,50.3,2026-08-23T06:05:03.945Z
sensor.camera_g_umidita,50.2,2026-08-23T06:20:07.745Z
sensor.camera_g_umidita,50.1,2026-08-23T06:35:10.979Z
sensor.camera_g_umidita,50.0,2026-08-23T07:10:21.780Z
sensor.camera_g_umidita,49.9,2026-08-23T07:25:25.900Z
sensor.camera_g_umidita,49.8,2026-08-23T08:15:38.909Z
sensor.camera_g_umidita,49.7,2026-08-23T08:55:49.960Z
sensor.camera_g_umidita,49.6,2026-08-23T11:21:29.791Z
sensor.camera_g_umidita,49.7,2026-08-23T11:56:37.974Z
sensor.camera_g_umidita,49.6,2026-08-23T12:16:42.925Z
sensor.camera_g_umidita,49.7,2026-08-23T12:36:47.971Z
sensor.camera_g_umidita,49.8,2026-08-23T13:32:04.842Z
sensor.camera_g_umidita,49.7,2026-08-23T14:07:12.931Z
sensor.camera_g_umidita,49.8,2026-08-23T14:22:16.818Z
sensor.camera_g_umidita,49.7,2026-08-23T14:42:28.774Z
sensor.camera_g_umidita,49.8,2026-08-23T15:37:47.922Z
sensor.camera_g_umidita,49.7,2026-08-23T16:33:03.839Z
sensor.camera_g_umidita,49.8,2026-08-23T16:48:08.001Z
sensor.camera_g_umidita,49.7,2026-08-23T17:08:13.914Z
sensor.camera_g_umidita,49.8,2026-08-23T17:28:18.983Z
sensor.camera_g_umidita,49.9,2026-08-23T19:53:55.795Z
sensor.camera_g_umidita,50.0,2026-08-23T20:29:04.919Z
sensor.camera_g_umidita,50.1,2026-08-23T21:04:15.803Z
sensor.camera_g_umidita,50.2,2026-08-23T21:39:25.957Z
sensor.camera_g_umidita,50.6,2026-08-23T22:29:37.978Z
sensor.camera_g_umidita,50.7,2026-08-23T22:59:45.995Z
sensor.camera_g_umidita,50.8,2026-08-23T23:39:56.906Z
sensor.camera_g_umidita,50.9,2026-08-24T00:15:05.779Z
sensor.camera_g_umidita,50.8,2026-08-24T00:35:10.860Z
sensor.camera_g_umidita,50.9,2026-08-24T00:50:14.986Z
sensor.camera_g_umidita,50.8,2026-08-24T02:00:31.911Z
sensor.camera_g_umidita,50.9,2026-08-24T04:51:19.917Z
sensor.camera_g_umidita,50.8,2026-08-24T05:06:23.831Z
sensor.camera_g_umidita,50.9,2026-08-24T05:41:33.950Z
sensor.camera_g_umidita,51.0,2026-08-24T06:01:39.909Z
sensor.camera_g_umidita,51.1,2026-08-24T06:36:48.815Z
sensor.camera_g_umidita,51.2,2026-08-24T07:27:03.816Z
sensor.camera_g_umidita,51.1,2026-08-24T07:42:07.923Z
sensor.camera_g_umidita,51.2,2026-08-24T08:02:12.960Z
sensor.camera_g_umidita,51.1,2026-08-24T12:23:41.037Z
sensor.camera_g_umidita,51.0,2026-08-24T13:18:57.776Z
sensor.camera_g_umidita,50.9,2026-08-24T13:54:07.993Z
sensor.camera_g_umidita,50.8,2026-08-24T15:24:30.918Z
sensor.camera_g_umidita,50.7,2026-08-24T15:59:38.773Z
sensor.camera_g_umidita,50.6,2026-08-24T16:39:50.829Z
sensor.camera_g_umidita,50.5,2026-08-24T16:59:56.781Z
sensor.camera_g_umidita,50.4,2026-08-24T18:45:30.947Z
sensor.camera_g_umidita,50.5,2026-08-24T19:05:36.951Z
sensor.camera_g_umidita,50.4,2026-08-24T20:36:09.950Z
sensor.camera_g_umidita,50.5,2026-08-24T21:31:30.002Z
sensor.camera_g_umidita,50.6,2026-08-24T21:51:36.779Z
sensor.camera_g_umidita,51.0,2026-08-24T22:11:42.846Z
sensor.camera_g_umidita,50.9,2026-08-24T22:31:48.782Z
sensor.camera_g_umidita,51.0,2026-08-24T23:42:09.799Z
sensor.camera_g_umidita,51.1,2026-08-25T00:27:20.972Z
sensor.camera_g_umidita,51.2,2026-08-25T00:47:27.003Z
sensor.camera_g_umidita,51.3,2026-08-25T01:02:30.784Z
sensor.camera_g_umidita,51.5,2026-08-25T01:22:36.805Z
sensor.camera_g_umidita,51.6,2026-08-25T01:37:39.943Z
sensor.camera_g_umidita,51.7,2026-08-25T02:32:54.781Z
sensor.camera_g_umidita,51.8,2026-08-25T04:08:18.909Z
sensor.camera_g_umidita,51.7,2026-08-25T05:18:35.925Z
sensor.camera_g_umidita,51.8,2026-08-25T05:53:46.773Z
sensor.camera_g_umidita,51.9,2026-08-25T06:08:51.003Z
sensor.camera_g_umidita,52.0,2026-08-25T06:28:56.923Z
sensor.camera_g_umidita,51.8,2026-08-25T06:43:59.793Z
sensor.camera_g_umidita,51.9,2026-08-25T07:19:07.958Z
sensor.camera_g_umidita,51.8,2026-08-25T07:39:13.929Z
sensor.camera_g_umidita,52.0,2026-08-25T07:54:18.784Z
sensor.camera_g_umidita,52.2,2026-08-25T08:14:23.796Z
sensor.camera_g_umidita,52.4,2026-08-25T08:29:27.917Z
sensor.camera_g_umidita,52.5,2026-08-25T09:09:38.939Z
sensor.camera_g_umidita,52.6,2026-08-25T09:44:48.781Z
sensor.camera_g_umidita,52.7,2026-08-25T10:19:57.973Z
sensor.camera_g_umidita,52.6,2026-08-25T10:55:07.796Z
sensor.camera_g_umidita,52.5,2026-08-25T11:15:13.810Z
sensor.camera_g_umidita,52.6,2026-08-25T11:55:25.799Z
sensor.camera_g_umidita,52.5,2026-08-25T12:45:41.781Z
sensor.camera_g_umidita,52.4,2026-08-25T13:15:49.789Z
sensor.camera_g_umidita,52.5,2026-08-25T13:56:01.795Z
sensor.camera_g_umidita,52.4,2026-08-25T14:31:10.914Z
sensor.camera_g_umidita,52.3,2026-08-25T15:36:28.766Z
sensor.camera_g_umidita,52.4,2026-08-25T16:11:35.957Z
sensor.camera_g_umidita,52.5,2026-08-25T16:31:40.913Z
sensor.camera_g_umidita,52.6,2026-08-25T17:42:00.972Z
sensor.camera_g_umidita,52.7,2026-08-25T19:47:35.789Z
sensor.camera_g_umidita,52.8,2026-08-25T20:37:49.768Z
sensor.camera_g_umidita,52.9,2026-08-25T21:12:59.903Z
sensor.camera_g_umidita,53.3,2026-08-25T21:28:03.792Z
sensor.camera_g_umidita,53.5,2026-08-25T21:48:07.740Z
sensor.camera_g_umidita,53.6,2026-08-25T22:23:16.940Z
sensor.camera_g_umidita,53.7,2026-08-25T22:38:20.756Z
sensor.camera_g_umidita,53.8,2026-08-25T23:18:31.765Z
sensor.camera_g_umidita,53.9,2026-08-25T23:48:40.775Z
sensor.camera_g_umidita,54.0,2026-08-26T00:03:45.008Z
sensor.camera_g_umidita,54.1,2026-08-26T00:23:49.970Z
sensor.camera_g_umidita,54.2,2026-08-26T00:38:53.754Z
sensor.camera_g_umidita,54.3,2026-08-26T01:29:05.797Z
sensor.camera_g_umidita,54.4,2026-08-26T01:44:09.930Z
sensor.camera_g_umidita,54.5,2026-08-26T03:14:37.936Z
sensor.camera_g_umidita,54.4,2026-08-26T03:29:42.768Z
sensor.camera_g_umidita,54.5,2026-08-26T03:49:48.788Z
sensor.camera_g_umidita,54.4,2026-08-26T04:04:52.018Z
sensor.camera_g_umidita,54.6,2026-08-26T05:00:08.791Z
sensor.camera_g_umidita,54.9,2026-08-26T05:20:14.782Z
sensor.camera_g_umidita,55.0,2026-08-26T05:40:20.806Z
sensor.camera_g_umidita,54.8,2026-08-26T05:55:24.946Z
sensor.camera_g_umidita,55.6,2026-08-26T06:15:30.030Z
sensor.camera_g_umidita,55.4,2026-08-26T06:30:34.791Z
sensor.camera_g_umidita,55.2,2026-08-26T06:45:38.997Z
sensor.camera_g_umidita,55.0,2026-08-26T07:05:44.927Z
sensor.camera_g_umidita,54.8,2026-08-26T07:25:50.962Z
sensor.camera_g_umidita,54.7,2026-08-26T07:40:55.778Z
sensor.camera_g_umidita,54.6,2026-08-26T08:01:01.811Z
sensor.camera_g_umidita,54.5,2026-08-26T08:36:11.982Z
sensor.camera_g_umidita,54.4,2026-08-26T09:26:26.988Z
sensor.camera_g_umidita,54.3,2026-08-26T10:01:37.794Z
sensor.camera_g_umidita,54.2,2026-08-26T11:11:57.827Z
sensor.camera_g_umidita,54.1,2026-08-26T12:38:06.033Z
sensor.camera_g_umidita,54.2,2026-08-26T12:53:10.795Z
sensor.camera_g_umidita,54.1,2026-08-26T13:08:14.934Z
binary_sensor.camera_giulia_potenza,off,2026-08-04T12:32:39.964Z
binary_sensor.camera_giulia_connettivita,on,2026-08-04T12:32:39.965Z
binary_sensor.camera_giulia_sovrapponi,on,2026-08-04T12:32:39.965Z
binary_sensor.camera_giulia_finestra,off,2026-08-04T12:32:39.965Z
binary_sensor.camera_giulia_inizio_anticipato,off,2026-08-04T12:32:39.965Z
sensor.camera_giulia_modalita_tado,HOME,2026-08-04T12:32:39.975Z
switch.camera_giulia_child_lock,on,2026-08-04T12:32:39.982Z
