entity_id,state,last_changed,current_temperature,hvac_action,target_temp_high,target_temp_low,temperature
sensor.camera_elena_riscaldamento,0,2025-12-31T23:00:00.000Z
sensor.camera_elena_riscaldamento,1.2568875050000001,2026-01-01T00:00:00.000Z
sensor.camera_elena_riscaldamento,17.457025676944443,2026-01-01T01:00:00.000Z
sensor.camera_elena_riscaldamento,56.04918267,2026-01-01T02:00:00.000Z
sensor.camera_elena_riscaldamento,50.77368603333333,2026-01-01T03:00:00.000Z
sensor.camera_elena_riscaldamento,0.26918836416666664,2026-01-01T04:00:00.000Z
sensor.camera_elena_riscaldamento,48.30073786111111,2026-01-01T05:00:00.000Z
sensor.camera_elena_riscaldamento,9.398578997222222,2026-01-01T06:00:00.000Z
sensor.camera_elena_riscaldamento,0,2026-01-01T07:00:00.000Z
sensor.camera_elena_riscaldamento,0,2026-01-01T08:00:00.000Z
sensor.camera_elena_riscaldamento,0.6199690566666667,2026-01-01T09:00:00.000Z
sensor.camera_elena_riscaldamento,25.85736044222222,2026-01-01T10:00:00.000Z
sensor.camera_elena_riscaldamento,8.15464932861111,2026-01-01T11:00:00.000Z
sensor.camera_elena_riscaldamento,2.7112911225,2026-01-01T12:00:00.000Z
sensor.camera_elena_riscaldamento,32.85708696,2026-01-01T13:00:00.000Z
sensor.camera_elena_riscaldamento,6.9292170875,2026-01-01T14:00:00.000Z
sensor.camera_elena_riscaldamento,41.31720814861111,2026-01-01T15:00:00.000Z
sensor.camera_elena_riscaldamento,0,2026-01-01T16:00:00.000Z
sensor.camera_elena_riscaldamento,0,2026-01-01T17:00:00.000Z
sensor.camera_elena_riscaldamento,5.574031918333334,2026-01-02T03:00:00.000Z
sensor.camera_elena_riscaldamento,32.92059140916667,2026-01-02T04:00:00.000Z
sensor.camera_elena_riscaldamento,82.19611534972222,2026-01-02T05:00:00.000Z
sensor.camera_elena_riscaldamento,17.478695393888888,2026-01-02T06:00:00.000Z
sensor.camera_elena_riscaldamento,0,2026-01-02T07:00:00.000Z
sensor.camera_elena_riscaldamento,0,2026-01-02T08:00:00.000Z
sensor.camera_elena_riscaldamento,0.3354764622222222,2026-01-02T10:00:00.000Z
sensor.camera_elena_riscaldamento,11.756947724444444,2026-01-02T11:00:00.000Z
sensor.camera_elena_riscaldamento,55.63110305805555,2026-01-02T12:00:00.000Z
sensor.camera_elena_riscaldamento,98.68574604833333,2026-01-02T13:00:00.000Z
sensor.camera_elena_riscaldamento,100,2026-01-02T14:00:00.000Z
sensor.camera_elena_riscaldamento,57.95340888333333,2026-01-02T15:00:00.000Z
sensor.camera_elena_riscaldamento,0,2026-01-02T16:00:00.000Z
sensor.camera_elena_riscaldamento,0,2026-01-02T17:00:00.000Z
sensor.camera_elena_riscaldamento,2.344708998333333,2026-01-03T03:00:00.000Z
sensor.camera_elena_riscaldamento,5.09815884,2026-01-03T04:00:00.000Z
sensor.camera_elena_riscaldamento,14.210256363333334,2026-01-03T05:00:00.000Z
sensor.camera_elena_riscaldamento,34.18958899861111,2026-01-03T06:00:00.000Z
sensor.camera_elena_riscaldamento,96.747572465,2026-01-03T07:00:00.000Z
sensor.camera_elena_riscaldamento,69.81370016194444,2026-01-03T08:00:00.000Z
sensor.camera_elena_riscaldamento,0,2026-01-03T09:00:00.000Z
sensor.camera_elena_riscaldamento,0,2026-01-03T10:00:00.000Z
sensor.camera_elena_riscaldamento,0.12992098500000002,2026-01-04T04:00:00.000Z
sensor.camera_elena_riscaldamento,10.578371763055555,2026-01-04T05:00:00.000Z
sensor.camera_elena_riscaldamento,41.14341357666667,2026-01-04T06:00:00.000Z
sensor.camera_elena_riscaldamento,74.3016169738889,2026-01-04T07:00:00.000Z
sensor.camera_elena_riscaldamento,56.85515483444445,2026-01-04T08:00:00.000Z
sensor.camera_elena_riscaldamento,0,2026-01-04T09:00:00.000Z
sensor.camera_elena_riscaldamento,0,2026-01-04T10:00:00.000Z
sensor.camera_elena_riscaldamento,41.80942389027778,2026-01-05T05:00:00.000Z
sensor.camera_elena_riscaldamento,26.81210004722222,2026-01-05T06:00:00.000Z
sensor.camera_elena_riscaldamento,0,2026-01-05T07:00:00.000Z
sensor.camera_elena_riscaldamento,0,2026-01-05T08:00:00.000Z
sensor.camera_elena_riscaldamento,2.010060745,2026-01-05T11:00:00.000Z
sensor.camera_elena_riscaldamento,0,2026-01-05T12:00:00.000Z
sensor.camera_elena_riscaldamento,0,2026-01-05T13:00:00.000Z
sensor.camera_elena_riscaldamento,52.93807478944444,2026-01-05T15:00:00.000Z
sensor.camera_elena_riscaldamento,1.3011715208333334,2026-01-05T16:00:00.000Z
sensor.camera_elena_riscaldamento,0,2026-01-05T17:00:00.000Z
sensor.camera_elena_riscaldamento,0,2026-01-05T18:00:00.000Z
sensor.camera_elena_riscaldamento,1.7330194333333333,2026-01-06T03:00:00.000Z
sensor.camera_elena_riscaldamento,15.434696494999999,2026-01-06T04:00:00.000Z
sensor.camera_elena_riscaldamento,42.002582106944445,2026-01-06T05:00:00.000Z
sensor.camera_elena_riscaldamento,48,2026-01-06T06:00:00.000Z
sensor.camera_elena_riscaldamento,48,2026-01-06T07:00:00.000Z
sensor.camera_elena_riscaldamento,11.722851773333334,2026-01-06T08:00:00.000Z
sensor.camera_elena_riscaldamento,0,2026-01-06T09:00:00.000Z
sensor.camera_elena_riscaldamento,0,2026-01-06T10:00:00.000Z
sensor.camera_elena_riscaldamento,5.056529311111111,2026-01-06T11:00:00.000Z
sensor.camera_elena_riscaldamento,37.59686287333333,2026-01-06T12:00:00.000Z
sensor.camera_elena_riscaldamento,71.01927962861112,2026-01-06T13:00:00.000Z
sensor.camera_elena_riscaldamento,90.37617673694444,2026-01-06T14:00:00.000Z
sensor.camera_elena_riscaldamento,47.061327596666665,2026-01-06T15:00:00.000Z
sensor.camera_elena_riscaldamento,0,2026-01-06T16:00:00.000Z
sensor.camera_elena_riscaldamento,0,2026-01-06T17:00:00.000Z
sensor.camera_elena_riscaldamento,0.5034014800000001,2026-01-07T02:00:00.000Z
sensor.camera_elena_riscaldamento,1.7203890333333334,2026-01-07T03:00:00.000Z
sensor.camera_elena_riscaldamento,17.109995335277777,2026-01-07T04:00:00.000Z
sensor.camera_elena_riscaldamento,46.660746145,2026-01-07T05:00:00.000Z
sensor.camera_elena_riscaldamento,10.920145755,2026-01-07T06:00:00.000Z
sensor.camera_elena_riscaldamento,0,2026-01-07T07:00:00.000Z
sensor.camera_elena_riscaldamento,0,2026-01-07T08:00:00.000Z
sensor.camera_elena_riscaldamento,0.17886120111111112,2026-01-07T10:00:00.000Z
sensor.camera_elena_riscaldamento,11.539987997499999,2026-01-07T11:00:00.000Z
sensor.camera_elena_riscaldamento,43.87635615527778,2026-01-07T12:00:00.000Z
sensor.camera_elena_riscaldamento,85.464907335,2026-01-07T13:00:00.000Z
sensor.camera_elena_riscaldamento,100,2026-01-07T14:00:00.000Z
sensor.camera_elena_riscaldamento,51.7765992525,2026-01-07T15:00:00.000Z
sensor.camera_elena_riscaldamento,0,2026-01-07T16:00:00.000Z
sensor.camera_elena_riscaldamento,0,2026-01-07T17:00:00.000Z
sensor.camera_elena_riscaldamento,0.9500135633333334,2026-01-08T03:00:00.000Z
sensor.camera_elena_riscaldamento,16.57709662527778,2026-01-08T04:00:00.000Z
sensor.camera_elena_riscaldamento,66.58839835916667,2026-01-08T05:00:00.000Z
sensor.camera_elena_riscaldamento,1.620236135,2026-01-08T06:00:00.000Z
sensor.camera_elena_riscaldamento,0,2026-01-08T07:00:00.000Z
sensor.camera_elena_riscaldamento,0,2026-01-08T08:00:00.000Z
sensor.camera_elena_riscaldamento,7.888673197222222,2026-01-08T11:00:00.000Z
sensor.camera_elena_riscaldamento,39.09223058027778,2026-01-08T12:00:00.000Z
sensor.camera_elena_riscaldamento,58.640125609444446,2026-01-08T13:00:00.000Z
sensor.camera_elena_riscaldamento,0,2026-01-08T14:00:00.000Z
sensor.camera_elena_riscaldamento,28.69320566361111,2026-01-08T15:00:00.000Z
sensor.camera_elena_riscaldamento,0,2026-01-08T16:00:00.000Z
sensor.camera_elena_riscaldamento,0,2026-01-08T17:00:00.000Z
sensor.camera_elena_riscaldamento,0.16771662555555555,2026-01-09T04:00:00.000Z
sensor.camera_elena_riscaldamento,9.312234757499999,2026-01-09T05:00:00.000Z
sensor.camera_elena_riscaldamento,0,2026-01-09T06:00:00.000Z
sensor.camera_elena_riscaldamento,0,2026-01-09T07:00:00.000Z
sensor.camera_elena_riscaldamento,5.329115669166667,2026-01-09T11:00:00.000Z
sensor.camera_elena_riscaldamento,30.61066292888889,2026-01-09T12:00:00.000Z
sensor.camera_elena_riscaldamento,71.83950024444444,2026-01-09T13:00:00.000Z
sensor.camera_elena_riscaldamento,100,2026-01-09T14:00:00.000Z
sensor.camera_elena_riscaldamento,50.762211345,2026-01-09T15:00:00.000Z
sensor.camera_elena_riscaldamento,0,2026-01-09T16:00:00.000Z
sensor.camera_elena_riscaldamento,0,2026-01-09T17:00:00.000Z
sensor.camera_elena_riscaldamento,1.9782707916666666,2026-01-10T06:00:00.000Z
sensor.camera_elena_riscaldamento,92.0659797111111,2026-01-10T07:00:00.000Z
sensor.camera_elena_riscaldamento,49.23651183222222,2026-01-10T08:00:00.000Z
sensor.camera_elena_riscaldamento,0,2026-01-10T09:00:00.000Z
sensor.camera_elena_riscaldamento,0,2026-01-10T10:00:00.000Z
sensor.camera_elena_riscaldamento,2.8169124149999996,2026-01-11T05:00:00.000Z
sensor.camera_elena_riscaldamento,23.56674512972222,2026-01-11T06:00:00.000Z
sensor.camera_elena_riscaldamento,54.770074801944446,2026-01-11T07:00:00.000Z
sensor.camera_elena_riscaldamento,25.887600054444444,2026-01-11T08:00:00.000Z
sensor.camera_elena_riscaldamento,0,2026-01-11T09:00:00.000Z
sensor.camera_elena_riscaldamento,0,2026-01-11T10:00:00.000Z
sensor.camera_elena_riscaldamento,1.257022895,2026-01-11T17:00:00.000Z
sensor.camera_elena_riscaldamento,0,2026-01-11T18:00:00.000Z
sensor.camera_elena_riscaldamento,0.838781675,2026-01-11T19:00:00.000Z
sensor.camera_elena_riscaldamento,0,2026-01-11T20:00:00.000Z
sensor.camera_elena_riscaldamento,0,2026-01-11T21:00:00.000Z
sensor.camera_elena_riscaldamento,44.034786742222224,2026-01-12T05:00:00.000Z
sensor.camera_elena_riscaldamento,4.539243656111111,2026-01-12T06:00:00.000Z
sensor.camera_elena_riscaldamento,0,2026-01-12T07:00:00.000Z
sensor.camera_elena_riscaldamento,0,2026-01-12T08:00:00.000Z
sensor.camera_elena_riscaldamento,1.395170675277778,2026-01-12T13:00:00.000Z
sensor.camera_elena_riscaldamento,9.30251638388889,2026-01-12T14:00:00.000Z
sensor.camera_elena_riscaldamento,75.88139285972223,2026-01-12T15:00:00.000Z
sensor.camera_elena_riscaldamento,0.8328443277777778,2026-01-12T16:00:00.000Z
sensor.camera_elena_riscaldamento,0,2026-01-12T17:00:00.000Z
sensor.camera_elena_riscaldamento,0,2026-01-12T18:00:00.000Z
sensor.camera_elena_riscaldamento,5.748220151388889,2026-01-12T19:00:00.000Z
sensor.camera_elena_riscaldamento,5.740276396388889,2026-01-12T20:00:00.000Z
sensor.camera_elena_riscaldamento,0,2026-01-12T21:00:00.000Z
sensor.camera_elena_riscaldamento,0,2026-01-12T22:00:00.000Z
sensor.camera_elena_riscaldamento,1.0068280216666665,2026-01-13T04:00:00.000Z
sensor.camera_elena_riscaldamento,0,2026-01-13T05:00:00.000Z
sensor.camera_elena_riscaldamento,0,2026-01-13T06:00:00.000Z
sensor.camera_elena_riscaldamento,1.5101098650000002,2026-01-13T07:00:00.000Z
sensor.camera_elena_riscaldamento,0,2026-01-13T08:00:00.000Z
sensor.camera_elena_riscaldamento,0,2026-01-13T09:00:00.000Z
sensor.camera_elena_riscaldamento,4.147755524444444,2026-01-13T12:00:00.000Z
sensor.camera_elena_riscaldamento,23.552519669444447,2026-01-13T13:00:00.000Z
sensor.camera_elena_riscaldamento,57.57357845861111,2026-01-13T14:00:00.000Z
sensor.camera_elena_riscaldamento,76.75131204111112,2026-01-13T15:00:00.000Z
sensor.camera_elena_riscaldamento,2.7338072255555557,2026-01-13T16:00:00.000Z
sensor.camera_elena_riscaldamento,0,2026-01-13T17:00:00.000Z
sensor.camera_elena_riscaldamento,0,2026-01-13T18:00:00.000Z
sensor.camera_elena_riscaldamento,2.7685426511111113,2026-01-13T20:00:00.000Z
sensor.camera_elena_riscaldamento,0,2026-01-13T21:00:00.000Z
sensor.camera_elena_riscaldamento,0,2026-01-13T22:00:00.000Z
sensor.camera_elena_riscaldamento,48.69113008333333,2026-01-14T05:00:00.000Z
sensor.camera_elena_riscaldamento,23.034332950000003,2026-01-14T06:00:00.000Z
sensor.camera_elena_riscaldamento,0,2026-01-14T07:00:00.000Z
sensor.camera_elena_riscaldamento,0,2026-01-14T08:00:00.000Z
sensor.camera_elena_riscaldamento,0.08386474166666667,2026-01-14T13:00:00.000Z
sensor.camera_elena_riscaldamento,0.259086465,2026-01-14T14:00:00.000Z
sensor.camera_elena_riscaldamento,30.20683049666667,2026-01-14T15:00:00.000Z
sensor.camera_elena_riscaldamento,1.4965073350000002,2026-01-14T16:00:00.000Z
sensor.camera_elena_riscaldamento,0,2026-01-14T17:00:00.000Z
sensor.camera_elena_riscaldamento,0,2026-01-14T18:00:00.000Z
sensor.camera_elena_riscaldamento,62.17585501111111,2026-01-14T20:00:00.000Z
sensor.camera_elena_riscaldamento,26.82941907861111,2026-01-14T21:00:00.000Z
sensor.camera_elena_riscaldamento,0,2026-01-14T22:00:00.000Z
sensor.camera_elena_riscaldamento,0,2026-01-14T23:00:00.000Z
sensor.camera_elena_riscaldamento,41.06845711111111,2026-01-15T05:00:00.000Z
sensor.camera_elena_riscaldamento,100,2026-01-15T06:00:00.000Z
sensor.camera_elena_riscaldamento,100,2026-01-15T07:00:00.000Z
sensor.camera_elena_riscaldamento,5.159080771111111,2026-01-15T21:00:00.000Z
sensor.camera_elena_riscaldamento,0,2026-01-15T22:00:00.000Z
sensor.camera_elena_riscaldamento,0,2026-01-15T23:00:00.000Z
sensor.camera_elena_riscaldamento,41.268714611111115,2026-01-16T05:00:00.000Z
sensor.camera_elena_riscaldamento,100,2026-01-16T06:00:00.000Z
sensor.camera_elena_riscaldamento,100,2026-01-16T07:00:00.000Z
sensor.camera_elena_riscaldamento,71.30539667805556,2026-01-16T08:00:00.000Z
sensor.camera_elena_riscaldamento,40.214880512777775,2026-01-16T09:00:00.000Z
sensor.camera_elena_riscaldamento,24.5788179725,2026-01-16T10:00:00.000Z
sensor.camera_elena_riscaldamento,16.123155015,2026-01-16T11:00:00.000Z
sensor.camera_elena_riscaldamento,16.921207562777777,2026-01-16T12:00:00.000Z
sensor.camera_elena_riscaldamento,25.562995626944446,2026-01-16T13:00:00.000Z
sensor.camera_elena_riscaldamento,36.92030963194444,2026-01-16T14:00:00.000Z
sensor.camera_elena_riscaldamento,96.32847658888888,2026-01-16T15:00:00.000Z
sensor.camera_elena_riscaldamento,100,2026-01-16T16:00:00.000Z
sensor.camera_elena_riscaldamento,100,2026-01-16T17:00:00.000Z
sensor.camera_elena_riscaldamento,10.809874111111112,2026-01-16T21:00:00.000Z
sensor.camera_elena_riscaldamento,0,2026-01-16T22:00:00.000Z
sensor.camera_elena_riscaldamento,0,2026-01-16T23:00:00.000Z
sensor.camera_elena_riscaldamento,90.11966379666667,2026-01-17T07:00:00.000Z
sensor.camera_elena_riscaldamento,100,2026-01-17T08:00:00.000Z
sensor.camera_elena_riscaldamento,100,2026-01-17T09:00:00.000Z
sensor.camera_elena_riscaldamento,10.171936083333334,2026-01-17T21:00:00.000Z
sensor.camera_elena_riscaldamento,0,2026-01-17T22:00:00.000Z
sensor.camera_elena_riscaldamento,0,2026-01-17T23:00:00.000Z
sensor.camera_elena_riscaldamento,88.24516088055555,2026-01-18T08:00:00.000Z
sensor.camera_elena_riscaldamento,100,2026-01-18T09:00:00.000Z
sensor.camera_elena_riscaldamento,100,2026-01-18T10:00:00.000Z
sensor.camera_elena_riscaldamento,9.710016416666667,2026-01-18T21:00:00.000Z
sensor.camera_elena_riscaldamento,0,2026-01-18T22:00:00.000Z
sensor.camera_elena_riscaldamento,0,2026-01-18T23:00:00.000Z
sensor.camera_elena_riscaldamento,34.49427185583333,2026-01-19T05:00:00.000Z
sensor.camera_elena_riscaldamento,100,2026-01-19T06:00:00.000Z
sensor.camera_elena_riscaldamento,100,2026-01-19T07:00:00.000Z
sensor.camera_elena_riscaldamento,31.89022369583333,2026-01-19T08:00:00.000Z
sensor.camera_elena_riscaldamento,0,2026-01-19T09:00:00.000Z
sensor.camera_elena_riscaldamento,0,2026-01-19T10:00:00.000Z
sensor.camera_elena_riscaldamento,87.97390640861111,2026-01-19T15:00:00.000Z
sensor.camera_elena_riscaldamento,100,2026-01-19T16:00:00.000Z
sensor.camera_elena_riscaldamento,100,2026-01-19T17:00:00.000Z
sensor.camera_elena_riscaldamento,9.65369175,2026-01-19T21:00:00.000Z
sensor.camera_elena_riscaldamento,0,2026-01-19T22:00:00.000Z
sensor.camera_elena_riscaldamento,0,2026-01-19T23:00:00.000Z
sensor.camera_elena_riscaldamento,41.732769034444445,2026-01-20T05:00:00.000Z
sensor.camera_elena_riscaldamento,100,2026-01-20T06:00:00.000Z
sensor.camera_elena_riscaldamento,100,2026-01-20T07:00:00.000Z
sensor.camera_elena_riscaldamento,66.36971226722223,2026-01-20T08:00:00.000Z
sensor.camera_elena_riscaldamento,30.955431891944443,2026-01-20T09:00:00.000Z
sensor.camera_elena_riscaldamento,6.094857801666667,2026-01-20T10:00:00.000Z
sensor.camera_elena_riscaldamento,0,2026-01-20T11:00:00.000Z
sensor.camera_elena_riscaldamento,0,2026-01-20T12:00:00.000Z
sensor.camera_elena_riscaldamento,95.02227850000001,2026-01-20T15:00:00.000Z
sensor.camera_elena_riscaldamento,100,2026-01-20T16:00:00.000Z
sensor.camera_elena_riscaldamento,100,2026-01-20T17:00:00.000Z
sensor.camera_elena_riscaldamento,9.343462915555556,2026-01-20T21:00:00.000Z
sensor.camera_elena_riscaldamento,0,2026-01-20T22:00:00.000Z
sensor.camera_elena_riscaldamento,0,2026-01-20T23:00:00.000Z
sensor.camera_elena_riscaldamento,43.71404205555555,2026-01-21T05:00:00.000Z
sensor.camera_elena_riscaldamento,100,2026-01-21T06:00:00.000Z
sensor.camera_elena_riscaldamento,100,2026-01-21T07:00:00.000Z
sensor.camera_elena_riscaldamento,85.44523725916667,2026-01-21T08:00:00.000Z
sensor.camera_elena_riscaldamento,79.40848309027778,2026-01-21T09:00:00.000Z
sensor.camera_elena_riscaldamento,86.81535787388889,2026-01-21T10:00:00.000Z
sensor.camera_elena_riscaldamento,97.83002712055556,2026-01-21T11:00:00.000Z
sensor.camera_elena_riscaldamento,100,2026-01-21T12:00:00.000Z
sensor.camera_elena_riscaldamento,100,2026-01-21T13:00:00.000Z
sensor.camera_elena_riscaldamento,8.286005972222222,2026-01-21T21:00:00.000Z
sensor.camera_elena_riscaldamento,0,2026-01-21T22:00:00.000Z
sensor.camera_elena_riscaldamento,0,2026-01-21T23:00:00.000Z
sensor.camera_elena_riscaldamento,44.269849694444446,2026-01-22T05:00:00.000Z
sensor.camera_elena_riscaldamento,100,2026-01-22T06:00:00.000Z
sensor.camera_elena_riscaldamento,100,2026-01-22T07:00:00.000Z
sensor.camera_elena_riscaldamento,95.20223638833333,2026-01-22T08:00:00.000Z
sensor.camera_elena_riscaldamento,99.59668988333334,2026-01-22T09:00:00.000Z
sensor.camera_elena_riscaldamento,100,2026-01-22T10:00:00.000Z
sensor.camera_elena_riscaldamento,100,2026-01-22T11:00:00.000Z
sensor.camera_elena_riscaldamento,12.040511647777777,2026-01-22T21:00:00.000Z
sensor.camera_elena_riscaldamento,0,2026-01-22T22:00:00.000Z
sensor.camera_elena_riscaldamento,0,2026-01-22T23:00:00.000Z
sensor.camera_elena_riscaldamento,45.02426280555556,2026-01-23T05:00:00.000Z
sensor.camera_elena_riscaldamento,100,2026-01-23T06:00:00.000Z
sensor.camera_elena_riscaldamento,100,2026-01-23T07:00:00.000Z
sensor.camera_elena_riscaldamento,93.87500278166668,2026-01-23T08:00:00.000Z
sensor.camera_elena_riscaldamento,94.70911672694444,2026-01-23T09:00:00.000Z
sensor.camera_elena_riscaldamento,100,2026-01-23T10:00:00.000Z
sensor.camera_elena_riscaldamento,100,2026-01-23T11:00:00.000Z
sensor.camera_elena_riscaldamento,8.241096383333334,2026-01-23T21:00:00.000Z
sensor.camera_elena_riscaldamento,0,2026-01-23T22:00:00.000Z
sensor.camera_elena_riscaldamento,0,2026-01-23T23:00:00.000Z
sensor.camera_elena_riscaldamento,86.27405375000001,2026-01-24T07:00:00.000Z
sensor.camera_elena_riscaldamento,100,2026-01-24T08:00:00.000Z
sensor.camera_elena_riscaldamento,100,2026-01-24T09:00:00.000Z
sensor.camera_elena_riscaldamento,9.867432780277777,2026-01-24T21:00:00.000Z
sensor.camera_elena_riscaldamento,0,2026-01-24T22:00:00.000Z
sensor.camera_elena_riscaldamento,0,2026-01-24T23:00:00.000Z
sensor.camera_elena_riscaldamento,86.33009933333334,2026-01-25T08:00:00.000Z
sensor.camera_elena_riscaldamento,100,2026-01-25T09:00:00.000Z
sensor.camera_elena_riscaldamento,100,2026-01-25T10:00:00.000Z
sensor.camera_elena_riscaldamento,6.850909028333334,2026-01-25T21:00:00.000Z
sensor.camera_elena_riscaldamento,0,2026-01-25T22:00:00.000Z
sensor.camera_elena_riscaldamento,0,2026-01-25T23:00:00.000Z
sensor.camera_elena_riscaldamento,46.07121411111111,2026-01-26T05:00:00.000Z
sensor.camera_elena_riscaldamento,100,2026-01-26T06:00:00.000Z
sensor.camera_elena_riscaldamento,100,2026-01-26T07:00:00.000Z
sensor.camera_elena_riscaldamento,76.77502735944445,2026-01-26T08:00:00.000Z
sensor.camera_elena_riscaldamento,59.37044315888889,2026-01-26T09:00:00.000Z
sensor.camera_elena_riscaldamento,49.1693517175,2026-01-26T10:00:00.000Z
sensor.camera_elena_riscaldamento,45.74699079249999,2026-01-26T11:00:00.000Z
sensor.camera_elena_riscaldamento,45,2026-01-26T12:00:00.000Z
sensor.camera_elena_riscaldamento,42.32382952277778,2026-01-26T13:00:00.000Z
sensor.camera_elena_riscaldamento,30.496267228611114,2026-01-26T14:00:00.000Z
sensor.camera_elena_riscaldamento,98.4732108686111,2026-01-26T15:00:00.000Z
sensor.camera_elena_riscaldamento,100,2026-01-26T16:00:00.000Z
sensor.camera_elena_riscaldamento,100,2026-01-26T17:00:00.000Z
sensor.camera_elena_riscaldamento,6.014205277777777,2026-01-26T21:00:00.000Z
sensor.camera_elena_riscaldamento,0,2026-01-26T22:00:00.000Z
sensor.camera_elena_riscaldamento,0,2026-01-26T23:00:00.000Z
sensor.camera_elena_riscaldamento,46.71076005555556,2026-01-27T05:00:00.000Z
sensor.camera_elena_riscaldamento,100,2026-01-27T06:00:00.000Z
sensor.camera_elena_riscaldamento,100,2026-01-27T07:00:00.000Z
sensor.camera_elena_riscaldamento,27.51346953722222,2026-01-27T21:00:00.000Z
sensor.camera_elena_riscaldamento,0,2026-01-27T22:00:00.000Z
sensor.camera_elena_riscaldamento,0,2026-01-27T23:00:00.000Z
sensor.camera_elena_riscaldamento,45.106870444444446,2026-01-28T05:00:00.000Z
sensor.camera_elena_riscaldamento,100,2026-01-28T06:00:00.000Z
sensor.camera_elena_riscaldamento,100,2026-01-28T07:00:00.000Z
sensor.camera_elena_riscaldamento,95.7821578786111,2026-01-28T08:00:00.000Z
sensor.camera_elena_riscaldamento,99.51917416055556,2026-01-28T09:00:00.000Z
sensor.camera_elena_riscaldamento,100,2026-01-28T10:00:00.000Z
sensor.camera_elena_riscaldamento,100,2026-01-28T11:00:00.000Z
sensor.camera_elena_riscaldamento,9.835292346111112,2026-01-28T21:00:00.000Z
sensor.camera_elena_riscaldamento,0,2026-01-28T22:00:00.000Z
sensor.camera_elena_riscaldamento,0,2026-01-28T23:00:00.000Z
sensor.camera_elena_riscaldamento,45.80164105555556,2026-01-29T05:00:00.000Z
sensor.camera_elena_riscaldamento,100,2026-01-29T06:00:00.000Z
sensor.camera_elena_riscaldamento,100,2026-01-29T07:00:00.000Z
sensor.camera_elena_riscaldamento,71.37229155,2026-01-29T08:00:00.000Z
sensor.camera_elena_riscaldamento,41.992626314166664,2026-01-29T09:00:00.000Z
sensor.camera_elena_riscaldamento,21.43135265138889,2026-01-29T10:00:00.000Z
sensor.camera_elena_riscaldamento,15.171364108888888,2026-01-29T11:00:00.000Z
sensor.camera_elena_riscaldamento,16.37868513388889,2026-01-29T12:00:00.000Z
sensor.camera_elena_riscaldamento,24.167524411666665,2026-01-29T13:00:00.000Z
sensor.camera_elena_riscaldamento,32.7130819725,2026-01-29T14:00:00.000Z
sensor.camera_elena_riscaldamento,98.68950782166667,2026-01-29T15:00:00.000Z
sensor.camera_elena_riscaldamento,100,2026-01-29T16:00:00.000Z
sensor.camera_elena_riscaldamento,100,2026-01-29T17:00:00.000Z
sensor.camera_elena_riscaldamento,7.483955958888888,2026-01-29T21:00:00.000Z
sensor.camera_elena_riscaldamento,0,2026-01-29T22:00:00.000Z
sensor.camera_elena_riscaldamento,0,2026-01-29T23:00:00.000Z
sensor.camera_elena_riscaldamento,46.32728788888889,2026-01-30T05:00:00.000Z
sensor.camera_elena_riscaldamento,100,2026-01-30T06:00:00.000Z
sensor.camera_elena_riscaldamento,100,2026-01-30T07:00:00.000Z
sensor.camera_elena_riscaldamento,74.62354751111111,2026-01-30T08:00:00.000Z
sensor.camera_elena_riscaldamento,48.678848271111114,2026-01-30T09:00:00.000Z
sensor.camera_elena_riscaldamento,34.87253002083333,2026-01-30T10:00:00.000Z
sensor.camera_elena_riscaldamento,29.993014671944447,2026-01-30T11:00:00.000Z
sensor.camera_elena_riscaldamento,30.66789846083333,2026-01-30T12:00:00.000Z
sensor.camera_elena_riscaldamento,28.677989567222223,2026-01-30T13:00:00.000Z
sensor.camera_elena_riscaldamento,23.50388465277778,2026-01-30T14:00:00.000Z
sensor.camera_elena_riscaldamento,98.58531126999999,2026-01-30T15:00:00.000Z
sensor.camera_elena_riscaldamento,100,2026-01-30T16:00:00.000Z
sensor.camera_elena_riscaldamento,100,2026-01-30T17:00:00.000Z
sensor.camera_elena_riscaldamento,6.204225616666666,2026-01-30T21:00:00.000Z
sensor.camera_elena_riscaldamento,0,2026-01-30T22:00:00.000Z
sensor.camera_elena_riscaldamento,0,2026-01-30T23:00:00.000Z
sensor.camera_elena_riscaldamento,87.63196322222223,2026-01-31T07:00:00.000Z
sensor.camera_elena_riscaldamento,13.034251500000002,2026-01-31T08:00:00.000Z
sensor.camera_elena_riscaldamento,0,2026-01-31T09:00:00.000Z
sensor.camera_elena_riscaldamento,0,2026-01-31T10:00:00.000Z
sensor.camera_elena_riscaldamento,50.070484722222226,2026-02-01T14:00:00.000Z
sensor.camera_elena_riscaldamento,100,2026-02-01T15:00:00.000Z
sensor.camera_elena_riscaldamento,100,2026-02-01T16:00:00.000Z
sensor.camera_elena_riscaldamento,4.256849416666667,2026-02-01T21:00:00.000Z
sensor.camera_elena_riscaldamento,0,2026-02-01T22:00:00.000Z
sensor.camera_elena_riscaldamento,0,2026-02-01T23:00:00.000Z
sensor.camera_elena_riscaldamento,48.296257448333336,2026-02-02T05:00:00.000Z
sensor.camera_elena_riscaldamento,100,2026-02-02T06:00:00.000Z
sensor.camera_elena_riscaldamento,100,2026-02-02T07:00:00.000Z
sensor.camera_elena_riscaldamento,79.48084844277777,2026-02-02T08:00:00.000Z
sensor.camera_elena_riscaldamento,60.27123404083333,2026-02-02T09:00:00.000Z
sensor.camera_elena_riscaldamento,45.78228487277778,2026-02-02T10:00:00.000Z
sensor.camera_elena_riscaldamento,42.48460117833333,2026-02-02T11:00:00.000Z
sensor.camera_elena_riscaldamento,44.854469809444446,2026-02-02T12:00:00.000Z
sensor.camera_elena_riscaldamento,49.38882942638889,2026-02-02T13:00:00.000Z
sensor.camera_elena_riscaldamento,54.37828184638889,2026-02-02T14:00:00.000Z
sensor.camera_elena_riscaldamento,96.68250258833332,2026-02-02T15:00:00.000Z
sensor.camera_elena_riscaldamento,100,2026-02-02T16:00:00.000Z
sensor.camera_elena_riscaldamento,100,2026-02-02T17:00:00.000Z
sensor.camera_elena_riscaldamento,4.628865611388889,2026-02-02T21:00:00.000Z
sensor.camera_elena_riscaldamento,0,2026-02-02T22:00:00.000Z
sensor.camera_elena_riscaldamento,0,2026-02-02T23:00:00.000Z
sensor.camera_elena_riscaldamento,19.991764044444444,2026-02-03T05:00:00.000Z
sensor.camera_elena_riscaldamento,100,2026-02-03T06:00:00.000Z
sensor.camera_elena_riscaldamento,100,2026-02-03T07:00:00.000Z
sensor.camera_elena_riscaldamento,51.63382369888888,2026-02-03T08:00:00.000Z
sensor.camera_elena_riscaldamento,8.654717098055555,2026-02-03T09:00:00.000Z
sensor.camera_elena_riscaldamento,0,2026-02-03T10:00:00.000Z
sensor.camera_elena_riscaldamento,0,2026-02-03T11:00:00.000Z
sensor.camera_elena_riscaldamento,0.13141796083333335,2026-02-03T12:00:00.000Z
sensor.camera_elena_riscaldamento,5.897110356111111,2026-02-03T13:00:00.000Z
sensor.camera_elena_riscaldamento,17.79616055388889,2026-02-03T14:00:00.000Z
sensor.camera_elena_riscaldamento,94.41928126111111,2026-02-03T15:00:00.000Z
sensor.camera_elena_riscaldamento,100,2026-02-03T16:00:00.000Z
sensor.camera_elena_riscaldamento,100,2026-02-03T17:00:00.000Z
sensor.camera_elena_riscaldamento,5.244938225277778,2026-02-03T21:00:00.000Z
sensor.camera_elena_riscaldamento,0,2026-02-03T22:00:00.000Z
sensor.camera_elena_riscaldamento,0,2026-02-03T23:00:00.000Z
sensor.camera_elena_riscaldamento,41.12993377777778,2026-02-04T05:00:00.000Z
sensor.camera_elena_riscaldamento,100,2026-02-04T06:00:00.000Z
sensor.camera_elena_riscaldamento,100,2026-02-04T07:00:00.000Z
sensor.camera_elena_riscaldamento,67.65747744527778,2026-02-04T08:00:00.000Z
sensor.camera_elena_riscaldamento,29.26795254111111,2026-02-04T09:00:00.000Z
sensor.camera_elena_riscaldamento,4.0463362075000004,2026-02-04T10:00:00.000Z
sensor.camera_elena_riscaldamento,0,2026-02-04T11:00:00.000Z
sensor.camera_elena_riscaldamento,0.08385982861111112,2026-02-04T12:00:00.000Z
sensor.camera_elena_riscaldamento,1.7618244325,2026-02-04T13:00:00.000Z
sensor.camera_elena_riscaldamento,2.600396824166667,2026-02-04T14:00:00.000Z
sensor.camera_elena_riscaldamento,93.18800302777778,2026-02-04T15:00:00.000Z
sensor.camera_elena_riscaldamento,100,2026-02-04T16:00:00.000Z
sensor.camera_elena_riscaldamento,100,2026-02-04T17:00:00.000Z
sensor.camera_elena_riscaldamento,2.4595448055555553,2026-02-04T21:00:00.000Z
sensor.camera_elena_riscaldamento,0,2026-02-04T22:00:00.000Z
sensor.camera_elena_riscaldamento,0,2026-02-04T23:00:00.000Z
sensor.camera_elena_riscaldamento,39.8694303675,2026-02-05T05:00:00.000Z
sensor.camera_elena_riscaldamento,100,2026-02-05T06:00:00.000Z
sensor.camera_elena_riscaldamento,100,2026-02-05T07:00:00.000Z
sensor.camera_elena_riscaldamento,41.662466259999995,2026-02-05T08:00:00.000Z
sensor.camera_elena_riscaldamento,0.17229438444444445,2026-02-05T09:00:00.000Z
sensor.camera_elena_riscaldamento,0,2026-02-05T10:00:00.000Z
sensor.camera_elena_riscaldamento,0,2026-02-05T11:00:00.000Z
sensor.camera_elena_riscaldamento,92.26261191666667,2026-02-05T15:00:00.000Z
sensor.camera_elena_riscaldamento,100,2026-02-05T16:00:00.000Z
sensor.camera_elena_riscaldamento,100,2026-02-05T17:00:00.000Z
sensor.camera_elena_riscaldamento,10.176979722222223,2026-02-05T21:00:00.000Z
sensor.camera_elena_riscaldamento,0,2026-02-05T22:00:00.000Z
sensor.camera_elena_riscaldamento,0,2026-02-05T23:00:00.000Z
sensor.camera_elena_riscaldamento,30.608872336388888,2026-02-06T05:00:00.000Z
sensor.camera_elena_riscaldamento,100,2026-02-06T06:00:00.000Z
sensor.camera_elena_riscaldamento,100,2026-02-06T07:00:00.000Z
sensor.camera_elena_riscaldamento,19.52448496,2026-02-06T08:00:00.000Z
sensor.camera_elena_riscaldamento,0,2026-02-06T09:00:00.000Z
sensor.camera_elena_riscaldamento,0,2026-02-06T10:00:00.000Z
sensor.camera_elena_riscaldamento,90.15788770527779,2026-02-06T15:00:00.000Z
sensor.camera_elena_riscaldamento,100,2026-02-06T16:00:00.000Z
sensor.camera_elena_riscaldamento,100,2026-02-06T17:00:00.000Z
sensor.camera_elena_riscaldamento,11.188134060833333,2026-02-06T21:00:00.000Z
sensor.camera_elena_riscaldamento,0,2026-02-06T22:00:00.000Z
sensor.camera_elena_riscaldamento,0,2026-02-07T06:00:00.000Z
sensor.camera_elena_riscaldamento,90.6272853638889,2026-02-07T07:00:00.000Z
sensor.camera_elena_riscaldamento,100,2026-02-07T08:00:00.000Z
sensor.camera_elena_riscaldamento,100,2026-03-14T13:00:00.000Z
sensor.camera_elena_riscaldamento,98.61818289972223,2026-03-14T16:00:00.000Z
sensor.camera_elena_riscaldamento,98.61294770333335,2026-03-14T17:00:00.000Z
sensor.camera_elena_riscaldamento,100,2026-03-14T18:00:00.000Z
sensor.camera_elena_riscaldamento,100,2026-03-14T19:00:00.000Z
sensor.camera_elena_riscaldamento,98.6297814486111,2026-03-14T20:00:00.000Z
sensor.camera_elena_riscaldamento,5.883043809166666,2026-03-14T21:00:00.000Z
sensor.camera_elena_riscaldamento,0,2026-03-14T22:00:00.000Z
sensor.camera_elena_riscaldamento,0,2026-03-14T23:00:00.000Z
sensor.camera_elena_riscaldamento,30.279542343888888,2026-03-15T08:00:00.000Z
sensor.camera_elena_riscaldamento,70.09912539638889,2026-03-15T09:00:00.000Z
sensor.camera_elena_riscaldamento,98.74575441666667,2026-03-15T10:00:00.000Z
sensor.camera_elena_riscaldamento,100,2026-03-15T11:00:00.000Z
sensor.camera_elena_riscaldamento,100,2026-03-15T12:00:00.000Z
sensor.camera_elena_riscaldamento,99.51777005944444,2026-03-15T14:00:00.000Z
sensor.camera_elena_riscaldamento,91.26048364249999,2026-03-15T15:00:00.000Z
sensor.camera_elena_riscaldamento,73.98948800722222,2026-03-15T16:00:00.000Z
sensor.camera_elena_riscaldamento,56.831281947777775,2026-03-15T17:00:00.000Z
sensor.camera_elena_riscaldamento,39.57613425027778,2026-03-15T18:00:00.000Z
sensor.camera_elena_riscaldamento,21.712349116111113,2026-03-15T19:00:00.000Z
sensor.camera_elena_riscaldamento,12.190027108611112,2026-03-15T20:00:00.000Z
sensor.camera_elena_riscaldamento,0.5022331166666667,2026-03-15T21:00:00.000Z
sensor.camera_elena_riscaldamento,0,2026-03-15T22:00:00.000Z
sensor.camera_elena_riscaldamento,0,2026-03-15T23:00:00.000Z
sensor.camera_elena_riscaldamento,13.534838800833333,2026-03-16T05:00:00.000Z
sensor.camera_elena_riscaldamento,66.14730177083334,2026-03-16T06:00:00.000Z
sensor.camera_elena_riscaldamento,98.2106778538889,2026-03-16T07:00:00.000Z
sensor.camera_elena_riscaldamento,15.217520565000001,2026-03-16T08:00:00.000Z
sensor.camera_elena_riscaldamento,0,2026-03-16T09:00:00.000Z
sensor.camera_elena_riscaldamento,0,2026-03-16T10:00:00.000Z
sensor.camera_elena_riscaldamento,5.190748201111111,2026-03-16T20:00:00.000Z
sensor.camera_elena_riscaldamento,0.34570751055555554,2026-03-16T21:00:00.000Z
sensor.camera_elena_riscaldamento,0,2026-03-16T22:00:00.000Z
sensor.camera_elena_riscaldamento,0,2026-03-16T23:00:00.000Z
sensor.camera_elena_riscaldamento,10.180166993055556,2026-03-17T05:00:00.000Z
sensor.camera_elena_riscaldamento,72.4691066,2026-03-17T06:00:00.000Z
sensor.camera_elena_riscaldamento,100,2026-03-17T07:00:00.000Z
sensor.camera_elena_riscaldamento,15.851031149444445,2026-03-17T08:00:00.000Z
sensor.camera_elena_riscaldamento,0,2026-03-17T09:00:00.000Z
sensor.camera_elena_riscaldamento,0,2026-03-17T10:00:00.000Z
sensor.camera_elena_riscaldamento,16.57089795972222,2026-03-17T15:00:00.000Z
sensor.camera_elena_riscaldamento,18.827384787222222,2026-03-17T16:00:00.000Z
sensor.camera_elena_riscaldamento,0,2026-03-17T17:00:00.000Z
sensor.camera_elena_riscaldamento,0,2026-03-17T18:00:00.000Z
sensor.camera_elena_riscaldamento,10.309705972777778,2026-03-18T05:00:00.000Z
sensor.camera_elena_riscaldamento,58.65876113972222,2026-03-18T06:00:00.000Z
sensor.camera_elena_riscaldamento,97.32378647972223,2026-03-18T07:00:00.000Z
sensor.camera_elena_riscaldamento,10.971468920833333,2026-03-18T08:00:00.000Z
sensor.camera_elena_riscaldamento,0,2026-03-18T09:00:00.000Z
sensor.camera_elena_riscaldamento,0,2026-03-18T10:00:00.000Z
sensor.camera_elena_riscaldamento,52.66718573777778,2026-03-18T15:00:00.000Z
sensor.camera_elena_riscaldamento,97.07158022388889,2026-03-18T16:00:00.000Z
sensor.camera_elena_riscaldamento,100,2026-03-18T17:00:00.000Z
sensor.camera_elena_riscaldamento,100,2026-03-18T18:00:00.000Z
sensor.camera_elena_riscaldamento,6.022186583333333,2026-03-18T21:00:00.000Z
sensor.camera_elena_riscaldamento,0,2026-03-18T22:00:00.000Z
sensor.camera_elena_riscaldamento,0,2026-03-18T23:00:00.000Z
sensor.camera_elena_riscaldamento,31.407338483333334,2026-03-19T05:00:00.000Z
sensor.camera_elena_riscaldamento,99.93562937277778,2026-03-19T06:00:00.000Z
sensor.camera_elena_riscaldamento,100,2026-03-19T07:00:00.000Z
sensor.camera_elena_riscaldamento,30.64058157388889,2026-03-19T08:00:00.000Z
sensor.camera_elena_riscaldamento,0,2026-03-19T09:00:00.000Z
sensor.camera_elena_riscaldamento,0,2026-03-19T10:00:00.000Z
sensor.camera_elena_riscaldamento,50.18323065694444,2026-03-19T15:00:00.000Z
sensor.camera_elena_riscaldamento,83.70101063194444,2026-03-19T16:00:00.000Z
sensor.camera_elena_riscaldamento,94.97875113277779,2026-03-19T17:00:00.000Z
sensor.camera_elena_riscaldamento,100,2026-03-19T18:00:00.000Z
sensor.camera_elena_riscaldamento,100,2026-03-19T19:00:00.000Z
sensor.camera_elena_riscaldamento,10.31247838888889,2026-03-19T21:00:00.000Z
sensor.camera_elena_riscaldamento,0,2026-03-19T22:00:00.000Z
sensor.camera_elena_riscaldamento,0,2026-03-19T23:00:00.000Z
sensor.camera_elena_riscaldamento,20.812489843333335,2026-03-20T05:00:00.000Z
sensor.camera_elena_riscaldamento,82.93463593555556,2026-03-20T06:00:00.000Z
sensor.camera_elena_riscaldamento,100,2026-03-20T07:00:00.000Z
sensor.camera_elena_riscaldamento,15.28331017611111,2026-03-20T08:00:00.000Z
sensor.camera_elena_riscaldamento,0,2026-03-20T09:00:00.000Z
sensor.camera_elena_riscaldamento,0,2026-03-20T10:00:00.000Z
sensor.camera_elena_riscaldamento,7.211035398333333,2026-03-20T19:00:00.000Z
sensor.camera_elena_riscaldamento,43.067812816111115,2026-03-20T20:00:00.000Z
sensor.camera_elena_riscaldamento,2.151051191666667,2026-03-20T21:00:00.000Z
sensor.camera_elena_riscaldamento,0,2026-03-20T22:00:00.000Z
sensor.camera_elena_riscaldamento,0,2026-03-20T23:00:00.000Z
sensor.camera_elena_riscaldamento,60.376484233333336,2026-03-21T07:00:00.000Z
sensor.camera_elena_riscaldamento,100,2026-03-21T08:00:00.000Z
sensor.camera_elena_riscaldamento,100,2026-03-21T09:00:00.000Z
sensor.camera_elena_riscaldamento,86.92948806361112,2026-03-21T12:00:00.000Z
sensor.camera_elena_riscaldamento,65.07997856555555,2026-03-21T13:00:00.000Z
sensor.camera_elena_riscaldamento,26.340994841944447,2026-03-21T14:00:00.000Z
sensor.camera_elena_riscaldamento,0,2026-03-21T15:00:00.000Z
sensor.camera_elena_riscaldamento,0,2026-03-21T16:00:00.000Z
sensor.camera_elena_riscaldamento,21.275136525833336,2026-03-22T08:00:00.000Z
sensor.camera_elena_riscaldamento,57.78155351444445,2026-03-22T09:00:00.000Z
sensor.camera_elena_riscaldamento,89.87928996222223,2026-03-22T10:00:00.000Z
sensor.camera_elena_riscaldamento,99.8323725061111,2026-03-22T11:00:00.000Z
sensor.camera_elena_riscaldamento,71.69117038027777,2026-03-22T12:00:00.000Z
sensor.camera_elena_riscaldamento,52.162682000277776,2026-03-22T13:00:00.000Z
sensor.camera_elena_riscaldamento,15.577013124166667,2026-03-22T14:00:00.000Z
sensor.camera_elena_riscaldamento,0,2026-03-22T15:00:00.000Z
sensor.camera_elena_riscaldamento,0,2026-03-22T16:00:00.000Z
sensor.camera_elena_riscaldamento,13.028571106944446,2026-03-23T05:00:00.000Z
sensor.camera_elena_riscaldamento,55.08337221638889,2026-03-23T06:00:00.000Z
sensor.camera_elena_riscaldamento,98.15190626166667,2026-03-23T07:00:00.000Z
sensor.camera_elena_riscaldamento,12.925806023888889,2026-03-23T08:00:00.000Z
sensor.camera_elena_riscaldamento,0,2026-03-23T09:00:00.000Z
sensor.camera_elena_riscaldamento,0,2026-03-23T10:00:00.000Z
sensor.camera_elena_riscaldamento,1.361017138888889,2026-03-23T18:00:00.000Z
sensor.camera_elena_riscaldamento,8.335107578055554,2026-03-23T19:00:00.000Z
sensor.camera_elena_riscaldamento,23.038560508055554,2026-03-23T20:00:00.000Z
sensor.camera_elena_riscaldamento,3.9235339966666665,2026-03-23T21:00:00.000Z
sensor.camera_elena_riscaldamento,0,2026-03-23T22:00:00.000Z
sensor.camera_elena_riscaldamento,0,2026-03-23T23:00:00.000Z
sensor.camera_elena_riscaldamento,27.840688136666667,2026-03-24T05:00:00.000Z
sensor.camera_elena_riscaldamento,99.57638292166666,2026-03-24T06:00:00.000Z
sensor.camera_elena_riscaldamento,100,2026-03-24T07:00:00.000Z
sensor.camera_elena_riscaldamento,14.856971808888888,2026-03-24T08:00:00.000Z
sensor.camera_elena_riscaldamento,0,2026-03-24T09:00:00.000Z
sensor.camera_elena_riscaldamento,0,2026-03-24T10:00:00.000Z
sensor.camera_elena_riscaldamento,5.880208641944445,2026-03-24T15:00:00.000Z
sensor.camera_elena_riscaldamento,6.199993394722223,2026-03-24T16:00:00.000Z
sensor.camera_elena_riscaldamento,0,2026-03-24T17:00:00.000Z
sensor.camera_elena_riscaldamento,0,2026-03-24T18:00:00.000Z
sensor.camera_elena_riscaldamento,0.6796605683333333,2026-03-24T19:00:00.000Z
sensor.camera_elena_riscaldamento,6.983756490277777,2026-03-24T20:00:00.000Z
sensor.camera_elena_riscaldamento,1.0607058433333334,2026-03-24T21:00:00.000Z
sensor.camera_elena_riscaldamento,0,2026-03-24T22:00:00.000Z
sensor.camera_elena_riscaldamento,0,2026-03-24T23:00:00.000Z
sensor.camera_elena_riscaldamento,24.10404442388889,2026-03-25T05:00:00.000Z
sensor.camera_elena_riscaldamento,96.03859267888889,2026-03-25T06:00:00.000Z
sensor.camera_elena_riscaldamento,100,2026-03-25T07:00:00.000Z
sensor.camera_elena_riscaldamento,14.078274513888887,2026-03-25T08:00:00.000Z
sensor.camera_elena_riscaldamento,0,2026-03-25T09:00:00.000Z
sensor.camera_elena_riscaldamento,0,2026-03-25T10:00:00.000Z
sensor.camera_elena_riscaldamento,1.0724388283333333,2026-03-25T19:00:00.000Z
sensor.camera_elena_riscaldamento,12.433694559444445,2026-03-25T20:00:00.000Z
sensor.camera_elena_riscaldamento,2.5180657697222224,2026-03-25T21:00:00.000Z
sensor.camera_elena_riscaldamento,0,2026-03-25T22:00:00.000Z
sensor.camera_elena_riscaldamento,0,2026-03-25T23:00:00.000Z
sensor.camera_elena_riscaldamento,19.70686209111111,2026-03-26T05:00:00.000Z
sensor.camera_elena_riscaldamento,82.51084259972222,2026-03-26T06:00:00.000Z
sensor.camera_elena_riscaldamento,100,2026-03-26T07:00:00.000Z
sensor.camera_elena_riscaldamento,13.628451393055556,2026-03-26T08:00:00.000Z
sensor.camera_elena_riscaldamento,0,2026-03-26T09:00:00.000Z
sensor.camera_elena_riscaldamento,0,2026-03-26T10:00:00.000Z
sensor.camera_elena_riscaldamento,83.26406922055556,2026-03-26T15:00:00.000Z
sensor.camera_elena_riscaldamento,57.58016236166667,2026-03-26T16:00:00.000Z
sensor.camera_elena_riscaldamento,11.427580270555554,2026-03-26T17:00:00.000Z
sensor.camera_elena_riscaldamento,66.15179350777778,2026-03-26T18:00:00.000Z
sensor.camera_elena_riscaldamento,100,2026-03-26T19:00:00.000Z
sensor.camera_elena_riscaldamento,100,2026-03-26T20:00:00.000Z
sensor.camera_elena_riscaldamento,7.393049722222222,2026-03-26T21:00:00.000Z
sensor.camera_elena_riscaldamento,0,2026-03-26T22:00:00.000Z
sensor.camera_elena_riscaldamento,0,2026-03-26T23:00:00.000Z
sensor.camera_elena_riscaldamento,33.58621907027778,2026-03-27T05:00:00.000Z
sensor.camera_elena_riscaldamento,100,2026-03-27T06:00:00.000Z
sensor.camera_elena_riscaldamento,100,2026-03-27T07:00:00.000Z
sensor.camera_elena_riscaldamento,28.065607612222223,2026-03-27T08:00:00.000Z
sensor.camera_elena_riscaldamento,0,2026-03-27T09:00:00.000Z
sensor.camera_elena_riscaldamento,0,2026-03-27T10:00:00.000Z
sensor.camera_elena_riscaldamento,55.83027325055556,2026-03-27T15:00:00.000Z
sensor.camera_elena_riscaldamento,94.18094866944445,2026-03-27T16:00:00.000Z
sensor.camera_elena_riscaldamento,98.53002686138889,2026-03-27T17:00:00.000Z
sensor.camera_elena_riscaldamento,79.5060458936111,2026-03-27T18:00:00.000Z
sensor.camera_elena_riscaldamento,66.67380567777778,2026-03-27T19:00:00.000Z
sensor.camera_elena_riscaldamento,59.54162430583333,2026-03-27T20:00:00.000Z
sensor.camera_elena_riscaldamento,4.268353155555555,2026-03-27T21:00:00.000Z
sensor.camera_elena_riscaldamento,0,2026-03-27T22:00:00.000Z
sensor.camera_elena_riscaldamento,0,2026-03-27T23:00:00.000Z
sensor.camera_elena_riscaldamento,65.29918509555556,2026-03-28T07:00:00.000Z
sensor.camera_elena_riscaldamento,100,2026-03-28T08:00:00.000Z
sensor.camera_elena_riscaldamento,100,2026-03-28T09:00:00.000Z
sensor.camera_elena_riscaldamento,71.93308424777778,2026-03-28T11:00:00.000Z
sensor.camera_elena_riscaldamento,19.93527254111111,2026-03-28T12:00:00.000Z
sensor.camera_elena_riscaldamento,4.815068873888889,2026-03-28T13:00:00.000Z
sensor.camera_elena_riscaldamento,0,2026-03-28T14:00:00.000Z
sensor.camera_elena_riscaldamento,0,2026-03-28T15:00:00.000Z
sensor.camera_elena_riscaldamento,0.2514728625,2026-03-28T18:00:00.000Z
sensor.camera_elena_riscaldamento,0,2026-03-28T19:00:00.000Z
sensor.camera_elena_riscaldamento,0,2026-03-28T20:00:00.000Z
sensor.camera_elena_riscaldamento,28.153905306111113,2026-03-29T07:00:00.000Z
sensor.camera_elena_riscaldamento,69.09091585444445,2026-03-29T08:00:00.000Z
sensor.camera_elena_riscaldamento,98.64626423333334,2026-03-29T09:00:00.000Z
sensor.camera_elena_riscaldamento,100,2026-03-29T10:00:00.000Z
sensor.camera_elena_riscaldamento,100,2026-03-29T11:00:00.000Z
sensor.camera_elena_riscaldamento,87.86562480916666,2026-03-29T15:00:00.000Z
sensor.camera_elena_riscaldamento,39.142440290277776,2026-03-29T16:00:00.000Z
sensor.camera_elena_riscaldamento,0.7822187450000001,2026-03-29T17:00:00.000Z
sensor.camera_elena_riscaldamento,0,2026-03-29T18:00:00.000Z
sensor.camera_elena_riscaldamento,0,2026-03-29T19:00:00.000Z
sensor.camera_elena_riscaldamento,7.464528606111112,2026-03-30T05:00:00.000Z
sensor.camera_elena_riscaldamento,22.61493500111111,2026-03-30T06:00:00.000Z
sensor.camera_elena_riscaldamento,5.016356411944444,2026-03-30T07:00:00.000Z
sensor.camera_elena_riscaldamento,0,2026-03-30T08:00:00.000Z
sensor.camera_elena_riscaldamento,0,2026-03-30T09:00:00.000Z
sensor.camera_elena_riscaldamento,2.79576035,2026-03-31T04:00:00.000Z
sensor.camera_elena_riscaldamento,29.191604361944442,2026-03-31T05:00:00.000Z
sensor.camera_elena_riscaldamento,77.64027552777777,2026-03-31T06:00:00.000Z
sensor.camera_elena_riscaldamento,12.599704336666667,2026-03-31T07:00:00.000Z
sensor.camera_elena_riscaldamento,0,2026-03-31T08:00:00.000Z
sensor.camera_elena_riscaldamento,0,2026-03-31T09:00:00.000Z
sensor.camera_elena_riscaldamento,36.40780357277777,2026-03-31T14:00:00.000Z
sensor.camera_elena_riscaldamento,75.07713021638888,2026-03-31T15:00:00.000Z
sensor.camera_elena_riscaldamento,74.86096979027778,2026-03-31T16:00:00.000Z
sensor.camera_elena_riscaldamento,75.95598638888889,2026-03-31T17:00:00.000Z
sensor.camera_elena_riscaldamento,63.3456909,2026-03-31T18:00:00.000Z
sensor.camera_elena_riscaldamento,50.20503170611111,2026-03-31T19:00:00.000Z
sensor.camera_elena_riscaldamento,1.5797558999999997,2026-03-31T20:00:00.000Z
sensor.camera_elena_riscaldamento,0,2026-03-31T21:00:00.000Z
sensor.camera_elena_riscaldamento,0,2026-03-31T22:00:00.000Z
sensor.camera_elena_riscaldamento,20.897619142777778,2026-04-01T04:00:00.000Z
sensor.camera_elena_riscaldamento,80.72315052388889,2026-04-01T05:00:00.000Z
sensor.camera_elena_riscaldamento,100,2026-04-01T06:00:00.000Z
sensor.camera_elena_riscaldamento,14.56172027361111,2026-04-01T07:00:00.000Z
sensor.camera_elena_riscaldamento,0,2026-04-01T08:00:00.000Z
sensor.camera_elena_riscaldamento,0,2026-04-01T09:00:00.000Z
sensor.camera_elena_riscaldamento,24.82207140611111,2026-04-01T14:00:00.000Z
sensor.camera_elena_riscaldamento,26.18423029638889,2026-04-01T15:00:00.000Z
sensor.camera_elena_riscaldamento,0,2026-04-01T16:00:00.000Z
sensor.camera_elena_riscaldamento,0,2026-04-01T17:00:00.000Z
sensor.camera_elena_riscaldamento,0.5033278991666666,2026-04-01T18:00:00.000Z
sensor.camera_elena_riscaldamento,9.056929346666667,2026-04-01T19:00:00.000Z
sensor.camera_elena_riscaldamento,0.50743789,2026-04-01T20:00:00.000Z
sensor.camera_elena_riscaldamento,0,2026-04-01T21:00:00.000Z
sensor.camera_elena_riscaldamento,0,2026-04-01T22:00:00.000Z
sensor.camera_elena_riscaldamento,13.102070975555556,2026-04-02T04:00:00.000Z
sensor.camera_elena_riscaldamento,68.41946444194444,2026-04-02T05:00:00.000Z
sensor.camera_elena_riscaldamento,99.93444264333334,2026-04-02T06:00:00.000Z
sensor.camera_elena_riscaldamento,12.329774711111112,2026-04-02T07:00:00.000Z
sensor.camera_elena_riscaldamento,0,2026-04-02T08:00:00.000Z
sensor.camera_elena_riscaldamento,0,2026-04-02T09:00:00.000Z
sensor.camera_elena_riscaldamento,5.781092400277778,2026-04-02T14:00:00.000Z
sensor.camera_elena_riscaldamento,6.515454698888889,2026-04-02T15:00:00.000Z
sensor.camera_elena_riscaldamento,5.233468916944444,2026-04-02T16:00:00.000Z
sensor.camera_elena_riscaldamento,1.4335418955555557,2026-04-02T17:00:00.000Z
sensor.camera_elena_riscaldamento,0,2026-04-02T18:00:00.000Z
sensor.camera_elena_riscaldamento,0,2026-04-02T19:00:00.000Z
sensor.camera_elena_riscaldamento,12.1689752375,2026-04-03T04:00:00.000Z
sensor.camera_elena_riscaldamento,64.28397200944444,2026-04-03T05:00:00.000Z
sensor.camera_elena_riscaldamento,99.9659538111111,2026-04-03T06:00:00.000Z
sensor.camera_elena_riscaldamento,13.33899237888889,2026-04-03T07:00:00.000Z
sensor.camera_elena_riscaldamento,0,2026-04-03T08:00:00.000Z
sensor.camera_elena_riscaldamento,0,2026-04-03T09:00:00.000Z
sensor.camera_elena_riscaldamento,12.971054504444444,2026-04-04T06:00:00.000Z
sensor.camera_elena_riscaldamento,28.757633413055554,2026-04-04T07:00:00.000Z
sensor.camera_elena_riscaldamento,44.89477779305556,2026-04-04T08:00:00.000Z
sensor.camera_elena_riscaldamento,70.12904192138889,2026-04-04T09:00:00.000Z
sensor.camera_elena_riscaldamento,79.40434043527777,2026-04-04T10:00:00.000Z
sensor.camera_elena_riscaldamento,70.48329839361111,2026-04-04T11:00:00.000Z
sensor.camera_elena_riscaldamento,60.723598180277776,2026-04-04T12:00:00.000Z
sensor.camera_elena_riscaldamento,23.65496192388889,2026-04-04T13:00:00.000Z
sensor.camera_elena_riscaldamento,0,2026-04-04T14:00:00.000Z
sensor.camera_elena_riscaldamento,0,2026-04-04T15:00:00.000Z
sensor.camera_elena_riscaldamento,0.0,2026-08-26T13:08:14.928Z
climate.camera_elena,off,2026-08-16T03:19:24.891Z,30.9,off,,,5
climate.camera_elena,off,2026-08-16T03:54:34.730Z,30.8,off,,,5
climate.camera_elena,off,2026-08-16T04:09:38.850Z,30.9,off,,,5
climate.camera_elena,off,2026-08-16T04:24:41.750Z,30.8,off,,,5
climate.camera_elena,off,2026-08-16T04:44:45.745Z,30.8,off,,,5
climate.camera_elena,off,2026-08-16T04:59:48.944Z,30.8,off,,,5
climate.camera_elena,off,2026-08-16T05:19:53.874Z,30.8,off,,,5
climate.camera_elena,off,2026-08-16T05:55:01.749Z,30.8,off,,,5
climate.camera_elena,off,2026-08-16T07:25:20.750Z,30.7,off,,,5
climate.camera_elena,off,2026-08-16T07:45:25.745Z,30.8,off,,,5
climate.camera_elena,off,2026-08-16T08:00:28.877Z,30.8,off,,,5
climate.camera_elena,off,2026-08-16T08:15:31.732Z,30.8,off,,,5
climate.camera_elena,off,2026-08-16T08:35:37.747Z,30.8,off,,,5
climate.camera_elena,off,2026-08-16T08:50:40.907Z,30.8,off,,,5
climate.camera_elena,off,2026-08-16T09:10:44.885Z,30.8,off,,,5
climate.camera_elena,off,2026-08-16T09:25:47.766Z,30.8,off,,,5
climate.camera_elena,off,2026-08-16T09:40:50.867Z,30.8,off,,,5
climate.camera_elena,off,2026-08-16T10:00:54.883Z,30.8,off,,,5
climate.camera_elena,off,2026-08-16T10:15:57.753Z,30.9,off,,,5
climate.camera_elena,off,2026-08-16T10:36:01.765Z,30.9,off,,,5
climate.camera_elena,off,2026-08-16T10:56:07.750Z,30.9,off,,,5
climate.camera_elena,off,2026-08-16T11:11:10.898Z,31,off,,,5
climate.camera_elena,off,2026-08-16T11:46:17.753Z,31,off,,,5
climate.camera_elena,off,2026-08-16T12:21:24.864Z,31.1,off,,,5
climate.camera_elena,off,2026-08-16T12:41:29.886Z,31.2,off,,,5
climate.camera_elena,off,2026-08-16T12:56:32.754Z,31.2,off,,,5
climate.camera_elena,off,2026-08-16T13:16:36.781Z,31.3,off,,,5
climate.camera_elena,off,2026-08-16T13:31:39.907Z,31.3,off,,,5
climate.camera_elena,off,2026-08-16T13:51:44.877Z,31.4,off,,,5
climate.camera_elena,off,2026-08-16T14:06:47.742Z,31.5,off,,,5
climate.camera_elena,off,2026-08-16T14:26:53.778Z,31.5,off,,,5
climate.camera_elena,off,2026-08-16T14:46:57.740Z,31.5,off,,,5
climate.camera_elena,off,2026-08-16T15:02:00.913Z,31.6,off,,,5
climate.camera_elena,off,2026-08-16T15:22:05.885Z,31.6,off,,,5
climate.camera_elena,off,2026-08-16T15:42:09.905Z,31.7,off,,,5
climate.camera_elena,off,2026-08-16T16:17:16.765Z,31.7,off,,,5
climate.camera_elena,off,2026-08-16T16:32:19.915Z,31.7,off,,,5
climate.camera_elena,off,2026-08-16T16:52:23.909Z,31.8,off,,,5
climate.camera_elena,off,2026-08-16T17:12:28.895Z,31.8,off,,,5
climate.camera_elena,off,2026-08-16T18:07:41.790Z,31.8,off,,,5
climate.camera_elena,off,2026-08-16T18:27:46.744Z,31.8,off,,,5
climate.camera_elena,off,2026-08-16T18:47:50.760Z,31.8,off,,,5
climate.camera_elena,off,2026-08-16T19:02:54.959Z,31.7,off,,,5
climate.camera_elena,off,2026-08-16T19:38:04.762Z,31.7,off,,,5
climate.camera_elena,off,2026-08-16T19:58:08.772Z,31.7,off,,,5
climate.camera_elena,off,2026-08-16T20:18:13.758Z,31.6,off,,,5
climate.camera_elena,off,2026-08-16T20:38:17.742Z,31.5,off,,,5
climate.camera_elena,off,2026-08-16T20:53:20.906Z,31.5,off,,,5
climate.camera_elena,off,2026-08-16T21:13:24.899Z,31.5,off,,,5
climate.camera_elena,off,2026-08-16T21:28:28.746Z,31.4,off,,,5
climate.camera_elena,off,2026-08-16T21:43:32.901Z,31.4,off,,,5
climate.camera_elena,off,2026-08-16T22:03:36.922Z,31.4,off,,,5
climate.camera_elena,off,2026-08-16T22:23:40.954Z,31.3,off,,,5
climate.camera_elena,off,2026-08-16T22:38:44.743Z,31.3,off,,,5
climate.camera_elena,off,2026-08-16T22:53:48.140Z,31.2,off,,,5
climate.camera_elena,off,2026-08-16T23:49:00.760Z,31.1,off,,,5
climate.camera_elena,off,2026-08-17T00:24:08.863Z,31.1,off,,,5
climate.camera_elena,off,2026-08-17T00:39:11.748Z,31.1,off,,,5
climate.camera_elena,off,2026-08-17T00:54:15.863Z,31.1,off,,,5
climate.camera_elena,off,2026-08-17T01:14:20.952Z,31,off,,,5
climate.camera_elena,off,2026-08-17T01:29:24.735Z,31,off,,,5
climate.camera_elena,off,2026-08-17T01:49:30.765Z,31,off,,,5
climate.camera_elena,off,2026-08-17T02:09:34.746Z,31,off,,,5
climate.camera_elena,off,2026-08-17T02:24:39.132Z,31,off,,,5
climate.camera_elena,off,2026-08-17T02:44:43.877Z,30.9,off,,,5
climate.camera_elena,off,2026-08-17T02:59:46.754Z,30.9,off,,,5
climate.camera_elena,off,2026-08-17T03:55:00.861Z,30.8,off,,,5
climate.camera_elena,off,2026-08-17T04:45:13.909Z,30.8,off,,,5
climate.camera_elena,off,2026-08-17T05:20:21.742Z,30.8,off,,,5
climate.camera_elena,off,2026-08-17T05:40:26.753Z,30.8,off,,,5
climate.camera_elena,off,2026-08-17T06:00:31.747Z,30.7,off,,,5
climate.camera_elena,off,2026-08-17T06:30:37.758Z,30.7,off,,,5
climate.camera_elena,off,2026-08-17T06:50:42.752Z,30.7,off,,,5
climate.camera_elena,off,2026-08-17T07:40:54.766Z,30.7,off,,,5
climate.camera_elena,off,2026-08-17T08:00:58.770Z,30.7,off,,,5
climate.camera_elena,off,2026-08-17T08:16:01.869Z,30.6,off,,,5
climate.camera_elena,off,2026-08-17T08:56:10.900Z,30.6,off,,,5
climate.camera_elena,off,2026-08-17T09:11:13.724Z,30.7,off,,,5
climate.camera_elena,off,2026-08-17T10:01:24.741Z,30.7,off,,,5
climate.camera_elena,off,2026-08-17T10:16:28.868Z,30.7,off,,,5
climate.camera_elena,off,2026-08-17T10:31:31.742Z,30.7,off,,,5
climate.camera_elena,off,2026-08-17T10:51:35.749Z,30.7,off,,,5
climate.camera_elena,off,2026-08-17T11:11:39.733Z,30.8,off,,,5
climate.camera_elena,off,2026-08-17T11:26:42.860Z,30.8,off,,,5
climate.camera_elena,off,2026-08-17T11:46:46.872Z,30.8,off,,,5
climate.camera_elena,off,2026-08-17T12:01:49.771Z,30.8,off,,,5
climate.camera_elena,off,2026-08-17T12:21:55.731Z,30.9,off,,,5
climate.camera_elena,off,2026-08-17T12:57:08.892Z,30.9,off,,,5
climate.camera_elena,off,2026-08-17T13:17:12.931Z,31,off,,,5
climate.camera_elena,off,2026-08-17T13:32:16.718Z,31,off,,,5
climate.camera_elena,off,2026-08-17T14:07:25.952Z,31.1,off,,,5
climate.camera_elena,off,2026-08-17T14:37:32.880Z,31.1,off,,,5
climate.camera_elena,off,2026-08-17T14:57:36.889Z,31.1,off,,,5
climate.camera_elena,off,2026-08-17T15:17:40.961Z,31.1,off,,,5
climate.camera_elena,off,2026-08-17T15:32:44.749Z,31.1,off,,,5
climate.camera_elena,off,2026-08-17T15:52:49.740Z,31.1,off,,,5
climate.camera_elena,off,2026-08-17T16:07:52.917Z,31.1,off,,,5
climate.camera_elena,off,2026-08-17T16:27:57.010Z,31.2,off,,,5
climate.camera_elena,off,2026-08-17T16:48:03.041Z,31.1,off,,,5
climate.camera_elena,off,2026-08-17T17:03:06.755Z,31.2,off,,,5
climate.camera_elena,off,2026-08-17T17:23:11.738Z,31.2,off,,,5
climate.camera_elena,off,2026-08-17T17:43:16.769Z,31.2,off,,,5
climate.camera_elena,off,2026-08-17T18:03:22.737Z,31.2,off,,,5
climate.camera_elena,off,2026-08-17T18:18:25.944Z,31.2,off,,,5
climate.camera_elena,off,2026-08-17T18:53:35.746Z,31.2,off,,,5
climate.camera_elena,off,2026-08-17T19:08:38.940Z,31.2,off,,,5
climate.camera_elena,off,2026-08-17T19:28:44.890Z,31.2,off,,,5
climate.camera_elena,off,2026-08-17T20:03:52.868Z,31.1,off,,,5
climate.camera_elena,off,2026-08-17T20:18:56.933Z,31.1,off,,,5
climate.camera_elena,off,2026-08-17T20:54:06.727Z,31.1,off,,,5
climate.camera_elena,off,2026-08-17T21:09:09.928Z,31,off,,,5
climate.camera_elena,off,2026-08-17T21:29:15.863Z,31,off,,,5
climate.camera_elena,off,2026-08-17T22:19:31.913Z,31,off,,,5
climate.camera_elena,off,2026-08-17T22:34:34.801Z,30.9,off,,,5
climate.camera_elena,off,2026-08-17T22:49:38.879Z,30.9,off,,,5
climate.camera_elena,off,2026-08-17T23:24:47.752Z,30.9,off,,,5
climate.camera_elena,off,2026-08-17T23:44:51.715Z,30.9,off,,,5
climate.camera_elena,off,2026-08-17T23:59:55.876Z,30.9,off,,,5
climate.camera_elena,off,2026-08-18T00:14:58.768Z,30.9,off,,,5
climate.camera_elena,off,2026-08-18T00:35:03.737Z,30.8,off,,,5
climate.camera_elena,off,2026-08-18T01:05:10.764Z,30.8,off,,,5
climate.camera_elena,off,2026-08-18T01:20:13.899Z,30.8,off,,,5
climate.camera_elena,off,2026-08-18T01:40:17.945Z,30.7,off,,,5
climate.camera_elena,off,2026-08-18T02:00:22.893Z,30.7,off,,,5
climate.camera_elena,off,2026-08-18T02:15:26.765Z,30.7,off,,,5
climate.camera_elena,off,2026-08-18T02:35:35.753Z,30.7,off,,,5
climate.camera_elena,off,2026-08-18T02:50:38.897Z,30.6,off,,,5
climate.camera_elena,off,2026-08-18T03:10:43.918Z,30.6,off,,,5
climate.camera_elena,off,2026-08-18T03:30:47.909Z,30.6,off,,,5
climate.camera_elena,off,2026-08-18T03:45:51.740Z,30.6,off,,,5
climate.camera_elena,off,2026-08-18T04:05:55.758Z,30.5,off,,,5
climate.camera_elena,off,2026-08-18T04:25:59.734Z,30.5,off,,,5
climate.camera_elena,off,2026-08-18T04:41:03.988Z,30.5,off,,,5
climate.camera_elena,off,2026-08-18T05:16:11.790Z,30.4,off,,,5
climate.camera_elena,off,2026-08-18T05:36:15.749Z,30.4,off,,,5
climate.camera_elena,off,2026-08-18T05:56:20.808Z,30.4,off,,,5
climate.camera_elena,off,2026-08-18T06:16:27.764Z,30.4,off,,,5
climate.camera_elena,off,2026-08-18T06:31:31.969Z,30.4,off,,,5
climate.camera_elena,off,2026-08-18T06:46:36.787Z,30.4,off,,,5
climate.camera_elena,off,2026-08-18T07:01:39.993Z,30.4,off,,,5
climate.camera_elena,off,2026-08-18T07:21:44.918Z,30.4,off,,,5
climate.camera_elena,off,2026-08-18T07:36:47.784Z,30.4,off,,,5
climate.camera_elena,off,2026-08-18T07:56:52.759Z,30.4,off,,,5
climate.camera_elena,off,2026-08-18T08:52:06.981Z,30.4,off,,,5
climate.camera_elena,off,2026-08-18T09:42:20.891Z,30.4,off,,,5
climate.camera_elena,off,2026-08-18T09:57:26.740Z,30.4,off,,,5
climate.camera_elena,off,2026-08-18T10:12:30.978Z,30.5,off,,,5
climate.camera_elena,off,2026-08-18T10:47:39.753Z,30.5,off,,,5
climate.camera_elena,off,2026-08-18T11:17:49.755Z,30.5,off,,,5
climate.camera_elena,off,2026-08-18T11:37:54.763Z,30.6,off,,,5
climate.camera_elena,off,2026-08-18T12:13:03.953Z,30.6,off,,,5
climate.camera_elena,off,2026-08-18T12:33:08.922Z,30.7,off,,,5
climate.camera_elena,off,2026-08-18T12:48:12.719Z,30.8,off,,,5
climate.camera_elena,off,2026-08-18T13:23:21.919Z,30.8,off,,,5
climate.camera_elena,off,2026-08-18T13:38:25.760Z,30.9,off,,,5
climate.camera_elena,off,2026-08-18T13:58:31.812Z,30.9,off,,,5
climate.camera_elena,off,2026-08-18T14:13:44.058Z,30.9,off,,,5
climate.camera_elena,off,2026-08-18T14:28:47.763Z,31,off,,,5
climate.camera_elena,off,2026-08-18T14:43:51.896Z,31,off,,,5
climate.camera_elena,off,2026-08-18T15:03:56.995Z,31,off,,,5
climate.camera_elena,off,2026-08-18T15:19:01.776Z,31,off,,,5
climate.camera_elena,off,2026-08-18T15:39:06.790Z,31,off,,,5
climate.camera_elena,off,2026-08-18T15:54:09.899Z,31,off,,,5
climate.camera_elena,off,2026-08-18T16:14:13.889Z,31,off,,,5
climate.camera_elena,off,2026-08-18T16:34:17.991Z,31.1,off,,,5
climate.camera_elena,off,2026-08-18T16:54:22.902Z,31.1,off,,,5
climate.camera_elena,off,2026-08-18T17:09:26.764Z,31.1,off,,,5
climate.camera_elena,off,2026-08-18T17:29:31.765Z,31.1,off,,,5
climate.camera_elena,off,2026-08-18T17:44:35.980Z,31.1,off,,,5
climate.camera_elena,off,2026-08-18T18:04:40.891Z,31.1,off,,,5
climate.camera_elena,off,2026-08-18T18:24:45.916Z,31.1,off,,,5
climate.camera_elena,off,2026-08-18T18:39:49.799Z,31.1,off,,,5
climate.camera_elena,off,2026-08-18T18:59:53.729Z,31.1,off,,,5
climate.camera_elena,off,2026-08-18T19:19:57.763Z,31,off,,,5
climate.camera_elena,off,2026-08-18T19:35:00.961Z,31,off,,,5
climate.camera_elena,off,2026-08-18T19:50:05.769Z,31,off,,,5
climate.camera_elena,off,2026-08-18T20:10:10.784Z,31,off,,,5
climate.camera_elena,off,2026-08-18T20:45:19.919Z,31,off,,,5
climate.camera_elena,off,2026-08-18T21:00:23.770Z,31,off,,,5
climate.camera_elena,off,2026-08-18T21:20:29.763Z,30.9,off,,,5
climate.camera_elena,off,2026-08-18T21:40:34.773Z,30.9,off,,,5
climate.camera_elena,off,2026-08-18T22:00:39.749Z,30.9,off,,,5
climate.camera_elena,off,2026-08-18T22:15:42.975Z,30.9,off,,,5
climate.camera_elena,off,2026-08-18T22:30:47.792Z,30.9,off,,,5
climate.camera_elena,off,2026-08-18T22:50:53.742Z,30.8,off,,,5
climate.camera_elena,off,2026-08-18T23:10:57.734Z,30.8,off,,,5
climate.camera_elena,off,2026-08-18T23:26:00.958Z,30.8,off,,,5
climate.camera_elena,off,2026-08-18T23:46:07.013Z,30.8,off,,,5
climate.camera_elena,off,2026-08-19T00:01:11.795Z,30.8,off,,,5
climate.camera_elena,off,2026-08-19T00:21:16.769Z,30.8,off,,,5
climate.camera_elena,off,2026-08-19T00:41:22.758Z,30.7,off,,,5
climate.camera_elena,off,2026-08-19T01:16:32.907Z,30.7,off,,,5
climate.camera_elena,off,2026-08-19T01:26:38.877Z,30.7,off,,,5
climate.camera_elena,off,2026-08-19T02:06:51.976Z,30.6,off,,,5
climate.camera_elena,off,2026-08-19T02:42:01.773Z,30.6,off,,,5
climate.camera_elena,off,2026-08-19T03:02:07.794Z,30.6,off,,,5
climate.camera_elena,off,2026-08-19T03:37:15.929Z,30.6,off,,,5
climate.camera_elena,off,2026-08-19T03:52:20.800Z,30.5,off,,,5
climate.camera_elena,off,2026-08-19T04:07:24.968Z,30.5,off,,,5
climate.camera_elena,off,2026-08-19T04:22:29.768Z,30.5,off,,,5
climate.camera_elena,off,2026-08-19T04:37:33.914Z,30.5,off,,,5
climate.camera_elena,off,2026-08-19T04:57:38.881Z,30.5,off,,,5
climate.camera_elena,off,2026-08-19T05:12:42.774Z,30.5,off,,,5
climate.camera_elena,off,2026-08-19T05:32:46.760Z,30.4,off,,,5
climate.camera_elena,off,2026-08-19T05:47:50.905Z,30.4,off,,,5
climate.camera_elena,off,2026-08-19T06:02:54.789Z,30.4,off,,,5
climate.camera_elena,off,2026-08-19T06:17:57.974Z,30.4,off,,,5
climate.camera_elena,off,2026-08-19T06:38:02.948Z,30.4,off,,,5
climate.camera_elena,off,2026-08-19T06:53:07.775Z,30.4,off,,,5
climate.camera_elena,off,2026-08-19T07:28:17.992Z,30.4,off,,,5
climate.camera_elena,off,2026-08-19T07:43:22.800Z,30.5,off,,,5
climate.camera_elena,off,2026-08-19T08:03:27.827Z,30.5,off,,,5
climate.camera_elena,off,2026-08-19T08:18:31.922Z,30.5,off,,,5
climate.camera_elena,off,2026-08-19T08:33:35.773Z,30.5,off,,,5
climate.camera_elena,off,2026-08-19T08:53:40.778Z,30.5,off,,,5
climate.camera_elena,off,2026-08-19T09:13:44.768Z,30.5,off,,,5
climate.camera_elena,off,2026-08-19T09:28:47.911Z,30.5,off,,,5
climate.camera_elena,off,2026-08-19T09:58:54.929Z,30.5,off,,,5
climate.camera_elena,off,2026-08-19T10:19:00.956Z,30.5,off,,,5
climate.camera_elena,off,2026-08-19T10:39:06.907Z,30.6,off,,,5
climate.camera_elena,off,2026-08-19T10:59:11.930Z,30.6,off,,,5
climate.camera_elena,off,2026-08-19T11:14:16.767Z,30.6,off,,,5
climate.camera_elena,off,2026-08-19T11:34:22.813Z,30.7,off,,,5
climate.camera_elena,off,2026-08-19T11:54:26.776Z,30.8,off,,,5
climate.camera_elena,off,2026-08-19T12:09:30.936Z,30.8,off,,,5
climate.camera_elena,off,2026-08-19T12:29:36.943Z,30.8,off,,,5
climate.camera_elena,off,2026-08-19T12:44:41.782Z,30.9,off,,,5
climate.camera_elena,off,2026-08-19T13:04:47.786Z,30.9,off,,,5
climate.camera_elena,off,2026-08-19T13:24:53.847Z,31,off,,,5
climate.camera_elena,off,2026-08-19T13:39:57.929Z,31,off,,,5
climate.camera_elena,off,2026-08-19T14:00:04.941Z,31.1,off,,,5
climate.camera_elena,off,2026-08-19T14:15:09.770Z,31.1,off,,,5
climate.camera_elena,off,2026-08-19T14:35:15.793Z,31.1,off,,,5
climate.camera_elena,off,2026-08-19T14:55:20.806Z,31.2,off,,,5
climate.camera_elena,off,2026-08-19T15:30:29.973Z,31.2,off,,,5
climate.camera_elena,off,2026-08-19T15:45:33.801Z,31.2,off,,,5
climate.camera_elena,off,2026-08-19T16:20:43.987Z,31.3,off,,,5
climate.camera_elena,off,2026-08-19T16:40:48.973Z,31.3,off,,,5
climate.camera_elena,off,2026-08-19T17:51:08.935Z,31.3,off,,,5
climate.camera_elena,off,2026-08-19T19:01:28.969Z,31.3,off,,,5
climate.camera_elena,off,2026-08-19T19:21:33.909Z,31.3,off,,,5
climate.camera_elena,off,2026-08-19T19:36:37.815Z,31.3,off,,,5
climate.camera_elena,off,2026-08-19T20:31:51.955Z,31.2,off,,,5
climate.camera_elena,off,2026-08-19T21:07:02.788Z,31.2,off,,,5
climate.camera_elena,off,2026-08-19T21:27:08.781Z,31.2,off,,,5
climate.camera_elena,off,2026-08-19T21:42:12.917Z,31.2,off,,,5
climate.camera_elena,off,2026-08-19T22:17:26.816Z,31.2,off,,,5
climate.camera_elena,off,2026-08-19T22:37:32.789Z,31.2,off,,,5
climate.camera_elena,off,2026-08-19T22:52:36.963Z,31.1,off,,,5
climate.camera_elena,off,2026-08-19T23:12:42.927Z,31.1,off,,,5
climate.camera_elena,off,2026-08-19T23:27:47.771Z,31.1,off,,,5
climate.camera_elena,off,2026-08-19T23:47:53.797Z,31.1,off,,,5
climate.camera_elena,off,2026-08-20T00:02:57.912Z,31.1,off,,,5
climate.camera_elena,off,2026-08-20T00:23:02.985Z,31.1,off,,,5
climate.camera_elena,off,2026-08-20T01:18:19.821Z,31,off,,,5
climate.camera_elena,off,2026-08-20T01:38:24.765Z,31,off,,,5
climate.camera_elena,off,2026-08-20T02:13:32.904Z,31,off,,,5
climate.camera_elena,off,2026-08-20T02:43:39.894Z,31,off,,,5
climate.camera_elena,off,2026-08-20T03:18:47.742Z,31,off,,,5
climate.camera_elena,off,2026-08-20T03:38:52.741Z,30.9,off,,,5
climate.camera_elena,off,2026-08-20T03:58:58.779Z,30.9,off,,,5
climate.camera_elena,off,2026-08-20T05:39:25.766Z,30.9,off,,,5
climate.camera_elena,off,2026-08-20T05:59:31.759Z,30.9,off,,,5
climate.camera_elena,off,2026-08-20T06:14:35.970Z,30.9,off,,,5
climate.camera_elena,off,2026-08-20T06:29:39.768Z,30.9,off,,,5
climate.camera_elena,off,2026-08-20T06:49:44.773Z,30.8,off,,,5
climate.camera_elena,off,2026-08-20T07:04:48.951Z,30.8,off,,,5
climate.camera_elena,off,2026-08-20T07:19:53.799Z,30.9,off,,,5
climate.camera_elena,off,2026-08-20T07:39:59.784Z,30.8,off,,,5
climate.camera_elena,off,2026-08-20T07:55:04.946Z,30.8,off,,,5
climate.camera_elena,off,2026-08-20T08:25:12.908Z,30.8,off,,,5
climate.camera_elena,off,2026-08-20T09:20:27.767Z,30.8,off,,,5
climate.camera_elena,off,2026-08-20T09:35:31.004Z,30.8,off,,,5
climate.camera_elena,off,2026-08-20T09:55:40.938Z,30.9,off,,,5
climate.camera_elena,off,2026-08-20T10:25:47.894Z,30.9,off,,,5
climate.camera_elena,off,2026-08-20T11:00:56.757Z,30.9,off,,,5
climate.camera_elena,off,2026-08-20T11:15:59.883Z,30.9,off,,,5
climate.camera_elena,off,2026-08-20T11:36:03.921Z,31,off,,,5
climate.camera_elena,off,2026-08-20T11:56:08.948Z,31,off,,,5
climate.camera_elena,off,2026-08-20T12:11:13.762Z,31,off,,,5
climate.camera_elena,off,2026-08-20T12:26:16.886Z,31,off,,,5
climate.camera_elena,off,2026-08-20T12:46:21.022Z,31,off,,,5
climate.camera_elena,off,2026-08-20T13:06:25.910Z,31,off,,,5
climate.camera_elena,off,2026-08-20T13:21:28.805Z,31.1,off,,,5
climate.camera_elena,off,2026-08-20T13:42:04.781Z,31.1,off,,,5
climate.camera_elena,off,2026-08-20T13:57:08.932Z,31.1,off,,,5
climate.camera_elena,off,2026-08-20T14:17:14.897Z,31.2,off,,,5
climate.camera_elena,off,2026-08-20T14:32:18.778Z,31.2,off,,,5
climate.camera_elena,off,2026-08-20T14:47:21.949Z,31.2,off,,,5
climate.camera_elena,off,2026-08-20T15:27:31.948Z,31.2,off,,,5
climate.camera_elena,off,2026-08-20T15:42:35.770Z,31.1,off,,,5
climate.camera_elena,off,2026-08-20T16:02:40.772Z,31.1,off,,,5
climate.camera_elena,off,2026-08-20T16:17:43.919Z,31.1,off,,,5
climate.camera_elena,off,2026-08-20T16:37:47.910Z,31.1,off,,,5
climate.camera_elena,off,2026-08-20T16:52:51.765Z,31.1,off,,,5
climate.camera_elena,off,2026-08-20T17:07:54.926Z,31,off,,,5
climate.camera_elena,off,2026-08-20T17:28:01.113Z,31,off,,,5
climate.camera_elena,off,2026-08-20T17:43:05.784Z,31,off,,,5
climate.camera_elena,off,2026-08-20T17:58:09.929Z,30.9,off,,,5
climate.camera_elena,off,2026-08-20T18:18:14.991Z,30.9,off,,,5
climate.camera_elena,off,2026-08-20T18:33:18.808Z,30.8,off,,,5
climate.camera_elena,off,2026-08-20T18:53:23.816Z,30.8,off,,,5
climate.camera_elena,off,2026-08-20T19:23:31.758Z,30.8,off,,,5
climate.camera_elena,off,2026-08-20T19:43:36.763Z,30.7,off,,,5
climate.camera_elena,off,2026-08-20T20:38:51.032Z,30.6,off,,,5
climate.camera_elena,off,2026-08-20T20:53:55.878Z,30.6,off,,,5
climate.camera_elena,off,2026-08-20T21:14:01.892Z,30.6,off,,,5
climate.camera_elena,off,2026-08-20T21:34:07.894Z,30.5,off,,,5
climate.camera_elena,off,2026-08-20T21:49:12.090Z,30.5,off,,,5
climate.camera_elena,off,2026-08-20T22:24:22.915Z,30.4,off,,,5
climate.camera_elena,off,2026-08-20T22:39:27.007Z,30.4,off,,,5
climate.camera_elena,off,2026-08-20T22:59:33.113Z,30.4,off,,,5
climate.camera_elena,off,2026-08-20T23:54:49.912Z,30.3,off,,,5
climate.camera_elena,off,2026-08-21T00:09:54.017Z,30.3,off,,,5
climate.camera_elena,off,2026-08-21T00:30:01.073Z,30.3,off,,,5
climate.camera_elena,off,2026-08-21T00:45:06.893Z,30.2,off,,,5
climate.camera_elena,off,2026-08-21T01:05:12.869Z,30.2,off,,,5
climate.camera_elena,off,2026-08-21T01:25:18.882Z,30.2,off,,,5
climate.camera_elena,off,2026-08-21T02:00:29.025Z,30.1,off,,,5
climate.camera_elena,off,2026-08-21T02:15:34.870Z,30.1,off,,,5
climate.camera_elena,off,2026-08-21T02:50:45.022Z,30,off,,,5
climate.camera_elena,off,2026-08-21T03:10:52.035Z,30,off,,,5
climate.camera_elena,off,2026-08-21T03:41:01.033Z,30,off,,,5
climate.camera_elena,off,2026-08-21T04:36:18.882Z,29.9,off,,,5
climate.camera_elena,off,2026-08-21T05:26:33.906Z,29.9,off,,,5
climate.camera_elena,off,2026-08-21T05:41:39.107Z,29.9,off,,,5
climate.camera_elena,off,2026-08-21T06:01:45.064Z,29.9,off,,,5
climate.camera_elena,off,2026-08-21T06:16:50.881Z,29.8,off,,,5
climate.camera_elena,off,2026-08-21T06:36:56.933Z,29.8,off,,,5
climate.camera_elena,off,2026-08-21T06:57:03.912Z,29.8,off,,,5
climate.camera_elena,off,2026-08-21T07:12:09.012Z,29.8,off,,,5
climate.camera_elena,off,2026-08-21T07:32:15.044Z,29.7,off,,,5
climate.camera_elena,off,2026-08-21T07:47:19.905Z,29.7,off,,,5
climate.camera_elena,off,2026-08-21T08:02:25.076Z,29.7,off,,,5
climate.camera_elena,off,2026-08-21T08:22:30.909Z,29.7,off,,,5
climate.camera_elena,off,2026-08-21T08:42:34.925Z,29.7,off,,,5
climate.camera_elena,off,2026-08-21T09:02:43.938Z,29.7,off,,,5
climate.camera_elena,off,2026-08-21T09:22:49.973Z,29.6,off,,,5
climate.camera_elena,off,2026-08-21T09:57:59.787Z,29.6,off,,,5
climate.camera_elena,off,2026-08-21T10:33:08.892Z,29.6,off,,,5
climate.camera_elena,off,2026-08-21T10:48:12.758Z,29.5,off,,,5
climate.camera_elena,off,2026-08-21T11:23:21.907Z,29.5,off,,,5
climate.camera_elena,off,2026-08-21T11:43:25.922Z,29.5,off,,,5
climate.camera_elena,off,2026-08-21T12:18:35.782Z,29.5,off,,,5
climate.camera_elena,off,2026-08-21T12:33:39.911Z,29.5,off,,,5
climate.camera_elena,off,2026-08-21T12:53:44.914Z,29.5,off,,,5
climate.camera_elena,off,2026-08-21T13:08:48.768Z,29.5,off,,,5
climate.camera_elena,off,2026-08-21T13:28:54.794Z,29.5,off,,,5
climate.camera_elena,off,2026-08-21T13:48:59.798Z,29.5,off,,,5
climate.camera_elena,off,2026-08-21T14:24:09.927Z,29.5,off,,,5
climate.camera_elena,off,2026-08-21T14:44:16.928Z,29.5,off,,,5
climate.camera_elena,off,2026-08-21T15:04:22.914Z,29.5,off,,,5
climate.camera_elena,off,2026-08-21T15:19:25.803Z,29.6,off,,,5
climate.camera_elena,off,2026-08-21T15:39:30.780Z,29.6,off,,,5
climate.camera_elena,off,2026-08-21T16:09:39.796Z,29.7,off,,,5
climate.camera_elena,off,2026-08-21T16:29:44.765Z,29.7,off,,,5
climate.camera_elena,off,2026-08-21T16:49:49.779Z,29.7,off,,,5
climate.camera_elena,off,2026-08-21T17:04:54.050Z,29.7,off,,,5
climate.camera_elena,off,2026-08-21T17:24:59.942Z,29.7,off,,,5
climate.camera_elena,off,2026-08-21T17:45:06.916Z,29.8,off,,,5
climate.camera_elena,off,2026-08-21T18:00:10.838Z,29.8,off,,,5
climate.camera_elena,off,2026-08-21T18:15:13.989Z,29.8,off,,,5
climate.camera_elena,off,2026-08-21T18:35:20.044Z,29.8,off,,,5
climate.camera_elena,off,2026-08-21T18:55:25.927Z,29.7,off,,,5
climate.camera_elena,off,2026-08-21T19:25:33.961Z,29.6,off,,,5
climate.camera_elena,off,2026-08-21T19:45:39.918Z,29.6,off,,,5
climate.camera_elena,off,2026-08-21T20:00:42.794Z,29.5,off,,,5
climate.camera_elena,off,2026-08-21T20:20:48.751Z,29.5,off,,,5
climate.camera_elena,off,2026-08-21T20:35:52.968Z,29.5,off,,,5
climate.camera_elena,off,2026-08-21T21:11:01.753Z,29.4,off,,,5
climate.camera_elena,off,2026-08-21T21:26:05.975Z,29.4,off,,,5
climate.camera_elena,off,2026-08-21T21:46:10.942Z,29.4,off,,,5
climate.camera_elena,off,2026-08-21T22:01:15.760Z,29.3,off,,,5
climate.camera_elena,off,2026-08-21T22:16:19.977Z,29.3,off,,,5
climate.camera_elena,off,2026-08-21T22:36:25.928Z,29.3,off,,,5
climate.camera_elena,off,2026-08-21T22:51:29.780Z,29.2,off,,,5
climate.camera_elena,off,2026-08-21T23:06:32.900Z,29.2,off,,,5
climate.camera_elena,off,2026-08-21T23:26:36.910Z,29.2,off,,,5
climate.camera_elena,off,2026-08-21T23:46:41.997Z,29.2,off,,,5
climate.camera_elena,off,2026-08-22T00:01:46.769Z,29.1,off,,,5
climate.camera_elena,off,2026-08-22T00:36:54.996Z,29.1,off,,,5
climate.camera_elena,off,2026-08-22T00:51:59.752Z,29,off,,,5
climate.camera_elena,off,2026-08-22T01:27:08.912Z,29,off,,,5
climate.camera_elena,off,2026-08-22T01:57:15.971Z,29,off,,,5
climate.camera_elena,off,2026-08-22T02:32:24.743Z,28.9,off,,,5
climate.camera_elena,off,2026-08-22T03:42:41.807Z,28.8,off,,,5
climate.camera_elena,off,2026-08-22T03:57:44.935Z,28.8,off,,,5
climate.camera_elena,off,2026-08-22T04:37:55.945Z,28.8,off,,,5
climate.camera_elena,off,2026-08-22T04:52:59.764Z,28.7,off,,,5
climate.camera_elena,off,2026-08-22T05:43:11.775Z,28.6,off,,,5
climate.camera_elena,off,2026-08-22T06:03:16.834Z,28.7,off,,,5
climate.camera_elena,off,2026-08-22T06:23:20.769Z,28.6,off,,,5
climate.camera_elena,off,2026-08-22T06:38:24.920Z,28.6,off,,,5
climate.camera_elena,off,2026-08-22T06:53:28.777Z,28.6,off,,,5
climate.camera_elena,off,2026-08-22T07:13:33.800Z,28.6,off,,,5
climate.camera_elena,off,2026-08-22T07:53:44.789Z,28.6,off,,,5
climate.camera_elena,off,2026-08-22T08:08:48.969Z,28.6,off,,,5
climate.camera_elena,off,2026-08-22T08:28:54.947Z,28.6,off,,,5
climate.camera_elena,off,2026-08-22T09:04:04.819Z,28.6,off,,,5
climate.camera_elena,off,2026-08-22T09:24:10.841Z,28.6,off,,,5
climate.camera_elena,off,2026-08-22T09:39:14.933Z,28.6,off,,,5
climate.camera_elena,off,2026-08-22T09:59:20.919Z,28.6,off,,,5
climate.camera_elena,off,2026-08-22T10:14:24.787Z,28.6,off,,,5
climate.camera_elena,off,2026-08-22T10:34:30.761Z,28.6,off,,,5
climate.camera_elena,off,2026-08-22T10:54:35.788Z,28.7,off,,,5
climate.camera_elena,off,2026-08-22T11:29:44.931Z,28.7,off,,,5
climate.camera_elena,off,2026-08-22T11:44:49.780Z,28.8,off,,,5
climate.camera_elena,off,2026-08-22T12:14:58.804Z,28.9,off,,,5
climate.camera_elena,off,2026-08-22T12:50:07.995Z,28.9,off,,,5
climate.camera_elena,off,2026-08-22T13:05:12.761Z,29,off,,,5
climate.camera_elena,off,2026-08-22T13:20:24.925Z,29,off,,,5
climate.camera_elena,off,2026-08-22T13:40:29.957Z,29,off,,,5
climate.camera_elena,off,2026-08-22T13:55:33.817Z,29,off,,,5
climate.camera_elena,off,2026-08-22T14:10:37.959Z,29.1,off,,,5
climate.camera_elena,off,2026-08-22T14:30:42.999Z,29.1,off,,,5
climate.camera_elena,off,2026-08-22T14:45:46.778Z,29.2,off,,,5
climate.camera_elena,off,2026-08-22T15:05:55.796Z,29.2,off,,,5
climate.camera_elena,off,2026-08-22T15:20:59.939Z,29.3,off,,,5
climate.camera_elena,off,2026-08-22T15:56:08.771Z,29.4,off,,,5
climate.camera_elena,off,2026-08-22T16:11:13.006Z,29.4,off,,,5
climate.camera_elena,off,2026-08-22T16:31:17.935Z,29.4,off,,,5
climate.camera_elena,off,2026-08-22T16:46:22.795Z,29.4,off,,,5
climate.camera_elena,off,2026-08-22T17:06:28.793Z,29.5,off,,,5
climate.camera_elena,off,2026-08-22T17:46:40.778Z,29.5,off,,,5
climate.camera_elena,off,2026-08-22T18:01:44.944Z,29.5,off,,,5
climate.camera_elena,off,2026-08-22T18:56:58.762Z,29.5,off,,,5
climate.camera_elena,off,2026-08-22T19:17:04.779Z,29.5,off,,,5
climate.camera_elena,off,2026-08-22T19:32:07.923Z,29.4,off,,,5
climate.camera_elena,off,2026-08-22T19:47:10.783Z,29.4,off,,,5
climate.camera_elena,off,2026-08-22T20:17:17.800Z,29.4,off,,,5
climate.camera_elena,off,2026-08-22T20:37:22.758Z,29.4,off,,,5
climate.camera_elena,off,2026-08-22T20:57:27.760Z,29.3,off,,,5
climate.camera_elena,off,2026-08-22T21:12:31.989Z,29.3,off,,,5
climate.camera_elena,off,2026-08-22T21:32:38.000Z,29.2,off,,,5
climate.camera_elena,off,2026-08-22T21:47:41.771Z,29.2,off,,,5
climate.camera_elena,off,2026-08-22T22:42:59.961Z,29.1,off,,,5
climate.camera_elena,off,2026-08-22T23:33:13.970Z,29,off,,,5
climate.camera_elena,off,2026-08-22T23:53:19.906Z,29,off,,,5
climate.camera_elena,off,2026-08-23T00:28:26.749Z,28.9,off,,,5
climate.camera_elena,off,2026-08-23T00:48:31.778Z,28.9,off,,,5
climate.camera_elena,off,2026-08-23T01:03:35.008Z,28.9,off,,,5
climate.camera_elena,off,2026-08-23T01:38:45.752Z,28.8,off,,,5
climate.camera_elena,off,2026-08-23T02:49:03.767Z,28.7,off,,,5
climate.camera_elena,off,2026-08-23T03:04:07.910Z,28.7,off,,,5
climate.camera_elena,off,2026-08-23T03:24:12.951Z,28.7,off,,,5
climate.camera_elena,off,2026-08-23T03:39:17.770Z,28.7,off,,,5
climate.camera_elena,off,2026-08-23T03:54:21.974Z,28.6,off,,,5
climate.camera_elena,off,2026-08-23T04:29:34.767Z,28.6,off,,,5
climate.camera_elena,off,2026-08-23T05:04:44.931Z,28.6,off,,,5
climate.camera_elena,off,2026-08-23T05:19:49.764Z,28.5,off,,,5
climate.camera_elena,off,2026-08-23T05:39:55.774Z,28.5,off,,,5
climate.camera_elena,off,2026-08-23T06:00:02.490Z,28.5,off,,,5
climate.camera_elena,off,2026-08-23T06:15:06.921Z,28.6,off,,,5
climate.camera_elena,off,2026-08-23T06:30:09.795Z,28.5,off,,,5
climate.camera_elena,off,2026-08-23T06:50:15.780Z,28.5,off,,,5
climate.camera_elena,off,2026-08-23T08:00:34.805Z,28.6,off,,,5
climate.camera_elena,off,2026-08-23T08:30:42.842Z,28.6,off,,,5
climate.camera_elena,off,2026-08-23T09:41:03.794Z,28.6,off,,,5
climate.camera_elena,off,2026-08-23T10:36:18.887Z,28.6,off,,,5
climate.camera_elena,off,2026-08-23T10:51:22.789Z,28.7,off,,,5
climate.camera_elena,off,2026-08-23T11:11:27.764Z,28.7,off,,,5
climate.camera_elena,off,2026-08-23T11:46:35.921Z,28.8,off,,,5
climate.camera_elena,off,2026-08-23T12:41:49.780Z,28.9,off,,,5
climate.camera_elena,off,2026-08-23T13:16:59.968Z,29,off,,,5
climate.camera_elena,off,2026-08-23T13:32:04.844Z,29,off,,,5
climate.camera_elena,off,2026-08-23T14:27:17.980Z,29.1,off,,,5
climate.camera_elena,off,2026-08-23T14:42:28.775Z,29.1,off,,,5
climate.camera_elena,off,2026-08-23T15:02:33.809Z,29.2,off,,,5
climate.camera_elena,off,2026-08-23T15:22:43.755Z,29.2,off,,,5
climate.camera_elena,off,2026-08-23T15:52:51.785Z,29.3,off,,,5
climate.camera_elena,off,2026-08-23T16:28:01.996Z,29.3,off,,,5
climate.camera_elena,off,2026-08-23T16:48:08.002Z,29.4,off,,,5
climate.camera_elena,off,2026-08-23T17:38:22.012Z,29.4,off,,,5
climate.camera_elena,off,2026-08-23T18:53:41.799Z,29.4,off,,,5
climate.camera_elena,off,2026-08-23T19:43:53.802Z,29.4,off,,,5
climate.camera_elena,off,2026-08-23T20:03:57.808Z,29.3,off,,,5
climate.camera_elena,off,2026-08-23T20:24:03.795Z,29.3,off,,,5
climate.camera_elena,off,2026-08-23T20:39:07.949Z,29.3,off,,,5
climate.camera_elena,off,2026-08-23T20:59:13.934Z,29.2,off,,,5
climate.camera_elena,off,2026-08-23T21:19:19.932Z,29.2,off,,,5
climate.camera_elena,off,2026-08-23T21:34:24.790Z,29.2,off,,,5
climate.camera_elena,off,2026-08-23T21:54:29.772Z,29.2,off,,,5
climate.camera_elena,off,2026-08-23T22:09:33.899Z,29.1,off,,,5
climate.camera_elena,off,2026-08-23T22:29:37.979Z,29.1,off,,,5
climate.camera_elena,off,2026-08-23T23:04:47.779Z,29.1,off,,,5
climate.camera_elena,off,2026-08-24T00:15:05.780Z,29,off,,,5
climate.camera_elena,off,2026-08-24T00:50:14.987Z,29,off,,,5
climate.camera_elena,off,2026-08-24T01:25:24.779Z,29,off,,,5
climate.camera_elena,off,2026-08-24T02:35:41.773Z,28.9,off,,,5
climate.camera_elena,off,2026-08-24T02:55:46.831Z,28.9,off,,,5
climate.camera_elena,off,2026-08-24T03:15:52.798Z,28.9,off,,,5
climate.camera_elena,off,2026-08-24T03:51:02.978Z,28.9,off,,,5
climate.camera_elena,off,2026-08-24T04:21:10.946Z,28.8,off,,,5
climate.camera_elena,off,2026-08-24T04:41:17.001Z,28.8,off,,,5
climate.camera_elena,off,2026-08-24T06:16:43.828Z,28.7,off,,,5
climate.camera_elena,off,2026-08-24T06:31:46.971Z,28.7,off,,,5
climate.camera_elena,off,2026-08-24T07:11:58.950Z,28.7,off,,,5
climate.camera_elena,off,2026-08-24T07:47:08.786Z,28.7,off,,,5
climate.camera_elena,off,2026-08-24T08:57:28.810Z,28.7,off,,,5
climate.camera_elena,off,2026-08-24T09:32:37.013Z,28.7,off,,,5
climate.camera_elena,off,2026-08-24T09:47:41.818Z,28.8,off,,,5
climate.camera_elena,off,2026-08-24T10:02:56.927Z,28.7,off,,,5
climate.camera_elena,off,2026-08-24T10:23:01.913Z,28.8,off,,,5
climate.camera_elena,off,2026-08-24T10:38:09.762Z,28.8,off,,,5
climate.camera_elena,off,2026-08-24T10:58:15.781Z,28.8,off,,,5
climate.camera_elena,off,2026-08-24T11:13:19.973Z,28.9,off,,,5
climate.camera_elena,off,2026-08-24T11:28:24.790Z,28.9,off,,,5
climate.camera_elena,off,2026-08-24T11:48:30.781Z,28.9,off,,,5
climate.camera_elena,off,2026-08-24T12:08:36.765Z,29,off,,,5
climate.camera_elena,off,2026-08-24T12:23:41.038Z,29,off,,,5
climate.camera_elena,off,2026-08-24T12:43:47.019Z,29,off,,,5
climate.camera_elena,off,2026-08-24T13:03:52.981Z,29,off,,,5
climate.camera_elena,off,2026-08-24T13:18:57.778Z,29.1,off,,,5
climate.camera_elena,off,2026-08-24T13:54:07.994Z,29.2,off,,,5
climate.camera_elena,off,2026-08-24T14:09:12.797Z,29.2,off,,,5
climate.camera_elena,off,2026-08-24T14:39:20.812Z,29.3,off,,,5
climate.camera_elena,off,2026-08-24T15:14:28.915Z,29.4,off,,,5
climate.camera_elena,off,2026-08-24T15:34:32.922Z,29.4,off,,,5
climate.camera_elena,off,2026-08-24T16:09:41.786Z,29.4,off,,,5
climate.camera_elena,off,2026-08-24T16:49:53.791Z,29.5,off,,,5
climate.camera_elena,off,2026-08-24T17:04:57.987Z,29.5,off,,,5
climate.camera_elena,off,2026-08-24T18:35:24.909Z,29.4,off,,,5
climate.camera_elena,off,2026-08-24T19:25:49.994Z,29.4,off,,,5
climate.camera_elena,off,2026-08-24T20:00:59.772Z,29.4,off,,,5
climate.camera_elena,off,2026-08-24T20:31:08.796Z,29.3,off,,,5
climate.camera_elena,off,2026-08-24T20:46:12.943Z,29.3,off,,,5
climate.camera_elena,off,2026-08-24T21:06:18.972Z,29.3,off,,,5
climate.camera_elena,off,2026-08-24T21:21:26.780Z,29.3,off,,,5
climate.camera_elena,off,2026-08-24T22:01:39.775Z,29.2,off,,,5
climate.camera_elena,off,2026-08-24T22:16:43.950Z,29.2,off,,,5
climate.camera_elena,off,2026-08-24T22:36:49.933Z,29.2,off,,,5
climate.camera_elena,off,2026-08-24T22:51:54.786Z,29.2,off,,,5
climate.camera_elena,off,2026-08-25T00:07:15.933Z,29.2,off,,,5
climate.camera_elena,off,2026-08-25T00:27:20.973Z,29.1,off,,,5
climate.camera_elena,off,2026-08-25T00:42:25.784Z,29.1,off,,,5
climate.camera_elena,off,2026-08-25T01:17:34.935Z,29.1,off,,,5
climate.camera_elena,off,2026-08-25T01:32:38.783Z,29.1,off,,,5
climate.camera_elena,off,2026-08-25T02:02:47.759Z,29,off,,,5
climate.camera_elena,off,2026-08-25T02:22:52.758Z,29,off,,,5
climate.camera_elena,off,2026-08-25T02:58:00.957Z,29,off,,,5
climate.camera_elena,off,2026-08-25T03:13:05.770Z,29,off,,,5
climate.camera_elena,off,2026-08-25T03:48:13.959Z,29,off,,,5
climate.camera_elena,off,2026-08-25T04:23:21.770Z,29,off,,,5
climate.camera_elena,off,2026-08-25T04:58:31.902Z,28.9,off,,,5
climate.camera_elena,off,2026-08-25T05:13:34.743Z,28.9,off,,,5
climate.camera_elena,off,2026-08-25T05:33:40.798Z,28.9,off,,,5
climate.camera_elena,off,2026-08-25T06:23:55.810Z,28.9,off,,,5
climate.camera_elena,off,2026-08-25T06:59:03.911Z,28.9,off,,,5
climate.camera_elena,off,2026-08-25T07:14:06.807Z,28.8,off,,,5
climate.camera_elena,off,2026-08-25T08:04:21.847Z,28.8,off,,,5
climate.camera_elena,off,2026-08-25T08:24:26.755Z,28.8,off,,,5
climate.camera_elena,off,2026-08-25T08:44:31.771Z,28.8,off,,,5
climate.camera_elena,off,2026-08-25T08:59:36.000Z,28.8,off,,,5
climate.camera_elena,off,2026-08-25T09:14:40.793Z,28.8,off,,,5
climate.camera_elena,off,2026-08-25T09:34:46.789Z,28.8,off,,,5
climate.camera_elena,off,2026-08-25T10:09:55.900Z,28.8,off,,,5
climate.camera_elena,off,2026-08-25T10:24:59.802Z,28.7,off,,,5
climate.camera_elena,off,2026-08-25T10:45:05.801Z,28.8,off,,,5
climate.camera_elena,off,2026-08-25T11:55:25.803Z,28.8,off,,,5
climate.camera_elena,off,2026-08-25T12:10:29.920Z,28.9,off,,,5
climate.camera_elena,off,2026-08-25T13:10:47.944Z,29,off,,,5
climate.camera_elena,off,2026-08-25T13:30:53.945Z,29,off,,,5
climate.camera_elena,off,2026-08-25T14:26:09.803Z,29.1,off,,,5
climate.camera_elena,off,2026-08-25T14:56:17.771Z,29.1,off,,,5
climate.camera_elena,off,2026-08-25T15:36:28.767Z,29.2,off,,,5
climate.camera_elena,off,2026-08-25T15:51:31.922Z,29.2,off,,,5
climate.camera_elena,off,2026-08-25T16:11:35.958Z,29.2,off,,,5
climate.camera_elena,off,2026-08-25T16:31:40.915Z,29.3,off,,,5
climate.camera_elena,off,2026-08-25T16:51:45.959Z,29.3,off,,,5
climate.camera_elena,off,2026-08-25T17:06:50.807Z,29.3,off,,,5
climate.camera_elena,off,2026-08-25T17:26:56.780Z,29.3,off,,,5
climate.camera_elena,off,2026-08-25T17:47:02.811Z,29.3,off,,,5
climate.camera_elena,off,2026-08-25T18:07:08.762Z,29.4,off,,,5
climate.camera_elena,off,2026-08-25T18:42:17.549Z,29.3,off,,,5
climate.camera_elena,off,2026-08-25T19:02:21.966Z,29.3,off,,,5
climate.camera_elena,off,2026-08-25T19:17:26.766Z,29.3,off,,,5
climate.camera_elena,off,2026-08-25T19:37:32.766Z,29.3,off,,,5
climate.camera_elena,off,2026-08-25T20:12:41.939Z,29.2,off,,,5
climate.camera_elena,off,2026-08-25T20:27:46.779Z,29.2,off,,,5
climate.camera_elena,off,2026-08-25T20:47:52.761Z,29.2,off,,,5
climate.camera_elena,off,2026-08-25T21:07:58.760Z,29.2,off,,,5
climate.camera_elena,off,2026-08-25T21:28:03.793Z,29.1,off,,,5
climate.camera_elena,off,2026-08-25T21:58:09.759Z,29.1,off,,,5
climate.camera_elena,off,2026-08-25T22:13:14.010Z,29.1,off,,,5
climate.camera_elena,off,2026-08-25T22:33:19.925Z,29.1,off,,,5
climate.camera_elena,off,2026-08-25T23:23:32.984Z,29,off,,,5
climate.camera_elena,off,2026-08-25T23:43:38.949Z,29,off,,,5
climate.camera_elena,off,2026-08-26T00:18:48.789Z,29,off,,,5
climate.camera_elena,off,2026-08-26T00:53:56.910Z,29,off,,,5
climate.camera_elena,off,2026-08-26T01:44:09.931Z,29,off,,,5
climate.camera_elena,off,2026-08-26T02:04:15.952Z,29,off,,,5
climate.camera_elena,off,2026-08-26T02:24:21.998Z,29,off,,,5
climate.camera_elena,off,2026-08-26T02:44:27.941Z,28.9,off,,,5
climate.camera_elena,off,2026-08-26T03:14:37.937Z,28.9,off,,,5
climate.camera_elena,off,2026-08-26T04:09:53.820Z,28.9,off,,,5
climate.camera_elena,off,2026-08-26T04:29:59.788Z,28.8,off,,,5
climate.camera_elena,off,2026-08-26T04:45:04.000Z,28.9,off,,,5
climate.camera_elena,off,2026-08-26T05:05:09.951Z,28.8,off,,,5
climate.camera_elena,off,2026-08-26T05:20:14.783Z,28.8,off,,,5
climate.camera_elena,off,2026-08-26T06:15:30.032Z,28.8,off,,,5
climate.camera_elena,off,2026-08-26T06:35:35.985Z,28.8,off,,,5
climate.camera_elena,off,2026-08-26T06:50:40.771Z,28.8,off,,,5
climate.camera_elena,off,2026-08-26T07:05:44.928Z,28.7,off,,,5
climate.camera_elena,off,2026-08-26T07:45:56.999Z,28.8,off,,,5
climate.camera_elena,off,2026-08-26T08:21:07.814Z,28.8,off,,,5
climate.camera_elena,off,2026-08-26T09:31:28.809Z,28.8,off,,,5
climate.camera_elena,off,2026-08-26T11:01:54.789Z,28.9,off,,,5
climate.camera_elena,off,2026-08-26T11:16:59.021Z,28.9,off,,,5
climate.camera_elena,off,2026-08-26T11:37:04.960Z,28.9,off,,,5
climate.camera_elena,off,2026-08-26T11:52:38.483Z,28.9,off,,,5
climate.camera_elena,off,2026-08-26T12:28:03.795Z,29,off,,,5
climate.camera_elena,off,2026-08-26T12:43:07.794Z,29,off,,,5
climate.camera_elena,off,2026-08-26T13:03:13.810Z,29,off,,,5
sensor.camera_e_temperatura,17.727460960066665,2025-12-31T23:00:00.000Z
sensor.camera_e_temperatura,17.19517186218889,2026-01-01T00:00:00.000Z
sensor.camera_e_temperatura,16.835971006277777,2026-01-01T01:00:00.000Z
sensor.camera_e_temperatura,16.62190711351111,2026-01-01T02:00:00.000Z
sensor.camera_e_temperatura,17.246946426291668,2026-01-01T03:00:00.000Z
sensor.camera_e_temperatura,17.27897995694722,2026-01-01T04:00:00.000Z
sensor.camera_e_temperatura,17.321473274805555,2026-01-01T05:00:00.000Z
sensor.camera_e_temperatura,20.850212425072225,2026-01-01T06:00:00.000Z
sensor.camera_e_temperatura,21.802639353719446,2026-01-01T07:00:00.000Z
sensor.camera_e_temperatura,20.956971346863888,2026-01-01T08:00:00.000Z
sensor.camera_e_temperatura,18.727007479730556,2026-01-01T09:00:00.000Z
sensor.camera_e_temperatura,17.743040316294444,2026-01-01T10:00:00.000Z
sensor.camera_e_temperatura,18.381144271497224,2026-01-01T11:00:00.000Z
sensor.camera_e_temperatura,18.17844532163056,2026-01-01T12:00:00.000Z
sensor.camera_e_temperatura,17.699694894883333,2026-01-01T13:00:00.000Z
sensor.camera_e_temperatura,18.241643009844445,2026-01-01T14:00:00.000Z
sensor.camera_e_temperatura,19.4475755827,2026-01-01T15:00:00.000Z
sensor.camera_e_temperatura,21.556838715830555,2026-01-01T16:00:00.000Z
sensor.camera_e_temperatura,22.078920463947224,2026-01-01T17:00:00.000Z
sensor.camera_e_temperatura,22.179999999999996,2026-01-01T18:00:00.000Z
sensor.camera_e_temperatura,21.255589872902778,2026-01-01T19:00:00.000Z
sensor.camera_e_temperatura,21.08862569738611,2026-01-01T20:00:00.000Z
sensor.camera_e_temperatura,20.508254428936112,2026-01-01T21:00:00.000Z
sensor.camera_e_temperatura,19.26006829335,2026-01-01T22:00:00.000Z
sensor.camera_e_temperatura,18.54539604828889,2026-01-01T23:00:00.000Z
sensor.camera_e_temperatura,17.96790004183889,2026-01-02T00:00:00.000Z
sensor.camera_e_temperatura,17.53684959555,2026-01-02T01:00:00.000Z
sensor.camera_e_temperatura,17.243508296958332,2026-01-02T02:00:00.000Z
sensor.camera_e_temperatura,16.968456998244445,2026-01-02T03:00:00.000Z
sensor.camera_e_temperatura,16.715856926544443,2026-01-02T04:00:00.000Z
sensor.camera_e_temperatura,16.9605147344,2026-01-02T05:00:00.000Z
sensor.camera_e_temperatura,20.694688784666667,2026-01-02T06:00:00.000Z
sensor.camera_e_temperatura,21.882668407861114,2026-01-02T07:00:00.000Z
sensor.camera_e_temperatura,21.174321287566666,2026-01-02T08:00:00.000Z
sensor.camera_e_temperatura,19.18149822764722,2026-01-02T09:00:00.000Z
sensor.camera_e_temperatura,18.252935264983332,2026-01-02T10:00:00.000Z
sensor.camera_e_temperatura,17.872423647619446,2026-01-02T11:00:00.000Z
sensor.camera_e_temperatura,17.607853304422225,2026-01-02T12:00:00.000Z
sensor.camera_e_temperatura,17.427480160633333,2026-01-02T13:00:00.000Z
sensor.camera_e_temperatura,17.341254689063888,2026-01-02T14:00:00.000Z
sensor.camera_e_temperatura,19.18360798096111,2026-01-02T15:00:00.000Z
sensor.camera_e_temperatura,21.80638142345555,2026-01-02T16:00:00.000Z
sensor.camera_e_temperatura,21.94619698755,2026-01-02T17:00:00.000Z
sensor.camera_e_temperatura,21.676587545180553,2026-01-02T18:00:00.000Z
sensor.camera_e_temperatura,21.62978921638611,2026-01-02T19:00:00.000Z
sensor.camera_e_temperatura,21.51539425206389,2026-01-02T20:00:00.000Z
sensor.camera_e_temperatura,20.793633790294447,2026-01-02T21:00:00.000Z
sensor.camera_e_temperatura,19.35709649658889,2026-01-02T22:00:00.000Z
sensor.camera_e_temperatura,18.54277739339722,2026-01-02T23:00:00.000Z
sensor.camera_e_temperatura,18.061091913575,2026-01-03T00:00:00.000Z
sensor.camera_e_temperatura,17.71626937711111,2026-01-03T01:00:00.000Z
sensor.camera_e_temperatura,17.512269703005554,2026-01-03T02:00:00.000Z
sensor.camera_e_temperatura,17.472852529705555,2026-01-03T03:00:00.000Z
sensor.camera_e_temperatura,17.138629151527777,2026-01-03T04:00:00.000Z
sensor.camera_e_temperatura,16.911074237452777,2026-01-03T05:00:00.000Z
sensor.camera_e_temperatura,16.72464637033889,2026-01-03T06:00:00.000Z
sensor.camera_e_temperatura,16.585992973422222,2026-01-03T07:00:00.000Z
sensor.camera_e_temperatura,18.50925525972222,2026-01-03T08:00:00.000Z
sensor.camera_e_temperatura,21.95957052192222,2026-01-03T09:00:00.000Z
sensor.camera_e_temperatura,22.39329065298889,2026-01-03T10:00:00.000Z
sensor.camera_e_temperatura,21.985817098636108,2026-01-03T11:00:00.000Z
sensor.camera_e_temperatura,20.93218831575833,2026-01-03T12:00:00.000Z
sensor.camera_e_temperatura,21.062105425066665,2026-01-03T13:00:00.000Z
sensor.camera_e_temperatura,21.176569284908332,2026-01-03T14:00:00.000Z
sensor.camera_e_temperatura,21.506209030544444,2026-01-03T15:00:00.000Z
sensor.camera_e_temperatura,21.62837883914722,2026-01-03T16:00:00.000Z
sensor.camera_e_temperatura,21.433910522655555,2026-01-03T17:00:00.000Z
sensor.camera_e_temperatura,21.234346962108333,2026-01-03T18:00:00.000Z
sensor.camera_e_temperatura,21.01880974836111,2026-01-03T19:00:00.000Z
sensor.camera_e_temperatura,19.71236677495278,2026-01-03T20:00:00.000Z
sensor.camera_e_temperatura,18.846129019591668,2026-01-03T21:00:00.000Z
sensor.camera_e_temperatura,18.369163047616667,2026-01-03T22:00:00.000Z
sensor.camera_e_temperatura,18.071868368719446,2026-01-03T23:00:00.000Z
sensor.camera_e_temperatura,17.80110628745278,2026-01-04T00:00:00.000Z
sensor.camera_e_temperatura,17.61253413252222,2026-01-04T01:00:00.000Z
sensor.camera_e_temperatura,17.418820828330556,2026-01-04T02:00:00.000Z
sensor.camera_e_temperatura,17.16709198972222,2026-01-04T03:00:00.000Z
sensor.camera_e_temperatura,17.0065233979,2026-01-04T04:00:00.000Z
sensor.camera_e_temperatura,16.883315041922224,2026-01-04T05:00:00.000Z
sensor.camera_e_temperatura,16.73852290600833,2026-01-04T06:00:00.000Z
sensor.camera_e_temperatura,16.665817832758332,2026-01-04T07:00:00.000Z
sensor.camera_e_temperatura,18.91707767229167,2026-01-04T08:00:00.000Z
sensor.camera_e_temperatura,21.971004545408334,2026-01-04T09:00:00.000Z
sensor.camera_e_temperatura,22.182635989680552,2026-01-04T10:00:00.000Z
sensor.camera_e_temperatura,21.688766935619444,2026-01-04T11:00:00.000Z
sensor.camera_e_temperatura,21.393106859769446,2026-01-04T12:00:00.000Z
sensor.camera_e_temperatura,21.379717014019445,2026-01-04T13:00:00.000Z
sensor.camera_e_temperatura,21.333372328516663,2026-01-04T14:00:00.000Z
sensor.camera_e_temperatura,21.315713792788888,2026-01-04T15:00:00.000Z
sensor.camera_e_temperatura,21.10210248076111,2026-01-04T16:00:00.000Z
sensor.camera_e_temperatura,21.05752631111111,2026-01-04T17:00:00.000Z
sensor.camera_e_temperatura,21.42080797227778,2026-01-04T18:00:00.000Z
sensor.camera_e_temperatura,21.38782190633611,2026-01-04T19:00:00.000Z
sensor.camera_e_temperatura,21.41376340020278,2026-01-04T20:00:00.000Z
sensor.camera_e_temperatura,20.831676304325,2026-01-04T21:00:00.000Z
sensor.camera_e_temperatura,19.59372764173889,2026-01-04T22:00:00.000Z
sensor.camera_e_temperatura,18.804795479066666,2026-01-04T23:00:00.000Z
sensor.camera_e_temperatura,18.42723788868889,2026-01-05T00:00:00.000Z
sensor.camera_e_temperatura,18.018042421075,2026-01-05T01:00:00.000Z
sensor.camera_e_temperatura,17.663570530169444,2026-01-05T02:00:00.000Z
sensor.camera_e_temperatura,17.374143225580557,2026-01-05T03:00:00.000Z
sensor.camera_e_temperatura,17.168504751308333,2026-01-05T04:00:00.000Z
sensor.camera_e_temperatura,17.287536246966667,2026-01-05T05:00:00.000Z
sensor.camera_e_temperatura,20.865816252794446,2026-01-05T06:00:00.000Z
sensor.camera_e_temperatura,22.252177432152777,2026-01-05T07:00:00.000Z
sensor.camera_e_temperatura,21.07866151560278,2026-01-05T08:00:00.000Z
sensor.camera_e_temperatura,19.204958027961112,2026-01-05T09:00:00.000Z
sensor.camera_e_temperatura,18.413229733894443,2026-01-05T10:00:00.000Z
sensor.camera_e_temperatura,17.99490219391389,2026-01-05T11:00:00.000Z
sensor.camera_e_temperatura,17.68274789753611,2026-01-05T12:00:00.000Z
sensor.camera_e_temperatura,17.485887574802778,2026-01-05T13:00:00.000Z
sensor.camera_e_temperatura,17.359917677466665,2026-01-05T14:00:00.000Z
sensor.camera_e_temperatura,17.868173973119443,2026-01-05T15:00:00.000Z
sensor.camera_e_temperatura,21.47286395995833,2026-01-05T16:00:00.000Z
sensor.camera_e_temperatura,22.355585563916666,2026-01-05T17:00:00.000Z
sensor.camera_e_temperatura,22.369170180041667,2026-01-05T18:00:00.000Z
sensor.camera_e_temperatura,21.638650656716663,2026-01-05T19:00:00.000Z
sensor.camera_e_temperatura,21.655922268325,2026-01-05T20:00:00.000Z
sensor.camera_e_temperatura,20.725627439125002,2026-01-05T21:00:00.000Z
sensor.camera_e_temperatura,19.23805308948611,2026-01-05T22:00:00.000Z
sensor.camera_e_temperatura,18.491976531621212,2026-01-05T23:00:00.000Z
sensor.camera_e_temperatura,18.20344054008333,2026-01-06T00:00:00.000Z
sensor.camera_e_temperatura,18.2,2026-01-06T01:00:00.000Z
sensor.camera_e_temperatura,17.955391532569443,2026-01-06T02:00:00.000Z
sensor.camera_e_temperatura,17.130160340388887,2026-01-06T03:00:00.000Z
sensor.camera_e_temperatura,16.864791165938886,2026-01-06T04:00:00.000Z
sensor.camera_e_temperatura,16.707953070244447,2026-01-06T05:00:00.000Z
sensor.camera_e_temperatura,16.69,2026-01-06T06:00:00.000Z
sensor.camera_e_temperatura,16.69,2026-01-06T07:00:00.000Z
sensor.camera_e_temperatura,19.205675290452778,2026-01-06T08:00:00.000Z
sensor.camera_e_temperatura,18.841711665400002,2026-01-06T09:00:00.000Z
sensor.camera_e_temperatura,18.179612664813888,2026-01-06T10:00:00.000Z
sensor.camera_e_temperatura,18.016551553116667,2026-01-06T11:00:00.000Z
sensor.camera_e_temperatura,17.69364281897778,2026-01-06T12:00:00.000Z
sensor.camera_e_temperatura,17.67878389579722,2026-01-06T13:00:00.000Z
sensor.camera_e_temperatura,17.75656194879722,2026-01-06T14:00:00.000Z
sensor.camera_e_temperatura,19.76625750072778,2026-01-06T15:00:00.000Z
sensor.camera_e_temperatura,22.184408712519446,2026-01-06T16:00:00.000Z
sensor.camera_e_temperatura,22.364093219013892,2026-01-06T17:00:00.000Z
sensor.camera_e_temperatura,21.45154696674722,2026-01-06T18:00:00.000Z
sensor.camera_e_temperatura,20.860354866205558,2026-01-06T19:00:00.000Z
sensor.camera_e_temperatura,21.266990970250003,2026-01-06T20:00:00.000Z
sensor.camera_e_temperatura,20.555810785791667,2026-01-06T21:00:00.000Z
sensor.camera_e_temperatura,19.28362093251111,2026-01-06T22:00:00.000Z
sensor.camera_e_temperatura,18.50587811814444,2026-01-06T23:00:00.000Z
sensor.camera_e_temperatura,17.983457584527777,2026-01-07T00:00:00.000Z
sensor.camera_e_temperatura,17.576835421808333,2026-01-07T01:00:00.000Z
sensor.camera_e_temperatura,17.334976166997222,2026-01-07T02:00:00.000Z
sensor.camera_e_temperatura,17.05001389008611,2026-01-07T03:00:00.000Z
sensor.camera_e_temperatura,16.849548013794443,2026-01-07T04:00:00.000Z
sensor.camera_e_temperatura,16.714987370633335,2026-01-07T05:00:00.000Z
sensor.camera_e_temperatura,19.88732664961111,2026-01-07T06:00:00.000Z
sensor.camera_e_temperatura,21.469807888544448,2026-01-07T07:00:00.000Z
sensor.camera_e_temperatura,20.73034334118611,2026-01-07T08:00:00.000Z
sensor.camera_e_temperatura,19.037288161647222,2026-01-07T09:00:00.000Z
sensor.camera_e_temperatura,18.275840435091666,2026-01-07T10:00:00.000Z
sensor.camera_e_temperatura,17.910791824744447,2026-01-07T11:00:00.000Z
sensor.camera_e_temperatura,17.689083416272222,2026-01-07T12:00:00.000Z
sensor.camera_e_temperatura,17.562670613655555,2026-01-07T13:00:00.000Z
sensor.camera_e_temperatura,17.446871465961113,2026-01-07T14:00:00.000Z
sensor.camera_e_temperatura,19.464083351066666,2026-01-07T15:00:00.000Z
sensor.camera_e_temperatura,22.407627310794442,2026-01-07T16:00:00.000Z
sensor.camera_e_temperatura,22.86261494492778,2026-01-07T17:00:00.000Z
sensor.camera_e_temperatura,22.212310075505556,2026-01-07T18:00:00.000Z
sensor.camera_e_temperatura,21.52829330938611,2026-01-07T19:00:00.000Z
sensor.camera_e_temperatura,21.90667404891111,2026-01-07T20:00:00.000Z
sensor.camera_e_temperatura,21.490631737505556,2026-01-07T21:00:00.000Z
sensor.camera_e_temperatura,19.581742678047224,2026-01-07T22:00:00.000Z
sensor.camera_e_temperatura,18.595393515730557,2026-01-07T23:00:00.000Z
sensor.camera_e_temperatura,18.23,2026-01-08T00:00:00.000Z
sensor.camera_e_temperatura,17.732962998599998,2026-01-08T01:00:00.000Z
sensor.camera_e_temperatura,17.30440941102222,2026-01-08T02:00:00.000Z
sensor.camera_e_temperatura,17.056871516386114,2026-01-08T03:00:00.000Z
sensor.camera_e_temperatura,16.8598275392,2026-01-08T04:00:00.000Z
sensor.camera_e_temperatura,17.001411311833333,2026-01-08T05:00:00.000Z
sensor.camera_e_temperatura,21.753908430483335,2026-01-08T06:00:00.000Z
sensor.camera_e_temperatura,22.261076875816666,2026-01-08T07:00:00.000Z
sensor.camera_e_temperatura,20.9863753207,2026-01-08T08:00:00.000Z
sensor.camera_e_temperatura,19.29503269502778,2026-01-08T09:00:00.000Z
sensor.camera_e_temperatura,18.451367935294446,2026-01-08T10:00:00.000Z
sensor.camera_e_temperatura,17.984223749369445,2026-01-08T11:00:00.000Z
sensor.camera_e_temperatura,17.702260703183335,2026-01-08T12:00:00.000Z
sensor.camera_e_temperatura,17.816159071005558,2026-01-08T13:00:00.000Z
sensor.camera_e_temperatura,18.68975608205,2026-01-08T14:00:00.000Z
sensor.camera_e_temperatura,19.702995228905554,2026-01-08T15:00:00.000Z
sensor.camera_e_temperatura,21.718571867227777,2026-01-08T16:00:00.000Z
sensor.camera_e_temperatura,22.283709775466665,2026-01-08T17:00:00.000Z
sensor.camera_e_temperatura,22.42344327901111,2026-01-08T18:00:00.000Z
sensor.camera_e_temperatura,22.11250271674167,2026-01-08T19:00:00.000Z
sensor.camera_e_temperatura,21.732414539572222,2026-01-08T20:00:00.000Z
sensor.camera_e_temperatura,20.868369238525,2026-01-08T21:00:00.000Z
sensor.camera_e_temperatura,19.612161467941668,2026-01-08T22:00:00.000Z
sensor.camera_e_temperatura,18.84714517863611,2026-01-08T23:00:00.000Z
sensor.camera_e_temperatura,18.132042328016666,2026-01-09T00:00:00.000Z
sensor.camera_e_temperatura,17.720520545525,2026-01-09T01:00:00.000Z
sensor.camera_e_temperatura,17.445488406511114,2026-01-09T02:00:00.000Z
sensor.camera_e_temperatura,17.187708656977776,2026-01-09T03:00:00.000Z
sensor.camera_e_temperatura,17.025715949713888,2026-01-09T04:00:00.000Z
sensor.camera_e_temperatura,17.043946693716666,2026-01-09T05:00:00.000Z
sensor.camera_e_temperatura,20.30075461193611,2026-01-09T06:00:00.000Z
sensor.camera_e_temperatura,21.423656547158334,2026-01-09T07:00:00.000Z
sensor.camera_e_temperatura,20.72571802215,2026-01-09T08:00:00.000Z
sensor.camera_e_temperatura,19.10211113014722,2026-01-09T09:00:00.000Z
sensor.camera_e_temperatura,18.349207788911112,2026-01-09T10:00:00.000Z
sensor.camera_e_temperatura,17.966101955886113,2026-01-09T11:00:00.000Z
sensor.camera_e_temperatura,17.73945473919722,2026-01-09T12:00:00.000Z
sensor.camera_e_temperatura,17.59994737805,2026-01-09T13:00:00.000Z
sensor.camera_e_temperatura,17.508358833691666,2026-01-09T14:00:00.000Z
sensor.camera_e_temperatura,19.49216713361389,2026-01-09T15:00:00.000Z
sensor.camera_e_temperatura,22.05076520466389,2026-01-09T16:00:00.000Z
sensor.camera_e_temperatura,22.591418781775,2026-01-09T17:00:00.000Z
sensor.camera_e_temperatura,22.603094375861108,2026-01-09T18:00:00.000Z
sensor.camera_e_temperatura,21.953986047497224,2026-01-09T19:00:00.000Z
sensor.camera_e_temperatura,21.748738915127777,2026-01-09T20:00:00.000Z
sensor.camera_e_temperatura,21.05092944047222,2026-01-09T21:00:00.000Z
sensor.camera_e_temperatura,19.687165118680557,2026-01-09T22:00:00.000Z
sensor.camera_e_temperatura,18.895564508933333,2026-01-09T23:00:00.000Z
sensor.camera_e_temperatura,18.4151971325,2026-01-10T00:00:00.000Z
sensor.camera_e_temperatura,18.040753446408335,2026-01-10T01:00:00.000Z
sensor.camera_e_temperatura,17.764873434569445,2026-01-10T02:00:00.000Z
sensor.camera_e_temperatura,17.52265973816944,2026-01-10T03:00:00.000Z
sensor.camera_e_temperatura,17.3253803769,2026-01-10T04:00:00.000Z
sensor.camera_e_temperatura,17.132773686177778,2026-01-10T05:00:00.000Z
sensor.camera_e_temperatura,16.976933324452776,2026-01-10T06:00:00.000Z
sensor.camera_e_temperatura,16.849484299108337,2026-01-10T07:00:00.000Z
sensor.camera_e_temperatura,19.271529194058335,2026-01-10T08:00:00.000Z
sensor.camera_e_temperatura,22.129041395397223,2026-01-10T09:00:00.000Z
sensor.camera_e_temperatura,22.409758580080553,2026-01-10T10:00:00.000Z
sensor.camera_e_temperatura,22.24528891752222,2026-01-10T11:00:00.000Z
sensor.camera_e_temperatura,21.291603516933332,2026-01-10T12:00:00.000Z
sensor.camera_e_temperatura,21.31187268461111,2026-01-10T13:00:00.000Z
sensor.camera_e_temperatura,21.249485814602778,2026-01-10T14:00:00.000Z
sensor.camera_e_temperatura,21.322644175894442,2026-01-10T15:00:00.000Z
sensor.camera_e_temperatura,21.344442106508335,2026-01-10T16:00:00.000Z
sensor.camera_e_temperatura,21.225419201105556,2026-01-10T17:00:00.000Z
sensor.camera_e_temperatura,20.951566667155557,2026-01-10T18:00:00.000Z
sensor.camera_e_temperatura,21.266473076988888,2026-01-10T19:00:00.000Z
sensor.camera_e_temperatura,21.186289764480556,2026-01-10T20:00:00.000Z
sensor.camera_e_temperatura,20.70384229306389,2026-01-10T21:00:00.000Z
sensor.camera_e_temperatura,19.417336529675,2026-01-10T22:00:00.000Z
sensor.camera_e_temperatura,18.710916501325,2026-01-10T23:00:00.000Z
sensor.camera_e_temperatura,18.245536049,2026-01-11T00:00:00.000Z
sensor.camera_e_temperatura,17.98866833046389,2026-01-11T01:00:00.000Z
sensor.camera_e_temperatura,17.82,2026-01-11T02:00:00.000Z
sensor.camera_e_temperatura,17.685039627600002,2026-01-11T03:00:00.000Z
sensor.camera_e_temperatura,17.155087852177775,2026-01-11T04:00:00.000Z
sensor.camera_e_temperatura,16.964405252519445,2026-01-11T05:00:00.000Z
sensor.camera_e_temperatura,16.804882043969442,2026-01-11T06:00:00.000Z
sensor.camera_e_temperatura,16.676046506272225,2026-01-11T07:00:00.000Z
sensor.camera_e_temperatura,18.632983152469446,2026-01-11T08:00:00.000Z
sensor.camera_e_temperatura,21.464867198575003,2026-01-11T09:00:00.000Z
sensor.camera_e_temperatura,21.691585709055555,2026-01-11T10:00:00.000Z
sensor.camera_e_temperatura,21.00229548536667,2026-01-11T11:00:00.000Z
sensor.camera_e_temperatura,20.705484093916667,2026-01-11T12:00:00.000Z
sensor.camera_e_temperatura,20.642816294605556,2026-01-11T13:00:00.000Z
sensor.camera_e_temperatura,20.42644599398889,2026-01-11T14:00:00.000Z
sensor.camera_e_temperatura,20.322620443080556,2026-01-11T15:00:00.000Z
sensor.camera_e_temperatura,20.45209879366389,2026-01-11T16:00:00.000Z
sensor.camera_e_temperatura,20.370103151061112,2026-01-11T17:00:00.000Z
sensor.camera_e_temperatura,20.402298853963888,2026-01-11T18:00:00.000Z
sensor.camera_e_temperatura,20.39889836983611,2026-01-11T19:00:00.000Z
sensor.camera_e_temperatura,20.70547601353611,2026-01-11T20:00:00.000Z
sensor.camera_e_temperatura,20.38944886790278,2026-01-11T21:00:00.000Z
sensor.camera_e_temperatura,19.410460863972222,2026-01-11T22:00:00.000Z
sensor.camera_e_temperatura,18.851243908652776,2026-01-11T23:00:00.000Z
sensor.camera_e_temperatura,18.45223365932222,2026-01-12T00:00:00.000Z
sensor.camera_e_temperatura,18.16735074203611,2026-01-12T01:00:00.000Z
sensor.camera_e_temperatura,17.830910664208332,2026-01-12T02:00:00.000Z
sensor.camera_e_temperatura,17.602384426258332,2026-01-12T03:00:00.000Z
sensor.camera_e_temperatura,17.373960894019444,2026-01-12T04:00:00.000Z
sensor.camera_e_temperatura,17.494785132636114,2026-01-12T05:00:00.000Z
sensor.camera_e_temperatura,21.608044086819444,2026-01-12T06:00:00.000Z
sensor.camera_e_temperatura,22.025331318847222,2026-01-12T07:00:00.000Z
sensor.camera_e_temperatura,21.085408084608336,2026-01-12T08:00:00.000Z
sensor.camera_e_temperatura,19.66796978231389,2026-01-12T09:00:00.000Z
sensor.camera_e_temperatura,18.79511680136111,2026-01-12T10:00:00.000Z
sensor.camera_e_temperatura,18.339850366133334,2026-01-12T11:00:00.000Z
sensor.camera_e_temperatura,18.094187375755556,2026-01-12T12:00:00.000Z
sensor.camera_e_temperatura,17.980465304375,2026-01-12T13:00:00.000Z
sensor.camera_e_temperatura,17.935096543752778,2026-01-12T14:00:00.000Z
sensor.camera_e_temperatura,19.59410440198611,2026-01-12T15:00:00.000Z
sensor.camera_e_temperatura,22.442347767555557,2026-01-12T16:00:00.000Z
sensor.camera_e_temperatura,22.511106679058333,2026-01-12T17:00:00.000Z
sensor.camera_e_temperatura,21.638184090861113,2026-01-12T18:00:00.000Z
sensor.camera_e_temperatura,21.084950835630554,2026-01-12T19:00:00.000Z
sensor.camera_e_temperatura,21.067767970661112,2026-01-12T20:00:00.000Z
sensor.camera_e_temperatura,20.722010449508335,2026-01-12T21:00:00.000Z
sensor.camera_e_temperatura,19.510562849908336,2026-01-12T22:00:00.000Z
sensor.camera_e_temperatura,18.85345415118611,2026-01-12T23:00:00.000Z
sensor.camera_e_temperatura,18.36388984493611,2026-01-13T00:00:00.000Z
sensor.camera_e_temperatura,18.070692589044445,2026-01-13T01:00:00.000Z
sensor.camera_e_temperatura,17.79546956761389,2026-01-13T02:00:00.000Z
sensor.camera_e_temperatura,17.616128827283333,2026-01-13T03:00:00.000Z
sensor.camera_e_temperatura,17.557009004369444,2026-01-13T04:00:00.000Z
sensor.camera_e_temperatura,17.528027252713887,2026-01-13T05:00:00.000Z
sensor.camera_e_temperatura,20.018548878758335,2026-01-13T06:00:00.000Z
sensor.camera_e_temperatura,21.462581147369445,2026-01-13T07:00:00.000Z
sensor.camera_e_temperatura,20.930555080219445,2026-01-13T08:00:00.000Z
sensor.camera_e_temperatura,19.326643363008333,2026-01-13T09:00:00.000Z
sensor.camera_e_temperatura,18.569778233683333,2026-01-13T10:00:00.000Z
sensor.camera_e_temperatura,18.170461633516666,2026-01-13T11:00:00.000Z
sensor.camera_e_temperatura,17.94841496501389,2026-01-13T12:00:00.000Z
sensor.camera_e_temperatura,17.788764266111112,2026-01-13T13:00:00.000Z
sensor.camera_e_temperatura,17.674414723722222,2026-01-13T14:00:00.000Z
sensor.camera_e_temperatura,19.496112727791665,2026-01-13T15:00:00.000Z
sensor.camera_e_temperatura,22.323962770761113,2026-01-13T16:00:00.000Z
sensor.camera_e_temperatura,22.60268688715,2026-01-13T17:00:00.000Z
sensor.camera_e_temperatura,22.20369539406389,2026-01-13T18:00:00.000Z
sensor.camera_e_temperatura,21.8350538784,2026-01-13T19:00:00.000Z
sensor.camera_e_temperatura,21.469040290063887,2026-01-13T20:00:00.000Z
sensor.camera_e_temperatura,20.857817158558333,2026-01-13T21:00:00.000Z
sensor.camera_e_temperatura,19.921339355991666,2026-01-13T22:00:00.000Z
sensor.camera_e_temperatura,19.42417194491667,2026-01-13T23:00:00.000Z
sensor.camera_e_temperatura,18.928871791847225,2026-01-14T00:00:00.000Z
sensor.camera_e_temperatura,18.63517599150556,2026-01-14T01:00:00.000Z
sensor.camera_e_temperatura,18.407473943580555,2026-01-14T02:00:00.000Z
sensor.camera_e_temperatura,18.225816007466666,2026-01-14T03:00:00.000Z
sensor.camera_e_temperatura,18.0628100196,2026-01-14T04:00:00.000Z
sensor.camera_e_temperatura,18.13768309293889,2026-01-14T05:00:00.000Z
sensor.camera_e_temperatura,21.511104525300002,2026-01-14T06:00:00.000Z
sensor.camera_e_temperatura,22.465806789938885,2026-01-14T07:00:00.000Z
sensor.camera_e_temperatura,21.943779592588893,2026-01-14T08:00:00.000Z
sensor.camera_e_temperatura,20.23773616998611,2026-01-14T09:00:00.000Z
sensor.camera_e_temperatura,19.25945575143611,2026-01-14T10:00:00.000Z
sensor.camera_e_temperatura,18.75035996478889,2026-01-14T11:00:00.000Z
sensor.camera_e_temperatura,18.496435030841667,2026-01-14T12:00:00.000Z
sensor.camera_e_temperatura,18.244068611644444,2026-01-14T13:00:00.000Z
sensor.camera_e_temperatura,18.073231164605556,2026-01-14T14:00:00.000Z
sensor.camera_e_temperatura,19.04644034535,2026-01-14T15:00:00.000Z
sensor.camera_e_temperatura,22.083079337855555,2026-01-14T16:00:00.000Z
sensor.camera_e_temperatura,22.56130370834722,2026-01-14T17:00:00.000Z
sensor.camera_e_temperatura,22.373266096566667,2026-01-14T18:00:00.000Z
sensor.camera_e_temperatura,21.914101704205553,2026-01-14T19:00:00.000Z
sensor.camera_e_temperatura,19.58252850539722,2026-01-14T20:00:00.000Z
sensor.camera_e_temperatura,17.863313116363887,2026-01-14T21:00:00.000Z
sensor.camera_e_temperatura,17.69590379865278,2026-01-14T22:00:00.000Z
sensor.camera_e_temperatura,17.728815263430555,2026-01-14T23:00:00.000Z
sensor.camera_e_temperatura,17.76758230545278,2026-01-15T00:00:00.000Z
sensor.camera_e_temperatura,17.624371885200002,2026-01-15T01:00:00.000Z
sensor.camera_e_temperatura,17.48397405481389,2026-01-15T02:00:00.000Z
sensor.camera_e_temperatura,17.465238560105558,2026-01-15T03:00:00.000Z
sensor.camera_e_temperatura,17.417246036575,2026-01-15T04:00:00.000Z
sensor.camera_e_temperatura,17.415101203583333,2026-01-15T05:00:00.000Z
sensor.camera_e_temperatura,17.525564148552778,2026-01-15T06:00:00.000Z
sensor.camera_e_temperatura,17.87748394728889,2026-01-15T07:00:00.000Z
sensor.camera_e_temperatura,17.919846843258334,2026-01-15T08:00:00.000Z
sensor.camera_e_temperatura,17.88165491063611,2026-01-15T09:00:00.000Z
sensor.camera_e_temperatura,17.760091494033333,2026-01-15T10:00:00.000Z
sensor.camera_e_temperatura,17.654887010605556,2026-01-15T11:00:00.000Z
sensor.camera_e_temperatura,17.596563658733334,2026-01-15T12:00:00.000Z
sensor.camera_e_temperatura,17.547432063180555,2026-01-15T13:00:00.000Z
sensor.camera_e_temperatura,17.51022609971111,2026-01-15T14:00:00.000Z
sensor.camera_e_temperatura,17.645891373730553,2026-01-15T15:00:00.000Z
sensor.camera_e_temperatura,18.070719932550002,2026-01-15T16:00:00.000Z
sensor.camera_e_temperatura,18.50280964286667,2026-01-15T17:00:00.000Z
sensor.camera_e_temperatura,18.487738927991668,2026-01-15T18:00:00.000Z
sensor.camera_e_temperatura,18.516303978591665,2026-01-15T19:00:00.000Z
sensor.camera_e_temperatura,18.590148203025,2026-01-15T20:00:00.000Z
sensor.camera_e_temperatura,18.59320678674722,2026-01-15T21:00:00.000Z
sensor.camera_e_temperatura,18.46999862811111,2026-01-15T22:00:00.000Z
sensor.camera_e_temperatura,18.384566404311112,2026-01-15T23:00:00.000Z
sensor.camera_e_temperatura,18.348180611069445,2026-01-16T00:00:00.000Z
sensor.camera_e_temperatura,18.251429022055557,2026-01-16T01:00:00.000Z
sensor.camera_e_temperatura,18.201545175986112,2026-01-16T02:00:00.000Z
sensor.camera_e_temperatura,18.172875179833333,2026-01-16T03:00:00.000Z
sensor.camera_e_temperatura,18.057422134333333,2026-01-16T04:00:00.000Z
sensor.camera_e_temperatura,17.995669894147223,2026-01-16T05:00:00.000Z
sensor.camera_e_temperatura,18.131603984580554,2026-01-16T06:00:00.000Z
sensor.camera_e_temperatura,18.378693805191666,2026-01-16T07:00:00.000Z
sensor.camera_e_temperatura,18.373623158330556,2026-01-16T08:00:00.000Z
sensor.camera_e_temperatura,18.298907415313888,2026-01-16T09:00:00.000Z
sensor.camera_e_temperatura,18.176486736308334,2026-01-16T10:00:00.000Z
sensor.camera_e_temperatura,18.07064891525278,2026-01-16T11:00:00.000Z
sensor.camera_e_temperatura,17.988038415955558,2026-01-16T12:00:00.000Z
sensor.camera_e_temperatura,17.920287644144445,2026-01-16T13:00:00.000Z
sensor.camera_e_temperatura,17.874149060755553,2026-01-16T14:00:00.000Z
sensor.camera_e_temperatura,17.93172084148889,2026-01-16T15:00:00.000Z
sensor.camera_e_temperatura,18.277101976375,2026-01-16T16:00:00.000Z
sensor.camera_e_temperatura,18.460719543558334,2026-01-16T17:00:00.000Z
sensor.camera_e_temperatura,18.49433408141389,2026-01-16T18:00:00.000Z
sensor.camera_e_temperatura,18.591550386416667,2026-01-16T19:00:00.000Z
sensor.camera_e_temperatura,18.800541676191667,2026-01-16T20:00:00.000Z
sensor.camera_e_temperatura,18.840664493044443,2026-01-16T21:00:00.000Z
sensor.camera_e_temperatura,18.735257267308334,2026-01-16T22:00:00.000Z
sensor.camera_e_temperatura,18.605767459358333,2026-01-16T23:00:00.000Z
sensor.camera_e_temperatura,18.507272213622223,2026-01-17T00:00:00.000Z
sensor.camera_e_temperatura,18.44386519575,2026-01-17T01:00:00.000Z
sensor.camera_e_temperatura,18.547716678205557,2026-01-17T02:00:00.000Z
sensor.camera_e_temperatura,18.464567982230555,2026-01-17T03:00:00.000Z
sensor.camera_e_temperatura,18.395040898580557,2026-01-17T04:00:00.000Z
sensor.camera_e_temperatura,18.32421255541667,2026-01-17T05:00:00.000Z
sensor.camera_e_temperatura,18.296896972227778,2026-01-17T06:00:00.000Z
sensor.camera_e_temperatura,18.174467145530553,2026-01-17T07:00:00.000Z
sensor.camera_e_temperatura,18.167579782769444,2026-01-17T08:00:00.000Z
sensor.camera_e_temperatura,18.519337979769446,2026-01-17T09:00:00.000Z
sensor.camera_e_temperatura,18.877823106125,2026-01-17T10:00:00.000Z
sensor.camera_e_temperatura,18.89376363971111,2026-01-17T11:00:00.000Z
sensor.camera_e_temperatura,18.909886522469446,2026-01-17T12:00:00.000Z
sensor.camera_e_temperatura,18.980915177091667,2026-01-17T13:00:00.000Z
sensor.camera_e_temperatura,18.93422725159167,2026-01-17T14:00:00.000Z
sensor.camera_e_temperatura,18.902592711491668,2026-01-17T15:00:00.000Z
sensor.camera_e_temperatura,18.888661216658335,2026-01-17T16:00:00.000Z
sensor.camera_e_temperatura,19.01630002130278,2026-01-17T17:00:00.000Z
sensor.camera_e_temperatura,19.111515758811112,2026-01-17T18:00:00.000Z
sensor.camera_e_temperatura,19.14903565058889,2026-01-17T19:00:00.000Z
sensor.camera_e_temperatura,19.145145568233332,2026-01-17T20:00:00.000Z
sensor.camera_e_temperatura,19.231224708827778,2026-01-17T21:00:00.000Z
sensor.camera_e_temperatura,19.316332656627775,2026-01-17T22:00:00.000Z
sensor.camera_e_temperatura,19.303043125530554,2026-01-17T23:00:00.000Z
sensor.camera_e_temperatura,19.099394852455557,2026-01-18T00:00:00.000Z
sensor.camera_e_temperatura,19.026593751891667,2026-01-18T01:00:00.000Z
sensor.camera_e_temperatura,18.926411774861112,2026-01-18T02:00:00.000Z
sensor.camera_e_temperatura,18.926833717066668,2026-01-18T03:00:00.000Z
sensor.camera_e_temperatura,18.849876585569444,2026-01-18T04:00:00.000Z
sensor.camera_e_temperatura,18.752169276141668,2026-01-18T05:00:00.000Z
sensor.camera_e_temperatura,18.6983414566,2026-01-18T06:00:00.000Z
sensor.camera_e_temperatura,18.585654439927776,2026-01-18T07:00:00.000Z
sensor.camera_e_temperatura,18.55920641487222,2026-01-18T08:00:00.000Z
sensor.camera_e_temperatura,18.801125246394445,2026-01-18T09:00:00.000Z
sensor.camera_e_temperatura,18.925573621269447,2026-01-18T10:00:00.000Z
sensor.camera_e_temperatura,18.944945855908333,2026-01-18T11:00:00.000Z
sensor.camera_e_temperatura,18.940224064505557,2026-01-18T12:00:00.000Z
sensor.camera_e_temperatura,18.94713040818333,2026-01-18T13:00:00.000Z
sensor.camera_e_temperatura,19.219583140919443,2026-01-18T14:00:00.000Z
sensor.camera_e_temperatura,19.26279236666111,2026-01-18T15:00:00.000Z
sensor.camera_e_temperatura,19.219059345855555,2026-01-18T16:00:00.000Z
sensor.camera_e_temperatura,19.492008928480555,2026-01-18T17:00:00.000Z
sensor.camera_e_temperatura,19.3934147264,2026-01-18T18:00:00.000Z
sensor.camera_e_temperatura,19.373869285575,2026-01-18T19:00:00.000Z
sensor.camera_e_temperatura,19.222083732822224,2026-01-18T20:00:00.000Z
sensor.camera_e_temperatura,19.30284106518889,2026-01-18T21:00:00.000Z
sensor.camera_e_temperatura,19.317725755494443,2026-01-18T22:00:00.000Z
sensor.camera_e_temperatura,19.263647111472224,2026-01-18T23:00:00.000Z
sensor.camera_e_temperatura,19.353325188922224,2026-01-19T00:00:00.000Z
sensor.camera_e_temperatura,19.286467010616665,2026-01-19T01:00:00.000Z
sensor.camera_e_temperatura,19.154336939916668,2026-01-19T02:00:00.000Z
sensor.camera_e_temperatura,19.01562622476111,2026-01-19T03:00:00.000Z
sensor.camera_e_temperatura,18.900329565763887,2026-01-19T04:00:00.000Z
sensor.camera_e_temperatura,18.872252719922223,2026-01-19T05:00:00.000Z
sensor.camera_e_temperatura,18.893392492027775,2026-01-19T06:00:00.000Z
sensor.camera_e_temperatura,18.907722506158333,2026-01-19T07:00:00.000Z
sensor.camera_e_temperatura,18.823326596661108,2026-01-19T08:00:00.000Z
sensor.camera_e_temperatura,18.754662122933333,2026-01-19T09:00:00.000Z
sensor.camera_e_temperatura,18.665174694858333,2026-01-19T10:00:00.000Z
sensor.camera_e_temperatura,18.581745418069445,2026-01-19T11:00:00.000Z
sensor.camera_e_temperatura,18.50898840791389,2026-01-19T12:00:00.000Z
sensor.camera_e_temperatura,18.455554824291667,2026-01-19T13:00:00.000Z
sensor.camera_e_temperatura,18.454124253322224,2026-01-19T14:00:00.000Z
sensor.camera_e_temperatura,18.73112565905,2026-01-19T15:00:00.000Z
sensor.camera_e_temperatura,19.042910521211112,2026-01-19T16:00:00.000Z
sensor.camera_e_temperatura,19.33657026178611,2026-01-19T17:00:00.000Z
sensor.camera_e_temperatura,19.104555641138887,2026-01-19T18:00:00.000Z
sensor.camera_e_temperatura,19.01021049646111,2026-01-19T19:00:00.000Z
sensor.camera_e_temperatura,18.918284260591665,2026-01-19T20:00:00.000Z
sensor.camera_e_temperatura,18.8705791922,2026-01-19T21:00:00.000Z
sensor.camera_e_temperatura,18.88380770638611,2026-01-19T22:00:00.000Z
sensor.camera_e_temperatura,18.865993450138888,2026-01-19T23:00:00.000Z
sensor.camera_e_temperatura,18.850746340752778,2026-01-20T00:00:00.000Z
sensor.camera_e_temperatura,18.797639529244446,2026-01-20T01:00:00.000Z
sensor.camera_e_temperatura,18.677808951205556,2026-01-20T02:00:00.000Z
sensor.camera_e_temperatura,18.619147034569444,2026-01-20T03:00:00.000Z
sensor.camera_e_temperatura,18.53459384941111,2026-01-20T04:00:00.000Z
sensor.camera_e_temperatura,18.372814365127777,2026-01-20T05:00:00.000Z
sensor.camera_e_temperatura,18.477816556766665,2026-01-20T06:00:00.000Z
sensor.camera_e_temperatura,18.58977345491389,2026-01-20T07:00:00.000Z
sensor.camera_e_temperatura,18.455555378591665,2026-01-20T08:00:00.000Z
sensor.camera_e_temperatura,18.367631128538886,2026-01-20T09:00:00.000Z
sensor.camera_e_temperatura,18.241709051316665,2026-01-20T10:00:00.000Z
sensor.camera_e_temperatura,18.154549433130555,2026-01-20T11:00:00.000Z
sensor.camera_e_temperatura,18.113271339702777,2026-01-20T12:00:00.000Z
sensor.camera_e_temperatura,18.094227130794444,2026-01-20T13:00:00.000Z
sensor.camera_e_temperatura,18.06546442443611,2026-01-20T14:00:00.000Z
sensor.camera_e_temperatura,18.077826942002776,2026-01-20T15:00:00.000Z
sensor.camera_e_temperatura,18.33066483961389,2026-01-20T16:00:00.000Z
sensor.camera_e_temperatura,18.799364143455556,2026-01-20T17:00:00.000Z
sensor.camera_e_temperatura,18.972911137152778,2026-01-20T18:00:00.000Z
sensor.camera_e_temperatura,18.948707339394446,2026-01-20T19:00:00.000Z
sensor.camera_e_temperatura,18.895681650780556,2026-01-20T20:00:00.000Z
sensor.camera_e_temperatura,18.64195961827222,2026-01-20T21:00:00.000Z
sensor.camera_e_temperatura,18.656945263466667,2026-01-20T22:00:00.000Z
sensor.camera_e_temperatura,18.613421655283332,2026-01-20T23:00:00.000Z
sensor.camera_e_temperatura,18.44305160726111,2026-01-21T00:00:00.000Z
sensor.camera_e_temperatura,18.415690245975,2026-01-21T01:00:00.000Z
sensor.camera_e_temperatura,18.36604401052222,2026-01-21T02:00:00.000Z
sensor.camera_e_temperatura,18.179894009475,2026-01-21T03:00:00.000Z
sensor.camera_e_temperatura,17.99106969455,2026-01-21T04:00:00.000Z
sensor.camera_e_temperatura,17.946004763655555,2026-01-21T05:00:00.000Z
sensor.camera_e_temperatura,18.09463412032778,2026-01-21T06:00:00.000Z
sensor.camera_e_temperatura,18.315565003252775,2026-01-21T07:00:00.000Z
sensor.camera_e_temperatura,18.204008415341665,2026-01-21T08:00:00.000Z
sensor.camera_e_temperatura,18.05099876235,2026-01-21T09:00:00.000Z
sensor.camera_e_temperatura,17.92906064610278,2026-01-21T10:00:00.000Z
sensor.camera_e_temperatura,17.885175478455555,2026-01-21T11:00:00.000Z
sensor.camera_e_temperatura,17.857810294375,2026-01-21T12:00:00.000Z
sensor.camera_e_temperatura,17.887870628513888,2026-01-21T13:00:00.000Z
sensor.camera_e_temperatura,17.91754321978889,2026-01-21T14:00:00.000Z
sensor.camera_e_temperatura,17.972877341797222,2026-01-21T15:00:00.000Z
sensor.camera_e_temperatura,18.086446217244447,2026-01-21T16:00:00.000Z
sensor.camera_e_temperatura,18.28249979346111,2026-01-21T17:00:00.000Z
sensor.camera_e_temperatura,18.406279061030556,2026-01-21T18:00:00.000Z
sensor.camera_e_temperatura,18.473361701597224,2026-01-21T19:00:00.000Z
sensor.camera_e_temperatura,18.741973684938888,2026-01-21T20:00:00.000Z
sensor.camera_e_temperatura,18.766186718561112,2026-01-21T21:00:00.000Z
sensor.camera_e_temperatura,18.51439960097778,2026-01-21T22:00:00.000Z
sensor.camera_e_temperatura,18.423528707372224,2026-01-21T23:00:00.000Z
sensor.camera_e_temperatura,18.35207005398889,2026-01-22T00:00:00.000Z
sensor.camera_e_temperatura,18.25308731726111,2026-01-22T01:00:00.000Z
sensor.camera_e_temperatura,18.18155061888889,2026-01-22T02:00:00.000Z
sensor.camera_e_temperatura,18.015984469063888,2026-01-22T03:00:00.000Z
sensor.camera_e_temperatura,17.836498256149998,2026-01-22T04:00:00.000Z
sensor.camera_e_temperatura,17.72920883267222,2026-01-22T05:00:00.000Z
sensor.camera_e_temperatura,17.9245833282,2026-01-22T06:00:00.000Z
sensor.camera_e_temperatura,18.194075055908332,2026-01-22T07:00:00.000Z
sensor.camera_e_temperatura,18.076696580858336,2026-01-22T08:00:00.000Z
sensor.camera_e_temperatura,17.940011116805554,2026-01-22T09:00:00.000Z
sensor.camera_e_temperatura,17.83480536791667,2026-01-22T10:00:00.000Z
sensor.camera_e_temperatura,17.73111082739722,2026-01-22T11:00:00.000Z
sensor.camera_e_temperatura,17.685370388516667,2026-01-22T12:00:00.000Z
sensor.camera_e_temperatura,17.683893778261112,2026-01-22T13:00:00.000Z
sensor.camera_e_temperatura,17.71846684562222,2026-01-22T14:00:00.000Z
sensor.camera_e_temperatura,17.846898384455557,2026-01-22T15:00:00.000Z
sensor.camera_e_temperatura,18.111126322155556,2026-01-22T16:00:00.000Z
sensor.camera_e_temperatura,18.44916329935278,2026-01-22T17:00:00.000Z
sensor.camera_e_temperatura,18.39903114948611,2026-01-22T18:00:00.000Z
sensor.camera_e_temperatura,18.316305438816666,2026-01-22T19:00:00.000Z
sensor.camera_e_temperatura,18.324829303430555,2026-01-22T20:00:00.000Z
sensor.camera_e_temperatura,18.36528325598611,2026-01-22T21:00:00.000Z
sensor.camera_e_temperatura,18.31700212188889,2026-01-22T22:00:00.000Z
sensor.camera_e_temperatura,18.293816812266666,2026-01-22T23:00:00.000Z
sensor.camera_e_temperatura,18.175713904522222,2026-01-23T00:00:00.000Z
sensor.camera_e_temperatura,18.099909880169445,2026-01-23T01:00:00.000Z
sensor.camera_e_temperatura,18.015427685430556,2026-01-23T02:00:00.000Z
sensor.camera_e_temperatura,17.933356196330553,2026-01-23T03:00:00.000Z
sensor.camera_e_temperatura,17.895145617727778,2026-01-23T04:00:00.000Z
sensor.camera_e_temperatura,17.758524871294444,2026-01-23T05:00:00.000Z
sensor.camera_e_temperatura,17.832669747755556,2026-01-23T06:00:00.000Z
sensor.camera_e_temperatura,18.10941155655,2026-01-23T07:00:00.000Z
sensor.camera_e_temperatura,18.079610642744445,2026-01-23T08:00:00.000Z
sensor.camera_e_temperatura,17.986557401194442,2026-01-23T09:00:00.000Z
sensor.camera_e_temperatura,17.896669671622224,2026-01-23T10:00:00.000Z
sensor.camera_e_temperatura,17.822175166216667,2026-01-23T11:00:00.000Z
sensor.camera_e_temperatura,17.7282789661,2026-01-23T12:00:00.000Z
sensor.camera_e_temperatura,17.671938780441668,2026-01-23T13:00:00.000Z
sensor.camera_e_temperatura,17.62934764776111,2026-01-23T14:00:00.000Z
sensor.camera_e_temperatura,17.892166631469447,2026-01-23T15:00:00.000Z
sensor.camera_e_temperatura,18.335510655136112,2026-01-23T16:00:00.000Z
sensor.camera_e_temperatura,18.434688069180556,2026-01-23T17:00:00.000Z
sensor.camera_e_temperatura,18.493176450283332,2026-01-23T18:00:00.000Z
sensor.camera_e_temperatura,18.63655897248889,2026-01-23T19:00:00.000Z
sensor.camera_e_temperatura,18.687947151866666,2026-01-23T20:00:00.000Z
sensor.camera_e_temperatura,18.679981514466668,2026-01-23T21:00:00.000Z
sensor.camera_e_temperatura,18.53115914326111,2026-01-23T22:00:00.000Z
sensor.camera_e_temperatura,18.432659115361112,2026-01-23T23:00:00.000Z
sensor.camera_e_temperatura,18.385940881858332,2026-01-24T00:00:00.000Z
sensor.camera_e_temperatura,18.32822349776667,2026-01-24T01:00:00.000Z
sensor.camera_e_temperatura,18.2202626724,2026-01-24T02:00:00.000Z
sensor.camera_e_temperatura,18.126359709705557,2026-01-24T03:00:00.000Z
sensor.camera_e_temperatura,18.024551073155553,2026-01-24T04:00:00.000Z
sensor.camera_e_temperatura,17.95132548615,2026-01-24T05:00:00.000Z
sensor.camera_e_temperatura,17.898571610758335,2026-01-24T06:00:00.000Z
sensor.camera_e_temperatura,17.783145399183336,2026-01-24T07:00:00.000Z
sensor.camera_e_temperatura,17.759480057944444,2026-01-24T08:00:00.000Z
sensor.camera_e_temperatura,18.033257627866664,2026-01-24T09:00:00.000Z
sensor.camera_e_temperatura,18.512630855969444,2026-01-24T10:00:00.000Z
sensor.camera_e_temperatura,18.799413632641667,2026-01-24T11:00:00.000Z
sensor.camera_e_temperatura,18.726060537980555,2026-01-24T12:00:00.000Z
sensor.camera_e_temperatura,18.615861064858333,2026-01-24T13:00:00.000Z
sensor.camera_e_temperatura,18.817894606308332,2026-01-24T14:00:00.000Z
sensor.camera_e_temperatura,18.826954653858333,2026-01-24T15:00:00.000Z
sensor.camera_e_temperatura,18.69934440018333,2026-01-24T16:00:00.000Z
sensor.camera_e_temperatura,18.639481192244446,2026-01-24T17:00:00.000Z
sensor.camera_e_temperatura,18.706754631488888,2026-01-24T18:00:00.000Z
sensor.camera_e_temperatura,18.688958015269446,2026-01-24T19:00:00.000Z
sensor.camera_e_temperatura,18.58970532635833,2026-01-24T20:00:00.000Z
sensor.camera_e_temperatura,18.51471062585833,2026-01-24T21:00:00.000Z
sensor.camera_e_temperatura,18.496917394805553,2026-01-24T22:00:00.000Z
sensor.camera_e_temperatura,18.53671945649722,2026-01-24T23:00:00.000Z
sensor.camera_e_temperatura,18.592543920233332,2026-01-25T00:00:00.000Z
sensor.camera_e_temperatura,18.57038748537778,2026-01-25T01:00:00.000Z
sensor.camera_e_temperatura,18.592523876241668,2026-01-25T02:00:00.000Z
sensor.camera_e_temperatura,18.420535547644445,2026-01-25T03:00:00.000Z
sensor.camera_e_temperatura,18.400353199344444,2026-01-25T04:00:00.000Z
sensor.camera_e_temperatura,18.344588219569445,2026-01-25T05:00:00.000Z
sensor.camera_e_temperatura,18.232674063116665,2026-01-25T06:00:00.000Z
sensor.camera_e_temperatura,18.08493418636667,2026-01-25T07:00:00.000Z
sensor.camera_e_temperatura,17.98371970039722,2026-01-25T08:00:00.000Z
sensor.camera_e_temperatura,18.32125071938611,2026-01-25T09:00:00.000Z
sensor.camera_e_temperatura,18.873899272844444,2026-01-25T10:00:00.000Z
sensor.camera_e_temperatura,19.125429063897222,2026-01-25T11:00:00.000Z
sensor.camera_e_temperatura,18.889393219269447,2026-01-25T12:00:00.000Z
sensor.camera_e_temperatura,18.715981669141666,2026-01-25T13:00:00.000Z
sensor.camera_e_temperatura,18.921451000225,2026-01-25T14:00:00.000Z
sensor.camera_e_temperatura,18.947769711405556,2026-01-25T15:00:00.000Z
sensor.camera_e_temperatura,18.744882239327776,2026-01-25T16:00:00.000Z
sensor.camera_e_temperatura,18.623511241180555,2026-01-25T17:00:00.000Z
sensor.camera_e_temperatura,18.623076933608335,2026-01-25T18:00:00.000Z
sensor.camera_e_temperatura,18.5670929806,2026-01-25T19:00:00.000Z
sensor.camera_e_temperatura,18.440998888074997,2026-01-25T20:00:00.000Z
sensor.camera_e_temperatura,18.62870301553611,2026-01-25T21:00:00.000Z
sensor.camera_e_temperatura,18.437984419191668,2026-01-25T22:00:00.000Z
sensor.camera_e_temperatura,18.439439979188887,2026-01-25T23:00:00.000Z
sensor.camera_e_temperatura,18.371287478955555,2026-01-26T00:00:00.000Z
sensor.camera_e_temperatura,18.360923239216664,2026-01-26T01:00:00.000Z
sensor.camera_e_temperatura,18.31302056676389,2026-01-26T02:00:00.000Z
sensor.camera_e_temperatura,18.203333943066667,2026-01-26T03:00:00.000Z
sensor.camera_e_temperatura,18.11543353995,2026-01-26T04:00:00.000Z
sensor.camera_e_temperatura,18.061872230113888,2026-01-26T05:00:00.000Z
sensor.camera_e_temperatura,18.151327966483333,2026-01-26T06:00:00.000Z
sensor.camera_e_temperatura,18.379851740680554,2026-01-26T07:00:00.000Z
sensor.camera_e_temperatura,18.313264890413887,2026-01-26T08:00:00.000Z
sensor.camera_e_temperatura,18.196447206616664,2026-01-26T09:00:00.000Z
sensor.camera_e_temperatura,18.096645735855557,2026-01-26T10:00:00.000Z
sensor.camera_e_temperatura,18.02900295016111,2026-01-26T11:00:00.000Z
sensor.camera_e_temperatura,18.007376251991666,2026-01-26T12:00:00.000Z
sensor.camera_e_temperatura,18.03444105876389,2026-01-26T13:00:00.000Z
sensor.camera_e_temperatura,18.105521513794443,2026-01-26T14:00:00.000Z
sensor.camera_e_temperatura,18.225289282497222,2026-01-26T15:00:00.000Z
sensor.camera_e_temperatura,18.531101628258334,2026-01-26T16:00:00.000Z
sensor.camera_e_temperatura,18.902727768252777,2026-01-26T17:00:00.000Z
sensor.camera_e_temperatura,19.000798236175,2026-01-26T18:00:00.000Z
sensor.camera_e_temperatura,18.856444950166665,2026-01-26T19:00:00.000Z
sensor.camera_e_temperatura,18.765136463758335,2026-01-26T20:00:00.000Z
sensor.camera_e_temperatura,18.811314136033335,2026-01-26T21:00:00.000Z
sensor.camera_e_temperatura,18.76701119979722,2026-01-26T22:00:00.000Z
sensor.camera_e_temperatura,18.67384859326667,2026-01-26T23:00:00.000Z
sensor.camera_e_temperatura,18.62731197869722,2026-01-27T00:00:00.000Z
sensor.camera_e_temperatura,18.565367821941667,2026-01-27T01:00:00.000Z
sensor.camera_e_temperatura,18.452346571099998,2026-01-27T02:00:00.000Z
sensor.camera_e_temperatura,18.343198326977777,2026-01-27T03:00:00.000Z
sensor.camera_e_temperatura,18.13964268046389,2026-01-27T04:00:00.000Z
sensor.camera_e_temperatura,17.988565943455555,2026-01-27T05:00:00.000Z
sensor.camera_e_temperatura,17.92036183736111,2026-01-27T06:00:00.000Z
sensor.camera_e_temperatura,17.84689342521389,2026-01-27T07:00:00.000Z
sensor.camera_e_temperatura,17.668531100227778,2026-01-27T08:00:00.000Z
sensor.camera_e_temperatura,17.530647606544445,2026-01-27T09:00:00.000Z
sensor.camera_e_temperatura,17.45663249374167,2026-01-27T10:00:00.000Z
sensor.camera_e_temperatura,17.416346988558335,2026-01-27T11:00:00.000Z
sensor.camera_e_temperatura,17.403366480758333,2026-01-27T12:00:00.000Z
sensor.camera_e_temperatura,17.41,2026-01-27T13:00:00.000Z
sensor.camera_e_temperatura,17.414068872911113,2026-01-27T14:00:00.000Z
sensor.camera_e_temperatura,17.471925623247223,2026-01-27T15:00:00.000Z
sensor.camera_e_temperatura,17.59361395278889,2026-01-27T16:00:00.000Z
sensor.camera_e_temperatura,17.697396316558336,2026-01-27T17:00:00.000Z
sensor.camera_e_temperatura,17.5316912481,2026-01-27T18:00:00.000Z
sensor.camera_e_temperatura,17.647109001841667,2026-01-27T19:00:00.000Z
sensor.camera_e_temperatura,17.81299335642778,2026-01-27T20:00:00.000Z
sensor.camera_e_temperatura,17.869079893991668,2026-01-27T21:00:00.000Z
sensor.camera_e_temperatura,17.786202183577778,2026-01-27T22:00:00.000Z
sensor.camera_e_temperatura,17.661721575422224,2026-01-27T23:00:00.000Z
sensor.camera_e_temperatura,17.716118806666667,2026-01-28T00:00:00.000Z
sensor.camera_e_temperatura,17.728137603877776,2026-01-28T01:00:00.000Z
sensor.camera_e_temperatura,17.724145195533332,2026-01-28T02:00:00.000Z
sensor.camera_e_temperatura,17.68489435803889,2026-01-28T03:00:00.000Z
sensor.camera_e_temperatura,17.67784459988889,2026-01-28T04:00:00.000Z
sensor.camera_e_temperatura,17.86335605362778,2026-01-28T05:00:00.000Z
sensor.camera_e_temperatura,17.772226388333333,2026-01-28T06:00:00.000Z
sensor.camera_e_temperatura,18.07257085378889,2026-01-28T07:00:00.000Z
sensor.camera_e_temperatura,18.107235427027778,2026-01-28T08:00:00.000Z
sensor.camera_e_temperatura,17.933886545944443,2026-01-28T09:00:00.000Z
sensor.camera_e_temperatura,17.834938451133333,2026-01-28T10:00:00.000Z
sensor.camera_e_temperatura,17.697167165255554,2026-01-28T11:00:00.000Z
sensor.camera_e_temperatura,17.6248692788,2026-01-28T12:00:00.000Z
sensor.camera_e_temperatura,17.571532626080554,2026-01-28T13:00:00.000Z
sensor.camera_e_temperatura,17.527894826794444,2026-01-28T14:00:00.000Z
sensor.camera_e_temperatura,17.534247618130554,2026-01-28T15:00:00.000Z
sensor.camera_e_temperatura,17.79886116056111,2026-01-28T16:00:00.000Z
sensor.camera_e_temperatura,18.41347216653333,2026-01-28T17:00:00.000Z
sensor.camera_e_temperatura,18.68042509125,2026-01-28T18:00:00.000Z
sensor.camera_e_temperatura,18.63209760263611,2026-01-28T19:00:00.000Z
sensor.camera_e_temperatura,18.461978779305557,2026-01-28T20:00:00.000Z
sensor.camera_e_temperatura,18.540475979577778,2026-01-28T21:00:00.000Z
sensor.camera_e_temperatura,18.68113220123611,2026-01-28T22:00:00.000Z
sensor.camera_e_temperatura,18.606409129247222,2026-01-28T23:00:00.000Z
sensor.camera_e_temperatura,18.557865131416666,2026-01-29T00:00:00.000Z
sensor.camera_e_temperatura,18.432124102983334,2026-01-29T01:00:00.000Z
sensor.camera_e_temperatura,18.341987383027778,2026-01-29T02:00:00.000Z
sensor.camera_e_temperatura,18.208887127325,2026-01-29T03:00:00.000Z
sensor.camera_e_temperatura,18.137340845297224,2026-01-29T04:00:00.000Z
sensor.camera_e_temperatura,18.082269518975,2026-01-29T05:00:00.000Z
sensor.camera_e_temperatura,18.148125122730555,2026-01-29T06:00:00.000Z
sensor.camera_e_temperatura,18.3638252582,2026-01-29T07:00:00.000Z
sensor.camera_e_temperatura,18.380132668383332,2026-01-29T08:00:00.000Z
sensor.camera_e_temperatura,18.310278695375,2026-01-29T09:00:00.000Z
sensor.camera_e_temperatura,18.180251377041667,2026-01-29T10:00:00.000Z
sensor.camera_e_temperatura,18.059847282099998,2026-01-29T11:00:00.000Z
sensor.camera_e_temperatura,17.971870296644443,2026-01-29T12:00:00.000Z
sensor.camera_e_temperatura,17.929175273869443,2026-01-29T13:00:00.000Z
sensor.camera_e_temperatura,17.91799582743889,2026-01-29T14:00:00.000Z
sensor.camera_e_temperatura,17.929880304608332,2026-01-29T15:00:00.000Z
sensor.camera_e_temperatura,18.259810605050003,2026-01-29T16:00:00.000Z
sensor.camera_e_temperatura,18.607258251583332,2026-01-29T17:00:00.000Z
sensor.camera_e_temperatura,18.698009094069445,2026-01-29T18:00:00.000Z
sensor.camera_e_temperatura,18.737739824883334,2026-01-29T19:00:00.000Z
sensor.camera_e_temperatura,18.76281575279722,2026-01-29T20:00:00.000Z
sensor.camera_e_temperatura,18.698043207766666,2026-01-29T21:00:00.000Z
sensor.camera_e_temperatura,18.68147588995278,2026-01-29T22:00:00.000Z
sensor.camera_e_temperatura,18.589103496891667,2026-01-29T23:00:00.000Z
sensor.camera_e_temperatura,18.453533803519445,2026-01-30T00:00:00.000Z
sensor.camera_e_temperatura,18.40458789875,2026-01-30T01:00:00.000Z
sensor.camera_e_temperatura,18.317095649788886,2026-01-30T02:00:00.000Z
sensor.camera_e_temperatura,18.15423598945,2026-01-30T03:00:00.000Z
sensor.camera_e_temperatura,18.00493163318889,2026-01-30T04:00:00.000Z
sensor.camera_e_temperatura,17.912343403327778,2026-01-30T05:00:00.000Z
sensor.camera_e_temperatura,18.023217610319445,2026-01-30T06:00:00.000Z
sensor.camera_e_temperatura,18.32047229736111,2026-01-30T07:00:00.000Z
sensor.camera_e_temperatura,18.338513100744443,2026-01-30T08:00:00.000Z
sensor.camera_e_temperatura,18.256341018677777,2026-01-30T09:00:00.000Z
sensor.camera_e_temperatura,18.140022248397223,2026-01-30T10:00:00.000Z
sensor.camera_e_temperatura,18.053735431219444,2026-01-30T11:00:00.000Z
sensor.camera_e_temperatura,17.99664091921111,2026-01-30T12:00:00.000Z
sensor.camera_e_temperatura,18.014760302080557,2026-01-30T13:00:00.000Z
sensor.camera_e_temperatura,18.05969932200833,2026-01-30T14:00:00.000Z
sensor.camera_e_temperatura,18.165239161555554,2026-01-30T15:00:00.000Z
sensor.camera_e_temperatura,18.554683991919443,2026-01-30T16:00:00.000Z
sensor.camera_e_temperatura,18.76536517891111,2026-01-30T17:00:00.000Z
sensor.camera_e_temperatura,18.758662625255557,2026-01-30T18:00:00.000Z
sensor.camera_e_temperatura,18.682754163444443,2026-01-30T19:00:00.000Z
sensor.camera_e_temperatura,18.751755202480556,2026-01-30T20:00:00.000Z
sensor.camera_e_temperatura,18.90645158635,2026-01-30T21:00:00.000Z
sensor.camera_e_temperatura,18.975894183911112,2026-01-30T22:00:00.000Z
sensor.camera_e_temperatura,18.83297237960278,2026-01-30T23:00:00.000Z
sensor.camera_e_temperatura,18.713769925938887,2026-01-31T00:00:00.000Z
sensor.camera_e_temperatura,18.586768243205555,2026-01-31T01:00:00.000Z
sensor.camera_e_temperatura,18.49864079690278,2026-01-31T02:00:00.000Z
sensor.camera_e_temperatura,18.413984508841665,2026-01-31T03:00:00.000Z
sensor.camera_e_temperatura,18.31597798071111,2026-01-31T04:00:00.000Z
sensor.camera_e_temperatura,18.244902405233333,2026-01-31T05:00:00.000Z
sensor.camera_e_temperatura,18.159256852519444,2026-01-31T06:00:00.000Z
sensor.camera_e_temperatura,18.155364576855558,2026-01-31T07:00:00.000Z
sensor.camera_e_temperatura,18.036405414383335,2026-01-31T08:00:00.000Z
sensor.camera_e_temperatura,17.932788969055554,2026-01-31T09:00:00.000Z
sensor.camera_e_temperatura,17.900423576380557,2026-01-31T10:00:00.000Z
sensor.camera_e_temperatura,17.87457764281111,2026-01-31T11:00:00.000Z
sensor.camera_e_temperatura,17.854927160844444,2026-01-31T12:00:00.000Z
sensor.camera_e_temperatura,17.859175669455556,2026-01-31T13:00:00.000Z
sensor.camera_e_temperatura,17.87,2026-01-31T14:00:00.000Z
sensor.camera_e_temperatura,17.871518898219446,2026-01-31T15:00:00.000Z
sensor.camera_e_temperatura,17.875193052544443,2026-01-31T16:00:00.000Z
sensor.camera_e_temperatura,17.838789476808333,2026-01-31T17:00:00.000Z
sensor.camera_e_temperatura,17.75944114046389,2026-01-31T18:00:00.000Z
sensor.camera_e_temperatura,17.671358386816667,2026-01-31T19:00:00.000Z
sensor.camera_e_temperatura,17.592041367958334,2026-01-31T20:00:00.000Z
sensor.camera_e_temperatura,17.512571884519442,2026-01-31T21:00:00.000Z
sensor.camera_e_temperatura,17.438761298566668,2026-01-31T22:00:00.000Z
sensor.camera_e_temperatura,17.397765681236113,2026-01-31T23:00:00.000Z
sensor.camera_e_temperatura,17.35844202153333,2026-02-01T00:00:00.000Z
sensor.camera_e_temperatura,17.286392029325,2026-02-01T01:00:00.000Z
sensor.camera_e_temperatura,17.22351144042222,2026-02-01T02:00:00.000Z
sensor.camera_e_temperatura,17.15888908289167,2026-02-01T03:00:00.000Z
sensor.camera_e_temperatura,17.10581083645,2026-02-01T04:00:00.000Z
sensor.camera_e_temperatura,17.052736313963887,2026-02-01T05:00:00.000Z
sensor.camera_e_temperatura,16.995953999941666,2026-02-01T06:00:00.000Z
sensor.camera_e_temperatura,16.959889157672222,2026-02-01T07:00:00.000Z
sensor.camera_e_temperatura,16.933312887380556,2026-02-01T08:00:00.000Z
sensor.camera_e_temperatura,16.93,2026-02-01T09:00:00.000Z
sensor.camera_e_temperatura,16.938273091225,2026-02-01T10:00:00.000Z
sensor.camera_e_temperatura,16.956644777319443,2026-02-01T11:00:00.000Z
sensor.camera_e_temperatura,16.977832079597224,2026-02-01T12:00:00.000Z
sensor.camera_e_temperatura,16.985952905816667,2026-02-01T13:00:00.000Z
sensor.camera_e_temperatura,17.02008208366667,2026-02-01T14:00:00.000Z
sensor.camera_e_temperatura,17.153307112977778,2026-02-01T15:00:00.000Z
sensor.camera_e_temperatura,17.514043110808334,2026-02-01T16:00:00.000Z
sensor.camera_e_temperatura,17.822923974183336,2026-02-01T17:00:00.000Z
sensor.camera_e_temperatura,18.247059392766666,2026-02-01T18:00:00.000Z
sensor.camera_e_temperatura,18.736878016922223,2026-02-01T19:00:00.000Z
sensor.camera_e_temperatura,18.934051649775,2026-02-01T20:00:00.000Z
sensor.camera_e_temperatura,18.954297416708332,2026-02-01T21:00:00.000Z
sensor.camera_e_temperatura,18.903487663744446,2026-02-01T22:00:00.000Z
sensor.camera_e_temperatura,18.784918315499997,2026-02-01T23:00:00.000Z
sensor.camera_e_temperatura,18.61366757862778,2026-02-02T00:00:00.000Z
sensor.camera_e_temperatura,18.410110456183332,2026-02-02T01:00:00.000Z
sensor.camera_e_temperatura,18.269155664469444,2026-02-02T02:00:00.000Z
sensor.camera_e_temperatura,18.134411042105558,2026-02-02T03:00:00.000Z
sensor.camera_e_temperatura,18.05962925923889,2026-02-02T04:00:00.000Z
sensor.camera_e_temperatura,18.032703314672222,2026-02-02T05:00:00.000Z
sensor.camera_e_temperatura,18.15248021913889,2026-02-02T06:00:00.000Z
sensor.camera_e_temperatura,18.373050258744446,2026-02-02T07:00:00.000Z
sensor.camera_e_temperatura,18.295604705733336,2026-02-02T08:00:00.000Z
sensor.camera_e_temperatura,18.173294563194446,2026-02-02T09:00:00.000Z
sensor.camera_e_temperatura,18.154212487905557,2026-02-02T10:00:00.000Z
sensor.camera_e_temperatura,18.037083225761112,2026-02-02T11:00:00.000Z
sensor.camera_e_temperatura,17.97744703160833,2026-02-02T12:00:00.000Z
sensor.camera_e_temperatura,17.95317079542222,2026-02-02T13:00:00.000Z
sensor.camera_e_temperatura,17.955872404811114,2026-02-02T14:00:00.000Z
sensor.camera_e_temperatura,18.011663054302776,2026-02-02T15:00:00.000Z
sensor.camera_e_temperatura,18.328855986175,2026-02-02T16:00:00.000Z
sensor.camera_e_temperatura,18.726359440447222,2026-02-02T17:00:00.000Z
sensor.camera_e_temperatura,18.810528849422223,2026-02-02T18:00:00.000Z
sensor.camera_e_temperatura,18.738493163997223,2026-02-02T19:00:00.000Z
sensor.camera_e_temperatura,18.790465145525,2026-02-02T20:00:00.000Z
sensor.camera_e_temperatura,18.793389402480553,2026-02-02T21:00:00.000Z
sensor.camera_e_temperatura,18.75288769445,2026-02-02T22:00:00.000Z
sensor.camera_e_temperatura,18.882346820625,2026-02-02T23:00:00.000Z
sensor.camera_e_temperatura,18.87036702532222,2026-02-03T00:00:00.000Z
sensor.camera_e_temperatura,18.83778196647222,2026-02-03T01:00:00.000Z
sensor.camera_e_temperatura,18.79002226929722,2026-02-03T02:00:00.000Z
sensor.camera_e_temperatura,18.724819873877777,2026-02-03T03:00:00.000Z
sensor.camera_e_temperatura,18.867512322638888,2026-02-03T04:00:00.000Z
sensor.camera_e_temperatura,19.556567151550002,2026-02-03T05:00:00.000Z
sensor.camera_e_temperatura,18.93262493828889,2026-02-03T06:00:00.000Z
sensor.camera_e_temperatura,18.874063455083334,2026-02-03T07:00:00.000Z
sensor.camera_e_temperatura,18.657719011936113,2026-02-03T08:00:00.000Z
sensor.camera_e_temperatura,18.442566090158333,2026-02-03T09:00:00.000Z
sensor.camera_e_temperatura,18.29371946671389,2026-02-03T10:00:00.000Z
sensor.camera_e_temperatura,18.135004878788887,2026-02-03T11:00:00.000Z
sensor.camera_e_temperatura,18.012548419997223,2026-02-03T12:00:00.000Z
sensor.camera_e_temperatura,17.938342094802778,2026-02-03T13:00:00.000Z
sensor.camera_e_temperatura,17.909513161661113,2026-02-03T14:00:00.000Z
sensor.camera_e_temperatura,17.91659891664722,2026-02-03T15:00:00.000Z
sensor.camera_e_temperatura,18.173458231522222,2026-02-03T16:00:00.000Z
sensor.camera_e_temperatura,18.629520271530556,2026-02-03T17:00:00.000Z
sensor.camera_e_temperatura,18.72582199926111,2026-02-03T18:00:00.000Z
sensor.camera_e_temperatura,18.65945323286111,2026-02-03T19:00:00.000Z
sensor.camera_e_temperatura,18.59763842091944,2026-02-03T20:00:00.000Z
sensor.camera_e_temperatura,18.629965227869445,2026-02-03T21:00:00.000Z
sensor.camera_e_temperatura,18.536450529327777,2026-02-03T22:00:00.000Z
sensor.camera_e_temperatura,18.466004391130557,2026-02-03T23:00:00.000Z
sensor.camera_e_temperatura,18.404456557372225,2026-02-04T00:00:00.000Z
sensor.camera_e_temperatura,18.373684468333334,2026-02-04T01:00:00.000Z
sensor.camera_e_temperatura,18.284025633541667,2026-02-04T02:00:00.000Z
sensor.camera_e_temperatura,18.061228808722223,2026-02-04T03:00:00.000Z
sensor.camera_e_temperatura,17.938150880716666,2026-02-04T04:00:00.000Z
sensor.camera_e_temperatura,17.878596255533335,2026-02-04T05:00:00.000Z
sensor.camera_e_temperatura,17.95490366282778,2026-02-04T06:00:00.000Z
sensor.camera_e_temperatura,18.30666371144167,2026-02-04T07:00:00.000Z
sensor.camera_e_temperatura,18.421100520933333,2026-02-04T08:00:00.000Z
sensor.camera_e_temperatura,18.388253309694445,2026-02-04T09:00:00.000Z
sensor.camera_e_temperatura,18.265976815511113,2026-02-04T10:00:00.000Z
sensor.camera_e_temperatura,18.13650183323889,2026-02-04T11:00:00.000Z
sensor.camera_e_temperatura,18.05524642596667,2026-02-04T12:00:00.000Z
sensor.camera_e_temperatura,17.971732579266668,2026-02-04T13:00:00.000Z
sensor.camera_e_temperatura,17.99045825968611,2026-02-04T14:00:00.000Z
sensor.camera_e_temperatura,18.078992858277775,2026-02-04T15:00:00.000Z
sensor.camera_e_temperatura,18.48261446553889,2026-02-04T16:00:00.000Z
sensor.camera_e_temperatura,18.957317999525,2026-02-04T17:00:00.000Z
sensor.camera_e_temperatura,19.314442619422223,2026-02-04T18:00:00.000Z
sensor.camera_e_temperatura,19.302031798125,2026-02-04T19:00:00.000Z
sensor.camera_e_temperatura,19.09634213283611,2026-02-04T20:00:00.000Z
sensor.camera_e_temperatura,19.080260965383335,2026-02-04T21:00:00.000Z
sensor.camera_e_temperatura,18.95321223443889,2026-02-04T22:00:00.000Z
sensor.camera_e_temperatura,18.925371950075,2026-02-04T23:00:00.000Z
sensor.camera_e_temperatura,18.85518034103889,2026-02-05T00:00:00.000Z
sensor.camera_e_temperatura,18.77350146845833,2026-02-05T01:00:00.000Z
sensor.camera_e_temperatura,18.681805530233333,2026-02-05T02:00:00.000Z
sensor.camera_e_temperatura,18.636015144933335,2026-02-05T03:00:00.000Z
sensor.camera_e_temperatura,18.515964575547223,2026-02-05T04:00:00.000Z
sensor.camera_e_temperatura,18.454068505800002,2026-02-05T05:00:00.000Z
sensor.camera_e_temperatura,18.58555578961111,2026-02-05T06:00:00.000Z
sensor.camera_e_temperatura,18.72836941256389,2026-02-05T07:00:00.000Z
sensor.camera_e_temperatura,18.70645185877778,2026-02-05T08:00:00.000Z
sensor.camera_e_temperatura,18.620742099055555,2026-02-05T09:00:00.000Z
sensor.camera_e_temperatura,18.459244189483332,2026-02-05T10:00:00.000Z
sensor.camera_e_temperatura,18.383123256594445,2026-02-05T11:00:00.000Z
sensor.camera_e_temperatura,18.295013521694443,2026-02-05T12:00:00.000Z
sensor.camera_e_temperatura,18.30571614991111,2026-02-05T13:00:00.000Z
sensor.camera_e_temperatura,18.353256201244445,2026-02-05T14:00:00.000Z
sensor.camera_e_temperatura,18.433824427738887,2026-02-05T15:00:00.000Z
sensor.camera_e_temperatura,18.871162542588888,2026-02-05T16:00:00.000Z
sensor.camera_e_temperatura,19.31579266686389,2026-02-05T17:00:00.000Z
sensor.camera_e_temperatura,19.167446074913887,2026-02-05T18:00:00.000Z
sensor.camera_e_temperatura,19.00091816253889,2026-02-05T19:00:00.000Z
sensor.camera_e_temperatura,19.019214046652777,2026-02-05T20:00:00.000Z
sensor.camera_e_temperatura,19.14316717378611,2026-02-05T21:00:00.000Z
sensor.camera_e_temperatura,19.143007629977777,2026-02-05T22:00:00.000Z
sensor.camera_e_temperatura,19.11468177840278,2026-02-05T23:00:00.000Z
sensor.camera_e_temperatura,19.127787976380557,2026-02-06T00:00:00.000Z
sensor.camera_e_temperatura,19.214572084805557,2026-02-06T01:00:00.000Z
sensor.camera_e_temperatura,19.074563189055556,2026-02-06T02:00:00.000Z
sensor.camera_e_temperatura,19.012272954013888,2026-02-06T03:00:00.000Z
sensor.camera_e_temperatura,18.940083991608333,2026-02-06T04:00:00.000Z
sensor.camera_e_temperatura,18.891887823222223,2026-02-06T05:00:00.000Z
sensor.camera_e_temperatura,19.109103972194443,2026-02-06T06:00:00.000Z
sensor.camera_e_temperatura,19.135700793283334,2026-02-06T07:00:00.000Z
sensor.camera_e_temperatura,18.97810474385,2026-02-06T08:00:00.000Z
sensor.camera_e_temperatura,18.860070220530556,2026-02-06T09:00:00.000Z
sensor.camera_e_temperatura,18.74284405638889,2026-02-06T10:00:00.000Z
sensor.camera_e_temperatura,18.677904521591667,2026-02-06T11:00:00.000Z
sensor.camera_e_temperatura,18.63985080385,2026-02-06T12:00:00.000Z
sensor.camera_e_temperatura,18.56872014757778,2026-02-06T13:00:00.000Z
sensor.camera_e_temperatura,18.560514561022224,2026-02-06T14:00:00.000Z
sensor.camera_e_temperatura,18.588769882138887,2026-02-06T15:00:00.000Z
sensor.camera_e_temperatura,18.643347513338888,2026-02-06T16:00:00.000Z
sensor.camera_e_temperatura,18.65755000609722,2026-02-06T17:00:00.000Z
sensor.camera_e_temperatura,18.604436590833334,2026-02-06T18:00:00.000Z
sensor.camera_e_temperatura,18.626343598525,2026-02-06T19:00:00.000Z
sensor.camera_e_temperatura,18.523348443777778,2026-02-06T20:00:00.000Z
sensor.camera_e_temperatura,18.448434243369444,2026-02-06T21:00:00.000Z
sensor.camera_e_temperatura,18.45,2026-02-06T22:00:00.000Z
sensor.camera_e_temperatura,18.45,2026-02-07T06:00:00.000Z
sensor.camera_e_temperatura,18.182784175097222,2026-02-07T07:00:00.000Z
sensor.camera_e_temperatura,18.163197928729165,2026-02-07T08:00:00.000Z
sensor.camera_e_temperatura,19.92,2026-03-14T13:00:00.000Z
sensor.camera_e_temperatura,19.931966230438892,2026-03-14T14:00:00.000Z
sensor.camera_e_temperatura,19.959865219219445,2026-03-14T15:00:00.000Z
sensor.camera_e_temperatura,19.97125619882222,2026-03-14T16:00:00.000Z
sensor.camera_e_temperatura,19.978540597616668,2026-03-14T17:00:00.000Z
sensor.camera_e_temperatura,19.93496954133889,2026-03-14T18:00:00.000Z
sensor.camera_e_temperatura,19.965795961016667,2026-03-14T19:00:00.000Z
sensor.camera_e_temperatura,20.022166426744445,2026-03-14T20:00:00.000Z
sensor.camera_e_temperatura,20.160019419583335,2026-03-14T21:00:00.000Z
sensor.camera_e_temperatura,20.284282595624997,2026-03-14T22:00:00.000Z
sensor.camera_e_temperatura,20.287850837727778,2026-03-14T23:00:00.000Z
sensor.camera_e_temperatura,20.32677562548889,2026-03-15T00:00:00.000Z
sensor.camera_e_temperatura,20.249270281905556,2026-03-15T01:00:00.000Z
sensor.camera_e_temperatura,20.156755481583335,2026-03-15T02:00:00.000Z
sensor.camera_e_temperatura,20.006512611841668,2026-03-15T03:00:00.000Z
sensor.camera_e_temperatura,19.903082694391667,2026-03-15T04:00:00.000Z
sensor.camera_e_temperatura,19.89034025181389,2026-03-15T05:00:00.000Z
sensor.camera_e_temperatura,19.767820579200002,2026-03-15T06:00:00.000Z
sensor.camera_e_temperatura,19.667796570208335,2026-03-15T07:00:00.000Z
sensor.camera_e_temperatura,19.638076654558333,2026-03-15T08:00:00.000Z
sensor.camera_e_temperatura,19.61215322465,2026-03-15T09:00:00.000Z
sensor.camera_e_temperatura,19.6162811361,2026-03-15T10:00:00.000Z
sensor.camera_e_temperatura,19.632596209436112,2026-03-15T11:00:00.000Z
sensor.camera_e_temperatura,19.73200688420278,2026-03-15T12:00:00.000Z
sensor.camera_e_temperatura,19.884329584016665,2026-03-15T13:00:00.000Z
sensor.camera_e_temperatura,19.954678632788887,2026-03-15T14:00:00.000Z
sensor.camera_e_temperatura,20.08056889795,2026-03-15T15:00:00.000Z
sensor.camera_e_temperatura,20.157773198574997,2026-03-15T16:00:00.000Z
sensor.camera_e_temperatura,20.169960720733332,2026-03-15T17:00:00.000Z
sensor.camera_e_temperatura,20.185638492211112,2026-03-15T18:00:00.000Z
sensor.camera_e_temperatura,20.186155829475002,2026-03-15T19:00:00.000Z
sensor.camera_e_temperatura,20.0896142283,2026-03-15T20:00:00.000Z
sensor.camera_e_temperatura,20.00334987246111,2026-03-15T21:00:00.000Z
sensor.camera_e_temperatura,19.959721042033333,2026-03-15T22:00:00.000Z
sensor.camera_e_temperatura,19.958311833894445,2026-03-15T23:00:00.000Z
sensor.camera_e_temperatura,20.006861315375,2026-03-16T00:00:00.000Z
sensor.camera_e_temperatura,19.979767907411112,2026-03-16T01:00:00.000Z
sensor.camera_e_temperatura,19.918174876838886,2026-03-16T02:00:00.000Z
sensor.camera_e_temperatura,19.81969832008889,2026-03-16T03:00:00.000Z
sensor.camera_e_temperatura,19.657088094466665,2026-03-16T04:00:00.000Z
sensor.camera_e_temperatura,19.571348287972224,2026-03-16T05:00:00.000Z
sensor.camera_e_temperatura,19.524114967830556,2026-03-16T06:00:00.000Z
sensor.camera_e_temperatura,19.455480759580556,2026-03-16T07:00:00.000Z
sensor.camera_e_temperatura,19.390551527491667,2026-03-16T08:00:00.000Z
sensor.camera_e_temperatura,19.32816770536111,2026-03-16T09:00:00.000Z
sensor.camera_e_temperatura,19.27836662068889,2026-03-16T10:00:00.000Z
sensor.camera_e_temperatura,19.293991365272223,2026-03-16T11:00:00.000Z
sensor.camera_e_temperatura,19.366681215658335,2026-03-16T12:00:00.000Z
sensor.camera_e_temperatura,19.47831368791111,2026-03-16T13:00:00.000Z
sensor.camera_e_temperatura,19.66214690328611,2026-03-16T14:00:00.000Z
sensor.camera_e_temperatura,19.93042325771111,2026-03-16T15:00:00.000Z
sensor.camera_e_temperatura,20.111027807744446,2026-03-16T16:00:00.000Z
sensor.camera_e_temperatura,20.23683338623889,2026-03-16T17:00:00.000Z
sensor.camera_e_temperatura,20.176852144833337,2026-03-16T18:00:00.000Z
sensor.camera_e_temperatura,20.11344271605,2026-03-16T19:00:00.000Z
sensor.camera_e_temperatura,19.96335146128889,2026-03-16T20:00:00.000Z
sensor.camera_e_temperatura,19.80914016264722,2026-03-16T21:00:00.000Z
sensor.camera_e_temperatura,19.711704248233335,2026-03-16T22:00:00.000Z
sensor.camera_e_temperatura,19.81477990475,2026-03-16T23:00:00.000Z
sensor.camera_e_temperatura,19.85969352585556,2026-03-17T00:00:00.000Z
sensor.camera_e_temperatura,19.677525452102778,2026-03-17T01:00:00.000Z
sensor.camera_e_temperatura,19.646704371855556,2026-03-17T02:00:00.000Z
sensor.camera_e_temperatura,19.502069534375,2026-03-17T03:00:00.000Z
sensor.camera_e_temperatura,19.43418877706111,2026-03-17T04:00:00.000Z
sensor.camera_e_temperatura,19.551788318697223,2026-03-17T05:00:00.000Z
sensor.camera_e_temperatura,19.453915260272222,2026-03-17T06:00:00.000Z
sensor.camera_e_temperatura,19.366611155030558,2026-03-17T07:00:00.000Z
sensor.camera_e_temperatura,19.259726484269446,2026-03-17T08:00:00.000Z
sensor.camera_e_temperatura,19.20331588504167,2026-03-17T09:00:00.000Z
sensor.camera_e_temperatura,19.221780951169446,2026-03-17T10:00:00.000Z
sensor.camera_e_temperatura,19.315960077961112,2026-03-17T11:00:00.000Z
sensor.camera_e_temperatura,19.366608891747223,2026-03-17T12:00:00.000Z
sensor.camera_e_temperatura,19.46102233985,2026-03-17T13:00:00.000Z
sensor.camera_e_temperatura,19.588668594113887,2026-03-17T14:00:00.000Z
sensor.camera_e_temperatura,19.75677579187778,2026-03-17T15:00:00.000Z
sensor.camera_e_temperatura,19.950225878772223,2026-03-17T16:00:00.000Z
sensor.camera_e_temperatura,20.332816095972223,2026-03-17T17:00:00.000Z
sensor.camera_e_temperatura,20.361329844183334,2026-03-17T18:00:00.000Z
sensor.camera_e_temperatura,20.352335680180555,2026-03-17T19:00:00.000Z
sensor.camera_e_temperatura,20.267488414530558,2026-03-17T20:00:00.000Z
sensor.camera_e_temperatura,20.11953327727222,2026-03-17T21:00:00.000Z
sensor.camera_e_temperatura,20.010974154830553,2026-03-17T22:00:00.000Z
sensor.camera_e_temperatura,20.07441205131111,2026-03-17T23:00:00.000Z
sensor.camera_e_temperatura,19.98700891116111,2026-03-18T00:00:00.000Z
sensor.camera_e_temperatura,19.95458958506111,2026-03-18T01:00:00.000Z
sensor.camera_e_temperatura,19.921649100375,2026-03-18T02:00:00.000Z
sensor.camera_e_temperatura,19.854297544241668,2026-03-18T03:00:00.000Z
sensor.camera_e_temperatura,19.741612372616668,2026-03-18T04:00:00.000Z
sensor.camera_e_temperatura,19.764383154708334,2026-03-18T05:00:00.000Z
sensor.camera_e_temperatura,19.55463904483889,2026-03-18T06:00:00.000Z
sensor.camera_e_temperatura,19.460911797894443,2026-03-18T07:00:00.000Z
sensor.camera_e_temperatura,19.383733830011113,2026-03-18T08:00:00.000Z
sensor.camera_e_temperatura,19.277640762105555,2026-03-18T09:00:00.000Z
sensor.camera_e_temperatura,19.199662677358333,2026-03-18T10:00:00.000Z
sensor.camera_e_temperatura,19.16495532949167,2026-03-18T11:00:00.000Z
sensor.camera_e_temperatura,19.221135215736112,2026-03-18T12:00:00.000Z
sensor.camera_e_temperatura,19.281006018158333,2026-03-18T13:00:00.000Z
sensor.camera_e_temperatura,19.320605236769442,2026-03-18T14:00:00.000Z
sensor.camera_e_temperatura,19.383990079805553,2026-03-18T15:00:00.000Z
sensor.camera_e_temperatura,19.465646278563888,2026-03-18T16:00:00.000Z
sensor.camera_e_temperatura,19.636120489622222,2026-03-18T17:00:00.000Z
sensor.camera_e_temperatura,19.725025610152777,2026-03-18T18:00:00.000Z
sensor.camera_e_temperatura,19.778019130433332,2026-03-18T19:00:00.000Z
sensor.camera_e_temperatura,19.655892665780556,2026-03-18T20:00:00.000Z
sensor.camera_e_temperatura,19.692679296933335,2026-03-18T21:00:00.000Z
sensor.camera_e_temperatura,19.880514260205555,2026-03-18T22:00:00.000Z
sensor.camera_e_temperatura,19.641674832994443,2026-03-18T23:00:00.000Z
sensor.camera_e_temperatura,19.488778284836112,2026-03-19T00:00:00.000Z
sensor.camera_e_temperatura,19.386931415786112,2026-03-19T01:00:00.000Z
sensor.camera_e_temperatura,19.273705091819444,2026-03-19T02:00:00.000Z
sensor.camera_e_temperatura,19.173825945658333,2026-03-19T03:00:00.000Z
sensor.camera_e_temperatura,19.031805682358332,2026-03-19T04:00:00.000Z
sensor.camera_e_temperatura,18.993623941236113,2026-03-19T05:00:00.000Z
sensor.camera_e_temperatura,18.93194282748611,2026-03-19T06:00:00.000Z
sensor.camera_e_temperatura,18.86594605257778,2026-03-19T07:00:00.000Z
sensor.camera_e_temperatura,18.879133925133335,2026-03-19T08:00:00.000Z
sensor.camera_e_temperatura,18.886611369752778,2026-03-19T09:00:00.000Z
sensor.camera_e_temperatura,18.868015437302777,2026-03-19T10:00:00.000Z
sensor.camera_e_temperatura,18.869328463686113,2026-03-19T11:00:00.000Z
sensor.camera_e_temperatura,18.90065314139167,2026-03-19T12:00:00.000Z
sensor.camera_e_temperatura,18.993693207944442,2026-03-19T13:00:00.000Z
sensor.camera_e_temperatura,19.159442797805557,2026-03-19T14:00:00.000Z
sensor.camera_e_temperatura,19.334142418472222,2026-03-19T15:00:00.000Z
sensor.camera_e_temperatura,19.657906823230554,2026-03-19T16:00:00.000Z
sensor.camera_e_temperatura,19.879855283738888,2026-03-19T17:00:00.000Z
sensor.camera_e_temperatura,19.919436091855555,2026-03-19T18:00:00.000Z
sensor.camera_e_temperatura,19.9306006385,2026-03-19T19:00:00.000Z
sensor.camera_e_temperatura,19.92379507852222,2026-03-19T20:00:00.000Z
sensor.camera_e_temperatura,19.942136595258333,2026-03-19T21:00:00.000Z
sensor.camera_e_temperatura,19.90018810926389,2026-03-19T22:00:00.000Z
sensor.camera_e_temperatura,19.922070510024998,2026-03-19T23:00:00.000Z
sensor.camera_e_temperatura,19.87965628622222,2026-03-20T00:00:00.000Z
sensor.camera_e_temperatura,19.806349095140742,2026-03-20T01:00:00.000Z
sensor.camera_e_temperatura,19.692394192875,2026-03-20T02:00:00.000Z
sensor.camera_e_temperatura,19.512629595558334,2026-03-20T03:00:00.000Z
sensor.camera_e_temperatura,19.40795759102222,2026-03-20T04:00:00.000Z
sensor.camera_e_temperatura,19.2827584197,2026-03-20T05:00:00.000Z
sensor.camera_e_temperatura,19.402059548566665,2026-03-20T06:00:00.000Z
sensor.camera_e_temperatura,19.491899619052777,2026-03-20T07:00:00.000Z
sensor.camera_e_temperatura,19.392217220658335,2026-03-20T08:00:00.000Z
sensor.camera_e_temperatura,19.306675442966668,2026-03-20T09:00:00.000Z
sensor.camera_e_temperatura,19.25003971803611,2026-03-20T10:00:00.000Z
sensor.camera_e_temperatura,19.152571708822222,2026-03-20T11:00:00.000Z
sensor.camera_e_temperatura,19.140389673902778,2026-03-20T12:00:00.000Z
sensor.camera_e_temperatura,19.243922370716668,2026-03-20T13:00:00.000Z
sensor.camera_e_temperatura,19.399464205127778,2026-03-20T14:00:00.000Z
sensor.camera_e_temperatura,19.576067967413888,2026-03-20T15:00:00.000Z
sensor.camera_e_temperatura,19.74053467370278,2026-03-20T16:00:00.000Z
sensor.camera_e_temperatura,19.957372540044442,2026-03-20T17:00:00.000Z
sensor.camera_e_temperatura,19.91624264312222,2026-03-20T18:00:00.000Z
sensor.camera_e_temperatura,19.776772983066667,2026-03-20T19:00:00.000Z
sensor.camera_e_temperatura,19.644405864347224,2026-03-20T20:00:00.000Z
sensor.camera_e_temperatura,19.646057859533332,2026-03-20T21:00:00.000Z
sensor.camera_e_temperatura,19.668205431769447,2026-03-20T22:00:00.000Z
sensor.camera_e_temperatura,19.78145052246111,2026-03-20T23:00:00.000Z
sensor.camera_e_temperatura,19.61734393555,2026-03-21T00:00:00.000Z
sensor.camera_e_temperatura,19.538594579708334,2026-03-21T01:00:00.000Z
sensor.camera_e_temperatura,19.456123805894446,2026-03-21T02:00:00.000Z
sensor.camera_e_temperatura,19.44299818466111,2026-03-21T03:00:00.000Z
sensor.camera_e_temperatura,19.473247633852775,2026-03-21T04:00:00.000Z
sensor.camera_e_temperatura,19.447402130394444,2026-03-21T05:00:00.000Z
sensor.camera_e_temperatura,19.404100324575,2026-03-21T06:00:00.000Z
sensor.camera_e_temperatura,19.28118279523333,2026-03-21T07:00:00.000Z
sensor.camera_e_temperatura,19.308732205783333,2026-03-21T08:00:00.000Z
sensor.camera_e_temperatura,19.68471356745,2026-03-21T09:00:00.000Z
sensor.camera_e_temperatura,19.827923691558333,2026-03-21T10:00:00.000Z
sensor.camera_e_temperatura,19.905670544744446,2026-03-21T11:00:00.000Z
sensor.camera_e_temperatura,20.093774308708333,2026-03-21T12:00:00.000Z
sensor.camera_e_temperatura,20.209665548883333,2026-03-21T13:00:00.000Z
sensor.camera_e_temperatura,20.344332528569442,2026-03-21T14:00:00.000Z
sensor.camera_e_temperatura,20.637803645466665,2026-03-21T15:00:00.000Z
sensor.camera_e_temperatura,20.780411656416664,2026-03-21T16:00:00.000Z
sensor.camera_e_temperatura,20.82829263785,2026-03-21T17:00:00.000Z
sensor.camera_e_temperatura,20.70181992713889,2026-03-21T18:00:00.000Z
sensor.camera_e_temperatura,20.613124821933333,2026-03-21T19:00:00.000Z
sensor.camera_e_temperatura,20.43797876478333,2026-03-21T20:00:00.000Z
sensor.camera_e_temperatura,20.307861585627776,2026-03-21T21:00:00.000Z
sensor.camera_e_temperatura,20.149004469199998,2026-03-21T22:00:00.000Z
sensor.camera_e_temperatura,20.03151926361667,2026-03-21T23:00:00.000Z
sensor.camera_e_temperatura,20.125209786844444,2026-03-22T00:00:00.000Z
sensor.camera_e_temperatura,20.116634256547222,2026-03-22T01:00:00.000Z
sensor.camera_e_temperatura,20.157489697255556,2026-03-22T02:00:00.000Z
sensor.camera_e_temperatura,20.098090306222222,2026-03-22T03:00:00.000Z
sensor.camera_e_temperatura,19.98632346738889,2026-03-22T04:00:00.000Z
sensor.camera_e_temperatura,19.914870224233333,2026-03-22T05:00:00.000Z
sensor.camera_e_temperatura,19.805862830577777,2026-03-22T06:00:00.000Z
sensor.camera_e_temperatura,19.69333404328889,2026-03-22T07:00:00.000Z
sensor.camera_e_temperatura,19.719764780938892,2026-03-22T08:00:00.000Z
sensor.camera_e_temperatura,19.644475319561113,2026-03-22T09:00:00.000Z
sensor.camera_e_temperatura,19.695088666447223,2026-03-22T10:00:00.000Z
sensor.camera_e_temperatura,19.902003777877777,2026-03-22T11:00:00.000Z
sensor.camera_e_temperatura,20.206014649797222,2026-03-22T12:00:00.000Z
sensor.camera_e_temperatura,20.25209026451389,2026-03-22T13:00:00.000Z
sensor.camera_e_temperatura,20.338453920922223,2026-03-22T14:00:00.000Z
sensor.camera_e_temperatura,20.42384051861111,2026-03-22T15:00:00.000Z
sensor.camera_e_temperatura,20.487494834822222,2026-03-22T16:00:00.000Z
sensor.camera_e_temperatura,20.3735365381,2026-03-22T17:00:00.000Z
sensor.camera_e_temperatura,20.350025653630556,2026-03-22T18:00:00.000Z
sensor.camera_e_temperatura,20.317630169069442,2026-03-22T19:00:00.000Z
sensor.camera_e_temperatura,20.214448096975,2026-03-22T20:00:00.000Z
sensor.camera_e_temperatura,20.272289808341668,2026-03-22T21:00:00.000Z
sensor.camera_e_temperatura,20.237058582816665,2026-03-22T22:00:00.000Z
sensor.camera_e_temperatura,20.205918018758332,2026-03-22T23:00:00.000Z
sensor.camera_e_temperatura,20.13370442275833,2026-03-23T00:00:00.000Z
sensor.camera_e_temperatura,20.05998926994444,2026-03-23T01:00:00.000Z
sensor.camera_e_temperatura,19.878457101983333,2026-03-23T02:00:00.000Z
sensor.camera_e_temperatura,19.758204907655557,2026-03-23T03:00:00.000Z
sensor.camera_e_temperatura,19.670521832675,2026-03-23T04:00:00.000Z
sensor.camera_e_temperatura,19.55431041768889,2026-03-23T05:00:00.000Z
sensor.camera_e_temperatura,19.591436559280556,2026-03-23T06:00:00.000Z
sensor.camera_e_temperatura,19.436857137466664,2026-03-23T07:00:00.000Z
sensor.camera_e_temperatura,19.412516628027777,2026-03-23T08:00:00.000Z
sensor.camera_e_temperatura,19.385235614322223,2026-03-23T09:00:00.000Z
sensor.camera_e_temperatura,19.367314563805554,2026-03-23T10:00:00.000Z
sensor.camera_e_temperatura,19.36654775394722,2026-03-23T11:00:00.000Z
sensor.camera_e_temperatura,19.411044991483333,2026-03-23T12:00:00.000Z
sensor.camera_e_temperatura,19.52010441184167,2026-03-23T13:00:00.000Z
sensor.camera_e_temperatura,19.688024419244446,2026-03-23T14:00:00.000Z
sensor.camera_e_temperatura,19.838236558052778,2026-03-23T15:00:00.000Z
sensor.camera_e_temperatura,19.950629566880554,2026-03-23T16:00:00.000Z
sensor.camera_e_temperatura,20.001181900675,2026-03-23T17:00:00.000Z
sensor.camera_e_temperatura,19.96198339961389,2026-03-23T18:00:00.000Z
sensor.camera_e_temperatura,19.915824830319444,2026-03-23T19:00:00.000Z
sensor.camera_e_temperatura,19.86171830711389,2026-03-23T20:00:00.000Z
sensor.camera_e_temperatura,19.754967328608334,2026-03-23T21:00:00.000Z
sensor.camera_e_temperatura,19.67065722813889,2026-03-23T22:00:00.000Z
sensor.camera_e_temperatura,19.565786357925003,2026-03-23T23:00:00.000Z
sensor.camera_e_temperatura,19.493458528077777,2026-03-24T00:00:00.000Z
sensor.camera_e_temperatura,19.436192557908335,2026-03-24T01:00:00.000Z
sensor.camera_e_temperatura,19.382171592044443,2026-03-24T02:00:00.000Z
sensor.camera_e_temperatura,19.276164360619443,2026-03-24T03:00:00.000Z
sensor.camera_e_temperatura,19.200918893752778,2026-03-24T04:00:00.000Z
sensor.camera_e_temperatura,19.114342120422222,2026-03-24T05:00:00.000Z
sensor.camera_e_temperatura,19.088406998408335,2026-03-24T06:00:00.000Z
sensor.camera_e_temperatura,19.236855077294447,2026-03-24T07:00:00.000Z
sensor.camera_e_temperatura,19.26370967034722,2026-03-24T08:00:00.000Z
sensor.camera_e_temperatura,19.257617529772222,2026-03-24T09:00:00.000Z
sensor.camera_e_temperatura,19.31570014643889,2026-03-24T10:00:00.000Z
sensor.camera_e_temperatura,19.295535104033334,2026-03-24T11:00:00.000Z
sensor.camera_e_temperatura,19.34408917186111,2026-03-24T12:00:00.000Z
sensor.camera_e_temperatura,19.462603311802777,2026-03-24T13:00:00.000Z
sensor.camera_e_temperatura,19.719831078733332,2026-03-24T14:00:00.000Z
sensor.camera_e_temperatura,19.901314005019444,2026-03-24T15:00:00.000Z
sensor.camera_e_temperatura,19.99756277728611,2026-03-24T16:00:00.000Z
sensor.camera_e_temperatura,20.105410421616668,2026-03-24T17:00:00.000Z
sensor.camera_e_temperatura,20.083199985980556,2026-03-24T18:00:00.000Z
sensor.camera_e_temperatura,19.99300592472778,2026-03-24T19:00:00.000Z
sensor.camera_e_temperatura,19.930047953608334,2026-03-24T20:00:00.000Z
sensor.camera_e_temperatura,19.883212731525,2026-03-24T21:00:00.000Z
sensor.camera_e_temperatura,19.76269266438889,2026-03-24T22:00:00.000Z
sensor.camera_e_temperatura,19.65211948081389,2026-03-24T23:00:00.000Z
sensor.camera_e_temperatura,19.557507526494444,2026-03-25T00:00:00.000Z
sensor.camera_e_temperatura,19.473683165094446,2026-03-25T01:00:00.000Z
sensor.camera_e_temperatura,19.424542706830554,2026-03-25T02:00:00.000Z
sensor.camera_e_temperatura,19.383262315441666,2026-03-25T03:00:00.000Z
sensor.camera_e_temperatura,19.306605752533333,2026-03-25T04:00:00.000Z
sensor.camera_e_temperatura,19.203669245244445,2026-03-25T05:00:00.000Z
sensor.camera_e_temperatura,19.211920516436113,2026-03-25T06:00:00.000Z
sensor.camera_e_temperatura,19.30761094621111,2026-03-25T07:00:00.000Z
sensor.camera_e_temperatura,19.313349066255554,2026-03-25T08:00:00.000Z
sensor.camera_e_temperatura,19.300096540327775,2026-03-25T09:00:00.000Z
sensor.camera_e_temperatura,19.281896727419443,2026-03-25T10:00:00.000Z
sensor.camera_e_temperatura,19.308380787913887,2026-03-25T11:00:00.000Z
sensor.camera_e_temperatura,19.373721461983333,2026-03-25T12:00:00.000Z
sensor.camera_e_temperatura,19.46460839616389,2026-03-25T13:00:00.000Z
sensor.camera_e_temperatura,19.616527906055556,2026-03-25T14:00:00.000Z
sensor.camera_e_temperatura,19.722838902069444,2026-03-25T15:00:00.000Z
sensor.camera_e_temperatura,19.769991121466667,2026-03-25T16:00:00.000Z
sensor.camera_e_temperatura,19.76934105208611,2026-03-25T17:00:00.000Z
sensor.camera_e_temperatura,19.718612834055556,2026-03-25T18:00:00.000Z
sensor.camera_e_temperatura,19.85568177935278,2026-03-25T19:00:00.000Z
sensor.camera_e_temperatura,19.8902405955,2026-03-25T20:00:00.000Z
sensor.camera_e_temperatura,19.714922467575,2026-03-25T21:00:00.000Z
sensor.camera_e_temperatura,19.817256659394445,2026-03-25T22:00:00.000Z
sensor.camera_e_temperatura,19.81124812313611,2026-03-25T23:00:00.000Z
sensor.camera_e_temperatura,19.717057260858336,2026-03-26T00:00:00.000Z
sensor.camera_e_temperatura,19.62589072391667,2026-03-26T01:00:00.000Z
sensor.camera_e_temperatura,19.50547633009722,2026-03-26T02:00:00.000Z
sensor.camera_e_temperatura,19.439648760008335,2026-03-26T03:00:00.000Z
sensor.camera_e_temperatura,19.385545118122224,2026-03-26T04:00:00.000Z
sensor.camera_e_temperatura,19.297067517463887,2026-03-26T05:00:00.000Z
sensor.camera_e_temperatura,19.406798074938887,2026-03-26T06:00:00.000Z
sensor.camera_e_temperatura,19.446307063097223,2026-03-26T07:00:00.000Z
sensor.camera_e_temperatura,19.333682483752778,2026-03-26T08:00:00.000Z
sensor.camera_e_temperatura,19.207310431341668,2026-03-26T09:00:00.000Z
sensor.camera_e_temperatura,19.118408534019444,2026-03-26T10:00:00.000Z
sensor.camera_e_temperatura,19.082726756766665,2026-03-26T11:00:00.000Z
sensor.camera_e_temperatura,19.02773592782778,2026-03-26T12:00:00.000Z
sensor.camera_e_temperatura,18.982557925455556,2026-03-26T13:00:00.000Z
sensor.camera_e_temperatura,18.992329703794443,2026-03-26T14:00:00.000Z
sensor.camera_e_temperatura,18.986917760972222,2026-03-26T15:00:00.000Z
sensor.camera_e_temperatura,19.384301735563888,2026-03-26T16:00:00.000Z
sensor.camera_e_temperatura,19.68343303522778,2026-03-26T17:00:00.000Z
sensor.camera_e_temperatura,19.473625195783335,2026-03-26T18:00:00.000Z
sensor.camera_e_temperatura,19.352569655319446,2026-03-26T19:00:00.000Z
sensor.camera_e_temperatura,19.23964756097222,2026-03-26T20:00:00.000Z
sensor.camera_e_temperatura,19.206577481577778,2026-03-26T21:00:00.000Z
sensor.camera_e_temperatura,19.17839661368611,2026-03-26T22:00:00.000Z
sensor.camera_e_temperatura,19.149898664141666,2026-03-26T23:00:00.000Z
sensor.camera_e_temperatura,19.12147560951667,2026-03-27T00:00:00.000Z
sensor.camera_e_temperatura,19.093289020330555,2026-03-27T01:00:00.000Z
sensor.camera_e_temperatura,19.04740391714167,2026-03-27T02:00:00.000Z
sensor.camera_e_temperatura,18.943981674358334,2026-03-27T03:00:00.000Z
sensor.camera_e_temperatura,18.801645032944446,2026-03-27T04:00:00.000Z
sensor.camera_e_temperatura,18.848539089663888,2026-03-27T05:00:00.000Z
sensor.camera_e_temperatura,18.8281557754,2026-03-27T06:00:00.000Z
sensor.camera_e_temperatura,18.95088360960278,2026-03-27T07:00:00.000Z
sensor.camera_e_temperatura,18.913301351022223,2026-03-27T08:00:00.000Z
sensor.camera_e_temperatura,18.852514471366664,2026-03-27T09:00:00.000Z
sensor.camera_e_temperatura,18.802430287522224,2026-03-27T10:00:00.000Z
sensor.camera_e_temperatura,18.746759061633334,2026-03-27T11:00:00.000Z
sensor.camera_e_temperatura,18.84764897264722,2026-03-27T12:00:00.000Z
sensor.camera_e_temperatura,18.957990608444444,2026-03-27T13:00:00.000Z
sensor.camera_e_temperatura,19.105479186988887,2026-03-27T14:00:00.000Z
sensor.camera_e_temperatura,19.303116790397223,2026-03-27T15:00:00.000Z
sensor.camera_e_temperatura,19.578733217444444,2026-03-27T16:00:00.000Z
sensor.camera_e_temperatura,19.861611958794445,2026-03-27T17:00:00.000Z
sensor.camera_e_temperatura,20.195634295230555,2026-03-27T18:00:00.000Z
sensor.camera_e_temperatura,20.141124859694447,2026-03-27T19:00:00.000Z
sensor.camera_e_temperatura,20.05635497883889,2026-03-27T20:00:00.000Z
sensor.camera_e_temperatura,19.952629569997224,2026-03-27T21:00:00.000Z
sensor.camera_e_temperatura,19.957075958755556,2026-03-27T22:00:00.000Z
sensor.camera_e_temperatura,19.96995269785,2026-03-27T23:00:00.000Z
sensor.camera_e_temperatura,19.921524609269444,2026-03-28T00:00:00.000Z
sensor.camera_e_temperatura,19.872450254577778,2026-03-28T01:00:00.000Z
sensor.camera_e_temperatura,19.778151054216668,2026-03-28T02:00:00.000Z
sensor.camera_e_temperatura,19.694054904825,2026-03-28T03:00:00.000Z
sensor.camera_e_temperatura,19.579203175613888,2026-03-28T04:00:00.000Z
sensor.camera_e_temperatura,19.41042356252778,2026-03-28T05:00:00.000Z
sensor.camera_e_temperatura,19.317216479058334,2026-03-28T06:00:00.000Z
sensor.camera_e_temperatura,19.26485422394722,2026-03-28T07:00:00.000Z
sensor.camera_e_temperatura,19.161760603327778,2026-03-28T08:00:00.000Z
sensor.camera_e_temperatura,19.142074518419445,2026-03-28T09:00:00.000Z
sensor.camera_e_temperatura,19.219553623177777,2026-03-28T10:00:00.000Z
sensor.camera_e_temperatura,19.687633561636112,2026-03-28T11:00:00.000Z
sensor.camera_e_temperatura,19.840511111238886,2026-03-28T12:00:00.000Z
sensor.camera_e_temperatura,19.78191429988611,2026-03-28T13:00:00.000Z
sensor.camera_e_temperatura,19.711345691152776,2026-03-28T14:00:00.000Z
sensor.camera_e_temperatura,19.96318198938889,2026-03-28T15:00:00.000Z
sensor.camera_e_temperatura,20.153391615477776,2026-03-28T16:00:00.000Z
sensor.camera_e_temperatura,20.0639208495,2026-03-28T17:00:00.000Z
sensor.camera_e_temperatura,20.021090124380557,2026-03-28T18:00:00.000Z
sensor.camera_e_temperatura,20.00577056193889,2026-03-28T19:00:00.000Z
sensor.camera_e_temperatura,20.04413605081389,2026-03-28T20:00:00.000Z
sensor.camera_e_temperatura,20.144181832919447,2026-03-28T21:00:00.000Z
sensor.camera_e_temperatura,20.174149991552778,2026-03-28T22:00:00.000Z
sensor.camera_e_temperatura,20.132587271125,2026-03-28T23:00:00.000Z
sensor.camera_e_temperatura,20.056641006672223,2026-03-29T00:00:00.000Z
sensor.camera_e_temperatura,19.90458224541111,2026-03-29T01:00:00.000Z
sensor.camera_e_temperatura,19.698788365305557,2026-03-29T02:00:00.000Z
sensor.camera_e_temperatura,19.768338260430557,2026-03-29T03:00:00.000Z
sensor.camera_e_temperatura,19.76884905495,2026-03-29T04:00:00.000Z
sensor.camera_e_temperatura,19.761923130866666,2026-03-29T05:00:00.000Z
sensor.camera_e_temperatura,19.696883736280558,2026-03-29T06:00:00.000Z
sensor.camera_e_temperatura,19.637534069233336,2026-03-29T07:00:00.000Z
sensor.camera_e_temperatura,19.606035877369447,2026-03-29T08:00:00.000Z
sensor.camera_e_temperatura,19.599946215119445,2026-03-29T09:00:00.000Z
sensor.camera_e_temperatura,19.63815653965278,2026-03-29T10:00:00.000Z
sensor.camera_e_temperatura,19.875859716527778,2026-03-29T11:00:00.000Z
sensor.camera_e_temperatura,19.815470772758335,2026-03-29T12:00:00.000Z
sensor.camera_e_temperatura,19.818560195083332,2026-03-29T13:00:00.000Z
sensor.camera_e_temperatura,19.932315494694446,2026-03-29T14:00:00.000Z
sensor.camera_e_temperatura,20.09863795898611,2026-03-29T15:00:00.000Z
sensor.camera_e_temperatura,20.45115134989722,2026-03-29T16:00:00.000Z
sensor.camera_e_temperatura,20.61868974035833,2026-03-29T17:00:00.000Z
sensor.camera_e_temperatura,20.61974083348333,2026-03-29T18:00:00.000Z
sensor.camera_e_temperatura,20.490655973958333,2026-03-29T19:00:00.000Z
sensor.camera_e_temperatura,20.38475390623889,2026-03-29T20:00:00.000Z
sensor.camera_e_temperatura,20.378797342744445,2026-03-29T21:00:00.000Z
sensor.camera_e_temperatura,20.42090567930278,2026-03-29T22:00:00.000Z
sensor.camera_e_temperatura,20.38781288747778,2026-03-29T23:00:00.000Z
sensor.camera_e_temperatura,20.36320729557778,2026-03-30T00:00:00.000Z
sensor.camera_e_temperatura,20.28351233941389,2026-03-30T01:00:00.000Z
sensor.camera_e_temperatura,20.159850798744444,2026-03-30T02:00:00.000Z
sensor.camera_e_temperatura,20.069466138841666,2026-03-30T03:00:00.000Z
sensor.camera_e_temperatura,19.996538646572223,2026-03-30T04:00:00.000Z
sensor.camera_e_temperatura,19.91893614611111,2026-03-30T05:00:00.000Z
sensor.camera_e_temperatura,19.870406273580556,2026-03-30T06:00:00.000Z
sensor.camera_e_temperatura,19.654492462458332,2026-03-30T07:00:00.000Z
sensor.camera_e_temperatura,19.496185322125,2026-03-30T08:00:00.000Z
sensor.camera_e_temperatura,19.42716826961389,2026-03-30T09:00:00.000Z
sensor.camera_e_temperatura,19.40207310271111,2026-03-30T10:00:00.000Z
sensor.camera_e_temperatura,19.389283047558333,2026-03-30T11:00:00.000Z
sensor.camera_e_temperatura,19.423930252172223,2026-03-30T12:00:00.000Z
sensor.camera_e_temperatura,19.539366685280555,2026-03-30T13:00:00.000Z
sensor.camera_e_temperatura,19.864638566477776,2026-03-30T14:00:00.000Z
sensor.camera_e_temperatura,20.125681163158333,2026-03-30T15:00:00.000Z
sensor.camera_e_temperatura,20.341100008369445,2026-03-30T16:00:00.000Z
sensor.camera_e_temperatura,20.402812931483332,2026-03-30T17:00:00.000Z
sensor.camera_e_temperatura,20.42804047853611,2026-03-30T18:00:00.000Z
sensor.camera_e_temperatura,20.339377572791665,2026-03-30T19:00:00.000Z
sensor.camera_e_temperatura,20.33590338017778,2026-03-30T20:00:00.000Z
sensor.camera_e_temperatura,20.422003570433333,2026-03-30T21:00:00.000Z
sensor.camera_e_temperatura,20.543209811733334,2026-03-30T22:00:00.000Z
sensor.camera_e_temperatura,20.46928750543611,2026-03-30T23:00:00.000Z
sensor.camera_e_temperatura,20.344882089438887,2026-03-31T00:00:00.000Z
sensor.camera_e_temperatura,20.2050371495,2026-03-31T01:00:00.000Z
sensor.camera_e_temperatura,20.082013957094443,2026-03-31T02:00:00.000Z
sensor.camera_e_temperatura,19.92084677475833,2026-03-31T03:00:00.000Z
sensor.camera_e_temperatura,19.82130477597778,2026-03-31T04:00:00.000Z
sensor.camera_e_temperatura,19.749441195325,2026-03-31T05:00:00.000Z
sensor.camera_e_temperatura,19.541619997466665,2026-03-31T06:00:00.000Z
sensor.camera_e_temperatura,19.457927445575,2026-03-31T07:00:00.000Z
sensor.camera_e_temperatura,19.43045464018611,2026-03-31T08:00:00.000Z
sensor.camera_e_temperatura,19.40981505075,2026-03-31T09:00:00.000Z
sensor.camera_e_temperatura,19.28024429651111,2026-03-31T10:00:00.000Z
sensor.camera_e_temperatura,19.25404461688611,2026-03-31T11:00:00.000Z
sensor.camera_e_temperatura,19.378278222566667,2026-03-31T12:00:00.000Z
sensor.camera_e_temperatura,19.42547824237778,2026-03-31T13:00:00.000Z
sensor.camera_e_temperatura,19.510186606111112,2026-03-31T14:00:00.000Z
sensor.camera_e_temperatura,19.63096711211389,2026-03-31T15:00:00.000Z
sensor.camera_e_temperatura,19.96924967345,2026-03-31T16:00:00.000Z
sensor.camera_e_temperatura,20.019365417905558,2026-03-31T17:00:00.000Z
sensor.camera_e_temperatura,20.133511743119445,2026-03-31T18:00:00.000Z
sensor.camera_e_temperatura,20.11895729077778,2026-03-31T19:00:00.000Z
sensor.camera_e_temperatura,20.013078383608335,2026-03-31T20:00:00.000Z
sensor.camera_e_temperatura,19.924805415719444,2026-03-31T21:00:00.000Z
sensor.camera_e_temperatura,19.82531659760278,2026-03-31T22:00:00.000Z
sensor.camera_e_temperatura,19.69378650596111,2026-03-31T23:00:00.000Z
sensor.camera_e_temperatura,19.586561591080557,2026-04-01T00:00:00.000Z
sensor.camera_e_temperatura,19.464700323866666,2026-04-01T01:00:00.000Z
sensor.camera_e_temperatura,19.384491519313887,2026-04-01T02:00:00.000Z
sensor.camera_e_temperatura,19.285846257388886,2026-04-01T03:00:00.000Z
sensor.camera_e_temperatura,19.310957057416665,2026-04-01T04:00:00.000Z
sensor.camera_e_temperatura,19.374264072316667,2026-04-01T05:00:00.000Z
sensor.camera_e_temperatura,19.53749246332222,2026-04-01T06:00:00.000Z
sensor.camera_e_temperatura,19.367437655508333,2026-04-01T07:00:00.000Z
sensor.camera_e_temperatura,19.26814331671389,2026-04-01T08:00:00.000Z
sensor.camera_e_temperatura,19.210687012858333,2026-04-01T09:00:00.000Z
sensor.camera_e_temperatura,19.215033180355558,2026-04-01T10:00:00.000Z
sensor.camera_e_temperatura,19.239746757008334,2026-04-01T11:00:00.000Z
sensor.camera_e_temperatura,19.326951949502778,2026-04-01T12:00:00.000Z
sensor.camera_e_temperatura,19.448048360630555,2026-04-01T13:00:00.000Z
sensor.camera_e_temperatura,19.65785991083611,2026-04-01T14:00:00.000Z
sensor.camera_e_temperatura,19.770281737241667,2026-04-01T15:00:00.000Z
sensor.camera_e_temperatura,19.854445287963888,2026-04-01T16:00:00.000Z
sensor.camera_e_temperatura,19.924507578208335,2026-04-01T17:00:00.000Z
sensor.camera_e_temperatura,19.93470662055,2026-04-01T18:00:00.000Z
sensor.camera_e_temperatura,19.895965366219443,2026-04-01T19:00:00.000Z
sensor.camera_e_temperatura,19.81951533764722,2026-04-01T20:00:00.000Z
sensor.camera_e_temperatura,19.796973193825,2026-04-01T21:00:00.000Z
sensor.camera_e_temperatura,19.918377710880556,2026-04-01T22:00:00.000Z
sensor.camera_e_temperatura,19.996711084533334,2026-04-01T23:00:00.000Z
sensor.camera_e_temperatura,19.974616368763886,2026-04-02T00:00:00.000Z
sensor.camera_e_temperatura,19.914772043866666,2026-04-02T01:00:00.000Z
sensor.camera_e_temperatura,19.740639225349998,2026-04-02T02:00:00.000Z
sensor.camera_e_temperatura,19.646057924433332,2026-04-02T03:00:00.000Z
sensor.camera_e_temperatura,19.515965707847222,2026-04-02T04:00:00.000Z
sensor.camera_e_temperatura,19.484435805605557,2026-04-02T05:00:00.000Z
sensor.camera_e_temperatura,19.489738776594447,2026-04-02T06:00:00.000Z
sensor.camera_e_temperatura,19.452338511158334,2026-04-02T07:00:00.000Z
sensor.camera_e_temperatura,19.386819803530553,2026-04-02T08:00:00.000Z
sensor.camera_e_temperatura,19.386401204002777,2026-04-02T09:00:00.000Z
sensor.camera_e_temperatura,19.406839572294444,2026-04-02T10:00:00.000Z
sensor.camera_e_temperatura,19.559543903483334,2026-04-02T11:00:00.000Z
sensor.camera_e_temperatura,19.53172664125,2026-04-02T12:00:00.000Z
sensor.camera_e_temperatura,19.750362468105553,2026-04-02T13:00:00.000Z
sensor.camera_e_temperatura,19.9559361539,2026-04-02T14:00:00.000Z
sensor.camera_e_temperatura,19.96431600996389,2026-04-02T15:00:00.000Z
sensor.camera_e_temperatura,20.008497950408334,2026-04-02T16:00:00.000Z
sensor.camera_e_temperatura,20.03628948102222,2026-04-02T17:00:00.000Z
sensor.camera_e_temperatura,20.097319488427775,2026-04-02T18:00:00.000Z
sensor.camera_e_temperatura,20.041964841566667,2026-04-02T19:00:00.000Z
sensor.camera_e_temperatura,19.944996028713888,2026-04-02T20:00:00.000Z
sensor.camera_e_temperatura,19.893915134822223,2026-04-02T21:00:00.000Z
sensor.camera_e_temperatura,19.776956795230557,2026-04-02T22:00:00.000Z
sensor.camera_e_temperatura,19.836642212125,2026-04-02T23:00:00.000Z
sensor.camera_e_temperatura,19.83825566152778,2026-04-03T00:00:00.000Z
sensor.camera_e_temperatura,19.739474786477775,2026-04-03T01:00:00.000Z
sensor.camera_e_temperatura,19.72541529965,2026-04-03T02:00:00.000Z
sensor.camera_e_temperatura,19.658727028308334,2026-04-03T03:00:00.000Z
sensor.camera_e_temperatura,19.533986311663888,2026-04-03T04:00:00.000Z
sensor.camera_e_temperatura,19.515092411225,2026-04-03T05:00:00.000Z
sensor.camera_e_temperatura,19.428686380263887,2026-04-03T06:00:00.000Z
sensor.camera_e_temperatura,19.428388923433335,2026-04-03T07:00:00.000Z
sensor.camera_e_temperatura,19.4168870023,2026-04-03T08:00:00.000Z
sensor.camera_e_temperatura,19.414721044394444,2026-04-03T09:00:00.000Z
sensor.camera_e_temperatura,19.3669062817,2026-04-03T10:00:00.000Z
sensor.camera_e_temperatura,19.39300808399722,2026-04-03T11:00:00.000Z
sensor.camera_e_temperatura,19.48971023297222,2026-04-03T12:00:00.000Z
sensor.camera_e_temperatura,19.742167181350002,2026-04-03T13:00:00.000Z
sensor.camera_e_temperatura,19.931441592433334,2026-04-03T14:00:00.000Z
sensor.camera_e_temperatura,20.09714757647222,2026-04-03T15:00:00.000Z
sensor.camera_e_temperatura,20.663983920852775,2026-04-03T16:00:00.000Z
sensor.camera_e_temperatura,20.968974048447222,2026-04-03T17:00:00.000Z
sensor.camera_e_temperatura,21.090713926294445,2026-04-03T18:00:00.000Z
sensor.camera_e_temperatura,20.97115414648611,2026-04-03T19:00:00.000Z
sensor.camera_e_temperatura,20.776686217516666,2026-04-03T20:00:00.000Z
sensor.camera_e_temperatura,20.752855242380555,2026-04-03T21:00:00.000Z
sensor.camera_e_temperatura,20.549791232641667,2026-04-03T22:00:00.000Z
sensor.camera_e_temperatura,20.36630234738889,2026-04-03T23:00:00.000Z
sensor.camera_e_temperatura,20.211359580369443,2026-04-04T00:00:00.000Z
sensor.camera_e_temperatura,20.089572534925,2026-04-04T01:00:00.000Z
sensor.camera_e_temperatura,20.07362544913333,2026-04-04T02:00:00.000Z
sensor.camera_e_temperatura,20.00416362157222,2026-04-04T03:00:00.000Z
sensor.camera_e_temperatura,19.941168122755556,2026-04-04T04:00:00.000Z
sensor.camera_e_temperatura,19.914884267655555,2026-04-04T05:00:00.000Z
sensor.camera_e_temperatura,19.837590394061113,2026-04-04T06:00:00.000Z
sensor.camera_e_temperatura,19.8271773564,2026-04-04T07:00:00.000Z
sensor.camera_e_temperatura,19.845038930844442,2026-04-04T08:00:00.000Z
sensor.camera_e_temperatura,19.76883121810278,2026-04-04T09:00:00.000Z
sensor.camera_e_temperatura,19.889534903,2026-04-04T10:00:00.000Z
sensor.camera_e_temperatura,20.080330754705557,2026-04-04T11:00:00.000Z
sensor.camera_e_temperatura,20.110866000277777,2026-04-04T12:00:00.000Z
sensor.camera_e_temperatura,20.32350754878889,2026-04-04T13:00:00.000Z
sensor.camera_e_temperatura,20.512885907744444,2026-04-04T14:00:00.000Z
sensor.camera_e_temperatura,20.808693312041665,2026-04-04T15:00:00.000Z
sensor.camera_e_temperatura,20.98061758958889,2026-04-04T16:00:00.000Z
sensor.camera_e_temperatura,21.151282715205554,2026-04-04T17:00:00.000Z
sensor.camera_e_temperatura,21.24328701339722,2026-04-04T18:00:00.000Z
sensor.camera_e_temperatura,21.329548433983334,2026-04-04T19:00:00.000Z
sensor.camera_e_temperatura,21.152554671394444,2026-04-04T20:00:00.000Z
sensor.camera_e_temperatura,21.192796813563888,2026-04-04T21:00:00.000Z
sensor.camera_e_temperatura,21.14528589614722,2026-04-04T22:00:00.000Z
sensor.camera_e_temperatura,21.211747209208333,2026-04-04T23:00:00.000Z
sensor.camera_e_temperatura,21.103810307013887,2026-04-05T00:00:00.000Z
sensor.camera_e_temperatura,21.04149320501111,2026-04-05T01:00:00.000Z
sensor.camera_e_temperatura,20.935601713869445,2026-04-05T02:00:00.000Z
sensor.camera_e_temperatura,20.856950770183335,2026-04-05T03:00:00.000Z
sensor.camera_e_temperatura,20.79045156646667,2026-04-05T04:00:00.000Z
sensor.camera_e_temperatura,20.72921135332778,2026-04-05T05:00:00.000Z
sensor.camera_e_temperatura,20.521424151791667,2026-04-05T06:00:00.000Z
sensor.camera_e_temperatura,20.453421879183335,2026-04-05T07:00:00.000Z
sensor.camera_e_temperatura,20.454833369669444,2026-04-05T08:00:00.000Z
sensor.camera_e_temperatura,20.518993019838888,2026-04-05T09:00:00.000Z
sensor.camera_e_temperatura,20.629830029586113,2026-04-05T10:00:00.000Z
sensor.camera_e_temperatura,20.62613581115,2026-04-05T11:00:00.000Z
sensor.camera_e_temperatura,20.632500582958333,2026-04-05T12:00:00.000Z
sensor.camera_e_temperatura,20.789100330630557,2026-04-05T13:00:00.000Z
sensor.camera_e_temperatura,20.963307560475,2026-04-05T14:00:00.000Z
sensor.camera_e_temperatura,21.233567515955556,2026-04-05T15:00:00.000Z
sensor.camera_e_temperatura,21.704863910527777,2026-04-05T16:00:00.000Z
sensor.camera_e_temperatura,22.024836991691668,2026-04-05T17:00:00.000Z
sensor.camera_e_temperatura,21.989659725997225,2026-04-05T18:00:00.000Z
sensor.camera_e_temperatura,21.846556505875,2026-04-05T19:00:00.000Z
sensor.camera_e_temperatura,21.639022658052777,2026-04-05T20:00:00.000Z
sensor.camera_e_temperatura,21.471625455875,2026-04-05T21:00:00.000Z
sensor.camera_e_temperatura,21.38449426827222,2026-04-05T22:00:00.000Z
sensor.camera_e_temperatura,21.280705180627777,2026-04-05T23:00:00.000Z
sensor.camera_e_temperatura,21.166779210288887,2026-04-06T00:00:00.000Z
sensor.camera_e_temperatura,21.066908907572223,2026-04-06T01:00:00.000Z
sensor.camera_e_temperatura,21.069111795744444,2026-04-06T02:00:00.000Z
sensor.camera_e_temperatura,21.064976114811113,2026-04-06T03:00:00.000Z
sensor.camera_e_temperatura,21.04634373451111,2026-04-06T04:00:00.000Z
sensor.camera_e_temperatura,20.981925963444443,2026-04-06T05:00:00.000Z
sensor.camera_e_temperatura,20.96744131948333,2026-04-06T06:00:00.000Z
sensor.camera_e_temperatura,20.95075651376111,2026-04-06T07:00:00.000Z
sensor.camera_e_temperatura,20.927509500011112,2026-04-06T08:00:00.000Z
sensor.camera_e_temperatura,20.940141879108335,2026-04-06T09:00:00.000Z
sensor.camera_e_temperatura,20.91431745338611,2026-04-06T10:00:00.000Z
sensor.camera_e_temperatura,20.927359026597223,2026-04-06T11:00:00.000Z
sensor.camera_e_temperatura,20.977895584488888,2026-04-06T12:00:00.000Z
sensor.camera_e_temperatura,21.17013766088611,2026-04-06T13:00:00.000Z
sensor.camera_e_temperatura,21.402050432708336,2026-04-06T14:00:00.000Z
sensor.camera_e_temperatura,21.626477227297226,2026-04-06T15:00:00.000Z
sensor.camera_e_temperatura,21.895629140419445,2026-04-06T16:00:00.000Z
sensor.camera_e_temperatura,21.99803723119722,2026-04-06T17:00:00.000Z
sensor.camera_e_temperatura,22.372908379458334,2026-04-06T18:00:00.000Z
sensor.camera_e_temperatura,22.435419884944448,2026-04-06T19:00:00.000Z
sensor.camera_e_temperatura,22.327036289019446,2026-04-06T20:00:00.000Z
sensor.camera_e_temperatura,22.393340643002777,2026-04-06T21:00:00.000Z
sensor.camera_e_temperatura,22.09801080083889,2026-04-06T22:00:00.000Z
sensor.camera_e_temperatura,21.971594286669443,2026-04-06T23:00:00.000Z
sensor.camera_e_temperatura,22.315506028583332,2026-04-07T00:00:00.000Z
sensor.camera_e_temperatura,22.363352054866667,2026-04-07T01:00:00.000Z
sensor.camera_e_temperatura,22.3600664022,2026-04-07T02:00:00.000Z
sensor.camera_e_temperatura,22.283025516122223,2026-04-07T03:00:00.000Z
sensor.camera_e_temperatura,22.12070431353889,2026-04-07T04:00:00.000Z
sensor.camera_e_temperatura,21.952794267875003,2026-04-07T05:00:00.000Z
sensor.camera_e_temperatura,21.817446619052777,2026-04-07T06:00:00.000Z
sensor.camera_e_temperatura,21.68544834151111,2026-04-07T07:00:00.000Z
sensor.camera_e_temperatura,21.65246680559167,2026-04-07T08:00:00.000Z
sensor.camera_e_temperatura,21.63585704661389,2026-04-07T09:00:00.000Z
sensor.camera_e_temperatura,21.64985630580833,2026-04-07T10:00:00.000Z
sensor.camera_e_temperatura,21.553675226330554,2026-04-07T11:00:00.000Z
sensor.camera_e_temperatura,21.71039170398889,2026-04-07T12:00:00.000Z
sensor.camera_e_temperatura,21.884419637716665,2026-04-07T13:00:00.000Z
sensor.camera_e_temperatura,21.98765313905,2026-04-07T14:00:00.000Z
sensor.camera_e_temperatura,22.137906643027776,2026-04-07T15:00:00.000Z
sensor.camera_e_temperatura,22.296143605797223,2026-04-07T16:00:00.000Z
sensor.camera_e_temperatura,22.405767545686114,2026-04-07T17:00:00.000Z
sensor.camera_e_temperatura,22.43671121188889,2026-04-07T18:00:00.000Z
sensor.camera_e_temperatura,22.52314136463889,2026-04-07T19:00:00.000Z
sensor.camera_e_temperatura,22.46670600317222,2026-04-07T20:00:00.000Z
sensor.camera_e_temperatura,22.346734866075,2026-04-07T21:00:00.000Z
sensor.camera_e_temperatura,22.19014047509445,2026-04-07T22:00:00.000Z
sensor.camera_e_temperatura,22.124406573444446,2026-04-07T23:00:00.000Z
sensor.camera_e_temperatura,22.144642123494446,2026-04-08T00:00:00.000Z
sensor.camera_e_temperatura,22.123324457191668,2026-04-08T01:00:00.000Z
sensor.camera_e_temperatura,22.172302156183335,2026-04-08T02:00:00.000Z
sensor.camera_e_temperatura,22.11787758256111,2026-04-08T03:00:00.000Z
sensor.camera_e_temperatura,22.029961625958332,2026-04-08T04:00:00.000Z
sensor.camera_e_temperatura,21.97400530518611,2026-04-08T05:00:00.000Z
sensor.camera_e_temperatura,21.817144516019443,2026-04-08T06:00:00.000Z
sensor.camera_e_temperatura,21.638950711044444,2026-04-08T07:00:00.000Z
sensor.camera_e_temperatura,21.53284572694167,2026-04-08T08:00:00.000Z
sensor.camera_e_temperatura,21.472027312705553,2026-04-08T09:00:00.000Z
sensor.camera_e_temperatura,21.45586369825,2026-04-08T10:00:00.000Z
sensor.camera_e_temperatura,21.478589478461114,2026-04-08T11:00:00.000Z
sensor.camera_e_temperatura,21.61111460738788,2026-04-08T12:00:00.000Z
sensor.camera_e_temperatura,21.843045301702777,2026-04-08T13:00:00.000Z
sensor.camera_e_temperatura,22.0026265896,2026-04-08T14:00:00.000Z
sensor.camera_e_temperatura,22.184607579366666,2026-04-08T15:00:00.000Z
sensor.camera_e_temperatura,22.538389382774998,2026-04-08T16:00:00.000Z
sensor.camera_e_temperatura,22.904358481333333,2026-04-08T17:00:00.000Z
sensor.camera_e_temperatura,23.125244565388886,2026-04-08T18:00:00.000Z
sensor.camera_e_temperatura,22.98510728045,2026-04-08T19:00:00.000Z
sensor.camera_e_temperatura,22.705676966330557,2026-04-08T20:00:00.000Z
sensor.camera_e_temperatura,22.507384569519445,2026-04-08T21:00:00.000Z
sensor.camera_e_temperatura,22.395800963727776,2026-04-08T22:00:00.000Z
sensor.camera_e_temperatura,22.43575229471111,2026-04-08T23:00:00.000Z
sensor.camera_e_temperatura,22.5403592298,2026-04-09T00:00:00.000Z
sensor.camera_e_temperatura,22.493884962508332,2026-04-09T01:00:00.000Z
sensor.camera_e_temperatura,22.402259241266666,2026-04-09T02:00:00.000Z
sensor.camera_e_temperatura,22.237069733022224,2026-04-09T03:00:00.000Z
sensor.camera_e_temperatura,22.18184997964722,2026-04-09T04:00:00.000Z
sensor.camera_e_temperatura,22.224031963305553,2026-04-09T05:00:00.000Z
sensor.camera_e_temperatura,22.117271650394443,2026-04-09T06:00:00.000Z
sensor.camera_e_temperatura,22.002968786741665,2026-04-09T07:00:00.000Z
sensor.camera_e_temperatura,21.954811961375,2026-04-09T08:00:00.000Z
sensor.camera_e_temperatura,21.93052799034167,2026-04-09T09:00:00.000Z
sensor.camera_e_temperatura,21.923289372922223,2026-04-09T10:00:00.000Z
sensor.camera_e_temperatura,21.842591144500002,2026-04-09T11:00:00.000Z
sensor.camera_e_temperatura,22.03164989615,2026-04-09T12:00:00.000Z
sensor.camera_e_temperatura,22.243547808027774,2026-04-09T13:00:00.000Z
sensor.camera_e_temperatura,22.39579340051667,2026-04-09T14:00:00.000Z
sensor.camera_e_temperatura,22.66213873741667,2026-04-09T15:00:00.000Z
sensor.camera_e_temperatura,22.857064325344442,2026-04-09T16:00:00.000Z
sensor.camera_e_temperatura,22.73792219008611,2026-04-09T17:00:00.000Z
sensor.camera_e_temperatura,22.68785705006667,2026-04-09T18:00:00.000Z
sensor.camera_e_temperatura,22.643809281838887,2026-04-09T19:00:00.000Z
sensor.camera_e_temperatura,22.544447248105556,2026-04-09T20:00:00.000Z
sensor.camera_e_temperatura,22.632360612744446,2026-04-09T21:00:00.000Z
sensor.camera_e_temperatura,22.634462764455552,2026-04-09T22:00:00.000Z
sensor.camera_e_temperatura,22.642016813358335,2026-04-09T23:00:00.000Z
sensor.camera_e_temperatura,22.485792488269443,2026-04-10T00:00:00.000Z
sensor.camera_e_temperatura,22.47570512,2026-04-10T01:00:00.000Z
sensor.camera_e_temperatura,22.387813446175002,2026-04-10T02:00:00.000Z
sensor.camera_e_temperatura,22.27267512696389,2026-04-10T03:00:00.000Z
sensor.camera_e_temperatura,22.13701475556111,2026-04-10T04:00:00.000Z
sensor.camera_e_temperatura,21.900416442980557,2026-04-10T05:00:00.000Z
sensor.camera_e_temperatura,21.785530539780556,2026-04-10T06:00:00.000Z
sensor.camera_e_temperatura,21.682072518216668,2026-04-10T07:00:00.000Z
sensor.camera_e_temperatura,21.62754959876389,2026-04-10T08:00:00.000Z
sensor.camera_e_temperatura,21.588318691277777,2026-04-10T09:00:00.000Z
sensor.camera_e_temperatura,21.568906160202776,2026-04-10T10:00:00.000Z
sensor.camera_e_temperatura,21.60465416008333,2026-04-10T11:00:00.000Z
sensor.camera_e_temperatura,21.73813970145,2026-04-10T12:00:00.000Z
sensor.camera_e_temperatura,21.873103474100002,2026-04-10T13:00:00.000Z
sensor.camera_e_temperatura,21.92335752286111,2026-04-10T14:00:00.000Z
sensor.camera_e_temperatura,21.99889870303055,2026-04-10T15:00:00.000Z
sensor.camera_e_temperatura,22.360209418591666,2026-04-10T16:00:00.000Z
sensor.camera_e_temperatura,22.25073706689722,2026-04-10T17:00:00.000Z
sensor.camera_e_temperatura,22.14660559214722,2026-04-10T18:00:00.000Z
sensor.camera_e_temperatura,22.065128255413892,2026-04-10T19:00:00.000Z
sensor.camera_e_temperatura,21.99078623055833,2026-04-10T20:00:00.000Z
sensor.camera_e_temperatura,21.941211776183334,2026-04-10T21:00:00.000Z
sensor.camera_e_temperatura,21.90699019565,2026-04-10T22:00:00.000Z
sensor.camera_e_temperatura,21.908679344733333,2026-04-10T23:00:00.000Z
sensor.camera_e_temperatura,21.960066049152775,2026-04-11T00:00:00.000Z
sensor.camera_e_temperatura,21.981610288463887,2026-04-11T01:00:00.000Z
sensor.camera_e_temperatura,21.963691715355555,2026-04-11T02:00:00.000Z
sensor.camera_e_temperatura,21.913253095019446,2026-04-11T03:00:00.000Z
sensor.camera_e_temperatura,21.833920984605555,2026-04-11T04:00:00.000Z
sensor.camera_e_temperatura,21.723599569344444,2026-04-11T05:00:00.000Z
sensor.camera_e_temperatura,21.63442442504167,2026-04-11T06:00:00.000Z
sensor.camera_e_temperatura,21.572099302569445,2026-04-11T07:00:00.000Z
sensor.camera_e_temperatura,21.517208747144448,2026-04-11T08:00:00.000Z
sensor.camera_e_temperatura,21.526588745530557,2026-04-11T09:00:00.000Z
sensor.camera_e_temperatura,21.57959346371389,2026-04-11T10:00:00.000Z
sensor.camera_e_temperatura,21.752365716205556,2026-04-11T11:00:00.000Z
sensor.camera_e_temperatura,21.790765451708335,2026-04-11T12:00:00.000Z
sensor.camera_e_temperatura,21.973366767683334,2026-04-11T13:00:00.000Z
sensor.camera_e_temperatura,22.172082146058333,2026-04-11T14:00:00.000Z
sensor.camera_e_temperatura,22.375296383630555,2026-04-11T15:00:00.000Z
sensor.camera_e_temperatura,22.431567773383335,2026-04-11T16:00:00.000Z
sensor.camera_e_temperatura,22.398658018066666,2026-04-11T17:00:00.000Z
sensor.camera_e_temperatura,22.505858560074998,2026-04-11T18:00:00.000Z
sensor.camera_e_temperatura,22.323707236505555,2026-04-11T19:00:00.000Z
sensor.camera_e_temperatura,22.168061139672222,2026-04-11T20:00:00.000Z
sensor.camera_e_temperatura,22.03907506281111,2026-04-11T21:00:00.000Z
sensor.camera_e_temperatura,21.952662844244443,2026-04-11T22:00:00.000Z
sensor.camera_e_temperatura,21.911950642930552,2026-04-11T23:00:00.000Z
sensor.camera_e_temperatura,21.826006537252777,2026-04-12T00:00:00.000Z
sensor.camera_e_temperatura,21.826379696005556,2026-04-12T01:00:00.000Z
sensor.camera_e_temperatura,21.92004494228611,2026-04-12T02:00:00.000Z
sensor.camera_e_temperatura,21.87814196306111,2026-04-12T03:00:00.000Z
sensor.camera_e_temperatura,21.810018297480553,2026-04-12T04:00:00.000Z
sensor.camera_e_temperatura,21.73780980486111,2026-04-12T05:00:00.000Z
sensor.camera_e_temperatura,21.697538547125003,2026-04-12T06:00:00.000Z
sensor.camera_e_temperatura,21.597610169655553,2026-04-12T07:00:00.000Z
sensor.camera_e_temperatura,21.602142228341666,2026-04-12T08:00:00.000Z
sensor.camera_e_temperatura,21.611574200469445,2026-04-12T09:00:00.000Z
sensor.camera_e_temperatura,21.66063592091389,2026-04-12T10:00:00.000Z
sensor.camera_e_temperatura,21.737513444244446,2026-04-12T11:00:00.000Z
sensor.camera_e_temperatura,21.63538969640278,2026-04-12T12:00:00.000Z
sensor.camera_e_temperatura,21.627059625008332,2026-04-12T13:00:00.000Z
sensor.camera_e_temperatura,21.745161815866666,2026-04-12T14:00:00.000Z
sensor.camera_e_temperatura,21.863774800855555,2026-04-12T15:00:00.000Z
sensor.camera_e_temperatura,21.9343296493,2026-04-12T16:00:00.000Z
sensor.camera_e_temperatura,22.000673449183335,2026-04-12T17:00:00.000Z
sensor.camera_e_temperatura,21.888354560322224,2026-04-12T18:00:00.000Z
sensor.camera_e_temperatura,21.76155629177778,2026-04-12T19:00:00.000Z
sensor.camera_e_temperatura,21.73424594471389,2026-04-12T20:00:00.000Z
sensor.camera_e_temperatura,21.585699909255553,2026-04-12T21:00:00.000Z
sensor.camera_e_temperatura,21.49352292290278,2026-04-12T22:00:00.000Z
sensor.camera_e_temperatura,21.4372367017,2026-04-12T23:00:00.000Z
sensor.camera_e_temperatura,21.413594928722222,2026-04-13T00:00:00.000Z
sensor.camera_e_temperatura,21.392272272947224,2026-04-13T01:00:00.000Z
sensor.camera_e_temperatura,21.339578854877775,2026-04-13T02:00:00.000Z
sensor.camera_e_temperatura,21.298606332463887,2026-04-13T03:00:00.000Z
sensor.camera_e_temperatura,21.232314571933333,2026-04-13T04:00:00.000Z
sensor.camera_e_temperatura,21.181860323658334,2026-04-13T05:00:00.000Z
sensor.camera_e_temperatura,21.166644580600003,2026-04-13T06:00:00.000Z
sensor.camera_e_temperatura,21.129755387811112,2026-04-13T07:00:00.000Z
sensor.camera_e_temperatura,21.08321816528611,2026-04-13T08:00:00.000Z
sensor.camera_e_temperatura,21.057867525394443,2026-04-13T09:00:00.000Z
sensor.camera_e_temperatura,21.035225346883333,2026-04-13T10:00:00.000Z
sensor.camera_e_temperatura,21.004391065483333,2026-04-13T11:00:00.000Z
sensor.camera_e_temperatura,21.027221295266667,2026-04-13T12:00:00.000Z
sensor.camera_e_temperatura,21.022516853925,2026-04-13T13:00:00.000Z
sensor.camera_e_temperatura,21.02335549082778,2026-04-13T14:00:00.000Z
sensor.camera_e_temperatura,21.00575047038889,2026-04-13T15:00:00.000Z
sensor.camera_e_temperatura,21.205789249627777,2026-04-13T16:00:00.000Z
sensor.camera_e_temperatura,21.170202658683333,2026-04-13T17:00:00.000Z
sensor.camera_e_temperatura,21.199799073583335,2026-04-13T18:00:00.000Z
sensor.camera_e_temperatura,21.285169265333334,2026-04-13T19:00:00.000Z
sensor.camera_e_temperatura,21.148960805461112,2026-04-13T20:00:00.000Z
sensor.camera_e_temperatura,21.319536144777775,2026-04-13T21:00:00.000Z
sensor.camera_e_temperatura,21.39751830310833,2026-04-13T22:00:00.000Z
sensor.camera_e_temperatura,21.45383634363333,2026-04-13T23:00:00.000Z
sensor.camera_e_temperatura,21.427516730641667,2026-04-14T00:00:00.000Z
sensor.camera_e_temperatura,21.361532379655557,2026-04-14T01:00:00.000Z
sensor.camera_e_temperatura,21.323669751675,2026-04-14T02:00:00.000Z
sensor.camera_e_temperatura,21.256337098352777,2026-04-14T03:00:00.000Z
sensor.camera_e_temperatura,21.25014272191111,2026-04-14T04:00:00.000Z
sensor.camera_e_temperatura,21.306355885374998,2026-04-14T05:00:00.000Z
sensor.camera_e_temperatura,21.238423424458333,2026-04-14T06:00:00.000Z
sensor.camera_e_temperatura,21.003349888316666,2026-04-14T07:00:00.000Z
sensor.camera_e_temperatura,20.95186106951389,2026-04-14T08:00:00.000Z
sensor.camera_e_temperatura,20.963541894266665,2026-04-14T09:00:00.000Z
sensor.camera_e_temperatura,20.999881771991667,2026-04-14T10:00:00.000Z
sensor.camera_e_temperatura,20.89799787106389,2026-04-14T11:00:00.000Z
sensor.camera_e_temperatura,20.933538184641666,2026-04-14T12:00:00.000Z
sensor.camera_e_temperatura,21.01196455410278,2026-04-14T13:00:00.000Z
sensor.camera_e_temperatura,21.089254724161112,2026-04-14T14:00:00.000Z
sensor.camera_e_temperatura,21.18184800422222,2026-04-14T15:00:00.000Z
sensor.camera_e_temperatura,21.281943260427777,2026-04-14T16:00:00.000Z
sensor.camera_e_temperatura,21.280089692191666,2026-04-14T17:00:00.000Z
sensor.camera_e_temperatura,21.26803048601111,2026-04-14T18:00:00.000Z
sensor.camera_e_temperatura,21.27091605468889,2026-04-14T19:00:00.000Z
sensor.camera_e_temperatura,21.27300570642222,2026-04-14T20:00:00.000Z
sensor.camera_e_temperatura,21.36052346147778,2026-04-14T21:00:00.000Z
sensor.camera_e_temperatura,21.398651521816664,2026-04-14T22:00:00.000Z
sensor.camera_e_temperatura,21.38827134416111,2026-04-14T23:00:00.000Z
sensor.camera_e_temperatura,21.357971505566667,2026-04-15T00:00:00.000Z
sensor.camera_e_temperatura,21.34000166778611,2026-04-15T01:00:00.000Z
sensor.camera_e_temperatura,21.309190784488887,2026-04-15T02:00:00.000Z
sensor.camera_e_temperatura,21.222590040558334,2026-04-15T03:00:00.000Z
sensor.camera_e_temperatura,21.189944727616666,2026-04-15T04:00:00.000Z
sensor.camera_e_temperatura,21.197482492655556,2026-04-15T05:00:00.000Z
sensor.camera_e_temperatura,21.125966480058334,2026-04-15T06:00:00.000Z
sensor.camera_e_temperatura,20.976257255794444,2026-04-15T07:00:00.000Z
sensor.camera_e_temperatura,20.938068840944442,2026-04-15T08:00:00.000Z
sensor.camera_e_temperatura,20.920772018158335,2026-04-15T09:00:00.000Z
sensor.camera_e_temperatura,20.92748331242778,2026-04-15T10:00:00.000Z
sensor.camera_e_temperatura,20.945893276725,2026-04-15T11:00:00.000Z
sensor.camera_e_temperatura,20.989040141041666,2026-04-15T12:00:00.000Z
sensor.camera_e_temperatura,21.124423436780557,2026-04-15T13:00:00.000Z
sensor.camera_e_temperatura,21.33319039959167,2026-04-15T14:00:00.000Z
sensor.camera_e_temperatura,21.460231870383335,2026-04-15T15:00:00.000Z
sensor.camera_e_temperatura,21.904914782872222,2026-04-15T16:00:00.000Z
sensor.camera_e_temperatura,22.02863463103333,2026-04-15T17:00:00.000Z
sensor.camera_e_temperatura,22.002043900777778,2026-04-15T18:00:00.000Z
sensor.camera_e_temperatura,21.935875252008334,2026-04-15T19:00:00.000Z
sensor.camera_e_temperatura,21.937483183433333,2026-04-15T20:00:00.000Z
sensor.camera_e_temperatura,21.929123550294445,2026-04-15T21:00:00.000Z
sensor.camera_e_temperatura,22.00741346883889,2026-04-15T22:00:00.000Z
sensor.camera_e_temperatura,21.910614933480556,2026-04-15T23:00:00.000Z
sensor.camera_e_temperatura,21.87,2026-04-16T00:00:00.000Z
sensor.camera_e_temperatura,21.742026401084846,2026-04-16T03:00:00.000Z
sensor.camera_e_temperatura,21.67097248991111,2026-04-16T04:00:00.000Z
sensor.camera_e_temperatura,21.55652598573889,2026-04-16T05:00:00.000Z
sensor.camera_e_temperatura,21.397152170966667,2026-04-16T06:00:00.000Z
sensor.camera_e_temperatura,21.206992031733332,2026-04-16T07:00:00.000Z
sensor.camera_e_temperatura,21.140928829352777,2026-04-16T08:00:00.000Z
sensor.camera_e_temperatura,21.105484798816665,2026-04-16T09:00:00.000Z
sensor.camera_e_temperatura,21.10982862602222,2026-04-16T10:00:00.000Z
sensor.camera_e_temperatura,21.137525225491668,2026-04-16T11:00:00.000Z
sensor.camera_e_temperatura,21.247195273566664,2026-04-16T12:00:00.000Z
sensor.camera_e_temperatura,21.41997639138889,2026-04-16T13:00:00.000Z
sensor.camera_e_temperatura,21.636138842886112,2026-04-16T14:00:00.000Z
sensor.camera_e_temperatura,21.820076061269443,2026-04-16T15:00:00.000Z
sensor.camera_e_temperatura,21.95381976433889,2026-04-16T16:00:00.000Z
sensor.camera_e_temperatura,22.034127052211108,2026-04-16T17:00:00.000Z
sensor.camera_e_temperatura,22.037716974347223,2026-04-16T18:00:00.000Z
sensor.camera_e_temperatura,21.99550041937222,2026-04-16T19:00:00.000Z
sensor.camera_e_temperatura,22.05959715572222,2026-04-16T20:00:00.000Z
sensor.camera_e_temperatura,21.99177916434722,2026-04-16T21:00:00.000Z
sensor.camera_e_temperatura,21.944412049108333,2026-04-16T22:00:00.000Z
sensor.camera_e_temperatura,21.868265764766665,2026-04-16T23:00:00.000Z
sensor.camera_e_temperatura,21.74746022761111,2026-04-17T00:00:00.000Z
sensor.camera_e_temperatura,21.679304984605555,2026-04-17T01:00:00.000Z
sensor.camera_e_temperatura,21.57363174206944,2026-04-17T02:00:00.000Z
sensor.camera_e_temperatura,21.491913830180554,2026-04-17T03:00:00.000Z
sensor.camera_e_temperatura,21.448039044794445,2026-04-17T04:00:00.000Z
sensor.camera_e_temperatura,21.46276508464722,2026-04-17T05:00:00.000Z
sensor.camera_e_temperatura,21.46524666866389,2026-04-17T06:00:00.000Z
sensor.camera_e_temperatura,21.401472930794444,2026-04-17T07:00:00.000Z
sensor.camera_e_temperatura,21.385540581808332,2026-04-17T08:00:00.000Z
sensor.camera_e_temperatura,21.42962722399167,2026-04-17T09:00:00.000Z
sensor.camera_e_temperatura,21.42192661691111,2026-04-17T10:00:00.000Z
sensor.camera_e_temperatura,21.445691145680556,2026-04-17T11:00:00.000Z
sensor.camera_e_temperatura,21.57549502627778,2026-04-17T12:00:00.000Z
sensor.camera_e_temperatura,21.823746224736112,2026-04-17T13:00:00.000Z
sensor.camera_e_temperatura,21.974139979494442,2026-04-17T14:00:00.000Z
sensor.camera_e_temperatura,22.150969267525,2026-04-17T15:00:00.000Z
sensor.camera_e_temperatura,22.62380216860278,2026-04-17T16:00:00.000Z
sensor.camera_e_temperatura,22.578422678141667,2026-04-17T17:00:00.000Z
sensor.camera_e_temperatura,22.495872567072222,2026-04-17T18:00:00.000Z
sensor.camera_e_temperatura,22.416712274933335,2026-04-17T19:00:00.000Z
sensor.camera_e_temperatura,22.31412155026111,2026-04-17T20:00:00.000Z
sensor.camera_e_temperatura,22.17183856331667,2026-04-17T21:00:00.000Z
sensor.camera_e_temperatura,22.127549935966666,2026-04-17T22:00:00.000Z
sensor.camera_e_temperatura,22.06135634405,2026-04-17T23:00:00.000Z
sensor.camera_e_temperatura,21.972336395494448,2026-04-18T00:00:00.000Z
sensor.camera_e_temperatura,21.91203691203611,2026-04-18T01:00:00.000Z
sensor.camera_e_temperatura,21.852712782752775,2026-04-18T02:00:00.000Z
sensor.camera_e_temperatura,21.772608446433335,2026-04-18T03:00:00.000Z
sensor.camera_e_temperatura,21.70116252339722,2026-04-18T04:00:00.000Z
sensor.camera_e_temperatura,21.657100799261112,2026-04-18T05:00:00.000Z
sensor.camera_e_temperatura,21.60458469138889,2026-04-18T06:00:00.000Z
sensor.camera_e_temperatura,21.565838484641663,2026-04-18T07:00:00.000Z
sensor.camera_e_temperatura,21.554966655194445,2026-04-18T08:00:00.000Z
sensor.camera_e_temperatura,21.56802196123333,2026-04-18T09:00:00.000Z
sensor.camera_e_temperatura,21.608946819988887,2026-04-18T10:00:00.000Z
sensor.camera_e_temperatura,21.688676243255557,2026-04-18T11:00:00.000Z
sensor.camera_e_temperatura,21.881548956469445,2026-04-18T12:00:00.000Z
sensor.camera_e_temperatura,22.054828576827777,2026-04-18T13:00:00.000Z
sensor.camera_e_temperatura,22.438826796002775,2026-04-18T14:00:00.000Z
sensor.camera_e_temperatura,22.80555161815,2026-04-18T15:00:00.000Z
sensor.camera_e_temperatura,22.998421913686112,2026-04-18T16:00:00.000Z
sensor.camera_e_temperatura,23.108625781247223,2026-04-18T17:00:00.000Z
sensor.camera_e_temperatura,23.004771556675,2026-04-18T18:00:00.000Z
sensor.camera_e_temperatura,22.89266297786389,2026-04-18T19:00:00.000Z
sensor.camera_e_temperatura,22.78037988308333,2026-04-18T20:00:00.000Z
sensor.camera_e_temperatura,22.68359400065833,2026-04-18T21:00:00.000Z
sensor.camera_e_temperatura,22.675340738944442,2026-04-18T22:00:00.000Z
sensor.camera_e_temperatura,22.920383503783338,2026-04-18T23:00:00.000Z
sensor.camera_e_temperatura,22.924627457669445,2026-04-19T00:00:00.000Z
sensor.camera_e_temperatura,22.944153570630558,2026-04-19T01:00:00.000Z
sensor.camera_e_temperatura,22.927829731927776,2026-04-19T02:00:00.000Z
sensor.camera_e_temperatura,22.87770504388889,2026-04-19T03:00:00.000Z
sensor.camera_e_temperatura,22.811793345102775,2026-04-19T04:00:00.000Z
sensor.camera_e_temperatura,22.709466670666668,2026-04-19T05:00:00.000Z
sensor.camera_e_temperatura,22.576959840249998,2026-04-19T06:00:00.000Z
sensor.camera_e_temperatura,22.46822284036389,2026-04-19T07:00:00.000Z
sensor.camera_e_temperatura,22.461711459472223,2026-04-19T08:00:00.000Z
sensor.camera_e_temperatura,22.499467309877776,2026-04-19T09:00:00.000Z
sensor.camera_e_temperatura,22.525179129941666,2026-04-19T10:00:00.000Z
sensor.camera_e_temperatura,22.65790239984722,2026-04-19T11:00:00.000Z
sensor.camera_e_temperatura,22.7046991397,2026-04-19T12:00:00.000Z
sensor.camera_e_temperatura,22.903854687936114,2026-04-19T13:00:00.000Z
sensor.camera_e_temperatura,23.150618427877777,2026-04-19T14:00:00.000Z
sensor.camera_e_temperatura,23.42296563140278,2026-04-19T15:00:00.000Z
sensor.camera_e_temperatura,23.634523588558334,2026-04-19T16:00:00.000Z
sensor.camera_e_temperatura,23.522085153533336,2026-04-19T17:00:00.000Z
sensor.camera_e_temperatura,23.406093410411113,2026-04-19T18:00:00.000Z
sensor.camera_e_temperatura,23.234072883069445,2026-04-19T19:00:00.000Z
sensor.camera_e_temperatura,23.14880808303889,2026-04-19T20:00:00.000Z
sensor.camera_e_temperatura,23.173370966644445,2026-04-19T21:00:00.000Z
sensor.camera_e_temperatura,23.059373436741666,2026-04-19T22:00:00.000Z
sensor.camera_e_temperatura,23.172332092199998,2026-04-19T23:00:00.000Z
sensor.camera_e_temperatura,23.24439736826389,2026-04-20T00:00:00.000Z
sensor.camera_e_temperatura,23.133581970425,2026-04-20T01:00:00.000Z
sensor.camera_e_temperatura,23.04436302111111,2026-04-20T02:00:00.000Z
sensor.camera_e_temperatura,22.942561730052777,2026-04-20T03:00:00.000Z
sensor.camera_e_temperatura,22.86454411547778,2026-04-20T04:00:00.000Z
sensor.camera_e_temperatura,22.80281001975833,2026-04-20T05:00:00.000Z
sensor.camera_e_temperatura,22.59737787038611,2026-04-20T06:00:00.000Z
sensor.camera_e_temperatura,22.42040916604722,2026-04-20T07:00:00.000Z
sensor.camera_e_temperatura,22.358234597916667,2026-04-20T08:00:00.000Z
sensor.camera_e_temperatura,22.30532689596667,2026-04-20T09:00:00.000Z
sensor.camera_e_temperatura,22.31901090772222,2026-04-20T10:00:00.000Z
sensor.camera_e_temperatura,22.353566838502775,2026-04-20T11:00:00.000Z
sensor.camera_e_temperatura,22.42339711515,2026-04-20T12:00:00.000Z
sensor.camera_e_temperatura,22.568733058658335,2026-04-20T13:00:00.000Z
sensor.camera_e_temperatura,22.74023557007222,2026-04-20T14:00:00.000Z
sensor.camera_e_temperatura,22.85412726416111,2026-04-20T15:00:00.000Z
sensor.camera_e_temperatura,23.01351124470278,2026-04-20T16:00:00.000Z
sensor.camera_e_temperatura,23.331637902891668,2026-04-20T17:00:00.000Z
sensor.camera_e_temperatura,23.451867676341667,2026-04-20T18:00:00.000Z
sensor.camera_e_temperatura,23.423857763566662,2026-04-20T19:00:00.000Z
sensor.camera_e_temperatura,23.203452819261113,2026-04-20T20:00:00.000Z
sensor.camera_e_temperatura,23.239346021908332,2026-04-20T21:00:00.000Z
sensor.camera_e_temperatura,23.32411377288611,2026-04-20T22:00:00.000Z
sensor.camera_e_temperatura,23.30406194135,2026-04-20T23:00:00.000Z
sensor.camera_e_temperatura,23.28122279246111,2026-04-21T00:00:00.000Z
sensor.camera_e_temperatura,23.260777484583333,2026-04-21T01:00:00.000Z
sensor.camera_e_temperatura,23.273467884322226,2026-04-21T02:00:00.000Z
sensor.camera_e_temperatura,23.097149999533332,2026-04-21T03:00:00.000Z
sensor.camera_e_temperatura,23.153185284530554,2026-04-21T04:00:00.000Z
sensor.camera_e_temperatura,22.963137635633334,2026-04-21T05:00:00.000Z
sensor.camera_e_temperatura,22.749218555124997,2026-04-21T06:00:00.000Z
sensor.camera_e_temperatura,22.514753215116666,2026-04-21T07:00:00.000Z
sensor.camera_e_temperatura,22.41851013857222,2026-04-21T08:00:00.000Z
sensor.camera_e_temperatura,22.37611455544722,2026-04-21T09:00:00.000Z
sensor.camera_e_temperatura,22.383816979227777,2026-04-21T10:00:00.000Z
sensor.camera_e_temperatura,22.412386540733333,2026-04-21T11:00:00.000Z
sensor.camera_e_temperatura,22.428955874333337,2026-04-21T12:00:00.000Z
sensor.camera_e_temperatura,22.495706834769447,2026-04-21T13:00:00.000Z
sensor.camera_e_temperatura,22.62644983868333,2026-04-21T14:00:00.000Z
sensor.camera_e_temperatura,22.71938658256111,2026-04-21T15:00:00.000Z
sensor.camera_e_temperatura,22.977348321525,2026-04-21T16:00:00.000Z
sensor.camera_e_temperatura,22.908898728405557,2026-04-21T17:00:00.000Z
sensor.camera_e_temperatura,22.860876840097223,2026-04-21T18:00:00.000Z
sensor.camera_e_temperatura,22.785809139866668,2026-04-21T19:00:00.000Z
sensor.camera_e_temperatura,22.710280443955554,2026-04-21T20:00:00.000Z
sensor.camera_e_temperatura,22.508677690102775,2026-04-21T21:00:00.000Z
sensor.camera_e_temperatura,22.53103584573333,2026-04-21T22:00:00.000Z
sensor.camera_e_temperatura,22.624697774127778,2026-04-21T23:00:00.000Z
sensor.camera_e_temperatura,22.606142532897223,2026-04-22T00:00:00.000Z
sensor.camera_e_temperatura,22.48402459779722,2026-04-22T01:00:00.000Z
sensor.camera_e_temperatura,22.41997590943889,2026-04-22T02:00:00.000Z
sensor.camera_e_temperatura,22.379161419130554,2026-04-22T03:00:00.000Z
sensor.camera_e_temperatura,22.373942278122225,2026-04-22T04:00:00.000Z
sensor.camera_e_temperatura,22.230706701341663,2026-04-22T05:00:00.000Z
sensor.camera_e_temperatura,22.121325946483335,2026-04-22T06:00:00.000Z
sensor.camera_e_temperatura,21.94754706724167,2026-04-22T07:00:00.000Z
sensor.camera_e_temperatura,21.900760910994446,2026-04-22T08:00:00.000Z
sensor.camera_e_temperatura,21.830011786355556,2026-04-22T09:00:00.000Z
sensor.camera_e_temperatura,21.826489611516667,2026-04-22T10:00:00.000Z
sensor.camera_e_temperatura,21.853593932525,2026-04-22T11:00:00.000Z
sensor.camera_e_temperatura,21.899854995680556,2026-04-22T12:00:00.000Z
sensor.camera_e_temperatura,21.959679073177778,2026-04-22T13:00:00.000Z
sensor.camera_e_temperatura,22.070016502652777,2026-04-22T14:00:00.000Z
sensor.camera_e_temperatura,22.17613951631944,2026-04-22T15:00:00.000Z
sensor.camera_e_temperatura,22.63605543893333,2026-04-22T16:00:00.000Z
sensor.camera_e_temperatura,22.755324950516666,2026-04-22T17:00:00.000Z
sensor.camera_e_temperatura,22.84081850395833,2026-04-22T18:00:00.000Z
sensor.camera_e_temperatura,22.54396851614722,2026-04-22T19:00:00.000Z
sensor.camera_e_temperatura,22.619242701550004,2026-04-22T20:00:00.000Z
sensor.camera_e_temperatura,22.42539221061111,2026-04-22T21:00:00.000Z
sensor.camera_e_temperatura,22.43510084541389,2026-04-22T22:00:00.000Z
sensor.camera_e_temperatura,22.486837133605558,2026-04-22T23:00:00.000Z
sensor.camera_e_temperatura,22.44801670000278,2026-04-23T00:00:00.000Z
sensor.camera_e_temperatura,22.424011705641664,2026-04-23T01:00:00.000Z
sensor.camera_e_temperatura,22.388744042755558,2026-04-23T02:00:00.000Z
sensor.camera_e_temperatura,22.288681817905555,2026-04-23T03:00:00.000Z
sensor.camera_e_temperatura,22.30491957708611,2026-04-23T04:00:00.000Z
sensor.camera_e_temperatura,22.04156264362778,2026-04-23T05:00:00.000Z
sensor.camera_e_temperatura,21.865628590841666,2026-04-23T06:00:00.000Z
sensor.camera_e_temperatura,21.67108034355,2026-04-23T07:00:00.000Z
sensor.camera_e_temperatura,21.537415138416666,2026-04-23T08:00:00.000Z
sensor.camera_e_temperatura,21.465295116377778,2026-04-23T09:00:00.000Z
sensor.camera_e_temperatura,21.440414843333333,2026-04-23T10:00:00.000Z
sensor.camera_e_temperatura,21.448971752180555,2026-04-23T11:00:00.000Z
sensor.camera_e_temperatura,21.538175223583334,2026-04-23T12:00:00.000Z
sensor.camera_e_temperatura,21.718702443797223,2026-04-23T13:00:00.000Z
sensor.camera_e_temperatura,21.912784315230557,2026-04-23T14:00:00.000Z
sensor.camera_e_temperatura,22.098432960338886,2026-04-23T15:00:00.000Z
sensor.camera_e_temperatura,22.220548045016667,2026-04-23T16:00:00.000Z
sensor.camera_e_temperatura,22.357714735277778,2026-04-23T17:00:00.000Z
sensor.camera_e_temperatura,22.38191397873889,2026-04-23T18:00:00.000Z
sensor.camera_e_temperatura,22.5140687298,2026-04-23T19:00:00.000Z
sensor.camera_e_temperatura,22.39562963975278,2026-04-23T20:00:00.000Z
sensor.camera_e_temperatura,22.478972067572226,2026-04-23T21:00:00.000Z
sensor.camera_e_temperatura,22.436220629683334,2026-04-23T22:00:00.000Z
sensor.camera_e_temperatura,22.461535522575,2026-04-23T23:00:00.000Z
sensor.camera_e_temperatura,22.524459282036116,2026-04-24T00:00:00.000Z
sensor.camera_e_temperatura,22.500515500099997,2026-04-24T01:00:00.000Z
sensor.camera_e_temperatura,22.35641357210278,2026-04-24T02:00:00.000Z
sensor.camera_e_temperatura,22.33839513631111,2026-04-24T03:00:00.000Z
sensor.camera_e_temperatura,22.189505249711114,2026-04-24T04:00:00.000Z
sensor.camera_e_temperatura,22.020429739522225,2026-04-24T05:00:00.000Z
sensor.camera_e_temperatura,21.842489629536107,2026-04-24T06:00:00.000Z
sensor.camera_e_temperatura,21.614019235677777,2026-04-24T07:00:00.000Z
sensor.camera_e_temperatura,21.476939415505555,2026-04-24T08:00:00.000Z
sensor.camera_e_temperatura,21.440182329180555,2026-04-24T09:00:00.000Z
sensor.camera_e_temperatura,21.433953778719445,2026-04-24T10:00:00.000Z
sensor.camera_e_temperatura,21.45193689280556,2026-04-24T11:00:00.000Z
sensor.camera_e_temperatura,21.598935935325,2026-04-24T12:00:00.000Z
sensor.camera_e_temperatura,21.802139768658332,2026-04-24T13:00:00.000Z
sensor.camera_e_temperatura,21.956114572616666,2026-04-24T14:00:00.000Z
sensor.camera_e_temperatura,22.089239972155553,2026-04-24T15:00:00.000Z
sensor.camera_e_temperatura,22.258729015955556,2026-04-24T16:00:00.000Z
sensor.camera_e_temperatura,22.672566831241667,2026-04-24T17:00:00.000Z
sensor.camera_e_temperatura,22.960467741966667,2026-04-24T18:00:00.000Z
sensor.camera_e_temperatura,22.814134504422224,2026-04-24T19:00:00.000Z
sensor.camera_e_temperatura,22.694143960966667,2026-04-24T20:00:00.000Z
sensor.camera_e_temperatura,22.750663293813886,2026-04-24T21:00:00.000Z
sensor.camera_e_temperatura,22.683150720180553,2026-04-24T22:00:00.000Z
sensor.camera_e_temperatura,22.719077945644443,2026-04-24T23:00:00.000Z
sensor.camera_e_temperatura,22.578550266602775,2026-04-25T00:00:00.000Z
sensor.camera_e_temperatura,22.488909663191667,2026-04-25T01:00:00.000Z
sensor.camera_e_temperatura,22.43097055313889,2026-04-25T02:00:00.000Z
sensor.camera_e_temperatura,22.30867385254167,2026-04-25T03:00:00.000Z
sensor.camera_e_temperatura,22.210715622408333,2026-04-25T04:00:00.000Z
sensor.camera_e_temperatura,22.191665636030553,2026-04-25T05:00:00.000Z
sensor.camera_e_temperatura,22.136324125255555,2026-04-25T06:00:00.000Z
sensor.camera_e_temperatura,22.016496805172224,2026-04-25T07:00:00.000Z
sensor.camera_e_temperatura,22.014386089808337,2026-04-25T08:00:00.000Z
sensor.camera_e_temperatura,22.082898705241664,2026-04-25T09:00:00.000Z
sensor.camera_e_temperatura,22.10585170038333,2026-04-25T10:00:00.000Z
sensor.camera_e_temperatura,22.03052897016111,2026-04-25T11:00:00.000Z
sensor.camera_e_temperatura,22.045115614433332,2026-04-25T12:00:00.000Z
sensor.camera_e_temperatura,22.255998628336112,2026-04-25T13:00:00.000Z
sensor.camera_e_temperatura,22.527148318619442,2026-04-25T14:00:00.000Z
sensor.camera_e_temperatura,22.648009093572224,2026-04-25T15:00:00.000Z
sensor.camera_e_temperatura,22.71788400525,2026-04-25T16:00:00.000Z
sensor.camera_e_temperatura,22.835729544747224,2026-04-25T17:00:00.000Z
sensor.camera_e_temperatura,22.87872747443889,2026-04-25T18:00:00.000Z
sensor.camera_e_temperatura,22.80983064771389,2026-04-25T19:00:00.000Z
sensor.camera_e_temperatura,22.747580981280553,2026-04-25T20:00:00.000Z
sensor.camera_e_temperatura,22.71335611907222,2026-04-25T21:00:00.000Z
sensor.camera_e_temperatura,22.64715422852778,2026-04-25T22:00:00.000Z
sensor.camera_e_temperatura,22.521926076980552,2026-04-25T23:00:00.000Z
sensor.camera_e_temperatura,22.422544316619447,2026-04-26T00:00:00.000Z
sensor.camera_e_temperatura,22.339468249538886,2026-04-26T01:00:00.000Z
sensor.camera_e_temperatura,22.23149946764722,2026-04-26T02:00:00.000Z
sensor.camera_e_temperatura,22.140236454780553,2026-04-26T03:00:00.000Z
sensor.camera_e_temperatura,22.04323294765278,2026-04-26T04:00:00.000Z
sensor.camera_e_temperatura,21.974923618516666,2026-04-26T05:00:00.000Z
sensor.camera_e_temperatura,21.934191592988892,2026-04-26T06:00:00.000Z
sensor.camera_e_temperatura,21.915865311469446,2026-04-26T07:00:00.000Z
sensor.camera_e_temperatura,21.925862195269445,2026-04-26T08:00:00.000Z
sensor.camera_e_temperatura,21.92984789227222,2026-04-26T09:00:00.000Z
sensor.camera_e_temperatura,21.938684956647222,2026-04-26T10:00:00.000Z
sensor.camera_e_temperatura,21.972305342558332,2026-04-26T11:00:00.000Z
sensor.camera_e_temperatura,22.155106817127777,2026-04-26T12:00:00.000Z
sensor.camera_e_temperatura,22.39366608261389,2026-04-26T13:00:00.000Z
sensor.camera_e_temperatura,22.585462555830556,2026-04-26T14:00:00.000Z
sensor.camera_e_temperatura,22.763074922913887,2026-04-26T15:00:00.000Z
sensor.camera_e_temperatura,22.882959144672224,2026-04-26T16:00:00.000Z
sensor.camera_e_temperatura,22.949711969763886,2026-04-26T17:00:00.000Z
sensor.camera_e_temperatura,23.251398017122224,2026-04-26T18:00:00.000Z
sensor.camera_e_temperatura,23.166309893566666,2026-04-26T19:00:00.000Z
sensor.camera_e_temperatura,23.209771681002778,2026-04-26T20:00:00.000Z
sensor.camera_e_temperatura,23.229084280983333,2026-04-26T21:00:00.000Z
sensor.camera_e_temperatura,23.199221483477775,2026-04-26T22:00:00.000Z
sensor.camera_e_temperatura,23.19033794378889,2026-04-26T23:00:00.000Z
sensor.camera_e_temperatura,23.124775708983332,2026-04-27T00:00:00.000Z
sensor.camera_e_temperatura,23.044995809980552,2026-04-27T01:00:00.000Z
sensor.camera_e_temperatura,22.950327089922222,2026-04-27T02:00:00.000Z
sensor.camera_e_temperatura,22.876994428469445,2026-04-27T03:00:00.000Z
sensor.camera_e_temperatura,22.774764409302776,2026-04-27T04:00:00.000Z
sensor.camera_e_temperatura,22.738453257011113,2026-04-27T05:00:00.000Z
sensor.camera_e_temperatura,22.55448090047778,2026-04-27T06:00:00.000Z
sensor.camera_e_temperatura,22.388260903341664,2026-04-27T07:00:00.000Z
sensor.camera_e_temperatura,22.322379425619445,2026-04-27T08:00:00.000Z
sensor.camera_e_temperatura,22.29184489386111,2026-04-27T09:00:00.000Z
sensor.camera_e_temperatura,22.319076479994447,2026-04-27T10:00:00.000Z
sensor.camera_e_temperatura,22.38043716513611,2026-04-27T11:00:00.000Z
sensor.camera_e_temperatura,22.508034294041668,2026-04-27T12:00:00.000Z
sensor.camera_e_temperatura,22.734464928755557,2026-04-27T13:00:00.000Z
sensor.camera_e_temperatura,22.926909401766665,2026-04-27T14:00:00.000Z
sensor.camera_e_temperatura,23.07991637078889,2026-04-27T15:00:00.000Z
sensor.camera_e_temperatura,23.273715548366667,2026-04-27T16:00:00.000Z
sensor.camera_e_temperatura,23.656130359650003,2026-04-27T17:00:00.000Z
sensor.camera_e_temperatura,23.884680105741666,2026-04-27T18:00:00.000Z
sensor.camera_e_temperatura,23.75563898228889,2026-04-27T19:00:00.000Z
sensor.camera_e_temperatura,23.86,2026-04-27T20:00:00.000Z
sensor.camera_e_temperatura,23.85433163857778,2026-04-27T21:00:00.000Z
sensor.camera_e_temperatura,23.83082669688611,2026-04-27T22:00:00.000Z
sensor.camera_e_temperatura,23.78988937541111,2026-04-27T23:00:00.000Z
sensor.camera_e_temperatura,23.755122030294444,2026-04-28T00:00:00.000Z
sensor.camera_e_temperatura,23.723918201983334,2026-04-28T01:00:00.000Z
sensor.camera_e_temperatura,23.68454803350278,2026-04-28T02:00:00.000Z
sensor.camera_e_temperatura,23.561207048666663,2026-04-28T03:00:00.000Z
sensor.camera_e_temperatura,23.464074309969448,2026-04-28T04:00:00.000Z
sensor.camera_e_temperatura,23.28535252010555,2026-04-28T05:00:00.000Z
sensor.camera_e_temperatura,23.100524255674998,2026-04-28T06:00:00.000Z
sensor.camera_e_temperatura,22.941087430150002,2026-04-28T07:00:00.000Z
sensor.camera_e_temperatura,22.909085960947223,2026-04-28T08:00:00.000Z
sensor.camera_e_temperatura,22.944481515074997,2026-04-28T09:00:00.000Z
sensor.camera_e_temperatura,22.95867925883333,2026-04-28T10:00:00.000Z
sensor.camera_e_temperatura,23.01492722328889,2026-04-28T11:00:00.000Z
sensor.camera_e_temperatura,23.08324229055278,2026-04-28T12:00:00.000Z
sensor.camera_e_temperatura,23.178933124877776,2026-04-28T13:00:00.000Z
sensor.camera_e_temperatura,23.265785192866662,2026-04-28T14:00:00.000Z
sensor.camera_e_temperatura,23.367936875222224,2026-04-28T15:00:00.000Z
sensor.camera_e_temperatura,23.421898321169447,2026-04-28T16:00:00.000Z
sensor.camera_e_temperatura,23.506982389661115,2026-04-28T17:00:00.000Z
sensor.camera_e_temperatura,23.904593817930557,2026-04-28T18:00:00.000Z
sensor.camera_e_temperatura,23.889612936524998,2026-04-28T19:00:00.000Z
sensor.camera_e_temperatura,23.697958316633333,2026-04-28T20:00:00.000Z
sensor.camera_e_temperatura,23.564579057219447,2026-04-28T21:00:00.000Z
sensor.camera_e_temperatura,23.735213236297223,2026-04-28T22:00:00.000Z
sensor.camera_e_temperatura,23.67003177999167,2026-04-28T23:00:00.000Z
sensor.camera_e_temperatura,23.661192654361113,2026-04-29T00:00:00.000Z
sensor.camera_e_temperatura,23.60245249551667,2026-04-29T01:00:00.000Z
sensor.camera_e_temperatura,23.49639122806111,2026-04-29T02:00:00.000Z
sensor.camera_e_temperatura,23.497906128599997,2026-04-29T03:00:00.000Z
sensor.camera_e_temperatura,23.430039055124997,2026-04-29T04:00:00.000Z
sensor.camera_e_temperatura,23.491830365380554,2026-04-29T05:00:00.000Z
sensor.camera_e_temperatura,23.284229147547222,2026-04-29T06:00:00.000Z
sensor.camera_e_temperatura,23.044751773775,2026-04-29T07:00:00.000Z
sensor.camera_e_temperatura,22.967312130347224,2026-04-29T08:00:00.000Z
sensor.camera_e_temperatura,22.971739724380555,2026-04-29T09:00:00.000Z
sensor.camera_e_temperatura,22.979938661616668,2026-04-29T10:00:00.000Z
sensor.camera_e_temperatura,23.015280126413888,2026-04-29T11:00:00.000Z
sensor.camera_e_temperatura,23.12312220591667,2026-04-29T12:00:00.000Z
sensor.camera_e_temperatura,23.289476482205558,2026-04-29T13:00:00.000Z
sensor.camera_e_temperatura,23.415961125430556,2026-04-29T14:00:00.000Z
sensor.camera_e_temperatura,23.521574068830557,2026-04-29T15:00:00.000Z
sensor.camera_e_temperatura,24.03526587711111,2026-04-29T16:00:00.000Z
sensor.camera_e_temperatura,24.196184360900002,2026-04-29T17:00:00.000Z
sensor.camera_e_temperatura,24.187113023924997,2026-04-29T18:00:00.000Z
sensor.camera_e_temperatura,23.95976197442222,2026-04-29T19:00:00.000Z
sensor.camera_e_temperatura,23.697338643669443,2026-04-29T20:00:00.000Z
sensor.camera_e_temperatura,23.695685021397225,2026-04-29T21:00:00.000Z
sensor.camera_e_temperatura,23.641736966922224,2026-04-29T22:00:00.000Z
sensor.camera_e_temperatura,23.552121078705554,2026-04-29T23:00:00.000Z
sensor.camera_e_temperatura,23.639514190816666,2026-04-30T00:00:00.000Z
sensor.camera_e_temperatura,23.506477547438887,2026-04-30T01:00:00.000Z
sensor.camera_e_temperatura,23.469568839049998,2026-04-30T02:00:00.000Z
sensor.camera_e_temperatura,23.47964882808333,2026-04-30T03:00:00.000Z
sensor.camera_e_temperatura,23.4787128692,2026-04-30T04:00:00.000Z
sensor.camera_e_temperatura,23.348051710597222,2026-04-30T05:00:00.000Z
sensor.camera_e_temperatura,23.15890552850833,2026-04-30T06:00:00.000Z
sensor.camera_e_temperatura,22.934867032222225,2026-04-30T07:00:00.000Z
sensor.camera_e_temperatura,22.860006031105556,2026-04-30T08:00:00.000Z
sensor.camera_e_temperatura,22.805667009466664,2026-04-30T09:00:00.000Z
sensor.camera_e_temperatura,22.774354581597223,2026-04-30T10:00:00.000Z
sensor.camera_e_temperatura,22.789546848822223,2026-04-30T11:00:00.000Z
sensor.camera_e_temperatura,22.84811207989722,2026-04-30T12:00:00.000Z
sensor.camera_e_temperatura,22.927616934694445,2026-04-30T13:00:00.000Z
sensor.camera_e_temperatura,23.10963545956389,2026-04-30T14:00:00.000Z
sensor.camera_e_temperatura,23.4270500791,2026-04-30T15:00:00.000Z
sensor.camera_e_temperatura,23.618196154358333,2026-04-30T16:00:00.000Z
sensor.camera_e_temperatura,23.48616635098611,2026-04-30T17:00:00.000Z
sensor.camera_e_temperatura,23.4358900873,2026-04-30T18:00:00.000Z
sensor.camera_e_temperatura,23.436816432575,2026-04-30T19:00:00.000Z
sensor.camera_e_temperatura,23.47049561171111,2026-04-30T20:00:00.000Z
sensor.camera_e_temperatura,23.452798766219445,2026-04-30T21:00:00.000Z
sensor.camera_e_temperatura,23.383291417505557,2026-04-30T22:00:00.000Z
sensor.camera_e_temperatura,23.307737258655553,2026-04-30T23:00:00.000Z
sensor.camera_e_temperatura,23.326546422152777,2026-05-01T00:00:00.000Z
sensor.camera_e_temperatura,23.276811419958335,2026-05-01T01:00:00.000Z
sensor.camera_e_temperatura,23.124540348019448,2026-05-01T02:00:00.000Z
sensor.camera_e_temperatura,23.103594372027775,2026-05-01T03:00:00.000Z
sensor.camera_e_temperatura,22.96711127668611,2026-05-01T04:00:00.000Z
sensor.camera_e_temperatura,22.886375791880553,2026-05-01T05:00:00.000Z
sensor.camera_e_temperatura,22.686595749961114,2026-05-01T06:00:00.000Z
sensor.camera_e_temperatura,22.66002581804167,2026-05-01T07:00:00.000Z
sensor.camera_e_temperatura,22.62923230937778,2026-05-01T08:00:00.000Z
sensor.camera_e_temperatura,22.646201630833335,2026-05-01T09:00:00.000Z
sensor.camera_e_temperatura,22.519932586805556,2026-05-01T10:00:00.000Z
sensor.camera_e_temperatura,22.475052618794447,2026-05-01T11:00:00.000Z
sensor.camera_e_temperatura,22.567121927333332,2026-05-01T12:00:00.000Z
sensor.camera_e_temperatura,22.671311396261114,2026-05-01T13:00:00.000Z
sensor.camera_e_temperatura,22.809815516263892,2026-05-01T14:00:00.000Z
sensor.camera_e_temperatura,22.92057760132778,2026-05-01T15:00:00.000Z
sensor.camera_e_temperatura,23.04731827337778,2026-05-01T16:00:00.000Z
sensor.camera_e_temperatura,23.435037258922222,2026-05-01T17:00:00.000Z
sensor.camera_e_temperatura,23.675381456336112,2026-05-01T18:00:00.000Z
sensor.camera_e_temperatura,23.502626836955557,2026-05-01T19:00:00.000Z
sensor.camera_e_temperatura,23.42994463688889,2026-05-01T20:00:00.000Z
sensor.camera_e_temperatura,23.40391095416111,2026-05-01T21:00:00.000Z
sensor.camera_e_temperatura,23.30529014905,2026-05-01T22:00:00.000Z
sensor.camera_e_temperatura,23.26631462724167,2026-05-01T23:00:00.000Z
sensor.camera_e_temperatura,23.15476217801111,2026-05-02T00:00:00.000Z
sensor.camera_e_temperatura,23.11480480532778,2026-05-02T01:00:00.000Z
sensor.camera_e_temperatura,22.986286526049998,2026-05-02T02:00:00.000Z
sensor.camera_e_temperatura,22.892327467775,2026-05-02T03:00:00.000Z
sensor.camera_e_temperatura,22.80603386405278,2026-05-02T04:00:00.000Z
sensor.camera_e_temperatura,22.676076207955557,2026-05-02T05:00:00.000Z
sensor.camera_e_temperatura,22.577663650477778,2026-05-02T06:00:00.000Z
sensor.camera_e_temperatura,22.45800647301111,2026-05-02T07:00:00.000Z
sensor.camera_e_temperatura,22.457350869897223,2026-05-02T08:00:00.000Z
sensor.camera_e_temperatura,22.415090223891667,2026-05-02T09:00:00.000Z
sensor.camera_e_temperatura,22.360358681050002,2026-05-02T10:00:00.000Z
sensor.camera_e_temperatura,22.398715640425,2026-05-02T11:00:00.000Z
sensor.camera_e_temperatura,22.50688366686389,2026-05-02T12:00:00.000Z
sensor.camera_e_temperatura,22.782310373277777,2026-05-02T13:00:00.000Z
sensor.camera_e_temperatura,23.079172550091666,2026-05-02T14:00:00.000Z
sensor.camera_e_temperatura,23.397351840427778,2026-05-02T15:00:00.000Z
sensor.camera_e_temperatura,23.353915784947223,2026-05-02T16:00:00.000Z
sensor.camera_e_temperatura,23.369907885616666,2026-05-02T17:00:00.000Z
sensor.camera_e_temperatura,23.361191712777778,2026-05-02T18:00:00.000Z
sensor.camera_e_temperatura,23.25555047504167,2026-05-02T19:00:00.000Z
sensor.camera_e_temperatura,23.135089800533333,2026-05-02T20:00:00.000Z
sensor.camera_e_temperatura,22.98085530938889,2026-05-02T21:00:00.000Z
sensor.camera_e_temperatura,22.938875724358336,2026-05-02T22:00:00.000Z
sensor.camera_e_temperatura,22.882352460977774,2026-05-02T23:00:00.000Z
sensor.camera_e_temperatura,22.912010220497223,2026-05-03T00:00:00.000Z
sensor.camera_e_temperatura,22.898381291566665,2026-05-03T01:00:00.000Z
sensor.camera_e_temperatura,22.861740431355557,2026-05-03T02:00:00.000Z
sensor.camera_e_temperatura,22.89825797653611,2026-05-03T03:00:00.000Z
sensor.camera_e_temperatura,22.92406443583889,2026-05-03T04:00:00.000Z
sensor.camera_e_temperatura,22.865610257525002,2026-05-03T05:00:00.000Z
sensor.camera_e_temperatura,22.776857226191666,2026-05-03T06:00:00.000Z
sensor.camera_e_temperatura,22.63952892442778,2026-05-03T07:00:00.000Z
sensor.camera_e_temperatura,22.548737219269444,2026-05-03T08:00:00.000Z
sensor.camera_e_temperatura,22.53161232056389,2026-05-03T09:00:00.000Z
sensor.camera_e_temperatura,22.6142292744,2026-05-03T10:00:00.000Z
sensor.camera_e_temperatura,22.84790237559167,2026-05-03T11:00:00.000Z
sensor.camera_e_temperatura,22.92196098337222,2026-05-03T12:00:00.000Z
sensor.camera_e_temperatura,23.051283917316667,2026-05-03T13:00:00.000Z
sensor.camera_e_temperatura,23.193155223163888,2026-05-03T14:00:00.000Z
sensor.camera_e_temperatura,23.35634526380278,2026-05-03T15:00:00.000Z
sensor.camera_e_temperatura,23.443218586594444,2026-05-03T16:00:00.000Z
sensor.camera_e_temperatura,23.30205478612778,2026-05-03T17:00:00.000Z
sensor.camera_e_temperatura,23.405740655947223,2026-05-03T18:00:00.000Z
sensor.camera_e_temperatura,23.405848068716665,2026-05-03T19:00:00.000Z
sensor.camera_e_temperatura,23.221211687649998,2026-05-03T20:00:00.000Z
sensor.camera_e_temperatura,23.290179643374998,2026-05-03T21:00:00.000Z
sensor.camera_e_temperatura,23.257543149174996,2026-05-03T22:00:00.000Z
sensor.camera_e_temperatura,23.24542122356389,2026-05-03T23:00:00.000Z
sensor.camera_e_temperatura,23.37251234374722,2026-05-04T00:00:00.000Z
sensor.camera_e_temperatura,23.2280393525,2026-05-04T01:00:00.000Z
sensor.camera_e_temperatura,23.174116839133333,2026-05-04T02:00:00.000Z
sensor.camera_e_temperatura,23.172539407452778,2026-05-04T03:00:00.000Z
sensor.camera_e_temperatura,23.018915689530555,2026-05-04T04:00:00.000Z
sensor.camera_e_temperatura,22.91212909525,2026-05-04T05:00:00.000Z
sensor.camera_e_temperatura,22.77553581235,2026-05-04T06:00:00.000Z
sensor.camera_e_temperatura,22.572479176747223,2026-05-04T07:00:00.000Z
sensor.camera_e_temperatura,22.473829605905554,2026-05-04T08:00:00.000Z
sensor.camera_e_temperatura,22.461192133675,2026-05-04T09:00:00.000Z
sensor.camera_e_temperatura,22.481228098980555,2026-05-04T10:00:00.000Z
sensor.camera_e_temperatura,22.52523463026111,2026-05-04T11:00:00.000Z
sensor.camera_e_temperatura,22.597375105466668,2026-05-04T12:00:00.000Z
sensor.camera_e_temperatura,22.677702970850003,2026-05-04T13:00:00.000Z
sensor.camera_e_temperatura,22.76068284466389,2026-05-04T14:00:00.000Z
sensor.camera_e_temperatura,22.842034255983332,2026-05-04T15:00:00.000Z
sensor.camera_e_temperatura,23.000851155483332,2026-05-04T16:00:00.000Z
sensor.camera_e_temperatura,23.16120769103611,2026-05-04T17:00:00.000Z
sensor.camera_e_temperatura,23.199958390494444,2026-05-04T18:00:00.000Z
sensor.camera_e_temperatura,23.171335657361112,2026-05-04T19:00:00.000Z
sensor.camera_e_temperatura,23.013851224802778,2026-05-04T20:00:00.000Z
sensor.camera_e_temperatura,22.986870771663888,2026-05-04T21:00:00.000Z
sensor.camera_e_temperatura,23.06043837537778,2026-05-04T22:00:00.000Z
sensor.camera_e_temperatura,23.12836367506944,2026-05-04T23:00:00.000Z
sensor.camera_e_temperatura,23.064655415194448,2026-05-05T00:00:00.000Z
sensor.camera_e_temperatura,23.039067290733332,2026-05-05T01:00:00.000Z
sensor.camera_e_temperatura,22.999629772569445,2026-05-05T02:00:00.000Z
sensor.camera_e_temperatura,23.005199213847224,2026-05-05T03:00:00.000Z
sensor.camera_e_temperatura,22.948644120533334,2026-05-05T04:00:00.000Z
sensor.camera_e_temperatura,22.892661011275,2026-05-05T05:00:00.000Z
sensor.camera_e_temperatura,22.740335759947225,2026-05-05T06:00:00.000Z
sensor.camera_e_temperatura,22.541679917055557,2026-05-05T07:00:00.000Z
sensor.camera_e_temperatura,22.455037928594447,2026-05-05T08:00:00.000Z
sensor.camera_e_temperatura,22.415593276113892,2026-05-05T09:00:00.000Z
sensor.camera_e_temperatura,22.40173061663611,2026-05-05T10:00:00.000Z
sensor.camera_e_temperatura,22.354953163075,2026-05-05T11:00:00.000Z
sensor.camera_e_temperatura,22.333775234174997,2026-05-05T12:00:00.000Z
sensor.camera_e_temperatura,22.29466149467778,2026-05-05T13:00:00.000Z
sensor.camera_e_temperatura,22.25407748155278,2026-05-05T14:00:00.000Z
sensor.camera_e_temperatura,22.266767032791666,2026-05-05T15:00:00.000Z
sensor.camera_e_temperatura,22.500115273472222,2026-05-05T16:00:00.000Z
sensor.camera_e_temperatura,22.406422082130558,2026-05-05T17:00:00.000Z
sensor.camera_e_temperatura,22.3606188636,2026-05-05T18:00:00.000Z
sensor.camera_e_temperatura,22.22646549221111,2026-05-05T19:00:00.000Z
sensor.camera_e_temperatura,22.27239956978333,2026-05-05T20:00:00.000Z
sensor.camera_e_temperatura,22.356435231655556,2026-05-05T21:00:00.000Z
sensor.camera_e_temperatura,22.522800245627778,2026-05-05T22:00:00.000Z
sensor.camera_e_temperatura,22.437587043075002,2026-05-05T23:00:00.000Z
sensor.camera_e_temperatura,22.49261368320556,2026-05-06T00:00:00.000Z
sensor.camera_e_temperatura,22.433767944355555,2026-05-06T01:00:00.000Z
sensor.camera_e_temperatura,22.39039837346111,2026-05-06T02:00:00.000Z
sensor.camera_e_temperatura,22.395866539322224,2026-05-06T03:00:00.000Z
sensor.camera_e_temperatura,22.389265316125,2026-05-06T04:00:00.000Z
sensor.camera_e_temperatura,22.298635501375,2026-05-06T05:00:00.000Z
sensor.camera_e_temperatura,22.17946848503611,2026-05-06T06:00:00.000Z
sensor.camera_e_temperatura,22.008625346730554,2026-05-06T07:00:00.000Z
sensor.camera_e_temperatura,21.948873927841664,2026-05-06T08:00:00.000Z
sensor.camera_e_temperatura,21.925540981022223,2026-05-06T09:00:00.000Z
sensor.camera_e_temperatura,21.91174187058333,2026-05-06T10:00:00.000Z
sensor.camera_e_temperatura,21.92584315826667,2026-05-06T11:00:00.000Z
sensor.camera_e_temperatura,21.930339294869444,2026-05-06T12:00:00.000Z
sensor.camera_e_temperatura,21.951168525222226,2026-05-06T13:00:00.000Z
sensor.camera_e_temperatura,21.977759446738887,2026-05-06T14:00:00.000Z
sensor.camera_e_temperatura,22.025564266133333,2026-05-06T15:00:00.000Z
sensor.camera_e_temperatura,22.29178183151667,2026-05-06T16:00:00.000Z
sensor.camera_e_temperatura,22.440017372975003,2026-05-06T17:00:00.000Z
sensor.camera_e_temperatura,22.413722057427776,2026-05-06T18:00:00.000Z
sensor.camera_e_temperatura,22.224553159544445,2026-05-06T19:00:00.000Z
sensor.camera_e_temperatura,21.987688723208333,2026-05-06T20:00:00.000Z
sensor.camera_e_temperatura,21.97503332721111,2026-05-06T21:00:00.000Z
sensor.camera_e_temperatura,21.967852946419445,2026-05-06T22:00:00.000Z
sensor.camera_e_temperatura,22.06593398353333,2026-05-06T23:00:00.000Z
sensor.camera_e_temperatura,22.050366814075,2026-05-07T00:00:00.000Z
sensor.camera_e_temperatura,21.992951118738887,2026-05-07T01:00:00.000Z
sensor.camera_e_temperatura,21.936097826172226,2026-05-07T02:00:00.000Z
sensor.camera_e_temperatura,21.922445152375,2026-05-07T03:00:00.000Z
sensor.camera_e_temperatura,21.93369392151111,2026-05-07T04:00:00.000Z
sensor.camera_e_temperatura,21.906571573544444,2026-05-07T05:00:00.000Z
sensor.camera_e_temperatura,21.715361564541666,2026-05-07T06:00:00.000Z
sensor.camera_e_temperatura,21.729603179513887,2026-05-07T07:00:00.000Z
sensor.camera_e_temperatura,21.629886866327777,2026-05-07T08:00:00.000Z
sensor.camera_e_temperatura,21.61,2026-05-07T09:00:00.000Z
sensor.camera_e_temperatura,21.61,2026-05-07T10:00:00.000Z
sensor.camera_e_temperatura,21.446865921055558,2026-05-07T11:00:00.000Z
sensor.camera_e_temperatura,21.482466725930554,2026-05-07T12:00:00.000Z
sensor.camera_e_temperatura,21.627744097475,2026-05-07T13:00:00.000Z
sensor.camera_e_temperatura,21.832446978697224,2026-05-07T14:00:00.000Z
sensor.camera_e_temperatura,22.1304332206,2026-05-07T15:00:00.000Z
sensor.camera_e_temperatura,22.38294894454444,2026-05-07T16:00:00.000Z
sensor.camera_e_temperatura,22.402657465504763,2026-05-07T17:00:00.000Z
sensor.camera_e_temperatura,21.222891366133336,2026-05-12T13:00:00.000Z
sensor.camera_e_temperatura,21.366772706355558,2026-05-12T14:00:00.000Z
sensor.camera_e_temperatura,21.455660233977778,2026-05-12T15:00:00.000Z
sensor.camera_e_temperatura,21.779354608477778,2026-05-12T16:00:00.000Z
sensor.camera_e_temperatura,22.202015341875,2026-05-12T17:00:00.000Z
sensor.camera_e_temperatura,22.398058850722222,2026-05-12T18:00:00.000Z
sensor.camera_e_temperatura,22.073153407194443,2026-05-12T19:00:00.000Z
sensor.camera_e_temperatura,22.044092753241667,2026-05-12T20:00:00.000Z
sensor.camera_e_temperatura,21.935767574600003,2026-05-12T21:00:00.000Z
sensor.camera_e_temperatura,21.775876128933334,2026-05-12T22:00:00.000Z
sensor.camera_e_temperatura,21.89828894921111,2026-05-12T23:00:00.000Z
sensor.camera_e_temperatura,21.89275255066111,2026-05-13T00:00:00.000Z
sensor.camera_e_temperatura,21.856508796550003,2026-05-13T01:00:00.000Z
sensor.camera_e_temperatura,21.860870788777778,2026-05-13T02:00:00.000Z
sensor.camera_e_temperatura,21.73092368779722,2026-05-13T03:00:00.000Z
sensor.camera_e_temperatura,21.611941000688887,2026-05-13T04:00:00.000Z
sensor.camera_e_temperatura,21.519154342416666,2026-05-13T05:00:00.000Z
sensor.camera_e_temperatura,21.41658637186111,2026-05-13T06:00:00.000Z
sensor.camera_e_temperatura,21.244860699794444,2026-05-13T07:00:00.000Z
sensor.camera_e_temperatura,21.182276903197224,2026-05-13T08:00:00.000Z
sensor.camera_e_temperatura,21.179160797144444,2026-05-13T09:00:00.000Z
sensor.camera_e_temperatura,21.177482965186112,2026-05-13T10:00:00.000Z
sensor.camera_e_temperatura,21.20925728003333,2026-05-13T11:00:00.000Z
sensor.camera_e_temperatura,21.320769112933334,2026-05-13T12:00:00.000Z
sensor.camera_e_temperatura,21.477653645769447,2026-05-13T13:00:00.000Z
sensor.camera_e_temperatura,21.657551269833334,2026-05-13T14:00:00.000Z
sensor.camera_e_temperatura,21.793605442422223,2026-05-13T15:00:00.000Z
sensor.camera_e_temperatura,21.962096225708333,2026-05-13T16:00:00.000Z
sensor.camera_e_temperatura,22.30020546655,2026-05-13T17:00:00.000Z
sensor.camera_e_temperatura,22.462537952188892,2026-05-13T18:00:00.000Z
sensor.camera_e_temperatura,22.304846499611113,2026-05-13T19:00:00.000Z
sensor.camera_e_temperatura,22.399962244430554,2026-05-13T20:00:00.000Z
sensor.camera_e_temperatura,22.37315695765,2026-05-13T21:00:00.000Z
sensor.camera_e_temperatura,22.28211407559722,2026-05-13T22:00:00.000Z
sensor.camera_e_temperatura,22.190302662502777,2026-05-13T23:00:00.000Z
sensor.camera_e_temperatura,22.195874982763886,2026-05-14T00:00:00.000Z
sensor.camera_e_temperatura,22.091253726094447,2026-05-14T01:00:00.000Z
sensor.camera_e_temperatura,22.153869571066664,2026-05-14T02:00:00.000Z
sensor.camera_e_temperatura,22.08945236186111,2026-05-14T03:00:00.000Z
sensor.camera_e_temperatura,21.97731853974722,2026-05-14T04:00:00.000Z
sensor.camera_e_temperatura,21.892419882827777,2026-05-14T05:00:00.000Z
sensor.camera_e_temperatura,21.724375665519446,2026-05-14T06:00:00.000Z
sensor.camera_e_temperatura,21.48770694013889,2026-05-14T07:00:00.000Z
sensor.camera_e_temperatura,21.436390605661114,2026-05-14T08:00:00.000Z
sensor.camera_e_temperatura,21.420772319019445,2026-05-14T09:00:00.000Z
sensor.camera_e_temperatura,21.434993271944446,2026-05-14T10:00:00.000Z
sensor.camera_e_temperatura,21.450584528933334,2026-05-14T11:00:00.000Z
sensor.camera_e_temperatura,21.566562409922224,2026-05-14T12:00:00.000Z
sensor.camera_e_temperatura,21.633127831805556,2026-05-14T13:00:00.000Z
sensor.camera_e_temperatura,21.66366278333611,2026-05-14T14:00:00.000Z
sensor.camera_e_temperatura,21.76994781377222,2026-05-14T15:00:00.000Z
sensor.camera_e_temperatura,21.87653375073611,2026-05-14T16:00:00.000Z
sensor.camera_e_temperatura,21.776452579975,2026-05-14T17:00:00.000Z
sensor.camera_e_temperatura,21.67703671641389,2026-05-14T18:00:00.000Z
sensor.camera_e_temperatura,21.661700348816666,2026-05-14T19:00:00.000Z
sensor.camera_e_temperatura,21.68375355375278,2026-05-14T20:00:00.000Z
sensor.camera_e_temperatura,21.644628655847225,2026-05-14T21:00:00.000Z
sensor.camera_e_temperatura,21.688755187252777,2026-05-14T22:00:00.000Z
sensor.camera_e_temperatura,21.69117871663333,2026-05-14T23:00:00.000Z
sensor.camera_e_temperatura,21.579908064152775,2026-05-15T00:00:00.000Z
sensor.camera_e_temperatura,21.554965068627777,2026-05-15T01:00:00.000Z
sensor.camera_e_temperatura,21.481640719694443,2026-05-15T02:00:00.000Z
sensor.camera_e_temperatura,21.393731167425,2026-05-15T03:00:00.000Z
sensor.camera_e_temperatura,21.251909684738887,2026-05-15T04:00:00.000Z
sensor.camera_e_temperatura,21.2771608341,2026-05-15T05:00:00.000Z
sensor.camera_e_temperatura,21.090199949494444,2026-05-15T06:00:00.000Z
sensor.camera_e_temperatura,20.937634482613888,2026-05-15T07:00:00.000Z
sensor.camera_e_temperatura,20.87010878312778,2026-05-15T08:00:00.000Z
sensor.camera_e_temperatura,20.82048627989722,2026-05-15T09:00:00.000Z
sensor.camera_e_temperatura,20.782429350630554,2026-05-15T10:00:00.000Z
sensor.camera_e_temperatura,20.801018586133335,2026-05-15T11:00:00.000Z
sensor.camera_e_temperatura,20.72226563713889,2026-05-15T12:00:00.000Z
sensor.camera_e_temperatura,20.710984853144442,2026-05-15T13:00:00.000Z
sensor.camera_e_temperatura,20.762530229580555,2026-05-15T14:00:00.000Z
sensor.camera_e_temperatura,20.816579678458332,2026-05-15T15:00:00.000Z
sensor.camera_e_temperatura,20.888951842791666,2026-05-15T16:00:00.000Z
sensor.camera_e_temperatura,21.05257967285278,2026-05-15T17:00:00.000Z
sensor.camera_e_temperatura,21.006939453972223,2026-05-15T18:00:00.000Z
sensor.camera_e_temperatura,20.884752124483335,2026-05-15T19:00:00.000Z
sensor.camera_e_temperatura,20.766888465883333,2026-05-15T20:00:00.000Z
sensor.camera_e_temperatura,20.696761036175,2026-05-15T21:00:00.000Z
sensor.camera_e_temperatura,20.75475809321389,2026-05-15T22:00:00.000Z
sensor.camera_e_temperatura,20.867976185375,2026-05-15T23:00:00.000Z
sensor.camera_e_temperatura,20.908925110105557,2026-05-16T00:00:00.000Z
sensor.camera_e_temperatura,20.91634189364167,2026-05-16T01:00:00.000Z
sensor.camera_e_temperatura,20.88412703607778,2026-05-16T02:00:00.000Z
sensor.camera_e_temperatura,20.834379457175,2026-05-16T03:00:00.000Z
sensor.camera_e_temperatura,20.80337812442222,2026-05-16T04:00:00.000Z
sensor.camera_e_temperatura,20.7373452756,2026-05-16T05:00:00.000Z
sensor.camera_e_temperatura,20.73700057566111,2026-05-16T06:00:00.000Z
sensor.camera_e_temperatura,20.687848576702777,2026-05-16T07:00:00.000Z
sensor.camera_e_temperatura,20.660441946724998,2026-05-16T08:00:00.000Z
sensor.camera_e_temperatura,20.660334415591667,2026-05-16T09:00:00.000Z
sensor.camera_e_temperatura,20.806109790755556,2026-05-16T10:00:00.000Z
sensor.camera_e_temperatura,20.844665109730556,2026-05-16T11:00:00.000Z
sensor.camera_e_temperatura,20.786365552975,2026-05-16T12:00:00.000Z
sensor.camera_e_temperatura,20.9268744901,2026-05-16T13:00:00.000Z
sensor.camera_e_temperatura,20.967371161780555,2026-05-16T14:00:00.000Z
sensor.camera_e_temperatura,20.97558568183889,2026-05-16T15:00:00.000Z
sensor.camera_e_temperatura,21.128151824366668,2026-05-16T16:00:00.000Z
sensor.camera_e_temperatura,21.230738101291667,2026-05-16T17:00:00.000Z
sensor.camera_e_temperatura,21.29801025243611,2026-05-16T18:00:00.000Z
sensor.camera_e_temperatura,21.2442773601,2026-05-16T19:00:00.000Z
sensor.camera_e_temperatura,21.135642314519444,2026-05-16T20:00:00.000Z
sensor.camera_e_temperatura,21.008695218944442,2026-05-16T21:00:00.000Z
sensor.camera_e_temperatura,20.90607631996111,2026-05-16T22:00:00.000Z
sensor.camera_e_temperatura,20.795940044719444,2026-05-16T23:00:00.000Z
sensor.camera_e_temperatura,20.872890342344444,2026-05-17T00:00:00.000Z
sensor.camera_e_temperatura,20.813536448441667,2026-05-17T01:00:00.000Z
sensor.camera_e_temperatura,20.887291113066667,2026-05-17T02:00:00.000Z
sensor.camera_e_temperatura,20.914628850419444,2026-05-17T03:00:00.000Z
sensor.camera_e_temperatura,20.824918203755555,2026-05-17T04:00:00.000Z
sensor.camera_e_temperatura,20.679549983455555,2026-05-17T05:00:00.000Z
sensor.camera_e_temperatura,20.535044107113887,2026-05-17T06:00:00.000Z
sensor.camera_e_temperatura,20.541839089280554,2026-05-17T07:00:00.000Z
sensor.camera_e_temperatura,20.434036784141668,2026-05-17T08:00:00.000Z
sensor.camera_e_temperatura,20.42335570043889,2026-05-17T09:00:00.000Z
sensor.camera_e_temperatura,20.468278061577777,2026-05-17T10:00:00.000Z
sensor.camera_e_temperatura,20.66005092645,2026-05-17T11:00:00.000Z
sensor.camera_e_temperatura,20.843199302897222,2026-05-17T12:00:00.000Z
sensor.camera_e_temperatura,21.050675782149998,2026-05-17T13:00:00.000Z
sensor.camera_e_temperatura,21.30053407406111,2026-05-17T14:00:00.000Z
sensor.camera_e_temperatura,21.540042867061114,2026-05-17T15:00:00.000Z
sensor.camera_e_temperatura,21.810895311736108,2026-05-17T16:00:00.000Z
sensor.camera_e_temperatura,21.996489784922222,2026-05-17T17:00:00.000Z
sensor.camera_e_temperatura,22.011257653777776,2026-05-17T18:00:00.000Z
sensor.camera_e_temperatura,21.779682053427777,2026-05-17T19:00:00.000Z
sensor.camera_e_temperatura,21.52910137425,2026-05-17T20:00:00.000Z
sensor.camera_e_temperatura,21.398212290244444,2026-05-17T21:00:00.000Z
sensor.camera_e_temperatura,21.242053286,2026-05-17T22:00:00.000Z
sensor.camera_e_temperatura,21.367430921961112,2026-05-17T23:00:00.000Z
sensor.camera_e_temperatura,21.42932079973889,2026-05-18T00:00:00.000Z
sensor.camera_e_temperatura,21.445010740075002,2026-05-18T01:00:00.000Z
sensor.camera_e_temperatura,21.384602164891664,2026-05-18T02:00:00.000Z
sensor.camera_e_temperatura,21.28312718726667,2026-05-18T03:00:00.000Z
sensor.camera_e_temperatura,21.20630526572222,2026-05-18T04:00:00.000Z
sensor.camera_e_temperatura,21.10220688905,2026-05-18T05:00:00.000Z
sensor.camera_e_temperatura,20.939477684866667,2026-05-18T06:00:00.000Z
sensor.camera_e_temperatura,20.770611896252777,2026-05-18T07:00:00.000Z
sensor.camera_e_temperatura,20.684684453983333,2026-05-18T08:00:00.000Z
sensor.camera_e_temperatura,20.669161633016667,2026-05-18T09:00:00.000Z
sensor.camera_e_temperatura,20.67109523708611,2026-05-18T10:00:00.000Z
sensor.camera_e_temperatura,20.785805645758334,2026-05-18T11:00:00.000Z
sensor.camera_e_temperatura,20.858987337419446,2026-05-18T12:00:00.000Z
sensor.camera_e_temperatura,20.988105987424998,2026-05-18T13:00:00.000Z
sensor.camera_e_temperatura,21.157246565047224,2026-05-18T14:00:00.000Z
sensor.camera_e_temperatura,21.304068208408335,2026-05-18T15:00:00.000Z
sensor.camera_e_temperatura,21.823490139475,2026-05-18T16:00:00.000Z
sensor.camera_e_temperatura,22.230982214733334,2026-05-18T17:00:00.000Z
sensor.camera_e_temperatura,22.22686281296389,2026-05-18T18:00:00.000Z
sensor.camera_e_temperatura,21.90914207481111,2026-05-18T19:00:00.000Z
sensor.camera_e_temperatura,21.726669924647222,2026-05-18T20:00:00.000Z
sensor.camera_e_temperatura,21.678455284155557,2026-05-18T21:00:00.000Z
sensor.camera_e_temperatura,21.65208053475,2026-05-18T22:00:00.000Z
sensor.camera_e_temperatura,21.80708151358333,2026-05-18T23:00:00.000Z
sensor.camera_e_temperatura,21.702588403520004,2026-05-19T00:00:00.000Z
sensor.camera_e_temperatura,21.571566841352777,2026-05-19T01:00:00.000Z
sensor.camera_e_temperatura,21.518723760922224,2026-05-19T02:00:00.000Z
sensor.camera_e_temperatura,21.392833932180555,2026-05-19T03:00:00.000Z
sensor.camera_e_temperatura,21.248320884861112,2026-05-19T04:00:00.000Z
sensor.camera_e_temperatura,21.249861840538887,2026-05-19T05:00:00.000Z
sensor.camera_e_temperatura,21.092417113944446,2026-05-19T06:00:00.000Z
sensor.camera_e_temperatura,20.9112770849,2026-05-19T07:00:00.000Z
sensor.camera_e_temperatura,20.86107433898611,2026-05-19T08:00:00.000Z
sensor.camera_e_temperatura,20.818547377833333,2026-05-19T09:00:00.000Z
sensor.camera_e_temperatura,20.819453976466665,2026-05-19T10:00:00.000Z
sensor.camera_e_temperatura,20.899759423744445,2026-05-19T11:00:00.000Z
sensor.camera_e_temperatura,20.989810000016668,2026-05-19T12:00:00.000Z
sensor.camera_e_temperatura,21.149326444941668,2026-05-19T13:00:00.000Z
sensor.camera_e_temperatura,21.318937326230557,2026-05-19T14:00:00.000Z
sensor.camera_e_temperatura,21.429798445977777,2026-05-19T15:00:00.000Z
sensor.camera_e_temperatura,21.538917941502778,2026-05-19T16:00:00.000Z
sensor.camera_e_temperatura,21.686180465458335,2026-05-19T17:00:00.000Z
sensor.camera_e_temperatura,21.94333020590278,2026-05-19T18:00:00.000Z
sensor.camera_e_temperatura,21.957595822041668,2026-05-19T19:00:00.000Z
sensor.camera_e_temperatura,22.116141885833333,2026-05-19T20:00:00.000Z
sensor.camera_e_temperatura,22.11046972668889,2026-05-19T21:00:00.000Z
sensor.camera_e_temperatura,22.260708511863886,2026-05-19T22:00:00.000Z
sensor.camera_e_temperatura,22.39832644897778,2026-05-19T23:00:00.000Z
sensor.camera_e_temperatura,22.299023627344443,2026-05-20T00:00:00.000Z
sensor.camera_e_temperatura,22.274010841763886,2026-05-20T01:00:00.000Z
sensor.camera_e_temperatura,22.127383446158333,2026-05-20T02:00:00.000Z
sensor.camera_e_temperatura,22.031351476419445,2026-05-20T03:00:00.000Z
sensor.camera_e_temperatura,22.071717116191664,2026-05-20T04:00:00.000Z
sensor.camera_e_temperatura,21.931284552416667,2026-05-20T05:00:00.000Z
sensor.camera_e_temperatura,21.778803514344446,2026-05-20T06:00:00.000Z
sensor.camera_e_temperatura,21.45479053983611,2026-05-20T07:00:00.000Z
sensor.camera_e_temperatura,21.378861555380556,2026-05-20T08:00:00.000Z
sensor.camera_e_temperatura,21.363272613791665,2026-05-20T09:00:00.000Z
sensor.camera_e_temperatura,21.389541963566668,2026-05-20T10:00:00.000Z
sensor.camera_e_temperatura,21.41401853361111,2026-05-20T11:00:00.000Z
sensor.camera_e_temperatura,21.53405587492222,2026-05-20T12:00:00.000Z
sensor.camera_e_temperatura,21.790472359211112,2026-05-20T13:00:00.000Z
sensor.camera_e_temperatura,22.208073523986112,2026-05-20T14:00:00.000Z
sensor.camera_e_temperatura,22.49107088678889,2026-05-20T15:00:00.000Z
sensor.camera_e_temperatura,22.679557340972224,2026-05-20T16:00:00.000Z
sensor.camera_e_temperatura,22.555516444355558,2026-05-20T17:00:00.000Z
sensor.camera_e_temperatura,22.543402353797223,2026-05-20T18:00:00.000Z
sensor.camera_e_temperatura,22.536723664672223,2026-05-20T19:00:00.000Z
sensor.camera_e_temperatura,22.71770931998333,2026-05-20T20:00:00.000Z
sensor.camera_e_temperatura,22.840929635225,2026-05-20T21:00:00.000Z
sensor.camera_e_temperatura,22.865572995486108,2026-05-20T22:00:00.000Z
sensor.camera_e_temperatura,22.933267838988886,2026-05-20T23:00:00.000Z
sensor.camera_e_temperatura,22.89251489967222,2026-05-21T00:00:00.000Z
sensor.camera_e_temperatura,22.845651537491666,2026-05-21T01:00:00.000Z
sensor.camera_e_temperatura,22.80203868808889,2026-05-21T02:00:00.000Z
sensor.camera_e_temperatura,22.695699399594446,2026-05-21T03:00:00.000Z
sensor.camera_e_temperatura,22.606158700058334,2026-05-21T04:00:00.000Z
sensor.camera_e_temperatura,22.456266325113887,2026-05-21T05:00:00.000Z
sensor.camera_e_temperatura,22.250180651925003,2026-05-21T06:00:00.000Z
sensor.camera_e_temperatura,22.02538633221667,2026-05-21T07:00:00.000Z
sensor.camera_e_temperatura,21.961335536872223,2026-05-21T08:00:00.000Z
sensor.camera_e_temperatura,21.950557722480553,2026-05-21T09:00:00.000Z
sensor.camera_e_temperatura,21.946303460044447,2026-05-21T10:00:00.000Z
sensor.camera_e_temperatura,21.98611515583889,2026-05-21T11:00:00.000Z
sensor.camera_e_temperatura,22.175760894491663,2026-05-21T12:00:00.000Z
sensor.camera_e_temperatura,22.38328592775278,2026-05-21T13:00:00.000Z
sensor.camera_e_temperatura,22.546926556916663,2026-05-21T14:00:00.000Z
sensor.camera_e_temperatura,22.89358955182222,2026-05-21T15:00:00.000Z
sensor.camera_e_temperatura,23.045295531433336,2026-05-21T16:00:00.000Z
sensor.camera_e_temperatura,23.11869490671111,2026-05-21T17:00:00.000Z
sensor.camera_e_temperatura,23.143606803777775,2026-05-21T18:00:00.000Z
sensor.camera_e_temperatura,23.111684619319444,2026-05-21T19:00:00.000Z
sensor.camera_e_temperatura,23.358178340094444,2026-05-21T20:00:00.000Z
sensor.camera_e_temperatura,23.448643887336114,2026-05-21T21:00:00.000Z
sensor.camera_e_temperatura,23.52651791993611,2026-05-21T22:00:00.000Z
sensor.camera_e_temperatura,23.469623139127776,2026-05-21T23:00:00.000Z
sensor.camera_e_temperatura,23.42434879633889,2026-05-22T00:00:00.000Z
sensor.camera_e_temperatura,23.346481730333334,2026-05-22T01:00:00.000Z
sensor.camera_e_temperatura,23.249761520350003,2026-05-22T02:00:00.000Z
sensor.camera_e_temperatura,23.160864494580554,2026-05-22T03:00:00.000Z
sensor.camera_e_temperatura,23.01210594920556,2026-05-22T04:00:00.000Z
sensor.camera_e_temperatura,22.994238536044445,2026-05-22T05:00:00.000Z
sensor.camera_e_temperatura,22.907987123405558,2026-05-22T06:00:00.000Z
sensor.camera_e_temperatura,22.728235381869442,2026-05-22T07:00:00.000Z
sensor.camera_e_temperatura,22.66598692555,2026-05-22T08:00:00.000Z
sensor.camera_e_temperatura,22.65131775646111,2026-05-22T09:00:00.000Z
sensor.camera_e_temperatura,22.665249412991667,2026-05-22T10:00:00.000Z
sensor.camera_e_temperatura,22.751834411772222,2026-05-22T11:00:00.000Z
sensor.camera_e_temperatura,22.91821776071389,2026-05-22T12:00:00.000Z
sensor.camera_e_temperatura,23.13192659523611,2026-05-22T13:00:00.000Z
sensor.camera_e_temperatura,23.339868363666668,2026-05-22T14:00:00.000Z
sensor.camera_e_temperatura,23.761615059224997,2026-05-22T15:00:00.000Z
sensor.camera_e_temperatura,24.14473401930833,2026-05-22T16:00:00.000Z
sensor.camera_e_temperatura,23.992201006980554,2026-05-22T17:00:00.000Z
sensor.camera_e_temperatura,23.946382300758334,2026-05-22T18:00:00.000Z
sensor.camera_e_temperatura,24.112182115602778,2026-05-22T19:00:00.000Z
sensor.camera_e_temperatura,24.320492324013887,2026-05-22T20:00:00.000Z
sensor.camera_e_temperatura,24.39451769030556,2026-05-22T21:00:00.000Z
sensor.camera_e_temperatura,24.45044562976389,2026-05-22T22:00:00.000Z
sensor.camera_e_temperatura,24.432313772563887,2026-05-22T23:00:00.000Z
sensor.camera_e_temperatura,24.376642530133335,2026-05-23T00:00:00.000Z
sensor.camera_e_temperatura,24.277418017341663,2026-05-23T01:00:00.000Z
sensor.camera_e_temperatura,24.182366935725,2026-05-23T02:00:00.000Z
sensor.camera_e_temperatura,24.144257775569443,2026-05-23T03:00:00.000Z
sensor.camera_e_temperatura,24.050067576605556,2026-05-23T04:00:00.000Z
sensor.camera_e_temperatura,23.957205174797224,2026-05-23T05:00:00.000Z
sensor.camera_e_temperatura,23.937103263336112,2026-05-23T06:00:00.000Z
sensor.camera_e_temperatura,23.768490826019445,2026-05-23T07:00:00.000Z
sensor.camera_e_temperatura,23.643397211125002,2026-05-23T08:00:00.000Z
sensor.camera_e_temperatura,23.545710536322222,2026-05-23T09:00:00.000Z
sensor.camera_e_temperatura,23.52295139493889,2026-05-23T10:00:00.000Z
sensor.camera_e_temperatura,23.579460008305556,2026-05-23T11:00:00.000Z
sensor.camera_e_temperatura,23.762964906369444,2026-05-23T12:00:00.000Z
sensor.camera_e_temperatura,23.962398950133334,2026-05-23T13:00:00.000Z
sensor.camera_e_temperatura,24.152928711644446,2026-05-23T14:00:00.000Z
sensor.camera_e_temperatura,24.539114446283335,2026-05-23T15:00:00.000Z
sensor.camera_e_temperatura,24.481355011155557,2026-05-23T16:00:00.000Z
sensor.camera_e_temperatura,24.56765489,2026-05-23T17:00:00.000Z
sensor.camera_e_temperatura,24.623972646,2026-05-23T18:00:00.000Z
sensor.camera_e_temperatura,24.595727626591668,2026-05-23T19:00:00.000Z
sensor.camera_e_temperatura,24.520509839741667,2026-05-23T20:00:00.000Z
sensor.camera_e_temperatura,24.45184770856389,2026-05-23T21:00:00.000Z
sensor.camera_e_temperatura,24.51147036787222,2026-05-23T22:00:00.000Z
sensor.camera_e_temperatura,24.770842900602776,2026-05-23T23:00:00.000Z
sensor.camera_e_temperatura,24.81137330501667,2026-05-24T00:00:00.000Z
sensor.camera_e_temperatura,24.877712693238887,2026-05-24T01:00:00.000Z
sensor.camera_e_temperatura,24.860705723099997,2026-05-24T02:00:00.000Z
sensor.camera_e_temperatura,24.715612842116666,2026-05-24T03:00:00.000Z
sensor.camera_e_temperatura,24.565109610883336,2026-05-24T04:00:00.000Z
sensor.camera_e_temperatura,24.461298029255556,2026-05-24T05:00:00.000Z
sensor.camera_e_temperatura,24.43301509215,2026-05-24T06:00:00.000Z
sensor.camera_e_temperatura,24.473142251619446,2026-05-24T07:00:00.000Z
sensor.camera_e_temperatura,24.49084499113611,2026-05-24T08:00:00.000Z
sensor.camera_e_temperatura,24.487811997416667,2026-05-24T09:00:00.000Z
sensor.camera_e_temperatura,24.570150313858335,2026-05-24T10:00:00.000Z
sensor.camera_e_temperatura,24.720456491755556,2026-05-24T11:00:00.000Z
sensor.camera_e_temperatura,24.875869344861112,2026-05-24T12:00:00.000Z
sensor.camera_e_temperatura,24.978560046430555,2026-05-24T13:00:00.000Z
sensor.camera_e_temperatura,25.095987148452778,2026-05-24T14:00:00.000Z
sensor.camera_e_temperatura,25.236891023411115,2026-05-24T15:00:00.000Z
sensor.camera_e_temperatura,25.37817726875278,2026-05-24T16:00:00.000Z
sensor.camera_e_temperatura,25.67542280991111,2026-05-24T17:00:00.000Z
sensor.camera_e_temperatura,26.063984023844444,2026-05-24T18:00:00.000Z
sensor.camera_e_temperatura,26.09735259845,2026-05-24T19:00:00.000Z
sensor.camera_e_temperatura,25.961482813266667,2026-05-24T20:00:00.000Z
sensor.camera_e_temperatura,25.98507826324722,2026-05-24T21:00:00.000Z
sensor.camera_e_temperatura,26.08516347125,2026-05-24T22:00:00.000Z
sensor.camera_e_temperatura,25.992287662758333,2026-05-24T23:00:00.000Z
sensor.camera_e_temperatura,25.943792106011113,2026-05-25T00:00:00.000Z
sensor.camera_e_temperatura,25.901087297183334,2026-05-25T01:00:00.000Z
sensor.camera_e_temperatura,25.81699884681667,2026-05-25T02:00:00.000Z
sensor.camera_e_temperatura,25.732647336044447,2026-05-25T03:00:00.000Z
sensor.camera_e_temperatura,25.581702223141665,2026-05-25T04:00:00.000Z
sensor.camera_e_temperatura,25.507536916716663,2026-05-25T05:00:00.000Z
sensor.camera_e_temperatura,25.34690900298611,2026-05-25T06:00:00.000Z
sensor.camera_e_temperatura,25.126617676580555,2026-05-25T07:00:00.000Z
sensor.camera_e_temperatura,25.04865720116111,2026-05-25T08:00:00.000Z
sensor.camera_e_temperatura,25.026645303041665,2026-05-25T09:00:00.000Z
sensor.camera_e_temperatura,25.041836732936115,2026-05-25T10:00:00.000Z
sensor.camera_e_temperatura,25.105561013849996,2026-05-25T11:00:00.000Z
sensor.camera_e_temperatura,25.329020298291667,2026-05-25T12:00:00.000Z
sensor.camera_e_temperatura,25.51968321082778,2026-05-25T13:00:00.000Z
sensor.camera_e_temperatura,25.679864517699997,2026-05-25T14:00:00.000Z
sensor.camera_e_temperatura,25.842930042466666,2026-05-25T15:00:00.000Z
sensor.camera_e_temperatura,26.189982848347224,2026-05-25T16:00:00.000Z
sensor.camera_e_temperatura,26.631473725547224,2026-05-25T17:00:00.000Z
sensor.camera_e_temperatura,26.462885572727775,2026-05-25T18:00:00.000Z
sensor.camera_e_temperatura,26.451311792050003,2026-05-25T19:00:00.000Z
sensor.camera_e_temperatura,26.783235891619444,2026-05-25T20:00:00.000Z
sensor.camera_e_temperatura,26.882163435183333,2026-05-25T21:00:00.000Z
sensor.camera_e_temperatura,26.904197200013886,2026-05-25T22:00:00.000Z
sensor.camera_e_temperatura,26.88668605878333,2026-05-25T23:00:00.000Z
sensor.camera_e_temperatura,26.762997146794444,2026-05-26T00:00:00.000Z
sensor.camera_e_temperatura,26.661145995275003,2026-05-26T01:00:00.000Z
sensor.camera_e_temperatura,26.526709241411112,2026-05-26T02:00:00.000Z
sensor.camera_e_temperatura,26.495722455244444,2026-05-26T03:00:00.000Z
sensor.camera_e_temperatura,26.463660546941668,2026-05-26T04:00:00.000Z
sensor.camera_e_temperatura,26.297289507322223,2026-05-26T05:00:00.000Z
sensor.camera_e_temperatura,26.075493320647222,2026-05-26T06:00:00.000Z
sensor.camera_e_temperatura,25.889665057844443,2026-05-26T07:00:00.000Z
sensor.camera_e_temperatura,25.81758308044722,2026-05-26T08:00:00.000Z
sensor.camera_e_temperatura,25.786877605766666,2026-05-26T09:00:00.000Z
sensor.camera_e_temperatura,25.811546975258334,2026-05-26T10:00:00.000Z
sensor.camera_e_temperatura,25.89035562463611,2026-05-26T11:00:00.000Z
sensor.camera_e_temperatura,26.039968630805557,2026-05-26T12:00:00.000Z
sensor.camera_e_temperatura,26.266226927458334,2026-05-26T13:00:00.000Z
sensor.camera_e_temperatura,26.42744671621389,2026-05-26T14:00:00.000Z
sensor.camera_e_temperatura,26.624545405052775,2026-05-26T15:00:00.000Z
sensor.camera_e_temperatura,26.922725012883333,2026-05-26T16:00:00.000Z
sensor.camera_e_temperatura,27.224768033163887,2026-05-26T17:00:00.000Z
sensor.camera_e_temperatura,27.62089271725,2026-05-26T18:00:00.000Z
sensor.camera_e_temperatura,27.510911730066667,2026-05-26T19:00:00.000Z
sensor.camera_e_temperatura,27.56035133053611,2026-05-26T20:00:00.000Z
sensor.camera_e_temperatura,27.49355847414722,2026-05-26T21:00:00.000Z
sensor.camera_e_temperatura,27.402307923400002,2026-05-26T22:00:00.000Z
sensor.camera_e_temperatura,27.487019321338888,2026-05-26T23:00:00.000Z
sensor.camera_e_temperatura,27.462157721794444,2026-05-27T00:00:00.000Z
sensor.camera_e_temperatura,27.42970233167222,2026-05-27T01:00:00.000Z
sensor.camera_e_temperatura,27.287942165588888,2026-05-27T02:00:00.000Z
sensor.camera_e_temperatura,27.19104524962222,2026-05-27T03:00:00.000Z
sensor.camera_e_temperatura,27.080444841897222,2026-05-27T04:00:00.000Z
sensor.camera_e_temperatura,26.989073516166666,2026-05-27T05:00:00.000Z
sensor.camera_e_temperatura,26.862525486330554,2026-05-27T06:00:00.000Z
sensor.camera_e_temperatura,26.711053670955554,2026-05-27T07:00:00.000Z
sensor.camera_e_temperatura,26.646733929316667,2026-05-27T08:00:00.000Z
sensor.camera_e_temperatura,26.58895863405,2026-05-27T09:00:00.000Z
sensor.camera_e_temperatura,26.693311611619446,2026-05-27T10:00:00.000Z
sensor.camera_e_temperatura,26.80399511577778,2026-05-27T11:00:00.000Z
sensor.camera_e_temperatura,26.981905921522223,2026-05-27T12:00:00.000Z
sensor.camera_e_temperatura,27.36321820578333,2026-05-27T13:00:00.000Z
sensor.camera_e_temperatura,27.700363341766664,2026-05-27T14:00:00.000Z
sensor.camera_e_temperatura,28.068442349425,2026-05-27T15:00:00.000Z
sensor.camera_e_temperatura,28.394448721127777,2026-05-27T16:00:00.000Z
sensor.camera_e_temperatura,28.359181293430556,2026-05-27T17:00:00.000Z
sensor.camera_e_temperatura,28.211804046755557,2026-05-27T18:00:00.000Z
sensor.camera_e_temperatura,28.185469252513887,2026-05-27T19:00:00.000Z
sensor.camera_e_temperatura,28.352321826544443,2026-05-27T20:00:00.000Z
sensor.camera_e_temperatura,28.59636940255,2026-05-27T21:00:00.000Z
sensor.camera_e_temperatura,28.46125260580833,2026-05-27T22:00:00.000Z
sensor.camera_e_temperatura,28.426564707600004,2026-05-27T23:00:00.000Z
sensor.camera_e_temperatura,28.34450211741945,2026-05-28T00:00:00.000Z
sensor.camera_e_temperatura,28.271825116583333,2026-05-28T01:00:00.000Z
sensor.camera_e_temperatura,28.201732968597224,2026-05-28T02:00:00.000Z
sensor.camera_e_temperatura,28.125646417355554,2026-05-28T03:00:00.000Z
sensor.camera_e_temperatura,28.097723182211112,2026-05-28T04:00:00.000Z
sensor.camera_e_temperatura,28.048840165930557,2026-05-28T05:00:00.000Z
sensor.camera_e_temperatura,27.831868285013886,2026-05-28T06:00:00.000Z
sensor.camera_e_temperatura,27.607605349283332,2026-05-28T07:00:00.000Z
sensor.camera_e_temperatura,27.535551857599998,2026-05-28T08:00:00.000Z
sensor.camera_e_temperatura,27.521185777255557,2026-05-28T09:00:00.000Z
sensor.camera_e_temperatura,27.54335578942778,2026-05-28T10:00:00.000Z
sensor.camera_e_temperatura,27.605692258188885,2026-05-28T11:00:00.000Z
sensor.camera_e_temperatura,27.798382155652778,2026-05-28T12:00:00.000Z
sensor.camera_e_temperatura,27.96881326494167,2026-05-28T13:00:00.000Z
sensor.camera_e_temperatura,28.120055740425,2026-05-28T14:00:00.000Z
sensor.camera_e_temperatura,28.473368436669443,2026-05-28T15:00:00.000Z
sensor.camera_e_temperatura,28.79868484346667,2026-05-28T16:00:00.000Z
sensor.camera_e_temperatura,28.716941444783334,2026-05-28T17:00:00.000Z
sensor.camera_e_temperatura,28.633184446791663,2026-05-28T18:00:00.000Z
sensor.camera_e_temperatura,28.500722071027777,2026-05-28T19:00:00.000Z
sensor.camera_e_temperatura,28.385745275236115,2026-05-28T20:00:00.000Z
sensor.camera_e_temperatura,28.405814021850002,2026-05-28T21:00:00.000Z
sensor.camera_e_temperatura,28.521304558530556,2026-05-28T22:00:00.000Z
sensor.camera_e_temperatura,28.523572754758334,2026-05-28T23:00:00.000Z
sensor.camera_e_temperatura,28.52021666877222,2026-05-29T00:00:00.000Z
sensor.camera_e_temperatura,28.508979222725003,2026-05-29T01:00:00.000Z
sensor.camera_e_temperatura,28.470610937497224,2026-05-29T02:00:00.000Z
sensor.camera_e_temperatura,28.32131029973333,2026-05-29T03:00:00.000Z
sensor.camera_e_temperatura,28.35912742928889,2026-05-29T04:00:00.000Z
sensor.camera_e_temperatura,28.23685338122222,2026-05-29T05:00:00.000Z
sensor.camera_e_temperatura,28.05917376012222,2026-05-29T06:00:00.000Z
sensor.camera_e_temperatura,27.846270370222225,2026-05-29T07:00:00.000Z
sensor.camera_e_temperatura,27.746542305538885,2026-05-29T08:00:00.000Z
sensor.camera_e_temperatura,27.705621828480556,2026-05-29T09:00:00.000Z
sensor.camera_e_temperatura,27.675204317422224,2026-05-29T10:00:00.000Z
sensor.camera_e_temperatura,27.70527310142222,2026-05-29T11:00:00.000Z
sensor.camera_e_temperatura,27.844420694716664,2026-05-29T12:00:00.000Z
sensor.camera_e_temperatura,27.991051294102775,2026-05-29T13:00:00.000Z
sensor.camera_e_temperatura,28.11039823507222,2026-05-29T14:00:00.000Z
sensor.camera_e_temperatura,28.223820831322218,2026-05-29T15:00:00.000Z
sensor.camera_e_temperatura,28.495324682199996,2026-05-29T16:00:00.000Z
sensor.camera_e_temperatura,28.492434576638885,2026-05-29T17:00:00.000Z
sensor.camera_e_temperatura,28.50174546001111,2026-05-29T18:00:00.000Z
sensor.camera_e_temperatura,28.459552094388886,2026-05-29T19:00:00.000Z
sensor.camera_e_temperatura,28.410087623577777,2026-05-29T20:00:00.000Z
sensor.camera_e_temperatura,28.685424784933332,2026-05-29T21:00:00.000Z
sensor.camera_e_temperatura,28.682492679872222,2026-05-29T22:00:00.000Z
sensor.camera_e_temperatura,28.45254770928889,2026-05-29T23:00:00.000Z
sensor.camera_e_temperatura,28.296487097577778,2026-05-30T00:00:00.000Z
sensor.camera_e_temperatura,28.182329553127776,2026-05-30T01:00:00.000Z
sensor.camera_e_temperatura,28.077773402894447,2026-05-30T02:00:00.000Z
sensor.camera_e_temperatura,28.006812256594444,2026-05-30T03:00:00.000Z
sensor.camera_e_temperatura,27.913670127680557,2026-05-30T04:00:00.000Z
sensor.camera_e_temperatura,27.799592810455554,2026-05-30T05:00:00.000Z
sensor.camera_e_temperatura,27.73983810806389,2026-05-30T06:00:00.000Z
sensor.camera_e_temperatura,27.719188309616666,2026-05-30T07:00:00.000Z
sensor.camera_e_temperatura,27.73969994701389,2026-05-30T08:00:00.000Z
sensor.camera_e_temperatura,27.819217635372222,2026-05-30T09:00:00.000Z
sensor.camera_e_temperatura,27.7157374598,2026-05-30T10:00:00.000Z
sensor.camera_e_temperatura,27.88458208487222,2026-05-30T11:00:00.000Z
sensor.camera_e_temperatura,28.103432708002774,2026-05-30T12:00:00.000Z
sensor.camera_e_temperatura,28.491570215019447,2026-05-30T13:00:00.000Z
sensor.camera_e_temperatura,28.706596465133334,2026-05-30T14:00:00.000Z
sensor.camera_e_temperatura,28.883465511888886,2026-05-30T15:00:00.000Z
sensor.camera_e_temperatura,29.003348763116666,2026-05-30T16:00:00.000Z
sensor.camera_e_temperatura,29.089337884825,2026-05-30T17:00:00.000Z
sensor.camera_e_temperatura,28.96913382669722,2026-05-30T18:00:00.000Z
sensor.camera_e_temperatura,28.904561261933335,2026-05-30T19:00:00.000Z
sensor.camera_e_temperatura,28.96259831930833,2026-05-30T20:00:00.000Z
sensor.camera_e_temperatura,28.87222842609445,2026-05-30T21:00:00.000Z
sensor.camera_e_temperatura,27.139445385172223,2026-05-30T22:00:00.000Z
sensor.camera_e_temperatura,24.926141370977778,2026-05-30T23:00:00.000Z
sensor.camera_e_temperatura,23.985380164522223,2026-05-31T00:00:00.000Z
sensor.camera_e_temperatura,23.492767482511113,2026-05-31T01:00:00.000Z
sensor.camera_e_temperatura,23.237279723755552,2026-05-31T02:00:00.000Z
sensor.camera_e_temperatura,23.045643399213887,2026-05-31T03:00:00.000Z
sensor.camera_e_temperatura,22.77946199761389,2026-05-31T04:00:00.000Z
sensor.camera_e_temperatura,22.565652925152776,2026-05-31T05:00:00.000Z
sensor.camera_e_temperatura,22.315738996352778,2026-05-31T06:00:00.000Z
sensor.camera_e_temperatura,22.142722368325,2026-05-31T07:00:00.000Z
sensor.camera_e_temperatura,22.03639677671111,2026-05-31T08:00:00.000Z
sensor.camera_e_temperatura,23.242943370116667,2026-05-31T09:00:00.000Z
sensor.camera_e_temperatura,24.278278355597223,2026-05-31T10:00:00.000Z
sensor.camera_e_temperatura,25.024277596169444,2026-05-31T11:00:00.000Z
sensor.camera_e_temperatura,25.450643795136113,2026-05-31T12:00:00.000Z
sensor.camera_e_temperatura,25.884666544216667,2026-05-31T13:00:00.000Z
sensor.camera_e_temperatura,26.371792327791667,2026-05-31T14:00:00.000Z
sensor.camera_e_temperatura,26.81414923906111,2026-05-31T15:00:00.000Z
sensor.camera_e_temperatura,27.181943055594445,2026-05-31T16:00:00.000Z
sensor.camera_e_temperatura,27.20508581121111,2026-05-31T17:00:00.000Z
sensor.camera_e_temperatura,27.402685626977775,2026-05-31T18:00:00.000Z
sensor.camera_e_temperatura,27.488290949369443,2026-05-31T19:00:00.000Z
sensor.camera_e_temperatura,27.48831880892222,2026-05-31T20:00:00.000Z
sensor.camera_e_temperatura,27.211687977822223,2026-05-31T21:00:00.000Z
sensor.camera_e_temperatura,26.037805666130556,2026-05-31T22:00:00.000Z
sensor.camera_e_temperatura,25.69697423232778,2026-05-31T23:00:00.000Z
sensor.camera_e_temperatura,25.607459176083335,2026-06-01T00:00:00.000Z
sensor.camera_e_temperatura,25.55479273753056,2026-06-01T01:00:00.000Z
sensor.camera_e_temperatura,25.560460896533332,2026-06-01T02:00:00.000Z
sensor.camera_e_temperatura,25.526139162705558,2026-06-01T03:00:00.000Z
sensor.camera_e_temperatura,25.494527193625,2026-06-01T04:00:00.000Z
sensor.camera_e_temperatura,25.477390599580556,2026-06-01T05:00:00.000Z
sensor.camera_e_temperatura,25.43535396913333,2026-06-01T06:00:00.000Z
sensor.camera_e_temperatura,25.402364264183333,2026-06-01T07:00:00.000Z
sensor.camera_e_temperatura,25.344254656013888,2026-06-01T08:00:00.000Z
sensor.camera_e_temperatura,25.81813663730833,2026-06-01T09:00:00.000Z
sensor.camera_e_temperatura,26.111281578169443,2026-06-01T10:00:00.000Z
sensor.camera_e_temperatura,26.323659122394446,2026-06-01T11:00:00.000Z
sensor.camera_e_temperatura,25.909498706102777,2026-06-01T12:00:00.000Z
sensor.camera_e_temperatura,26.01863105008889,2026-06-01T13:00:00.000Z
sensor.camera_e_temperatura,26.88879564563889,2026-06-01T14:00:00.000Z
sensor.camera_e_temperatura,27.179440962755553,2026-06-01T15:00:00.000Z
sensor.camera_e_temperatura,27.46682974820278,2026-06-01T16:00:00.000Z
sensor.camera_e_temperatura,27.732242918061115,2026-06-01T17:00:00.000Z
sensor.camera_e_temperatura,27.95301892769167,2026-06-01T18:00:00.000Z
sensor.camera_e_temperatura,27.845768350030557,2026-06-01T19:00:00.000Z
sensor.camera_e_temperatura,27.3533859477,2026-06-01T20:00:00.000Z
sensor.camera_e_temperatura,26.48260614013333,2026-06-01T21:00:00.000Z
sensor.camera_e_temperatura,25.759877800430555,2026-06-01T22:00:00.000Z
sensor.camera_e_temperatura,25.59843934676111,2026-06-01T23:00:00.000Z
sensor.camera_e_temperatura,25.572718249175,2026-06-02T00:00:00.000Z
sensor.camera_e_temperatura,25.670224492830556,2026-06-02T01:00:00.000Z
sensor.camera_e_temperatura,25.91443928662778,2026-06-02T02:00:00.000Z
sensor.camera_e_temperatura,25.96220730969722,2026-06-02T03:00:00.000Z
sensor.camera_e_temperatura,25.92921362758889,2026-06-02T04:00:00.000Z
sensor.camera_e_temperatura,25.959039214713886,2026-06-02T05:00:00.000Z
sensor.camera_e_temperatura,25.956902783405553,2026-06-02T06:00:00.000Z
sensor.camera_e_temperatura,25.875524099930555,2026-06-02T07:00:00.000Z
sensor.camera_e_temperatura,25.7454550408,2026-06-02T08:00:00.000Z
sensor.camera_e_temperatura,25.72577710364722,2026-06-02T09:00:00.000Z
sensor.camera_e_temperatura,25.523787625025005,2026-06-02T10:00:00.000Z
sensor.camera_e_temperatura,25.472544131483332,2026-06-02T11:00:00.000Z
sensor.camera_e_temperatura,25.789023278408333,2026-06-02T12:00:00.000Z
sensor.camera_e_temperatura,25.920988987255555,2026-06-02T13:00:00.000Z
sensor.camera_e_temperatura,25.99885243941389,2026-06-02T14:00:00.000Z
sensor.camera_e_temperatura,26.094946780575,2026-06-02T15:00:00.000Z
sensor.camera_e_temperatura,26.14520087979722,2026-06-02T16:00:00.000Z
sensor.camera_e_temperatura,26.16580630946389,2026-06-02T17:00:00.000Z
sensor.camera_e_temperatura,26.143883224038888,2026-06-02T18:00:00.000Z
sensor.camera_e_temperatura,26.111242120541664,2026-06-02T19:00:00.000Z
sensor.camera_e_temperatura,26.085022669463886,2026-06-02T20:00:00.000Z
sensor.camera_e_temperatura,26.100000000000005,2026-06-02T21:00:00.000Z
sensor.camera_e_temperatura,26.289842403933335,2026-06-05T08:00:00.000Z
sensor.camera_e_temperatura,26.27928053423889,2026-06-05T09:00:00.000Z
sensor.camera_e_temperatura,26.32237082367222,2026-06-05T10:00:00.000Z
sensor.camera_e_temperatura,26.381196724905553,2026-06-05T11:00:00.000Z
sensor.camera_e_temperatura,26.455774408952777,2026-06-05T12:00:00.000Z
sensor.camera_e_temperatura,26.60736916764722,2026-06-05T13:00:00.000Z
sensor.camera_e_temperatura,26.76379649902222,2026-06-05T14:00:00.000Z
sensor.camera_e_temperatura,26.868336411722222,2026-06-05T15:00:00.000Z
sensor.camera_e_temperatura,26.92766642480278,2026-06-05T16:00:00.000Z
sensor.camera_e_temperatura,26.988036051072225,2026-06-05T17:00:00.000Z
sensor.camera_e_temperatura,27.01251375728056,2026-06-05T18:00:00.000Z
sensor.camera_e_temperatura,26.995156067472223,2026-06-05T19:00:00.000Z
sensor.camera_e_temperatura,26.943095183191662,2026-06-05T20:00:00.000Z
sensor.camera_e_temperatura,26.86168760888611,2026-06-05T21:00:00.000Z
sensor.camera_e_temperatura,26.859024235569446,2026-06-05T22:00:00.000Z
sensor.camera_e_temperatura,26.997773212019442,2026-06-05T23:00:00.000Z
sensor.camera_e_temperatura,26.970568182694446,2026-06-06T00:00:00.000Z
sensor.camera_e_temperatura,26.935184500525,2026-06-06T01:00:00.000Z
sensor.camera_e_temperatura,26.908630771763892,2026-06-06T02:00:00.000Z
sensor.camera_e_temperatura,26.861371200022223,2026-06-06T03:00:00.000Z
sensor.camera_e_temperatura,26.78356802677222,2026-06-06T04:00:00.000Z
sensor.camera_e_temperatura,26.744243151333333,2026-06-06T05:00:00.000Z
sensor.camera_e_temperatura,26.63934885554167,2026-06-06T06:00:00.000Z
sensor.camera_e_temperatura,26.622754788438886,2026-06-06T07:00:00.000Z
sensor.camera_e_temperatura,26.585099877572222,2026-06-06T08:00:00.000Z
sensor.camera_e_temperatura,26.659233528972223,2026-06-06T09:00:00.000Z
sensor.camera_e_temperatura,26.61533198165,2026-06-06T10:00:00.000Z
sensor.camera_e_temperatura,26.703108403147223,2026-06-06T11:00:00.000Z
sensor.camera_e_temperatura,26.803135854466664,2026-06-06T12:00:00.000Z
sensor.camera_e_temperatura,27.07485311359167,2026-06-06T13:00:00.000Z
sensor.camera_e_temperatura,27.27097421664722,2026-06-06T14:00:00.000Z
sensor.camera_e_temperatura,27.20025824685278,2026-06-06T15:00:00.000Z
sensor.camera_e_temperatura,27.22038060899722,2026-06-06T16:00:00.000Z
sensor.camera_e_temperatura,27.30695141238333,2026-06-06T17:00:00.000Z
sensor.camera_e_temperatura,27.32741509677778,2026-06-06T18:00:00.000Z
sensor.camera_e_temperatura,27.28136264581389,2026-06-06T19:00:00.000Z
sensor.camera_e_temperatura,27.162972950152778,2026-06-06T20:00:00.000Z
sensor.camera_e_temperatura,27.191310400294444,2026-06-06T21:00:00.000Z
sensor.camera_e_temperatura,27.311394493605558,2026-06-06T22:00:00.000Z
sensor.camera_e_temperatura,27.242017484652777,2026-06-06T23:00:00.000Z
sensor.camera_e_temperatura,27.123653202141668,2026-06-07T00:00:00.000Z
sensor.camera_e_temperatura,26.977601999125,2026-06-07T01:00:00.000Z
sensor.camera_e_temperatura,26.898221351977778,2026-06-07T02:00:00.000Z
sensor.camera_e_temperatura,26.799303862555558,2026-06-07T03:00:00.000Z
sensor.camera_e_temperatura,26.71658772086111,2026-06-07T04:00:00.000Z
sensor.camera_e_temperatura,26.50384930643611,2026-06-07T05:00:00.000Z
sensor.camera_e_temperatura,26.447322546425,2026-06-07T06:00:00.000Z
sensor.camera_e_temperatura,26.436605408955558,2026-06-07T07:00:00.000Z
sensor.camera_e_temperatura,26.449171027188893,2026-06-07T08:00:00.000Z
sensor.camera_e_temperatura,26.443459880502775,2026-06-07T09:00:00.000Z
sensor.camera_e_temperatura,26.45646207693889,2026-06-07T10:00:00.000Z
sensor.camera_e_temperatura,26.49727579729722,2026-06-07T11:00:00.000Z
sensor.camera_e_temperatura,26.687763200016665,2026-06-07T12:00:00.000Z
sensor.camera_e_temperatura,27.025142934486112,2026-06-07T13:00:00.000Z
sensor.camera_e_temperatura,27.163874078047225,2026-06-07T14:00:00.000Z
sensor.camera_e_temperatura,27.284965058891668,2026-06-07T15:00:00.000Z
sensor.camera_e_temperatura,27.486924893933335,2026-06-07T16:00:00.000Z
sensor.camera_e_temperatura,27.947978150444445,2026-06-07T17:00:00.000Z
sensor.camera_e_temperatura,27.93792754586111,2026-06-07T18:00:00.000Z
sensor.camera_e_temperatura,27.67591027327778,2026-06-07T19:00:00.000Z
sensor.camera_e_temperatura,27.666957879477778,2026-06-07T20:00:00.000Z
sensor.camera_e_temperatura,27.686660431008335,2026-06-07T21:00:00.000Z
sensor.camera_e_temperatura,27.5470070829,2026-06-07T22:00:00.000Z
sensor.camera_e_temperatura,27.369799063977776,2026-06-07T23:00:00.000Z
sensor.camera_e_temperatura,27.206098466294446,2026-06-08T00:00:00.000Z
sensor.camera_e_temperatura,27.10349433536389,2026-06-08T01:00:00.000Z
sensor.camera_e_temperatura,26.98592312213889,2026-06-08T02:00:00.000Z
sensor.camera_e_temperatura,26.904747915544444,2026-06-08T03:00:00.000Z
sensor.camera_e_temperatura,26.808036396172223,2026-06-08T04:00:00.000Z
sensor.camera_e_temperatura,26.718393828733337,2026-06-08T05:00:00.000Z
sensor.camera_e_temperatura,26.68127712052778,2026-06-08T06:00:00.000Z
sensor.camera_e_temperatura,26.621040224394445,2026-06-08T07:00:00.000Z
sensor.camera_e_temperatura,26.63157905933056,2026-06-08T08:00:00.000Z
sensor.camera_e_temperatura,26.65506911035833,2026-06-08T09:00:00.000Z
sensor.camera_e_temperatura,26.71447289421667,2026-06-08T10:00:00.000Z
sensor.camera_e_temperatura,26.816466454744443,2026-06-08T11:00:00.000Z
sensor.camera_e_temperatura,26.95818958328889,2026-06-08T12:00:00.000Z
sensor.camera_e_temperatura,27.154682756222225,2026-06-08T13:00:00.000Z
sensor.camera_e_temperatura,27.378283030825,2026-06-08T14:00:00.000Z
sensor.camera_e_temperatura,27.516358848105554,2026-06-08T15:00:00.000Z
sensor.camera_e_temperatura,27.65980970535833,2026-06-08T16:00:00.000Z
sensor.camera_e_temperatura,27.956917080511108,2026-06-08T17:00:00.000Z
sensor.camera_e_temperatura,28.10483711283889,2026-06-08T18:00:00.000Z
sensor.camera_e_temperatura,28.28528552087778,2026-06-08T19:00:00.000Z
sensor.camera_e_temperatura,28.358834569899997,2026-06-08T20:00:00.000Z
sensor.camera_e_temperatura,27.999372314149998,2026-06-08T21:00:00.000Z
sensor.camera_e_temperatura,27.83845259231111,2026-06-08T22:00:00.000Z
sensor.camera_e_temperatura,27.723202864122218,2026-06-08T23:00:00.000Z
sensor.camera_e_temperatura,27.61805502807222,2026-06-09T00:00:00.000Z
sensor.camera_e_temperatura,27.51181266395,2026-06-09T01:00:00.000Z
sensor.camera_e_temperatura,27.4639775815,2026-06-09T02:00:00.000Z
sensor.camera_e_temperatura,27.39116430851389,2026-06-09T03:00:00.000Z
sensor.camera_e_temperatura,27.304177689663888,2026-06-09T04:00:00.000Z
sensor.camera_e_temperatura,27.219007700205555,2026-06-09T05:00:00.000Z
sensor.camera_e_temperatura,27.156030556880555,2026-06-09T06:00:00.000Z
sensor.camera_e_temperatura,27.097978357872222,2026-06-09T07:00:00.000Z
sensor.camera_e_temperatura,27.07355441039722,2026-06-09T08:00:00.000Z
sensor.camera_e_temperatura,27.054570214861112,2026-06-09T09:00:00.000Z
sensor.camera_e_temperatura,27.122776114325003,2026-06-09T10:00:00.000Z
sensor.camera_e_temperatura,27.218759363083336,2026-06-09T11:00:00.000Z
sensor.camera_e_temperatura,27.435323785872225,2026-06-09T12:00:00.000Z
sensor.camera_e_temperatura,27.60915985938611,2026-06-09T13:00:00.000Z
sensor.camera_e_temperatura,27.909338795177778,2026-06-09T14:00:00.000Z
sensor.camera_e_temperatura,27.961608000394445,2026-06-09T15:00:00.000Z
sensor.camera_e_temperatura,27.979645997825,2026-06-09T16:00:00.000Z
sensor.camera_e_temperatura,28.018537962516664,2026-06-09T17:00:00.000Z
sensor.camera_e_temperatura,28.058389458072224,2026-06-09T18:00:00.000Z
sensor.camera_e_temperatura,28.040716408133335,2026-06-09T19:00:00.000Z
sensor.camera_e_temperatura,28.102364882911115,2026-06-09T20:00:00.000Z
sensor.camera_e_temperatura,28.341856063252777,2026-06-09T21:00:00.000Z
sensor.camera_e_temperatura,28.192081290302777,2026-06-09T22:00:00.000Z
sensor.camera_e_temperatura,27.819623912691668,2026-06-09T23:00:00.000Z
sensor.camera_e_temperatura,27.66157646730278,2026-06-10T00:00:00.000Z
sensor.camera_e_temperatura,27.510364389127776,2026-06-10T01:00:00.000Z
sensor.camera_e_temperatura,27.430996557563887,2026-06-10T02:00:00.000Z
sensor.camera_e_temperatura,27.32481298957778,2026-06-10T03:00:00.000Z
sensor.camera_e_temperatura,27.195927992066668,2026-06-10T04:00:00.000Z
sensor.camera_e_temperatura,27.076910934483333,2026-06-10T05:00:00.000Z
sensor.camera_e_temperatura,26.99239680898611,2026-06-10T06:00:00.000Z
sensor.camera_e_temperatura,26.9155899391,2026-06-10T07:00:00.000Z
sensor.camera_e_temperatura,26.876579673563892,2026-06-10T08:00:00.000Z
sensor.camera_e_temperatura,26.867857958022224,2026-06-10T09:00:00.000Z
sensor.camera_e_temperatura,26.96767980345,2026-06-10T10:00:00.000Z
sensor.camera_e_temperatura,27.08694457215833,2026-06-10T11:00:00.000Z
sensor.camera_e_temperatura,27.17073038003889,2026-06-10T12:00:00.000Z
sensor.camera_e_temperatura,27.34257995613889,2026-06-10T13:00:00.000Z
sensor.camera_e_temperatura,27.46958903363333,2026-06-10T14:00:00.000Z
sensor.camera_e_temperatura,27.479546377108335,2026-06-10T15:00:00.000Z
sensor.camera_e_temperatura,27.412120267099997,2026-06-10T16:00:00.000Z
sensor.camera_e_temperatura,27.4472557208,2026-06-10T17:00:00.000Z
sensor.camera_e_temperatura,27.49795804136667,2026-06-10T18:00:00.000Z
sensor.camera_e_temperatura,27.882336154644445,2026-06-10T19:00:00.000Z
sensor.camera_e_temperatura,27.75754588908333,2026-06-10T20:00:00.000Z
sensor.camera_e_temperatura,27.537739896347222,2026-06-10T21:00:00.000Z
sensor.camera_e_temperatura,27.408748435605556,2026-06-10T22:00:00.000Z
sensor.camera_e_temperatura,27.163129390072225,2026-06-10T23:00:00.000Z
sensor.camera_e_temperatura,26.99509167497222,2026-06-11T00:00:00.000Z
sensor.camera_e_temperatura,26.910018838205556,2026-06-11T01:00:00.000Z
sensor.camera_e_temperatura,26.82694920736111,2026-06-11T02:00:00.000Z
sensor.camera_e_temperatura,26.729031499127775,2026-06-11T03:00:00.000Z
sensor.camera_e_temperatura,26.61331084323611,2026-06-11T04:00:00.000Z
sensor.camera_e_temperatura,26.530536525749998,2026-06-11T05:00:00.000Z
sensor.camera_e_temperatura,26.443427682863888,2026-06-11T06:00:00.000Z
sensor.camera_e_temperatura,26.325814571922223,2026-06-11T07:00:00.000Z
sensor.camera_e_temperatura,26.253081036686112,2026-06-11T08:00:00.000Z
sensor.camera_e_temperatura,26.207957564080555,2026-06-11T09:00:00.000Z
sensor.camera_e_temperatura,26.202450063083333,2026-06-11T10:00:00.000Z
sensor.camera_e_temperatura,26.246716863522224,2026-06-11T11:00:00.000Z
sensor.camera_e_temperatura,26.39600003721389,2026-06-11T12:00:00.000Z
sensor.camera_e_temperatura,26.6238665565,2026-06-11T13:00:00.000Z
sensor.camera_e_temperatura,26.91392316751111,2026-06-11T14:00:00.000Z
sensor.camera_e_temperatura,27.286863488725,2026-06-11T15:00:00.000Z
sensor.camera_e_temperatura,27.643052285241666,2026-06-11T16:00:00.000Z
sensor.camera_e_temperatura,27.70859082403611,2026-06-11T17:00:00.000Z
sensor.camera_e_temperatura,27.634329532177777,2026-06-11T18:00:00.000Z
sensor.camera_e_temperatura,27.504725063016668,2026-06-11T19:00:00.000Z
sensor.camera_e_temperatura,27.399969723558332,2026-06-11T20:00:00.000Z
sensor.camera_e_temperatura,27.261428559683335,2026-06-11T21:00:00.000Z
sensor.camera_e_temperatura,26.895076770336114,2026-06-11T22:00:00.000Z
sensor.camera_e_temperatura,26.74190671352778,2026-06-11T23:00:00.000Z
sensor.camera_e_temperatura,26.665261522997223,2026-06-12T00:00:00.000Z
sensor.camera_e_temperatura,26.520129241802778,2026-06-12T01:00:00.000Z
sensor.camera_e_temperatura,26.359132267116667,2026-06-12T02:00:00.000Z
sensor.camera_e_temperatura,26.195419963544442,2026-06-12T03:00:00.000Z
sensor.camera_e_temperatura,26.008549527516664,2026-06-12T04:00:00.000Z
sensor.camera_e_temperatura,25.897103785591668,2026-06-12T05:00:00.000Z
sensor.camera_e_temperatura,25.84056889708611,2026-06-12T06:00:00.000Z
sensor.camera_e_temperatura,25.72856122926667,2026-06-12T07:00:00.000Z
sensor.camera_e_temperatura,25.69657765701389,2026-06-12T08:00:00.000Z
sensor.camera_e_temperatura,25.701611128663888,2026-06-12T09:00:00.000Z
sensor.camera_e_temperatura,25.716212188994444,2026-06-12T10:00:00.000Z
sensor.camera_e_temperatura,25.753348920072224,2026-06-12T11:00:00.000Z
sensor.camera_e_temperatura,25.675187024002778,2026-06-12T12:00:00.000Z
sensor.camera_e_temperatura,25.694201881858334,2026-06-12T13:00:00.000Z
sensor.camera_e_temperatura,25.95435931301111,2026-06-12T14:00:00.000Z
sensor.camera_e_temperatura,26.141506923819446,2026-06-12T15:00:00.000Z
sensor.camera_e_temperatura,26.08660677493889,2026-06-12T16:00:00.000Z
sensor.camera_e_temperatura,26.026866731858334,2026-06-12T17:00:00.000Z
sensor.camera_e_temperatura,26.01912277509167,2026-06-12T18:00:00.000Z
sensor.camera_e_temperatura,26.002139358224998,2026-06-12T19:00:00.000Z
sensor.camera_e_temperatura,26.325501237947222,2026-06-12T20:00:00.000Z
sensor.camera_e_temperatura,26.735628835138886,2026-06-12T21:00:00.000Z
sensor.camera_e_temperatura,25.60229030351111,2026-06-12T22:00:00.000Z
sensor.camera_e_temperatura,25.43951609311389,2026-06-12T23:00:00.000Z
sensor.camera_e_temperatura,25.45925783995278,2026-06-13T00:00:00.000Z
sensor.camera_e_temperatura,25.508147280655553,2026-06-13T01:00:00.000Z
sensor.camera_e_temperatura,25.519912078588888,2026-06-13T02:00:00.000Z
sensor.camera_e_temperatura,25.513461759983333,2026-06-13T03:00:00.000Z
sensor.camera_e_temperatura,25.466451716052777,2026-06-13T04:00:00.000Z
sensor.camera_e_temperatura,25.432594238505555,2026-06-13T05:00:00.000Z
sensor.camera_e_temperatura,25.396702449730554,2026-06-13T06:00:00.000Z
sensor.camera_e_temperatura,25.148168803327778,2026-06-13T07:00:00.000Z
sensor.camera_e_temperatura,25.38225645685,2026-06-13T08:00:00.000Z
sensor.camera_e_temperatura,25.633851607927777,2026-06-13T09:00:00.000Z
sensor.camera_e_temperatura,25.944685738494446,2026-06-13T10:00:00.000Z
sensor.camera_e_temperatura,26.147876916830555,2026-06-13T11:00:00.000Z
sensor.camera_e_temperatura,26.40207012444722,2026-06-13T12:00:00.000Z
sensor.camera_e_temperatura,26.827422268483332,2026-06-13T13:00:00.000Z
sensor.camera_e_temperatura,27.158942131352777,2026-06-13T14:00:00.000Z
sensor.camera_e_temperatura,27.697412757647225,2026-06-13T15:00:00.000Z
sensor.camera_e_temperatura,28.034319389302777,2026-06-13T16:00:00.000Z
sensor.camera_e_temperatura,28.005390449738886,2026-06-13T17:00:00.000Z
sensor.camera_e_temperatura,27.889462056419447,2026-06-13T18:00:00.000Z
sensor.camera_e_temperatura,27.744589656075004,2026-06-13T19:00:00.000Z
sensor.camera_e_temperatura,27.635474260977777,2026-06-13T20:00:00.000Z
sensor.camera_e_temperatura,27.578431453225004,2026-06-13T21:00:00.000Z
sensor.camera_e_temperatura,27.88058256068611,2026-06-13T22:00:00.000Z
sensor.camera_e_temperatura,27.837966858766666,2026-06-13T23:00:00.000Z
sensor.camera_e_temperatura,27.721413282752778,2026-06-14T00:00:00.000Z
sensor.camera_e_temperatura,27.5909105624,2026-06-14T01:00:00.000Z
sensor.camera_e_temperatura,27.478826214194445,2026-06-14T02:00:00.000Z
sensor.camera_e_temperatura,26.025496140622224,2026-06-14T03:00:00.000Z
sensor.camera_e_temperatura,25.079923496394443,2026-06-14T04:00:00.000Z
sensor.camera_e_temperatura,24.7377345899,2026-06-14T05:00:00.000Z
sensor.camera_e_temperatura,25.39236373568889,2026-06-14T06:00:00.000Z
sensor.camera_e_temperatura,25.82571862975,2026-06-14T07:00:00.000Z
sensor.camera_e_temperatura,25.757212101647223,2026-06-14T08:00:00.000Z
sensor.camera_e_temperatura,24.713233192011113,2026-06-14T09:00:00.000Z
sensor.camera_e_temperatura,25.29145221417222,2026-06-14T10:00:00.000Z
sensor.camera_e_temperatura,25.822762583447226,2026-06-14T11:00:00.000Z
sensor.camera_e_temperatura,26.106486434361113,2026-06-14T12:00:00.000Z
sensor.camera_e_temperatura,25.630166480816666,2026-06-14T13:00:00.000Z
sensor.camera_e_temperatura,25.583030259319443,2026-06-14T14:00:00.000Z
sensor.camera_e_temperatura,26.497762069494446,2026-06-14T15:00:00.000Z
sensor.camera_e_temperatura,26.898910705852774,2026-06-14T16:00:00.000Z
sensor.camera_e_temperatura,27.67856743336389,2026-06-14T17:00:00.000Z
sensor.camera_e_temperatura,28.393261289458334,2026-06-14T18:00:00.000Z
sensor.camera_e_temperatura,28.015043347052778,2026-06-14T19:00:00.000Z
sensor.camera_e_temperatura,27.64904715518611,2026-06-14T20:00:00.000Z
sensor.camera_e_temperatura,27.425290925008337,2026-06-14T21:00:00.000Z
sensor.camera_e_temperatura,27.48382070799722,2026-06-14T22:00:00.000Z
sensor.camera_e_temperatura,27.350850111022222,2026-06-14T23:00:00.000Z
sensor.camera_e_temperatura,27.260777999261112,2026-06-15T00:00:00.000Z
sensor.camera_e_temperatura,27.12733137995278,2026-06-15T01:00:00.000Z
sensor.camera_e_temperatura,27.041552846294447,2026-06-15T02:00:00.000Z
sensor.camera_e_temperatura,26.96860208858611,2026-06-15T03:00:00.000Z
sensor.camera_e_temperatura,26.904594960833332,2026-06-15T04:00:00.000Z
sensor.camera_e_temperatura,26.75676060901111,2026-06-15T05:00:00.000Z
sensor.camera_e_temperatura,26.73856268186111,2026-06-15T06:00:00.000Z
sensor.camera_e_temperatura,26.807482573941666,2026-06-15T07:00:00.000Z
sensor.camera_e_temperatura,26.748343611144445,2026-06-15T08:00:00.000Z
sensor.camera_e_temperatura,26.77012698666111,2026-06-15T09:00:00.000Z
sensor.camera_e_temperatura,26.81961513532778,2026-06-15T10:00:00.000Z
sensor.camera_e_temperatura,26.888571042444443,2026-06-15T11:00:00.000Z
sensor.camera_e_temperatura,27.018453777338888,2026-06-15T12:00:00.000Z
sensor.camera_e_temperatura,27.241289147847223,2026-06-15T13:00:00.000Z
sensor.camera_e_temperatura,27.433380954013888,2026-06-15T14:00:00.000Z
sensor.camera_e_temperatura,27.53999890865556,2026-06-15T15:00:00.000Z
sensor.camera_e_temperatura,27.7044266609,2026-06-15T16:00:00.000Z
sensor.camera_e_temperatura,27.834930222919443,2026-06-15T17:00:00.000Z
sensor.camera_e_temperatura,27.954542767691667,2026-06-15T18:00:00.000Z
sensor.camera_e_temperatura,28.039872270550003,2026-06-15T19:00:00.000Z
sensor.camera_e_temperatura,27.99327763404722,2026-06-15T20:00:00.000Z
sensor.camera_e_temperatura,27.921588751891665,2026-06-15T21:00:00.000Z
sensor.camera_e_temperatura,27.987550887822223,2026-06-15T22:00:00.000Z
sensor.camera_e_temperatura,27.968744471208336,2026-06-15T23:00:00.000Z
sensor.camera_e_temperatura,27.930833878244446,2026-06-16T00:00:00.000Z
sensor.camera_e_temperatura,27.968369542172223,2026-06-16T01:00:00.000Z
sensor.camera_e_temperatura,27.944957189224997,2026-06-16T02:00:00.000Z
sensor.camera_e_temperatura,27.865615067827775,2026-06-16T03:00:00.000Z
sensor.camera_e_temperatura,27.761922683491665,2026-06-16T04:00:00.000Z
sensor.camera_e_temperatura,27.708203020044447,2026-06-16T05:00:00.000Z
sensor.camera_e_temperatura,27.636710853844445,2026-06-16T06:00:00.000Z
sensor.camera_e_temperatura,27.625912401072224,2026-06-16T07:00:00.000Z
sensor.camera_e_temperatura,27.683175220219443,2026-06-16T08:00:00.000Z
sensor.camera_e_temperatura,27.677797948802777,2026-06-16T09:00:00.000Z
sensor.camera_e_temperatura,27.77651931019722,2026-06-16T10:00:00.000Z
sensor.camera_e_temperatura,28.01081507444444,2026-06-16T11:00:00.000Z
sensor.camera_e_temperatura,28.0592534248,2026-06-16T12:00:00.000Z
sensor.camera_e_temperatura,28.17838925527778,2026-06-16T13:00:00.000Z
sensor.camera_e_temperatura,28.39554399898333,2026-06-16T14:00:00.000Z
sensor.camera_e_temperatura,28.477508081491667,2026-06-16T15:00:00.000Z
sensor.camera_e_temperatura,28.51780788443611,2026-06-16T16:00:00.000Z
sensor.camera_e_temperatura,28.72185056900278,2026-06-16T17:00:00.000Z
sensor.camera_e_temperatura,28.780986258461112,2026-06-16T18:00:00.000Z
sensor.camera_e_temperatura,28.74970382591667,2026-06-16T19:00:00.000Z
sensor.camera_e_temperatura,28.603119054227776,2026-06-16T20:00:00.000Z
sensor.camera_e_temperatura,28.48942280329167,2026-06-16T21:00:00.000Z
sensor.camera_e_temperatura,28.658295418199998,2026-06-16T22:00:00.000Z
sensor.camera_e_temperatura,28.64085603637778,2026-06-16T23:00:00.000Z
sensor.camera_e_temperatura,28.576852532652776,2026-06-17T00:00:00.000Z
sensor.camera_e_temperatura,28.481169937366662,2026-06-17T01:00:00.000Z
sensor.camera_e_temperatura,28.424533937277776,2026-06-17T02:00:00.000Z
sensor.camera_e_temperatura,28.303524010525,2026-06-17T03:00:00.000Z
sensor.camera_e_temperatura,28.20122491048889,2026-06-17T04:00:00.000Z
sensor.camera_e_temperatura,28.109808285105558,2026-06-17T05:00:00.000Z
sensor.camera_e_temperatura,28.093049209191665,2026-06-17T06:00:00.000Z
sensor.camera_e_temperatura,28.052167509966665,2026-06-17T07:00:00.000Z
sensor.camera_e_temperatura,28.07234753866389,2026-06-17T08:00:00.000Z
sensor.camera_e_temperatura,27.904463011072224,2026-06-17T09:00:00.000Z
sensor.camera_e_temperatura,27.233692731900003,2026-06-17T10:00:00.000Z
sensor.camera_e_temperatura,26.96726223339167,2026-06-17T11:00:00.000Z
sensor.camera_e_temperatura,27.058784511986115,2026-06-17T12:00:00.000Z
sensor.camera_e_temperatura,27.40463292438611,2026-06-17T13:00:00.000Z
sensor.camera_e_temperatura,27.11061302854722,2026-06-17T14:00:00.000Z
sensor.camera_e_temperatura,27.796352375819442,2026-06-17T15:00:00.000Z
sensor.camera_e_temperatura,28.165796423319446,2026-06-17T16:00:00.000Z
sensor.camera_e_temperatura,28.434530612683332,2026-06-17T17:00:00.000Z
sensor.camera_e_temperatura,28.656505313925,2026-06-17T18:00:00.000Z
sensor.camera_e_temperatura,28.800823437077778,2026-06-17T19:00:00.000Z
sensor.camera_e_temperatura,28.94584889122778,2026-06-17T20:00:00.000Z
sensor.camera_e_temperatura,28.804195697336112,2026-06-17T21:00:00.000Z
sensor.camera_e_temperatura,28.618736675311112,2026-06-17T22:00:00.000Z
sensor.camera_e_temperatura,28.51815317708889,2026-06-17T23:00:00.000Z
sensor.camera_e_temperatura,28.468380084475,2026-06-18T00:00:00.000Z
sensor.camera_e_temperatura,28.41972539092778,2026-06-18T01:00:00.000Z
sensor.camera_e_temperatura,28.35419773076111,2026-06-18T02:00:00.000Z
sensor.camera_e_temperatura,28.25534356976111,2026-06-18T03:00:00.000Z
sensor.camera_e_temperatura,28.178418266050002,2026-06-18T04:00:00.000Z
sensor.camera_e_temperatura,28.11947460812222,2026-06-18T05:00:00.000Z
sensor.camera_e_temperatura,28.070742140719442,2026-06-18T06:00:00.000Z
sensor.camera_e_temperatura,28.064713321825,2026-06-18T07:00:00.000Z
sensor.camera_e_temperatura,28.07781708699167,2026-06-18T08:00:00.000Z
sensor.camera_e_temperatura,28.18290058789444,2026-06-18T09:00:00.000Z
sensor.camera_e_temperatura,28.275471238505556,2026-06-18T10:00:00.000Z
sensor.camera_e_temperatura,28.392699972000003,2026-06-18T11:00:00.000Z
sensor.camera_e_temperatura,28.608734645252778,2026-06-18T12:00:00.000Z
sensor.camera_e_temperatura,29.020609188816664,2026-06-18T13:00:00.000Z
sensor.camera_e_temperatura,29.44893501804444,2026-06-18T14:00:00.000Z
sensor.camera_e_temperatura,29.602310233249998,2026-06-18T15:00:00.000Z
sensor.camera_e_temperatura,29.671763081977776,2026-06-18T16:00:00.000Z
sensor.camera_e_temperatura,29.874113782113884,2026-06-18T17:00:00.000Z
sensor.camera_e_temperatura,29.997599169672224,2026-06-18T18:00:00.000Z
sensor.camera_e_temperatura,30.017079050411112,2026-06-18T19:00:00.000Z
sensor.camera_e_temperatura,28.917192592488888,2026-06-18T20:00:00.000Z
sensor.camera_e_temperatura,28.278438230122223,2026-06-18T21:00:00.000Z
sensor.camera_e_temperatura,28.147378437624997,2026-06-18T22:00:00.000Z
sensor.camera_e_temperatura,27.905896325561113,2026-06-18T23:00:00.000Z
sensor.camera_e_temperatura,27.645278744841665,2026-06-19T00:00:00.000Z
sensor.camera_e_temperatura,27.378962189075,2026-06-19T01:00:00.000Z
sensor.camera_e_temperatura,26.63269897065,2026-06-19T02:00:00.000Z
sensor.camera_e_temperatura,26.31611812483889,2026-06-19T03:00:00.000Z
sensor.camera_e_temperatura,26.023310717786114,2026-06-19T04:00:00.000Z
sensor.camera_e_temperatura,25.677648289961112,2026-06-19T05:00:00.000Z
sensor.camera_e_temperatura,25.624446486213888,2026-06-19T06:00:00.000Z
sensor.camera_e_temperatura,25.54954969881389,2026-06-19T07:00:00.000Z
sensor.camera_e_temperatura,25.545200436194445,2026-06-19T08:00:00.000Z
sensor.camera_e_temperatura,25.574434422952777,2026-06-19T09:00:00.000Z
sensor.camera_e_temperatura,26.134054014611113,2026-06-19T10:00:00.000Z
sensor.camera_e_temperatura,26.879111877497223,2026-06-19T11:00:00.000Z
sensor.camera_e_temperatura,27.4147415841,2026-06-19T12:00:00.000Z
sensor.camera_e_temperatura,28.061237896519444,2026-06-19T13:00:00.000Z
sensor.camera_e_temperatura,28.495651246425,2026-06-19T14:00:00.000Z
sensor.camera_e_temperatura,28.861496350055557,2026-06-19T15:00:00.000Z
sensor.camera_e_temperatura,29.121071217769444,2026-06-19T16:00:00.000Z
sensor.camera_e_temperatura,29.383592220641663,2026-06-19T17:00:00.000Z
sensor.camera_e_temperatura,29.645921756941664,2026-06-19T18:00:00.000Z
sensor.camera_e_temperatura,29.777927596088887,2026-06-19T19:00:00.000Z
sensor.camera_e_temperatura,29.767578492094444,2026-06-19T20:00:00.000Z
sensor.camera_e_temperatura,29.739388144933333,2026-06-19T21:00:00.000Z
sensor.camera_e_temperatura,29.576556461819447,2026-06-19T22:00:00.000Z
sensor.camera_e_temperatura,29.500241167019443,2026-06-19T23:00:00.000Z
sensor.camera_e_temperatura,29.458212667980558,2026-06-20T00:00:00.000Z
sensor.camera_e_temperatura,29.40339458692222,2026-06-20T01:00:00.000Z
sensor.camera_e_temperatura,29.309379674375,2026-06-20T02:00:00.000Z
sensor.camera_e_temperatura,29.2497790091,2026-06-20T03:00:00.000Z
sensor.camera_e_temperatura,29.193657520725,2026-06-20T04:00:00.000Z
sensor.camera_e_temperatura,29.11380352680278,2026-06-20T05:00:00.000Z
sensor.camera_e_temperatura,29.080967270052778,2026-06-20T06:00:00.000Z
sensor.camera_e_temperatura,29.058401884833334,2026-06-20T07:00:00.000Z
sensor.camera_e_temperatura,29.060344487891665,2026-06-20T08:00:00.000Z
sensor.camera_e_temperatura,29.148377001108333,2026-06-20T09:00:00.000Z
sensor.camera_e_temperatura,29.3779064217,2026-06-20T10:00:00.000Z
sensor.camera_e_temperatura,28.795977872349997,2026-06-20T11:00:00.000Z
sensor.camera_e_temperatura,28.426139866488885,2026-06-20T12:00:00.000Z
sensor.camera_e_temperatura,28.474069918502778,2026-06-20T13:00:00.000Z
sensor.camera_e_temperatura,28.595040561100003,2026-06-20T14:00:00.000Z
sensor.camera_e_temperatura,28.476412218330555,2026-06-20T15:00:00.000Z
sensor.camera_e_temperatura,28.349777072969445,2026-06-20T16:00:00.000Z
sensor.camera_e_temperatura,28.480514176294445,2026-06-20T17:00:00.000Z
sensor.camera_e_temperatura,29.274369629322223,2026-06-20T18:00:00.000Z
sensor.camera_e_temperatura,29.21338562339167,2026-06-20T19:00:00.000Z
sensor.camera_e_temperatura,28.869119532341667,2026-06-20T20:00:00.000Z
sensor.camera_e_temperatura,28.302304154724997,2026-06-20T21:00:00.000Z
sensor.camera_e_temperatura,28.202225045433334,2026-06-20T22:00:00.000Z
sensor.camera_e_temperatura,28.295246560122223,2026-06-20T23:00:00.000Z
sensor.camera_e_temperatura,28.342251771419445,2026-06-21T00:00:00.000Z
sensor.camera_e_temperatura,28.370290591925,2026-06-21T01:00:00.000Z
sensor.camera_e_temperatura,28.37657500448889,2026-06-21T02:00:00.000Z
sensor.camera_e_temperatura,28.464574293933335,2026-06-21T03:00:00.000Z
sensor.camera_e_temperatura,28.490757909491666,2026-06-21T04:00:00.000Z
sensor.camera_e_temperatura,28.47426806805278,2026-06-21T05:00:00.000Z
sensor.camera_e_temperatura,28.455754127202777,2026-06-21T06:00:00.000Z
sensor.camera_e_temperatura,28.40777299765833,2026-06-21T07:00:00.000Z
sensor.camera_e_temperatura,28.179845231974998,2026-06-21T08:00:00.000Z
sensor.camera_e_temperatura,28.34680205011111,2026-06-21T09:00:00.000Z
sensor.camera_e_temperatura,28.236831218936114,2026-06-21T10:00:00.000Z
sensor.camera_e_temperatura,28.195754325730558,2026-06-21T11:00:00.000Z
sensor.camera_e_temperatura,28.65928827478889,2026-06-21T12:00:00.000Z
sensor.camera_e_temperatura,28.583816217391668,2026-06-21T13:00:00.000Z
sensor.camera_e_temperatura,29.315696948705554,2026-06-21T14:00:00.000Z
sensor.camera_e_temperatura,28.842555941541665,2026-06-21T15:00:00.000Z
sensor.camera_e_temperatura,29.740667063100002,2026-06-21T16:00:00.000Z
sensor.camera_e_temperatura,30.248004153599997,2026-06-21T17:00:00.000Z
sensor.camera_e_temperatura,30.506961046533334,2026-06-21T18:00:00.000Z
sensor.camera_e_temperatura,30.559777483461108,2026-06-21T19:00:00.000Z
sensor.camera_e_temperatura,30.56351633088333,2026-06-21T20:00:00.000Z
sensor.camera_e_temperatura,30.103665143697224,2026-06-21T21:00:00.000Z
sensor.camera_e_temperatura,28.940090526175,2026-06-21T22:00:00.000Z
sensor.camera_e_temperatura,28.596167669344442,2026-06-21T23:00:00.000Z
sensor.camera_e_temperatura,28.545640635319444,2026-06-22T00:00:00.000Z
sensor.camera_e_temperatura,28.525292432605557,2026-06-22T01:00:00.000Z
sensor.camera_e_temperatura,28.50245859473611,2026-06-22T02:00:00.000Z
sensor.camera_e_temperatura,28.539009323925,2026-06-22T03:00:00.000Z
sensor.camera_e_temperatura,28.628797842027776,2026-06-22T04:00:00.000Z
sensor.camera_e_temperatura,28.57709170153056,2026-06-22T05:00:00.000Z
sensor.camera_e_temperatura,28.47068459318889,2026-06-22T06:00:00.000Z
sensor.camera_e_temperatura,28.412387141022222,2026-06-22T07:00:00.000Z
sensor.camera_e_temperatura,28.334951988205557,2026-06-22T08:00:00.000Z
sensor.camera_e_temperatura,28.419584136311112,2026-06-22T09:00:00.000Z
sensor.camera_e_temperatura,28.916589732780555,2026-06-22T10:00:00.000Z
sensor.camera_e_temperatura,29.163557085755556,2026-06-22T11:00:00.000Z
sensor.camera_e_temperatura,29.412748332533337,2026-06-22T12:00:00.000Z
sensor.camera_e_temperatura,28.75359170213889,2026-06-22T13:00:00.000Z
sensor.camera_e_temperatura,28.767536633869444,2026-06-22T14:00:00.000Z
sensor.camera_e_temperatura,29.757988328627775,2026-06-22T15:00:00.000Z
sensor.camera_e_temperatura,30.17949735660334,2026-06-22T16:00:00.000Z
sensor.camera_e_temperatura,31.61075547992857,2026-06-29T13:00:00.000Z
sensor.camera_e_temperatura,31.81792781625556,2026-06-29T14:00:00.000Z
sensor.camera_e_temperatura,32.011859072566665,2026-06-29T15:00:00.000Z
sensor.camera_e_temperatura,32.09169483334444,2026-06-29T16:00:00.000Z
sensor.camera_e_temperatura,32.04646316331111,2026-06-29T17:00:00.000Z
sensor.camera_e_temperatura,31.76486807621667,2026-06-29T18:00:00.000Z
sensor.camera_e_temperatura,31.67286229685,2026-06-29T19:00:00.000Z
sensor.camera_e_temperatura,31.606194006572224,2026-06-29T20:00:00.000Z
sensor.camera_e_temperatura,31.690888262255555,2026-06-29T21:00:00.000Z
sensor.camera_e_temperatura,31.118690307933335,2026-06-29T22:00:00.000Z
sensor.camera_e_temperatura,29.99999106681389,2026-06-29T23:00:00.000Z
sensor.camera_e_temperatura,29.436190657275002,2026-06-30T00:00:00.000Z
sensor.camera_e_temperatura,29.079509495266667,2026-06-30T01:00:00.000Z
sensor.camera_e_temperatura,29.041906673025,2026-06-30T02:00:00.000Z
sensor.camera_e_temperatura,29.059229295844446,2026-06-30T03:00:00.000Z
sensor.camera_e_temperatura,29.009769323458332,2026-06-30T04:00:00.000Z
sensor.camera_e_temperatura,28.94513833135278,2026-06-30T05:00:00.000Z
sensor.camera_e_temperatura,28.911516436005556,2026-06-30T06:00:00.000Z
sensor.camera_e_temperatura,28.880329930955554,2026-06-30T07:00:00.000Z
sensor.camera_e_temperatura,28.818624242147223,2026-06-30T08:00:00.000Z
sensor.camera_e_temperatura,28.767556317488886,2026-06-30T09:00:00.000Z
sensor.camera_e_temperatura,28.592813574916665,2026-06-30T10:00:00.000Z
sensor.camera_e_temperatura,28.498542116241666,2026-06-30T11:00:00.000Z
sensor.camera_e_temperatura,28.773330899369444,2026-06-30T12:00:00.000Z
sensor.camera_e_temperatura,28.660541154527778,2026-06-30T13:00:00.000Z
sensor.camera_e_temperatura,28.88565443608611,2026-06-30T14:00:00.000Z
sensor.camera_e_temperatura,29.795030447666665,2026-06-30T15:00:00.000Z
sensor.camera_e_temperatura,30.35484373741667,2026-06-30T16:00:00.000Z
sensor.camera_e_temperatura,30.613972398266668,2026-06-30T17:00:00.000Z
sensor.camera_e_temperatura,30.85211228757778,2026-06-30T18:00:00.000Z
sensor.camera_e_temperatura,30.912377470575,2026-06-30T19:00:00.000Z
sensor.camera_e_temperatura,30.00004665540833,2026-06-30T20:00:00.000Z
sensor.camera_e_temperatura,29.668085226444447,2026-06-30T21:00:00.000Z
sensor.camera_e_temperatura,29.513803204080556,2026-06-30T22:00:00.000Z
sensor.camera_e_temperatura,29.65581623853056,2026-06-30T23:00:00.000Z
sensor.camera_e_temperatura,29.636256272466667,2026-07-01T00:00:00.000Z
sensor.camera_e_temperatura,29.660078271994447,2026-07-01T01:00:00.000Z
sensor.camera_e_temperatura,29.67702204266111,2026-07-01T02:00:00.000Z
sensor.camera_e_temperatura,29.760837608444444,2026-07-01T03:00:00.000Z
sensor.camera_e_temperatura,29.705014770263887,2026-07-01T04:00:00.000Z
sensor.camera_e_temperatura,29.67309836263611,2026-07-01T05:00:00.000Z
sensor.camera_e_temperatura,29.515689238336112,2026-07-01T06:00:00.000Z
sensor.camera_e_temperatura,29.346186923875,2026-07-01T07:00:00.000Z
sensor.camera_e_temperatura,29.293562223625003,2026-07-01T08:00:00.000Z
sensor.camera_e_temperatura,29.091282821274998,2026-07-01T09:00:00.000Z
sensor.camera_e_temperatura,29.053672324491668,2026-07-01T10:00:00.000Z
sensor.camera_e_temperatura,29.146692337275,2026-07-01T11:00:00.000Z
sensor.camera_e_temperatura,29.367876814588886,2026-07-01T12:00:00.000Z
sensor.camera_e_temperatura,29.969574994363892,2026-07-01T13:00:00.000Z
sensor.camera_e_temperatura,30.09087765262778,2026-07-01T14:00:00.000Z
sensor.camera_e_temperatura,30.00965568445278,2026-07-01T15:00:00.000Z
sensor.camera_e_temperatura,30.00499104437778,2026-07-01T16:00:00.000Z
sensor.camera_e_temperatura,30.00837203250556,2026-07-01T17:00:00.000Z
sensor.camera_e_temperatura,30.07867677248611,2026-07-01T18:00:00.000Z
sensor.camera_e_temperatura,30.0934074085,2026-07-01T19:00:00.000Z
sensor.camera_e_temperatura,30.069638736861112,2026-07-01T20:00:00.000Z
sensor.camera_e_temperatura,30.028987866194445,2026-07-01T21:00:00.000Z
sensor.camera_e_temperatura,29.95562430752778,2026-07-01T22:00:00.000Z
sensor.camera_e_temperatura,29.88108080623333,2026-07-01T23:00:00.000Z
sensor.camera_e_temperatura,29.835607965636115,2026-07-02T00:00:00.000Z
sensor.camera_e_temperatura,29.785104186672225,2026-07-02T01:00:00.000Z
sensor.camera_e_temperatura,29.73115112709722,2026-07-02T02:00:00.000Z
sensor.camera_e_temperatura,29.69477959503889,2026-07-02T03:00:00.000Z
sensor.camera_e_temperatura,29.64690331548611,2026-07-02T04:00:00.000Z
sensor.camera_e_temperatura,29.592400225466665,2026-07-02T05:00:00.000Z
sensor.camera_e_temperatura,29.284512105041667,2026-07-02T06:00:00.000Z
sensor.camera_e_temperatura,29.205804956975,2026-07-02T07:00:00.000Z
sensor.camera_e_temperatura,29.354604795519446,2026-07-02T08:00:00.000Z
sensor.camera_e_temperatura,29.402522575952776,2026-07-02T09:00:00.000Z
sensor.camera_e_temperatura,29.44221098603333,2026-07-02T10:00:00.000Z
sensor.camera_e_temperatura,29.48879482808889,2026-07-02T11:00:00.000Z
sensor.camera_e_temperatura,29.666199862122223,2026-07-02T12:00:00.000Z
sensor.camera_e_temperatura,29.902495703555555,2026-07-02T13:00:00.000Z
sensor.camera_e_temperatura,30.093755685033333,2026-07-02T14:00:00.000Z
sensor.camera_e_temperatura,30.281997738155553,2026-07-02T15:00:00.000Z
sensor.camera_e_temperatura,30.412356132158333,2026-07-02T16:00:00.000Z
sensor.camera_e_temperatura,30.47499770701111,2026-07-02T17:00:00.000Z
sensor.camera_e_temperatura,30.544241273041667,2026-07-02T18:00:00.000Z
sensor.camera_e_temperatura,30.525975917897224,2026-07-02T19:00:00.000Z
sensor.camera_e_temperatura,30.469983382258334,2026-07-02T20:00:00.000Z
sensor.camera_e_temperatura,30.41160978981111,2026-07-02T21:00:00.000Z
sensor.camera_e_temperatura,30.232892695777778,2026-07-02T22:00:00.000Z
sensor.camera_e_temperatura,30.083425946308335,2026-07-02T23:00:00.000Z
sensor.camera_e_temperatura,29.951634274072223,2026-07-03T00:00:00.000Z
sensor.camera_e_temperatura,29.86536464946111,2026-07-03T01:00:00.000Z
sensor.camera_e_temperatura,29.71274197588889,2026-07-03T02:00:00.000Z
sensor.camera_e_temperatura,29.605669459008336,2026-07-03T03:00:00.000Z
sensor.camera_e_temperatura,29.345428946941666,2026-07-03T04:00:00.000Z
sensor.camera_e_temperatura,29.311290395049998,2026-07-03T05:00:00.000Z
sensor.camera_e_temperatura,29.12492397627778,2026-07-03T06:00:00.000Z
sensor.camera_e_temperatura,29.14075413821111,2026-07-03T07:00:00.000Z
sensor.camera_e_temperatura,29.271183862399997,2026-07-03T08:00:00.000Z
sensor.camera_e_temperatura,29.35459608058611,2026-07-03T09:00:00.000Z
sensor.camera_e_temperatura,29.42197676066945,2026-07-03T10:00:00.000Z
sensor.camera_e_temperatura,29.489268300361115,2026-07-03T11:00:00.000Z
sensor.camera_e_temperatura,29.697837528441667,2026-07-03T12:00:00.000Z
sensor.camera_e_temperatura,29.93771666049722,2026-07-03T13:00:00.000Z
sensor.camera_e_temperatura,30.15622972614722,2026-07-03T14:00:00.000Z
sensor.camera_e_temperatura,30.356128396127776,2026-07-03T15:00:00.000Z
sensor.camera_e_temperatura,30.467368240472222,2026-07-03T16:00:00.000Z
sensor.camera_e_temperatura,30.555838686783332,2026-07-03T17:00:00.000Z
sensor.camera_e_temperatura,30.64140383376667,2026-07-03T18:00:00.000Z
sensor.camera_e_temperatura,30.612161307650002,2026-07-03T19:00:00.000Z
sensor.camera_e_temperatura,30.530847615955555,2026-07-03T20:00:00.000Z
sensor.camera_e_temperatura,30.487758065069443,2026-07-03T21:00:00.000Z
sensor.camera_e_temperatura,30.442529244525,2026-07-03T22:00:00.000Z
sensor.camera_e_temperatura,30.32734419962222,2026-07-03T23:00:00.000Z
sensor.camera_e_temperatura,30.17086798538889,2026-07-04T00:00:00.000Z
sensor.camera_e_temperatura,29.98840944134722,2026-07-04T01:00:00.000Z
sensor.camera_e_temperatura,29.857458486322226,2026-07-04T02:00:00.000Z
sensor.camera_e_temperatura,29.716138092725,2026-07-04T03:00:00.000Z
sensor.camera_e_temperatura,29.605404861697224,2026-07-04T04:00:00.000Z
sensor.camera_e_temperatura,29.498279955833336,2026-07-04T05:00:00.000Z
sensor.camera_e_temperatura,29.414815696736113,2026-07-04T06:00:00.000Z
sensor.camera_e_temperatura,29.411518510186113,2026-07-04T07:00:00.000Z
sensor.camera_e_temperatura,29.455954658833335,2026-07-04T08:00:00.000Z
sensor.camera_e_temperatura,29.509400747525003,2026-07-04T09:00:00.000Z
sensor.camera_e_temperatura,29.578047257666668,2026-07-04T10:00:00.000Z
sensor.camera_e_temperatura,29.703225841755554,2026-07-04T11:00:00.000Z
sensor.camera_e_temperatura,29.924013995847222,2026-07-04T12:00:00.000Z
sensor.camera_e_temperatura,30.179956684894446,2026-07-04T13:00:00.000Z
sensor.camera_e_temperatura,30.531264465377777,2026-07-04T14:00:00.000Z
sensor.camera_e_temperatura,30.65522502933889,2026-07-04T15:00:00.000Z
sensor.camera_e_temperatura,30.848331484938885,2026-07-04T16:00:00.000Z
sensor.camera_e_temperatura,30.96684270014722,2026-07-04T17:00:00.000Z
sensor.camera_e_temperatura,31.27878629649167,2026-07-04T18:00:00.000Z
sensor.camera_e_temperatura,31.489951671769443,2026-07-04T19:00:00.000Z
sensor.camera_e_temperatura,31.21185187160833,2026-07-04T20:00:00.000Z
sensor.camera_e_temperatura,31.01133106007778,2026-07-04T21:00:00.000Z
sensor.camera_e_temperatura,30.83469970763889,2026-07-04T22:00:00.000Z
sensor.camera_e_temperatura,30.60540325655,2026-07-04T23:00:00.000Z
sensor.camera_e_temperatura,30.22767503154722,2026-07-05T00:00:00.000Z
sensor.camera_e_temperatura,29.33430963241111,2026-07-05T01:00:00.000Z
sensor.camera_e_temperatura,29.865355756041666,2026-07-05T02:00:00.000Z
sensor.camera_e_temperatura,30.04106651767222,2026-07-05T03:00:00.000Z
sensor.camera_e_temperatura,30.0173622766,2026-07-05T04:00:00.000Z
sensor.camera_e_temperatura,30.01,2026-07-05T05:00:00.000Z
sensor.camera_e_temperatura,30.01,2026-07-05T06:00:00.000Z
sensor.camera_e_temperatura,32.36529883289259,2026-07-05T17:00:00.000Z
sensor.camera_e_temperatura,32.53106389189444,2026-07-05T18:00:00.000Z
sensor.camera_e_temperatura,32.05785945647222,2026-07-05T19:00:00.000Z
sensor.camera_e_temperatura,31.622858222525,2026-07-05T20:00:00.000Z
sensor.camera_e_temperatura,31.274020283294444,2026-07-05T21:00:00.000Z
sensor.camera_e_temperatura,31.056224268349997,2026-07-05T22:00:00.000Z
sensor.camera_e_temperatura,30.862971287691668,2026-07-05T23:00:00.000Z
sensor.camera_e_temperatura,30.454155276605558,2026-07-06T00:00:00.000Z
sensor.camera_e_temperatura,30.22471453834167,2026-07-06T01:00:00.000Z
sensor.camera_e_temperatura,30.108042372766665,2026-07-06T02:00:00.000Z
sensor.camera_e_temperatura,29.973117134486113,2026-07-06T03:00:00.000Z
sensor.camera_e_temperatura,29.836374339383337,2026-07-06T04:00:00.000Z
sensor.camera_e_temperatura,29.756299481875,2026-07-06T05:00:00.000Z
sensor.camera_e_temperatura,29.702235565016668,2026-07-06T06:00:00.000Z
sensor.camera_e_temperatura,29.74298349203889,2026-07-06T07:00:00.000Z
sensor.camera_e_temperatura,29.89405912368889,2026-07-06T08:00:00.000Z
sensor.camera_e_temperatura,29.94588946723889,2026-07-06T09:00:00.000Z
sensor.camera_e_temperatura,29.98562200626111,2026-07-06T10:00:00.000Z
sensor.camera_e_temperatura,30.0605214031,2026-07-06T11:00:00.000Z
sensor.camera_e_temperatura,30.267956845405553,2026-07-06T12:00:00.000Z
sensor.camera_e_temperatura,30.466021768450002,2026-07-06T13:00:00.000Z
sensor.camera_e_temperatura,30.63359948878889,2026-07-06T14:00:00.000Z
sensor.camera_e_temperatura,30.773164809841663,2026-07-06T15:00:00.000Z
sensor.camera_e_temperatura,30.92366853775,2026-07-06T16:00:00.000Z
sensor.camera_e_temperatura,31.036022457019442,2026-07-06T17:00:00.000Z
sensor.camera_e_temperatura,31.111827365044444,2026-07-06T18:00:00.000Z
sensor.camera_e_temperatura,31.07350800173333,2026-07-06T19:00:00.000Z
sensor.camera_e_temperatura,31.000625670772223,2026-07-06T20:00:00.000Z
sensor.camera_e_temperatura,30.913024423033335,2026-07-06T21:00:00.000Z
sensor.camera_e_temperatura,30.832794820825,2026-07-06T22:00:00.000Z
sensor.camera_e_temperatura,30.689089299888888,2026-07-06T23:00:00.000Z
sensor.camera_e_temperatura,30.536594279741667,2026-07-07T00:00:00.000Z
sensor.camera_e_temperatura,30.397988862630555,2026-07-07T01:00:00.000Z
sensor.camera_e_temperatura,30.286618492897222,2026-07-07T02:00:00.000Z
sensor.camera_e_temperatura,30.18801956895,2026-07-07T03:00:00.000Z
sensor.camera_e_temperatura,30.119272734219447,2026-07-07T04:00:00.000Z
sensor.camera_e_temperatura,29.999318343688888,2026-07-07T05:00:00.000Z
sensor.camera_e_temperatura,29.921469552338888,2026-07-07T06:00:00.000Z
sensor.camera_e_temperatura,29.927622287916666,2026-07-07T07:00:00.000Z
sensor.camera_e_temperatura,29.960610107841664,2026-07-07T08:00:00.000Z
sensor.camera_e_temperatura,29.99616896313611,2026-07-07T09:00:00.000Z
sensor.camera_e_temperatura,30.061869198244448,2026-07-07T10:00:00.000Z
sensor.camera_e_temperatura,30.168335037644443,2026-07-07T11:00:00.000Z
sensor.camera_e_temperatura,30.351243577952776,2026-07-07T12:00:00.000Z
sensor.camera_e_temperatura,30.52953207158889,2026-07-07T13:00:00.000Z
sensor.camera_e_temperatura,30.734714315180554,2026-07-07T14:00:00.000Z
sensor.camera_e_temperatura,30.89100172991111,2026-07-07T15:00:00.000Z
sensor.camera_e_temperatura,30.993147683111108,2026-07-07T16:00:00.000Z
sensor.camera_e_temperatura,31.042244143558335,2026-07-07T17:00:00.000Z
sensor.camera_e_temperatura,31.040462455005557,2026-07-07T18:00:00.000Z
sensor.camera_e_temperatura,31.001577051875,2026-07-07T19:00:00.000Z
sensor.camera_e_temperatura,30.963387570708335,2026-07-07T20:00:00.000Z
sensor.camera_e_temperatura,30.917892096858335,2026-07-07T21:00:00.000Z
sensor.camera_e_temperatura,30.787739319286107,2026-07-07T22:00:00.000Z
sensor.camera_e_temperatura,30.52735068561111,2026-07-07T23:00:00.000Z
sensor.camera_e_temperatura,30.441696215025,2026-07-08T00:00:00.000Z
sensor.camera_e_temperatura,30.386990780644442,2026-07-08T01:00:00.000Z
sensor.camera_e_temperatura,30.26752328361667,2026-07-08T02:00:00.000Z
sensor.camera_e_temperatura,30.17609990011111,2026-07-08T03:00:00.000Z
sensor.camera_e_temperatura,30.135858154344444,2026-07-08T04:00:00.000Z
sensor.camera_e_temperatura,30.114011954541667,2026-07-08T05:00:00.000Z
sensor.camera_e_temperatura,30.070240503088886,2026-07-08T06:00:00.000Z
sensor.camera_e_temperatura,30.028195213758334,2026-07-08T07:00:00.000Z
sensor.camera_e_temperatura,30.00082080710278,2026-07-08T08:00:00.000Z
sensor.camera_e_temperatura,30.026347611494444,2026-07-08T09:00:00.000Z
sensor.camera_e_temperatura,30.065735239030555,2026-07-08T10:00:00.000Z
sensor.camera_e_temperatura,30.134642038625,2026-07-08T11:00:00.000Z
sensor.camera_e_temperatura,30.316593686569444,2026-07-08T12:00:00.000Z
sensor.camera_e_temperatura,30.542577114083333,2026-07-08T13:00:00.000Z
sensor.camera_e_temperatura,30.766272888577777,2026-07-08T14:00:00.000Z
sensor.camera_e_temperatura,30.934288593847224,2026-07-08T15:00:00.000Z
sensor.camera_e_temperatura,31.05089507393889,2026-07-08T16:00:00.000Z
sensor.camera_e_temperatura,31.233986356305554,2026-07-08T17:00:00.000Z
sensor.camera_e_temperatura,31.35240298758889,2026-07-08T18:00:00.000Z
sensor.camera_e_temperatura,31.32633491861111,2026-07-08T19:00:00.000Z
sensor.camera_e_temperatura,31.234415329122225,2026-07-08T20:00:00.000Z
sensor.camera_e_temperatura,31.152271673058333,2026-07-08T21:00:00.000Z
sensor.camera_e_temperatura,31.036796786463885,2026-07-08T22:00:00.000Z
sensor.camera_e_temperatura,30.83106353305278,2026-07-08T23:00:00.000Z
sensor.camera_e_temperatura,30.681449690252776,2026-07-09T00:00:00.000Z
sensor.camera_e_temperatura,30.512928635075,2026-07-09T01:00:00.000Z
sensor.camera_e_temperatura,30.445102579633332,2026-07-09T02:00:00.000Z
sensor.camera_e_temperatura,30.357873512119443,2026-07-09T03:00:00.000Z
sensor.camera_e_temperatura,30.23859065771389,2026-07-09T04:00:00.000Z
sensor.camera_e_temperatura,30.191778382169446,2026-07-09T05:00:00.000Z
sensor.camera_e_temperatura,30.136636427211112,2026-07-09T06:00:00.000Z
sensor.camera_e_temperatura,30.142452669566666,2026-07-09T07:00:00.000Z
sensor.camera_e_temperatura,30.16751899398889,2026-07-09T08:00:00.000Z
sensor.camera_e_temperatura,30.21276479376945,2026-07-09T09:00:00.000Z
sensor.camera_e_temperatura,30.27582907074722,2026-07-09T10:00:00.000Z
sensor.camera_e_temperatura,30.416959840363887,2026-07-09T11:00:00.000Z
sensor.camera_e_temperatura,30.631384629580555,2026-07-09T12:00:00.000Z
sensor.camera_e_temperatura,30.88344365149722,2026-07-09T13:00:00.000Z
sensor.camera_e_temperatura,31.067754300469446,2026-07-09T14:00:00.000Z
sensor.camera_e_temperatura,31.204634961213888,2026-07-09T15:00:00.000Z
sensor.camera_e_temperatura,31.375491552161108,2026-07-09T16:00:00.000Z
sensor.camera_e_temperatura,31.486531803844443,2026-07-09T17:00:00.000Z
sensor.camera_e_temperatura,31.61056951131667,2026-07-09T18:00:00.000Z
sensor.camera_e_temperatura,31.607097429683336,2026-07-09T19:00:00.000Z
sensor.camera_e_temperatura,31.51240068708611,2026-07-09T20:00:00.000Z
sensor.camera_e_temperatura,31.449625266472225,2026-07-09T21:00:00.000Z
sensor.camera_e_temperatura,31.28665176921389,2026-07-09T22:00:00.000Z
sensor.camera_e_temperatura,30.997134837380557,2026-07-09T23:00:00.000Z
sensor.camera_e_temperatura,30.703674309333334,2026-07-10T00:00:00.000Z
sensor.camera_e_temperatura,30.46971655475278,2026-07-10T01:00:00.000Z
sensor.camera_e_temperatura,30.285714642505557,2026-07-10T02:00:00.000Z
sensor.camera_e_temperatura,30.218244188161112,2026-07-10T03:00:00.000Z
sensor.camera_e_temperatura,30.128465199944443,2026-07-10T04:00:00.000Z
sensor.camera_e_temperatura,29.971532702580557,2026-07-10T05:00:00.000Z
sensor.camera_e_temperatura,30.024750044130556,2026-07-10T06:00:00.000Z
sensor.camera_e_temperatura,30.027488371900002,2026-07-10T07:00:00.000Z
sensor.camera_e_temperatura,30.06893150847222,2026-07-10T08:00:00.000Z
sensor.camera_e_temperatura,30.127473423513887,2026-07-10T09:00:00.000Z
sensor.camera_e_temperatura,30.218382315211112,2026-07-10T10:00:00.000Z
sensor.camera_e_temperatura,30.348155794844445,2026-07-10T11:00:00.000Z
sensor.camera_e_temperatura,30.527210672877775,2026-07-10T12:00:00.000Z
sensor.camera_e_temperatura,30.79898821826667,2026-07-10T13:00:00.000Z
sensor.camera_e_temperatura,30.998880948116664,2026-07-10T14:00:00.000Z
sensor.camera_e_temperatura,31.266259260902775,2026-07-10T15:00:00.000Z
sensor.camera_e_temperatura,31.49133279258611,2026-07-10T16:00:00.000Z
sensor.camera_e_temperatura,31.563901700175,2026-07-10T17:00:00.000Z
sensor.camera_e_temperatura,31.56116027443889,2026-07-10T18:00:00.000Z
sensor.camera_e_temperatura,31.42659500138889,2026-07-10T19:00:00.000Z
sensor.camera_e_temperatura,31.063728221394445,2026-07-10T20:00:00.000Z
sensor.camera_e_temperatura,30.971665566691666,2026-07-10T21:00:00.000Z
sensor.camera_e_temperatura,30.981677103652775,2026-07-10T22:00:00.000Z
sensor.camera_e_temperatura,30.844373302097225,2026-07-10T23:00:00.000Z
sensor.camera_e_temperatura,30.770511071266668,2026-07-11T00:00:00.000Z
sensor.camera_e_temperatura,30.70939300576111,2026-07-11T01:00:00.000Z
sensor.camera_e_temperatura,30.595847533658333,2026-07-11T02:00:00.000Z
sensor.camera_e_temperatura,30.438971641266665,2026-07-11T03:00:00.000Z
sensor.camera_e_temperatura,30.292736227208334,2026-07-11T04:00:00.000Z
sensor.camera_e_temperatura,30.080820060449998,2026-07-11T05:00:00.000Z
sensor.camera_e_temperatura,30.01852220034722,2026-07-11T06:00:00.000Z
sensor.camera_e_temperatura,30.144857889791666,2026-07-11T07:00:00.000Z
sensor.camera_e_temperatura,30.250620054600002,2026-07-11T08:00:00.000Z
sensor.camera_e_temperatura,30.34792038705,2026-07-11T09:00:00.000Z
sensor.camera_e_temperatura,30.456661818166666,2026-07-11T10:00:00.000Z
sensor.camera_e_temperatura,30.552590472172223,2026-07-11T11:00:00.000Z
sensor.camera_e_temperatura,30.780560563730557,2026-07-11T12:00:00.000Z
sensor.camera_e_temperatura,31.289148423386113,2026-07-11T13:00:00.000Z
sensor.camera_e_temperatura,31.683585959866665,2026-07-11T14:00:00.000Z
sensor.camera_e_temperatura,31.979715302672222,2026-07-11T15:00:00.000Z
sensor.camera_e_temperatura,32.37622468423333,2026-07-11T16:00:00.000Z
sensor.camera_e_temperatura,32.78159882655833,2026-07-11T17:00:00.000Z
sensor.camera_e_temperatura,32.57053571223056,2026-07-11T18:00:00.000Z
sensor.camera_e_temperatura,32.009683664791666,2026-07-11T19:00:00.000Z
sensor.camera_e_temperatura,31.794346733158335,2026-07-11T20:00:00.000Z
sensor.camera_e_temperatura,31.53900404302222,2026-07-11T21:00:00.000Z
sensor.camera_e_temperatura,30.962250237130558,2026-07-11T22:00:00.000Z
sensor.camera_e_temperatura,30.306344832580553,2026-07-11T23:00:00.000Z
sensor.camera_e_temperatura,30.482628642677778,2026-07-12T00:00:00.000Z
sensor.camera_e_temperatura,30.08366397591389,2026-07-12T01:00:00.000Z
sensor.camera_e_temperatura,29.904252002613887,2026-07-12T02:00:00.000Z
sensor.camera_e_temperatura,29.86567292247778,2026-07-12T03:00:00.000Z
sensor.camera_e_temperatura,29.79040387969444,2026-07-12T04:00:00.000Z
sensor.camera_e_temperatura,29.738474214855557,2026-07-12T05:00:00.000Z
sensor.camera_e_temperatura,29.59042897578611,2026-07-12T06:00:00.000Z
sensor.camera_e_temperatura,29.538715230050002,2026-07-12T07:00:00.000Z
sensor.camera_e_temperatura,29.6970357542,2026-07-12T08:00:00.000Z
sensor.camera_e_temperatura,29.836975190533334,2026-07-12T09:00:00.000Z
sensor.camera_e_temperatura,29.8232511989,2026-07-12T10:00:00.000Z
sensor.camera_e_temperatura,29.943026007530552,2026-07-12T11:00:00.000Z
sensor.camera_e_temperatura,30.203057351794445,2026-07-12T12:00:00.000Z
sensor.camera_e_temperatura,30.491474356277777,2026-07-12T13:00:00.000Z
sensor.camera_e_temperatura,30.81913441305278,2026-07-12T14:00:00.000Z
sensor.camera_e_temperatura,31.051528878124998,2026-07-12T15:00:00.000Z
sensor.camera_e_temperatura,31.275389655888887,2026-07-12T16:00:00.000Z
sensor.camera_e_temperatura,31.471580070844443,2026-07-12T17:00:00.000Z
sensor.camera_e_temperatura,31.526869913122223,2026-07-12T18:00:00.000Z
sensor.camera_e_temperatura,31.44951153618889,2026-07-12T19:00:00.000Z
sensor.camera_e_temperatura,31.300799707530558,2026-07-12T20:00:00.000Z
sensor.camera_e_temperatura,30.588852727133332,2026-07-12T21:00:00.000Z
sensor.camera_e_temperatura,30.45444923246389,2026-07-12T22:00:00.000Z
sensor.camera_e_temperatura,30.59940926029722,2026-07-12T23:00:00.000Z
sensor.camera_e_temperatura,30.635399038747224,2026-07-13T00:00:00.000Z
sensor.camera_e_temperatura,30.558887174658334,2026-07-13T01:00:00.000Z
sensor.camera_e_temperatura,30.539046941519445,2026-07-13T02:00:00.000Z
sensor.camera_e_temperatura,30.463882094625003,2026-07-13T03:00:00.000Z
sensor.camera_e_temperatura,30.374945935319445,2026-07-13T04:00:00.000Z
sensor.camera_e_temperatura,30.30994841626389,2026-07-13T05:00:00.000Z
sensor.camera_e_temperatura,30.275372478625002,2026-07-13T06:00:00.000Z
sensor.camera_e_temperatura,30.283355632961115,2026-07-13T07:00:00.000Z
sensor.camera_e_temperatura,30.233069178505556,2026-07-13T08:00:00.000Z
sensor.camera_e_temperatura,30.079471407536108,2026-07-13T09:00:00.000Z
sensor.camera_e_temperatura,30.09755618976111,2026-07-13T10:00:00.000Z
sensor.camera_e_temperatura,30.08306987690278,2026-07-13T11:00:00.000Z
sensor.camera_e_temperatura,30.050209438369446,2026-07-13T12:00:00.000Z
sensor.camera_e_temperatura,30.046150145644447,2026-07-13T13:00:00.000Z
sensor.camera_e_temperatura,30.200274730058336,2026-07-13T14:00:00.000Z
sensor.camera_e_temperatura,30.757357773491666,2026-07-13T15:00:00.000Z
sensor.camera_e_temperatura,30.996602860494445,2026-07-13T16:00:00.000Z
sensor.camera_e_temperatura,31.023223943377776,2026-07-13T17:00:00.000Z
sensor.camera_e_temperatura,30.987019160166668,2026-07-13T18:00:00.000Z
sensor.camera_e_temperatura,30.96204174751389,2026-07-13T19:00:00.000Z
sensor.camera_e_temperatura,30.42920459840556,2026-07-13T20:00:00.000Z
sensor.camera_e_temperatura,29.86621805591389,2026-07-13T21:00:00.000Z
sensor.camera_e_temperatura,29.591576751208333,2026-07-13T22:00:00.000Z
sensor.camera_e_temperatura,29.399369961080556,2026-07-13T23:00:00.000Z
sensor.camera_e_temperatura,29.38066005738889,2026-07-14T00:00:00.000Z
sensor.camera_e_temperatura,29.37591817487778,2026-07-14T01:00:00.000Z
sensor.camera_e_temperatura,29.344447966391666,2026-07-14T02:00:00.000Z
sensor.camera_e_temperatura,29.366802464769446,2026-07-14T03:00:00.000Z
sensor.camera_e_temperatura,29.408534364005558,2026-07-14T04:00:00.000Z
sensor.camera_e_temperatura,29.437587823416667,2026-07-14T05:00:00.000Z
sensor.camera_e_temperatura,29.381601247600003,2026-07-14T06:00:00.000Z
sensor.camera_e_temperatura,28.886959390280555,2026-07-14T07:00:00.000Z
sensor.camera_e_temperatura,28.740766892125,2026-07-14T08:00:00.000Z
sensor.camera_e_temperatura,28.747024248944445,2026-07-14T09:00:00.000Z
sensor.camera_e_temperatura,28.637342934133333,2026-07-14T10:00:00.000Z
sensor.camera_e_temperatura,28.705228758708333,2026-07-14T11:00:00.000Z
sensor.camera_e_temperatura,28.949419360552778,2026-07-14T12:00:00.000Z
sensor.camera_e_temperatura,29.07019773735,2026-07-14T13:00:00.000Z
sensor.camera_e_temperatura,29.219714026413886,2026-07-14T14:00:00.000Z
sensor.camera_e_temperatura,29.3632368375,2026-07-14T15:00:00.000Z
sensor.camera_e_temperatura,29.429963071725,2026-07-14T16:00:00.000Z
sensor.camera_e_temperatura,29.49167973121389,2026-07-14T17:00:00.000Z
sensor.camera_e_temperatura,29.544540863555554,2026-07-14T18:00:00.000Z
sensor.camera_e_temperatura,29.54095226672222,2026-07-14T19:00:00.000Z
sensor.camera_e_temperatura,29.446586095730556,2026-07-14T20:00:00.000Z
sensor.camera_e_temperatura,29.305465804494446,2026-07-14T21:00:00.000Z
sensor.camera_e_temperatura,29.725851905938892,2026-07-14T22:00:00.000Z
sensor.camera_e_temperatura,29.93847917238611,2026-07-14T23:00:00.000Z
sensor.camera_e_temperatura,29.954131103527775,2026-07-15T00:00:00.000Z
sensor.camera_e_temperatura,29.93847773528889,2026-07-15T01:00:00.000Z
sensor.camera_e_temperatura,29.869728595522222,2026-07-15T02:00:00.000Z
sensor.camera_e_temperatura,29.896835764766667,2026-07-15T03:00:00.000Z
sensor.camera_e_temperatura,29.882966339480557,2026-07-15T04:00:00.000Z
sensor.camera_e_temperatura,29.858066157186112,2026-07-15T05:00:00.000Z
sensor.camera_e_temperatura,29.85341142157778,2026-07-15T06:00:00.000Z
sensor.camera_e_temperatura,29.879072491991668,2026-07-15T07:00:00.000Z
sensor.camera_e_temperatura,29.92267024102222,2026-07-15T08:00:00.000Z
sensor.camera_e_temperatura,29.96510775378889,2026-07-15T09:00:00.000Z
sensor.camera_e_temperatura,30.04361548403611,2026-07-15T10:00:00.000Z
sensor.camera_e_temperatura,30.240078862900003,2026-07-15T11:00:00.000Z
sensor.camera_e_temperatura,30.461306901561112,2026-07-15T12:00:00.000Z
sensor.camera_e_temperatura,30.733869717991666,2026-07-15T13:00:00.000Z
sensor.camera_e_temperatura,31.007114153805556,2026-07-15T14:00:00.000Z
sensor.camera_e_temperatura,31.056577642672224,2026-07-15T15:00:00.000Z
sensor.camera_e_temperatura,31.07118235626389,2026-07-15T16:00:00.000Z
sensor.camera_e_temperatura,31.089505592769445,2026-07-15T17:00:00.000Z
sensor.camera_e_temperatura,31.078667526744443,2026-07-15T18:00:00.000Z
sensor.camera_e_temperatura,31.00511768982778,2026-07-15T19:00:00.000Z
sensor.camera_e_temperatura,30.969852911466663,2026-07-15T20:00:00.000Z
sensor.camera_e_temperatura,30.916493157136113,2026-07-15T21:00:00.000Z
sensor.camera_e_temperatura,30.81656380338889,2026-07-15T22:00:00.000Z
sensor.camera_e_temperatura,30.681773381741664,2026-07-15T23:00:00.000Z
sensor.camera_e_temperatura,30.566895570594443,2026-07-16T00:00:00.000Z
sensor.camera_e_temperatura,30.528201935411108,2026-07-16T01:00:00.000Z
sensor.camera_e_temperatura,30.467010592477777,2026-07-16T02:00:00.000Z
sensor.camera_e_temperatura,30.414283177830555,2026-07-16T03:00:00.000Z
sensor.camera_e_temperatura,30.294390821005553,2026-07-16T04:00:00.000Z
sensor.camera_e_temperatura,30.17108676318611,2026-07-16T05:00:00.000Z
sensor.camera_e_temperatura,30.066400002313888,2026-07-16T06:00:00.000Z
sensor.camera_e_temperatura,29.97341859209722,2026-07-16T07:00:00.000Z
sensor.camera_e_temperatura,29.958444797752776,2026-07-16T08:00:00.000Z
sensor.camera_e_temperatura,29.97,2026-07-16T09:00:00.000Z
sensor.camera_e_temperatura,30.100000000000005,2026-07-16T10:00:00.000Z
sensor.camera_e_temperatura,30.176861753944447,2026-07-16T11:00:00.000Z
sensor.camera_e_temperatura,30.411377484588886,2026-07-16T12:00:00.000Z
sensor.camera_e_temperatura,30.649478874511107,2026-07-16T13:00:00.000Z
sensor.camera_e_temperatura,30.917220324177777,2026-07-16T14:00:00.000Z
sensor.camera_e_temperatura,31.04715005800833,2026-07-16T15:00:00.000Z
sensor.camera_e_temperatura,31.095252147975,2026-07-16T16:00:00.000Z
sensor.camera_e_temperatura,31.212448174102775,2026-07-16T17:00:00.000Z
sensor.camera_e_temperatura,31.271206597747224,2026-07-16T18:00:00.000Z
sensor.camera_e_temperatura,31.25346223162778,2026-07-16T19:00:00.000Z
sensor.camera_e_temperatura,31.207017207866667,2026-07-16T20:00:00.000Z
sensor.camera_e_temperatura,31.124142103352778,2026-07-16T21:00:00.000Z
sensor.camera_e_temperatura,31.048491638544444,2026-07-16T22:00:00.000Z
sensor.camera_e_temperatura,30.979997672030553,2026-07-16T23:00:00.000Z
sensor.camera_e_temperatura,30.77257346296111,2026-07-17T00:00:00.000Z
sensor.camera_e_temperatura,30.742919356558332,2026-07-17T01:00:00.000Z
sensor.camera_e_temperatura,30.665786270983332,2026-07-17T02:00:00.000Z
sensor.camera_e_temperatura,30.532800631511112,2026-07-17T03:00:00.000Z
sensor.camera_e_temperatura,30.122666758930553,2026-07-17T04:00:00.000Z
sensor.camera_e_temperatura,29.01161965705,2026-07-17T05:00:00.000Z
sensor.camera_e_temperatura,29.014075802816667,2026-07-17T06:00:00.000Z
sensor.camera_e_temperatura,29.20371032236389,2026-07-17T07:00:00.000Z
sensor.camera_e_temperatura,29.410331799269443,2026-07-17T08:00:00.000Z
sensor.camera_e_temperatura,29.29361297823333,2026-07-17T09:00:00.000Z
sensor.camera_e_temperatura,29.317852680069446,2026-07-17T10:00:00.000Z
sensor.camera_e_temperatura,29.414806168116666,2026-07-17T11:00:00.000Z
sensor.camera_e_temperatura,29.732213997327776,2026-07-17T12:00:00.000Z
sensor.camera_e_temperatura,30.08237149173333,2026-07-17T13:00:00.000Z
sensor.camera_e_temperatura,30.534970648819442,2026-07-17T14:00:00.000Z
sensor.camera_e_temperatura,30.791324496338888,2026-07-17T15:00:00.000Z
sensor.camera_e_temperatura,31.06554717806111,2026-07-17T16:00:00.000Z
sensor.camera_e_temperatura,31.212783667533333,2026-07-17T17:00:00.000Z
sensor.camera_e_temperatura,31.27439918581389,2026-07-17T18:00:00.000Z
sensor.camera_e_temperatura,31.175505420975,2026-07-17T19:00:00.000Z
sensor.camera_e_temperatura,30.959351031988888,2026-07-17T20:00:00.000Z
sensor.camera_e_temperatura,30.798339933349997,2026-07-17T21:00:00.000Z
sensor.camera_e_temperatura,30.65056459516389,2026-07-17T22:00:00.000Z
sensor.camera_e_temperatura,30.480241909775,2026-07-17T23:00:00.000Z
sensor.camera_e_temperatura,30.50234072273889,2026-07-18T00:00:00.000Z
sensor.camera_e_temperatura,30.43647117258611,2026-07-18T01:00:00.000Z
sensor.camera_e_temperatura,30.337689340875,2026-07-18T02:00:00.000Z
sensor.camera_e_temperatura,30.279914891266667,2026-07-18T03:00:00.000Z
sensor.camera_e_temperatura,30.138917847111113,2026-07-18T04:00:00.000Z
sensor.camera_e_temperatura,29.851449389141667,2026-07-18T05:00:00.000Z
sensor.camera_e_temperatura,29.85338593309722,2026-07-18T06:00:00.000Z
sensor.camera_e_temperatura,29.878022751297223,2026-07-18T07:00:00.000Z
sensor.camera_e_temperatura,29.94588296298056,2026-07-18T08:00:00.000Z
sensor.camera_e_temperatura,30.035655262286113,2026-07-18T09:00:00.000Z
sensor.camera_e_temperatura,30.138495976650002,2026-07-18T10:00:00.000Z
sensor.camera_e_temperatura,30.3130531889,2026-07-18T11:00:00.000Z
sensor.camera_e_temperatura,30.62232341715833,2026-07-18T12:00:00.000Z
sensor.camera_e_temperatura,30.991970590452777,2026-07-18T13:00:00.000Z
sensor.camera_e_temperatura,31.368037491494444,2026-07-18T14:00:00.000Z
sensor.camera_e_temperatura,31.53189330535,2026-07-18T15:00:00.000Z
sensor.camera_e_temperatura,31.958110539216666,2026-07-18T16:00:00.000Z
sensor.camera_e_temperatura,31.95300252115278,2026-07-18T17:00:00.000Z
sensor.camera_e_temperatura,31.952593725152777,2026-07-18T18:00:00.000Z
sensor.camera_e_temperatura,31.784428946580558,2026-07-18T19:00:00.000Z
sensor.camera_e_temperatura,31.638421694102778,2026-07-18T20:00:00.000Z
sensor.camera_e_temperatura,31.50388864821667,2026-07-18T21:00:00.000Z
sensor.camera_e_temperatura,31.395888036375,2026-07-18T22:00:00.000Z
sensor.camera_e_temperatura,31.068962651891667,2026-07-18T23:00:00.000Z
sensor.camera_e_temperatura,30.70142458519722,2026-07-19T00:00:00.000Z
sensor.camera_e_temperatura,30.398029777397223,2026-07-19T01:00:00.000Z
sensor.camera_e_temperatura,30.250527451480554,2026-07-19T02:00:00.000Z
sensor.camera_e_temperatura,30.070728211352776,2026-07-19T03:00:00.000Z
sensor.camera_e_temperatura,30.126125334394445,2026-07-19T04:00:00.000Z
sensor.camera_e_temperatura,30.124023540591665,2026-07-19T05:00:00.000Z
sensor.camera_e_temperatura,30.07356448872778,2026-07-19T06:00:00.000Z
sensor.camera_e_temperatura,30.05514896709722,2026-07-19T07:00:00.000Z
sensor.camera_e_temperatura,29.98962139022778,2026-07-19T08:00:00.000Z
sensor.camera_e_temperatura,29.97276130265278,2026-07-19T09:00:00.000Z
sensor.camera_e_temperatura,29.958782182780556,2026-07-19T10:00:00.000Z
sensor.camera_e_temperatura,30.05241458570556,2026-07-19T11:00:00.000Z
sensor.camera_e_temperatura,30.249422376130557,2026-07-19T12:00:00.000Z
sensor.camera_e_temperatura,30.48491404512222,2026-07-19T13:00:00.000Z
sensor.camera_e_temperatura,30.746828890602774,2026-07-19T14:00:00.000Z
sensor.camera_e_temperatura,30.96387140365,2026-07-19T15:00:00.000Z
sensor.camera_e_temperatura,31.131357716613888,2026-07-19T16:00:00.000Z
sensor.camera_e_temperatura,31.39506893173056,2026-07-19T17:00:00.000Z
sensor.camera_e_temperatura,31.45935553840278,2026-07-19T18:00:00.000Z
sensor.camera_e_temperatura,31.385050742422223,2026-07-19T19:00:00.000Z
sensor.camera_e_temperatura,31.233317420205555,2026-07-19T20:00:00.000Z
sensor.camera_e_temperatura,30.848832715847223,2026-07-19T21:00:00.000Z
sensor.camera_e_temperatura,28.434483290891666,2026-07-19T22:00:00.000Z
sensor.camera_e_temperatura,27.30654213162778,2026-07-19T23:00:00.000Z
sensor.camera_e_temperatura,26.660066611461108,2026-07-20T00:00:00.000Z
sensor.camera_e_temperatura,26.34565301983611,2026-07-20T01:00:00.000Z
sensor.camera_e_temperatura,25.927593955966667,2026-07-20T02:00:00.000Z
sensor.camera_e_temperatura,27.22503854706389,2026-07-20T03:00:00.000Z
sensor.camera_e_temperatura,28.06901463723889,2026-07-20T04:00:00.000Z
sensor.camera_e_temperatura,28.450551988030554,2026-07-20T05:00:00.000Z
sensor.camera_e_temperatura,28.557635587308337,2026-07-20T06:00:00.000Z
sensor.camera_e_temperatura,28.726537914883334,2026-07-20T07:00:00.000Z
sensor.camera_e_temperatura,28.884463893358333,2026-07-20T08:00:00.000Z
sensor.camera_e_temperatura,29.007186560130553,2026-07-20T09:00:00.000Z
sensor.camera_e_temperatura,29.11844127367222,2026-07-20T10:00:00.000Z
sensor.camera_e_temperatura,29.264063427011113,2026-07-20T11:00:00.000Z
sensor.camera_e_temperatura,29.473664538125004,2026-07-20T12:00:00.000Z
sensor.camera_e_temperatura,29.695544674205554,2026-07-20T13:00:00.000Z
sensor.camera_e_temperatura,29.91743368416111,2026-07-20T14:00:00.000Z
sensor.camera_e_temperatura,30.115215081597224,2026-07-20T15:00:00.000Z
sensor.camera_e_temperatura,30.304099916205555,2026-07-20T16:00:00.000Z
sensor.camera_e_temperatura,30.47148469742778,2026-07-20T17:00:00.000Z
sensor.camera_e_temperatura,30.592158980422223,2026-07-20T18:00:00.000Z
sensor.camera_e_temperatura,30.579523761586113,2026-07-20T19:00:00.000Z
sensor.camera_e_temperatura,30.496001421133332,2026-07-20T20:00:00.000Z
sensor.camera_e_temperatura,30.459179220355555,2026-07-20T21:00:00.000Z
sensor.camera_e_temperatura,30.26183142765278,2026-07-20T22:00:00.000Z
sensor.camera_e_temperatura,29.984875627794448,2026-07-20T23:00:00.000Z
sensor.camera_e_temperatura,29.869863986244443,2026-07-21T00:00:00.000Z
sensor.camera_e_temperatura,29.887485427530553,2026-07-21T01:00:00.000Z
sensor.camera_e_temperatura,29.805384008927778,2026-07-21T02:00:00.000Z
sensor.camera_e_temperatura,29.65033913162222,2026-07-21T03:00:00.000Z
sensor.camera_e_temperatura,29.47097408506667,2026-07-21T04:00:00.000Z
sensor.camera_e_temperatura,29.396833774936113,2026-07-21T05:00:00.000Z
sensor.camera_e_temperatura,29.43839082616111,2026-07-21T06:00:00.000Z
sensor.camera_e_temperatura,29.467033096422224,2026-07-21T07:00:00.000Z
sensor.camera_e_temperatura,29.489425001111112,2026-07-21T08:00:00.000Z
sensor.camera_e_temperatura,29.520277041883332,2026-07-21T09:00:00.000Z
sensor.camera_e_temperatura,29.560008704133335,2026-07-21T10:00:00.000Z
sensor.camera_e_temperatura,29.6591606214,2026-07-21T11:00:00.000Z
sensor.camera_e_temperatura,29.803231169005556,2026-07-21T12:00:00.000Z
sensor.camera_e_temperatura,29.98126496713611,2026-07-21T13:00:00.000Z
sensor.camera_e_temperatura,30.16547223275556,2026-07-21T14:00:00.000Z
sensor.camera_e_temperatura,30.339371966108335,2026-07-21T15:00:00.000Z
sensor.camera_e_temperatura,30.464140688227776,2026-07-21T16:00:00.000Z
sensor.camera_e_temperatura,30.56272542489444,2026-07-21T17:00:00.000Z
sensor.camera_e_temperatura,30.63589243729167,2026-07-21T18:00:00.000Z
sensor.camera_e_temperatura,30.544768099288888,2026-07-21T19:00:00.000Z
sensor.camera_e_temperatura,30.360360840922223,2026-07-21T20:00:00.000Z
sensor.camera_e_temperatura,30.182575846733332,2026-07-21T21:00:00.000Z
sensor.camera_e_temperatura,29.960176268724997,2026-07-21T22:00:00.000Z
sensor.camera_e_temperatura,29.777228270919448,2026-07-21T23:00:00.000Z
sensor.camera_e_temperatura,29.66559743148611,2026-07-22T00:00:00.000Z
sensor.camera_e_temperatura,29.44743047807222,2026-07-22T01:00:00.000Z
sensor.camera_e_temperatura,29.278120525416668,2026-07-22T02:00:00.000Z
sensor.camera_e_temperatura,29.1597123538,2026-07-22T03:00:00.000Z
sensor.camera_e_temperatura,28.969855102033332,2026-07-22T04:00:00.000Z
sensor.camera_e_temperatura,28.874565922352776,2026-07-22T05:00:00.000Z
sensor.camera_e_temperatura,28.849611519341668,2026-07-22T06:00:00.000Z
sensor.camera_e_temperatura,28.89572374138611,2026-07-22T07:00:00.000Z
sensor.camera_e_temperatura,28.951968622736114,2026-07-22T08:00:00.000Z
sensor.camera_e_temperatura,28.999140307305556,2026-07-22T09:00:00.000Z
sensor.camera_e_temperatura,29.030618440133335,2026-07-22T10:00:00.000Z
sensor.camera_e_temperatura,29.090261900066665,2026-07-22T11:00:00.000Z
sensor.camera_e_temperatura,29.261945787247225,2026-07-22T12:00:00.000Z
sensor.camera_e_temperatura,29.442265510200002,2026-07-22T13:00:00.000Z
sensor.camera_e_temperatura,29.59616356403889,2026-07-22T14:00:00.000Z
sensor.camera_e_temperatura,29.765905843672225,2026-07-22T15:00:00.000Z
sensor.camera_e_temperatura,29.880503367355555,2026-07-22T16:00:00.000Z
sensor.camera_e_temperatura,29.98739921858889,2026-07-22T17:00:00.000Z
sensor.camera_e_temperatura,30.05119134439167,2026-07-22T18:00:00.000Z
sensor.camera_e_temperatura,30.017266235719443,2026-07-22T19:00:00.000Z
sensor.camera_e_temperatura,29.92032043193889,2026-07-22T20:00:00.000Z
sensor.camera_e_temperatura,29.72679959118889,2026-07-22T21:00:00.000Z
sensor.camera_e_temperatura,29.588733976572225,2026-07-22T22:00:00.000Z
sensor.camera_e_temperatura,29.28083917261944,2026-07-22T23:00:00.000Z
sensor.camera_e_temperatura,29.15017416508611,2026-07-23T00:00:00.000Z
sensor.camera_e_temperatura,29.055326911344448,2026-07-23T01:00:00.000Z
sensor.camera_e_temperatura,28.99929934174722,2026-07-23T02:00:00.000Z
sensor.camera_e_temperatura,28.934377672547225,2026-07-23T03:00:00.000Z
sensor.camera_e_temperatura,28.78096959403611,2026-07-23T04:00:00.000Z
sensor.camera_e_temperatura,28.654959729108338,2026-07-23T05:00:00.000Z
sensor.camera_e_temperatura,28.55302149896111,2026-07-23T06:00:00.000Z
sensor.camera_e_temperatura,28.58335305856667,2026-07-23T07:00:00.000Z
sensor.camera_e_temperatura,28.522893509586112,2026-07-23T08:00:00.000Z
sensor.camera_e_temperatura,28.503414504830555,2026-07-23T09:00:00.000Z
sensor.camera_e_temperatura,28.63420915121111,2026-07-23T10:00:00.000Z
sensor.camera_e_temperatura,28.811736834441664,2026-07-23T11:00:00.000Z
sensor.camera_e_temperatura,28.962136306677777,2026-07-23T12:00:00.000Z
sensor.camera_e_temperatura,29.103129019105555,2026-07-23T13:00:00.000Z
sensor.camera_e_temperatura,29.299167227144448,2026-07-23T14:00:00.000Z
sensor.camera_e_temperatura,29.492839586497222,2026-07-23T15:00:00.000Z
sensor.camera_e_temperatura,29.614025654777777,2026-07-23T16:00:00.000Z
sensor.camera_e_temperatura,29.75908548195,2026-07-23T17:00:00.000Z
sensor.camera_e_temperatura,29.81914645968611,2026-07-23T18:00:00.000Z
sensor.camera_e_temperatura,29.79272878816111,2026-07-23T19:00:00.000Z
sensor.camera_e_temperatura,29.650841774922224,2026-07-23T20:00:00.000Z
sensor.camera_e_temperatura,29.493996231519443,2026-07-23T21:00:00.000Z
sensor.camera_e_temperatura,29.340625493161113,2026-07-23T22:00:00.000Z
sensor.camera_e_temperatura,29.1258887356,2026-07-23T23:00:00.000Z
sensor.camera_e_temperatura,28.89568290866111,2026-07-24T00:00:00.000Z
sensor.camera_e_temperatura,28.62298208058333,2026-07-24T01:00:00.000Z
sensor.camera_e_temperatura,28.452921746441664,2026-07-24T02:00:00.000Z
sensor.camera_e_temperatura,28.099673719600002,2026-07-24T03:00:00.000Z
sensor.camera_e_temperatura,28.034534312852774,2026-07-24T04:00:00.000Z
sensor.camera_e_temperatura,27.95446654738889,2026-07-24T05:00:00.000Z
sensor.camera_e_temperatura,27.923289079905555,2026-07-24T06:00:00.000Z
sensor.camera_e_temperatura,28.017535149080558,2026-07-24T07:00:00.000Z
sensor.camera_e_temperatura,28.016001019158335,2026-07-24T08:00:00.000Z
sensor.camera_e_temperatura,28.14353582428056,2026-07-24T09:00:00.000Z
sensor.camera_e_temperatura,28.221392000594445,2026-07-24T10:00:00.000Z
sensor.camera_e_temperatura,28.356167695302776,2026-07-24T11:00:00.000Z
sensor.camera_e_temperatura,28.48390102978611,2026-07-24T12:00:00.000Z
sensor.camera_e_temperatura,28.682803471527777,2026-07-24T13:00:00.000Z
sensor.camera_e_temperatura,28.880193967780556,2026-07-24T14:00:00.000Z
sensor.camera_e_temperatura,29.029530974819448,2026-07-24T15:00:00.000Z
sensor.camera_e_temperatura,29.26773075378611,2026-07-24T16:00:00.000Z
sensor.camera_e_temperatura,29.480818330341666,2026-07-24T17:00:00.000Z
sensor.camera_e_temperatura,29.623821685725,2026-07-24T18:00:00.000Z
sensor.camera_e_temperatura,29.54772577491111,2026-07-24T19:00:00.000Z
sensor.camera_e_temperatura,29.407114896930555,2026-07-24T20:00:00.000Z
sensor.camera_e_temperatura,29.217088270866668,2026-07-24T21:00:00.000Z
sensor.camera_e_temperatura,29.01885966113611,2026-07-24T22:00:00.000Z
sensor.camera_e_temperatura,28.756153504858332,2026-07-24T23:00:00.000Z
sensor.camera_e_temperatura,28.491229448608333,2026-07-25T00:00:00.000Z
sensor.camera_e_temperatura,28.40979785542778,2026-07-25T01:00:00.000Z
sensor.camera_e_temperatura,28.24682883525833,2026-07-25T02:00:00.000Z
sensor.camera_e_temperatura,28.17600578593333,2026-07-25T03:00:00.000Z
sensor.camera_e_temperatura,28.086974182972224,2026-07-25T04:00:00.000Z
sensor.camera_e_temperatura,28.026037533283333,2026-07-25T05:00:00.000Z
sensor.camera_e_temperatura,27.97247766982778,2026-07-25T06:00:00.000Z
sensor.camera_e_temperatura,27.972512263694444,2026-07-25T07:00:00.000Z
sensor.camera_e_temperatura,27.942824657686113,2026-07-25T08:00:00.000Z
sensor.camera_e_temperatura,27.93719190268611,2026-07-25T09:00:00.000Z
sensor.camera_e_temperatura,27.94977364196667,2026-07-25T10:00:00.000Z
sensor.camera_e_temperatura,28.024796034047224,2026-07-25T11:00:00.000Z
sensor.camera_e_temperatura,28.220555317980555,2026-07-25T12:00:00.000Z
sensor.camera_e_temperatura,28.45115598785,2026-07-25T13:00:00.000Z
sensor.camera_e_temperatura,28.690074434483336,2026-07-25T14:00:00.000Z
sensor.camera_e_temperatura,28.9058501464,2026-07-25T15:00:00.000Z
sensor.camera_e_temperatura,28.98666790293889,2026-07-25T16:00:00.000Z
sensor.camera_e_temperatura,29.046719932777776,2026-07-25T17:00:00.000Z
sensor.camera_e_temperatura,29.12651220276111,2026-07-25T18:00:00.000Z
sensor.camera_e_temperatura,29.063258054077778,2026-07-25T19:00:00.000Z
sensor.camera_e_temperatura,28.99700309359167,2026-07-25T20:00:00.000Z
sensor.camera_e_temperatura,28.95804990005,2026-07-25T21:00:00.000Z
sensor.camera_e_temperatura,28.871402814397225,2026-07-25T22:00:00.000Z
sensor.camera_e_temperatura,28.745571944916666,2026-07-25T23:00:00.000Z
sensor.camera_e_temperatura,28.50254581956111,2026-07-26T00:00:00.000Z
sensor.camera_e_temperatura,28.34213096843611,2026-07-26T01:00:00.000Z
sensor.camera_e_temperatura,28.29529459736389,2026-07-26T02:00:00.000Z
sensor.camera_e_temperatura,28.221183101866668,2026-07-26T03:00:00.000Z
sensor.camera_e_temperatura,28.10456774708889,2026-07-26T04:00:00.000Z
sensor.camera_e_temperatura,28.076040052205556,2026-07-26T05:00:00.000Z
sensor.camera_e_temperatura,27.988593771291665,2026-07-26T06:00:00.000Z
sensor.camera_e_temperatura,27.99240863083889,2026-07-26T07:00:00.000Z
sensor.camera_e_temperatura,28.00405100737778,2026-07-26T08:00:00.000Z
sensor.camera_e_temperatura,28.060268195816665,2026-07-26T09:00:00.000Z
sensor.camera_e_temperatura,28.119875856680554,2026-07-26T10:00:00.000Z
sensor.camera_e_temperatura,28.280346360366668,2026-07-26T11:00:00.000Z
sensor.camera_e_temperatura,28.529875309858337,2026-07-26T12:00:00.000Z
sensor.camera_e_temperatura,28.794741350638887,2026-07-26T13:00:00.000Z
sensor.camera_e_temperatura,29.008814025786112,2026-07-26T14:00:00.000Z
sensor.camera_e_temperatura,29.409350116105557,2026-07-26T15:00:00.000Z
sensor.camera_e_temperatura,29.706283658530555,2026-07-26T16:00:00.000Z
sensor.camera_e_temperatura,29.896800280836114,2026-07-26T17:00:00.000Z
sensor.camera_e_temperatura,29.668820702711113,2026-07-26T18:00:00.000Z
sensor.camera_e_temperatura,29.50247481975555,2026-07-26T19:00:00.000Z
sensor.camera_e_temperatura,29.36109583346111,2026-07-26T20:00:00.000Z
sensor.camera_e_temperatura,29.191616093255558,2026-07-26T21:00:00.000Z
sensor.camera_e_temperatura,29.016521718663892,2026-07-26T22:00:00.000Z
sensor.camera_e_temperatura,28.90702299025278,2026-07-26T23:00:00.000Z
sensor.camera_e_temperatura,28.800882526241665,2026-07-27T00:00:00.000Z
sensor.camera_e_temperatura,28.623475904405556,2026-07-27T01:00:00.000Z
sensor.camera_e_temperatura,28.50442332846111,2026-07-27T02:00:00.000Z
sensor.camera_e_temperatura,28.39563248368611,2026-07-27T03:00:00.000Z
sensor.camera_e_temperatura,28.290060708819443,2026-07-27T04:00:00.000Z
sensor.camera_e_temperatura,28.150197738144442,2026-07-27T05:00:00.000Z
sensor.camera_e_temperatura,28.062442446025,2026-07-27T06:00:00.000Z
sensor.camera_e_temperatura,28.075471400852777,2026-07-27T07:00:00.000Z
sensor.camera_e_temperatura,27.988771516416666,2026-07-27T08:00:00.000Z
sensor.camera_e_temperatura,28.091211307194442,2026-07-27T09:00:00.000Z
sensor.camera_e_temperatura,28.211859255188887,2026-07-27T10:00:00.000Z
sensor.camera_e_temperatura,28.40585298387778,2026-07-27T11:00:00.000Z
sensor.camera_e_temperatura,28.752878671791667,2026-07-27T12:00:00.000Z
sensor.camera_e_temperatura,29.261383656988887,2026-07-27T13:00:00.000Z
sensor.camera_e_temperatura,30.07392281695,2026-07-27T14:00:00.000Z
sensor.camera_e_temperatura,30.42197607616389,2026-07-27T15:00:00.000Z
sensor.camera_e_temperatura,30.358595849216666,2026-07-27T16:00:00.000Z
sensor.camera_e_temperatura,30.24625028716389,2026-07-27T17:00:00.000Z
sensor.camera_e_temperatura,30.532064368927777,2026-07-27T18:00:00.000Z
sensor.camera_e_temperatura,30.400577352466666,2026-07-27T19:00:00.000Z
sensor.camera_e_temperatura,30.131342227736113,2026-07-27T20:00:00.000Z
sensor.camera_e_temperatura,29.94630402018611,2026-07-27T21:00:00.000Z
sensor.camera_e_temperatura,29.876764975797226,2026-07-27T22:00:00.000Z
sensor.camera_e_temperatura,29.704761780433333,2026-07-27T23:00:00.000Z
sensor.camera_e_temperatura,29.512747255933334,2026-07-28T00:00:00.000Z
sensor.camera_e_temperatura,29.428873289716666,2026-07-28T01:00:00.000Z
sensor.camera_e_temperatura,29.178134755875003,2026-07-28T02:00:00.000Z
sensor.camera_e_temperatura,29.012254877691664,2026-07-28T03:00:00.000Z
sensor.camera_e_temperatura,28.949190154505555,2026-07-28T04:00:00.000Z
sensor.camera_e_temperatura,28.867633507102777,2026-07-28T05:00:00.000Z
sensor.camera_e_temperatura,28.75570288349722,2026-07-28T06:00:00.000Z
sensor.camera_e_temperatura,28.77135552785,2026-07-28T07:00:00.000Z
sensor.camera_e_temperatura,28.886973575536114,2026-07-28T08:00:00.000Z
sensor.camera_e_temperatura,28.957941380938887,2026-07-28T09:00:00.000Z
sensor.camera_e_temperatura,29.07838129461111,2026-07-28T10:00:00.000Z
sensor.camera_e_temperatura,29.246969128361112,2026-07-28T11:00:00.000Z
sensor.camera_e_temperatura,29.440080452855554,2026-07-28T12:00:00.000Z
sensor.camera_e_temperatura,29.699127261361113,2026-07-28T13:00:00.000Z
sensor.camera_e_temperatura,29.950104019675,2026-07-28T14:00:00.000Z
sensor.camera_e_temperatura,30.15622404673889,2026-07-28T15:00:00.000Z
sensor.camera_e_temperatura,30.3761200711,2026-07-28T16:00:00.000Z
sensor.camera_e_temperatura,30.542518815416667,2026-07-28T17:00:00.000Z
sensor.camera_e_temperatura,30.715758949988892,2026-07-28T18:00:00.000Z
sensor.camera_e_temperatura,30.666506411966665,2026-07-28T19:00:00.000Z
sensor.camera_e_temperatura,30.496440836933335,2026-07-28T20:00:00.000Z
sensor.camera_e_temperatura,30.349139249272223,2026-07-28T21:00:00.000Z
sensor.camera_e_temperatura,30.176355284419444,2026-07-28T22:00:00.000Z
sensor.camera_e_temperatura,29.975328159669445,2026-07-28T23:00:00.000Z
sensor.camera_e_temperatura,29.81116351671389,2026-07-29T00:00:00.000Z
sensor.camera_e_temperatura,29.643957363494447,2026-07-29T01:00:00.000Z
sensor.camera_e_temperatura,29.485480258894444,2026-07-29T02:00:00.000Z
sensor.camera_e_temperatura,29.440217939283333,2026-07-29T03:00:00.000Z
sensor.camera_e_temperatura,29.368887508436107,2026-07-29T04:00:00.000Z
sensor.camera_e_temperatura,29.29640340827778,2026-07-29T05:00:00.000Z
sensor.camera_e_temperatura,29.244044464455555,2026-07-29T06:00:00.000Z
sensor.camera_e_temperatura,29.24949669831389,2026-07-29T07:00:00.000Z
sensor.camera_e_temperatura,29.291788534155557,2026-07-29T08:00:00.000Z
sensor.camera_e_temperatura,29.39701492213889,2026-07-29T09:00:00.000Z
sensor.camera_e_temperatura,29.493865066763888,2026-07-29T10:00:00.000Z
sensor.camera_e_temperatura,29.651488816302777,2026-07-29T11:00:00.000Z
sensor.camera_e_temperatura,29.914853161994444,2026-07-29T12:00:00.000Z
sensor.camera_e_temperatura,30.22060544872778,2026-07-29T13:00:00.000Z
sensor.camera_e_temperatura,30.55006281874722,2026-07-29T14:00:00.000Z
sensor.camera_e_temperatura,30.769023208052783,2026-07-29T15:00:00.000Z
sensor.camera_e_temperatura,30.937626048030555,2026-07-29T16:00:00.000Z
sensor.camera_e_temperatura,31.03313339078611,2026-07-29T17:00:00.000Z
sensor.camera_e_temperatura,31.029097133941665,2026-07-29T18:00:00.000Z
sensor.camera_e_temperatura,31.012674991944447,2026-07-29T19:00:00.000Z
sensor.camera_e_temperatura,30.927201738377775,2026-07-29T20:00:00.000Z
sensor.camera_e_temperatura,30.8255945984,2026-07-29T21:00:00.000Z
sensor.camera_e_temperatura,30.72469532876111,2026-07-29T22:00:00.000Z
sensor.camera_e_temperatura,30.549962430955556,2026-07-29T23:00:00.000Z
sensor.camera_e_temperatura,30.45509927438889,2026-07-30T00:00:00.000Z
sensor.camera_e_temperatura,30.41266840721111,2026-07-30T01:00:00.000Z
sensor.camera_e_temperatura,30.165703246916667,2026-07-30T02:00:00.000Z
sensor.camera_e_temperatura,29.98908190857222,2026-07-30T03:00:00.000Z
sensor.camera_e_temperatura,29.909550510733336,2026-07-30T04:00:00.000Z
sensor.camera_e_temperatura,29.79210181672778,2026-07-30T05:00:00.000Z
sensor.camera_e_temperatura,29.79860152153333,2026-07-30T06:00:00.000Z
sensor.camera_e_temperatura,29.874605606369443,2026-07-30T07:00:00.000Z
sensor.camera_e_temperatura,29.952102463325,2026-07-30T08:00:00.000Z
sensor.camera_e_temperatura,29.99178560776667,2026-07-30T09:00:00.000Z
sensor.camera_e_temperatura,30.059267895983336,2026-07-30T10:00:00.000Z
sensor.camera_e_temperatura,30.17473111986389,2026-07-30T11:00:00.000Z
sensor.camera_e_temperatura,30.34287091241111,2026-07-30T12:00:00.000Z
sensor.camera_e_temperatura,30.524237829622223,2026-07-30T13:00:00.000Z
sensor.camera_e_temperatura,30.77376849184722,2026-07-30T14:00:00.000Z
sensor.camera_e_temperatura,31.046434987769445,2026-07-30T15:00:00.000Z
sensor.camera_e_temperatura,31.141376448894444,2026-07-30T16:00:00.000Z
sensor.camera_e_temperatura,31.281901602,2026-07-30T17:00:00.000Z
sensor.camera_e_temperatura,31.422009557880557,2026-07-30T18:00:00.000Z
sensor.camera_e_temperatura,31.463276873716666,2026-07-30T19:00:00.000Z
sensor.camera_e_temperatura,31.452512959486114,2026-07-30T20:00:00.000Z
sensor.camera_e_temperatura,31.141414529605555,2026-07-30T21:00:00.000Z
sensor.camera_e_temperatura,28.551422557736114,2026-07-30T22:00:00.000Z
sensor.camera_e_temperatura,27.857875198694444,2026-07-30T23:00:00.000Z
sensor.camera_e_temperatura,27.59063206933611,2026-07-31T00:00:00.000Z
sensor.camera_e_temperatura,27.61156235466667,2026-07-31T01:00:00.000Z
sensor.camera_e_temperatura,27.49461420511111,2026-07-31T02:00:00.000Z
sensor.camera_e_temperatura,27.765420931933335,2026-07-31T03:00:00.000Z
sensor.camera_e_temperatura,27.73408307779444,2026-07-31T04:00:00.000Z
sensor.camera_e_temperatura,27.75459152829167,2026-07-31T05:00:00.000Z
sensor.camera_e_temperatura,27.72777537779722,2026-07-31T06:00:00.000Z
sensor.camera_e_temperatura,27.616884103805557,2026-07-31T07:00:00.000Z
sensor.camera_e_temperatura,27.51499417697778,2026-07-31T08:00:00.000Z
sensor.camera_e_temperatura,27.599684144830558,2026-07-31T09:00:00.000Z
sensor.camera_e_temperatura,28.462708004966668,2026-07-31T10:00:00.000Z
sensor.camera_e_temperatura,28.87130601468333,2026-07-31T11:00:00.000Z
sensor.camera_e_temperatura,29.425245292588887,2026-07-31T12:00:00.000Z
sensor.camera_e_temperatura,29.85677540463611,2026-07-31T13:00:00.000Z
sensor.camera_e_temperatura,27.773278309322222,2026-07-31T14:00:00.000Z
sensor.camera_e_temperatura,28.466597612422223,2026-07-31T15:00:00.000Z
sensor.camera_e_temperatura,26.981170573333333,2026-07-31T16:00:00.000Z
sensor.camera_e_temperatura,27.41606249603889,2026-07-31T17:00:00.000Z
sensor.camera_e_temperatura,28.258537077058335,2026-07-31T18:00:00.000Z
sensor.camera_e_temperatura,28.911246436866666,2026-07-31T19:00:00.000Z
sensor.camera_e_temperatura,29.541995104108334,2026-07-31T20:00:00.000Z
sensor.camera_e_temperatura,28.765478539311108,2026-07-31T21:00:00.000Z
sensor.camera_e_temperatura,27.875543139841668,2026-07-31T22:00:00.000Z
sensor.camera_e_temperatura,27.661898907941666,2026-07-31T23:00:00.000Z
sensor.camera_e_temperatura,27.580893843733335,2026-08-01T00:00:00.000Z
sensor.camera_e_temperatura,27.616179468869444,2026-08-01T01:00:00.000Z
sensor.camera_e_temperatura,27.594004945719444,2026-08-01T02:00:00.000Z
sensor.camera_e_temperatura,27.60820612546389,2026-08-01T03:00:00.000Z
sensor.camera_e_temperatura,27.58003062241667,2026-08-01T04:00:00.000Z
sensor.camera_e_temperatura,27.495758425800002,2026-08-01T05:00:00.000Z
sensor.camera_e_temperatura,27.495740285652776,2026-08-01T06:00:00.000Z
sensor.camera_e_temperatura,27.482956125780557,2026-08-01T07:00:00.000Z
sensor.camera_e_temperatura,27.76799633398056,2026-08-01T08:00:00.000Z
sensor.camera_e_temperatura,28.24285153043333,2026-08-01T09:00:00.000Z
sensor.camera_e_temperatura,28.47752101708889,2026-08-01T10:00:00.000Z
sensor.camera_e_temperatura,28.89570199565,2026-08-01T11:00:00.000Z
sensor.camera_e_temperatura,29.148038272944447,2026-08-01T12:00:00.000Z
sensor.camera_e_temperatura,29.42774840435278,2026-08-01T13:00:00.000Z
sensor.camera_e_temperatura,29.678793409875,2026-08-01T14:00:00.000Z
sensor.camera_e_temperatura,29.925573083355555,2026-08-01T15:00:00.000Z
sensor.camera_e_temperatura,30.145041406233332,2026-08-01T16:00:00.000Z
sensor.camera_e_temperatura,30.346093866330552,2026-08-01T17:00:00.000Z
sensor.camera_e_temperatura,30.468320912980555,2026-08-01T18:00:00.000Z
sensor.camera_e_temperatura,30.509561016769442,2026-08-01T19:00:00.000Z
sensor.camera_e_temperatura,30.537240292125002,2026-08-01T20:00:00.000Z
sensor.camera_e_temperatura,30.536200988747225,2026-08-01T21:00:00.000Z
sensor.camera_e_temperatura,30.494658951791667,2026-08-01T22:00:00.000Z
sensor.camera_e_temperatura,30.46677654110833,2026-08-01T23:00:00.000Z
sensor.camera_e_temperatura,30.442058031966667,2026-08-02T00:00:00.000Z
sensor.camera_e_temperatura,30.40448398316389,2026-08-02T01:00:00.000Z
sensor.camera_e_temperatura,30.32914668418889,2026-08-02T02:00:00.000Z
sensor.camera_e_temperatura,30.27736045734167,2026-08-02T03:00:00.000Z
sensor.camera_e_temperatura,30.227552297955555,2026-08-02T04:00:00.000Z
sensor.camera_e_temperatura,30.199793568552778,2026-08-02T05:00:00.000Z
sensor.camera_e_temperatura,30.158052938636107,2026-08-02T06:00:00.000Z
sensor.camera_e_temperatura,30.13324630982778,2026-08-02T07:00:00.000Z
sensor.camera_e_temperatura,30.14834045591111,2026-08-02T08:00:00.000Z
sensor.camera_e_temperatura,30.157493847061108,2026-08-02T09:00:00.000Z
sensor.camera_e_temperatura,30.15014936888889,2026-08-02T10:00:00.000Z
sensor.camera_e_temperatura,30.119470033325,2026-08-02T11:00:00.000Z
sensor.camera_e_temperatura,30.116883506844445,2026-08-02T12:00:00.000Z
sensor.camera_e_temperatura,30.163037574877777,2026-08-02T13:00:00.000Z
sensor.camera_e_temperatura,30.299468561238886,2026-08-02T14:00:00.000Z
sensor.camera_e_temperatura,30.457876886924996,2026-08-02T15:00:00.000Z
sensor.camera_e_temperatura,30.58597467865278,2026-08-02T16:00:00.000Z
sensor.camera_e_temperatura,30.732765395283334,2026-08-02T17:00:00.000Z
sensor.camera_e_temperatura,30.841745396486115,2026-08-02T18:00:00.000Z
sensor.camera_e_temperatura,30.895009353313885,2026-08-02T19:00:00.000Z
sensor.camera_e_temperatura,30.9026787306,2026-08-02T20:00:00.000Z
sensor.camera_e_temperatura,30.85127330771111,2026-08-02T21:00:00.000Z
sensor.camera_e_temperatura,30.772802137050004,2026-08-02T22:00:00.000Z
sensor.camera_e_temperatura,30.71837879619167,2026-08-02T23:00:00.000Z
sensor.camera_e_temperatura,30.647643728077778,2026-08-03T00:00:00.000Z
sensor.camera_e_temperatura,30.572543526633336,2026-08-03T01:00:00.000Z
sensor.camera_e_temperatura,30.520981022788888,2026-08-03T02:00:00.000Z
sensor.camera_e_temperatura,30.48878242463333,2026-08-03T03:00:00.000Z
sensor.camera_e_temperatura,30.46064909376111,2026-08-03T04:00:00.000Z
sensor.camera_e_temperatura,30.430606752766668,2026-08-03T05:00:00.000Z
sensor.camera_e_temperatura,30.395780860194446,2026-08-03T06:00:00.000Z
sensor.camera_e_temperatura,30.356743421847224,2026-08-03T07:00:00.000Z
sensor.camera_e_temperatura,30.339999901022225,2026-08-03T08:00:00.000Z
sensor.camera_e_temperatura,30.35206832481389,2026-08-03T09:00:00.000Z
sensor.camera_e_temperatura,30.410022881586112,2026-08-03T10:00:00.000Z
sensor.camera_e_temperatura,30.48217778873611,2026-08-03T11:00:00.000Z
sensor.camera_e_temperatura,30.604111657825,2026-08-03T12:00:00.000Z
sensor.camera_e_temperatura,30.76207030444722,2026-08-03T13:00:00.000Z
sensor.camera_e_temperatura,30.92777277246111,2026-08-03T14:00:00.000Z
sensor.camera_e_temperatura,31.05424047273333,2026-08-03T15:00:00.000Z
sensor.camera_e_temperatura,31.209417916577777,2026-08-03T16:00:00.000Z
sensor.camera_e_temperatura,31.330136717594442,2026-08-03T17:00:00.000Z
sensor.camera_e_temperatura,31.4031588202,2026-08-03T18:00:00.000Z
sensor.camera_e_temperatura,31.417817195744444,2026-08-03T19:00:00.000Z
sensor.camera_e_temperatura,31.38603519113333,2026-08-03T20:00:00.000Z
sensor.camera_e_temperatura,31.325341072211113,2026-08-03T21:00:00.000Z
sensor.camera_e_temperatura,31.266746135480556,2026-08-03T22:00:00.000Z
sensor.camera_e_temperatura,31.235205328655557,2026-08-03T23:00:00.000Z
sensor.camera_e_temperatura,31.173014227661113,2026-08-04T00:00:00.000Z
sensor.camera_e_temperatura,31.10768496748889,2026-08-04T01:00:00.000Z
sensor.camera_e_temperatura,31.035015092597224,2026-08-04T02:00:00.000Z
sensor.camera_e_temperatura,30.976787156958334,2026-08-04T03:00:00.000Z
sensor.camera_e_temperatura,30.92785753631389,2026-08-04T04:00:00.000Z
sensor.camera_e_temperatura,30.86341473685833,2026-08-04T05:00:00.000Z
sensor.camera_e_temperatura,30.80743370558611,2026-08-04T06:00:00.000Z
sensor.camera_e_temperatura,30.763059281519446,2026-08-04T07:00:00.000Z
sensor.camera_e_temperatura,30.74439931386111,2026-08-04T08:00:00.000Z
sensor.camera_e_temperatura,30.75918207850833,2026-08-04T09:00:00.000Z
sensor.camera_e_temperatura,30.779835518311113,2026-08-04T10:00:00.000Z
sensor.camera_e_temperatura,30.85220642533889,2026-08-04T11:00:00.000Z
sensor.camera_e_temperatura,30.961283438175002,2026-08-04T12:00:00.000Z
sensor.camera_e_temperatura,31.08829803971818,2026-08-04T13:00:00.000Z
sensor.camera_e_temperatura,31.237455482855555,2026-08-04T14:00:00.000Z
sensor.camera_e_temperatura,31.377308149458333,2026-08-04T15:00:00.000Z
sensor.camera_e_temperatura,31.488450345080555,2026-08-04T16:00:00.000Z
sensor.camera_e_temperatura,31.573649091627775,2026-08-04T17:00:00.000Z
sensor.camera_e_temperatura,31.66982477631667,2026-08-04T18:00:00.000Z
sensor.camera_e_temperatura,31.700836576058336,2026-08-04T19:00:00.000Z
sensor.camera_e_temperatura,31.663481059494444,2026-08-04T20:00:00.000Z
sensor.camera_e_temperatura,31.61469086721944,2026-08-04T21:00:00.000Z
sensor.camera_e_temperatura,31.558074193741664,2026-08-04T22:00:00.000Z
sensor.camera_e_temperatura,31.513298697047222,2026-08-04T23:00:00.000Z
sensor.camera_e_temperatura,31.479316990802776,2026-08-05T00:00:00.000Z
sensor.camera_e_temperatura,31.44763977234167,2026-08-05T01:00:00.000Z
sensor.camera_e_temperatura,31.378138669705553,2026-08-05T02:00:00.000Z
sensor.camera_e_temperatura,31.2835723418,2026-08-05T03:00:00.000Z
sensor.camera_e_temperatura,31.210908677297223,2026-08-05T04:00:00.000Z
sensor.camera_e_temperatura,31.146497704094443,2026-08-05T05:00:00.000Z
sensor.camera_e_temperatura,31.079245872466668,2026-08-05T06:00:00.000Z
sensor.camera_e_temperatura,31.026180824869442,2026-08-05T07:00:00.000Z
sensor.camera_e_temperatura,31.015510959847223,2026-08-05T08:00:00.000Z
sensor.camera_e_temperatura,31.028776285608334,2026-08-05T09:00:00.000Z
sensor.camera_e_temperatura,31.07060648236111,2026-08-05T10:00:00.000Z
sensor.camera_e_temperatura,31.14927596452222,2026-08-05T11:00:00.000Z
sensor.camera_e_temperatura,31.270263033697223,2026-08-05T12:00:00.000Z
sensor.camera_e_temperatura,31.435125861522224,2026-08-05T13:00:00.000Z
sensor.camera_e_temperatura,31.552177578986107,2026-08-05T14:00:00.000Z
sensor.camera_e_temperatura,31.714981816974998,2026-08-05T15:00:00.000Z
sensor.camera_e_temperatura,31.834650190147226,2026-08-05T16:00:00.000Z
sensor.camera_e_temperatura,31.933987382097218,2026-08-05T17:00:00.000Z
sensor.camera_e_temperatura,31.981996412883333,2026-08-05T18:00:00.000Z
sensor.camera_e_temperatura,31.995853053569444,2026-08-05T19:00:00.000Z
sensor.camera_e_temperatura,31.97419022701389,2026-08-05T20:00:00.000Z
sensor.camera_e_temperatura,31.94187022153889,2026-08-05T21:00:00.000Z
sensor.camera_e_temperatura,31.87294317031667,2026-08-05T22:00:00.000Z
sensor.camera_e_temperatura,31.811377410655556,2026-08-05T23:00:00.000Z
sensor.camera_e_temperatura,31.748084850500003,2026-08-06T00:00:00.000Z
sensor.camera_e_temperatura,31.673472401061115,2026-08-06T01:00:00.000Z
sensor.camera_e_temperatura,31.608815413619443,2026-08-06T02:00:00.000Z
sensor.camera_e_temperatura,31.53271778193889,2026-08-06T03:00:00.000Z
sensor.camera_e_temperatura,31.50323585902778,2026-08-06T04:00:00.000Z
sensor.camera_e_temperatura,31.454240228091667,2026-08-06T05:00:00.000Z
sensor.camera_e_temperatura,31.400684952916667,2026-08-06T06:00:00.000Z
sensor.camera_e_temperatura,31.338399553833337,2026-08-06T07:00:00.000Z
sensor.camera_e_temperatura,31.29388216919722,2026-08-06T08:00:00.000Z
sensor.camera_e_temperatura,31.291997767058334,2026-08-06T09:00:00.000Z
sensor.camera_e_temperatura,31.32160034471111,2026-08-06T10:00:00.000Z
sensor.camera_e_temperatura,31.38932365331944,2026-08-06T11:00:00.000Z
sensor.camera_e_temperatura,31.466664111780556,2026-08-06T12:00:00.000Z
sensor.camera_e_temperatura,31.569315701258333,2026-08-06T13:00:00.000Z
sensor.camera_e_temperatura,31.75174562343889,2026-08-06T14:00:00.000Z
sensor.camera_e_temperatura,31.90190736248889,2026-08-06T15:00:00.000Z
sensor.camera_e_temperatura,32.008565856366666,2026-08-06T16:00:00.000Z
sensor.camera_e_temperatura,32.12138275088889,2026-08-06T17:00:00.000Z
sensor.camera_e_temperatura,32.21804944980278,2026-08-06T18:00:00.000Z
sensor.camera_e_temperatura,32.231749241641666,2026-08-06T19:00:00.000Z
sensor.camera_e_temperatura,32.22109373396389,2026-08-06T20:00:00.000Z
sensor.camera_e_temperatura,32.17347039270833,2026-08-06T21:00:00.000Z
sensor.camera_e_temperatura,32.11912418575,2026-08-06T22:00:00.000Z
sensor.camera_e_temperatura,32.05189529260556,2026-08-06T23:00:00.000Z
sensor.camera_e_temperatura,32.01031151806111,2026-08-07T00:00:00.000Z
sensor.camera_e_temperatura,31.96794788596389,2026-08-07T01:00:00.000Z
sensor.camera_e_temperatura,31.923459059997224,2026-08-07T02:00:00.000Z
sensor.camera_e_temperatura,31.890376837736113,2026-08-07T03:00:00.000Z
sensor.camera_e_temperatura,31.838418919191668,2026-08-07T04:00:00.000Z
sensor.camera_e_temperatura,31.787695350455554,2026-08-07T05:00:00.000Z
sensor.camera_e_temperatura,31.73835253425278,2026-08-07T06:00:00.000Z
sensor.camera_e_temperatura,31.712766021305555,2026-08-07T07:00:00.000Z
sensor.camera_e_temperatura,31.67862528504722,2026-08-07T08:00:00.000Z
sensor.camera_e_temperatura,31.689600930083333,2026-08-07T09:00:00.000Z
sensor.camera_e_temperatura,31.71387305258611,2026-08-07T10:00:00.000Z
sensor.camera_e_temperatura,31.74567954723889,2026-08-07T11:00:00.000Z
sensor.camera_e_temperatura,31.822608196586113,2026-08-07T12:00:00.000Z
sensor.camera_e_temperatura,31.93327750786111,2026-08-07T13:00:00.000Z
sensor.camera_e_temperatura,32.01272404466111,2026-08-07T14:00:00.000Z
sensor.camera_e_temperatura,32.11636787390278,2026-08-07T15:00:00.000Z
sensor.camera_e_temperatura,32.159202248302776,2026-08-07T16:00:00.000Z
sensor.camera_e_temperatura,32.13787382798611,2026-08-07T17:00:00.000Z
sensor.camera_e_temperatura,32.109966856844444,2026-08-07T18:00:00.000Z
sensor.camera_e_temperatura,32.10498112399722,2026-08-07T19:00:00.000Z
sensor.camera_e_temperatura,32.060440734136115,2026-08-07T20:00:00.000Z
sensor.camera_e_temperatura,32.011073358608336,2026-08-07T21:00:00.000Z
sensor.camera_e_temperatura,31.97845898953611,2026-08-07T22:00:00.000Z
sensor.camera_e_temperatura,31.933072984611112,2026-08-07T23:00:00.000Z
sensor.camera_e_temperatura,31.890282992455557,2026-08-08T00:00:00.000Z
sensor.camera_e_temperatura,31.825491409222224,2026-08-08T01:00:00.000Z
sensor.camera_e_temperatura,31.759087629105554,2026-08-08T02:00:00.000Z
sensor.camera_e_temperatura,31.702198810344445,2026-08-08T03:00:00.000Z
sensor.camera_e_temperatura,31.624076211652778,2026-08-08T04:00:00.000Z
sensor.camera_e_temperatura,31.569257006741665,2026-08-08T05:00:00.000Z
sensor.camera_e_temperatura,31.529124093341668,2026-08-08T06:00:00.000Z
sensor.camera_e_temperatura,31.50231074106111,2026-08-08T07:00:00.000Z
sensor.camera_e_temperatura,31.494147549255555,2026-08-08T08:00:00.000Z
sensor.camera_e_temperatura,31.494893652794445,2026-08-08T09:00:00.000Z
sensor.camera_e_temperatura,31.51274331958889,2026-08-08T10:00:00.000Z
sensor.camera_e_temperatura,31.546740943463888,2026-08-08T11:00:00.000Z
sensor.camera_e_temperatura,31.654672845483333,2026-08-08T12:00:00.000Z
sensor.camera_e_temperatura,31.776759945555554,2026-08-08T13:00:00.000Z
sensor.camera_e_temperatura,31.921764830408335,2026-08-08T14:00:00.000Z
sensor.camera_e_temperatura,32.02851584736111,2026-08-08T15:00:00.000Z
sensor.camera_e_temperatura,32.14923024138056,2026-08-08T16:00:00.000Z
sensor.camera_e_temperatura,32.24889468203056,2026-08-08T17:00:00.000Z
sensor.camera_e_temperatura,32.297607731725,2026-08-08T18:00:00.000Z
sensor.camera_e_temperatura,32.285313231019444,2026-08-08T19:00:00.000Z
sensor.camera_e_temperatura,32.257588504275,2026-08-08T20:00:00.000Z
sensor.camera_e_temperatura,32.19987638651111,2026-08-08T21:00:00.000Z
sensor.camera_e_temperatura,32.106728540325,2026-08-08T22:00:00.000Z
sensor.camera_e_temperatura,32.038268330341666,2026-08-08T23:00:00.000Z
sensor.camera_e_temperatura,32.001236572938886,2026-08-09T00:00:00.000Z
sensor.camera_e_temperatura,31.952499235230558,2026-08-09T01:00:00.000Z
sensor.camera_e_temperatura,31.902187964313892,2026-08-09T02:00:00.000Z
sensor.camera_e_temperatura,31.828642444683336,2026-08-09T03:00:00.000Z
sensor.camera_e_temperatura,31.759486940972224,2026-08-09T04:00:00.000Z
sensor.camera_e_temperatura,31.690483609500003,2026-08-09T05:00:00.000Z
sensor.camera_e_temperatura,31.631075860780555,2026-08-09T06:00:00.000Z
sensor.camera_e_temperatura,31.570593709280555,2026-08-09T07:00:00.000Z
sensor.camera_e_temperatura,31.542478841236107,2026-08-09T08:00:00.000Z
sensor.camera_e_temperatura,31.535879808980557,2026-08-09T09:00:00.000Z
sensor.camera_e_temperatura,31.538267025741664,2026-08-09T10:00:00.000Z
sensor.camera_e_temperatura,31.57531752758889,2026-08-09T11:00:00.000Z
sensor.camera_e_temperatura,31.680668472663893,2026-08-09T12:00:00.000Z
sensor.camera_e_temperatura,31.819588738052776,2026-08-09T13:00:00.000Z
sensor.camera_e_temperatura,31.94867127361111,2026-08-09T14:00:00.000Z
sensor.camera_e_temperatura,32.06022184295,2026-08-09T15:00:00.000Z
sensor.camera_e_temperatura,32.21263721981111,2026-08-09T16:00:00.000Z
sensor.camera_e_temperatura,32.28901364297778,2026-08-09T17:00:00.000Z
sensor.camera_e_temperatura,32.325016026255554,2026-08-09T18:00:00.000Z
sensor.camera_e_temperatura,32.28240476048889,2026-08-09T19:00:00.000Z
sensor.camera_e_temperatura,32.256856672783336,2026-08-09T20:00:00.000Z
sensor.camera_e_temperatura,32.202930122908334,2026-08-09T21:00:00.000Z
sensor.camera_e_temperatura,32.13311416561667,2026-08-09T22:00:00.000Z
sensor.camera_e_temperatura,32.06667329938612,2026-08-09T23:00:00.000Z
sensor.camera_e_temperatura,32.004380274930554,2026-08-10T00:00:00.000Z
sensor.camera_e_temperatura,31.971092226377777,2026-08-10T01:00:00.000Z
sensor.camera_e_temperatura,31.91356381550833,2026-08-10T02:00:00.000Z
sensor.camera_e_temperatura,31.823502752158333,2026-08-10T03:00:00.000Z
sensor.camera_e_temperatura,31.77442700163333,2026-08-10T04:00:00.000Z
sensor.camera_e_temperatura,31.713208524672226,2026-08-10T05:00:00.000Z
sensor.camera_e_temperatura,31.625082142369447,2026-08-10T06:00:00.000Z
sensor.camera_e_temperatura,31.56858532194167,2026-08-10T07:00:00.000Z
sensor.camera_e_temperatura,31.535171554561114,2026-08-10T08:00:00.000Z
sensor.camera_e_temperatura,31.521785456027775,2026-08-10T09:00:00.000Z
sensor.camera_e_temperatura,31.52714810713611,2026-08-10T10:00:00.000Z
sensor.camera_e_temperatura,31.561211133016666,2026-08-10T11:00:00.000Z
sensor.camera_e_temperatura,31.664022927377776,2026-08-10T12:00:00.000Z
sensor.camera_e_temperatura,31.78853338042778,2026-08-10T13:00:00.000Z
sensor.camera_e_temperatura,31.904616007180554,2026-08-10T14:00:00.000Z
sensor.camera_e_temperatura,31.992104910141666,2026-08-10T15:00:00.000Z
sensor.camera_e_temperatura,32.10567727523889,2026-08-10T16:00:00.000Z
sensor.camera_e_temperatura,32.250797875175,2026-08-10T17:00:00.000Z
sensor.camera_e_temperatura,32.34661804754167,2026-08-10T18:00:00.000Z
sensor.camera_e_temperatura,32.383035755119444,2026-08-10T19:00:00.000Z
sensor.camera_e_temperatura,32.33523789521944,2026-08-10T20:00:00.000Z
sensor.camera_e_temperatura,32.26609236918333,2026-08-10T21:00:00.000Z
sensor.camera_e_temperatura,32.19065942034167,2026-08-10T22:00:00.000Z
sensor.camera_e_temperatura,32.121328044119444,2026-08-10T23:00:00.000Z
sensor.camera_e_temperatura,32.043030605805555,2026-08-11T00:00:00.000Z
sensor.camera_e_temperatura,32.00485613142778,2026-08-11T01:00:00.000Z
sensor.camera_e_temperatura,31.94829034195,2026-08-11T02:00:00.000Z
sensor.camera_e_temperatura,31.877769064711114,2026-08-11T03:00:00.000Z
sensor.camera_e_temperatura,31.81047874061389,2026-08-11T04:00:00.000Z
sensor.camera_e_temperatura,31.73988202048889,2026-08-11T05:00:00.000Z
sensor.camera_e_temperatura,31.675145799533336,2026-08-11T06:00:00.000Z
sensor.camera_e_temperatura,31.603170082905553,2026-08-11T07:00:00.000Z
sensor.camera_e_temperatura,31.575410699905557,2026-08-11T08:00:00.000Z
sensor.camera_e_temperatura,31.554941568811113,2026-08-11T09:00:00.000Z
sensor.camera_e_temperatura,31.565299549263887,2026-08-11T10:00:00.000Z
sensor.camera_e_temperatura,31.63397015666389,2026-08-11T11:00:00.000Z
sensor.camera_e_temperatura,31.74249014402778,2026-08-11T12:00:00.000Z
sensor.camera_e_temperatura,31.880791998638887,2026-08-11T13:00:00.000Z
sensor.camera_e_temperatura,32.00683493710833,2026-08-11T14:00:00.000Z
sensor.camera_e_temperatura,32.14825939974444,2026-08-11T15:00:00.000Z
sensor.camera_e_temperatura,32.2952093214,2026-08-11T16:00:00.000Z
sensor.camera_e_temperatura,32.399011725308334,2026-08-11T17:00:00.000Z
sensor.camera_e_temperatura,32.438127003927775,2026-08-11T18:00:00.000Z
sensor.camera_e_temperatura,32.432669770425,2026-08-11T19:00:00.000Z
sensor.camera_e_temperatura,32.423735849438884,2026-08-11T20:00:00.000Z
sensor.camera_e_temperatura,32.352374256144444,2026-08-11T21:00:00.000Z
sensor.camera_e_temperatura,32.287945168633335,2026-08-11T22:00:00.000Z
sensor.camera_e_temperatura,32.22001526722777,2026-08-11T23:00:00.000Z
sensor.camera_e_temperatura,32.16768882606111,2026-08-12T00:00:00.000Z
sensor.camera_e_temperatura,32.104528647955554,2026-08-12T01:00:00.000Z
sensor.camera_e_temperatura,32.05652743130833,2026-08-12T02:00:00.000Z
sensor.camera_e_temperatura,32.004939956275,2026-08-12T03:00:00.000Z
sensor.camera_e_temperatura,31.95764027588611,2026-08-12T04:00:00.000Z
sensor.camera_e_temperatura,31.906154886697223,2026-08-12T05:00:00.000Z
sensor.camera_e_temperatura,31.86109403665,2026-08-12T06:00:00.000Z
sensor.camera_e_temperatura,31.799350824641667,2026-08-12T07:00:00.000Z
sensor.camera_e_temperatura,31.77665538085556,2026-08-12T08:00:00.000Z
sensor.camera_e_temperatura,31.78,2026-08-12T09:00:00.000Z
sensor.camera_e_temperatura,31.81042809603889,2026-08-12T10:00:00.000Z
sensor.camera_e_temperatura,31.86408150189722,2026-08-12T11:00:00.000Z
sensor.camera_e_temperatura,31.946178349755556,2026-08-12T12:00:00.000Z
sensor.camera_e_temperatura,32.0451897357,2026-08-12T13:00:00.000Z
sensor.camera_e_temperatura,32.20745379036111,2026-08-12T14:00:00.000Z
sensor.camera_e_temperatura,32.355257303727775,2026-08-12T15:00:00.000Z
sensor.camera_e_temperatura,32.48352889534444,2026-08-12T16:00:00.000Z
sensor.camera_e_temperatura,32.54599844223889,2026-08-12T17:00:00.000Z
sensor.camera_e_temperatura,32.620150932166666,2026-08-12T18:00:00.000Z
sensor.camera_e_temperatura,32.65918274292222,2026-08-12T19:00:00.000Z
sensor.camera_e_temperatura,32.61253801140833,2026-08-12T20:00:00.000Z
sensor.camera_e_temperatura,32.53191390914167,2026-08-12T21:00:00.000Z
sensor.camera_e_temperatura,32.48948652868055,2026-08-12T22:00:00.000Z
sensor.camera_e_temperatura,32.44295708448889,2026-08-12T23:00:00.000Z
sensor.camera_e_temperatura,32.36206581407222,2026-08-13T00:00:00.000Z
sensor.camera_e_temperatura,32.28497851580278,2026-08-13T01:00:00.000Z
sensor.camera_e_temperatura,32.23173570268889,2026-08-13T02:00:00.000Z
sensor.camera_e_temperatura,32.18272071142778,2026-08-13T03:00:00.000Z
sensor.camera_e_temperatura,32.11524129537778,2026-08-13T04:00:00.000Z
sensor.camera_e_temperatura,32.05253272127778,2026-08-13T05:00:00.000Z
sensor.camera_e_temperatura,32.007887207488885,2026-08-13T06:00:00.000Z
sensor.camera_e_temperatura,31.96762098861667,2026-08-13T07:00:00.000Z
sensor.camera_e_temperatura,31.94119819736389,2026-08-13T08:00:00.000Z
sensor.camera_e_temperatura,31.921431154491668,2026-08-13T09:00:00.000Z
sensor.camera_e_temperatura,31.937145704738885,2026-08-13T10:00:00.000Z
sensor.camera_e_temperatura,31.965974568386113,2026-08-13T11:00:00.000Z
sensor.camera_e_temperatura,32.03390768392222,2026-08-13T12:00:00.000Z
sensor.camera_e_temperatura,32.155914438175,2026-08-13T13:00:00.000Z
sensor.camera_e_temperatura,32.29176674463056,2026-08-13T14:00:00.000Z
sensor.camera_e_temperatura,32.43029995736945,2026-08-13T15:00:00.000Z
sensor.camera_e_temperatura,32.53481663177222,2026-08-13T16:00:00.000Z
sensor.camera_e_temperatura,32.64973330158889,2026-08-13T17:00:00.000Z
sensor.camera_e_temperatura,32.72298261980278,2026-08-13T18:00:00.000Z
sensor.camera_e_temperatura,32.73807836661111,2026-08-13T19:00:00.000Z
sensor.camera_e_temperatura,32.698112746175,2026-08-13T20:00:00.000Z
sensor.camera_e_temperatura,32.61819127446667,2026-08-13T21:00:00.000Z
sensor.camera_e_temperatura,32.549307377975005,2026-08-13T22:00:00.000Z
sensor.camera_e_temperatura,32.49369595611111,2026-08-13T23:00:00.000Z
sensor.camera_e_temperatura,32.46808208998889,2026-08-14T00:00:00.000Z
sensor.camera_e_temperatura,32.384675020799996,2026-08-14T01:00:00.000Z
sensor.camera_e_temperatura,32.31670176528611,2026-08-14T02:00:00.000Z
sensor.camera_e_temperatura,32.235380405169444,2026-08-14T03:00:00.000Z
sensor.camera_e_temperatura,32.15604516169723,2026-08-14T04:00:00.000Z
sensor.camera_e_temperatura,32.079370125675005,2026-08-14T05:00:00.000Z
sensor.camera_e_temperatura,30.456845465130556,2026-08-14T06:00:00.000Z
sensor.camera_e_temperatura,28.789677802169447,2026-08-14T07:00:00.000Z
sensor.camera_e_temperatura,30.480080216533334,2026-08-14T08:00:00.000Z
sensor.camera_e_temperatura,30.981942634772224,2026-08-14T09:00:00.000Z
sensor.camera_e_temperatura,31.193197180983333,2026-08-14T10:00:00.000Z
sensor.camera_e_temperatura,31.39078469331389,2026-08-14T11:00:00.000Z
sensor.camera_e_temperatura,31.454020893505557,2026-08-14T12:00:00.000Z
sensor.camera_e_temperatura,31.585706675966666,2026-08-14T13:00:00.000Z
sensor.camera_e_temperatura,30.903656822,2026-08-14T14:00:00.000Z
sensor.camera_e_temperatura,29.138424001191666,2026-08-14T15:00:00.000Z
sensor.camera_e_temperatura,29.800432778091665,2026-08-14T16:00:00.000Z
sensor.camera_e_temperatura,31.010995481122222,2026-08-14T17:00:00.000Z
sensor.camera_e_temperatura,31.46469641811389,2026-08-14T18:00:00.000Z
sensor.camera_e_temperatura,31.659007454147226,2026-08-14T19:00:00.000Z
sensor.camera_e_temperatura,31.74017522559444,2026-08-14T20:00:00.000Z
sensor.camera_e_temperatura,30.685540476169447,2026-08-14T21:00:00.000Z
sensor.camera_e_temperatura,28.63677368520278,2026-08-14T22:00:00.000Z
sensor.camera_e_temperatura,27.991910825666668,2026-08-14T23:00:00.000Z
sensor.camera_e_temperatura,27.76397162856111,2026-08-15T00:00:00.000Z
sensor.camera_e_temperatura,27.796008168644445,2026-08-15T01:00:00.000Z
sensor.camera_e_temperatura,27.742372099222223,2026-08-15T02:00:00.000Z
sensor.camera_e_temperatura,27.779516859325,2026-08-15T03:00:00.000Z
sensor.camera_e_temperatura,27.720176189416666,2026-08-15T04:00:00.000Z
sensor.camera_e_temperatura,27.705440281822224,2026-08-15T05:00:00.000Z
sensor.camera_e_temperatura,27.73009643880278,2026-08-15T06:00:00.000Z
sensor.camera_e_temperatura,27.615799096255557,2026-08-15T07:00:00.000Z
sensor.camera_e_temperatura,28.123079945211114,2026-08-15T08:00:00.000Z
sensor.camera_e_temperatura,28.912883124522224,2026-08-15T09:00:00.000Z
sensor.camera_e_temperatura,29.24201671953611,2026-08-15T10:00:00.000Z
sensor.camera_e_temperatura,29.511628955052775,2026-08-15T11:00:00.000Z
sensor.camera_e_temperatura,29.80653006856667,2026-08-15T12:00:00.000Z
sensor.camera_e_temperatura,30.100782996369446,2026-08-15T13:00:00.000Z
sensor.camera_e_temperatura,30.38708382195,2026-08-15T14:00:00.000Z
sensor.camera_e_temperatura,30.620462093172222,2026-08-15T15:00:00.000Z
sensor.camera_e_temperatura,30.847180850847224,2026-08-15T16:00:00.000Z
sensor.camera_e_temperatura,30.99480686428056,2026-08-15T17:00:00.000Z
sensor.camera_e_temperatura,31.104370718133335,2026-08-15T18:00:00.000Z
sensor.camera_e_temperatura,31.1729593065,2026-08-15T19:00:00.000Z
sensor.camera_e_temperatura,31.192510407588887,2026-08-15T20:00:00.000Z
sensor.camera_e_temperatura,31.17808454396389,2026-08-15T21:00:00.000Z
sensor.camera_e_temperatura,31.142654957316665,2026-08-15T22:00:00.000Z
sensor.camera_e_temperatura,31.094643251819445,2026-08-15T23:00:00.000Z
sensor.camera_e_temperatura,31.03853548689722,2026-08-16T00:00:00.000Z
sensor.camera_e_temperatura,30.998561611269448,2026-08-16T01:00:00.000Z
sensor.camera_e_temperatura,30.95764784342778,2026-08-16T02:00:00.000Z
sensor.camera_e_temperatura,30.9,2026-08-16T02:24:11.720Z
sensor.camera_e_temperatura,30.89,2026-08-16T02:59:19.926Z
sensor.camera_e_temperatura,30.87,2026-08-16T03:19:24.886Z
sensor.camera_e_temperatura,30.86,2026-08-16T03:34:28.722Z
sensor.camera_e_temperatura,30.84,2026-08-16T03:54:34.726Z
sensor.camera_e_temperatura,30.86,2026-08-16T04:09:38.846Z
sensor.camera_e_temperatura,30.82,2026-08-16T04:24:41.746Z
sensor.camera_e_temperatura,30.79,2026-08-16T04:44:45.741Z
sensor.camera_e_temperatura,30.8,2026-08-16T04:59:48.940Z
sensor.camera_e_temperatura,30.78,2026-08-16T05:19:53.870Z
sensor.camera_e_temperatura,30.77,2026-08-16T05:34:56.727Z
sensor.camera_e_temperatura,30.78,2026-08-16T05:55:01.743Z
sensor.camera_e_temperatura,30.77,2026-08-16T06:10:05.881Z
sensor.camera_e_temperatura,30.75,2026-08-16T06:30:09.913Z
sensor.camera_e_temperatura,30.76,2026-08-16T06:50:13.901Z
sensor.camera_e_temperatura,30.74,2026-08-16T07:25:20.745Z
sensor.camera_e_temperatura,30.76,2026-08-16T07:45:25.740Z
sensor.camera_e_temperatura,30.75,2026-08-16T08:00:28.873Z
sensor.camera_e_temperatura,30.76,2026-08-16T08:15:31.727Z
sensor.camera_e_temperatura,30.77,2026-08-16T08:35:37.743Z
sensor.camera_e_temperatura,30.76,2026-08-16T08:50:40.902Z
sensor.camera_e_temperatura,30.78,2026-08-16T09:10:44.881Z
sensor.camera_e_temperatura,30.79,2026-08-16T09:25:47.762Z
sensor.camera_e_temperatura,30.82,2026-08-16T09:40:50.863Z
sensor.camera_e_temperatura,30.83,2026-08-16T10:00:54.878Z
sensor.camera_e_temperatura,30.87,2026-08-16T10:15:57.749Z
sensor.camera_e_temperatura,30.9,2026-08-16T10:36:01.761Z
sensor.camera_e_temperatura,30.91,2026-08-16T10:56:07.746Z
sensor.camera_e_temperatura,30.96,2026-08-16T11:11:10.894Z
sensor.camera_e_temperatura,30.98,2026-08-16T11:31:14.904Z
sensor.camera_e_temperatura,31.0,2026-08-16T11:46:17.748Z
sensor.camera_e_temperatura,31.03,2026-08-16T12:01:20.868Z
sensor.camera_e_temperatura,31.13,2026-08-16T12:21:24.859Z
sensor.camera_e_temperatura,31.17,2026-08-16T12:41:29.882Z
sensor.camera_e_temperatura,31.2,2026-08-16T12:56:32.749Z
sensor.camera_e_temperatura,31.27,2026-08-16T13:16:36.776Z
sensor.camera_e_temperatura,31.33,2026-08-16T13:31:39.903Z
sensor.camera_e_temperatura,31.39,2026-08-16T13:51:44.873Z
sensor.camera_e_temperatura,31.46,2026-08-16T14:06:47.738Z
sensor.camera_e_temperatura,31.5,2026-08-16T14:26:53.774Z
sensor.camera_e_temperatura,31.52,2026-08-16T14:46:57.736Z
sensor.camera_e_temperatura,31.56,2026-08-16T15:02:00.908Z
sensor.camera_e_temperatura,31.61,2026-08-16T15:22:05.875Z
sensor.camera_e_temperatura,31.66,2026-08-16T15:42:09.901Z
sensor.camera_e_temperatura,31.68,2026-08-16T15:57:12.733Z
sensor.camera_e_temperatura,31.73,2026-08-16T16:17:16.761Z
sensor.camera_e_temperatura,31.74,2026-08-16T16:32:19.911Z
sensor.camera_e_temperatura,31.75,2026-08-16T16:52:23.905Z
sensor.camera_e_temperatura,31.77,2026-08-16T17:12:28.890Z
sensor.camera_e_temperatura,31.78,2026-08-16T17:32:33.890Z
sensor.camera_e_temperatura,31.77,2026-08-16T18:27:46.740Z
sensor.camera_e_temperatura,31.76,2026-08-16T18:47:50.756Z
sensor.camera_e_temperatura,31.74,2026-08-16T19:02:54.955Z
sensor.camera_e_temperatura,31.73,2026-08-16T19:22:59.964Z
sensor.camera_e_temperatura,31.7,2026-08-16T19:38:04.758Z
sensor.camera_e_temperatura,31.68,2026-08-16T19:58:08.768Z
sensor.camera_e_temperatura,31.6,2026-08-16T20:18:13.753Z
sensor.camera_e_temperatura,31.54,2026-08-16T20:38:17.738Z
sensor.camera_e_temperatura,31.51,2026-08-16T20:53:20.902Z
sensor.camera_e_temperatura,31.47,2026-08-16T21:13:24.895Z
sensor.camera_e_temperatura,31.44,2026-08-16T21:28:28.742Z
sensor.camera_e_temperatura,31.39,2026-08-16T21:43:32.897Z
sensor.camera_e_temperatura,31.36,2026-08-16T22:03:36.918Z
sensor.camera_e_temperatura,31.29,2026-08-16T22:23:40.950Z
sensor.camera_e_temperatura,31.26,2026-08-16T22:38:44.739Z
sensor.camera_e_temperatura,31.24,2026-08-16T22:53:48.132Z
sensor.camera_e_temperatura,31.21,2026-08-16T23:13:52.889Z
sensor.camera_e_temperatura,31.19,2026-08-16T23:28:55.717Z
sensor.camera_e_temperatura,31.15,2026-08-16T23:49:00.755Z
sensor.camera_e_temperatura,31.13,2026-08-17T00:04:04.883Z
sensor.camera_e_temperatura,31.1,2026-08-17T00:24:08.859Z
sensor.camera_e_temperatura,31.07,2026-08-17T00:39:11.743Z
sensor.camera_e_temperatura,31.05,2026-08-17T00:54:15.859Z
sensor.camera_e_temperatura,31.02,2026-08-17T01:14:20.948Z
sensor.camera_e_temperatura,31.01,2026-08-17T01:29:24.730Z
sensor.camera_e_temperatura,31.0,2026-08-17T01:49:30.761Z
sensor.camera_e_temperatura,30.98,2026-08-17T02:09:34.742Z
sensor.camera_e_temperatura,30.96,2026-08-17T02:24:39.127Z
sensor.camera_e_temperatura,30.95,2026-08-17T02:44:43.873Z
sensor.camera_e_temperatura,30.92,2026-08-17T02:59:46.749Z
sensor.camera_e_temperatura,30.9,2026-08-17T03:19:52.731Z
sensor.camera_e_temperatura,30.88,2026-08-17T03:34:55.998Z
sensor.camera_e_temperatura,30.84,2026-08-17T03:55:00.856Z
sensor.camera_e_temperatura,30.79,2026-08-17T04:25:08.881Z
sensor.camera_e_temperatura,30.81,2026-08-17T04:45:13.902Z
sensor.camera_e_temperatura,30.77,2026-08-17T05:00:17.745Z
sensor.camera_e_temperatura,30.75,2026-08-17T05:20:21.738Z
sensor.camera_e_temperatura,30.72,2026-08-17T06:00:31.743Z
sensor.camera_e_temperatura,30.7,2026-08-17T06:15:34.866Z
sensor.camera_e_temperatura,30.68,2026-08-17T06:30:37.754Z
sensor.camera_e_temperatura,30.67,2026-08-17T06:50:42.748Z
sensor.camera_e_temperatura,30.66,2026-08-17T07:20:49.729Z
sensor.camera_e_temperatura,30.63,2026-08-17T08:16:01.864Z
sensor.camera_e_temperatura,30.62,2026-08-17T08:56:10.895Z
sensor.camera_e_temperatura,30.66,2026-08-17T09:11:13.719Z
sensor.camera_e_temperatura,30.67,2026-08-17T09:41:20.754Z
sensor.camera_e_temperatura,30.7,2026-08-17T10:01:24.737Z
sensor.camera_e_temperatura,30.73,2026-08-17T10:31:31.738Z
sensor.camera_e_temperatura,30.74,2026-08-17T10:51:35.741Z
sensor.camera_e_temperatura,30.77,2026-08-17T11:11:39.728Z
sensor.camera_e_temperatura,30.8,2026-08-17T11:46:46.868Z
sensor.camera_e_temperatura,30.83,2026-08-17T12:01:49.763Z
sensor.camera_e_temperatura,30.87,2026-08-17T12:21:55.727Z
sensor.camera_e_temperatura,30.9,2026-08-17T12:37:03.860Z
sensor.camera_e_temperatura,30.95,2026-08-17T12:57:08.888Z
sensor.camera_e_temperatura,30.98,2026-08-17T13:17:12.927Z
sensor.camera_e_temperatura,31.0,2026-08-17T13:32:16.710Z
sensor.camera_e_temperatura,31.02,2026-08-17T13:47:19.940Z
sensor.camera_e_temperatura,31.05,2026-08-17T14:07:25.947Z
sensor.camera_e_temperatura,31.08,2026-08-17T14:22:29.728Z
sensor.camera_e_temperatura,31.1,2026-08-17T14:37:32.876Z
sensor.camera_e_temperatura,31.11,2026-08-17T14:57:36.885Z
sensor.camera_e_temperatura,31.1,2026-08-17T15:17:40.956Z
sensor.camera_e_temperatura,31.12,2026-08-17T15:32:44.742Z
sensor.camera_e_temperatura,31.14,2026-08-17T15:52:49.736Z
sensor.camera_e_temperatura,31.1,2026-08-17T16:07:52.913Z
sensor.camera_e_temperatura,31.16,2026-08-17T16:27:57.006Z
sensor.camera_e_temperatura,31.15,2026-08-17T16:48:03.036Z
sensor.camera_e_temperatura,31.18,2026-08-17T17:03:06.751Z
sensor.camera_e_temperatura,31.2,2026-08-17T17:23:11.734Z
sensor.camera_e_temperatura,31.21,2026-08-17T17:43:16.764Z
sensor.camera_e_temperatura,31.22,2026-08-17T18:18:25.937Z
sensor.camera_e_temperatura,31.2,2026-08-17T18:53:35.742Z
sensor.camera_e_temperatura,31.17,2026-08-17T19:28:44.886Z
sensor.camera_e_temperatura,31.18,2026-08-17T19:43:47.731Z
sensor.camera_e_temperatura,31.14,2026-08-17T20:03:52.864Z
sensor.camera_e_temperatura,31.1,2026-08-17T20:18:56.929Z
sensor.camera_e_temperatura,31.11,2026-08-17T20:34:00.773Z
sensor.camera_e_temperatura,31.08,2026-08-17T20:54:06.722Z
sensor.camera_e_temperatura,31.04,2026-08-17T21:09:09.923Z
sensor.camera_e_temperatura,31.03,2026-08-17T21:29:15.859Z
sensor.camera_e_temperatura,31.0,2026-08-17T21:44:22.730Z
sensor.camera_e_temperatura,30.99,2026-08-17T22:04:27.752Z
sensor.camera_e_temperatura,30.98,2026-08-17T22:19:31.909Z
sensor.camera_e_temperatura,30.95,2026-08-17T22:34:34.797Z
sensor.camera_e_temperatura,30.93,2026-08-17T23:09:43.946Z
sensor.camera_e_temperatura,30.92,2026-08-17T23:24:47.748Z
sensor.camera_e_temperatura,30.9,2026-08-17T23:44:51.711Z
sensor.camera_e_temperatura,30.88,2026-08-17T23:59:55.872Z
sensor.camera_e_temperatura,30.86,2026-08-18T00:14:58.764Z
sensor.camera_e_temperatura,30.82,2026-08-18T00:35:03.732Z
sensor.camera_e_temperatura,30.78,2026-08-18T01:05:10.759Z
sensor.camera_e_temperatura,30.77,2026-08-18T01:20:13.895Z
sensor.camera_e_temperatura,30.74,2026-08-18T01:40:17.940Z
sensor.camera_e_temperatura,30.72,2026-08-18T02:00:22.889Z
sensor.camera_e_temperatura,30.69,2026-08-18T02:15:26.761Z
sensor.camera_e_temperatura,30.67,2026-08-18T02:35:35.748Z
sensor.camera_e_temperatura,30.65,2026-08-18T02:50:38.892Z
sensor.camera_e_temperatura,30.61,2026-08-18T03:10:43.914Z
sensor.camera_e_temperatura,30.55,2026-08-18T03:45:51.736Z
sensor.camera_e_temperatura,30.53,2026-08-18T04:05:55.754Z
sensor.camera_e_temperatura,30.52,2026-08-18T04:25:59.730Z
sensor.camera_e_temperatura,30.49,2026-08-18T04:41:03.984Z
sensor.camera_e_temperatura,30.48,2026-08-18T05:01:08.901Z
sensor.camera_e_temperatura,30.44,2026-08-18T05:16:11.786Z
sensor.camera_e_temperatura,30.41,2026-08-18T05:56:20.803Z
sensor.camera_e_temperatura,30.38,2026-08-18T06:31:31.965Z
sensor.camera_e_temperatura,30.39,2026-08-18T07:01:39.988Z
sensor.camera_e_temperatura,30.38,2026-08-18T07:21:44.913Z
sensor.camera_e_temperatura,30.39,2026-08-18T07:36:47.779Z
sensor.camera_e_temperatura,30.38,2026-08-18T07:56:52.755Z
sensor.camera_e_temperatura,30.4,2026-08-18T08:11:55.984Z
sensor.camera_e_temperatura,30.39,2026-08-18T08:32:00.934Z
sensor.camera_e_temperatura,30.38,2026-08-18T08:52:06.977Z
sensor.camera_e_temperatura,30.41,2026-08-18T09:07:11.762Z
sensor.camera_e_temperatura,30.43,2026-08-18T09:22:14.938Z
sensor.camera_e_temperatura,30.44,2026-08-18T09:42:20.887Z
sensor.camera_e_temperatura,30.46,2026-08-18T10:12:30.974Z
sensor.camera_e_temperatura,30.48,2026-08-18T10:47:39.749Z
sensor.camera_e_temperatura,30.5,2026-08-18T11:02:42.907Z
sensor.camera_e_temperatura,30.52,2026-08-18T11:17:49.751Z
sensor.camera_e_temperatura,30.56,2026-08-18T11:37:54.759Z
sensor.camera_e_temperatura,30.6,2026-08-18T11:57:59.765Z
sensor.camera_e_temperatura,30.65,2026-08-18T12:13:03.949Z
sensor.camera_e_temperatura,30.7,2026-08-18T12:33:08.918Z
sensor.camera_e_temperatura,30.75,2026-08-18T12:48:12.715Z
sensor.camera_e_temperatura,30.78,2026-08-18T13:03:15.985Z
sensor.camera_e_temperatura,30.83,2026-08-18T13:23:21.914Z
sensor.camera_e_temperatura,30.87,2026-08-18T13:38:25.756Z
sensor.camera_e_temperatura,30.9,2026-08-18T13:58:31.808Z
sensor.camera_e_temperatura,30.93,2026-08-18T14:13:44.054Z
sensor.camera_e_temperatura,30.96,2026-08-18T14:28:47.759Z
sensor.camera_e_temperatura,30.98,2026-08-18T14:43:51.892Z
sensor.camera_e_temperatura,30.99,2026-08-18T15:03:56.990Z
sensor.camera_e_temperatura,31.0,2026-08-18T15:19:01.772Z
sensor.camera_e_temperatura,31.03,2026-08-18T15:39:06.786Z
sensor.camera_e_temperatura,31.04,2026-08-18T16:14:13.885Z
sensor.camera_e_temperatura,31.06,2026-08-18T16:34:17.987Z
sensor.camera_e_temperatura,31.08,2026-08-18T16:54:22.894Z
sensor.camera_e_temperatura,31.1,2026-08-18T17:09:26.759Z
sensor.camera_e_temperatura,31.09,2026-08-18T17:29:31.761Z
sensor.camera_e_temperatura,31.11,2026-08-18T17:44:35.976Z
sensor.camera_e_temperatura,31.1,2026-08-18T18:04:40.886Z
sensor.camera_e_temperatura,31.08,2026-08-18T18:39:49.794Z
sensor.camera_e_temperatura,31.06,2026-08-18T18:59:53.724Z
sensor.camera_e_temperatura,31.04,2026-08-18T19:19:57.759Z
sensor.camera_e_temperatura,31.02,2026-08-18T19:35:00.957Z
sensor.camera_e_temperatura,31.01,2026-08-18T19:50:05.765Z
sensor.camera_e_temperatura,30.99,2026-08-18T20:10:10.780Z
sensor.camera_e_temperatura,30.97,2026-08-18T20:25:14.928Z
sensor.camera_e_temperatura,30.98,2026-08-18T20:45:19.915Z
sensor.camera_e_temperatura,30.96,2026-08-18T21:00:23.765Z
sensor.camera_e_temperatura,30.94,2026-08-18T21:20:29.759Z
sensor.camera_e_temperatura,30.92,2026-08-18T21:40:34.768Z
sensor.camera_e_temperatura,30.9,2026-08-18T22:00:39.744Z
sensor.camera_e_temperatura,30.89,2026-08-18T22:15:42.971Z
sensor.camera_e_temperatura,30.86,2026-08-18T22:30:47.788Z
sensor.camera_e_temperatura,30.84,2026-08-18T22:50:53.738Z
sensor.camera_e_temperatura,30.8,2026-08-18T23:26:00.953Z
sensor.camera_e_temperatura,30.79,2026-08-18T23:46:06.998Z
sensor.camera_e_temperatura,30.75,2026-08-19T00:01:11.791Z
sensor.camera_e_temperatura,30.74,2026-08-19T00:41:22.754Z
sensor.camera_e_temperatura,30.72,2026-08-19T00:56:26.934Z
sensor.camera_e_temperatura,30.7,2026-08-19T01:16:32.903Z
sensor.camera_e_temperatura,30.68,2026-08-19T01:26:38.872Z
sensor.camera_e_temperatura,30.63,2026-08-19T02:06:51.972Z
sensor.camera_e_temperatura,30.61,2026-08-19T02:26:56.995Z
sensor.camera_e_temperatura,30.62,2026-08-19T02:42:01.768Z
sensor.camera_e_temperatura,30.59,2026-08-19T03:02:07.787Z
sensor.camera_e_temperatura,30.55,2026-08-19T03:17:11.009Z
sensor.camera_e_temperatura,30.5,2026-08-19T03:52:20.796Z
sensor.camera_e_temperatura,30.48,2026-08-19T04:22:29.764Z
sensor.camera_e_temperatura,30.47,2026-08-19T04:37:33.910Z
sensor.camera_e_temperatura,30.48,2026-08-19T04:57:38.877Z
sensor.camera_e_temperatura,30.46,2026-08-19T05:12:42.769Z
sensor.camera_e_temperatura,30.45,2026-08-19T05:32:46.756Z
sensor.camera_e_temperatura,30.44,2026-08-19T06:17:57.970Z
sensor.camera_e_temperatura,30.45,2026-08-19T06:38:02.944Z
sensor.camera_e_temperatura,30.44,2026-08-19T06:53:07.770Z
sensor.camera_e_temperatura,30.45,2026-08-19T07:28:17.988Z
sensor.camera_e_temperatura,30.46,2026-08-19T07:43:22.795Z
sensor.camera_e_temperatura,30.47,2026-08-19T08:18:31.918Z
sensor.camera_e_temperatura,30.48,2026-08-19T08:33:35.769Z
sensor.camera_e_temperatura,30.49,2026-08-19T08:53:40.773Z
sensor.camera_e_temperatura,30.5,2026-08-19T09:43:50.799Z
sensor.camera_e_temperatura,30.52,2026-08-19T09:58:54.925Z
sensor.camera_e_temperatura,30.54,2026-08-19T10:19:00.952Z
sensor.camera_e_temperatura,30.59,2026-08-19T10:39:06.902Z
sensor.camera_e_temperatura,30.62,2026-08-19T10:59:11.925Z
sensor.camera_e_temperatura,30.65,2026-08-19T11:14:16.763Z
sensor.camera_e_temperatura,30.7,2026-08-19T11:34:22.809Z
sensor.camera_e_temperatura,30.76,2026-08-19T11:54:26.772Z
sensor.camera_e_temperatura,30.78,2026-08-19T12:09:30.932Z
sensor.camera_e_temperatura,30.84,2026-08-19T12:29:36.939Z
sensor.camera_e_temperatura,30.91,2026-08-19T12:44:41.778Z
sensor.camera_e_temperatura,30.93,2026-08-19T13:04:47.782Z
sensor.camera_e_temperatura,30.98,2026-08-19T13:24:53.842Z
sensor.camera_e_temperatura,31.01,2026-08-19T13:39:57.925Z
sensor.camera_e_temperatura,31.07,2026-08-19T14:00:04.937Z
sensor.camera_e_temperatura,31.11,2026-08-19T14:15:09.766Z
sensor.camera_e_temperatura,31.15,2026-08-19T14:35:15.789Z
sensor.camera_e_temperatura,31.17,2026-08-19T14:55:20.802Z
sensor.camera_e_temperatura,31.21,2026-08-19T15:10:24.905Z
sensor.camera_e_temperatura,31.22,2026-08-19T15:30:29.968Z
sensor.camera_e_temperatura,31.25,2026-08-19T15:45:33.796Z
sensor.camera_e_temperatura,31.26,2026-08-19T16:20:43.983Z
sensor.camera_e_temperatura,31.29,2026-08-19T16:40:48.969Z
sensor.camera_e_temperatura,31.32,2026-08-19T17:00:53.935Z
sensor.camera_e_temperatura,31.31,2026-08-19T17:51:08.931Z
sensor.camera_e_temperatura,31.34,2026-08-19T18:06:13.794Z
sensor.camera_e_temperatura,31.33,2026-08-19T18:26:19.790Z
sensor.camera_e_temperatura,31.34,2026-08-19T18:46:25.789Z
sensor.camera_e_temperatura,31.33,2026-08-19T19:01:28.965Z
sensor.camera_e_temperatura,31.3,2026-08-19T19:21:33.904Z
sensor.camera_e_temperatura,31.29,2026-08-19T19:36:37.811Z
sensor.camera_e_temperatura,31.27,2026-08-19T19:56:43.792Z
sensor.camera_e_temperatura,31.26,2026-08-19T20:11:46.919Z
sensor.camera_e_temperatura,31.25,2026-08-19T20:31:51.950Z
sensor.camera_e_temperatura,31.23,2026-08-19T21:07:02.783Z
sensor.camera_e_temperatura,31.2,2026-08-19T21:27:08.777Z
sensor.camera_e_temperatura,31.19,2026-08-19T21:42:12.912Z
sensor.camera_e_temperatura,31.18,2026-08-19T22:17:26.811Z
sensor.camera_e_temperatura,31.16,2026-08-19T22:37:32.785Z
sensor.camera_e_temperatura,31.12,2026-08-19T22:52:36.959Z
sensor.camera_e_temperatura,31.11,2026-08-19T23:12:42.923Z
sensor.camera_e_temperatura,31.09,2026-08-19T23:27:47.767Z
sensor.camera_e_temperatura,31.1,2026-08-19T23:47:53.792Z
sensor.camera_e_temperatura,31.08,2026-08-20T00:02:57.908Z
sensor.camera_e_temperatura,31.05,2026-08-20T00:38:07.760Z
sensor.camera_e_temperatura,31.03,2026-08-20T01:18:19.817Z
sensor.camera_e_temperatura,31.02,2026-08-20T01:53:28.884Z
sensor.camera_e_temperatura,31.0,2026-08-20T02:13:32.900Z
sensor.camera_e_temperatura,31.01,2026-08-20T02:28:35.765Z
sensor.camera_e_temperatura,30.98,2026-08-20T02:43:39.890Z
sensor.camera_e_temperatura,30.99,2026-08-20T02:58:43.741Z
sensor.camera_e_temperatura,30.97,2026-08-20T03:18:47.738Z
sensor.camera_e_temperatura,30.95,2026-08-20T03:38:52.737Z
sensor.camera_e_temperatura,30.94,2026-08-20T04:14:03.042Z
sensor.camera_e_temperatura,30.92,2026-08-20T04:29:07.816Z
sensor.camera_e_temperatura,30.91,2026-08-20T04:49:13.764Z
sensor.camera_e_temperatura,30.9,2026-08-20T05:04:16.941Z
sensor.camera_e_temperatura,30.89,2026-08-20T05:39:25.761Z
sensor.camera_e_temperatura,30.85,2026-08-20T05:59:31.754Z
sensor.camera_e_temperatura,30.86,2026-08-20T06:14:35.965Z
sensor.camera_e_temperatura,30.85,2026-08-20T06:29:39.764Z
sensor.camera_e_temperatura,30.83,2026-08-20T06:49:44.769Z
sensor.camera_e_temperatura,30.82,2026-08-20T07:04:48.947Z
sensor.camera_e_temperatura,30.85,2026-08-20T07:19:53.794Z
sensor.camera_e_temperatura,30.83,2026-08-20T07:39:59.780Z
sensor.camera_e_temperatura,30.81,2026-08-20T07:55:04.942Z
sensor.camera_e_temperatura,30.82,2026-08-20T08:10:08.818Z
sensor.camera_e_temperatura,30.83,2026-08-20T09:20:27.763Z
sensor.camera_e_temperatura,30.84,2026-08-20T09:35:31.000Z
sensor.camera_e_temperatura,30.86,2026-08-20T09:55:40.933Z
sensor.camera_e_temperatura,30.88,2026-08-20T10:10:44.779Z
sensor.camera_e_temperatura,30.89,2026-08-20T10:45:53.892Z
sensor.camera_e_temperatura,30.93,2026-08-20T11:00:56.753Z
sensor.camera_e_temperatura,30.94,2026-08-20T11:15:59.878Z
sensor.camera_e_temperatura,30.96,2026-08-20T11:36:03.914Z
sensor.camera_e_temperatura,30.97,2026-08-20T11:56:08.943Z
sensor.camera_e_temperatura,30.98,2026-08-20T12:11:13.758Z
sensor.camera_e_temperatura,31.01,2026-08-20T12:26:16.882Z
sensor.camera_e_temperatura,31.04,2026-08-20T13:06:25.906Z
sensor.camera_e_temperatura,31.08,2026-08-20T13:21:28.801Z
sensor.camera_e_temperatura,31.12,2026-08-20T13:42:04.777Z
sensor.camera_e_temperatura,31.14,2026-08-20T13:57:08.927Z
sensor.camera_e_temperatura,31.17,2026-08-20T14:17:14.892Z
sensor.camera_e_temperatura,31.18,2026-08-20T15:07:27.914Z
sensor.camera_e_temperatura,31.16,2026-08-20T15:27:31.943Z
sensor.camera_e_temperatura,31.14,2026-08-20T15:42:35.765Z
sensor.camera_e_temperatura,31.11,2026-08-20T16:02:40.767Z
sensor.camera_e_temperatura,31.12,2026-08-20T16:17:43.914Z
sensor.camera_e_temperatura,31.06,2026-08-20T16:37:47.905Z
sensor.camera_e_temperatura,31.02,2026-08-20T17:07:54.921Z
sensor.camera_e_temperatura,31.0,2026-08-20T17:28:01.109Z
sensor.camera_e_temperatura,30.97,2026-08-20T17:43:05.780Z
sensor.camera_e_temperatura,30.93,2026-08-20T17:58:09.925Z
sensor.camera_e_temperatura,30.9,2026-08-20T18:18:14.987Z
sensor.camera_e_temperatura,30.84,2026-08-20T18:33:18.804Z
sensor.camera_e_temperatura,30.81,2026-08-20T18:53:23.811Z
sensor.camera_e_temperatura,30.78,2026-08-20T19:08:26.939Z
sensor.camera_e_temperatura,30.75,2026-08-20T19:23:31.753Z
sensor.camera_e_temperatura,30.73,2026-08-20T19:43:36.759Z
sensor.camera_e_temperatura,30.68,2026-08-20T19:58:39.989Z
sensor.camera_e_temperatura,30.66,2026-08-20T20:18:45.919Z
sensor.camera_e_temperatura,30.6,2026-08-20T20:38:51.028Z
sensor.camera_e_temperatura,30.55,2026-08-20T21:14:01.888Z
sensor.camera_e_temperatura,30.51,2026-08-20T21:34:07.890Z
sensor.camera_e_temperatura,30.49,2026-08-20T21:49:12.086Z
sensor.camera_e_temperatura,30.47,2026-08-20T22:09:18.028Z
sensor.camera_e_temperatura,30.45,2026-08-20T22:24:22.910Z
sensor.camera_e_temperatura,30.44,2026-08-20T22:39:27.002Z
sensor.camera_e_temperatura,30.41,2026-08-20T22:59:33.109Z
sensor.camera_e_temperatura,30.35,2026-08-20T23:34:43.864Z
sensor.camera_e_temperatura,30.33,2026-08-20T23:54:49.907Z
sensor.camera_e_temperatura,30.29,2026-08-21T00:09:54.013Z
sensor.camera_e_temperatura,30.3,2026-08-21T00:30:01.068Z
sensor.camera_e_temperatura,30.23,2026-08-21T00:45:06.889Z
sensor.camera_e_temperatura,30.21,2026-08-21T01:05:12.864Z
sensor.camera_e_temperatura,30.18,2026-08-21T01:25:18.878Z
sensor.camera_e_temperatura,30.16,2026-08-21T01:40:23.025Z
sensor.camera_e_temperatura,30.15,2026-08-21T02:00:29.017Z
sensor.camera_e_temperatura,30.1,2026-08-21T02:15:34.866Z
sensor.camera_e_temperatura,30.08,2026-08-21T02:35:40.861Z
sensor.camera_e_temperatura,30.04,2026-08-21T02:50:45.018Z
sensor.camera_e_temperatura,30.02,2026-08-21T03:10:52.030Z
sensor.camera_e_temperatura,30.0,2026-08-21T03:25:56.875Z
sensor.camera_e_temperatura,29.99,2026-08-21T03:41:01.029Z
sensor.camera_e_temperatura,29.98,2026-08-21T04:01:08.080Z
sensor.camera_e_temperatura,29.96,2026-08-21T04:16:12.868Z
sensor.camera_e_temperatura,29.94,2026-08-21T04:36:18.878Z
sensor.camera_e_temperatura,29.93,2026-08-21T04:51:23.080Z
sensor.camera_e_temperatura,29.9,2026-08-21T05:11:29.026Z
sensor.camera_e_temperatura,29.88,2026-08-21T05:26:33.902Z
sensor.camera_e_temperatura,29.87,2026-08-21T05:41:39.103Z
sensor.camera_e_temperatura,29.86,2026-08-21T06:01:45.060Z
sensor.camera_e_temperatura,29.84,2026-08-21T06:16:50.876Z
sensor.camera_e_temperatura,29.8,2026-08-21T06:36:56.929Z
sensor.camera_e_temperatura,29.75,2026-08-21T07:12:09.008Z
sensor.camera_e_temperatura,29.74,2026-08-21T07:32:15.040Z
sensor.camera_e_temperatura,29.72,2026-08-21T07:47:19.901Z
sensor.camera_e_temperatura,29.7,2026-08-21T08:22:30.904Z
sensor.camera_e_temperatura,29.67,2026-08-21T08:42:34.921Z
sensor.camera_e_temperatura,29.66,2026-08-21T09:02:43.933Z
sensor.camera_e_temperatura,29.64,2026-08-21T09:22:49.969Z
sensor.camera_e_temperatura,29.6,2026-08-21T09:37:53.811Z
sensor.camera_e_temperatura,29.59,2026-08-21T09:57:59.782Z
sensor.camera_e_temperatura,29.57,2026-08-21T10:13:03.135Z
sensor.camera_e_temperatura,29.56,2026-08-21T10:33:08.887Z
sensor.camera_e_temperatura,29.53,2026-08-21T10:48:12.754Z
sensor.camera_e_temperatura,29.54,2026-08-21T11:03:16.918Z
sensor.camera_e_temperatura,29.51,2026-08-21T11:23:21.903Z
sensor.camera_e_temperatura,29.5,2026-08-21T11:43:25.918Z
sensor.camera_e_temperatura,29.49,2026-08-21T12:33:39.906Z
sensor.camera_e_temperatura,29.5,2026-08-21T13:08:48.764Z
sensor.camera_e_temperatura,29.49,2026-08-21T13:48:59.793Z
sensor.camera_e_temperatura,29.48,2026-08-21T14:04:03.923Z
sensor.camera_e_temperatura,29.49,2026-08-21T14:24:09.922Z
sensor.camera_e_temperatura,29.5,2026-08-21T14:44:16.924Z
sensor.camera_e_temperatura,29.55,2026-08-21T15:19:25.798Z
sensor.camera_e_temperatura,29.56,2026-08-21T15:39:30.776Z
sensor.camera_e_temperatura,29.62,2026-08-21T15:54:34.946Z
sensor.camera_e_temperatura,29.67,2026-08-21T16:09:39.792Z
sensor.camera_e_temperatura,29.7,2026-08-21T16:29:44.761Z
sensor.camera_e_temperatura,29.71,2026-08-21T16:49:49.775Z
sensor.camera_e_temperatura,29.73,2026-08-21T17:04:54.045Z
sensor.camera_e_temperatura,29.74,2026-08-21T17:24:59.938Z
sensor.camera_e_temperatura,29.77,2026-08-21T17:45:06.912Z
sensor.camera_e_temperatura,29.76,2026-08-21T18:35:20.040Z
sensor.camera_e_temperatura,29.72,2026-08-21T18:55:25.923Z
sensor.camera_e_temperatura,29.7,2026-08-21T19:10:30.796Z
sensor.camera_e_temperatura,29.62,2026-08-21T19:25:33.956Z
sensor.camera_e_temperatura,29.57,2026-08-21T19:45:39.913Z
sensor.camera_e_temperatura,29.54,2026-08-21T20:00:42.789Z
sensor.camera_e_temperatura,29.52,2026-08-21T20:20:48.747Z
sensor.camera_e_temperatura,29.49,2026-08-21T20:35:52.964Z
sensor.camera_e_temperatura,29.47,2026-08-21T20:50:56.774Z
sensor.camera_e_temperatura,29.45,2026-08-21T21:11:01.749Z
sensor.camera_e_temperatura,29.43,2026-08-21T21:26:05.970Z
sensor.camera_e_temperatura,29.4,2026-08-21T21:46:10.937Z
sensor.camera_e_temperatura,29.34,2026-08-21T22:01:15.756Z
sensor.camera_e_temperatura,29.31,2026-08-21T22:16:19.973Z
sensor.camera_e_temperatura,29.27,2026-08-21T22:36:25.924Z
sensor.camera_e_temperatura,29.22,2026-08-21T22:51:29.775Z
sensor.camera_e_temperatura,29.23,2026-08-21T23:06:32.895Z
sensor.camera_e_temperatura,29.2,2026-08-21T23:26:36.898Z
sensor.camera_e_temperatura,29.16,2026-08-21T23:46:41.989Z
sensor.camera_e_temperatura,29.14,2026-08-22T00:01:46.765Z
sensor.camera_e_temperatura,29.09,2026-08-22T00:21:51.767Z
sensor.camera_e_temperatura,29.08,2026-08-22T00:36:54.992Z
sensor.camera_e_temperatura,29.04,2026-08-22T00:51:59.748Z
sensor.camera_e_temperatura,29.02,2026-08-22T01:27:08.907Z
sensor.camera_e_temperatura,29.0,2026-08-22T01:42:12.783Z
sensor.camera_e_temperatura,28.98,2026-08-22T01:57:15.966Z
sensor.camera_e_temperatura,28.97,2026-08-22T02:12:19.928Z
sensor.camera_e_temperatura,28.95,2026-08-22T02:32:24.739Z
sensor.camera_e_temperatura,28.93,2026-08-22T02:47:28.901Z
sensor.camera_e_temperatura,28.91,2026-08-22T03:07:33.896Z
sensor.camera_e_temperatura,28.89,2026-08-22T03:22:36.755Z
sensor.camera_e_temperatura,28.84,2026-08-22T03:42:41.798Z
sensor.camera_e_temperatura,28.8,2026-08-22T03:57:44.931Z
sensor.camera_e_temperatura,28.78,2026-08-22T04:17:49.994Z
sensor.camera_e_temperatura,28.75,2026-08-22T04:37:55.941Z
sensor.camera_e_temperatura,28.74,2026-08-22T04:52:59.760Z
sensor.camera_e_temperatura,28.73,2026-08-22T05:13:04.761Z
sensor.camera_e_temperatura,28.69,2026-08-22T05:28:07.929Z
sensor.camera_e_temperatura,28.65,2026-08-22T05:43:11.771Z
sensor.camera_e_temperatura,28.67,2026-08-22T06:03:16.830Z
sensor.camera_e_temperatura,28.61,2026-08-22T06:23:20.765Z
sensor.camera_e_temperatura,28.59,2026-08-22T06:38:24.916Z
sensor.camera_e_temperatura,28.61,2026-08-22T06:53:28.773Z
sensor.camera_e_temperatura,28.58,2026-08-22T07:13:33.796Z
sensor.camera_e_temperatura,28.59,2026-08-22T07:33:39.757Z
sensor.camera_e_temperatura,28.61,2026-08-22T07:53:44.785Z
sensor.camera_e_temperatura,28.57,2026-08-22T08:08:48.964Z
sensor.camera_e_temperatura,28.58,2026-08-22T08:28:54.942Z
sensor.camera_e_temperatura,28.59,2026-08-22T08:43:59.768Z
sensor.camera_e_temperatura,28.58,2026-08-22T09:04:04.814Z
sensor.camera_e_temperatura,28.6,2026-08-22T09:24:10.831Z
sensor.camera_e_temperatura,28.59,2026-08-22T10:14:24.778Z
sensor.camera_e_temperatura,28.65,2026-08-22T10:34:30.756Z
sensor.camera_e_temperatura,28.69,2026-08-22T10:54:35.784Z
sensor.camera_e_temperatura,28.72,2026-08-22T11:09:39.950Z
sensor.camera_e_temperatura,28.74,2026-08-22T11:29:44.927Z
sensor.camera_e_temperatura,28.77,2026-08-22T11:44:49.776Z
sensor.camera_e_temperatura,28.81,2026-08-22T11:59:54.011Z
sensor.camera_e_temperatura,28.87,2026-08-22T12:14:58.797Z
sensor.camera_e_temperatura,28.91,2026-08-22T12:35:03.803Z
sensor.camera_e_temperatura,28.95,2026-08-22T12:50:07.991Z
sensor.camera_e_temperatura,28.96,2026-08-22T13:05:12.757Z
sensor.camera_e_temperatura,28.98,2026-08-22T13:20:24.921Z
sensor.camera_e_temperatura,29.02,2026-08-22T13:40:29.952Z
sensor.camera_e_temperatura,29.04,2026-08-22T13:55:33.812Z
sensor.camera_e_temperatura,29.08,2026-08-22T14:10:37.955Z
sensor.camera_e_temperatura,29.15,2026-08-22T14:30:42.995Z
sensor.camera_e_temperatura,29.19,2026-08-22T14:45:46.773Z
sensor.camera_e_temperatura,29.24,2026-08-22T15:05:55.792Z
sensor.camera_e_temperatura,29.28,2026-08-22T15:20:59.935Z
sensor.camera_e_temperatura,29.32,2026-08-22T15:36:04.803Z
sensor.camera_e_temperatura,29.35,2026-08-22T15:56:08.767Z
sensor.camera_e_temperatura,29.41,2026-08-22T16:11:13.002Z
sensor.camera_e_temperatura,29.44,2026-08-22T16:31:17.931Z
sensor.camera_e_temperatura,29.45,2026-08-22T16:46:22.791Z
sensor.camera_e_temperatura,29.46,2026-08-22T17:06:28.789Z
sensor.camera_e_temperatura,29.48,2026-08-22T17:26:34.788Z
sensor.camera_e_temperatura,29.47,2026-08-22T17:46:40.774Z
sensor.camera_e_temperatura,29.48,2026-08-22T18:01:44.940Z
sensor.camera_e_temperatura,29.46,2026-08-22T19:17:04.775Z
sensor.camera_e_temperatura,29.45,2026-08-22T19:32:07.918Z
sensor.camera_e_temperatura,29.43,2026-08-22T19:47:10.779Z
sensor.camera_e_temperatura,29.4,2026-08-22T20:02:14.897Z
sensor.camera_e_temperatura,29.37,2026-08-22T20:17:17.795Z
sensor.camera_e_temperatura,29.35,2026-08-22T20:37:22.753Z
sensor.camera_e_temperatura,29.31,2026-08-22T20:57:27.755Z
sensor.camera_e_temperatura,29.28,2026-08-22T21:12:31.984Z
sensor.camera_e_temperatura,29.24,2026-08-22T21:32:37.996Z
sensor.camera_e_temperatura,29.23,2026-08-22T21:47:41.767Z
sensor.camera_e_temperatura,29.17,2026-08-22T22:07:50.773Z
sensor.camera_e_temperatura,29.16,2026-08-22T22:22:55.008Z
sensor.camera_e_temperatura,29.12,2026-08-22T22:42:59.957Z
sensor.camera_e_temperatura,29.09,2026-08-22T23:03:05.971Z
sensor.camera_e_temperatura,29.06,2026-08-22T23:18:09.737Z
sensor.camera_e_temperatura,29.03,2026-08-22T23:33:13.966Z
sensor.camera_e_temperatura,28.98,2026-08-22T23:53:19.902Z
sensor.camera_e_temperatura,28.96,2026-08-23T00:13:23.917Z
sensor.camera_e_temperatura,28.95,2026-08-23T00:28:26.745Z
sensor.camera_e_temperatura,28.93,2026-08-23T00:48:31.774Z
sensor.camera_e_temperatura,28.91,2026-08-23T01:03:35.004Z
sensor.camera_e_temperatura,28.87,2026-08-23T01:23:40.980Z
sensor.camera_e_temperatura,28.82,2026-08-23T01:38:45.748Z
sensor.camera_e_temperatura,28.81,2026-08-23T01:53:49.905Z
sensor.camera_e_temperatura,28.76,2026-08-23T02:13:53.964Z
sensor.camera_e_temperatura,28.74,2026-08-23T02:49:03.763Z
sensor.camera_e_temperatura,28.71,2026-08-23T03:04:07.905Z
sensor.camera_e_temperatura,28.68,2026-08-23T03:24:12.947Z
sensor.camera_e_temperatura,28.66,2026-08-23T03:39:17.766Z
sensor.camera_e_temperatura,28.64,2026-08-23T03:54:21.970Z
sensor.camera_e_temperatura,28.62,2026-08-23T04:14:30.892Z
sensor.camera_e_temperatura,28.59,2026-08-23T04:29:34.762Z
sensor.camera_e_temperatura,28.57,2026-08-23T04:49:40.747Z
sensor.camera_e_temperatura,28.55,2026-08-23T05:04:44.927Z
sensor.camera_e_temperatura,28.51,2026-08-23T05:19:49.760Z
sensor.camera_e_temperatura,28.5,2026-08-23T05:39:55.770Z
sensor.camera_e_temperatura,28.54,2026-08-23T06:00:02.486Z
sensor.camera_e_temperatura,28.55,2026-08-23T06:15:06.917Z
sensor.camera_e_temperatura,28.54,2026-08-23T06:30:09.791Z
sensor.camera_e_temperatura,28.53,2026-08-23T07:40:28.771Z
sensor.camera_e_temperatura,28.55,2026-08-23T08:00:34.800Z
sensor.camera_e_temperatura,28.56,2026-08-23T08:30:42.838Z
sensor.camera_e_temperatura,28.55,2026-08-23T08:50:48.770Z
sensor.camera_e_temperatura,28.58,2026-08-23T09:05:52.992Z
sensor.camera_e_temperatura,28.61,2026-08-23T09:41:03.790Z
sensor.camera_e_temperatura,28.59,2026-08-23T10:01:09.787Z
sensor.camera_e_temperatura,28.63,2026-08-23T10:16:12.940Z
sensor.camera_e_temperatura,28.64,2026-08-23T10:36:18.882Z
sensor.camera_e_temperatura,28.66,2026-08-23T10:51:22.784Z
sensor.camera_e_temperatura,28.7,2026-08-23T11:11:27.760Z
sensor.camera_e_temperatura,28.73,2026-08-23T11:31:32.779Z
sensor.camera_e_temperatura,28.75,2026-08-23T11:46:35.917Z
sensor.camera_e_temperatura,28.78,2026-08-23T12:01:39.778Z
sensor.camera_e_temperatura,28.82,2026-08-23T12:21:44.784Z
sensor.camera_e_temperatura,28.87,2026-08-23T12:41:49.775Z
sensor.camera_e_temperatura,28.91,2026-08-23T12:56:53.928Z
sensor.camera_e_temperatura,28.97,2026-08-23T13:16:59.964Z
sensor.camera_e_temperatura,28.98,2026-08-23T13:32:04.839Z
sensor.camera_e_temperatura,29.0,2026-08-23T13:52:09.790Z
sensor.camera_e_temperatura,29.02,2026-08-23T14:07:12.928Z
sensor.camera_e_temperatura,29.08,2026-08-23T14:27:17.976Z
sensor.camera_e_temperatura,29.1,2026-08-23T14:42:28.771Z
sensor.camera_e_temperatura,29.17,2026-08-23T15:02:33.805Z
sensor.camera_e_temperatura,29.2,2026-08-23T15:22:43.750Z
sensor.camera_e_temperatura,29.24,2026-08-23T15:37:47.919Z
sensor.camera_e_temperatura,29.29,2026-08-23T15:52:51.781Z
sensor.camera_e_temperatura,29.3,2026-08-23T16:12:57.783Z
sensor.camera_e_temperatura,29.32,2026-08-23T16:28:01.991Z
sensor.camera_e_temperatura,29.36,2026-08-23T16:48:07.998Z
sensor.camera_e_temperatura,29.38,2026-08-23T17:03:12.782Z
sensor.camera_e_temperatura,29.41,2026-08-23T17:23:17.761Z
sensor.camera_e_temperatura,29.42,2026-08-23T17:38:22.008Z
sensor.camera_e_temperatura,29.44,2026-08-23T17:58:27.916Z
sensor.camera_e_temperatura,29.43,2026-08-23T18:18:31.988Z
sensor.camera_e_temperatura,29.42,2026-08-23T18:33:36.775Z
sensor.camera_e_temperatura,29.43,2026-08-23T18:53:41.795Z
sensor.camera_e_temperatura,29.4,2026-08-23T19:08:45.898Z
sensor.camera_e_temperatura,29.37,2026-08-23T19:28:50.910Z
sensor.camera_e_temperatura,29.35,2026-08-23T19:43:53.798Z
sensor.camera_e_temperatura,29.31,2026-08-23T20:03:57.804Z
sensor.camera_e_temperatura,29.28,2026-08-23T20:24:03.790Z
sensor.camera_e_temperatura,29.27,2026-08-23T20:39:07.945Z
sensor.camera_e_temperatura,29.25,2026-08-23T20:59:13.930Z
sensor.camera_e_temperatura,29.23,2026-08-23T21:19:19.927Z
sensor.camera_e_temperatura,29.2,2026-08-23T21:34:24.786Z
sensor.camera_e_temperatura,29.18,2026-08-23T21:54:29.768Z
sensor.camera_e_temperatura,29.15,2026-08-23T22:09:33.895Z
sensor.camera_e_temperatura,29.14,2026-08-23T22:29:37.974Z
sensor.camera_e_temperatura,29.13,2026-08-23T22:44:41.771Z
sensor.camera_e_temperatura,29.1,2026-08-23T23:04:47.774Z
sensor.camera_e_temperatura,29.09,2026-08-23T23:19:51.974Z
sensor.camera_e_temperatura,29.07,2026-08-23T23:39:56.902Z
sensor.camera_e_temperatura,29.05,2026-08-24T00:00:01.160Z
sensor.camera_e_temperatura,29.04,2026-08-24T00:15:05.776Z
sensor.camera_e_temperatura,29.03,2026-08-24T00:30:09.905Z
sensor.camera_e_temperatura,29.01,2026-08-24T00:50:14.983Z
sensor.camera_e_temperatura,28.99,2026-08-24T01:05:19.765Z
sensor.camera_e_temperatura,28.98,2026-08-24T01:45:28.785Z
sensor.camera_e_temperatura,28.97,2026-08-24T02:00:31.908Z
sensor.camera_e_temperatura,28.96,2026-08-24T02:20:36.968Z
sensor.camera_e_temperatura,28.95,2026-08-24T02:35:41.768Z
sensor.camera_e_temperatura,28.94,2026-08-24T02:55:46.827Z
sensor.camera_e_temperatura,28.9,2026-08-24T03:30:57.000Z
sensor.camera_e_temperatura,28.87,2026-08-24T03:51:02.974Z
sensor.camera_e_temperatura,28.86,2026-08-24T04:06:07.803Z
sensor.camera_e_temperatura,28.84,2026-08-24T04:21:10.942Z
sensor.camera_e_temperatura,28.82,2026-08-24T04:41:16.997Z
sensor.camera_e_temperatura,28.8,2026-08-24T05:01:21.941Z
sensor.camera_e_temperatura,28.78,2026-08-24T05:16:26.817Z
sensor.camera_e_temperatura,28.77,2026-08-24T05:36:32.781Z
sensor.camera_e_temperatura,28.76,2026-08-24T05:56:38.806Z
sensor.camera_e_temperatura,28.73,2026-08-24T06:16:43.824Z
sensor.camera_e_temperatura,28.74,2026-08-24T06:31:46.967Z
sensor.camera_e_temperatura,28.73,2026-08-24T06:51:52.966Z
sensor.camera_e_temperatura,28.72,2026-08-24T07:27:03.813Z
sensor.camera_e_temperatura,28.71,2026-08-24T07:47:08.782Z
sensor.camera_e_temperatura,28.7,2026-08-24T08:02:12.956Z
sensor.camera_e_temperatura,28.73,2026-08-24T08:17:17.838Z
sensor.camera_e_temperatura,28.72,2026-08-24T08:37:23.798Z
sensor.camera_e_temperatura,28.71,2026-08-24T08:57:28.805Z
sensor.camera_e_temperatura,28.72,2026-08-24T09:17:33.796Z
sensor.camera_e_temperatura,28.73,2026-08-24T09:32:37.009Z
sensor.camera_e_temperatura,28.75,2026-08-24T09:47:41.814Z
sensor.camera_e_temperatura,28.74,2026-08-24T10:02:56.922Z
sensor.camera_e_temperatura,28.77,2026-08-24T10:23:01.909Z
sensor.camera_e_temperatura,28.81,2026-08-24T10:58:15.777Z
sensor.camera_e_temperatura,28.85,2026-08-24T11:13:19.969Z
sensor.camera_e_temperatura,28.88,2026-08-24T11:28:24.785Z
sensor.camera_e_temperatura,28.92,2026-08-24T11:48:30.776Z
sensor.camera_e_temperatura,28.96,2026-08-24T12:08:36.760Z
sensor.camera_e_temperatura,28.98,2026-08-24T12:23:41.033Z
sensor.camera_e_temperatura,29.01,2026-08-24T12:43:47.014Z
sensor.camera_e_temperatura,29.03,2026-08-24T13:03:52.977Z
sensor.camera_e_temperatura,29.08,2026-08-24T13:18:57.773Z
sensor.camera_e_temperatura,29.11,2026-08-24T13:34:01.967Z
sensor.camera_e_temperatura,29.17,2026-08-24T13:54:07.990Z
sensor.camera_e_temperatura,29.21,2026-08-24T14:09:12.792Z
sensor.camera_e_temperatura,29.23,2026-08-24T14:24:15.922Z
sensor.camera_e_temperatura,29.26,2026-08-24T14:39:20.808Z
sensor.camera_e_temperatura,29.28,2026-08-24T14:59:25.798Z
sensor.camera_e_temperatura,29.36,2026-08-24T15:14:28.911Z
sensor.camera_e_temperatura,29.4,2026-08-24T15:34:32.918Z
sensor.camera_e_temperatura,29.41,2026-08-24T15:49:35.785Z
sensor.camera_e_temperatura,29.45,2026-08-24T16:09:41.782Z
sensor.camera_e_temperatura,29.47,2026-08-24T16:49:53.787Z
sensor.camera_e_temperatura,29.46,2026-08-24T17:40:08.765Z
sensor.camera_e_temperatura,29.47,2026-08-24T17:55:12.977Z
sensor.camera_e_temperatura,29.46,2026-08-24T18:15:19.009Z
sensor.camera_e_temperatura,29.44,2026-08-24T18:35:24.905Z
sensor.camera_e_temperatura,29.43,2026-08-24T19:10:38.774Z
sensor.camera_e_temperatura,29.39,2026-08-24T19:25:49.984Z
sensor.camera_e_temperatura,29.37,2026-08-24T19:40:53.811Z
sensor.camera_e_temperatura,29.36,2026-08-24T20:16:04.025Z
sensor.camera_e_temperatura,29.33,2026-08-24T20:31:08.791Z
sensor.camera_e_temperatura,29.32,2026-08-24T20:46:12.939Z
sensor.camera_e_temperatura,29.29,2026-08-24T21:06:18.968Z
sensor.camera_e_temperatura,29.26,2026-08-24T21:41:33.787Z
sensor.camera_e_temperatura,29.24,2026-08-24T22:01:39.771Z
sensor.camera_e_temperatura,29.23,2026-08-24T22:16:43.946Z
sensor.camera_e_temperatura,29.2,2026-08-24T22:51:54.782Z
sensor.camera_e_temperatura,29.17,2026-08-24T23:32:06.771Z
sensor.camera_e_temperatura,29.18,2026-08-24T23:47:10.922Z
sensor.camera_e_temperatura,29.16,2026-08-25T00:07:15.929Z
sensor.camera_e_temperatura,29.14,2026-08-25T00:27:20.969Z
sensor.camera_e_temperatura,29.12,2026-08-25T00:42:25.780Z
sensor.camera_e_temperatura,29.1,2026-08-25T01:02:30.781Z
sensor.camera_e_temperatura,29.09,2026-08-25T01:17:34.931Z
sensor.camera_e_temperatura,29.08,2026-08-25T01:32:38.779Z
sensor.camera_e_temperatura,29.07,2026-08-25T01:47:42.967Z
sensor.camera_e_temperatura,29.04,2026-08-25T02:02:47.755Z
sensor.camera_e_temperatura,29.03,2026-08-25T02:22:52.754Z
sensor.camera_e_temperatura,29.02,2026-08-25T02:37:55.919Z
sensor.camera_e_temperatura,29.0,2026-08-25T03:13:05.765Z
sensor.camera_e_temperatura,28.98,2026-08-25T03:48:13.955Z
sensor.camera_e_temperatura,28.97,2026-08-25T04:03:17.816Z
sensor.camera_e_temperatura,28.96,2026-08-25T04:23:21.766Z
sensor.camera_e_temperatura,28.95,2026-08-25T04:58:31.898Z
sensor.camera_e_temperatura,28.94,2026-08-25T05:13:34.738Z
sensor.camera_e_temperatura,28.92,2026-08-25T05:33:40.793Z
sensor.camera_e_temperatura,28.9,2026-08-25T05:48:44.975Z
sensor.camera_e_temperatura,28.89,2026-08-25T06:08:51.000Z
sensor.camera_e_temperatura,28.86,2026-08-25T06:38:58.913Z
sensor.camera_e_temperatura,28.85,2026-08-25T06:59:03.907Z
sensor.camera_e_temperatura,28.84,2026-08-25T07:14:06.803Z
sensor.camera_e_temperatura,28.82,2026-08-25T07:34:12.756Z
sensor.camera_e_temperatura,28.81,2026-08-25T07:49:17.054Z
sensor.camera_e_temperatura,28.82,2026-08-25T08:04:21.843Z
sensor.camera_e_temperatura,28.79,2026-08-25T08:24:26.751Z
sensor.camera_e_temperatura,28.78,2026-08-25T08:44:31.767Z
sensor.camera_e_temperatura,28.77,2026-08-25T08:59:35.987Z
sensor.camera_e_temperatura,28.78,2026-08-25T09:34:46.784Z
sensor.camera_e_temperatura,28.76,2026-08-25T09:49:49.935Z
sensor.camera_e_temperatura,28.74,2026-08-25T10:24:59.794Z
sensor.camera_e_temperatura,28.75,2026-08-25T10:45:05.797Z
sensor.camera_e_temperatura,28.77,2026-08-25T11:20:15.016Z
sensor.camera_e_temperatura,28.82,2026-08-25T11:55:25.795Z
sensor.camera_e_temperatura,28.86,2026-08-25T12:10:29.915Z
sensor.camera_e_temperatura,28.91,2026-08-25T12:30:37.291Z
sensor.camera_e_temperatura,28.95,2026-08-25T12:50:42.916Z
sensor.camera_e_temperatura,28.97,2026-08-25T13:10:47.940Z
sensor.camera_e_temperatura,29.0,2026-08-25T13:30:53.941Z
sensor.camera_e_temperatura,29.01,2026-08-25T13:45:58.773Z
sensor.camera_e_temperatura,29.04,2026-08-25T14:06:04.840Z
sensor.camera_e_temperatura,29.08,2026-08-25T14:26:09.798Z
sensor.camera_e_temperatura,29.09,2026-08-25T14:41:13.024Z
sensor.camera_e_temperatura,29.1,2026-08-25T14:56:17.767Z
sensor.camera_e_temperatura,29.15,2026-08-25T15:16:23.757Z
sensor.camera_e_temperatura,29.17,2026-08-25T15:36:28.762Z
sensor.camera_e_temperatura,29.2,2026-08-25T15:51:31.918Z
sensor.camera_e_temperatura,29.24,2026-08-25T16:11:35.954Z
sensor.camera_e_temperatura,29.27,2026-08-25T16:31:40.910Z
sensor.camera_e_temperatura,29.28,2026-08-25T16:51:45.955Z
sensor.camera_e_temperatura,29.29,2026-08-25T17:06:50.803Z
sensor.camera_e_temperatura,29.31,2026-08-25T17:26:56.775Z
sensor.camera_e_temperatura,29.33,2026-08-25T17:47:02.806Z
sensor.camera_e_temperatura,29.35,2026-08-25T18:07:08.757Z
sensor.camera_e_temperatura,29.28,2026-08-25T18:42:17.545Z
sensor.camera_e_temperatura,29.31,2026-08-25T19:02:21.962Z
sensor.camera_e_temperatura,29.28,2026-08-25T19:17:26.762Z
sensor.camera_e_temperatura,29.27,2026-08-25T19:37:32.762Z
sensor.camera_e_temperatura,29.26,2026-08-25T19:52:36.925Z
sensor.camera_e_temperatura,29.22,2026-08-25T20:12:41.935Z
sensor.camera_e_temperatura,29.2,2026-08-25T20:27:46.774Z
sensor.camera_e_temperatura,29.19,2026-08-25T20:47:52.757Z
sensor.camera_e_temperatura,29.17,2026-08-25T21:07:58.755Z
sensor.camera_e_temperatura,29.13,2026-08-25T21:28:03.788Z
sensor.camera_e_temperatura,29.14,2026-08-25T21:43:06.909Z
sensor.camera_e_temperatura,29.13,2026-08-25T21:58:09.754Z
sensor.camera_e_temperatura,29.1,2026-08-25T22:13:14.006Z
sensor.camera_e_temperatura,29.09,2026-08-25T22:33:19.920Z
sensor.camera_e_temperatura,29.06,2026-08-25T22:48:23.773Z
sensor.camera_e_temperatura,29.04,2026-08-25T23:23:32.980Z
sensor.camera_e_temperatura,29.03,2026-08-25T23:43:38.944Z
sensor.camera_e_temperatura,29.01,2026-08-25T23:58:43.784Z
sensor.camera_e_temperatura,29.0,2026-08-26T00:18:48.784Z
sensor.camera_e_temperatura,28.99,2026-08-26T00:53:56.905Z
sensor.camera_e_temperatura,28.97,2026-08-26T01:29:05.794Z
sensor.camera_e_temperatura,28.96,2026-08-26T01:44:09.927Z
sensor.camera_e_temperatura,28.97,2026-08-26T02:04:15.948Z
sensor.camera_e_temperatura,28.96,2026-08-26T02:24:21.994Z
sensor.camera_e_temperatura,28.95,2026-08-26T02:44:27.937Z
sensor.camera_e_temperatura,28.92,2026-08-26T02:59:32.973Z
sensor.camera_e_temperatura,28.91,2026-08-26T03:14:37.932Z
sensor.camera_e_temperatura,28.89,2026-08-26T03:54:49.915Z
sensor.camera_e_temperatura,28.88,2026-08-26T04:09:53.815Z
sensor.camera_e_temperatura,28.83,2026-08-26T04:29:59.784Z
sensor.camera_e_temperatura,28.85,2026-08-26T04:45:03.996Z
sensor.camera_e_temperatura,28.83,2026-08-26T05:05:09.947Z
sensor.camera_e_temperatura,28.82,2026-08-26T05:20:14.778Z
sensor.camera_e_temperatura,28.78,2026-08-26T05:40:20.803Z
sensor.camera_e_temperatura,28.77,2026-08-26T06:00:26.791Z
sensor.camera_e_temperatura,28.79,2026-08-26T06:35:35.980Z
sensor.camera_e_temperatura,28.77,2026-08-26T06:50:40.767Z
sensor.camera_e_temperatura,28.74,2026-08-26T07:05:44.924Z
sensor.camera_e_temperatura,28.76,2026-08-26T07:45:56.994Z
sensor.camera_e_temperatura,28.75,2026-08-26T08:06:03.036Z
sensor.camera_e_temperatura,28.76,2026-08-26T08:36:11.979Z
sensor.camera_e_temperatura,28.77,2026-08-26T08:51:16.785Z
sensor.camera_e_temperatura,28.79,2026-08-26T10:01:37.791Z
sensor.camera_e_temperatura,28.81,2026-08-26T10:21:42.797Z
sensor.camera_e_temperatura,28.83,2026-08-26T10:41:48.774Z
sensor.camera_e_temperatura,28.86,2026-08-26T11:01:54.785Z
sensor.camera_e_temperatura,28.87,2026-08-26T11:16:59.017Z
sensor.camera_e_temperatura,28.91,2026-08-26T11:37:04.952Z
sensor.camera_e_temperatura,28.94,2026-08-26T11:52:38.478Z
sensor.camera_e_temperatura,28.95,2026-08-26T12:07:42.999Z
sensor.camera_e_temperatura,28.97,2026-08-26T12:28:03.783Z
sensor.camera_e_temperatura,29.0,2026-08-26T12:43:07.781Z
sensor.camera_e_temperatura,29.02,2026-08-26T13:03:13.806Z
sensor.camera_e_umidita,39.688748866,2025-12-31T23:00:00.000Z
sensor.camera_e_umidita,40.26332107211111,2026-01-01T00:00:00.000Z
sensor.camera_e_umidita,40.590967771972224,2026-01-01T01:00:00.000Z
sensor.camera_e_umidita,41.10492635966667,2026-01-01T02:00:00.000Z
sensor.camera_e_umidita,41.85765049197222,2026-01-01T03:00:00.000Z
sensor.camera_e_umidita,40.91611331611111,2026-01-01T04:00:00.000Z
sensor.camera_e_umidita,41.543753291,2026-01-01T05:00:00.000Z
sensor.camera_e_umidita,40.60115429919444,2026-01-01T06:00:00.000Z
sensor.camera_e_umidita,38.34516456388889,2026-01-01T07:00:00.000Z
sensor.camera_e_umidita,36.95045327666667,2026-01-01T08:00:00.000Z
sensor.camera_e_umidita,37.488760221,2026-01-01T09:00:00.000Z
sensor.camera_e_umidita,39.46380529647222,2026-01-01T10:00:00.000Z
sensor.camera_e_umidita,40.72897366469444,2026-01-01T11:00:00.000Z
sensor.camera_e_umidita,40.58949190511111,2026-01-01T12:00:00.000Z
sensor.camera_e_umidita,41.76712418788889,2026-01-01T13:00:00.000Z
sensor.camera_e_umidita,42.147658206500004,2026-01-01T14:00:00.000Z
sensor.camera_e_umidita,43.14716498236111,2026-01-01T15:00:00.000Z
sensor.camera_e_umidita,41.00855276086111,2026-01-01T16:00:00.000Z
sensor.camera_e_umidita,39.42746537186111,2026-01-01T17:00:00.000Z
sensor.camera_e_umidita,38.95384593338889,2026-01-01T18:00:00.000Z
sensor.camera_e_umidita,38.914005174361115,2026-01-01T19:00:00.000Z
sensor.camera_e_umidita,39.28169780447222,2026-01-01T20:00:00.000Z
sensor.camera_e_umidita,39.29024930997222,2026-01-01T21:00:00.000Z
sensor.camera_e_umidita,40.447486992444446,2026-01-01T22:00:00.000Z
sensor.camera_e_umidita,41.43728800494444,2026-01-01T23:00:00.000Z
sensor.camera_e_umidita,42.66465896475,2026-01-02T00:00:00.000Z
sensor.camera_e_umidita,43.67457175933333,2026-01-02T01:00:00.000Z
sensor.camera_e_umidita,44.53618761225,2026-01-02T02:00:00.000Z
sensor.camera_e_umidita,44.880721200138886,2026-01-02T03:00:00.000Z
sensor.camera_e_umidita,45.370791875583336,2026-01-02T04:00:00.000Z
sensor.camera_e_umidita,46.334732012694445,2026-01-02T05:00:00.000Z
sensor.camera_e_umidita,45.062982317,2026-01-02T06:00:00.000Z
sensor.camera_e_umidita,41.80286150608334,2026-01-02T07:00:00.000Z
sensor.camera_e_umidita,39.98202249411111,2026-01-02T08:00:00.000Z
sensor.camera_e_umidita,40.48990811730555,2026-01-02T09:00:00.000Z
sensor.camera_e_umidita,41.76477120452778,2026-01-02T10:00:00.000Z
sensor.camera_e_umidita,42.54754103288889,2026-01-02T11:00:00.000Z
sensor.camera_e_umidita,43.94418065155556,2026-01-02T12:00:00.000Z
sensor.camera_e_umidita,44.81259917475,2026-01-02T13:00:00.000Z
sensor.camera_e_umidita,45.2104429565,2026-01-02T14:00:00.000Z
sensor.camera_e_umidita,46.75771695122222,2026-01-02T15:00:00.000Z
sensor.camera_e_umidita,43.83482383533334,2026-01-02T16:00:00.000Z
sensor.camera_e_umidita,41.59082178352778,2026-01-02T17:00:00.000Z
sensor.camera_e_umidita,40.46824859530555,2026-01-02T18:00:00.000Z
sensor.camera_e_umidita,39.4542159915,2026-01-02T19:00:00.000Z
sensor.camera_e_umidita,39.149301710694445,2026-01-02T20:00:00.000Z
sensor.camera_e_umidita,39.066145812222224,2026-01-02T21:00:00.000Z
sensor.camera_e_umidita,39.847364452499995,2026-01-02T22:00:00.000Z
sensor.camera_e_umidita,41.255262957666666,2026-01-02T23:00:00.000Z
sensor.camera_e_umidita,42.37789001625,2026-01-03T00:00:00.000Z
sensor.camera_e_umidita,43.366368335749996,2026-01-03T01:00:00.000Z
sensor.camera_e_umidita,43.91857990547222,2026-01-03T02:00:00.000Z
sensor.camera_e_umidita,44.07147469591666,2026-01-03T03:00:00.000Z
sensor.camera_e_umidita,44.796757952388894,2026-01-03T04:00:00.000Z
sensor.camera_e_umidita,45.48168477488889,2026-01-03T05:00:00.000Z
sensor.camera_e_umidita,45.98344539175,2026-01-03T06:00:00.000Z
sensor.camera_e_umidita,46.38081499275,2026-01-03T07:00:00.000Z
sensor.camera_e_umidita,47.92815478805556,2026-01-03T08:00:00.000Z
sensor.camera_e_umidita,44.58635039938889,2026-01-03T09:00:00.000Z
sensor.camera_e_umidita,41.56694549433333,2026-01-03T10:00:00.000Z
sensor.camera_e_umidita,40.14061217027778,2026-01-03T11:00:00.000Z
sensor.camera_e_umidita,40.99722937188889,2026-01-03T12:00:00.000Z
sensor.camera_e_umidita,40.578448786277775,2026-01-03T13:00:00.000Z
sensor.camera_e_umidita,39.986570201666666,2026-01-03T14:00:00.000Z
sensor.camera_e_umidita,39.65291574383333,2026-01-03T15:00:00.000Z
sensor.camera_e_umidita,38.937590287027774,2026-01-03T16:00:00.000Z
sensor.camera_e_umidita,39.073095653138886,2026-01-03T17:00:00.000Z
sensor.camera_e_umidita,40.62399802625,2026-01-03T18:00:00.000Z
sensor.camera_e_umidita,39.674363199666665,2026-01-03T19:00:00.000Z
sensor.camera_e_umidita,39.5924421515,2026-01-03T20:00:00.000Z
sensor.camera_e_umidita,40.31087506683333,2026-01-03T21:00:00.000Z
sensor.camera_e_umidita,40.90471795530556,2026-01-03T22:00:00.000Z
sensor.camera_e_umidita,41.230498195361115,2026-01-03T23:00:00.000Z
sensor.camera_e_umidita,41.493166454527774,2026-01-04T00:00:00.000Z
sensor.camera_e_umidita,41.54216586236111,2026-01-04T01:00:00.000Z
sensor.camera_e_umidita,41.874060409722226,2026-01-04T02:00:00.000Z
sensor.camera_e_umidita,42.519274127694445,2026-01-04T03:00:00.000Z
sensor.camera_e_umidita,43.00215939766667,2026-01-04T04:00:00.000Z
sensor.camera_e_umidita,43.28734471777778,2026-01-04T05:00:00.000Z
sensor.camera_e_umidita,43.61177263588889,2026-01-04T06:00:00.000Z
sensor.camera_e_umidita,44.07096601833333,2026-01-04T07:00:00.000Z
sensor.camera_e_umidita,46.95926885811111,2026-01-04T08:00:00.000Z
sensor.camera_e_umidita,43.548081298999996,2026-01-04T09:00:00.000Z
sensor.camera_e_umidita,40.02292647316667,2026-01-04T10:00:00.000Z
sensor.camera_e_umidita,39.06751864163889,2026-01-04T11:00:00.000Z
sensor.camera_e_umidita,38.774717254833334,2026-01-04T12:00:00.000Z
sensor.camera_e_umidita,38.85553017711111,2026-01-04T13:00:00.000Z
sensor.camera_e_umidita,38.85496394869444,2026-01-04T14:00:00.000Z
sensor.camera_e_umidita,38.45744833763889,2026-01-04T15:00:00.000Z
sensor.camera_e_umidita,38.39826198041667,2026-01-04T16:00:00.000Z
sensor.camera_e_umidita,38.73441516197222,2026-01-04T17:00:00.000Z
sensor.camera_e_umidita,38.81098582716667,2026-01-04T18:00:00.000Z
sensor.camera_e_umidita,38.68003238894445,2026-01-04T19:00:00.000Z
sensor.camera_e_umidita,38.24280639891666,2026-01-04T20:00:00.000Z
sensor.camera_e_umidita,37.97007184266666,2026-01-04T21:00:00.000Z
sensor.camera_e_umidita,37.82892979333334,2026-01-04T22:00:00.000Z
sensor.camera_e_umidita,38.31011323111111,2026-01-04T23:00:00.000Z
sensor.camera_e_umidita,38.66267785383334,2026-01-05T00:00:00.000Z
sensor.camera_e_umidita,39.08811210925,2026-01-05T01:00:00.000Z
sensor.camera_e_umidita,39.463886396861106,2026-01-05T02:00:00.000Z
sensor.camera_e_umidita,39.786000991722226,2026-01-05T03:00:00.000Z
sensor.camera_e_umidita,39.97605617697222,2026-01-05T04:00:00.000Z
sensor.camera_e_umidita,40.42894845869444,2026-01-05T05:00:00.000Z
sensor.camera_e_umidita,39.896991990138886,2026-01-05T06:00:00.000Z
sensor.camera_e_umidita,37.26134428752778,2026-01-05T07:00:00.000Z
sensor.camera_e_umidita,35.45298453875,2026-01-05T08:00:00.000Z
sensor.camera_e_umidita,35.83519600155555,2026-01-05T09:00:00.000Z
sensor.camera_e_umidita,36.50285524325,2026-01-05T10:00:00.000Z
sensor.camera_e_umidita,37.70760186355555,2026-01-05T11:00:00.000Z
sensor.camera_e_umidita,38.07930149336111,2026-01-05T12:00:00.000Z
sensor.camera_e_umidita,37.79856398169444,2026-01-05T13:00:00.000Z
sensor.camera_e_umidita,37.39361732030556,2026-01-05T14:00:00.000Z
sensor.camera_e_umidita,37.83678757877778,2026-01-05T15:00:00.000Z
sensor.camera_e_umidita,36.70614098516667,2026-01-05T16:00:00.000Z
sensor.camera_e_umidita,34.72821369141666,2026-01-05T17:00:00.000Z
sensor.camera_e_umidita,33.48699988305555,2026-01-05T18:00:00.000Z
sensor.camera_e_umidita,33.40743813502778,2026-01-05T19:00:00.000Z
sensor.camera_e_umidita,34.09628565422222,2026-01-05T20:00:00.000Z
sensor.camera_e_umidita,34.10526510175,2026-01-05T21:00:00.000Z
sensor.camera_e_umidita,35.07745726611111,2026-01-05T22:00:00.000Z
sensor.camera_e_umidita,35.92268767569697,2026-01-05T23:00:00.000Z
sensor.camera_e_umidita,36.29311890544444,2026-01-06T00:00:00.000Z
sensor.camera_e_umidita,36.3,2026-01-06T01:00:00.000Z
sensor.camera_e_umidita,36.84117760611111,2026-01-06T02:00:00.000Z
sensor.camera_e_umidita,38.446573857,2026-01-06T03:00:00.000Z
sensor.camera_e_umidita,38.87551527694445,2026-01-06T04:00:00.000Z
sensor.camera_e_umidita,39.155117310444446,2026-01-06T05:00:00.000Z
sensor.camera_e_umidita,39.2,2026-01-06T06:00:00.000Z
sensor.camera_e_umidita,39.2,2026-01-06T07:00:00.000Z
sensor.camera_e_umidita,36.09244318141667,2026-01-06T08:00:00.000Z
sensor.camera_e_umidita,34.897046050250005,2026-01-06T09:00:00.000Z
sensor.camera_e_umidita,35.77110937030555,2026-01-06T10:00:00.000Z
sensor.camera_e_umidita,36.203742927166665,2026-01-06T11:00:00.000Z
sensor.camera_e_umidita,37.386339366,2026-01-06T12:00:00.000Z
sensor.camera_e_umidita,38.01618297105556,2026-01-06T13:00:00.000Z
sensor.camera_e_umidita,38.240469411666666,2026-01-06T14:00:00.000Z
sensor.camera_e_umidita,40.30226658405556,2026-01-06T15:00:00.000Z
sensor.camera_e_umidita,37.672821317444445,2026-01-06T16:00:00.000Z
sensor.camera_e_umidita,35.398117178666666,2026-01-06T17:00:00.000Z
sensor.camera_e_umidita,34.81475236638889,2026-01-06T18:00:00.000Z
sensor.camera_e_umidita,35.70628938838889,2026-01-06T19:00:00.000Z
sensor.camera_e_umidita,35.37724020119445,2026-01-06T20:00:00.000Z
sensor.camera_e_umidita,36.25801034227778,2026-01-06T21:00:00.000Z
sensor.camera_e_umidita,36.82367946,2026-01-06T22:00:00.000Z
sensor.camera_e_umidita,37.22233175422222,2026-01-06T23:00:00.000Z
sensor.camera_e_umidita,37.65271648686111,2026-01-07T00:00:00.000Z
sensor.camera_e_umidita,38.013977464027775,2026-01-07T01:00:00.000Z
sensor.camera_e_umidita,38.30217129733333,2026-01-07T02:00:00.000Z
sensor.camera_e_umidita,38.54665392108333,2026-01-07T03:00:00.000Z
sensor.camera_e_umidita,38.797283258027775,2026-01-07T04:00:00.000Z
sensor.camera_e_umidita,39.1,2026-01-07T05:00:00.000Z
sensor.camera_e_umidita,39.97556135488889,2026-01-07T06:00:00.000Z
sensor.camera_e_umidita,36.70116903183334,2026-01-07T07:00:00.000Z
sensor.camera_e_umidita,34.99102536508334,2026-01-07T08:00:00.000Z
sensor.camera_e_umidita,34.85065666997222,2026-01-07T09:00:00.000Z
sensor.camera_e_umidita,35.496388530361116,2026-01-07T10:00:00.000Z
sensor.camera_e_umidita,35.97613821805555,2026-01-07T11:00:00.000Z
sensor.camera_e_umidita,36.381468824694444,2026-01-07T12:00:00.000Z
sensor.camera_e_umidita,36.81369579952778,2026-01-07T13:00:00.000Z
sensor.camera_e_umidita,37.427491836361106,2026-01-07T14:00:00.000Z
sensor.camera_e_umidita,41.48695508747222,2026-01-07T15:00:00.000Z
sensor.camera_e_umidita,38.25645629258333,2026-01-07T16:00:00.000Z
sensor.camera_e_umidita,34.994310658833335,2026-01-07T17:00:00.000Z
sensor.camera_e_umidita,33.46910006347222,2026-01-07T18:00:00.000Z
sensor.camera_e_umidita,34.02819967566666,2026-01-07T19:00:00.000Z
sensor.camera_e_umidita,34.350564087,2026-01-07T20:00:00.000Z
sensor.camera_e_umidita,33.39142029186112,2026-01-07T21:00:00.000Z
sensor.camera_e_umidita,34.22341873263889,2026-01-07T22:00:00.000Z
sensor.camera_e_umidita,35.141004174888884,2026-01-07T23:00:00.000Z
sensor.camera_e_umidita,35.5,2026-01-08T00:00:00.000Z
sensor.camera_e_umidita,36.166104095,2026-01-08T01:00:00.000Z
sensor.camera_e_umidita,36.64800426391667,2026-01-08T02:00:00.000Z
sensor.camera_e_umidita,36.76333425266667,2026-01-08T03:00:00.000Z
sensor.camera_e_umidita,36.99042236566667,2026-01-08T04:00:00.000Z
sensor.camera_e_umidita,38.20584641516667,2026-01-08T05:00:00.000Z
sensor.camera_e_umidita,40.02403123377778,2026-01-08T06:00:00.000Z
sensor.camera_e_umidita,35.454098526138885,2026-01-08T07:00:00.000Z
sensor.camera_e_umidita,34.03678380202778,2026-01-08T08:00:00.000Z
sensor.camera_e_umidita,33.88215603427778,2026-01-08T09:00:00.000Z
sensor.camera_e_umidita,34.568600843527776,2026-01-08T10:00:00.000Z
sensor.camera_e_umidita,34.99399957975,2026-01-08T11:00:00.000Z
sensor.camera_e_umidita,35.13616447455556,2026-01-08T12:00:00.000Z
sensor.camera_e_umidita,35.77626224741667,2026-01-08T13:00:00.000Z
sensor.camera_e_umidita,36.090416970111114,2026-01-08T14:00:00.000Z
sensor.camera_e_umidita,36.569921019666666,2026-01-08T15:00:00.000Z
sensor.camera_e_umidita,34.97752719244445,2026-01-08T16:00:00.000Z
sensor.camera_e_umidita,34.13009457955555,2026-01-08T17:00:00.000Z
sensor.camera_e_umidita,33.110679433305556,2026-01-08T18:00:00.000Z
sensor.camera_e_umidita,32.933434334888894,2026-01-08T19:00:00.000Z
sensor.camera_e_umidita,33.614924330583335,2026-01-08T20:00:00.000Z
sensor.camera_e_umidita,33.83656537205555,2026-01-08T21:00:00.000Z
sensor.camera_e_umidita,34.520433267222224,2026-01-08T22:00:00.000Z
sensor.camera_e_umidita,35.310653992194446,2026-01-08T23:00:00.000Z
sensor.camera_e_umidita,36.22002119947222,2026-01-09T00:00:00.000Z
sensor.camera_e_umidita,36.95933666616667,2026-01-09T01:00:00.000Z
sensor.camera_e_umidita,37.588886448055554,2026-01-09T02:00:00.000Z
sensor.camera_e_umidita,37.975446497944446,2026-01-09T03:00:00.000Z
sensor.camera_e_umidita,38.181668479,2026-01-09T04:00:00.000Z
sensor.camera_e_umidita,38.89940129819444,2026-01-09T05:00:00.000Z
sensor.camera_e_umidita,39.440113563472224,2026-01-09T06:00:00.000Z
sensor.camera_e_umidita,35.99829352091667,2026-01-09T07:00:00.000Z
sensor.camera_e_umidita,34.48102180311111,2026-01-09T08:00:00.000Z
sensor.camera_e_umidita,34.281810226,2026-01-09T09:00:00.000Z
sensor.camera_e_umidita,34.76228451661111,2026-01-09T10:00:00.000Z
sensor.camera_e_umidita,35.32119316838889,2026-01-09T11:00:00.000Z
sensor.camera_e_umidita,35.63614171777778,2026-01-09T12:00:00.000Z
sensor.camera_e_umidita,36.05735804058333,2026-01-09T13:00:00.000Z
sensor.camera_e_umidita,37.191764621555556,2026-01-09T14:00:00.000Z
sensor.camera_e_umidita,39.98602111458333,2026-01-09T15:00:00.000Z
sensor.camera_e_umidita,37.1236135475,2026-01-09T16:00:00.000Z
sensor.camera_e_umidita,34.88399556052778,2026-01-09T17:00:00.000Z
sensor.camera_e_umidita,33.53236159513889,2026-01-09T18:00:00.000Z
sensor.camera_e_umidita,33.010766071166664,2026-01-09T19:00:00.000Z
sensor.camera_e_umidita,33.157787307388894,2026-01-09T20:00:00.000Z
sensor.camera_e_umidita,33.19821598566667,2026-01-09T21:00:00.000Z
sensor.camera_e_umidita,34.12221581780556,2026-01-09T22:00:00.000Z
sensor.camera_e_umidita,34.88742041566667,2026-01-09T23:00:00.000Z
sensor.camera_e_umidita,35.13214500755556,2026-01-10T00:00:00.000Z
sensor.camera_e_umidita,35.36448010563888,2026-01-10T01:00:00.000Z
sensor.camera_e_umidita,35.49639315947223,2026-01-10T02:00:00.000Z
sensor.camera_e_umidita,35.63355472477778,2026-01-10T03:00:00.000Z
sensor.camera_e_umidita,35.676994611611114,2026-01-10T04:00:00.000Z
sensor.camera_e_umidita,35.8,2026-01-10T05:00:00.000Z
sensor.camera_e_umidita,35.88330111736111,2026-01-10T06:00:00.000Z
sensor.camera_e_umidita,35.914273074444445,2026-01-10T07:00:00.000Z
sensor.camera_e_umidita,40.07323365227778,2026-01-10T08:00:00.000Z
sensor.camera_e_umidita,36.797631766555554,2026-01-10T09:00:00.000Z
sensor.camera_e_umidita,34.41995716361111,2026-01-10T10:00:00.000Z
sensor.camera_e_umidita,33.318181794944444,2026-01-10T11:00:00.000Z
sensor.camera_e_umidita,33.492319545777775,2026-01-10T12:00:00.000Z
sensor.camera_e_umidita,34.19028282808333,2026-01-10T13:00:00.000Z
sensor.camera_e_umidita,34.39771852533333,2026-01-10T14:00:00.000Z
sensor.camera_e_umidita,34.43081249455555,2026-01-10T15:00:00.000Z
sensor.camera_e_umidita,34.67970670105556,2026-01-10T16:00:00.000Z
sensor.camera_e_umidita,34.76015503894444,2026-01-10T17:00:00.000Z
sensor.camera_e_umidita,34.73377791041667,2026-01-10T18:00:00.000Z
sensor.camera_e_umidita,34.67741834894444,2026-01-10T19:00:00.000Z
sensor.camera_e_umidita,33.87772196688889,2026-01-10T20:00:00.000Z
sensor.camera_e_umidita,33.43655351291667,2026-01-10T21:00:00.000Z
sensor.camera_e_umidita,33.55361143094444,2026-01-10T22:00:00.000Z
sensor.camera_e_umidita,33.94725735066667,2026-01-10T23:00:00.000Z
sensor.camera_e_umidita,34.074859413666665,2026-01-11T00:00:00.000Z
sensor.camera_e_umidita,34.074480597333334,2026-01-11T01:00:00.000Z
sensor.camera_e_umidita,34.3,2026-01-11T02:00:00.000Z
sensor.camera_e_umidita,34.41246695388889,2026-01-11T03:00:00.000Z
sensor.camera_e_umidita,34.83070019247222,2026-01-11T04:00:00.000Z
sensor.camera_e_umidita,34.91038929083333,2026-01-11T05:00:00.000Z
sensor.camera_e_umidita,35.18150414588889,2026-01-11T06:00:00.000Z
sensor.camera_e_umidita,35.70532055005555,2026-01-11T07:00:00.000Z
sensor.camera_e_umidita,40.32932160819444,2026-01-11T08:00:00.000Z
sensor.camera_e_umidita,37.473536124527776,2026-01-11T09:00:00.000Z
sensor.camera_e_umidita,33.860656168750005,2026-01-11T10:00:00.000Z
sensor.camera_e_umidita,32.85831876522222,2026-01-11T11:00:00.000Z
sensor.camera_e_umidita,32.49057104930555,2026-01-11T12:00:00.000Z
sensor.camera_e_umidita,32.13760074861111,2026-01-11T13:00:00.000Z
sensor.camera_e_umidita,33.35722162011111,2026-01-11T14:00:00.000Z
sensor.camera_e_umidita,34.10918932533333,2026-01-11T15:00:00.000Z
sensor.camera_e_umidita,34.77536432275,2026-01-11T16:00:00.000Z
sensor.camera_e_umidita,36.15020658619444,2026-01-11T17:00:00.000Z
sensor.camera_e_umidita,36.74871029152778,2026-01-11T18:00:00.000Z
sensor.camera_e_umidita,37.04266271141667,2026-01-11T19:00:00.000Z
sensor.camera_e_umidita,36.8808863625,2026-01-11T20:00:00.000Z
sensor.camera_e_umidita,36.5323466885,2026-01-11T21:00:00.000Z
sensor.camera_e_umidita,36.25042786322222,2026-01-11T22:00:00.000Z
sensor.camera_e_umidita,36.341391133416664,2026-01-11T23:00:00.000Z
sensor.camera_e_umidita,36.205831324083334,2026-01-12T00:00:00.000Z
sensor.camera_e_umidita,36.330334972888885,2026-01-12T01:00:00.000Z
sensor.camera_e_umidita,36.721999516000004,2026-01-12T02:00:00.000Z
sensor.camera_e_umidita,36.87484794258333,2026-01-12T03:00:00.000Z
sensor.camera_e_umidita,36.820586479944446,2026-01-12T04:00:00.000Z
sensor.camera_e_umidita,36.97242117319445,2026-01-12T05:00:00.000Z
sensor.camera_e_umidita,36.58949096105555,2026-01-12T06:00:00.000Z
sensor.camera_e_umidita,33.62206628477778,2026-01-12T07:00:00.000Z
sensor.camera_e_umidita,32.79194039125,2026-01-12T08:00:00.000Z
sensor.camera_e_umidita,32.69705352263889,2026-01-12T09:00:00.000Z
sensor.camera_e_umidita,33.02690741488889,2026-01-12T10:00:00.000Z
sensor.camera_e_umidita,33.466895477416664,2026-01-12T11:00:00.000Z
sensor.camera_e_umidita,33.808084747,2026-01-12T12:00:00.000Z
sensor.camera_e_umidita,33.97964060480555,2026-01-12T13:00:00.000Z
sensor.camera_e_umidita,34.65952413069444,2026-01-12T14:00:00.000Z
sensor.camera_e_umidita,36.352442535444446,2026-01-12T15:00:00.000Z
sensor.camera_e_umidita,35.01861131022222,2026-01-12T16:00:00.000Z
sensor.camera_e_umidita,33.86009242713889,2026-01-12T17:00:00.000Z
sensor.camera_e_umidita,33.565780296805556,2026-01-12T18:00:00.000Z
sensor.camera_e_umidita,35.359044404888884,2026-01-12T19:00:00.000Z
sensor.camera_e_umidita,35.96207011652778,2026-01-12T20:00:00.000Z
sensor.camera_e_umidita,36.37391687327778,2026-01-12T21:00:00.000Z
sensor.camera_e_umidita,36.15784192555555,2026-01-12T22:00:00.000Z
sensor.camera_e_umidita,36.39473306502777,2026-01-12T23:00:00.000Z
sensor.camera_e_umidita,36.85249249969444,2026-01-13T00:00:00.000Z
sensor.camera_e_umidita,37.49826847180555,2026-01-13T01:00:00.000Z
sensor.camera_e_umidita,38.35289829361111,2026-01-13T02:00:00.000Z
sensor.camera_e_umidita,38.877851705194445,2026-01-13T03:00:00.000Z
sensor.camera_e_umidita,39.18383699941667,2026-01-13T04:00:00.000Z
sensor.camera_e_umidita,39.73210512069445,2026-01-13T05:00:00.000Z
sensor.camera_e_umidita,39.051735413972224,2026-01-13T06:00:00.000Z
sensor.camera_e_umidita,36.62877386997222,2026-01-13T07:00:00.000Z
sensor.camera_e_umidita,35.45948429538889,2026-01-13T08:00:00.000Z
sensor.camera_e_umidita,35.499750851222224,2026-01-13T09:00:00.000Z
sensor.camera_e_umidita,36.14563060438889,2026-01-13T10:00:00.000Z
sensor.camera_e_umidita,36.65297229825,2026-01-13T11:00:00.000Z
sensor.camera_e_umidita,37.05649474897222,2026-01-13T12:00:00.000Z
sensor.camera_e_umidita,37.494757729999996,2026-01-13T13:00:00.000Z
sensor.camera_e_umidita,38.0923460635,2026-01-13T14:00:00.000Z
sensor.camera_e_umidita,41.10425929922222,2026-01-13T15:00:00.000Z
sensor.camera_e_umidita,38.94098059722223,2026-01-13T16:00:00.000Z
sensor.camera_e_umidita,36.29087531283333,2026-01-13T17:00:00.000Z
sensor.camera_e_umidita,35.69028007530556,2026-01-13T18:00:00.000Z
sensor.camera_e_umidita,35.87816952833333,2026-01-13T19:00:00.000Z
sensor.camera_e_umidita,35.94375951605556,2026-01-13T20:00:00.000Z
sensor.camera_e_umidita,36.440933189055556,2026-01-13T21:00:00.000Z
sensor.camera_e_umidita,37.82040296444445,2026-01-13T22:00:00.000Z
sensor.camera_e_umidita,38.63223677988889,2026-01-13T23:00:00.000Z
sensor.camera_e_umidita,39.19298897763889,2026-01-14T00:00:00.000Z
sensor.camera_e_umidita,39.7410131775,2026-01-14T01:00:00.000Z
sensor.camera_e_umidita,40.36218588566667,2026-01-14T02:00:00.000Z
sensor.camera_e_umidita,40.9420250935,2026-01-14T03:00:00.000Z
sensor.camera_e_umidita,41.30579209091667,2026-01-14T04:00:00.000Z
sensor.camera_e_umidita,41.82935061636111,2026-01-14T05:00:00.000Z
sensor.camera_e_umidita,41.49285256016667,2026-01-14T06:00:00.000Z
sensor.camera_e_umidita,38.825964782166665,2026-01-14T07:00:00.000Z
sensor.camera_e_umidita,38.06664589611111,2026-01-14T08:00:00.000Z
sensor.camera_e_umidita,38.04388876441667,2026-01-14T09:00:00.000Z
sensor.camera_e_umidita,38.97550890138889,2026-01-14T10:00:00.000Z
sensor.camera_e_umidita,39.701672603194446,2026-01-14T11:00:00.000Z
sensor.camera_e_umidita,40.108972057500004,2026-01-14T12:00:00.000Z
sensor.camera_e_umidita,40.56362257980556,2026-01-14T13:00:00.000Z
sensor.camera_e_umidita,41.09033136480556,2026-01-14T14:00:00.000Z
sensor.camera_e_umidita,41.70221430888889,2026-01-14T15:00:00.000Z
sensor.camera_e_umidita,39.770576480833334,2026-01-14T16:00:00.000Z
sensor.camera_e_umidita,38.23957295722222,2026-01-14T17:00:00.000Z
sensor.camera_e_umidita,38.026410403722224,2026-01-14T18:00:00.000Z
sensor.camera_e_umidita,38.26068171088889,2026-01-14T19:00:00.000Z
sensor.camera_e_umidita,42.80016053111111,2026-01-14T20:00:00.000Z
sensor.camera_e_umidita,45.79089815791667,2026-01-14T21:00:00.000Z
sensor.camera_e_umidita,45.687019653666674,2026-01-14T22:00:00.000Z
sensor.camera_e_umidita,45.83880843772223,2026-01-14T23:00:00.000Z
sensor.camera_e_umidita,45.70492643938889,2026-01-15T00:00:00.000Z
sensor.camera_e_umidita,46.273308037,2026-01-15T01:00:00.000Z
sensor.camera_e_umidita,46.839411956111114,2026-01-15T02:00:00.000Z
sensor.camera_e_umidita,46.98276267147222,2026-01-15T03:00:00.000Z
sensor.camera_e_umidita,47.067369998555556,2026-01-15T04:00:00.000Z
sensor.camera_e_umidita,47.141077391972225,2026-01-15T05:00:00.000Z
sensor.camera_e_umidita,47.223627718500005,2026-01-15T06:00:00.000Z
sensor.camera_e_umidita,47.36491256225,2026-01-15T07:00:00.000Z
sensor.camera_e_umidita,47.10394528944445,2026-01-15T08:00:00.000Z
sensor.camera_e_umidita,46.692490419083335,2026-01-15T09:00:00.000Z
sensor.camera_e_umidita,46.520310491000004,2026-01-15T10:00:00.000Z
sensor.camera_e_umidita,46.52868507925,2026-01-15T11:00:00.000Z
sensor.camera_e_umidita,46.68957556977778,2026-01-15T12:00:00.000Z
sensor.camera_e_umidita,46.97433345747222,2026-01-15T13:00:00.000Z
sensor.camera_e_umidita,47.37908169841666,2026-01-15T14:00:00.000Z
sensor.camera_e_umidita,48.197693842250004,2026-01-15T15:00:00.000Z
sensor.camera_e_umidita,48.28425708913889,2026-01-15T16:00:00.000Z
sensor.camera_e_umidita,48.28605000277778,2026-01-15T17:00:00.000Z
sensor.camera_e_umidita,47.6982677565,2026-01-15T18:00:00.000Z
sensor.camera_e_umidita,47.405333434027774,2026-01-15T19:00:00.000Z
sensor.camera_e_umidita,47.66099252308334,2026-01-15T20:00:00.000Z
sensor.camera_e_umidita,47.893969128,2026-01-15T21:00:00.000Z
sensor.camera_e_umidita,50.92118585297222,2026-01-15T22:00:00.000Z
sensor.camera_e_umidita,50.283480028638884,2026-01-15T23:00:00.000Z
sensor.camera_e_umidita,49.48139656733333,2026-01-16T00:00:00.000Z
sensor.camera_e_umidita,49.321183430944444,2026-01-16T01:00:00.000Z
sensor.camera_e_umidita,49.08895829013889,2026-01-16T02:00:00.000Z
sensor.camera_e_umidita,48.925820791666666,2026-01-16T03:00:00.000Z
sensor.camera_e_umidita,48.95806443013888,2026-01-16T04:00:00.000Z
sensor.camera_e_umidita,48.882543460638885,2026-01-16T05:00:00.000Z
sensor.camera_e_umidita,49.030870353000005,2026-01-16T06:00:00.000Z
sensor.camera_e_umidita,49.204018628916664,2026-01-16T07:00:00.000Z
sensor.camera_e_umidita,48.81506791261111,2026-01-16T08:00:00.000Z
sensor.camera_e_umidita,48.51707071586111,2026-01-16T09:00:00.000Z
sensor.camera_e_umidita,48.48425990547222,2026-01-16T10:00:00.000Z
sensor.camera_e_umidita,48.68293133013889,2026-01-16T11:00:00.000Z
sensor.camera_e_umidita,48.89836893263888,2026-01-16T12:00:00.000Z
sensor.camera_e_umidita,49.105426548222226,2026-01-16T13:00:00.000Z
sensor.camera_e_umidita,49.218488359750005,2026-01-16T14:00:00.000Z
sensor.camera_e_umidita,49.657567014722225,2026-01-16T15:00:00.000Z
sensor.camera_e_umidita,49.82413194027777,2026-01-16T16:00:00.000Z
sensor.camera_e_umidita,49.359071039444444,2026-01-16T17:00:00.000Z
sensor.camera_e_umidita,49.08213663916666,2026-01-16T18:00:00.000Z
sensor.camera_e_umidita,49.37752174319444,2026-01-16T19:00:00.000Z
sensor.camera_e_umidita,49.54725226991667,2026-01-16T20:00:00.000Z
sensor.camera_e_umidita,49.87219909294444,2026-01-16T21:00:00.000Z
sensor.camera_e_umidita,50.27416948286111,2026-01-16T22:00:00.000Z
sensor.camera_e_umidita,50.83351661080556,2026-01-16T23:00:00.000Z
sensor.camera_e_umidita,51.38607075183333,2026-01-17T00:00:00.000Z
sensor.camera_e_umidita,51.35476042658333,2026-01-17T01:00:00.000Z
sensor.camera_e_umidita,50.759601429250004,2026-01-17T02:00:00.000Z
sensor.camera_e_umidita,50.23542086533333,2026-01-17T03:00:00.000Z
sensor.camera_e_umidita,50.03418593208334,2026-01-17T04:00:00.000Z
sensor.camera_e_umidita,49.98259129955556,2026-01-17T05:00:00.000Z
sensor.camera_e_umidita,49.87487604222222,2026-01-17T06:00:00.000Z
sensor.camera_e_umidita,49.9,2026-01-17T07:00:00.000Z
sensor.camera_e_umidita,50.09488076722223,2026-01-17T08:00:00.000Z
sensor.camera_e_umidita,50.58579567972222,2026-01-17T09:00:00.000Z
sensor.camera_e_umidita,50.86362961855556,2026-01-17T10:00:00.000Z
sensor.camera_e_umidita,51.017443273,2026-01-17T11:00:00.000Z
sensor.camera_e_umidita,50.84609031022222,2026-01-17T12:00:00.000Z
sensor.camera_e_umidita,50.60929252319445,2026-01-17T13:00:00.000Z
sensor.camera_e_umidita,50.02035854641667,2026-01-17T14:00:00.000Z
sensor.camera_e_umidita,49.687795851972226,2026-01-17T15:00:00.000Z
sensor.camera_e_umidita,49.89247952269445,2026-01-17T16:00:00.000Z
sensor.camera_e_umidita,50.75353390330556,2026-01-17T17:00:00.000Z
sensor.camera_e_umidita,51.00777651733333,2026-01-17T18:00:00.000Z
sensor.camera_e_umidita,51.036659668,2026-01-17T19:00:00.000Z
sensor.camera_e_umidita,51.299166299805556,2026-01-17T20:00:00.000Z
sensor.camera_e_umidita,51.478321738999995,2026-01-17T21:00:00.000Z
sensor.camera_e_umidita,51.50801382061112,2026-01-17T22:00:00.000Z
sensor.camera_e_umidita,51.259536019555554,2026-01-17T23:00:00.000Z
sensor.camera_e_umidita,50.91283776863889,2026-01-18T00:00:00.000Z
sensor.camera_e_umidita,50.85872288972222,2026-01-18T01:00:00.000Z
sensor.camera_e_umidita,50.892278049805554,2026-01-18T02:00:00.000Z
sensor.camera_e_umidita,50.60125075602778,2026-01-18T03:00:00.000Z
sensor.camera_e_umidita,50.34646184194444,2026-01-18T04:00:00.000Z
sensor.camera_e_umidita,50.29999999999999,2026-01-18T05:00:00.000Z
sensor.camera_e_umidita,50.16590677302778,2026-01-18T06:00:00.000Z
sensor.camera_e_umidita,50.08475311902777,2026-01-18T07:00:00.000Z
sensor.camera_e_umidita,50.094954247611106,2026-01-18T08:00:00.000Z
sensor.camera_e_umidita,50.138283052944445,2026-01-18T09:00:00.000Z
sensor.camera_e_umidita,50.017672996777776,2026-01-18T10:00:00.000Z
sensor.camera_e_umidita,49.87676732963889,2026-01-18T11:00:00.000Z
sensor.camera_e_umidita,49.77088127802778,2026-01-18T12:00:00.000Z
sensor.camera_e_umidita,50.14275336722222,2026-01-18T13:00:00.000Z
sensor.camera_e_umidita,50.28264397761111,2026-01-18T14:00:00.000Z
sensor.camera_e_umidita,49.65237869455556,2026-01-18T15:00:00.000Z
sensor.camera_e_umidita,49.75745657597222,2026-01-18T16:00:00.000Z
sensor.camera_e_umidita,49.27199411158333,2026-01-18T17:00:00.000Z
sensor.camera_e_umidita,49.37393922516667,2026-01-18T18:00:00.000Z
sensor.camera_e_umidita,49.05871975294445,2026-01-18T19:00:00.000Z
sensor.camera_e_umidita,48.85033326286111,2026-01-18T20:00:00.000Z
sensor.camera_e_umidita,49.169920895611114,2026-01-18T21:00:00.000Z
sensor.camera_e_umidita,47.947540580083334,2026-01-18T22:00:00.000Z
sensor.camera_e_umidita,46.918732690000006,2026-01-18T23:00:00.000Z
sensor.camera_e_umidita,46.70426125116666,2026-01-19T00:00:00.000Z
sensor.camera_e_umidita,46.79999999999999,2026-01-19T01:00:00.000Z
sensor.camera_e_umidita,46.76400874991666,2026-01-19T02:00:00.000Z
sensor.camera_e_umidita,46.67483085702778,2026-01-19T03:00:00.000Z
sensor.camera_e_umidita,46.69271116172222,2026-01-19T04:00:00.000Z
sensor.camera_e_umidita,46.573497631583336,2026-01-19T05:00:00.000Z
sensor.camera_e_umidita,46.99203850997222,2026-01-19T06:00:00.000Z
sensor.camera_e_umidita,46.97628250577778,2026-01-19T07:00:00.000Z
sensor.camera_e_umidita,46.431231399972226,2026-01-19T08:00:00.000Z
sensor.camera_e_umidita,45.47225324386111,2026-01-19T09:00:00.000Z
sensor.camera_e_umidita,44.54797814205555,2026-01-19T10:00:00.000Z
sensor.camera_e_umidita,43.72219565366667,2026-01-19T11:00:00.000Z
sensor.camera_e_umidita,43.25311517102778,2026-01-19T12:00:00.000Z
sensor.camera_e_umidita,42.87914131247222,2026-01-19T13:00:00.000Z
sensor.camera_e_umidita,42.93904170938888,2026-01-19T14:00:00.000Z
sensor.camera_e_umidita,43.30331628822222,2026-01-19T15:00:00.000Z
sensor.camera_e_umidita,43.881047814111106,2026-01-19T16:00:00.000Z
sensor.camera_e_umidita,44.059380478499996,2026-01-19T17:00:00.000Z
sensor.camera_e_umidita,43.92517098408333,2026-01-19T18:00:00.000Z
sensor.camera_e_umidita,43.85561262936111,2026-01-19T19:00:00.000Z
sensor.camera_e_umidita,42.64244624516667,2026-01-19T20:00:00.000Z
sensor.camera_e_umidita,42.68187319261111,2026-01-19T21:00:00.000Z
sensor.camera_e_umidita,41.74838416286111,2026-01-19T22:00:00.000Z
sensor.camera_e_umidita,41.519367613638885,2026-01-19T23:00:00.000Z
sensor.camera_e_umidita,41.71080822077778,2026-01-20T00:00:00.000Z
sensor.camera_e_umidita,41.754368144694446,2026-01-20T01:00:00.000Z
sensor.camera_e_umidita,41.74576255475,2026-01-20T02:00:00.000Z
sensor.camera_e_umidita,41.88948648647222,2026-01-20T03:00:00.000Z
sensor.camera_e_umidita,41.98748434172222,2026-01-20T04:00:00.000Z
sensor.camera_e_umidita,42.47814975838889,2026-01-20T05:00:00.000Z
sensor.camera_e_umidita,43.23273548458334,2026-01-20T06:00:00.000Z
sensor.camera_e_umidita,43.01207447516666,2026-01-20T07:00:00.000Z
sensor.camera_e_umidita,42.302961405527775,2026-01-20T08:00:00.000Z
sensor.camera_e_umidita,41.70673571905556,2026-01-20T09:00:00.000Z
sensor.camera_e_umidita,41.081849356166664,2026-01-20T10:00:00.000Z
sensor.camera_e_umidita,40.482262881694446,2026-01-20T11:00:00.000Z
sensor.camera_e_umidita,40.137519410749995,2026-01-20T12:00:00.000Z
sensor.camera_e_umidita,39.89514674647222,2026-01-20T13:00:00.000Z
sensor.camera_e_umidita,39.93355680616666,2026-01-20T14:00:00.000Z
sensor.camera_e_umidita,39.78271223880555,2026-01-20T15:00:00.000Z
sensor.camera_e_umidita,39.522422249444446,2026-01-20T16:00:00.000Z
sensor.camera_e_umidita,40.04812517733333,2026-01-20T17:00:00.000Z
sensor.camera_e_umidita,40.190211244333334,2026-01-20T18:00:00.000Z
sensor.camera_e_umidita,40.39346316936111,2026-01-20T19:00:00.000Z
sensor.camera_e_umidita,40.62556230986111,2026-01-20T20:00:00.000Z
sensor.camera_e_umidita,40.58129812233334,2026-01-20T21:00:00.000Z
sensor.camera_e_umidita,42.52766144133333,2026-01-20T22:00:00.000Z
sensor.camera_e_umidita,41.773233555055555,2026-01-20T23:00:00.000Z
sensor.camera_e_umidita,41.33945445655555,2026-01-21T00:00:00.000Z
sensor.camera_e_umidita,40.980908309,2026-01-21T01:00:00.000Z
sensor.camera_e_umidita,40.97910322613889,2026-01-21T02:00:00.000Z
sensor.camera_e_umidita,40.833721701638886,2026-01-21T03:00:00.000Z
sensor.camera_e_umidita,40.77550650652778,2026-01-21T04:00:00.000Z
sensor.camera_e_umidita,41.108801425277775,2026-01-21T05:00:00.000Z
sensor.camera_e_umidita,41.46312510158333,2026-01-21T06:00:00.000Z
sensor.camera_e_umidita,41.141766918222224,2026-01-21T07:00:00.000Z
sensor.camera_e_umidita,40.707981142027776,2026-01-21T08:00:00.000Z
sensor.camera_e_umidita,40.28729410588889,2026-01-21T09:00:00.000Z
sensor.camera_e_umidita,39.777294907611115,2026-01-21T10:00:00.000Z
sensor.camera_e_umidita,39.731316260999996,2026-01-21T11:00:00.000Z
sensor.camera_e_umidita,39.95070860752778,2026-01-21T12:00:00.000Z
sensor.camera_e_umidita,40.25353739769445,2026-01-21T13:00:00.000Z
sensor.camera_e_umidita,40.57127209580556,2026-01-21T14:00:00.000Z
sensor.camera_e_umidita,40.6,2026-01-21T15:00:00.000Z
sensor.camera_e_umidita,40.55528242580556,2026-01-21T16:00:00.000Z
sensor.camera_e_umidita,40.592319593944445,2026-01-21T17:00:00.000Z
sensor.camera_e_umidita,41.422949114527775,2026-01-21T18:00:00.000Z
sensor.camera_e_umidita,41.28994918275,2026-01-21T19:00:00.000Z
sensor.camera_e_umidita,41.51446096436111,2026-01-21T20:00:00.000Z
sensor.camera_e_umidita,41.47483083116666,2026-01-21T21:00:00.000Z
sensor.camera_e_umidita,41.51952353308334,2026-01-21T22:00:00.000Z
sensor.camera_e_umidita,40.94537265152778,2026-01-21T23:00:00.000Z
sensor.camera_e_umidita,41.033549171194444,2026-01-22T00:00:00.000Z
sensor.camera_e_umidita,40.701584263166666,2026-01-22T01:00:00.000Z
sensor.camera_e_umidita,40.24007611361111,2026-01-22T02:00:00.000Z
sensor.camera_e_umidita,40.05872207908333,2026-01-22T03:00:00.000Z
sensor.camera_e_umidita,40,2026-01-22T04:00:00.000Z
sensor.camera_e_umidita,40.05962367908334,2026-01-22T05:00:00.000Z
sensor.camera_e_umidita,40.604649859944445,2026-01-22T06:00:00.000Z
sensor.camera_e_umidita,40.266925279,2026-01-22T07:00:00.000Z
sensor.camera_e_umidita,39.82286003897222,2026-01-22T08:00:00.000Z
sensor.camera_e_umidita,39.483610080944445,2026-01-22T09:00:00.000Z
sensor.camera_e_umidita,39.108733220805554,2026-01-22T10:00:00.000Z
sensor.camera_e_umidita,39.172141242916666,2026-01-22T11:00:00.000Z
sensor.camera_e_umidita,39.50871741605555,2026-01-22T12:00:00.000Z
sensor.camera_e_umidita,39.85036954377778,2026-01-22T13:00:00.000Z
sensor.camera_e_umidita,40.30983430072222,2026-01-22T14:00:00.000Z
sensor.camera_e_umidita,40.94241505188889,2026-01-22T15:00:00.000Z
sensor.camera_e_umidita,41.568582468138885,2026-01-22T16:00:00.000Z
sensor.camera_e_umidita,42.05192053141667,2026-01-22T17:00:00.000Z
sensor.camera_e_umidita,41.238120490250004,2026-01-22T18:00:00.000Z
sensor.camera_e_umidita,40.951042538,2026-01-22T19:00:00.000Z
sensor.camera_e_umidita,41.20280222536111,2026-01-22T20:00:00.000Z
sensor.camera_e_umidita,41.74422044275,2026-01-22T21:00:00.000Z
sensor.camera_e_umidita,41.92514912605555,2026-01-22T22:00:00.000Z
sensor.camera_e_umidita,41.76002003333333,2026-01-22T23:00:00.000Z
sensor.camera_e_umidita,41.838641310305555,2026-01-23T00:00:00.000Z
sensor.camera_e_umidita,41.83288467088889,2026-01-23T01:00:00.000Z
sensor.camera_e_umidita,41.99404711697222,2026-01-23T02:00:00.000Z
sensor.camera_e_umidita,42.13355231808334,2026-01-23T03:00:00.000Z
sensor.camera_e_umidita,42.0207535475,2026-01-23T04:00:00.000Z
sensor.camera_e_umidita,42.64845847316666,2026-01-23T05:00:00.000Z
sensor.camera_e_umidita,42.841285800166666,2026-01-23T06:00:00.000Z
sensor.camera_e_umidita,42.68158448794444,2026-01-23T07:00:00.000Z
sensor.camera_e_umidita,42.17030408722223,2026-01-23T08:00:00.000Z
sensor.camera_e_umidita,42.04087245244445,2026-01-23T09:00:00.000Z
sensor.camera_e_umidita,41.85813533463889,2026-01-23T10:00:00.000Z
sensor.camera_e_umidita,41.8,2026-01-23T11:00:00.000Z
sensor.camera_e_umidita,41.74966133872223,2026-01-23T12:00:00.000Z
sensor.camera_e_umidita,41.67895376027778,2026-01-23T13:00:00.000Z
sensor.camera_e_umidita,41.78375835025,2026-01-23T14:00:00.000Z
sensor.camera_e_umidita,42.1535239315,2026-01-23T15:00:00.000Z
sensor.camera_e_umidita,42.39187516172222,2026-01-23T16:00:00.000Z
sensor.camera_e_umidita,42.136099537722224,2026-01-23T17:00:00.000Z
sensor.camera_e_umidita,41.91104765897222,2026-01-23T18:00:00.000Z
sensor.camera_e_umidita,42.04393529486111,2026-01-23T19:00:00.000Z
sensor.camera_e_umidita,42.37062298777778,2026-01-23T20:00:00.000Z
sensor.camera_e_umidita,42.98520187927778,2026-01-23T21:00:00.000Z
sensor.camera_e_umidita,43.687073779083335,2026-01-23T22:00:00.000Z
sensor.camera_e_umidita,44.56776919763889,2026-01-23T23:00:00.000Z
sensor.camera_e_umidita,44.07117010319445,2026-01-24T00:00:00.000Z
sensor.camera_e_umidita,44.14128195758334,2026-01-24T01:00:00.000Z
sensor.camera_e_umidita,43.949670838555555,2026-01-24T02:00:00.000Z
sensor.camera_e_umidita,44.02516668586111,2026-01-24T03:00:00.000Z
sensor.camera_e_umidita,43.97484552397222,2026-01-24T04:00:00.000Z
sensor.camera_e_umidita,44.06615984252778,2026-01-24T05:00:00.000Z
sensor.camera_e_umidita,44.21982507580555,2026-01-24T06:00:00.000Z
sensor.camera_e_umidita,44.36110599513889,2026-01-24T07:00:00.000Z
sensor.camera_e_umidita,44.633343775027775,2026-01-24T08:00:00.000Z
sensor.camera_e_umidita,45.073671633555556,2026-01-24T09:00:00.000Z
sensor.camera_e_umidita,45.468537518,2026-01-24T10:00:00.000Z
sensor.camera_e_umidita,45.35767583533333,2026-01-24T11:00:00.000Z
sensor.camera_e_umidita,45.473586139055556,2026-01-24T12:00:00.000Z
sensor.camera_e_umidita,45.98452062961112,2026-01-24T13:00:00.000Z
sensor.camera_e_umidita,46.34412377866667,2026-01-24T14:00:00.000Z
sensor.camera_e_umidita,46.575509137666664,2026-01-24T15:00:00.000Z
sensor.camera_e_umidita,46.668931680305555,2026-01-24T16:00:00.000Z
sensor.camera_e_umidita,46.264416884194446,2026-01-24T17:00:00.000Z
sensor.camera_e_umidita,47.696061070666666,2026-01-24T18:00:00.000Z
sensor.camera_e_umidita,47.687800016055554,2026-01-24T19:00:00.000Z
sensor.camera_e_umidita,47.011791489833335,2026-01-24T20:00:00.000Z
sensor.camera_e_umidita,46.40842567333333,2026-01-24T21:00:00.000Z
sensor.camera_e_umidita,46.758725599,2026-01-24T22:00:00.000Z
sensor.camera_e_umidita,46.876254285583336,2026-01-24T23:00:00.000Z
sensor.camera_e_umidita,46.75024461152778,2026-01-25T00:00:00.000Z
sensor.camera_e_umidita,46.57545726913889,2026-01-25T01:00:00.000Z
sensor.camera_e_umidita,46.66961978825,2026-01-25T02:00:00.000Z
sensor.camera_e_umidita,47.05675870583334,2026-01-25T03:00:00.000Z
sensor.camera_e_umidita,47.02516672219445,2026-01-25T04:00:00.000Z
sensor.camera_e_umidita,47.17221773822222,2026-01-25T05:00:00.000Z
sensor.camera_e_umidita,47.1,2026-01-25T06:00:00.000Z
sensor.camera_e_umidita,47.133557029861116,2026-01-25T07:00:00.000Z
sensor.camera_e_umidita,47.30621699294445,2026-01-25T08:00:00.000Z
sensor.camera_e_umidita,47.48500107702778,2026-01-25T09:00:00.000Z
sensor.camera_e_umidita,47.46623756852778,2026-01-25T10:00:00.000Z
sensor.camera_e_umidita,47.182793659805554,2026-01-25T11:00:00.000Z
sensor.camera_e_umidita,47.31769049572222,2026-01-25T12:00:00.000Z
sensor.camera_e_umidita,47.36432885213889,2026-01-25T13:00:00.000Z
sensor.camera_e_umidita,47.51935188158333,2026-01-25T14:00:00.000Z
sensor.camera_e_umidita,47.11231419763889,2026-01-25T15:00:00.000Z
sensor.camera_e_umidita,47.41373482386111,2026-01-25T16:00:00.000Z
sensor.camera_e_umidita,47.135902230166664,2026-01-25T17:00:00.000Z
sensor.camera_e_umidita,47.12478533383334,2026-01-25T18:00:00.000Z
sensor.camera_e_umidita,46.998255047250005,2026-01-25T19:00:00.000Z
sensor.camera_e_umidita,46.37336145505555,2026-01-25T20:00:00.000Z
sensor.camera_e_umidita,46.05171500166667,2026-01-25T21:00:00.000Z
sensor.camera_e_umidita,46.11197304936112,2026-01-25T22:00:00.000Z
sensor.camera_e_umidita,45.73080113605556,2026-01-25T23:00:00.000Z
sensor.camera_e_umidita,45.74101752661111,2026-01-26T00:00:00.000Z
sensor.camera_e_umidita,45.685736215055556,2026-01-26T01:00:00.000Z
sensor.camera_e_umidita,45.66485132677778,2026-01-26T02:00:00.000Z
sensor.camera_e_umidita,45.70000000000001,2026-01-26T03:00:00.000Z
sensor.camera_e_umidita,45.70000000000001,2026-01-26T04:00:00.000Z
sensor.camera_e_umidita,45.71264180997222,2026-01-26T05:00:00.000Z
sensor.camera_e_umidita,45.84874512194444,2026-01-26T06:00:00.000Z
sensor.camera_e_umidita,45.946865632055555,2026-01-26T07:00:00.000Z
sensor.camera_e_umidita,45.61039353088889,2026-01-26T08:00:00.000Z
sensor.camera_e_umidita,45.18802226933334,2026-01-26T09:00:00.000Z
sensor.camera_e_umidita,45.01531610086111,2026-01-26T10:00:00.000Z
sensor.camera_e_umidita,45,2026-01-26T11:00:00.000Z
sensor.camera_e_umidita,44.975484423388885,2026-01-26T12:00:00.000Z
sensor.camera_e_umidita,44.71100921027778,2026-01-26T13:00:00.000Z
sensor.camera_e_umidita,44.461355266472225,2026-01-26T14:00:00.000Z
sensor.camera_e_umidita,44.240227253361105,2026-01-26T15:00:00.000Z
sensor.camera_e_umidita,44.044617395555555,2026-01-26T16:00:00.000Z
sensor.camera_e_umidita,44.39141454922222,2026-01-26T17:00:00.000Z
sensor.camera_e_umidita,44.82859213752778,2026-01-26T18:00:00.000Z
sensor.camera_e_umidita,45.263864691472214,2026-01-26T19:00:00.000Z
sensor.camera_e_umidita,45.255000829277776,2026-01-26T20:00:00.000Z
sensor.camera_e_umidita,45.46999379583334,2026-01-26T21:00:00.000Z
sensor.camera_e_umidita,47.243884396611115,2026-01-26T22:00:00.000Z
sensor.camera_e_umidita,46.72195535866666,2026-01-26T23:00:00.000Z
sensor.camera_e_umidita,45.99848179852777,2026-01-27T00:00:00.000Z
sensor.camera_e_umidita,45.686947257111115,2026-01-27T01:00:00.000Z
sensor.camera_e_umidita,45.26225068552778,2026-01-27T02:00:00.000Z
sensor.camera_e_umidita,44.74463841922222,2026-01-27T03:00:00.000Z
sensor.camera_e_umidita,45.010774643805554,2026-01-27T04:00:00.000Z
sensor.camera_e_umidita,44.53693696608334,2026-01-27T05:00:00.000Z
sensor.camera_e_umidita,43.96135538641667,2026-01-27T06:00:00.000Z
sensor.camera_e_umidita,43.508558464416666,2026-01-27T07:00:00.000Z
sensor.camera_e_umidita,43.09470661255556,2026-01-27T08:00:00.000Z
sensor.camera_e_umidita,42.64899976494444,2026-01-27T09:00:00.000Z
sensor.camera_e_umidita,42.906407076499995,2026-01-27T10:00:00.000Z
sensor.camera_e_umidita,43.29381647358333,2026-01-27T11:00:00.000Z
sensor.camera_e_umidita,43.484086134,2026-01-27T12:00:00.000Z
sensor.camera_e_umidita,43.64974346255556,2026-01-27T13:00:00.000Z
sensor.camera_e_umidita,43.66643776811111,2026-01-27T14:00:00.000Z
sensor.camera_e_umidita,44.18765646152778,2026-01-27T15:00:00.000Z
sensor.camera_e_umidita,44.77256457816667,2026-01-27T16:00:00.000Z
sensor.camera_e_umidita,45.528664569944446,2026-01-27T17:00:00.000Z
sensor.camera_e_umidita,46.370571201500006,2026-01-27T18:00:00.000Z
sensor.camera_e_umidita,47.442231966777776,2026-01-27T19:00:00.000Z
sensor.camera_e_umidita,47.30011200558334,2026-01-27T20:00:00.000Z
sensor.camera_e_umidita,47.21637184622222,2026-01-27T21:00:00.000Z
sensor.camera_e_umidita,47.43354424347222,2026-01-27T22:00:00.000Z
sensor.camera_e_umidita,47.493376913944445,2026-01-27T23:00:00.000Z
sensor.camera_e_umidita,47.36373598486111,2026-01-28T00:00:00.000Z
sensor.camera_e_umidita,47.59764802475001,2026-01-28T01:00:00.000Z
sensor.camera_e_umidita,47.59747796427778,2026-01-28T02:00:00.000Z
sensor.camera_e_umidita,47.70000000000001,2026-01-28T03:00:00.000Z
sensor.camera_e_umidita,47.779394933055556,2026-01-28T04:00:00.000Z
sensor.camera_e_umidita,47.51856862877778,2026-01-28T05:00:00.000Z
sensor.camera_e_umidita,47.8997659565,2026-01-28T06:00:00.000Z
sensor.camera_e_umidita,48.13721202144444,2026-01-28T07:00:00.000Z
sensor.camera_e_umidita,48.000603510611114,2026-01-28T08:00:00.000Z
sensor.camera_e_umidita,47.60564233997223,2026-01-28T09:00:00.000Z
sensor.camera_e_umidita,47.550130923055555,2026-01-28T10:00:00.000Z
sensor.camera_e_umidita,47.6,2026-01-28T11:00:00.000Z
sensor.camera_e_umidita,47.60682039169444,2026-01-28T12:00:00.000Z
sensor.camera_e_umidita,47.74810051941666,2026-01-28T13:00:00.000Z
sensor.camera_e_umidita,47.88937651538888,2026-01-28T14:00:00.000Z
sensor.camera_e_umidita,47.99709608069444,2026-01-28T15:00:00.000Z
sensor.camera_e_umidita,47.92872919213889,2026-01-28T16:00:00.000Z
sensor.camera_e_umidita,48.123693324583336,2026-01-28T17:00:00.000Z
sensor.camera_e_umidita,48.17690788847222,2026-01-28T18:00:00.000Z
sensor.camera_e_umidita,48.188211437388894,2026-01-28T19:00:00.000Z
sensor.camera_e_umidita,48.091217389722225,2026-01-28T20:00:00.000Z
sensor.camera_e_umidita,48.68645628616667,2026-01-28T21:00:00.000Z
sensor.camera_e_umidita,50.04683437544444,2026-01-28T22:00:00.000Z
sensor.camera_e_umidita,49.19297671505556,2026-01-28T23:00:00.000Z
sensor.camera_e_umidita,48.49214288086111,2026-01-29T00:00:00.000Z
sensor.camera_e_umidita,48.533558088777774,2026-01-29T01:00:00.000Z
sensor.camera_e_umidita,48.50585204086111,2026-01-29T02:00:00.000Z
sensor.camera_e_umidita,48.54448104219444,2026-01-29T03:00:00.000Z
sensor.camera_e_umidita,48.621960644388885,2026-01-29T04:00:00.000Z
sensor.camera_e_umidita,48.645801648222225,2026-01-29T05:00:00.000Z
sensor.camera_e_umidita,48.96441080455556,2026-01-29T06:00:00.000Z
sensor.camera_e_umidita,49.03371481211111,2026-01-29T07:00:00.000Z
sensor.camera_e_umidita,48.54745876919444,2026-01-29T08:00:00.000Z
sensor.camera_e_umidita,48.163413353138885,2026-01-29T09:00:00.000Z
sensor.camera_e_umidita,47.947447099222224,2026-01-29T10:00:00.000Z
sensor.camera_e_umidita,47.7248014905,2026-01-29T11:00:00.000Z
sensor.camera_e_umidita,47.55048142233333,2026-01-29T12:00:00.000Z
sensor.camera_e_umidita,47.41610743277778,2026-01-29T13:00:00.000Z
sensor.camera_e_umidita,47.42041621266666,2026-01-29T14:00:00.000Z
sensor.camera_e_umidita,47.22731993233333,2026-01-29T15:00:00.000Z
sensor.camera_e_umidita,47.20000000000001,2026-01-29T16:00:00.000Z
sensor.camera_e_umidita,47.170701164444445,2026-01-29T17:00:00.000Z
sensor.camera_e_umidita,46.98412489697222,2026-01-29T18:00:00.000Z
sensor.camera_e_umidita,46.6373614305,2026-01-29T19:00:00.000Z
sensor.camera_e_umidita,46.65091474375,2026-01-29T20:00:00.000Z
sensor.camera_e_umidita,46.86503368944444,2026-01-29T21:00:00.000Z
sensor.camera_e_umidita,46.88392579008333,2026-01-29T22:00:00.000Z
sensor.camera_e_umidita,46.439045205333336,2026-01-29T23:00:00.000Z
sensor.camera_e_umidita,46.16770465122223,2026-01-30T00:00:00.000Z
sensor.camera_e_umidita,45.77746068613889,2026-01-30T01:00:00.000Z
sensor.camera_e_umidita,45.372376103777775,2026-01-30T02:00:00.000Z
sensor.camera_e_umidita,45.20462794372222,2026-01-30T03:00:00.000Z
sensor.camera_e_umidita,45.152086739111105,2026-01-30T04:00:00.000Z
sensor.camera_e_umidita,45.397067612499995,2026-01-30T05:00:00.000Z
sensor.camera_e_umidita,45.82830703986111,2026-01-30T06:00:00.000Z
sensor.camera_e_umidita,46.175485771194445,2026-01-30T07:00:00.000Z
sensor.camera_e_umidita,46.022121476,2026-01-30T08:00:00.000Z
sensor.camera_e_umidita,46.043659308222225,2026-01-30T09:00:00.000Z
sensor.camera_e_umidita,46.202758484111115,2026-01-30T10:00:00.000Z
sensor.camera_e_umidita,46.375877659055554,2026-01-30T11:00:00.000Z
sensor.camera_e_umidita,46.4,2026-01-30T12:00:00.000Z
sensor.camera_e_umidita,46.317127510861106,2026-01-30T13:00:00.000Z
sensor.camera_e_umidita,46.808367992305556,2026-01-30T14:00:00.000Z
sensor.camera_e_umidita,47.56242008944445,2026-01-30T15:00:00.000Z
sensor.camera_e_umidita,47.78087872808333,2026-01-30T16:00:00.000Z
sensor.camera_e_umidita,47.07243964658333,2026-01-30T17:00:00.000Z
sensor.camera_e_umidita,46.45371239405555,2026-01-30T18:00:00.000Z
sensor.camera_e_umidita,46.2379266455,2026-01-30T19:00:00.000Z
sensor.camera_e_umidita,46.230547022416665,2026-01-30T20:00:00.000Z
sensor.camera_e_umidita,46.66378462116666,2026-01-30T21:00:00.000Z
sensor.camera_e_umidita,46.741565065416665,2026-01-30T22:00:00.000Z
sensor.camera_e_umidita,46.5,2026-01-30T23:00:00.000Z
sensor.camera_e_umidita,46.44126191988889,2026-01-31T00:00:00.000Z
sensor.camera_e_umidita,46.34194370377778,2026-01-31T01:00:00.000Z
sensor.camera_e_umidita,46.16002010980555,2026-01-31T02:00:00.000Z
sensor.camera_e_umidita,46.14835154786112,2026-01-31T03:00:00.000Z
sensor.camera_e_umidita,46.23090657447222,2026-01-31T04:00:00.000Z
sensor.camera_e_umidita,46.43597918586111,2026-01-31T05:00:00.000Z
sensor.camera_e_umidita,46.62185287272223,2026-01-31T06:00:00.000Z
sensor.camera_e_umidita,46.80702070211112,2026-01-31T07:00:00.000Z
sensor.camera_e_umidita,47.438794116555556,2026-01-31T08:00:00.000Z
sensor.camera_e_umidita,47.58081195319445,2026-01-31T09:00:00.000Z
sensor.camera_e_umidita,47.48986793891667,2026-01-31T10:00:00.000Z
sensor.camera_e_umidita,47.4,2026-01-31T11:00:00.000Z
sensor.camera_e_umidita,47.23980184291667,2026-01-31T12:00:00.000Z
sensor.camera_e_umidita,47.20000000000001,2026-01-31T13:00:00.000Z
sensor.camera_e_umidita,47.108651482138896,2026-01-31T14:00:00.000Z
sensor.camera_e_umidita,47.03448400411111,2026-01-31T15:00:00.000Z
sensor.camera_e_umidita,47,2026-01-31T16:00:00.000Z
sensor.camera_e_umidita,46.89680864555555,2026-01-31T17:00:00.000Z
sensor.camera_e_umidita,46.74487274727778,2026-01-31T18:00:00.000Z
sensor.camera_e_umidita,46.6162926545,2026-01-31T19:00:00.000Z
sensor.camera_e_umidita,46.5,2026-01-31T20:00:00.000Z
sensor.camera_e_umidita,46.251392343111114,2026-01-31T21:00:00.000Z
sensor.camera_e_umidita,45.947588692472216,2026-01-31T22:00:00.000Z
sensor.camera_e_umidita,45.79509947836112,2026-01-31T23:00:00.000Z
sensor.camera_e_umidita,45.42235005905555,2026-02-01T00:00:00.000Z
sensor.camera_e_umidita,45.4,2026-02-01T01:00:00.000Z
sensor.camera_e_umidita,45.266962596055556,2026-02-01T02:00:00.000Z
sensor.camera_e_umidita,44.99410812361111,2026-02-01T03:00:00.000Z
sensor.camera_e_umidita,44.794858019555555,2026-02-01T04:00:00.000Z
sensor.camera_e_umidita,44.54585424425,2026-02-01T05:00:00.000Z
sensor.camera_e_umidita,44.55214265969445,2026-02-01T06:00:00.000Z
sensor.camera_e_umidita,44.79270689094445,2026-02-01T07:00:00.000Z
sensor.camera_e_umidita,44.96621266216667,2026-02-01T08:00:00.000Z
sensor.camera_e_umidita,45.243447044722224,2026-02-01T09:00:00.000Z
sensor.camera_e_umidita,45.488713125333334,2026-02-01T10:00:00.000Z
sensor.camera_e_umidita,45.705898670638895,2026-02-01T11:00:00.000Z
sensor.camera_e_umidita,45.9,2026-02-01T12:00:00.000Z
sensor.camera_e_umidita,45.9,2026-02-01T13:00:00.000Z
sensor.camera_e_umidita,45.92489658586111,2026-02-01T14:00:00.000Z
sensor.camera_e_umidita,46.03263089202778,2026-02-01T15:00:00.000Z
sensor.camera_e_umidita,46.209468619194446,2026-02-01T16:00:00.000Z
sensor.camera_e_umidita,47.748823331333334,2026-02-01T17:00:00.000Z
sensor.camera_e_umidita,48.308929490416666,2026-02-01T18:00:00.000Z
sensor.camera_e_umidita,48.467503073361115,2026-02-01T19:00:00.000Z
sensor.camera_e_umidita,47.796354838305554,2026-02-01T20:00:00.000Z
sensor.camera_e_umidita,47.38145952833333,2026-02-01T21:00:00.000Z
sensor.camera_e_umidita,47.25382123772223,2026-02-01T22:00:00.000Z
sensor.camera_e_umidita,47.109546012833334,2026-02-01T23:00:00.000Z
sensor.camera_e_umidita,46.22421106225,2026-02-02T00:00:00.000Z
sensor.camera_e_umidita,45.90770628916667,2026-02-02T01:00:00.000Z
sensor.camera_e_umidita,45.99173959644444,2026-02-02T02:00:00.000Z
sensor.camera_e_umidita,46.1,2026-02-02T03:00:00.000Z
sensor.camera_e_umidita,46.12396456536111,2026-02-02T04:00:00.000Z
sensor.camera_e_umidita,46.147793523888886,2026-02-02T05:00:00.000Z
sensor.camera_e_umidita,46.510494320944446,2026-02-02T06:00:00.000Z
sensor.camera_e_umidita,46.483786613527776,2026-02-02T07:00:00.000Z
sensor.camera_e_umidita,46.06382290044444,2026-02-02T08:00:00.000Z
sensor.camera_e_umidita,45.83742351680556,2026-02-02T09:00:00.000Z
sensor.camera_e_umidita,46.02767885780556,2026-02-02T10:00:00.000Z
sensor.camera_e_umidita,46.27533401158333,2026-02-02T11:00:00.000Z
sensor.camera_e_umidita,46.537932565333335,2026-02-02T12:00:00.000Z
sensor.camera_e_umidita,46.83694969013889,2026-02-02T13:00:00.000Z
sensor.camera_e_umidita,47.45756214238889,2026-02-02T14:00:00.000Z
sensor.camera_e_umidita,47.35843444680555,2026-02-02T15:00:00.000Z
sensor.camera_e_umidita,47.027319039750004,2026-02-02T16:00:00.000Z
sensor.camera_e_umidita,46.64564759261111,2026-02-02T17:00:00.000Z
sensor.camera_e_umidita,47.11033184975,2026-02-02T18:00:00.000Z
sensor.camera_e_umidita,47.50594332361111,2026-02-02T19:00:00.000Z
sensor.camera_e_umidita,47.55270834280555,2026-02-02T20:00:00.000Z
sensor.camera_e_umidita,47.6,2026-02-02T21:00:00.000Z
sensor.camera_e_umidita,47.57147697791667,2026-02-02T22:00:00.000Z
sensor.camera_e_umidita,47.18961633694445,2026-02-02T23:00:00.000Z
sensor.camera_e_umidita,47.49363264311111,2026-02-03T00:00:00.000Z
sensor.camera_e_umidita,47.62516715186111,2026-02-03T01:00:00.000Z
sensor.camera_e_umidita,47.490256520972224,2026-02-03T02:00:00.000Z
sensor.camera_e_umidita,47.47483342988889,2026-02-03T03:00:00.000Z
sensor.camera_e_umidita,47.27481638416666,2026-02-03T04:00:00.000Z
sensor.camera_e_umidita,45.675948164666664,2026-02-03T05:00:00.000Z
sensor.camera_e_umidita,47.026126143305554,2026-02-03T06:00:00.000Z
sensor.camera_e_umidita,47.309941710277776,2026-02-03T07:00:00.000Z
sensor.camera_e_umidita,46.670906451166665,2026-02-03T08:00:00.000Z
sensor.camera_e_umidita,45.93780459325,2026-02-03T09:00:00.000Z
sensor.camera_e_umidita,45.27171116658334,2026-02-03T10:00:00.000Z
sensor.camera_e_umidita,44.87645607711111,2026-02-03T11:00:00.000Z
sensor.camera_e_umidita,44.67779542816667,2026-02-03T12:00:00.000Z
sensor.camera_e_umidita,44.69570785194444,2026-02-03T13:00:00.000Z
sensor.camera_e_umidita,44.9635840455,2026-02-03T14:00:00.000Z
sensor.camera_e_umidita,45.20000000000001,2026-02-03T15:00:00.000Z
sensor.camera_e_umidita,45.308451702305554,2026-02-03T16:00:00.000Z
sensor.camera_e_umidita,45.82933963336111,2026-02-03T17:00:00.000Z
sensor.camera_e_umidita,46.21414841594444,2026-02-03T18:00:00.000Z
sensor.camera_e_umidita,46.36942287072222,2026-02-03T19:00:00.000Z
sensor.camera_e_umidita,46.453539633,2026-02-03T20:00:00.000Z
sensor.camera_e_umidita,46.769212438000004,2026-02-03T21:00:00.000Z
sensor.camera_e_umidita,47.23392563477778,2026-02-03T22:00:00.000Z
sensor.camera_e_umidita,47.469040159222224,2026-02-03T23:00:00.000Z
sensor.camera_e_umidita,47.78382143777778,2026-02-04T00:00:00.000Z
sensor.camera_e_umidita,48.006307329,2026-02-04T01:00:00.000Z
sensor.camera_e_umidita,47.93858708066667,2026-02-04T02:00:00.000Z
sensor.camera_e_umidita,47.230582406083336,2026-02-04T03:00:00.000Z
sensor.camera_e_umidita,47.01623111036111,2026-02-04T04:00:00.000Z
sensor.camera_e_umidita,47,2026-02-04T05:00:00.000Z
sensor.camera_e_umidita,46.944243583833334,2026-02-04T06:00:00.000Z
sensor.camera_e_umidita,46.90690190527778,2026-02-04T07:00:00.000Z
sensor.camera_e_umidita,46.73230149258333,2026-02-04T08:00:00.000Z
sensor.camera_e_umidita,46.62168618897223,2026-02-04T09:00:00.000Z
sensor.camera_e_umidita,46.70000000000001,2026-02-04T10:00:00.000Z
sensor.camera_e_umidita,46.84496148147222,2026-02-04T11:00:00.000Z
sensor.camera_e_umidita,47.081317142888885,2026-02-04T12:00:00.000Z
sensor.camera_e_umidita,47.40865288883333,2026-02-04T13:00:00.000Z
sensor.camera_e_umidita,48.18629359083334,2026-02-04T14:00:00.000Z
sensor.camera_e_umidita,48.39750600186111,2026-02-04T15:00:00.000Z
sensor.camera_e_umidita,48.39251520463889,2026-02-04T16:00:00.000Z
sensor.camera_e_umidita,48.57532804058334,2026-02-04T17:00:00.000Z
sensor.camera_e_umidita,48.807472314888884,2026-02-04T18:00:00.000Z
sensor.camera_e_umidita,48.720229713777776,2026-02-04T19:00:00.000Z
sensor.camera_e_umidita,47.94552089658333,2026-02-04T20:00:00.000Z
sensor.camera_e_umidita,48.06777021213889,2026-02-04T21:00:00.000Z
sensor.camera_e_umidita,49.17936437202778,2026-02-04T22:00:00.000Z
sensor.camera_e_umidita,49.66548691838889,2026-02-04T23:00:00.000Z
sensor.camera_e_umidita,49.53288792119445,2026-02-05T00:00:00.000Z
sensor.camera_e_umidita,49.37985316663889,2026-02-05T01:00:00.000Z
sensor.camera_e_umidita,48.99930350402778,2026-02-05T02:00:00.000Z
sensor.camera_e_umidita,48.79872913097222,2026-02-05T03:00:00.000Z
sensor.camera_e_umidita,48.65083437394444,2026-02-05T04:00:00.000Z
sensor.camera_e_umidita,48.782743993055554,2026-02-05T05:00:00.000Z
sensor.camera_e_umidita,48.814852639277774,2026-02-05T06:00:00.000Z
sensor.camera_e_umidita,48.631431553472225,2026-02-05T07:00:00.000Z
sensor.camera_e_umidita,48.06272583863889,2026-02-05T08:00:00.000Z
sensor.camera_e_umidita,47.53227434277778,2026-02-05T09:00:00.000Z
sensor.camera_e_umidita,47.4,2026-02-05T10:00:00.000Z
sensor.camera_e_umidita,47.425241406666665,2026-02-05T11:00:00.000Z
sensor.camera_e_umidita,47.46343376563889,2026-02-05T12:00:00.000Z
sensor.camera_e_umidita,47.246757486166665,2026-02-05T13:00:00.000Z
sensor.camera_e_umidita,47.033883853055556,2026-02-05T14:00:00.000Z
sensor.camera_e_umidita,46.74742227875,2026-02-05T15:00:00.000Z
sensor.camera_e_umidita,47.013362986222226,2026-02-05T16:00:00.000Z
sensor.camera_e_umidita,47.54395157797222,2026-02-05T17:00:00.000Z
sensor.camera_e_umidita,46.92487005738889,2026-02-05T18:00:00.000Z
sensor.camera_e_umidita,46.725594281444444,2026-02-05T19:00:00.000Z
sensor.camera_e_umidita,47.0214636655,2026-02-05T20:00:00.000Z
sensor.camera_e_umidita,47.67473627394444,2026-02-05T21:00:00.000Z
sensor.camera_e_umidita,48.107631129944444,2026-02-05T22:00:00.000Z
sensor.camera_e_umidita,48.71962914216667,2026-02-05T23:00:00.000Z
sensor.camera_e_umidita,49.252864751805554,2026-02-06T00:00:00.000Z
sensor.camera_e_umidita,48.74004881552778,2026-02-06T01:00:00.000Z
sensor.camera_e_umidita,48.96388035044444,2026-02-06T02:00:00.000Z
sensor.camera_e_umidita,49.169022820388896,2026-02-06T03:00:00.000Z
sensor.camera_e_umidita,49.25157658075,2026-02-06T04:00:00.000Z
sensor.camera_e_umidita,49.57305620288889,2026-02-06T05:00:00.000Z
sensor.camera_e_umidita,49.756707584555556,2026-02-06T06:00:00.000Z
sensor.camera_e_umidita,49.42517001705556,2026-02-06T07:00:00.000Z
sensor.camera_e_umidita,49.27713107983333,2026-02-06T08:00:00.000Z
sensor.camera_e_umidita,49.13289157030556,2026-02-06T09:00:00.000Z
sensor.camera_e_umidita,49.20000000000001,2026-02-06T10:00:00.000Z
sensor.camera_e_umidita,49.072746198138894,2026-02-06T11:00:00.000Z
sensor.camera_e_umidita,48.920270767999995,2026-02-06T12:00:00.000Z
sensor.camera_e_umidita,48.86644996794445,2026-02-06T13:00:00.000Z
sensor.camera_e_umidita,48.85514115897222,2026-02-06T14:00:00.000Z
sensor.camera_e_umidita,48.68645816938889,2026-02-06T15:00:00.000Z
sensor.camera_e_umidita,48.52973628102777,2026-02-06T16:00:00.000Z
sensor.camera_e_umidita,48.4,2026-02-06T17:00:00.000Z
sensor.camera_e_umidita,48.44218649455556,2026-02-06T18:00:00.000Z
sensor.camera_e_umidita,48.68276928977778,2026-02-06T19:00:00.000Z
sensor.camera_e_umidita,49.478253346611105,2026-02-06T20:00:00.000Z
sensor.camera_e_umidita,49.887575715416666,2026-02-06T21:00:00.000Z
sensor.camera_e_umidita,50,2026-02-06T22:00:00.000Z
sensor.camera_e_umidita,50,2026-02-07T06:00:00.000Z
sensor.camera_e_umidita,47.46287796169444,2026-02-07T07:00:00.000Z
sensor.camera_e_umidita,47.47360413220834,2026-02-07T08:00:00.000Z
sensor.camera_e_umidita,53.9,2026-03-14T13:00:00.000Z
sensor.camera_e_umidita,54.1453470765,2026-03-14T14:00:00.000Z
sensor.camera_e_umidita,54.10950765830555,2026-03-14T15:00:00.000Z
sensor.camera_e_umidita,54.40478268791667,2026-03-14T16:00:00.000Z
sensor.camera_e_umidita,54.570038765166665,2026-03-14T17:00:00.000Z
sensor.camera_e_umidita,54.37457707480556,2026-03-14T18:00:00.000Z
sensor.camera_e_umidita,54.13882857247222,2026-03-14T19:00:00.000Z
sensor.camera_e_umidita,54.04128136813889,2026-03-14T20:00:00.000Z
sensor.camera_e_umidita,53.93117171613889,2026-03-14T21:00:00.000Z
sensor.camera_e_umidita,53.97485671561111,2026-03-14T22:00:00.000Z
sensor.camera_e_umidita,53.92483193813889,2026-03-14T23:00:00.000Z
sensor.camera_e_umidita,53.50890123636111,2026-03-15T00:00:00.000Z
sensor.camera_e_umidita,53.68845428825,2026-03-15T01:00:00.000Z
sensor.camera_e_umidita,53.68065576977778,2026-03-15T02:00:00.000Z
sensor.camera_e_umidita,53.38821755061111,2026-03-15T03:00:00.000Z
sensor.camera_e_umidita,53.22310675086111,2026-03-15T04:00:00.000Z
sensor.camera_e_umidita,53.091561045416675,2026-03-15T05:00:00.000Z
sensor.camera_e_umidita,52.90945889955555,2026-03-15T06:00:00.000Z
sensor.camera_e_umidita,52.47799961194445,2026-03-15T07:00:00.000Z
sensor.camera_e_umidita,52.26647692572222,2026-03-15T08:00:00.000Z
sensor.camera_e_umidita,52.383833416138884,2026-03-15T09:00:00.000Z
sensor.camera_e_umidita,52.21313206772222,2026-03-15T10:00:00.000Z
sensor.camera_e_umidita,52.090716092222216,2026-03-15T11:00:00.000Z
sensor.camera_e_umidita,52.08414707283333,2026-03-15T12:00:00.000Z
sensor.camera_e_umidita,52.50835044738889,2026-03-15T13:00:00.000Z
sensor.camera_e_umidita,53.01494761186111,2026-03-15T14:00:00.000Z
sensor.camera_e_umidita,52.8097173015,2026-03-15T15:00:00.000Z
sensor.camera_e_umidita,53.00495172391666,2026-03-15T16:00:00.000Z
sensor.camera_e_umidita,53.45554890969444,2026-03-15T17:00:00.000Z
sensor.camera_e_umidita,53.69033025880555,2026-03-15T18:00:00.000Z
sensor.camera_e_umidita,54.689576882055555,2026-03-15T19:00:00.000Z
sensor.camera_e_umidita,54.93350319208333,2026-03-15T20:00:00.000Z
sensor.camera_e_umidita,54.86077812091667,2026-03-15T21:00:00.000Z
sensor.camera_e_umidita,54.14577340152778,2026-03-15T22:00:00.000Z
sensor.camera_e_umidita,53.54255228658334,2026-03-15T23:00:00.000Z
sensor.camera_e_umidita,52.92704732119444,2026-03-16T00:00:00.000Z
sensor.camera_e_umidita,52.556687653194444,2026-03-16T01:00:00.000Z
sensor.camera_e_umidita,52.69267764627778,2026-03-16T02:00:00.000Z
sensor.camera_e_umidita,52.750197284416664,2026-03-16T03:00:00.000Z
sensor.camera_e_umidita,52.57510547975,2026-03-16T04:00:00.000Z
sensor.camera_e_umidita,52.40999893838889,2026-03-16T05:00:00.000Z
sensor.camera_e_umidita,52.34555531075,2026-03-16T06:00:00.000Z
sensor.camera_e_umidita,52.490787920638894,2026-03-16T07:00:00.000Z
sensor.camera_e_umidita,52.26501419930556,2026-03-16T08:00:00.000Z
sensor.camera_e_umidita,51.95728257261111,2026-03-16T09:00:00.000Z
sensor.camera_e_umidita,52.02461786019444,2026-03-16T10:00:00.000Z
sensor.camera_e_umidita,52.186924022472226,2026-03-16T11:00:00.000Z
sensor.camera_e_umidita,52.04167992855556,2026-03-16T12:00:00.000Z
sensor.camera_e_umidita,50.804973552583334,2026-03-16T13:00:00.000Z
sensor.camera_e_umidita,50.85623609625,2026-03-16T14:00:00.000Z
sensor.camera_e_umidita,50.504807512444444,2026-03-16T15:00:00.000Z
sensor.camera_e_umidita,50.1462065695,2026-03-16T16:00:00.000Z
sensor.camera_e_umidita,48.70165414841667,2026-03-16T17:00:00.000Z
sensor.camera_e_umidita,47.17523449541667,2026-03-16T18:00:00.000Z
sensor.camera_e_umidita,46.01812143786111,2026-03-16T19:00:00.000Z
sensor.camera_e_umidita,44.84420976522222,2026-03-16T20:00:00.000Z
sensor.camera_e_umidita,43.83606415869445,2026-03-16T21:00:00.000Z
sensor.camera_e_umidita,43.28872577544445,2026-03-16T22:00:00.000Z
sensor.camera_e_umidita,42.93891073169445,2026-03-16T23:00:00.000Z
sensor.camera_e_umidita,42.36426604719444,2026-03-17T00:00:00.000Z
sensor.camera_e_umidita,41.569587801805554,2026-03-17T01:00:00.000Z
sensor.camera_e_umidita,42.17218875127778,2026-03-17T02:00:00.000Z
sensor.camera_e_umidita,42.44192213238889,2026-03-17T03:00:00.000Z
sensor.camera_e_umidita,42.85114991566667,2026-03-17T04:00:00.000Z
sensor.camera_e_umidita,43.679192581555554,2026-03-17T05:00:00.000Z
sensor.camera_e_umidita,44.377149551555554,2026-03-17T06:00:00.000Z
sensor.camera_e_umidita,44.9664318845,2026-03-17T07:00:00.000Z
sensor.camera_e_umidita,45.374169096,2026-03-17T08:00:00.000Z
sensor.camera_e_umidita,45.53928042383333,2026-03-17T09:00:00.000Z
sensor.camera_e_umidita,46.34706073294444,2026-03-17T10:00:00.000Z
sensor.camera_e_umidita,47.229977249,2026-03-17T11:00:00.000Z
sensor.camera_e_umidita,46.32058487630556,2026-03-17T12:00:00.000Z
sensor.camera_e_umidita,45.78215571386111,2026-03-17T13:00:00.000Z
sensor.camera_e_umidita,45.601780391194445,2026-03-17T14:00:00.000Z
sensor.camera_e_umidita,45.33537560788889,2026-03-17T15:00:00.000Z
sensor.camera_e_umidita,45.20219240688889,2026-03-17T16:00:00.000Z
sensor.camera_e_umidita,45.503931534777784,2026-03-17T17:00:00.000Z
sensor.camera_e_umidita,45.96256495619445,2026-03-17T18:00:00.000Z
sensor.camera_e_umidita,46.249139141916665,2026-03-17T19:00:00.000Z
sensor.camera_e_umidita,46.932136217,2026-03-17T20:00:00.000Z
sensor.camera_e_umidita,47.09876112911112,2026-03-17T21:00:00.000Z
sensor.camera_e_umidita,46.49417140075,2026-03-17T22:00:00.000Z
sensor.camera_e_umidita,45.683803753583334,2026-03-17T23:00:00.000Z
sensor.camera_e_umidita,44.633157532388886,2026-03-18T00:00:00.000Z
sensor.camera_e_umidita,44.45221897911111,2026-03-18T01:00:00.000Z
sensor.camera_e_umidita,44.489084315666666,2026-03-18T02:00:00.000Z
sensor.camera_e_umidita,44.63489169719444,2026-03-18T03:00:00.000Z
sensor.camera_e_umidita,44.95419389525,2026-03-18T04:00:00.000Z
sensor.camera_e_umidita,44.994200411277774,2026-03-18T05:00:00.000Z
sensor.camera_e_umidita,44.551552428722225,2026-03-18T06:00:00.000Z
sensor.camera_e_umidita,44.86402719522223,2026-03-18T07:00:00.000Z
sensor.camera_e_umidita,44.87086864030556,2026-03-18T08:00:00.000Z
sensor.camera_e_umidita,43.89473779616667,2026-03-18T09:00:00.000Z
sensor.camera_e_umidita,43.12210990952778,2026-03-18T10:00:00.000Z
sensor.camera_e_umidita,42.72427829413889,2026-03-18T11:00:00.000Z
sensor.camera_e_umidita,42.294322,2026-03-18T12:00:00.000Z
sensor.camera_e_umidita,41.985778323333335,2026-03-18T13:00:00.000Z
sensor.camera_e_umidita,41.86033420327777,2026-03-18T14:00:00.000Z
sensor.camera_e_umidita,41.627210336944444,2026-03-18T15:00:00.000Z
sensor.camera_e_umidita,41.367616575250004,2026-03-18T16:00:00.000Z
sensor.camera_e_umidita,41.830257193499996,2026-03-18T17:00:00.000Z
sensor.camera_e_umidita,42.4009964625,2026-03-18T18:00:00.000Z
sensor.camera_e_umidita,42.355396696444444,2026-03-18T19:00:00.000Z
sensor.camera_e_umidita,42.77975216861111,2026-03-18T20:00:00.000Z
sensor.camera_e_umidita,42.9497206365,2026-03-18T21:00:00.000Z
sensor.camera_e_umidita,42.90783454761111,2026-03-18T22:00:00.000Z
sensor.camera_e_umidita,43.07766088541666,2026-03-18T23:00:00.000Z
sensor.camera_e_umidita,43.28310684327778,2026-03-19T00:00:00.000Z
sensor.camera_e_umidita,43.250887510944445,2026-03-19T01:00:00.000Z
sensor.camera_e_umidita,42.97783755541667,2026-03-19T02:00:00.000Z
sensor.camera_e_umidita,42.85033792697222,2026-03-19T03:00:00.000Z
sensor.camera_e_umidita,43.0046183735,2026-03-19T04:00:00.000Z
sensor.camera_e_umidita,42.88060463516666,2026-03-19T05:00:00.000Z
sensor.camera_e_umidita,42.82517262841666,2026-03-19T06:00:00.000Z
sensor.camera_e_umidita,43.27068491447222,2026-03-19T07:00:00.000Z
sensor.camera_e_umidita,43.75476654366667,2026-03-19T08:00:00.000Z
sensor.camera_e_umidita,43.54502618294444,2026-03-19T09:00:00.000Z
sensor.camera_e_umidita,43.496428288472224,2026-03-19T10:00:00.000Z
sensor.camera_e_umidita,43.51983845108333,2026-03-19T11:00:00.000Z
sensor.camera_e_umidita,43.09344181238888,2026-03-19T12:00:00.000Z
sensor.camera_e_umidita,41.94681286772222,2026-03-19T13:00:00.000Z
sensor.camera_e_umidita,41.458107467527775,2026-03-19T14:00:00.000Z
sensor.camera_e_umidita,41.497671109722226,2026-03-19T15:00:00.000Z
sensor.camera_e_umidita,42.19003355686111,2026-03-19T16:00:00.000Z
sensor.camera_e_umidita,42.11053534197222,2026-03-19T17:00:00.000Z
sensor.camera_e_umidita,42.321613945749995,2026-03-19T18:00:00.000Z
sensor.camera_e_umidita,42.206827907805554,2026-03-19T19:00:00.000Z
sensor.camera_e_umidita,42.20133053297222,2026-03-19T20:00:00.000Z
sensor.camera_e_umidita,42.27288250127778,2026-03-19T21:00:00.000Z
sensor.camera_e_umidita,43.91118399822222,2026-03-19T22:00:00.000Z
sensor.camera_e_umidita,44.127655587805556,2026-03-19T23:00:00.000Z
sensor.camera_e_umidita,43.47482884138889,2026-03-20T00:00:00.000Z
sensor.camera_e_umidita,43.243341963814814,2026-03-20T01:00:00.000Z
sensor.camera_e_umidita,42.71610666383333,2026-03-20T02:00:00.000Z
sensor.camera_e_umidita,42.64940701038889,2026-03-20T03:00:00.000Z
sensor.camera_e_umidita,42.69979817944445,2026-03-20T04:00:00.000Z
sensor.camera_e_umidita,42.77242354036111,2026-03-20T05:00:00.000Z
sensor.camera_e_umidita,43.58348527263889,2026-03-20T06:00:00.000Z
sensor.camera_e_umidita,44.074346991944445,2026-03-20T07:00:00.000Z
sensor.camera_e_umidita,44.974777897416665,2026-03-20T08:00:00.000Z
sensor.camera_e_umidita,43.234411878611105,2026-03-20T09:00:00.000Z
sensor.camera_e_umidita,42.25075396863889,2026-03-20T10:00:00.000Z
sensor.camera_e_umidita,40.549559199166666,2026-03-20T11:00:00.000Z
sensor.camera_e_umidita,38.50170364294444,2026-03-20T12:00:00.000Z
sensor.camera_e_umidita,37.52940384275,2026-03-20T13:00:00.000Z
sensor.camera_e_umidita,37.733646779472224,2026-03-20T14:00:00.000Z
sensor.camera_e_umidita,38.13517940408334,2026-03-20T15:00:00.000Z
sensor.camera_e_umidita,38.540313788055556,2026-03-20T16:00:00.000Z
sensor.camera_e_umidita,39.18798141386111,2026-03-20T17:00:00.000Z
sensor.camera_e_umidita,39.15931549611111,2026-03-20T18:00:00.000Z
sensor.camera_e_umidita,39.61548218280556,2026-03-20T19:00:00.000Z
sensor.camera_e_umidita,39.85228560163889,2026-03-20T20:00:00.000Z
sensor.camera_e_umidita,39.87483850686111,2026-03-20T21:00:00.000Z
sensor.camera_e_umidita,40.31549922836111,2026-03-20T22:00:00.000Z
sensor.camera_e_umidita,41.169453062972224,2026-03-20T23:00:00.000Z
sensor.camera_e_umidita,41.069233139,2026-03-21T00:00:00.000Z
sensor.camera_e_umidita,41.07070707638889,2026-03-21T01:00:00.000Z
sensor.camera_e_umidita,41.15692012555556,2026-03-21T02:00:00.000Z
sensor.camera_e_umidita,41.14941119911111,2026-03-21T03:00:00.000Z
sensor.camera_e_umidita,40.94992550347222,2026-03-21T04:00:00.000Z
sensor.camera_e_umidita,41.01698012408333,2026-03-21T05:00:00.000Z
sensor.camera_e_umidita,41.09758679402778,2026-03-21T06:00:00.000Z
sensor.camera_e_umidita,41.338202810055556,2026-03-21T07:00:00.000Z
sensor.camera_e_umidita,41.676364526861114,2026-03-21T08:00:00.000Z
sensor.camera_e_umidita,42.4247065195,2026-03-21T09:00:00.000Z
sensor.camera_e_umidita,42.091219342277775,2026-03-21T10:00:00.000Z
sensor.camera_e_umidita,42.044792006222224,2026-03-21T11:00:00.000Z
sensor.camera_e_umidita,41.31243888213889,2026-03-21T12:00:00.000Z
sensor.camera_e_umidita,40.563627537833334,2026-03-21T13:00:00.000Z
sensor.camera_e_umidita,41.41417469680555,2026-03-21T14:00:00.000Z
sensor.camera_e_umidita,42.309500133722224,2026-03-21T15:00:00.000Z
sensor.camera_e_umidita,42.38032927063889,2026-03-21T16:00:00.000Z
sensor.camera_e_umidita,42.11658551325,2026-03-21T17:00:00.000Z
sensor.camera_e_umidita,41.351538738777776,2026-03-21T18:00:00.000Z
sensor.camera_e_umidita,41.673994302694446,2026-03-21T19:00:00.000Z
sensor.camera_e_umidita,41.277548801722226,2026-03-21T20:00:00.000Z
sensor.camera_e_umidita,41.16709881058333,2026-03-21T21:00:00.000Z
sensor.camera_e_umidita,41.18846325975,2026-03-21T22:00:00.000Z
sensor.camera_e_umidita,41.187699540055554,2026-03-21T23:00:00.000Z
sensor.camera_e_umidita,40.627520970666666,2026-03-22T00:00:00.000Z
sensor.camera_e_umidita,40.41095499294445,2026-03-22T01:00:00.000Z
sensor.camera_e_umidita,40.17872843561111,2026-03-22T02:00:00.000Z
sensor.camera_e_umidita,40.16959807888889,2026-03-22T03:00:00.000Z
sensor.camera_e_umidita,40.57971047541667,2026-03-22T04:00:00.000Z
sensor.camera_e_umidita,40.92564886436111,2026-03-22T05:00:00.000Z
sensor.camera_e_umidita,41.12425717738889,2026-03-22T06:00:00.000Z
sensor.camera_e_umidita,41.20984261061111,2026-03-22T07:00:00.000Z
sensor.camera_e_umidita,41.139823593083335,2026-03-22T08:00:00.000Z
sensor.camera_e_umidita,41.23077359430555,2026-03-22T09:00:00.000Z
sensor.camera_e_umidita,41.28617519916667,2026-03-22T10:00:00.000Z
sensor.camera_e_umidita,41.242313586,2026-03-22T11:00:00.000Z
sensor.camera_e_umidita,41.54660385366667,2026-03-22T12:00:00.000Z
sensor.camera_e_umidita,41.66729478225,2026-03-22T13:00:00.000Z
sensor.camera_e_umidita,40.876676643083336,2026-03-22T14:00:00.000Z
sensor.camera_e_umidita,41.46066262702778,2026-03-22T15:00:00.000Z
sensor.camera_e_umidita,42.05965729441667,2026-03-22T16:00:00.000Z
sensor.camera_e_umidita,41.84725058922222,2026-03-22T17:00:00.000Z
sensor.camera_e_umidita,41.90054185975,2026-03-22T18:00:00.000Z
sensor.camera_e_umidita,42.1988013985,2026-03-22T19:00:00.000Z
sensor.camera_e_umidita,42.03568327111111,2026-03-22T20:00:00.000Z
sensor.camera_e_umidita,44.74549212025,2026-03-22T21:00:00.000Z
sensor.camera_e_umidita,44.74131447711111,2026-03-22T22:00:00.000Z
sensor.camera_e_umidita,43.515092291,2026-03-22T23:00:00.000Z
sensor.camera_e_umidita,43.17084322241667,2026-03-23T00:00:00.000Z
sensor.camera_e_umidita,43.07815982266667,2026-03-23T01:00:00.000Z
sensor.camera_e_umidita,43.350592307,2026-03-23T02:00:00.000Z
sensor.camera_e_umidita,43.61304203255556,2026-03-23T03:00:00.000Z
sensor.camera_e_umidita,43.726494744722224,2026-03-23T04:00:00.000Z
sensor.camera_e_umidita,43.70705221269444,2026-03-23T05:00:00.000Z
sensor.camera_e_umidita,44.1277799081389,2026-03-23T06:00:00.000Z
sensor.camera_e_umidita,44.05171450658333,2026-03-23T07:00:00.000Z
sensor.camera_e_umidita,43.63624904619444,2026-03-23T08:00:00.000Z
sensor.camera_e_umidita,43.32985810402778,2026-03-23T09:00:00.000Z
sensor.camera_e_umidita,43.25604449155555,2026-03-23T10:00:00.000Z
sensor.camera_e_umidita,43.33021264566667,2026-03-23T11:00:00.000Z
sensor.camera_e_umidita,43.05897967225,2026-03-23T12:00:00.000Z
sensor.camera_e_umidita,41.67494839522222,2026-03-23T13:00:00.000Z
sensor.camera_e_umidita,40.82260114155556,2026-03-23T14:00:00.000Z
sensor.camera_e_umidita,40.13098109563889,2026-03-23T15:00:00.000Z
sensor.camera_e_umidita,39.72278479491667,2026-03-23T16:00:00.000Z
sensor.camera_e_umidita,39.49761616677778,2026-03-23T17:00:00.000Z
sensor.camera_e_umidita,39.76014741219444,2026-03-23T18:00:00.000Z
sensor.camera_e_umidita,39.94956148813889,2026-03-23T19:00:00.000Z
sensor.camera_e_umidita,40.4975119045,2026-03-23T20:00:00.000Z
sensor.camera_e_umidita,41.067775347444446,2026-03-23T21:00:00.000Z
sensor.camera_e_umidita,41.48608496336111,2026-03-23T22:00:00.000Z
sensor.camera_e_umidita,41.929090755055554,2026-03-23T23:00:00.000Z
sensor.camera_e_umidita,42.260427567444445,2026-03-24T00:00:00.000Z
sensor.camera_e_umidita,42.362708260472225,2026-03-24T01:00:00.000Z
sensor.camera_e_umidita,42.425162981805556,2026-03-24T02:00:00.000Z
sensor.camera_e_umidita,42.302396540833335,2026-03-24T03:00:00.000Z
sensor.camera_e_umidita,42.03661675577778,2026-03-24T04:00:00.000Z
sensor.camera_e_umidita,41.948336130916665,2026-03-24T05:00:00.000Z
sensor.camera_e_umidita,42.043935236555555,2026-03-24T06:00:00.000Z
sensor.camera_e_umidita,42.13340044586111,2026-03-24T07:00:00.000Z
sensor.camera_e_umidita,42.04144086366667,2026-03-24T08:00:00.000Z
sensor.camera_e_umidita,42.418961982194446,2026-03-24T09:00:00.000Z
sensor.camera_e_umidita,42.98622408163889,2026-03-24T10:00:00.000Z
sensor.camera_e_umidita,42.86875265255555,2026-03-24T11:00:00.000Z
sensor.camera_e_umidita,42.41270569094444,2026-03-24T12:00:00.000Z
sensor.camera_e_umidita,41.889639110472224,2026-03-24T13:00:00.000Z
sensor.camera_e_umidita,43.65572370736111,2026-03-24T14:00:00.000Z
sensor.camera_e_umidita,42.26230993466667,2026-03-24T15:00:00.000Z
sensor.camera_e_umidita,41.49021671236111,2026-03-24T16:00:00.000Z
sensor.camera_e_umidita,41.146568160583335,2026-03-24T17:00:00.000Z
sensor.camera_e_umidita,40.89007077155555,2026-03-24T18:00:00.000Z
sensor.camera_e_umidita,40.93398758055556,2026-03-24T19:00:00.000Z
sensor.camera_e_umidita,41.72508692086111,2026-03-24T20:00:00.000Z
sensor.camera_e_umidita,42.114084725000005,2026-03-24T21:00:00.000Z
sensor.camera_e_umidita,42.397097538555556,2026-03-24T22:00:00.000Z
sensor.camera_e_umidita,42.62092998677778,2026-03-24T23:00:00.000Z
sensor.camera_e_umidita,42.824862007916664,2026-03-25T00:00:00.000Z
sensor.camera_e_umidita,43.06332435416667,2026-03-25T01:00:00.000Z
sensor.camera_e_umidita,43.1587125715,2026-03-25T02:00:00.000Z
sensor.camera_e_umidita,43.04639229794444,2026-03-25T03:00:00.000Z
sensor.camera_e_umidita,42.843782634583334,2026-03-25T04:00:00.000Z
sensor.camera_e_umidita,42.722558429555555,2026-03-25T05:00:00.000Z
sensor.camera_e_umidita,42.75745191666667,2026-03-25T06:00:00.000Z
sensor.camera_e_umidita,42.727653797138885,2026-03-25T07:00:00.000Z
sensor.camera_e_umidita,42.807786281333335,2026-03-25T08:00:00.000Z
sensor.camera_e_umidita,42.899891146777776,2026-03-25T09:00:00.000Z
sensor.camera_e_umidita,42.85252094394445,2026-03-25T10:00:00.000Z
sensor.camera_e_umidita,42.351832739972224,2026-03-25T11:00:00.000Z
sensor.camera_e_umidita,41.96290918988888,2026-03-25T12:00:00.000Z
sensor.camera_e_umidita,41.769206481194445,2026-03-25T13:00:00.000Z
sensor.camera_e_umidita,42.06476527286111,2026-03-25T14:00:00.000Z
sensor.camera_e_umidita,42.70257617666667,2026-03-25T15:00:00.000Z
sensor.camera_e_umidita,43.299911184361115,2026-03-25T16:00:00.000Z
sensor.camera_e_umidita,43.80953155727778,2026-03-25T17:00:00.000Z
sensor.camera_e_umidita,44.34742552638889,2026-03-25T18:00:00.000Z
sensor.camera_e_umidita,45.06674651944444,2026-03-25T19:00:00.000Z
sensor.camera_e_umidita,44.983500504333335,2026-03-25T20:00:00.000Z
sensor.camera_e_umidita,45.316918845749996,2026-03-25T21:00:00.000Z
sensor.camera_e_umidita,44.88390303461111,2026-03-25T22:00:00.000Z
sensor.camera_e_umidita,42.43444906591667,2026-03-25T23:00:00.000Z
sensor.camera_e_umidita,40.52081303008333,2026-03-26T00:00:00.000Z
sensor.camera_e_umidita,38.74081509958334,2026-03-26T01:00:00.000Z
sensor.camera_e_umidita,38.01282493855556,2026-03-26T02:00:00.000Z
sensor.camera_e_umidita,37.3161508975,2026-03-26T03:00:00.000Z
sensor.camera_e_umidita,36.751893861611116,2026-03-26T04:00:00.000Z
sensor.camera_e_umidita,36.53552982825,2026-03-26T05:00:00.000Z
sensor.camera_e_umidita,37.572899384277775,2026-03-26T06:00:00.000Z
sensor.camera_e_umidita,37.66631842025,2026-03-26T07:00:00.000Z
sensor.camera_e_umidita,36.82776540441667,2026-03-26T08:00:00.000Z
sensor.camera_e_umidita,35.47184421727778,2026-03-26T09:00:00.000Z
sensor.camera_e_umidita,34.38625735205556,2026-03-26T10:00:00.000Z
sensor.camera_e_umidita,33.57335188236111,2026-03-26T11:00:00.000Z
sensor.camera_e_umidita,33.00818009305556,2026-03-26T12:00:00.000Z
sensor.camera_e_umidita,32.47795297830555,2026-03-26T13:00:00.000Z
sensor.camera_e_umidita,32.167648469305554,2026-03-26T14:00:00.000Z
sensor.camera_e_umidita,31.521099077472226,2026-03-26T15:00:00.000Z
sensor.camera_e_umidita,31.080954234944446,2026-03-26T16:00:00.000Z
sensor.camera_e_umidita,31.220233148555554,2026-03-26T17:00:00.000Z
sensor.camera_e_umidita,31.18175894111111,2026-03-26T18:00:00.000Z
sensor.camera_e_umidita,31.462450494805555,2026-03-26T19:00:00.000Z
sensor.camera_e_umidita,31.286955440638888,2026-03-26T20:00:00.000Z
sensor.camera_e_umidita,31.121676927444444,2026-03-26T21:00:00.000Z
sensor.camera_e_umidita,32.951608947388884,2026-03-26T22:00:00.000Z
sensor.camera_e_umidita,32.52588057638889,2026-03-26T23:00:00.000Z
sensor.camera_e_umidita,31.5214711955,2026-03-27T00:00:00.000Z
sensor.camera_e_umidita,31.313765829722225,2026-03-27T01:00:00.000Z
sensor.camera_e_umidita,31.41911706422222,2026-03-27T02:00:00.000Z
sensor.camera_e_umidita,31.341273815805554,2026-03-27T03:00:00.000Z
sensor.camera_e_umidita,31.28256093427778,2026-03-27T04:00:00.000Z
sensor.camera_e_umidita,31.65020733577778,2026-03-27T05:00:00.000Z
sensor.camera_e_umidita,32.44346736847222,2026-03-27T06:00:00.000Z
sensor.camera_e_umidita,32.7775398185,2026-03-27T07:00:00.000Z
sensor.camera_e_umidita,32.499457024777776,2026-03-27T08:00:00.000Z
sensor.camera_e_umidita,31.739879211861112,2026-03-27T09:00:00.000Z
sensor.camera_e_umidita,30.94657295461111,2026-03-27T10:00:00.000Z
sensor.camera_e_umidita,30.707862260194446,2026-03-27T11:00:00.000Z
sensor.camera_e_umidita,31.388503052666664,2026-03-27T12:00:00.000Z
sensor.camera_e_umidita,30.562655317027776,2026-03-27T13:00:00.000Z
sensor.camera_e_umidita,29.689023885944447,2026-03-27T14:00:00.000Z
sensor.camera_e_umidita,29.83258980877778,2026-03-27T15:00:00.000Z
sensor.camera_e_umidita,30.24035317075,2026-03-27T16:00:00.000Z
sensor.camera_e_umidita,30.987774665583334,2026-03-27T17:00:00.000Z
sensor.camera_e_umidita,32.14031421336111,2026-03-27T18:00:00.000Z
sensor.camera_e_umidita,32.29486082788889,2026-03-27T19:00:00.000Z
sensor.camera_e_umidita,32.333940306833334,2026-03-27T20:00:00.000Z
sensor.camera_e_umidita,32.94186666688889,2026-03-27T21:00:00.000Z
sensor.camera_e_umidita,33.52792997677778,2026-03-27T22:00:00.000Z
sensor.camera_e_umidita,33.55043193786111,2026-03-27T23:00:00.000Z
sensor.camera_e_umidita,33.73880192602778,2026-03-28T00:00:00.000Z
sensor.camera_e_umidita,33.84546936666667,2026-03-28T01:00:00.000Z
sensor.camera_e_umidita,33.67101388788889,2026-03-28T02:00:00.000Z
sensor.camera_e_umidita,33.611207807527784,2026-03-28T03:00:00.000Z
sensor.camera_e_umidita,34.05018278625,2026-03-28T04:00:00.000Z
sensor.camera_e_umidita,34.35435900922222,2026-03-28T05:00:00.000Z
sensor.camera_e_umidita,34.58193311463889,2026-03-28T06:00:00.000Z
sensor.camera_e_umidita,34.7,2026-03-28T07:00:00.000Z
sensor.camera_e_umidita,34.7,2026-03-28T08:00:00.000Z
sensor.camera_e_umidita,34.46862779483333,2026-03-28T09:00:00.000Z
sensor.camera_e_umidita,34.9122523645,2026-03-28T10:00:00.000Z
sensor.camera_e_umidita,35.63320603552778,2026-03-28T11:00:00.000Z
sensor.camera_e_umidita,34.88747428591667,2026-03-28T12:00:00.000Z
sensor.camera_e_umidita,35.296314220944446,2026-03-28T13:00:00.000Z
sensor.camera_e_umidita,35.46981445583333,2026-03-28T14:00:00.000Z
sensor.camera_e_umidita,35.92014806127778,2026-03-28T15:00:00.000Z
sensor.camera_e_umidita,35.89033398502778,2026-03-28T16:00:00.000Z
sensor.camera_e_umidita,35.073463087777775,2026-03-28T17:00:00.000Z
sensor.camera_e_umidita,34.85575498288889,2026-03-28T18:00:00.000Z
sensor.camera_e_umidita,34.863210397222225,2026-03-28T19:00:00.000Z
sensor.camera_e_umidita,35.06759412458333,2026-03-28T20:00:00.000Z
sensor.camera_e_umidita,35.61218721658333,2026-03-28T21:00:00.000Z
sensor.camera_e_umidita,36.17241910716667,2026-03-28T22:00:00.000Z
sensor.camera_e_umidita,36.95231998938889,2026-03-28T23:00:00.000Z
sensor.camera_e_umidita,37.450260939833335,2026-03-29T00:00:00.000Z
sensor.camera_e_umidita,37.171606800527776,2026-03-29T01:00:00.000Z
sensor.camera_e_umidita,36.697416950694446,2026-03-29T02:00:00.000Z
sensor.camera_e_umidita,37.32134376011111,2026-03-29T03:00:00.000Z
sensor.camera_e_umidita,38.43398877997222,2026-03-29T04:00:00.000Z
sensor.camera_e_umidita,38.994574055166666,2026-03-29T05:00:00.000Z
sensor.camera_e_umidita,39.3337006635,2026-03-29T06:00:00.000Z
sensor.camera_e_umidita,39.4,2026-03-29T07:00:00.000Z
sensor.camera_e_umidita,39.55156305011111,2026-03-29T08:00:00.000Z
sensor.camera_e_umidita,39.28843040755556,2026-03-29T09:00:00.000Z
sensor.camera_e_umidita,38.803271807722226,2026-03-29T10:00:00.000Z
sensor.camera_e_umidita,37.19957317688889,2026-03-29T11:00:00.000Z
sensor.camera_e_umidita,36.68964500036111,2026-03-29T12:00:00.000Z
sensor.camera_e_umidita,35.403077132305555,2026-03-29T13:00:00.000Z
sensor.camera_e_umidita,34.48535118141667,2026-03-29T14:00:00.000Z
sensor.camera_e_umidita,34.018150145722224,2026-03-29T15:00:00.000Z
sensor.camera_e_umidita,34.80827181069444,2026-03-29T16:00:00.000Z
sensor.camera_e_umidita,34.47483142047222,2026-03-29T17:00:00.000Z
sensor.camera_e_umidita,34.51265815763889,2026-03-29T18:00:00.000Z
sensor.camera_e_umidita,34.6,2026-03-29T19:00:00.000Z
sensor.camera_e_umidita,34.395292285388884,2026-03-29T20:00:00.000Z
sensor.camera_e_umidita,34.42265640405555,2026-03-29T21:00:00.000Z
sensor.camera_e_umidita,34.44516139511111,2026-03-29T22:00:00.000Z
sensor.camera_e_umidita,34.76221238588889,2026-03-29T23:00:00.000Z
sensor.camera_e_umidita,34.95872515158333,2026-03-30T00:00:00.000Z
sensor.camera_e_umidita,34.891211247305556,2026-03-30T01:00:00.000Z
sensor.camera_e_umidita,35.058720434777776,2026-03-30T02:00:00.000Z
sensor.camera_e_umidita,34.97483156822222,2026-03-30T03:00:00.000Z
sensor.camera_e_umidita,35.03115885347222,2026-03-30T04:00:00.000Z
sensor.camera_e_umidita,35.244870019555556,2026-03-30T05:00:00.000Z
sensor.camera_e_umidita,35.96654876308333,2026-03-30T06:00:00.000Z
sensor.camera_e_umidita,36.1,2026-03-30T07:00:00.000Z
sensor.camera_e_umidita,35.79030512319444,2026-03-30T08:00:00.000Z
sensor.camera_e_umidita,35.36657691583333,2026-03-30T09:00:00.000Z
sensor.camera_e_umidita,34.63258160288889,2026-03-30T10:00:00.000Z
sensor.camera_e_umidita,34.10771160447222,2026-03-30T11:00:00.000Z
sensor.camera_e_umidita,33.87063274105556,2026-03-30T12:00:00.000Z
sensor.camera_e_umidita,33.782852429083334,2026-03-30T13:00:00.000Z
sensor.camera_e_umidita,34.170380005,2026-03-30T14:00:00.000Z
sensor.camera_e_umidita,33.02842726172222,2026-03-30T15:00:00.000Z
sensor.camera_e_umidita,32.36316865972222,2026-03-30T16:00:00.000Z
sensor.camera_e_umidita,32.23570466783334,2026-03-30T17:00:00.000Z
sensor.camera_e_umidita,32.246851778444444,2026-03-30T18:00:00.000Z
sensor.camera_e_umidita,31.880481718694444,2026-03-30T19:00:00.000Z
sensor.camera_e_umidita,32.47344169708334,2026-03-30T20:00:00.000Z
sensor.camera_e_umidita,32.54340032988889,2026-03-30T21:00:00.000Z
sensor.camera_e_umidita,32.386677038694444,2026-03-30T22:00:00.000Z
sensor.camera_e_umidita,32.38682891619444,2026-03-30T23:00:00.000Z
sensor.camera_e_umidita,32.44887338941667,2026-03-31T00:00:00.000Z
sensor.camera_e_umidita,32.50092672452778,2026-03-31T01:00:00.000Z
sensor.camera_e_umidita,32.50094290136111,2026-03-31T02:00:00.000Z
sensor.camera_e_umidita,31.970459964750003,2026-03-31T03:00:00.000Z
sensor.camera_e_umidita,31.692809025694444,2026-03-31T04:00:00.000Z
sensor.camera_e_umidita,32.11007132638889,2026-03-31T05:00:00.000Z
sensor.camera_e_umidita,32.17347474291667,2026-03-31T06:00:00.000Z
sensor.camera_e_umidita,31.94957738719444,2026-03-31T07:00:00.000Z
sensor.camera_e_umidita,31.788488439194442,2026-03-31T08:00:00.000Z
sensor.camera_e_umidita,30.75132660827778,2026-03-31T09:00:00.000Z
sensor.camera_e_umidita,29.14500299686111,2026-03-31T10:00:00.000Z
sensor.camera_e_umidita,29.52667629638889,2026-03-31T11:00:00.000Z
sensor.camera_e_umidita,30.014847166916667,2026-03-31T12:00:00.000Z
sensor.camera_e_umidita,28.923668606666666,2026-03-31T13:00:00.000Z
sensor.camera_e_umidita,28.34891767713889,2026-03-31T14:00:00.000Z
sensor.camera_e_umidita,28.223475522472224,2026-03-31T15:00:00.000Z
sensor.camera_e_umidita,28.487752728361112,2026-03-31T16:00:00.000Z
sensor.camera_e_umidita,28.965957976194446,2026-03-31T17:00:00.000Z
sensor.camera_e_umidita,29.633251769194445,2026-03-31T18:00:00.000Z
sensor.camera_e_umidita,29.63004535630556,2026-03-31T19:00:00.000Z
sensor.camera_e_umidita,29.620226486444448,2026-03-31T20:00:00.000Z
sensor.camera_e_umidita,29.27548347533333,2026-03-31T21:00:00.000Z
sensor.camera_e_umidita,29.177513845277776,2026-03-31T22:00:00.000Z
sensor.camera_e_umidita,29.130218170861113,2026-03-31T23:00:00.000Z
sensor.camera_e_umidita,29.2434704545,2026-04-01T00:00:00.000Z
sensor.camera_e_umidita,29.42754747788889,2026-04-01T01:00:00.000Z
sensor.camera_e_umidita,29.778354315750004,2026-04-01T02:00:00.000Z
sensor.camera_e_umidita,30.758734793972224,2026-04-01T03:00:00.000Z
sensor.camera_e_umidita,33.08312748169445,2026-04-01T04:00:00.000Z
sensor.camera_e_umidita,33.22536181438889,2026-04-01T05:00:00.000Z
sensor.camera_e_umidita,32.815444498750004,2026-04-01T06:00:00.000Z
sensor.camera_e_umidita,32.786091217944445,2026-04-01T07:00:00.000Z
sensor.camera_e_umidita,32.41011450791667,2026-04-01T08:00:00.000Z
sensor.camera_e_umidita,32.15855032413889,2026-04-01T09:00:00.000Z
sensor.camera_e_umidita,31.69920394447222,2026-04-01T10:00:00.000Z
sensor.camera_e_umidita,31.168989379638887,2026-04-01T11:00:00.000Z
sensor.camera_e_umidita,30.670432759611113,2026-04-01T12:00:00.000Z
sensor.camera_e_umidita,30.857165938194445,2026-04-01T13:00:00.000Z
sensor.camera_e_umidita,32.22743778541667,2026-04-01T14:00:00.000Z
sensor.camera_e_umidita,31.380124904777777,2026-04-01T15:00:00.000Z
sensor.camera_e_umidita,30.626551344305557,2026-04-01T16:00:00.000Z
sensor.camera_e_umidita,30.40081525233333,2026-04-01T17:00:00.000Z
sensor.camera_e_umidita,30.732967229194443,2026-04-01T18:00:00.000Z
sensor.camera_e_umidita,30.933763716305553,2026-04-01T19:00:00.000Z
sensor.camera_e_umidita,31.237781399499998,2026-04-01T20:00:00.000Z
sensor.camera_e_umidita,32.03093330908333,2026-04-01T21:00:00.000Z
sensor.camera_e_umidita,32.32515971858333,2026-04-01T22:00:00.000Z
sensor.camera_e_umidita,32.51881175858333,2026-04-01T23:00:00.000Z
sensor.camera_e_umidita,32.83288076694445,2026-04-02T00:00:00.000Z
sensor.camera_e_umidita,32.9,2026-04-02T01:00:00.000Z
sensor.camera_e_umidita,32.97732542575,2026-04-02T02:00:00.000Z
sensor.camera_e_umidita,33.176244648777775,2026-04-02T03:00:00.000Z
sensor.camera_e_umidita,33.30857181186111,2026-04-02T04:00:00.000Z
sensor.camera_e_umidita,33.44838780316667,2026-04-02T05:00:00.000Z
sensor.camera_e_umidita,33.67089180344445,2026-04-02T06:00:00.000Z
sensor.camera_e_umidita,33.62029622222222,2026-04-02T07:00:00.000Z
sensor.camera_e_umidita,33.68079633186111,2026-04-02T08:00:00.000Z
sensor.camera_e_umidita,33.74745039386111,2026-04-02T09:00:00.000Z
sensor.camera_e_umidita,34.0207323175,2026-04-02T10:00:00.000Z
sensor.camera_e_umidita,34.26089868369444,2026-04-02T11:00:00.000Z
sensor.camera_e_umidita,34.616974055583334,2026-04-02T12:00:00.000Z
sensor.camera_e_umidita,35.108432747222224,2026-04-02T13:00:00.000Z
sensor.camera_e_umidita,34.93681610763889,2026-04-02T14:00:00.000Z
sensor.camera_e_umidita,34.22724760102778,2026-04-02T15:00:00.000Z
sensor.camera_e_umidita,33.916171970916665,2026-04-02T16:00:00.000Z
sensor.camera_e_umidita,34.013368491638886,2026-04-02T17:00:00.000Z
sensor.camera_e_umidita,34.7029744595,2026-04-02T18:00:00.000Z
sensor.camera_e_umidita,34.767926321333334,2026-04-02T19:00:00.000Z
sensor.camera_e_umidita,34.80274721758333,2026-04-02T20:00:00.000Z
sensor.camera_e_umidita,35.18739964827778,2026-04-02T21:00:00.000Z
sensor.camera_e_umidita,35.66030411041667,2026-04-02T22:00:00.000Z
sensor.camera_e_umidita,36.23596887497222,2026-04-02T23:00:00.000Z
sensor.camera_e_umidita,36.56454952516667,2026-04-03T00:00:00.000Z
sensor.camera_e_umidita,36.8577400295,2026-04-03T01:00:00.000Z
sensor.camera_e_umidita,37.19768752705556,2026-04-03T02:00:00.000Z
sensor.camera_e_umidita,37.384802985305555,2026-04-03T03:00:00.000Z
sensor.camera_e_umidita,37.25665091777778,2026-04-03T04:00:00.000Z
sensor.camera_e_umidita,37.01654590380556,2026-04-03T05:00:00.000Z
sensor.camera_e_umidita,36.90042556961111,2026-04-03T06:00:00.000Z
sensor.camera_e_umidita,36.9,2026-04-03T07:00:00.000Z
sensor.camera_e_umidita,36.90242468486111,2026-04-03T08:00:00.000Z
sensor.camera_e_umidita,36.66889710438889,2026-04-03T09:00:00.000Z
sensor.camera_e_umidita,36.70838524116667,2026-04-03T10:00:00.000Z
sensor.camera_e_umidita,36.85834205058333,2026-04-03T11:00:00.000Z
sensor.camera_e_umidita,36.974580041083335,2026-04-03T12:00:00.000Z
sensor.camera_e_umidita,36.254579556472216,2026-04-03T13:00:00.000Z
sensor.camera_e_umidita,34.98555193441667,2026-04-03T14:00:00.000Z
sensor.camera_e_umidita,34.51356465194444,2026-04-03T15:00:00.000Z
sensor.camera_e_umidita,35.37321553875,2026-04-03T16:00:00.000Z
sensor.camera_e_umidita,36.034741925666665,2026-04-03T17:00:00.000Z
sensor.camera_e_umidita,36.23571105730556,2026-04-03T18:00:00.000Z
sensor.camera_e_umidita,35.919677973666666,2026-04-03T19:00:00.000Z
sensor.camera_e_umidita,35.59094457016667,2026-04-03T20:00:00.000Z
sensor.camera_e_umidita,35.91253628166667,2026-04-03T21:00:00.000Z
sensor.camera_e_umidita,35.975499983944445,2026-04-03T22:00:00.000Z
sensor.camera_e_umidita,35.86644118336111,2026-04-03T23:00:00.000Z
sensor.camera_e_umidita,35.78256207863889,2026-04-04T00:00:00.000Z
sensor.camera_e_umidita,35.9,2026-04-04T01:00:00.000Z
sensor.camera_e_umidita,35.75895626691667,2026-04-04T02:00:00.000Z
sensor.camera_e_umidita,35.54645236380556,2026-04-04T03:00:00.000Z
sensor.camera_e_umidita,35.4,2026-04-04T04:00:00.000Z
sensor.camera_e_umidita,35.434100089611114,2026-04-04T05:00:00.000Z
sensor.camera_e_umidita,35.62476659772222,2026-04-04T06:00:00.000Z
sensor.camera_e_umidita,35.72623503288889,2026-04-04T07:00:00.000Z
sensor.camera_e_umidita,35.62340603102778,2026-04-04T08:00:00.000Z
sensor.camera_e_umidita,36.05210745888889,2026-04-04T09:00:00.000Z
sensor.camera_e_umidita,36.75892840688889,2026-04-04T10:00:00.000Z
sensor.camera_e_umidita,37.4191542435,2026-04-04T11:00:00.000Z
sensor.camera_e_umidita,38.20994115358334,2026-04-04T12:00:00.000Z
sensor.camera_e_umidita,38.339660437,2026-04-04T13:00:00.000Z
sensor.camera_e_umidita,38.212629760666665,2026-04-04T14:00:00.000Z
sensor.camera_e_umidita,38.35362314816667,2026-04-04T15:00:00.000Z
sensor.camera_e_umidita,37.88310218369445,2026-04-04T16:00:00.000Z
sensor.camera_e_umidita,37.600599747833336,2026-04-04T17:00:00.000Z
sensor.camera_e_umidita,38.05928128527778,2026-04-04T18:00:00.000Z
sensor.camera_e_umidita,38.251073016111114,2026-04-04T19:00:00.000Z
sensor.camera_e_umidita,38.22722572019445,2026-04-04T20:00:00.000Z
sensor.camera_e_umidita,38.90213471683333,2026-04-04T21:00:00.000Z
sensor.camera_e_umidita,39.134220791805554,2026-04-04T22:00:00.000Z
sensor.camera_e_umidita,39.03174575213889,2026-04-04T23:00:00.000Z
sensor.camera_e_umidita,39.45964661261111,2026-04-05T00:00:00.000Z
sensor.camera_e_umidita,39.87426132833333,2026-04-05T01:00:00.000Z
sensor.camera_e_umidita,40.136544115333336,2026-04-05T02:00:00.000Z
sensor.camera_e_umidita,40.2,2026-04-05T03:00:00.000Z
sensor.camera_e_umidita,40.30399684038889,2026-04-05T04:00:00.000Z
sensor.camera_e_umidita,40.400995985416664,2026-04-05T05:00:00.000Z
sensor.camera_e_umidita,40.55098696897222,2026-04-05T06:00:00.000Z
sensor.camera_e_umidita,40.633228115777776,2026-04-05T07:00:00.000Z
sensor.camera_e_umidita,40.94526612925,2026-04-05T08:00:00.000Z
sensor.camera_e_umidita,41.10704982863889,2026-04-05T09:00:00.000Z
sensor.camera_e_umidita,41.00034433272222,2026-04-05T10:00:00.000Z
sensor.camera_e_umidita,41.238893469611114,2026-04-05T11:00:00.000Z
sensor.camera_e_umidita,41.08363429591667,2026-04-05T12:00:00.000Z
sensor.camera_e_umidita,40.511472818277774,2026-04-05T13:00:00.000Z
sensor.camera_e_umidita,40.17585674922223,2026-04-05T14:00:00.000Z
sensor.camera_e_umidita,40.2953143485,2026-04-05T15:00:00.000Z
sensor.camera_e_umidita,40.76611639597222,2026-04-05T16:00:00.000Z
sensor.camera_e_umidita,40.69120955358333,2026-04-05T17:00:00.000Z
sensor.camera_e_umidita,41.31412097183333,2026-04-05T18:00:00.000Z
sensor.camera_e_umidita,41.61117870394445,2026-04-05T19:00:00.000Z
sensor.camera_e_umidita,41.391011551055556,2026-04-05T20:00:00.000Z
sensor.camera_e_umidita,41.41743035016666,2026-04-05T21:00:00.000Z
sensor.camera_e_umidita,41.4,2026-04-05T22:00:00.000Z
sensor.camera_e_umidita,41.517881692416665,2026-04-05T23:00:00.000Z
sensor.camera_e_umidita,41.802423699888884,2026-04-06T00:00:00.000Z
sensor.camera_e_umidita,41.920766113944445,2026-04-06T01:00:00.000Z
sensor.camera_e_umidita,41.76644541588889,2026-04-06T02:00:00.000Z
sensor.camera_e_umidita,42.030418313611115,2026-04-06T03:00:00.000Z
sensor.camera_e_umidita,42.37983982666667,2026-04-06T04:00:00.000Z
sensor.camera_e_umidita,42.85798201052777,2026-04-06T05:00:00.000Z
sensor.camera_e_umidita,43.32242677888889,2026-04-06T06:00:00.000Z
sensor.camera_e_umidita,43.57632424680556,2026-04-06T07:00:00.000Z
sensor.camera_e_umidita,43.92547507883334,2026-04-06T08:00:00.000Z
sensor.camera_e_umidita,44.615224430388885,2026-04-06T09:00:00.000Z
sensor.camera_e_umidita,45.74193881916667,2026-04-06T10:00:00.000Z
sensor.camera_e_umidita,46.24871409163888,2026-04-06T11:00:00.000Z
sensor.camera_e_umidita,45.74202894344444,2026-04-06T12:00:00.000Z
sensor.camera_e_umidita,45.69818214880556,2026-04-06T13:00:00.000Z
sensor.camera_e_umidita,45.59590428288889,2026-04-06T14:00:00.000Z
sensor.camera_e_umidita,45.36042854005555,2026-04-06T15:00:00.000Z
sensor.camera_e_umidita,44.92391358036111,2026-04-06T16:00:00.000Z
sensor.camera_e_umidita,44.674171931833335,2026-04-06T17:00:00.000Z
sensor.camera_e_umidita,45.29775277908334,2026-04-06T18:00:00.000Z
sensor.camera_e_umidita,45.04040365066667,2026-04-06T19:00:00.000Z
sensor.camera_e_umidita,44.859233305749996,2026-04-06T20:00:00.000Z
sensor.camera_e_umidita,45.85811292558333,2026-04-06T21:00:00.000Z
sensor.camera_e_umidita,45.41892349697222,2026-04-06T22:00:00.000Z
sensor.camera_e_umidita,45.83525457722222,2026-04-06T23:00:00.000Z
sensor.camera_e_umidita,45.55319690127777,2026-04-07T00:00:00.000Z
sensor.camera_e_umidita,45.7329567525,2026-04-07T01:00:00.000Z
sensor.camera_e_umidita,46.16447123175001,2026-04-07T02:00:00.000Z
sensor.camera_e_umidita,46.583750070722225,2026-04-07T03:00:00.000Z
sensor.camera_e_umidita,46.77232796016667,2026-04-07T04:00:00.000Z
sensor.camera_e_umidita,46.619272233611106,2026-04-07T05:00:00.000Z
sensor.camera_e_umidita,46.66644287211111,2026-04-07T06:00:00.000Z
sensor.camera_e_umidita,46.93230928725001,2026-04-07T07:00:00.000Z
sensor.camera_e_umidita,47.27649228730556,2026-04-07T08:00:00.000Z
sensor.camera_e_umidita,47.433551692,2026-04-07T09:00:00.000Z
sensor.camera_e_umidita,47.67091219675,2026-04-07T10:00:00.000Z
sensor.camera_e_umidita,48.382193420305555,2026-04-07T11:00:00.000Z
sensor.camera_e_umidita,48.67749426036111,2026-04-07T12:00:00.000Z
sensor.camera_e_umidita,47.97595034602778,2026-04-07T13:00:00.000Z
sensor.camera_e_umidita,47.47279609294444,2026-04-07T14:00:00.000Z
sensor.camera_e_umidita,47.110484581388896,2026-04-07T15:00:00.000Z
sensor.camera_e_umidita,46.83418713908333,2026-04-07T16:00:00.000Z
sensor.camera_e_umidita,46.66645351952778,2026-04-07T17:00:00.000Z
sensor.camera_e_umidita,46.82409836977778,2026-04-07T18:00:00.000Z
sensor.camera_e_umidita,48.15947252294444,2026-04-07T19:00:00.000Z
sensor.camera_e_umidita,47.8851874135,2026-04-07T20:00:00.000Z
sensor.camera_e_umidita,47.48984448513889,2026-04-07T21:00:00.000Z
sensor.camera_e_umidita,47.48367452608333,2026-04-07T22:00:00.000Z
sensor.camera_e_umidita,47.458722229694445,2026-04-07T23:00:00.000Z
sensor.camera_e_umidita,47.509056583694445,2026-04-08T00:00:00.000Z
sensor.camera_e_umidita,47.714912089861116,2026-04-08T01:00:00.000Z
sensor.camera_e_umidita,48.02271624791667,2026-04-08T02:00:00.000Z
sensor.camera_e_umidita,48.02137950736111,2026-04-08T03:00:00.000Z
sensor.camera_e_umidita,48.35063390769445,2026-04-08T04:00:00.000Z
sensor.camera_e_umidita,48.44127008238889,2026-04-08T05:00:00.000Z
sensor.camera_e_umidita,48.78725364316667,2026-04-08T06:00:00.000Z
sensor.camera_e_umidita,48.8141718875,2026-04-08T07:00:00.000Z
sensor.camera_e_umidita,48.79999999999999,2026-04-08T08:00:00.000Z
sensor.camera_e_umidita,48.79103346611111,2026-04-08T09:00:00.000Z
sensor.camera_e_umidita,48.70000000000001,2026-04-08T10:00:00.000Z
sensor.camera_e_umidita,48.735127458166666,2026-04-08T11:00:00.000Z
sensor.camera_e_umidita,48.45001259657576,2026-04-08T12:00:00.000Z
sensor.camera_e_umidita,48.91215260136111,2026-04-08T13:00:00.000Z
sensor.camera_e_umidita,48.119315351944444,2026-04-08T14:00:00.000Z
sensor.camera_e_umidita,48.12581529425,2026-04-08T15:00:00.000Z
sensor.camera_e_umidita,49.43782677744445,2026-04-08T16:00:00.000Z
sensor.camera_e_umidita,50.54058566638889,2026-04-08T17:00:00.000Z
sensor.camera_e_umidita,50.69984890797222,2026-04-08T18:00:00.000Z
sensor.camera_e_umidita,49.79835323525,2026-04-08T19:00:00.000Z
sensor.camera_e_umidita,49.990728174888886,2026-04-08T20:00:00.000Z
sensor.camera_e_umidita,50.67893330813889,2026-04-08T21:00:00.000Z
sensor.camera_e_umidita,50.758196180472225,2026-04-08T22:00:00.000Z
sensor.camera_e_umidita,49.85733767852778,2026-04-08T23:00:00.000Z
sensor.camera_e_umidita,48.79160014641667,2026-04-09T00:00:00.000Z
sensor.camera_e_umidita,48.003971610027776,2026-04-09T01:00:00.000Z
sensor.camera_e_umidita,47.1996390145,2026-04-09T02:00:00.000Z
sensor.camera_e_umidita,46.83913106197222,2026-04-09T03:00:00.000Z
sensor.camera_e_umidita,46.325704053138885,2026-04-09T04:00:00.000Z
sensor.camera_e_umidita,45.945397895194446,2026-04-09T05:00:00.000Z
sensor.camera_e_umidita,45.99711643075,2026-04-09T06:00:00.000Z
sensor.camera_e_umidita,46.03026493027778,2026-04-09T07:00:00.000Z
sensor.camera_e_umidita,45.827543890111116,2026-04-09T08:00:00.000Z
sensor.camera_e_umidita,45.07746343975,2026-04-09T09:00:00.000Z
sensor.camera_e_umidita,44.53841695863889,2026-04-09T10:00:00.000Z
sensor.camera_e_umidita,44.241712160944445,2026-04-09T11:00:00.000Z
sensor.camera_e_umidita,44.225620421527786,2026-04-09T12:00:00.000Z
sensor.camera_e_umidita,44.918571554083336,2026-04-09T13:00:00.000Z
sensor.camera_e_umidita,45.424358014111114,2026-04-09T14:00:00.000Z
sensor.camera_e_umidita,45.87510037241666,2026-04-09T15:00:00.000Z
sensor.camera_e_umidita,45.21907280808333,2026-04-09T16:00:00.000Z
sensor.camera_e_umidita,44.65414976916667,2026-04-09T17:00:00.000Z
sensor.camera_e_umidita,44.6232608865,2026-04-09T18:00:00.000Z
sensor.camera_e_umidita,45.25165712169444,2026-04-09T19:00:00.000Z
sensor.camera_e_umidita,45.47668081761111,2026-04-09T20:00:00.000Z
sensor.camera_e_umidita,45.961216775,2026-04-09T21:00:00.000Z
sensor.camera_e_umidita,45.86162401605555,2026-04-09T22:00:00.000Z
sensor.camera_e_umidita,45.5,2026-04-09T23:00:00.000Z
sensor.camera_e_umidita,45.798075398916666,2026-04-10T00:00:00.000Z
sensor.camera_e_umidita,45.92740644069445,2026-04-10T01:00:00.000Z
sensor.camera_e_umidita,45.70357064505556,2026-04-10T02:00:00.000Z
sensor.camera_e_umidita,45.555234119805554,2026-04-10T03:00:00.000Z
sensor.camera_e_umidita,45.37828508483333,2026-04-10T04:00:00.000Z
sensor.camera_e_umidita,45.29999999999999,2026-04-10T05:00:00.000Z
sensor.camera_e_umidita,45.36592191358333,2026-04-10T06:00:00.000Z
sensor.camera_e_umidita,45.233671580611116,2026-04-10T07:00:00.000Z
sensor.camera_e_umidita,45.03128111155556,2026-04-10T08:00:00.000Z
sensor.camera_e_umidita,44.73579308902777,2026-04-10T09:00:00.000Z
sensor.camera_e_umidita,44.57389144919444,2026-04-10T10:00:00.000Z
sensor.camera_e_umidita,44.407445968944444,2026-04-10T11:00:00.000Z
sensor.camera_e_umidita,46.12481292855555,2026-04-10T12:00:00.000Z
sensor.camera_e_umidita,44.81170101402778,2026-04-10T13:00:00.000Z
sensor.camera_e_umidita,44.6,2026-04-10T14:00:00.000Z
sensor.camera_e_umidita,44.538885405083334,2026-04-10T15:00:00.000Z
sensor.camera_e_umidita,45.293201023111116,2026-04-10T16:00:00.000Z
sensor.camera_e_umidita,45.03143941822222,2026-04-10T17:00:00.000Z
sensor.camera_e_umidita,45.27495830511111,2026-04-10T18:00:00.000Z
sensor.camera_e_umidita,45.84073544525,2026-04-10T19:00:00.000Z
sensor.camera_e_umidita,46.542214289111115,2026-04-10T20:00:00.000Z
sensor.camera_e_umidita,47.001610147583335,2026-04-10T21:00:00.000Z
sensor.camera_e_umidita,47.16138651261111,2026-04-10T22:00:00.000Z
sensor.camera_e_umidita,46.63703602694445,2026-04-10T23:00:00.000Z
sensor.camera_e_umidita,45.71479030813888,2026-04-11T00:00:00.000Z
sensor.camera_e_umidita,45.32584399419445,2026-04-11T01:00:00.000Z
sensor.camera_e_umidita,45.03623906988889,2026-04-11T02:00:00.000Z
sensor.camera_e_umidita,44.70030750325,2026-04-11T03:00:00.000Z
sensor.camera_e_umidita,44.338234448499996,2026-04-11T04:00:00.000Z
sensor.camera_e_umidita,44.22850907486111,2026-04-11T05:00:00.000Z
sensor.camera_e_umidita,44.145951807555555,2026-04-11T06:00:00.000Z
sensor.camera_e_umidita,43.90867944322222,2026-04-11T07:00:00.000Z
sensor.camera_e_umidita,43.62538803480555,2026-04-11T08:00:00.000Z
sensor.camera_e_umidita,43.16822711052777,2026-04-11T09:00:00.000Z
sensor.camera_e_umidita,42.89961085438889,2026-04-11T10:00:00.000Z
sensor.camera_e_umidita,42.27912159922222,2026-04-11T11:00:00.000Z
sensor.camera_e_umidita,42.62841931952778,2026-04-11T12:00:00.000Z
sensor.camera_e_umidita,43.30098236316667,2026-04-11T13:00:00.000Z
sensor.camera_e_umidita,44.280750925805556,2026-04-11T14:00:00.000Z
sensor.camera_e_umidita,45.513601662527776,2026-04-11T15:00:00.000Z
sensor.camera_e_umidita,44.69492978194444,2026-04-11T16:00:00.000Z
sensor.camera_e_umidita,44.32993932111111,2026-04-11T17:00:00.000Z
sensor.camera_e_umidita,44.592264450694444,2026-04-11T18:00:00.000Z
sensor.camera_e_umidita,44.437172251499995,2026-04-11T19:00:00.000Z
sensor.camera_e_umidita,44.4,2026-04-11T20:00:00.000Z
sensor.camera_e_umidita,44.567682881222225,2026-04-11T21:00:00.000Z
sensor.camera_e_umidita,44.93493214372222,2026-04-11T22:00:00.000Z
sensor.camera_e_umidita,45.12516513588889,2026-04-11T23:00:00.000Z
sensor.camera_e_umidita,45.16710891133334,2026-04-12T00:00:00.000Z
sensor.camera_e_umidita,45.29337836441667,2026-04-12T01:00:00.000Z
sensor.camera_e_umidita,45.997755282444444,2026-04-12T02:00:00.000Z
sensor.camera_e_umidita,46.829417707000005,2026-04-12T03:00:00.000Z
sensor.camera_e_umidita,47.17886991177778,2026-04-12T04:00:00.000Z
sensor.camera_e_umidita,47.260620483083336,2026-04-12T05:00:00.000Z
sensor.camera_e_umidita,47.17483345741667,2026-04-12T06:00:00.000Z
sensor.camera_e_umidita,47.15356276286111,2026-04-12T07:00:00.000Z
sensor.camera_e_umidita,47.02906097841667,2026-04-12T08:00:00.000Z
sensor.camera_e_umidita,46.77447519133333,2026-04-12T09:00:00.000Z
sensor.camera_e_umidita,46.46144829133333,2026-04-12T10:00:00.000Z
sensor.camera_e_umidita,46.11284531108333,2026-04-12T11:00:00.000Z
sensor.camera_e_umidita,45.535955591194444,2026-04-12T12:00:00.000Z
sensor.camera_e_umidita,45.57043781522222,2026-04-12T13:00:00.000Z
sensor.camera_e_umidita,45.641273551333335,2026-04-12T14:00:00.000Z
sensor.camera_e_umidita,45.78305367227778,2026-04-12T15:00:00.000Z
sensor.camera_e_umidita,45.75956248252778,2026-04-12T16:00:00.000Z
sensor.camera_e_umidita,45.19105758952778,2026-04-12T17:00:00.000Z
sensor.camera_e_umidita,44.88943810172222,2026-04-12T18:00:00.000Z
sensor.camera_e_umidita,45.0621308,2026-04-12T19:00:00.000Z
sensor.camera_e_umidita,45.505594162444446,2026-04-12T20:00:00.000Z
sensor.camera_e_umidita,45.63355712058333,2026-04-12T21:00:00.000Z
sensor.camera_e_umidita,45.66160448244445,2026-04-12T22:00:00.000Z
sensor.camera_e_umidita,46.2864577665,2026-04-12T23:00:00.000Z
sensor.camera_e_umidita,47.40431516280555,2026-04-13T00:00:00.000Z
sensor.camera_e_umidita,48.58927258777778,2026-04-13T01:00:00.000Z
sensor.camera_e_umidita,49.1516636105,2026-04-13T02:00:00.000Z
sensor.camera_e_umidita,49.23339342022223,2026-04-13T03:00:00.000Z
sensor.camera_e_umidita,49.12567289258334,2026-04-13T04:00:00.000Z
sensor.camera_e_umidita,49.22031152177778,2026-04-13T05:00:00.000Z
sensor.camera_e_umidita,49.709619196805555,2026-04-13T06:00:00.000Z
sensor.camera_e_umidita,50.05284082669445,2026-04-13T07:00:00.000Z
sensor.camera_e_umidita,50.092985688611115,2026-04-13T08:00:00.000Z
sensor.camera_e_umidita,50.39170017088889,2026-04-13T09:00:00.000Z
sensor.camera_e_umidita,50.619990582666674,2026-04-13T10:00:00.000Z
sensor.camera_e_umidita,50.73610071969444,2026-04-13T11:00:00.000Z
sensor.camera_e_umidita,50.95665691838889,2026-04-13T12:00:00.000Z
sensor.camera_e_umidita,51.177938845388894,2026-04-13T13:00:00.000Z
sensor.camera_e_umidita,51.35088548008333,2026-04-13T14:00:00.000Z
sensor.camera_e_umidita,51.45860573819444,2026-04-13T15:00:00.000Z
sensor.camera_e_umidita,51.62258684588889,2026-04-13T16:00:00.000Z
sensor.camera_e_umidita,52.45565379838889,2026-04-13T17:00:00.000Z
sensor.camera_e_umidita,53.01315351672222,2026-04-13T18:00:00.000Z
sensor.camera_e_umidita,52.62473285222222,2026-04-13T19:00:00.000Z
sensor.camera_e_umidita,52.510487059666666,2026-04-13T20:00:00.000Z
sensor.camera_e_umidita,52.75109939722222,2026-04-13T21:00:00.000Z
sensor.camera_e_umidita,52.70414469780556,2026-04-13T22:00:00.000Z
sensor.camera_e_umidita,52.80646694622222,2026-04-13T23:00:00.000Z
sensor.camera_e_umidita,53.17742707597222,2026-04-14T00:00:00.000Z
sensor.camera_e_umidita,53.78558750772222,2026-04-14T01:00:00.000Z
sensor.camera_e_umidita,54.31769395863889,2026-04-14T02:00:00.000Z
sensor.camera_e_umidita,54.65291177497222,2026-04-14T03:00:00.000Z
sensor.camera_e_umidita,54.85757870441666,2026-04-14T04:00:00.000Z
sensor.camera_e_umidita,54.96638088436111,2026-04-14T05:00:00.000Z
sensor.camera_e_umidita,55.17903992522222,2026-04-14T06:00:00.000Z
sensor.camera_e_umidita,54.96020417294444,2026-04-14T07:00:00.000Z
sensor.camera_e_umidita,54.78616013272222,2026-04-14T08:00:00.000Z
sensor.camera_e_umidita,56.070163698638886,2026-04-14T09:00:00.000Z
sensor.camera_e_umidita,59.38673695586112,2026-04-14T10:00:00.000Z
sensor.camera_e_umidita,58.349650401194445,2026-04-14T11:00:00.000Z
sensor.camera_e_umidita,57.756449970194446,2026-04-14T12:00:00.000Z
sensor.camera_e_umidita,56.338416379749994,2026-04-14T13:00:00.000Z
sensor.camera_e_umidita,55.46362319616667,2026-04-14T14:00:00.000Z
sensor.camera_e_umidita,54.767733730222226,2026-04-14T15:00:00.000Z
sensor.camera_e_umidita,54.23267475111111,2026-04-14T16:00:00.000Z
sensor.camera_e_umidita,54.02359971355556,2026-04-14T17:00:00.000Z
sensor.camera_e_umidita,54.33423674255556,2026-04-14T18:00:00.000Z
sensor.camera_e_umidita,54.805790185805556,2026-04-14T19:00:00.000Z
sensor.camera_e_umidita,55.47907492369445,2026-04-14T20:00:00.000Z
sensor.camera_e_umidita,55.79854479555556,2026-04-14T21:00:00.000Z
sensor.camera_e_umidita,55.398666671,2026-04-14T22:00:00.000Z
sensor.camera_e_umidita,55.94880110994444,2026-04-14T23:00:00.000Z
sensor.camera_e_umidita,56.42147203402778,2026-04-15T00:00:00.000Z
sensor.camera_e_umidita,56.677771595083335,2026-04-15T01:00:00.000Z
sensor.camera_e_umidita,56.79388767922222,2026-04-15T02:00:00.000Z
sensor.camera_e_umidita,56.817719856333326,2026-04-15T03:00:00.000Z
sensor.camera_e_umidita,56.81583524836111,2026-04-15T04:00:00.000Z
sensor.camera_e_umidita,56.66696521375,2026-04-15T05:00:00.000Z
sensor.camera_e_umidita,56.79777028388889,2026-04-15T06:00:00.000Z
sensor.camera_e_umidita,56.73740463036111,2026-04-15T07:00:00.000Z
sensor.camera_e_umidita,56.46218098911111,2026-04-15T08:00:00.000Z
sensor.camera_e_umidita,56.19424495297222,2026-04-15T09:00:00.000Z
sensor.camera_e_umidita,55.90308948930556,2026-04-15T10:00:00.000Z
sensor.camera_e_umidita,55.741067992055555,2026-04-15T11:00:00.000Z
sensor.camera_e_umidita,55.67483165838889,2026-04-15T12:00:00.000Z
sensor.camera_e_umidita,55.56890961477777,2026-04-15T13:00:00.000Z
sensor.camera_e_umidita,55.494091811222226,2026-04-15T14:00:00.000Z
sensor.camera_e_umidita,54.830899179027774,2026-04-15T15:00:00.000Z
sensor.camera_e_umidita,55.064517436555555,2026-04-15T16:00:00.000Z
sensor.camera_e_umidita,55.13410264752778,2026-04-15T17:00:00.000Z
sensor.camera_e_umidita,55.950170128694445,2026-04-15T18:00:00.000Z
sensor.camera_e_umidita,56.03577791316667,2026-04-15T19:00:00.000Z
sensor.camera_e_umidita,56.700220716,2026-04-15T20:00:00.000Z
sensor.camera_e_umidita,56.96199954744444,2026-04-15T21:00:00.000Z
sensor.camera_e_umidita,57.520733565527784,2026-04-15T22:00:00.000Z
sensor.camera_e_umidita,57.80403545130556,2026-04-15T23:00:00.000Z
sensor.camera_e_umidita,57.54259951657143,2026-04-16T00:00:00.000Z
sensor.camera_e_umidita,56.90485320484849,2026-04-16T03:00:00.000Z
sensor.camera_e_umidita,56.54733661155556,2026-04-16T04:00:00.000Z
sensor.camera_e_umidita,56.241783870527776,2026-04-16T05:00:00.000Z
sensor.camera_e_umidita,56.16619295372222,2026-04-16T06:00:00.000Z
sensor.camera_e_umidita,56.09411588305556,2026-04-16T07:00:00.000Z
sensor.camera_e_umidita,56.03355495902778,2026-04-16T08:00:00.000Z
sensor.camera_e_umidita,56.05579777566667,2026-04-16T09:00:00.000Z
sensor.camera_e_umidita,56.22703603180556,2026-04-16T10:00:00.000Z
sensor.camera_e_umidita,56.2119784925,2026-04-16T11:00:00.000Z
sensor.camera_e_umidita,56.27057594752778,2026-04-16T12:00:00.000Z
sensor.camera_e_umidita,56.17695972041667,2026-04-16T13:00:00.000Z
sensor.camera_e_umidita,55.84460483663889,2026-04-16T14:00:00.000Z
sensor.camera_e_umidita,55.16951795519444,2026-04-16T15:00:00.000Z
sensor.camera_e_umidita,54.873508079,2026-04-16T16:00:00.000Z
sensor.camera_e_umidita,54.80033929886111,2026-04-16T17:00:00.000Z
sensor.camera_e_umidita,54.601334964833335,2026-04-16T18:00:00.000Z
sensor.camera_e_umidita,54.59061119791667,2026-04-16T19:00:00.000Z
sensor.camera_e_umidita,54.83254436538889,2026-04-16T20:00:00.000Z
sensor.camera_e_umidita,54.92825289125,2026-04-16T21:00:00.000Z
sensor.camera_e_umidita,55.01911647913889,2026-04-16T22:00:00.000Z
sensor.camera_e_umidita,55.154384716,2026-04-16T23:00:00.000Z
sensor.camera_e_umidita,55.31081767372222,2026-04-17T00:00:00.000Z
sensor.camera_e_umidita,55.53627020294444,2026-04-17T01:00:00.000Z
sensor.camera_e_umidita,55.73830999836111,2026-04-17T02:00:00.000Z
sensor.camera_e_umidita,55.720336839111106,2026-04-17T03:00:00.000Z
sensor.camera_e_umidita,55.551054894972225,2026-04-17T04:00:00.000Z
sensor.camera_e_umidita,55.76783222638889,2026-04-17T05:00:00.000Z
sensor.camera_e_umidita,55.88332661855555,2026-04-17T06:00:00.000Z
sensor.camera_e_umidita,55.73478129694445,2026-04-17T07:00:00.000Z
sensor.camera_e_umidita,55.80830123913889,2026-04-17T08:00:00.000Z
sensor.camera_e_umidita,56.10922269647222,2026-04-17T09:00:00.000Z
sensor.camera_e_umidita,55.62164444297222,2026-04-17T10:00:00.000Z
sensor.camera_e_umidita,54.63665154919445,2026-04-17T11:00:00.000Z
sensor.camera_e_umidita,54.22911782702778,2026-04-17T12:00:00.000Z
sensor.camera_e_umidita,53.969468896361114,2026-04-17T13:00:00.000Z
sensor.camera_e_umidita,53.60568668883334,2026-04-17T14:00:00.000Z
sensor.camera_e_umidita,53.46403857544445,2026-04-17T15:00:00.000Z
sensor.camera_e_umidita,53.52050749097222,2026-04-17T16:00:00.000Z
sensor.camera_e_umidita,53.179680979388884,2026-04-17T17:00:00.000Z
sensor.camera_e_umidita,52.92494340594445,2026-04-17T18:00:00.000Z
sensor.camera_e_umidita,53.074610387999996,2026-04-17T19:00:00.000Z
sensor.camera_e_umidita,53.1,2026-04-17T20:00:00.000Z
sensor.camera_e_umidita,53.31535066577778,2026-04-17T21:00:00.000Z
sensor.camera_e_umidita,53.680991807277785,2026-04-17T22:00:00.000Z
sensor.camera_e_umidita,53.53934294847222,2026-04-17T23:00:00.000Z
sensor.camera_e_umidita,53.45389473775,2026-04-18T00:00:00.000Z
sensor.camera_e_umidita,53.4,2026-04-18T01:00:00.000Z
sensor.camera_e_umidita,53.73858001925,2026-04-18T02:00:00.000Z
sensor.camera_e_umidita,54.15657088169445,2026-04-18T03:00:00.000Z
sensor.camera_e_umidita,54.09527047552778,2026-04-18T04:00:00.000Z
sensor.camera_e_umidita,54.25199410719444,2026-04-18T05:00:00.000Z
sensor.camera_e_umidita,54.37483207447222,2026-04-18T06:00:00.000Z
sensor.camera_e_umidita,54.499660874944446,2026-04-18T07:00:00.000Z
sensor.camera_e_umidita,54.61560987172222,2026-04-18T08:00:00.000Z
sensor.camera_e_umidita,54.693452250444444,2026-04-18T09:00:00.000Z
sensor.camera_e_umidita,54.91463594747222,2026-04-18T10:00:00.000Z
sensor.camera_e_umidita,54.63043867375,2026-04-18T11:00:00.000Z
sensor.camera_e_umidita,54.13080949630555,2026-04-18T12:00:00.000Z
sensor.camera_e_umidita,54.06201333566667,2026-04-18T13:00:00.000Z
sensor.camera_e_umidita,54.296125481055554,2026-04-18T14:00:00.000Z
sensor.camera_e_umidita,54.136251065138886,2026-04-18T15:00:00.000Z
sensor.camera_e_umidita,53.36362794563889,2026-04-18T16:00:00.000Z
sensor.camera_e_umidita,54.44424896583333,2026-04-18T17:00:00.000Z
sensor.camera_e_umidita,53.72037289391667,2026-04-18T18:00:00.000Z
sensor.camera_e_umidita,52.97577621255556,2026-04-18T19:00:00.000Z
sensor.camera_e_umidita,52.67541742880556,2026-04-18T20:00:00.000Z
sensor.camera_e_umidita,52.943988458777774,2026-04-18T21:00:00.000Z
sensor.camera_e_umidita,53.031651554027775,2026-04-18T22:00:00.000Z
sensor.camera_e_umidita,52.48496124041667,2026-04-18T23:00:00.000Z
sensor.camera_e_umidita,52.86397528675,2026-04-19T00:00:00.000Z
sensor.camera_e_umidita,52.972244480027776,2026-04-19T01:00:00.000Z
sensor.camera_e_umidita,52.61551285688889,2026-04-19T02:00:00.000Z
sensor.camera_e_umidita,52.42516804338889,2026-04-19T03:00:00.000Z
sensor.camera_e_umidita,52.30606417236111,2026-04-19T04:00:00.000Z
sensor.camera_e_umidita,52.37649709930556,2026-04-19T05:00:00.000Z
sensor.camera_e_umidita,52.60298561588889,2026-04-19T06:00:00.000Z
sensor.camera_e_umidita,53.09193819833334,2026-04-19T07:00:00.000Z
sensor.camera_e_umidita,53.68593020777778,2026-04-19T08:00:00.000Z
sensor.camera_e_umidita,54.40211584175,2026-04-19T09:00:00.000Z
sensor.camera_e_umidita,54.555283011361105,2026-04-19T10:00:00.000Z
sensor.camera_e_umidita,54.671578511,2026-04-19T11:00:00.000Z
sensor.camera_e_umidita,54.59191976561112,2026-04-19T12:00:00.000Z
sensor.camera_e_umidita,54.46644537783333,2026-04-19T13:00:00.000Z
sensor.camera_e_umidita,54.367337832749996,2026-04-19T14:00:00.000Z
sensor.camera_e_umidita,54.06255911833333,2026-04-19T15:00:00.000Z
sensor.camera_e_umidita,53.75468082005555,2026-04-19T16:00:00.000Z
sensor.camera_e_umidita,53.70697835291667,2026-04-19T17:00:00.000Z
sensor.camera_e_umidita,53.55101050608334,2026-04-19T18:00:00.000Z
sensor.camera_e_umidita,53.47438635436111,2026-04-19T19:00:00.000Z
sensor.camera_e_umidita,53.08281163536111,2026-04-19T20:00:00.000Z
sensor.camera_e_umidita,53.619710504833336,2026-04-19T21:00:00.000Z
sensor.camera_e_umidita,54.36409825436112,2026-04-19T22:00:00.000Z
sensor.camera_e_umidita,54.21544260322222,2026-04-19T23:00:00.000Z
sensor.camera_e_umidita,54.36645518869444,2026-04-20T00:00:00.000Z
sensor.camera_e_umidita,54.81411776161111,2026-04-20T01:00:00.000Z
sensor.camera_e_umidita,54.787757662500006,2026-04-20T02:00:00.000Z
sensor.camera_e_umidita,55.202943247722224,2026-04-20T03:00:00.000Z
sensor.camera_e_umidita,55.11839235213889,2026-04-20T04:00:00.000Z
sensor.camera_e_umidita,54.78815289725,2026-04-20T05:00:00.000Z
sensor.camera_e_umidita,55.10235822663889,2026-04-20T06:00:00.000Z
sensor.camera_e_umidita,55.092709732777784,2026-04-20T07:00:00.000Z
sensor.camera_e_umidita,55.12582943230556,2026-04-20T08:00:00.000Z
sensor.camera_e_umidita,54.926634488527775,2026-04-20T09:00:00.000Z
sensor.camera_e_umidita,54.91117608033333,2026-04-20T10:00:00.000Z
sensor.camera_e_umidita,55.078300421416664,2026-04-20T11:00:00.000Z
sensor.camera_e_umidita,54.907612074722216,2026-04-20T12:00:00.000Z
sensor.camera_e_umidita,54.79999999999999,2026-04-20T13:00:00.000Z
sensor.camera_e_umidita,54.62601008633334,2026-04-20T14:00:00.000Z
sensor.camera_e_umidita,54.222250955805556,2026-04-20T15:00:00.000Z
sensor.camera_e_umidita,54.358359001694446,2026-04-20T16:00:00.000Z
sensor.camera_e_umidita,54.861006027416664,2026-04-20T17:00:00.000Z
sensor.camera_e_umidita,54.91692168472222,2026-04-20T18:00:00.000Z
sensor.camera_e_umidita,54.79497168036111,2026-04-20T19:00:00.000Z
sensor.camera_e_umidita,54.315731571916665,2026-04-20T20:00:00.000Z
sensor.camera_e_umidita,53.86002776138889,2026-04-20T21:00:00.000Z
sensor.camera_e_umidita,53.18480259147222,2026-04-20T22:00:00.000Z
sensor.camera_e_umidita,53.28655835502778,2026-04-20T23:00:00.000Z
sensor.camera_e_umidita,53.00891837344444,2026-04-21T00:00:00.000Z
sensor.camera_e_umidita,52.770967424750005,2026-04-21T01:00:00.000Z
sensor.camera_e_umidita,52.8114746945,2026-04-21T02:00:00.000Z
sensor.camera_e_umidita,53.55005075488889,2026-04-21T03:00:00.000Z
sensor.camera_e_umidita,53.97082355738889,2026-04-21T04:00:00.000Z
sensor.camera_e_umidita,54.23543189963889,2026-04-21T05:00:00.000Z
sensor.camera_e_umidita,54.10666303766667,2026-04-21T06:00:00.000Z
sensor.camera_e_umidita,53.82449848066667,2026-04-21T07:00:00.000Z
sensor.camera_e_umidita,53.111346890166665,2026-04-21T08:00:00.000Z
sensor.camera_e_umidita,52.68402548205555,2026-04-21T09:00:00.000Z
sensor.camera_e_umidita,52.806751311944446,2026-04-21T10:00:00.000Z
sensor.camera_e_umidita,53.03505355255555,2026-04-21T11:00:00.000Z
sensor.camera_e_umidita,52.37968794633333,2026-04-21T12:00:00.000Z
sensor.camera_e_umidita,51.75583323,2026-04-21T13:00:00.000Z
sensor.camera_e_umidita,51.67482542902778,2026-04-21T14:00:00.000Z
sensor.camera_e_umidita,51.75871698013889,2026-04-21T15:00:00.000Z
sensor.camera_e_umidita,51.70388728291667,2026-04-21T16:00:00.000Z
sensor.camera_e_umidita,51.46343933461111,2026-04-21T17:00:00.000Z
sensor.camera_e_umidita,51.15571578266667,2026-04-21T18:00:00.000Z
sensor.camera_e_umidita,51.15050435652778,2026-04-21T19:00:00.000Z
sensor.camera_e_umidita,50.84125245086111,2026-04-21T20:00:00.000Z
sensor.camera_e_umidita,50.64410287369444,2026-04-21T21:00:00.000Z
sensor.camera_e_umidita,50.371270315333334,2026-04-21T22:00:00.000Z
sensor.camera_e_umidita,50.385439827166664,2026-04-21T23:00:00.000Z
sensor.camera_e_umidita,50.353269022472226,2026-04-22T00:00:00.000Z
sensor.camera_e_umidita,50.21361416372222,2026-04-22T01:00:00.000Z
sensor.camera_e_umidita,50.00436751147222,2026-04-22T02:00:00.000Z
sensor.camera_e_umidita,49.63482958722222,2026-04-22T03:00:00.000Z
sensor.camera_e_umidita,49.63422142708333,2026-04-22T04:00:00.000Z
sensor.camera_e_umidita,49.57739163602778,2026-04-22T05:00:00.000Z
sensor.camera_e_umidita,49.30394758230556,2026-04-22T06:00:00.000Z
sensor.camera_e_umidita,49.18750560661112,2026-04-22T07:00:00.000Z
sensor.camera_e_umidita,48.79128097863889,2026-04-22T08:00:00.000Z
sensor.camera_e_umidita,48.20212348636111,2026-04-22T09:00:00.000Z
sensor.camera_e_umidita,47.86049571405555,2026-04-22T10:00:00.000Z
sensor.camera_e_umidita,47.72054541894445,2026-04-22T11:00:00.000Z
sensor.camera_e_umidita,47.61966945247223,2026-04-22T12:00:00.000Z
sensor.camera_e_umidita,47.376441229777775,2026-04-22T13:00:00.000Z
sensor.camera_e_umidita,47.01972211408333,2026-04-22T14:00:00.000Z
sensor.camera_e_umidita,46.792336973,2026-04-22T15:00:00.000Z
sensor.camera_e_umidita,46.70838237224999,2026-04-22T16:00:00.000Z
sensor.camera_e_umidita,46.70000000000001,2026-04-22T17:00:00.000Z
sensor.camera_e_umidita,46.47215913922222,2026-04-22T18:00:00.000Z
sensor.camera_e_umidita,45.924475737111116,2026-04-22T19:00:00.000Z
sensor.camera_e_umidita,46.16563799363889,2026-04-22T20:00:00.000Z
sensor.camera_e_umidita,46.085402266888885,2026-04-22T21:00:00.000Z
sensor.camera_e_umidita,47.40311058719445,2026-04-22T22:00:00.000Z
sensor.camera_e_umidita,46.71735086769445,2026-04-22T23:00:00.000Z
sensor.camera_e_umidita,46.57562971036111,2026-04-23T00:00:00.000Z
sensor.camera_e_umidita,46.471280112500004,2026-04-23T01:00:00.000Z
sensor.camera_e_umidita,46.47736845386111,2026-04-23T02:00:00.000Z
sensor.camera_e_umidita,46.55531763397223,2026-04-23T03:00:00.000Z
sensor.camera_e_umidita,46.359627168083335,2026-04-23T04:00:00.000Z
sensor.camera_e_umidita,46.31020727761111,2026-04-23T05:00:00.000Z
sensor.camera_e_umidita,46.626100163833335,2026-04-23T06:00:00.000Z
sensor.camera_e_umidita,46.65943193811111,2026-04-23T07:00:00.000Z
sensor.camera_e_umidita,46.435454856916664,2026-04-23T08:00:00.000Z
sensor.camera_e_umidita,46.228210184194445,2026-04-23T09:00:00.000Z
sensor.camera_e_umidita,46.00414844975,2026-04-23T10:00:00.000Z
sensor.camera_e_umidita,45.78568516172222,2026-04-23T11:00:00.000Z
sensor.camera_e_umidita,45.39614057641666,2026-04-23T12:00:00.000Z
sensor.camera_e_umidita,44.99045938613889,2026-04-23T13:00:00.000Z
sensor.camera_e_umidita,44.96668259427778,2026-04-23T14:00:00.000Z
sensor.camera_e_umidita,45.1739864015,2026-04-23T15:00:00.000Z
sensor.camera_e_umidita,45.28452044377778,2026-04-23T16:00:00.000Z
sensor.camera_e_umidita,45.07615461113889,2026-04-23T17:00:00.000Z
sensor.camera_e_umidita,44.962203495527774,2026-04-23T18:00:00.000Z
sensor.camera_e_umidita,44.64596218436111,2026-04-23T19:00:00.000Z
sensor.camera_e_umidita,44.701278256638886,2026-04-23T20:00:00.000Z
sensor.camera_e_umidita,45.19055079480555,2026-04-23T21:00:00.000Z
sensor.camera_e_umidita,45.95456753422223,2026-04-23T22:00:00.000Z
sensor.camera_e_umidita,45.945181358861106,2026-04-23T23:00:00.000Z
sensor.camera_e_umidita,46.212304623111116,2026-04-24T00:00:00.000Z
sensor.camera_e_umidita,46.47163775477778,2026-04-24T01:00:00.000Z
sensor.camera_e_umidita,46.756220917222215,2026-04-24T02:00:00.000Z
sensor.camera_e_umidita,46.884567929305554,2026-04-24T03:00:00.000Z
sensor.camera_e_umidita,47.02595159030556,2026-04-24T04:00:00.000Z
sensor.camera_e_umidita,47.20983526111112,2026-04-24T05:00:00.000Z
sensor.camera_e_umidita,47.84298599911111,2026-04-24T06:00:00.000Z
sensor.camera_e_umidita,47.73480103380555,2026-04-24T07:00:00.000Z
sensor.camera_e_umidita,47.64057200886111,2026-04-24T08:00:00.000Z
sensor.camera_e_umidita,47.87879705258334,2026-04-24T09:00:00.000Z
sensor.camera_e_umidita,48.087411222583334,2026-04-24T10:00:00.000Z
sensor.camera_e_umidita,48.28084177672222,2026-04-24T11:00:00.000Z
sensor.camera_e_umidita,47.63844554463889,2026-04-24T12:00:00.000Z
sensor.camera_e_umidita,45.99153801716667,2026-04-24T13:00:00.000Z
sensor.camera_e_umidita,43.71652250608333,2026-04-24T14:00:00.000Z
sensor.camera_e_umidita,43.811238930638886,2026-04-24T15:00:00.000Z
sensor.camera_e_umidita,43.334874468638894,2026-04-24T16:00:00.000Z
sensor.camera_e_umidita,42.73567290469445,2026-04-24T17:00:00.000Z
sensor.camera_e_umidita,43.464936806805554,2026-04-24T18:00:00.000Z
sensor.camera_e_umidita,43.705654257638884,2026-04-24T19:00:00.000Z
sensor.camera_e_umidita,43.75561172872222,2026-04-24T20:00:00.000Z
sensor.camera_e_umidita,43.566499797138896,2026-04-24T21:00:00.000Z
sensor.camera_e_umidita,43.71545243363889,2026-04-24T22:00:00.000Z
sensor.camera_e_umidita,43.561651590222226,2026-04-24T23:00:00.000Z
sensor.camera_e_umidita,43.737927591277774,2026-04-25T00:00:00.000Z
sensor.camera_e_umidita,43.76650080625,2026-04-25T01:00:00.000Z
sensor.camera_e_umidita,43.83349816938889,2026-04-25T02:00:00.000Z
sensor.camera_e_umidita,44.129080579972225,2026-04-25T03:00:00.000Z
sensor.camera_e_umidita,44.313395131111115,2026-04-25T04:00:00.000Z
sensor.camera_e_umidita,44.4,2026-04-25T05:00:00.000Z
sensor.camera_e_umidita,44.50818092433334,2026-04-25T06:00:00.000Z
sensor.camera_e_umidita,44.92429026463889,2026-04-25T07:00:00.000Z
sensor.camera_e_umidita,45.148409032361116,2026-04-25T08:00:00.000Z
sensor.camera_e_umidita,45.10786699530556,2026-04-25T09:00:00.000Z
sensor.camera_e_umidita,45.001391906722226,2026-04-25T10:00:00.000Z
sensor.camera_e_umidita,44.88190317413889,2026-04-25T11:00:00.000Z
sensor.camera_e_umidita,43.82756280844445,2026-04-25T12:00:00.000Z
sensor.camera_e_umidita,44.84190090527778,2026-04-25T13:00:00.000Z
sensor.camera_e_umidita,45.45197726772222,2026-04-25T14:00:00.000Z
sensor.camera_e_umidita,45.342880758722224,2026-04-25T15:00:00.000Z
sensor.camera_e_umidita,45.02779031469444,2026-04-25T16:00:00.000Z
sensor.camera_e_umidita,44.73899428377778,2026-04-25T17:00:00.000Z
sensor.camera_e_umidita,44.51893389538889,2026-04-25T18:00:00.000Z
sensor.camera_e_umidita,44.60758058627778,2026-04-25T19:00:00.000Z
sensor.camera_e_umidita,45.37864336305555,2026-04-25T20:00:00.000Z
sensor.camera_e_umidita,46.356195118500004,2026-04-25T21:00:00.000Z
sensor.camera_e_umidita,46.425115489444444,2026-04-25T22:00:00.000Z
sensor.camera_e_umidita,46.54006894369444,2026-04-25T23:00:00.000Z
sensor.camera_e_umidita,46.66699931127778,2026-04-26T00:00:00.000Z
sensor.camera_e_umidita,46.61878385394445,2026-04-26T01:00:00.000Z
sensor.camera_e_umidita,46.67488528236112,2026-04-26T02:00:00.000Z
sensor.camera_e_umidita,46.77738067575,2026-04-26T03:00:00.000Z
sensor.camera_e_umidita,47.043884608305554,2026-04-26T04:00:00.000Z
sensor.camera_e_umidita,47.25024837494445,2026-04-26T05:00:00.000Z
sensor.camera_e_umidita,47.60673689272222,2026-04-26T06:00:00.000Z
sensor.camera_e_umidita,48.71580448816667,2026-04-26T07:00:00.000Z
sensor.camera_e_umidita,49.614886746361115,2026-04-26T08:00:00.000Z
sensor.camera_e_umidita,50.406271168138886,2026-04-26T09:00:00.000Z
sensor.camera_e_umidita,50.68468975763889,2026-04-26T10:00:00.000Z
sensor.camera_e_umidita,51.418816929722226,2026-04-26T11:00:00.000Z
sensor.camera_e_umidita,51.40106275083334,2026-04-26T12:00:00.000Z
sensor.camera_e_umidita,50.93068793716666,2026-04-26T13:00:00.000Z
sensor.camera_e_umidita,50.197139250499994,2026-04-26T14:00:00.000Z
sensor.camera_e_umidita,49.652644110194444,2026-04-26T15:00:00.000Z
sensor.camera_e_umidita,49.16844884672222,2026-04-26T16:00:00.000Z
sensor.camera_e_umidita,48.490593206027775,2026-04-26T17:00:00.000Z
sensor.camera_e_umidita,48.547374852194444,2026-04-26T18:00:00.000Z
sensor.camera_e_umidita,48.017303155027776,2026-04-26T19:00:00.000Z
sensor.camera_e_umidita,48.72489900336111,2026-04-26T20:00:00.000Z
sensor.camera_e_umidita,49.55947612994444,2026-04-26T21:00:00.000Z
sensor.camera_e_umidita,49.86577875491667,2026-04-26T22:00:00.000Z
sensor.camera_e_umidita,50.044666320888886,2026-04-26T23:00:00.000Z
sensor.camera_e_umidita,51.18399459222223,2026-04-27T00:00:00.000Z
sensor.camera_e_umidita,51.97399295677778,2026-04-27T01:00:00.000Z
sensor.camera_e_umidita,51.97893316588889,2026-04-27T02:00:00.000Z
sensor.camera_e_umidita,51.66455461647222,2026-04-27T03:00:00.000Z
sensor.camera_e_umidita,51.39774500652777,2026-04-27T04:00:00.000Z
sensor.camera_e_umidita,51.346979911194445,2026-04-27T05:00:00.000Z
sensor.camera_e_umidita,51.55570647794445,2026-04-27T06:00:00.000Z
sensor.camera_e_umidita,51.37781582263889,2026-04-27T07:00:00.000Z
sensor.camera_e_umidita,50.91720016825,2026-04-27T08:00:00.000Z
sensor.camera_e_umidita,50.81844892991666,2026-04-27T09:00:00.000Z
sensor.camera_e_umidita,50.97443043041667,2026-04-27T10:00:00.000Z
sensor.camera_e_umidita,50.80112588108333,2026-04-27T11:00:00.000Z
sensor.camera_e_umidita,50.81558575733333,2026-04-27T12:00:00.000Z
sensor.camera_e_umidita,50.783225625,2026-04-27T13:00:00.000Z
sensor.camera_e_umidita,50.52892698969444,2026-04-27T14:00:00.000Z
sensor.camera_e_umidita,49.974726151111106,2026-04-27T15:00:00.000Z
sensor.camera_e_umidita,49.343973504944444,2026-04-27T16:00:00.000Z
sensor.camera_e_umidita,49.4861615955,2026-04-27T17:00:00.000Z
sensor.camera_e_umidita,49.19751372183333,2026-04-27T18:00:00.000Z
sensor.camera_e_umidita,49.02409040138889,2026-04-27T19:00:00.000Z
sensor.camera_e_umidita,49.648844860222226,2026-04-27T20:00:00.000Z
sensor.camera_e_umidita,50.30616276380555,2026-04-27T21:00:00.000Z
sensor.camera_e_umidita,50.397319885,2026-04-27T22:00:00.000Z
sensor.camera_e_umidita,49.9041363375,2026-04-27T23:00:00.000Z
sensor.camera_e_umidita,49.71784759519445,2026-04-28T00:00:00.000Z
sensor.camera_e_umidita,49.97647757702777,2026-04-28T01:00:00.000Z
sensor.camera_e_umidita,50.20366742852778,2026-04-28T02:00:00.000Z
sensor.camera_e_umidita,50.742924867805556,2026-04-28T03:00:00.000Z
sensor.camera_e_umidita,51.05752413475,2026-04-28T04:00:00.000Z
sensor.camera_e_umidita,51.18662409611111,2026-04-28T05:00:00.000Z
sensor.camera_e_umidita,51.21506103172222,2026-04-28T06:00:00.000Z
sensor.camera_e_umidita,50.86613741513889,2026-04-28T07:00:00.000Z
sensor.camera_e_umidita,50.630455003361114,2026-04-28T08:00:00.000Z
sensor.camera_e_umidita,50.61733543797222,2026-04-28T09:00:00.000Z
sensor.camera_e_umidita,50.65934779436111,2026-04-28T10:00:00.000Z
sensor.camera_e_umidita,50.56400615988889,2026-04-28T11:00:00.000Z
sensor.camera_e_umidita,49.51832645305556,2026-04-28T12:00:00.000Z
sensor.camera_e_umidita,48.86700085233333,2026-04-28T13:00:00.000Z
sensor.camera_e_umidita,48.720262380444446,2026-04-28T14:00:00.000Z
sensor.camera_e_umidita,48.427530845916664,2026-04-28T15:00:00.000Z
sensor.camera_e_umidita,48.274882708583334,2026-04-28T16:00:00.000Z
sensor.camera_e_umidita,48.31856207530556,2026-04-28T17:00:00.000Z
sensor.camera_e_umidita,48.079958854055555,2026-04-28T18:00:00.000Z
sensor.camera_e_umidita,48.153532350861106,2026-04-28T19:00:00.000Z
sensor.camera_e_umidita,49.044595056,2026-04-28T20:00:00.000Z
sensor.camera_e_umidita,49.56102226675,2026-04-28T21:00:00.000Z
sensor.camera_e_umidita,49.83561991533333,2026-04-28T22:00:00.000Z
sensor.camera_e_umidita,51.45575891883333,2026-04-28T23:00:00.000Z
sensor.camera_e_umidita,52.18185906772222,2026-04-29T00:00:00.000Z
sensor.camera_e_umidita,52.644189433388895,2026-04-29T01:00:00.000Z
sensor.camera_e_umidita,52.94202209775,2026-04-29T02:00:00.000Z
sensor.camera_e_umidita,53.023758976972225,2026-04-29T03:00:00.000Z
sensor.camera_e_umidita,53.322874823805556,2026-04-29T04:00:00.000Z
sensor.camera_e_umidita,53.30333716166666,2026-04-29T05:00:00.000Z
sensor.camera_e_umidita,54.397054580611105,2026-04-29T06:00:00.000Z
sensor.camera_e_umidita,54.87079070425,2026-04-29T07:00:00.000Z
sensor.camera_e_umidita,54.50487824352778,2026-04-29T08:00:00.000Z
sensor.camera_e_umidita,54.07369794144444,2026-04-29T09:00:00.000Z
sensor.camera_e_umidita,53.57670333138889,2026-04-29T10:00:00.000Z
sensor.camera_e_umidita,53.192217789194444,2026-04-29T11:00:00.000Z
sensor.camera_e_umidita,53.335917668916665,2026-04-29T12:00:00.000Z
sensor.camera_e_umidita,52.574200655944445,2026-04-29T13:00:00.000Z
sensor.camera_e_umidita,52.077100379027776,2026-04-29T14:00:00.000Z
sensor.camera_e_umidita,51.751211088805555,2026-04-29T15:00:00.000Z
sensor.camera_e_umidita,51.52024188213889,2026-04-29T16:00:00.000Z
sensor.camera_e_umidita,51.99026786561111,2026-04-29T17:00:00.000Z
sensor.camera_e_umidita,52.045400721166665,2026-04-29T18:00:00.000Z
sensor.camera_e_umidita,52.44110603944444,2026-04-29T19:00:00.000Z
sensor.camera_e_umidita,52.961169519722226,2026-04-29T20:00:00.000Z
sensor.camera_e_umidita,52.915545131500004,2026-04-29T21:00:00.000Z
sensor.camera_e_umidita,52.69821987294444,2026-04-29T22:00:00.000Z
sensor.camera_e_umidita,52.33219332811111,2026-04-29T23:00:00.000Z
sensor.camera_e_umidita,51.832400914555556,2026-04-30T00:00:00.000Z
sensor.camera_e_umidita,52.18201149294445,2026-04-30T01:00:00.000Z
sensor.camera_e_umidita,52.15982689086112,2026-04-30T02:00:00.000Z
sensor.camera_e_umidita,51.75966209455555,2026-04-30T03:00:00.000Z
sensor.camera_e_umidita,51.24287412702778,2026-04-30T04:00:00.000Z
sensor.camera_e_umidita,51.09336932588889,2026-04-30T05:00:00.000Z
sensor.camera_e_umidita,51.10954419777778,2026-04-30T06:00:00.000Z
sensor.camera_e_umidita,50.546950805555554,2026-04-30T07:00:00.000Z
sensor.camera_e_umidita,49.34075591783333,2026-04-30T08:00:00.000Z
sensor.camera_e_umidita,48.38572993602778,2026-04-30T09:00:00.000Z
sensor.camera_e_umidita,47.28241693516667,2026-04-30T10:00:00.000Z
sensor.camera_e_umidita,46.4843652035,2026-04-30T11:00:00.000Z
sensor.camera_e_umidita,46.18017283966666,2026-04-30T12:00:00.000Z
sensor.camera_e_umidita,45.64949061808333,2026-04-30T13:00:00.000Z
sensor.camera_e_umidita,45.31849044738889,2026-04-30T14:00:00.000Z
sensor.camera_e_umidita,45.154622901638895,2026-04-30T15:00:00.000Z
sensor.camera_e_umidita,45.20184420263889,2026-04-30T16:00:00.000Z
sensor.camera_e_umidita,44.64361918694445,2026-04-30T17:00:00.000Z
sensor.camera_e_umidita,44.65296696641667,2026-04-30T18:00:00.000Z
sensor.camera_e_umidita,44.714021686694444,2026-04-30T19:00:00.000Z
sensor.camera_e_umidita,45.18275671530555,2026-04-30T20:00:00.000Z
sensor.camera_e_umidita,45.553465710000005,2026-04-30T21:00:00.000Z
sensor.camera_e_umidita,45.418799286555554,2026-04-30T22:00:00.000Z
sensor.camera_e_umidita,45.289052491777774,2026-04-30T23:00:00.000Z
sensor.camera_e_umidita,44.96320339491666,2026-05-01T00:00:00.000Z
sensor.camera_e_umidita,44.22544083141667,2026-05-01T01:00:00.000Z
sensor.camera_e_umidita,43.57154942886111,2026-05-01T02:00:00.000Z
sensor.camera_e_umidita,42.99954260002778,2026-05-01T03:00:00.000Z
sensor.camera_e_umidita,42.68609870569444,2026-05-01T04:00:00.000Z
sensor.camera_e_umidita,42.548664627444445,2026-05-01T05:00:00.000Z
sensor.camera_e_umidita,42.65650986177778,2026-05-01T06:00:00.000Z
sensor.camera_e_umidita,42.57659985991667,2026-05-01T07:00:00.000Z
sensor.camera_e_umidita,42.08685878594444,2026-05-01T08:00:00.000Z
sensor.camera_e_umidita,42.20691825358333,2026-05-01T09:00:00.000Z
sensor.camera_e_umidita,43.3669560025,2026-05-01T10:00:00.000Z
sensor.camera_e_umidita,44.80135590761111,2026-05-01T11:00:00.000Z
sensor.camera_e_umidita,44.547258596472226,2026-05-01T12:00:00.000Z
sensor.camera_e_umidita,43.319912030638896,2026-05-01T13:00:00.000Z
sensor.camera_e_umidita,42.306386107777776,2026-05-01T14:00:00.000Z
sensor.camera_e_umidita,41.647289619055556,2026-05-01T15:00:00.000Z
sensor.camera_e_umidita,41.88456225447222,2026-05-01T16:00:00.000Z
sensor.camera_e_umidita,42.36518123397222,2026-05-01T17:00:00.000Z
sensor.camera_e_umidita,42.54258505619445,2026-05-01T18:00:00.000Z
sensor.camera_e_umidita,41.83186549608333,2026-05-01T19:00:00.000Z
sensor.camera_e_umidita,42.34127078708333,2026-05-01T20:00:00.000Z
sensor.camera_e_umidita,42.838781403055556,2026-05-01T21:00:00.000Z
sensor.camera_e_umidita,43.391843920666666,2026-05-01T22:00:00.000Z
sensor.camera_e_umidita,43.6,2026-05-01T23:00:00.000Z
sensor.camera_e_umidita,43.47077571216667,2026-05-02T00:00:00.000Z
sensor.camera_e_umidita,43.32655920055555,2026-05-02T01:00:00.000Z
sensor.camera_e_umidita,43.39224758530555,2026-05-02T02:00:00.000Z
sensor.camera_e_umidita,43.39544710419444,2026-05-02T03:00:00.000Z
sensor.camera_e_umidita,43.38909674872222,2026-05-02T04:00:00.000Z
sensor.camera_e_umidita,43.47674205394444,2026-05-02T05:00:00.000Z
sensor.camera_e_umidita,43.54962759380555,2026-05-02T06:00:00.000Z
sensor.camera_e_umidita,43.84794378294444,2026-05-02T07:00:00.000Z
sensor.camera_e_umidita,44,2026-05-02T08:00:00.000Z
sensor.camera_e_umidita,44.02286995605556,2026-05-02T09:00:00.000Z
sensor.camera_e_umidita,44.094458532333334,2026-05-02T10:00:00.000Z
sensor.camera_e_umidita,44.055169054555556,2026-05-02T11:00:00.000Z
sensor.camera_e_umidita,43.61320235211111,2026-05-02T12:00:00.000Z
sensor.camera_e_umidita,42.97173540166667,2026-05-02T13:00:00.000Z
sensor.camera_e_umidita,43.11922597497223,2026-05-02T14:00:00.000Z
sensor.camera_e_umidita,43.06175894727778,2026-05-02T15:00:00.000Z
sensor.camera_e_umidita,42.68345668627777,2026-05-02T16:00:00.000Z
sensor.camera_e_umidita,42.234476204416666,2026-05-02T17:00:00.000Z
sensor.camera_e_umidita,41.83083432763889,2026-05-02T18:00:00.000Z
sensor.camera_e_umidita,41.516038859472225,2026-05-02T19:00:00.000Z
sensor.camera_e_umidita,42.470276515638886,2026-05-02T20:00:00.000Z
sensor.camera_e_umidita,42.997871508083335,2026-05-02T21:00:00.000Z
sensor.camera_e_umidita,43.480068925638896,2026-05-02T22:00:00.000Z
sensor.camera_e_umidita,43.60668517155555,2026-05-02T23:00:00.000Z
sensor.camera_e_umidita,43.738346803194446,2026-05-03T00:00:00.000Z
sensor.camera_e_umidita,44.01345014561111,2026-05-03T01:00:00.000Z
sensor.camera_e_umidita,44.191388626611115,2026-05-03T02:00:00.000Z
sensor.camera_e_umidita,44.2878066465,2026-05-03T03:00:00.000Z
sensor.camera_e_umidita,44.3077498325,2026-05-03T04:00:00.000Z
sensor.camera_e_umidita,44.72134254244444,2026-05-03T05:00:00.000Z
sensor.camera_e_umidita,44.91565088783333,2026-05-03T06:00:00.000Z
sensor.camera_e_umidita,45.300668162305556,2026-05-03T07:00:00.000Z
sensor.camera_e_umidita,45.47521542233333,2026-05-03T08:00:00.000Z
sensor.camera_e_umidita,45.02596642652778,2026-05-03T09:00:00.000Z
sensor.camera_e_umidita,44.77484017388889,2026-05-03T10:00:00.000Z
sensor.camera_e_umidita,44.63457058363889,2026-05-03T11:00:00.000Z
sensor.camera_e_umidita,43.95942941727778,2026-05-03T12:00:00.000Z
sensor.camera_e_umidita,42.94323198902777,2026-05-03T13:00:00.000Z
sensor.camera_e_umidita,42.81956675,2026-05-03T14:00:00.000Z
sensor.camera_e_umidita,43.1,2026-05-03T15:00:00.000Z
sensor.camera_e_umidita,43.26254823791667,2026-05-03T16:00:00.000Z
sensor.camera_e_umidita,43.06323266891667,2026-05-03T17:00:00.000Z
sensor.camera_e_umidita,43.403751241277774,2026-05-03T18:00:00.000Z
sensor.camera_e_umidita,43.66849480988889,2026-05-03T19:00:00.000Z
sensor.camera_e_umidita,43.53820938763889,2026-05-03T20:00:00.000Z
sensor.camera_e_umidita,43.37487422891667,2026-05-03T21:00:00.000Z
sensor.camera_e_umidita,43.4,2026-05-03T22:00:00.000Z
sensor.camera_e_umidita,43.483804852527776,2026-05-03T23:00:00.000Z
sensor.camera_e_umidita,43.30096199241666,2026-05-04T00:00:00.000Z
sensor.camera_e_umidita,43.461523435222226,2026-05-04T01:00:00.000Z
sensor.camera_e_umidita,43.647621562388885,2026-05-04T02:00:00.000Z
sensor.camera_e_umidita,43.61104874950001,2026-05-04T03:00:00.000Z
sensor.camera_e_umidita,43.798683147249996,2026-05-04T04:00:00.000Z
sensor.camera_e_umidita,44.341312485222225,2026-05-04T05:00:00.000Z
sensor.camera_e_umidita,45.01486552130556,2026-05-04T06:00:00.000Z
sensor.camera_e_umidita,44.824345701944445,2026-05-04T07:00:00.000Z
sensor.camera_e_umidita,44.116859033361116,2026-05-04T08:00:00.000Z
sensor.camera_e_umidita,43.53130965016667,2026-05-04T09:00:00.000Z
sensor.camera_e_umidita,43.190794616666665,2026-05-04T10:00:00.000Z
sensor.camera_e_umidita,42.94039582697223,2026-05-04T11:00:00.000Z
sensor.camera_e_umidita,42.852084386499996,2026-05-04T12:00:00.000Z
sensor.camera_e_umidita,42.10198137602778,2026-05-04T13:00:00.000Z
sensor.camera_e_umidita,42.226128642527776,2026-05-04T14:00:00.000Z
sensor.camera_e_umidita,42.5,2026-05-04T15:00:00.000Z
sensor.camera_e_umidita,42.71882835638889,2026-05-04T16:00:00.000Z
sensor.camera_e_umidita,43.81674773236111,2026-05-04T17:00:00.000Z
sensor.camera_e_umidita,44.05739836969445,2026-05-04T18:00:00.000Z
sensor.camera_e_umidita,44.11647626516666,2026-05-04T19:00:00.000Z
sensor.camera_e_umidita,44.24539646111111,2026-05-04T20:00:00.000Z
sensor.camera_e_umidita,43.702596374027785,2026-05-04T21:00:00.000Z
sensor.camera_e_umidita,43.54589076233333,2026-05-04T22:00:00.000Z
sensor.camera_e_umidita,43.57078271658333,2026-05-04T23:00:00.000Z
sensor.camera_e_umidita,44.431352500833334,2026-05-05T00:00:00.000Z
sensor.camera_e_umidita,45.16664528422222,2026-05-05T01:00:00.000Z
sensor.camera_e_umidita,45.81244568333333,2026-05-05T02:00:00.000Z
sensor.camera_e_umidita,46.180720361055556,2026-05-05T03:00:00.000Z
sensor.camera_e_umidita,46.226696523111116,2026-05-05T04:00:00.000Z
sensor.camera_e_umidita,46.28947055855556,2026-05-05T05:00:00.000Z
sensor.camera_e_umidita,46.343453900777774,2026-05-05T06:00:00.000Z
sensor.camera_e_umidita,46.613879385472224,2026-05-05T07:00:00.000Z
sensor.camera_e_umidita,47.285915052583334,2026-05-05T08:00:00.000Z
sensor.camera_e_umidita,48.00891437511111,2026-05-05T09:00:00.000Z
sensor.camera_e_umidita,49.3133849385,2026-05-05T10:00:00.000Z
sensor.camera_e_umidita,50.487016028027774,2026-05-05T11:00:00.000Z
sensor.camera_e_umidita,50.647269587833335,2026-05-05T12:00:00.000Z
sensor.camera_e_umidita,51.164008962000004,2026-05-05T13:00:00.000Z
sensor.camera_e_umidita,51.167656552833336,2026-05-05T14:00:00.000Z
sensor.camera_e_umidita,51.38318360402778,2026-05-05T15:00:00.000Z
sensor.camera_e_umidita,51.43821465044444,2026-05-05T16:00:00.000Z
sensor.camera_e_umidita,51.98424541869445,2026-05-05T17:00:00.000Z
sensor.camera_e_umidita,51.94397924644445,2026-05-05T18:00:00.000Z
sensor.camera_e_umidita,52.056475371000005,2026-05-05T19:00:00.000Z
sensor.camera_e_umidita,52.409551090027776,2026-05-05T20:00:00.000Z
sensor.camera_e_umidita,53.0670800575,2026-05-05T21:00:00.000Z
sensor.camera_e_umidita,52.94130448111111,2026-05-05T22:00:00.000Z
sensor.camera_e_umidita,53.176019320416664,2026-05-05T23:00:00.000Z
sensor.camera_e_umidita,53.35246757358333,2026-05-06T00:00:00.000Z
sensor.camera_e_umidita,53.477059980027775,2026-05-06T01:00:00.000Z
sensor.camera_e_umidita,53.619035710249996,2026-05-06T02:00:00.000Z
sensor.camera_e_umidita,53.79231551175,2026-05-06T03:00:00.000Z
sensor.camera_e_umidita,53.76592258486111,2026-05-06T04:00:00.000Z
sensor.camera_e_umidita,53.84133712088889,2026-05-06T05:00:00.000Z
sensor.camera_e_umidita,53.97854072511111,2026-05-06T06:00:00.000Z
sensor.camera_e_umidita,54.06227064863889,2026-05-06T07:00:00.000Z
sensor.camera_e_umidita,53.94130430994445,2026-05-06T08:00:00.000Z
sensor.camera_e_umidita,53.94130632411111,2026-05-06T09:00:00.000Z
sensor.camera_e_umidita,54.02923126116667,2026-05-06T10:00:00.000Z
sensor.camera_e_umidita,54.199086794500005,2026-05-06T11:00:00.000Z
sensor.camera_e_umidita,54.32794901116666,2026-05-06T12:00:00.000Z
sensor.camera_e_umidita,54.341281796333334,2026-05-06T13:00:00.000Z
sensor.camera_e_umidita,54.47689852733333,2026-05-06T14:00:00.000Z
sensor.camera_e_umidita,54.439822534916665,2026-05-06T15:00:00.000Z
sensor.camera_e_umidita,54.392309557666664,2026-05-06T16:00:00.000Z
sensor.camera_e_umidita,54.375887905888895,2026-05-06T17:00:00.000Z
sensor.camera_e_umidita,54.035597805583336,2026-05-06T18:00:00.000Z
sensor.camera_e_umidita,53.84965848202777,2026-05-06T19:00:00.000Z
sensor.camera_e_umidita,53.78132518416667,2026-05-06T20:00:00.000Z
sensor.camera_e_umidita,53.54433071555556,2026-05-06T21:00:00.000Z
sensor.camera_e_umidita,53.42821087977777,2026-05-06T22:00:00.000Z
sensor.camera_e_umidita,53.06947229241666,2026-05-06T23:00:00.000Z
sensor.camera_e_umidita,52.9,2026-05-07T00:00:00.000Z
sensor.camera_e_umidita,53.039620977805555,2026-05-07T01:00:00.000Z
sensor.camera_e_umidita,53.39332862063889,2026-05-07T02:00:00.000Z
sensor.camera_e_umidita,53.45669469999999,2026-05-07T03:00:00.000Z
sensor.camera_e_umidita,53.28115996455555,2026-05-07T04:00:00.000Z
sensor.camera_e_umidita,53.09930368663888,2026-05-07T05:00:00.000Z
sensor.camera_e_umidita,53.22392521830556,2026-05-07T06:00:00.000Z
sensor.camera_e_umidita,53.21675847225,2026-05-07T07:00:00.000Z
sensor.camera_e_umidita,53.29999999999999,2026-05-07T08:00:00.000Z
sensor.camera_e_umidita,53.29999999999999,2026-05-07T09:00:00.000Z
sensor.camera_e_umidita,53.04117021925,2026-05-07T11:00:00.000Z
sensor.camera_e_umidita,52.427938310722226,2026-05-07T12:00:00.000Z
sensor.camera_e_umidita,52.01886618188889,2026-05-07T13:00:00.000Z
sensor.camera_e_umidita,51.98685722475,2026-05-07T14:00:00.000Z
sensor.camera_e_umidita,52.22517266036112,2026-05-07T15:00:00.000Z
sensor.camera_e_umidita,52.14337442452777,2026-05-07T16:00:00.000Z
sensor.camera_e_umidita,51.361738279,2026-05-07T17:00:00.000Z
sensor.camera_e_umidita,35.550597832444446,2026-05-12T13:00:00.000Z
sensor.camera_e_umidita,36.89773606361111,2026-05-12T14:00:00.000Z
sensor.camera_e_umidita,37.686103162694444,2026-05-12T15:00:00.000Z
sensor.camera_e_umidita,38.36305665236112,2026-05-12T16:00:00.000Z
sensor.camera_e_umidita,38.53985611186111,2026-05-12T17:00:00.000Z
sensor.camera_e_umidita,39.31811821169445,2026-05-12T18:00:00.000Z
sensor.camera_e_umidita,39.054704809861114,2026-05-12T19:00:00.000Z
sensor.camera_e_umidita,40.08197293558333,2026-05-12T20:00:00.000Z
sensor.camera_e_umidita,41.04122599177778,2026-05-12T21:00:00.000Z
sensor.camera_e_umidita,42.422242628444444,2026-05-12T22:00:00.000Z
sensor.camera_e_umidita,43.293917171416666,2026-05-12T23:00:00.000Z
sensor.camera_e_umidita,43.63120049175,2026-05-13T00:00:00.000Z
sensor.camera_e_umidita,43.90368822702778,2026-05-13T01:00:00.000Z
sensor.camera_e_umidita,43.72650148263889,2026-05-13T02:00:00.000Z
sensor.camera_e_umidita,43.457710027,2026-05-13T03:00:00.000Z
sensor.camera_e_umidita,43.33956275263889,2026-05-13T04:00:00.000Z
sensor.camera_e_umidita,43.13366765469445,2026-05-13T05:00:00.000Z
sensor.camera_e_umidita,43.669059821944444,2026-05-13T06:00:00.000Z
sensor.camera_e_umidita,43.86644205130555,2026-05-13T07:00:00.000Z
sensor.camera_e_umidita,43.86633292952777,2026-05-13T08:00:00.000Z
sensor.camera_e_umidita,43.9,2026-05-13T09:00:00.000Z
sensor.camera_e_umidita,43.834652038499996,2026-05-13T10:00:00.000Z
sensor.camera_e_umidita,43.64285333363889,2026-05-13T11:00:00.000Z
sensor.camera_e_umidita,43.110116751944446,2026-05-13T12:00:00.000Z
sensor.camera_e_umidita,43.12509370483334,2026-05-13T13:00:00.000Z
sensor.camera_e_umidita,43.38953848072222,2026-05-13T14:00:00.000Z
sensor.camera_e_umidita,43.74627804208333,2026-05-13T15:00:00.000Z
sensor.camera_e_umidita,43.958693117138885,2026-05-13T16:00:00.000Z
sensor.camera_e_umidita,44.611623535472226,2026-05-13T17:00:00.000Z
sensor.camera_e_umidita,44.99451282141667,2026-05-13T18:00:00.000Z
sensor.camera_e_umidita,44.48215888777778,2026-05-13T19:00:00.000Z
sensor.camera_e_umidita,45.279695068361114,2026-05-13T20:00:00.000Z
sensor.camera_e_umidita,45.51659778241666,2026-05-13T21:00:00.000Z
sensor.camera_e_umidita,46.14615045941667,2026-05-13T22:00:00.000Z
sensor.camera_e_umidita,46.62660511538889,2026-05-13T23:00:00.000Z
sensor.camera_e_umidita,46.22107217338888,2026-05-14T00:00:00.000Z
sensor.camera_e_umidita,46.3203123095,2026-05-14T01:00:00.000Z
sensor.camera_e_umidita,46.31611095919444,2026-05-14T02:00:00.000Z
sensor.camera_e_umidita,46.643548932916666,2026-05-14T03:00:00.000Z
sensor.camera_e_umidita,46.89947935,2026-05-14T04:00:00.000Z
sensor.camera_e_umidita,47.18495811327778,2026-05-14T05:00:00.000Z
sensor.camera_e_umidita,47.72919137861111,2026-05-14T06:00:00.000Z
sensor.camera_e_umidita,48.13195970791667,2026-05-14T07:00:00.000Z
sensor.camera_e_umidita,47.967378417527776,2026-05-14T08:00:00.000Z
sensor.camera_e_umidita,48.16711647644445,2026-05-14T09:00:00.000Z
sensor.camera_e_umidita,48.12476373091667,2026-05-14T10:00:00.000Z
sensor.camera_e_umidita,48.20000000000001,2026-05-14T11:00:00.000Z
sensor.camera_e_umidita,48.086026175,2026-05-14T12:00:00.000Z
sensor.camera_e_umidita,47.73517025602778,2026-05-14T13:00:00.000Z
sensor.camera_e_umidita,47.352870846611104,2026-05-14T14:00:00.000Z
sensor.camera_e_umidita,46.98256743994444,2026-05-14T15:00:00.000Z
sensor.camera_e_umidita,47.65681835108333,2026-05-14T16:00:00.000Z
sensor.camera_e_umidita,47.90358593444444,2026-05-14T17:00:00.000Z
sensor.camera_e_umidita,48.18480607680556,2026-05-14T18:00:00.000Z
sensor.camera_e_umidita,48.524302044361114,2026-05-14T19:00:00.000Z
sensor.camera_e_umidita,49.226273263916674,2026-05-14T20:00:00.000Z
sensor.camera_e_umidita,49.576587195083334,2026-05-14T21:00:00.000Z
sensor.camera_e_umidita,49.49077141941667,2026-05-14T22:00:00.000Z
sensor.camera_e_umidita,49.331860320555556,2026-05-14T23:00:00.000Z
sensor.camera_e_umidita,49.65635333425001,2026-05-15T00:00:00.000Z
sensor.camera_e_umidita,49.74411959338889,2026-05-15T01:00:00.000Z
sensor.camera_e_umidita,49.48540529436111,2026-05-15T02:00:00.000Z
sensor.camera_e_umidita,49.521659562416666,2026-05-15T03:00:00.000Z
sensor.camera_e_umidita,49.65450485775,2026-05-15T04:00:00.000Z
sensor.camera_e_umidita,49.628089233805554,2026-05-15T05:00:00.000Z
sensor.camera_e_umidita,49.98191982727778,2026-05-15T06:00:00.000Z
sensor.camera_e_umidita,50.00839389727778,2026-05-15T07:00:00.000Z
sensor.camera_e_umidita,49.97483633263889,2026-05-15T08:00:00.000Z
sensor.camera_e_umidita,50.110809887916666,2026-05-15T09:00:00.000Z
sensor.camera_e_umidita,50.29311343741667,2026-05-15T10:00:00.000Z
sensor.camera_e_umidita,51.10969172525,2026-05-15T11:00:00.000Z
sensor.camera_e_umidita,51.00895810122222,2026-05-15T12:00:00.000Z
sensor.camera_e_umidita,51.02326515269445,2026-05-15T13:00:00.000Z
sensor.camera_e_umidita,50.970916898722216,2026-05-15T14:00:00.000Z
sensor.camera_e_umidita,50.87806774722222,2026-05-15T15:00:00.000Z
sensor.camera_e_umidita,50.77483768747222,2026-05-15T16:00:00.000Z
sensor.camera_e_umidita,50.89610444905555,2026-05-15T17:00:00.000Z
sensor.camera_e_umidita,50.38295408816666,2026-05-15T18:00:00.000Z
sensor.camera_e_umidita,50.20000000000001,2026-05-15T19:00:00.000Z
sensor.camera_e_umidita,50.13107000088889,2026-05-15T20:00:00.000Z
sensor.camera_e_umidita,50.35975916486111,2026-05-15T21:00:00.000Z
sensor.camera_e_umidita,51.01168864111111,2026-05-15T22:00:00.000Z
sensor.camera_e_umidita,51.10772269086112,2026-05-15T23:00:00.000Z
sensor.camera_e_umidita,51.20000000000001,2026-05-16T00:00:00.000Z
sensor.camera_e_umidita,51.21526597338889,2026-05-16T01:00:00.000Z
sensor.camera_e_umidita,51.35655051333333,2026-05-16T02:00:00.000Z
sensor.camera_e_umidita,51.56209048591666,2026-05-16T03:00:00.000Z
sensor.camera_e_umidita,51.65521512355556,2026-05-16T04:00:00.000Z
sensor.camera_e_umidita,51.725170304833334,2026-05-16T05:00:00.000Z
sensor.camera_e_umidita,51.70000000000001,2026-05-16T06:00:00.000Z
sensor.camera_e_umidita,51.72804215372222,2026-05-16T07:00:00.000Z
sensor.camera_e_umidita,51.69491540805556,2026-05-16T08:00:00.000Z
sensor.camera_e_umidita,51.574829250861114,2026-05-16T09:00:00.000Z
sensor.camera_e_umidita,51.754519915888885,2026-05-16T10:00:00.000Z
sensor.camera_e_umidita,51.97440659736111,2026-05-16T11:00:00.000Z
sensor.camera_e_umidita,52.01401753988889,2026-05-16T12:00:00.000Z
sensor.camera_e_umidita,52.864987364,2026-05-16T13:00:00.000Z
sensor.camera_e_umidita,51.864997057194444,2026-05-16T14:00:00.000Z
sensor.camera_e_umidita,51.15573235941667,2026-05-16T15:00:00.000Z
sensor.camera_e_umidita,51.87825202405555,2026-05-16T16:00:00.000Z
sensor.camera_e_umidita,51.05066486177778,2026-05-16T17:00:00.000Z
sensor.camera_e_umidita,50.19049376513889,2026-05-16T18:00:00.000Z
sensor.camera_e_umidita,50,2026-05-16T19:00:00.000Z
sensor.camera_e_umidita,49.913514734694445,2026-05-16T20:00:00.000Z
sensor.camera_e_umidita,50.01485375425,2026-05-16T21:00:00.000Z
sensor.camera_e_umidita,50.16517982563889,2026-05-16T22:00:00.000Z
sensor.camera_e_umidita,49.93821112819444,2026-05-16T23:00:00.000Z
sensor.camera_e_umidita,49.70000000000001,2026-05-17T00:00:00.000Z
sensor.camera_e_umidita,49.72443694569444,2026-05-17T01:00:00.000Z
sensor.camera_e_umidita,49.5273511135,2026-05-17T02:00:00.000Z
sensor.camera_e_umidita,49.384735243749994,2026-05-17T03:00:00.000Z
sensor.camera_e_umidita,49.453170583861116,2026-05-17T04:00:00.000Z
sensor.camera_e_umidita,49.121101194138895,2026-05-17T05:00:00.000Z
sensor.camera_e_umidita,48.94616451261111,2026-05-17T06:00:00.000Z
sensor.camera_e_umidita,48.86707703525,2026-05-17T07:00:00.000Z
sensor.camera_e_umidita,48.676562834833334,2026-05-17T08:00:00.000Z
sensor.camera_e_umidita,48.13792533536111,2026-05-17T09:00:00.000Z
sensor.camera_e_umidita,47.558944366750005,2026-05-17T10:00:00.000Z
sensor.camera_e_umidita,47.03576741183334,2026-05-17T11:00:00.000Z
sensor.camera_e_umidita,47.31985351505555,2026-05-17T12:00:00.000Z
sensor.camera_e_umidita,47.860752241916664,2026-05-17T13:00:00.000Z
sensor.camera_e_umidita,47.52517155305555,2026-05-17T14:00:00.000Z
sensor.camera_e_umidita,47.46633329155555,2026-05-17T15:00:00.000Z
sensor.camera_e_umidita,47.58070190758334,2026-05-17T16:00:00.000Z
sensor.camera_e_umidita,47.17881129352778,2026-05-17T17:00:00.000Z
sensor.camera_e_umidita,46.48625381538889,2026-05-17T18:00:00.000Z
sensor.camera_e_umidita,46.421512042138886,2026-05-17T19:00:00.000Z
sensor.camera_e_umidita,46.72582646716666,2026-05-17T20:00:00.000Z
sensor.camera_e_umidita,46.48356216063889,2026-05-17T21:00:00.000Z
sensor.camera_e_umidita,46.12863354077778,2026-05-17T22:00:00.000Z
sensor.camera_e_umidita,45.8903090835,2026-05-17T23:00:00.000Z
sensor.camera_e_umidita,45.89681786413889,2026-05-18T00:00:00.000Z
sensor.camera_e_umidita,45.733346571055556,2026-05-18T01:00:00.000Z
sensor.camera_e_umidita,46.16473386638889,2026-05-18T02:00:00.000Z
sensor.camera_e_umidita,46.54706038411111,2026-05-18T03:00:00.000Z
sensor.camera_e_umidita,46.744389134500004,2026-05-18T04:00:00.000Z
sensor.camera_e_umidita,47.05077428069444,2026-05-18T05:00:00.000Z
sensor.camera_e_umidita,47.750521111972226,2026-05-18T06:00:00.000Z
sensor.camera_e_umidita,48.36067793336111,2026-05-18T07:00:00.000Z
sensor.camera_e_umidita,48.312588093555554,2026-05-18T08:00:00.000Z
sensor.camera_e_umidita,48.24396850083334,2026-05-18T09:00:00.000Z
sensor.camera_e_umidita,47.57079668197222,2026-05-18T10:00:00.000Z
sensor.camera_e_umidita,47.27028526652777,2026-05-18T11:00:00.000Z
sensor.camera_e_umidita,46.86238841888889,2026-05-18T12:00:00.000Z
sensor.camera_e_umidita,46.381149476750004,2026-05-18T13:00:00.000Z
sensor.camera_e_umidita,46.21724799519444,2026-05-18T14:00:00.000Z
sensor.camera_e_umidita,46.07471612863889,2026-05-18T15:00:00.000Z
sensor.camera_e_umidita,46.32909793894444,2026-05-18T16:00:00.000Z
sensor.camera_e_umidita,46.650880864916665,2026-05-18T17:00:00.000Z
sensor.camera_e_umidita,48.28929281352777,2026-05-18T18:00:00.000Z
sensor.camera_e_umidita,49.34369450822222,2026-05-18T19:00:00.000Z
sensor.camera_e_umidita,50.32425523766667,2026-05-18T20:00:00.000Z
sensor.camera_e_umidita,51.18554421386111,2026-05-18T21:00:00.000Z
sensor.camera_e_umidita,51.40167399005555,2026-05-18T22:00:00.000Z
sensor.camera_e_umidita,50.90111475388889,2026-05-18T23:00:00.000Z
sensor.camera_e_umidita,51.129221597366666,2026-05-19T00:00:00.000Z
sensor.camera_e_umidita,51.496082142,2026-05-19T01:00:00.000Z
sensor.camera_e_umidita,51.840934949861115,2026-05-19T02:00:00.000Z
sensor.camera_e_umidita,52.253762620416666,2026-05-19T03:00:00.000Z
sensor.camera_e_umidita,52.18951299702778,2026-05-19T04:00:00.000Z
sensor.camera_e_umidita,52.00348036480556,2026-05-19T05:00:00.000Z
sensor.camera_e_umidita,52.58227337638889,2026-05-19T06:00:00.000Z
sensor.camera_e_umidita,52.92067740005555,2026-05-19T07:00:00.000Z
sensor.camera_e_umidita,53.311298517666664,2026-05-19T08:00:00.000Z
sensor.camera_e_umidita,53.38546152994444,2026-05-19T09:00:00.000Z
sensor.camera_e_umidita,53.37482754966666,2026-05-19T10:00:00.000Z
sensor.camera_e_umidita,53.50847827325,2026-05-19T11:00:00.000Z
sensor.camera_e_umidita,53.06765032763889,2026-05-19T12:00:00.000Z
sensor.camera_e_umidita,52.46086903927778,2026-05-19T13:00:00.000Z
sensor.camera_e_umidita,51.93285165180556,2026-05-19T14:00:00.000Z
sensor.camera_e_umidita,51.58751698088889,2026-05-19T15:00:00.000Z
sensor.camera_e_umidita,51.30287225558333,2026-05-19T16:00:00.000Z
sensor.camera_e_umidita,51.066443051111115,2026-05-19T17:00:00.000Z
sensor.camera_e_umidita,51.30075616116667,2026-05-19T18:00:00.000Z
sensor.camera_e_umidita,51.154133679833336,2026-05-19T19:00:00.000Z
sensor.camera_e_umidita,51.464526066472224,2026-05-19T20:00:00.000Z
sensor.camera_e_umidita,51.84183860733333,2026-05-19T21:00:00.000Z
sensor.camera_e_umidita,52.542438388666675,2026-05-19T22:00:00.000Z
sensor.camera_e_umidita,52.49935602944444,2026-05-19T23:00:00.000Z
sensor.camera_e_umidita,52.17273439316667,2026-05-20T00:00:00.000Z
sensor.camera_e_umidita,51.75061549080556,2026-05-20T01:00:00.000Z
sensor.camera_e_umidita,51.81602137852778,2026-05-20T02:00:00.000Z
sensor.camera_e_umidita,51.88179938188889,2026-05-20T03:00:00.000Z
sensor.camera_e_umidita,52.41461971313888,2026-05-20T04:00:00.000Z
sensor.camera_e_umidita,52.26587933811111,2026-05-20T05:00:00.000Z
sensor.camera_e_umidita,52.63548994627778,2026-05-20T06:00:00.000Z
sensor.camera_e_umidita,53.05759654125,2026-05-20T07:00:00.000Z
sensor.camera_e_umidita,52.88616793361111,2026-05-20T08:00:00.000Z
sensor.camera_e_umidita,52.83205723724999,2026-05-20T09:00:00.000Z
sensor.camera_e_umidita,53.031367830499995,2026-05-20T10:00:00.000Z
sensor.camera_e_umidita,52.97313020866667,2026-05-20T11:00:00.000Z
sensor.camera_e_umidita,52.63128252897223,2026-05-20T12:00:00.000Z
sensor.camera_e_umidita,52.22498803238889,2026-05-20T13:00:00.000Z
sensor.camera_e_umidita,52.412966002055555,2026-05-20T14:00:00.000Z
sensor.camera_e_umidita,52.6819322685,2026-05-20T15:00:00.000Z
sensor.camera_e_umidita,52.22285608136111,2026-05-20T16:00:00.000Z
sensor.camera_e_umidita,51.50013189055556,2026-05-20T17:00:00.000Z
sensor.camera_e_umidita,51.227301651472224,2026-05-20T18:00:00.000Z
sensor.camera_e_umidita,51.257688612,2026-05-20T19:00:00.000Z
sensor.camera_e_umidita,52.012306574722224,2026-05-20T20:00:00.000Z
sensor.camera_e_umidita,52.86627987186111,2026-05-20T21:00:00.000Z
sensor.camera_e_umidita,53.13644122783333,2026-05-20T22:00:00.000Z
sensor.camera_e_umidita,53.579460801833335,2026-05-20T23:00:00.000Z
sensor.camera_e_umidita,53.71720611375,2026-05-21T00:00:00.000Z
sensor.camera_e_umidita,53.91698853380555,2026-05-21T01:00:00.000Z
sensor.camera_e_umidita,54.04943600608333,2026-05-21T02:00:00.000Z
sensor.camera_e_umidita,54.09318086077778,2026-05-21T03:00:00.000Z
sensor.camera_e_umidita,53.78858108855556,2026-05-21T04:00:00.000Z
sensor.camera_e_umidita,53.585146925777785,2026-05-21T05:00:00.000Z
sensor.camera_e_umidita,54.00926189105556,2026-05-21T06:00:00.000Z
sensor.camera_e_umidita,54.65871785688889,2026-05-21T07:00:00.000Z
sensor.camera_e_umidita,54.45879252133333,2026-05-21T08:00:00.000Z
sensor.camera_e_umidita,54.25449558100001,2026-05-21T09:00:00.000Z
sensor.camera_e_umidita,53.97483601263889,2026-05-21T10:00:00.000Z
sensor.camera_e_umidita,53.971853396,2026-05-21T11:00:00.000Z
sensor.camera_e_umidita,53.747196962888886,2026-05-21T12:00:00.000Z
sensor.camera_e_umidita,53.28125868427778,2026-05-21T13:00:00.000Z
sensor.camera_e_umidita,52.91748651408333,2026-05-21T14:00:00.000Z
sensor.camera_e_umidita,53.19274852466666,2026-05-21T15:00:00.000Z
sensor.camera_e_umidita,52.69097884180555,2026-05-21T16:00:00.000Z
sensor.camera_e_umidita,52.27918473927778,2026-05-21T17:00:00.000Z
sensor.camera_e_umidita,52.016585505749994,2026-05-21T18:00:00.000Z
sensor.camera_e_umidita,52.09890753772222,2026-05-21T19:00:00.000Z
sensor.camera_e_umidita,52.81302182708333,2026-05-21T20:00:00.000Z
sensor.camera_e_umidita,53.33921453205556,2026-05-21T21:00:00.000Z
sensor.camera_e_umidita,56.505269219888895,2026-05-21T22:00:00.000Z
sensor.camera_e_umidita,56.49795113322222,2026-05-21T23:00:00.000Z
sensor.camera_e_umidita,55.70632181011111,2026-05-22T00:00:00.000Z
sensor.camera_e_umidita,54.92870587861111,2026-05-22T01:00:00.000Z
sensor.camera_e_umidita,54.698902895277776,2026-05-22T02:00:00.000Z
sensor.camera_e_umidita,54.72437626013889,2026-05-22T03:00:00.000Z
sensor.camera_e_umidita,54.70078548725001,2026-05-22T04:00:00.000Z
sensor.camera_e_umidita,54.674837128777774,2026-05-22T05:00:00.000Z
sensor.camera_e_umidita,55.34322013022222,2026-05-22T06:00:00.000Z
sensor.camera_e_umidita,55.72516213786111,2026-05-22T07:00:00.000Z
sensor.camera_e_umidita,55.48998471616667,2026-05-22T08:00:00.000Z
sensor.camera_e_umidita,55.180147746500005,2026-05-22T09:00:00.000Z
sensor.camera_e_umidita,55.09228086722222,2026-05-22T10:00:00.000Z
sensor.camera_e_umidita,54.936044473972224,2026-05-22T11:00:00.000Z
sensor.camera_e_umidita,54.12516068469444,2026-05-22T12:00:00.000Z
sensor.camera_e_umidita,53.96644302366667,2026-05-22T13:00:00.000Z
sensor.camera_e_umidita,53.91530766361111,2026-05-22T14:00:00.000Z
sensor.camera_e_umidita,53.96644389180556,2026-05-22T15:00:00.000Z
sensor.camera_e_umidita,54.159885274222226,2026-05-22T16:00:00.000Z
sensor.camera_e_umidita,53.328407313250004,2026-05-22T17:00:00.000Z
sensor.camera_e_umidita,53.07678665938889,2026-05-22T18:00:00.000Z
sensor.camera_e_umidita,53.24113902566666,2026-05-22T19:00:00.000Z
sensor.camera_e_umidita,53.61068376061112,2026-05-22T20:00:00.000Z
sensor.camera_e_umidita,53.77944808108333,2026-05-22T21:00:00.000Z
sensor.camera_e_umidita,54.71432741941666,2026-05-22T22:00:00.000Z
sensor.camera_e_umidita,55.07596683119444,2026-05-22T23:00:00.000Z
sensor.camera_e_umidita,55.11079928852778,2026-05-23T00:00:00.000Z
sensor.camera_e_umidita,54.40199185983334,2026-05-23T01:00:00.000Z
sensor.camera_e_umidita,54.16490386266667,2026-05-23T02:00:00.000Z
sensor.camera_e_umidita,53.97463212730556,2026-05-23T03:00:00.000Z
sensor.camera_e_umidita,53.95782132075001,2026-05-23T04:00:00.000Z
sensor.camera_e_umidita,54,2026-05-23T05:00:00.000Z
sensor.camera_e_umidita,54.07941417052778,2026-05-23T06:00:00.000Z
sensor.camera_e_umidita,55.182882803000005,2026-05-23T07:00:00.000Z
sensor.camera_e_umidita,55.611955841972225,2026-05-23T08:00:00.000Z
sensor.camera_e_umidita,55.25316371961111,2026-05-23T09:00:00.000Z
sensor.camera_e_umidita,54.86403744174999,2026-05-23T10:00:00.000Z
sensor.camera_e_umidita,54.53247807894444,2026-05-23T11:00:00.000Z
sensor.camera_e_umidita,53.87394862008333,2026-05-23T12:00:00.000Z
sensor.camera_e_umidita,53.666443326583334,2026-05-23T13:00:00.000Z
sensor.camera_e_umidita,53.71798463322222,2026-05-23T14:00:00.000Z
sensor.camera_e_umidita,53.531003560166674,2026-05-23T15:00:00.000Z
sensor.camera_e_umidita,53.60084957483334,2026-05-23T16:00:00.000Z
sensor.camera_e_umidita,53.451097229666665,2026-05-23T17:00:00.000Z
sensor.camera_e_umidita,53.45663223366666,2026-05-23T18:00:00.000Z
sensor.camera_e_umidita,53.54204580858333,2026-05-23T19:00:00.000Z
sensor.camera_e_umidita,53.923945384722224,2026-05-23T20:00:00.000Z
sensor.camera_e_umidita,54.24710338755556,2026-05-23T21:00:00.000Z
sensor.camera_e_umidita,54.72263849025,2026-05-23T22:00:00.000Z
sensor.camera_e_umidita,55.3880273935,2026-05-23T23:00:00.000Z
sensor.camera_e_umidita,55.610679971361115,2026-05-24T00:00:00.000Z
sensor.camera_e_umidita,55.36469237572222,2026-05-24T01:00:00.000Z
sensor.camera_e_umidita,55.18034414591667,2026-05-24T02:00:00.000Z
sensor.camera_e_umidita,55.094136564694445,2026-05-24T03:00:00.000Z
sensor.camera_e_umidita,55.50823584725,2026-05-24T04:00:00.000Z
sensor.camera_e_umidita,55.674838709666666,2026-05-24T05:00:00.000Z
sensor.camera_e_umidita,55.814041267444445,2026-05-24T06:00:00.000Z
sensor.camera_e_umidita,55.99355458141667,2026-05-24T07:00:00.000Z
sensor.camera_e_umidita,56.38078781205555,2026-05-24T08:00:00.000Z
sensor.camera_e_umidita,56.70164607894444,2026-05-24T09:00:00.000Z
sensor.camera_e_umidita,56.85471177827778,2026-05-24T10:00:00.000Z
sensor.camera_e_umidita,56.592638883527776,2026-05-24T11:00:00.000Z
sensor.camera_e_umidita,55.740282539055556,2026-05-24T12:00:00.000Z
sensor.camera_e_umidita,55.68959087130556,2026-05-24T13:00:00.000Z
sensor.camera_e_umidita,55.505018224555556,2026-05-24T14:00:00.000Z
sensor.camera_e_umidita,55.340590065027776,2026-05-24T15:00:00.000Z
sensor.camera_e_umidita,55.17413079358334,2026-05-24T16:00:00.000Z
sensor.camera_e_umidita,54.923800882694444,2026-05-24T17:00:00.000Z
sensor.camera_e_umidita,54.74217367633333,2026-05-24T18:00:00.000Z
sensor.camera_e_umidita,54.67358490541667,2026-05-24T19:00:00.000Z
sensor.camera_e_umidita,54.97545120513889,2026-05-24T20:00:00.000Z
sensor.camera_e_umidita,56.30776829605556,2026-05-24T21:00:00.000Z
sensor.camera_e_umidita,57.563225791583335,2026-05-24T22:00:00.000Z
sensor.camera_e_umidita,58.295223717472226,2026-05-24T23:00:00.000Z
sensor.camera_e_umidita,58.17854246677778,2026-05-25T00:00:00.000Z
sensor.camera_e_umidita,57.91609740002778,2026-05-25T01:00:00.000Z
sensor.camera_e_umidita,57.98161884258334,2026-05-25T02:00:00.000Z
sensor.camera_e_umidita,57.756464276611105,2026-05-25T03:00:00.000Z
sensor.camera_e_umidita,57.61490725438889,2026-05-25T04:00:00.000Z
sensor.camera_e_umidita,57.48335760544444,2026-05-25T05:00:00.000Z
sensor.camera_e_umidita,58.41902569688889,2026-05-25T06:00:00.000Z
sensor.camera_e_umidita,58.46256445755555,2026-05-25T07:00:00.000Z
sensor.camera_e_umidita,58.20173195758334,2026-05-25T08:00:00.000Z
sensor.camera_e_umidita,58.25871769469444,2026-05-25T09:00:00.000Z
sensor.camera_e_umidita,58.22889996675,2026-05-25T10:00:00.000Z
sensor.camera_e_umidita,57.58234509761112,2026-05-25T11:00:00.000Z
sensor.camera_e_umidita,55.883694511166674,2026-05-25T12:00:00.000Z
sensor.camera_e_umidita,55.585873525833335,2026-05-25T13:00:00.000Z
sensor.camera_e_umidita,55.72969874361112,2026-05-25T14:00:00.000Z
sensor.camera_e_umidita,55.12892189875,2026-05-25T15:00:00.000Z
sensor.camera_e_umidita,54.53149581186111,2026-05-25T16:00:00.000Z
sensor.camera_e_umidita,54.28485236352778,2026-05-25T17:00:00.000Z
sensor.camera_e_umidita,53.50490951566667,2026-05-25T18:00:00.000Z
sensor.camera_e_umidita,52.82329706833334,2026-05-25T19:00:00.000Z
sensor.camera_e_umidita,52.812270799333334,2026-05-25T20:00:00.000Z
sensor.camera_e_umidita,53.50893369077778,2026-05-25T21:00:00.000Z
sensor.camera_e_umidita,54.230796964,2026-05-25T22:00:00.000Z
sensor.camera_e_umidita,54.90629528313889,2026-05-25T23:00:00.000Z
sensor.camera_e_umidita,54.69737688161111,2026-05-26T00:00:00.000Z
sensor.camera_e_umidita,54.91542289544444,2026-05-26T01:00:00.000Z
sensor.camera_e_umidita,55.25705148,2026-05-26T02:00:00.000Z
sensor.camera_e_umidita,55.55347955338889,2026-05-26T03:00:00.000Z
sensor.camera_e_umidita,55.60839247716667,2026-05-26T04:00:00.000Z
sensor.camera_e_umidita,55.66668439372222,2026-05-26T05:00:00.000Z
sensor.camera_e_umidita,56.37252228611111,2026-05-26T06:00:00.000Z
sensor.camera_e_umidita,56.46800270119444,2026-05-26T07:00:00.000Z
sensor.camera_e_umidita,56.37717836541666,2026-05-26T08:00:00.000Z
sensor.camera_e_umidita,56.21374304544445,2026-05-26T09:00:00.000Z
sensor.camera_e_umidita,56.15504394552778,2026-05-26T10:00:00.000Z
sensor.camera_e_umidita,56.06303745522222,2026-05-26T11:00:00.000Z
sensor.camera_e_umidita,55.557762394722225,2026-05-26T12:00:00.000Z
sensor.camera_e_umidita,54.876672102444445,2026-05-26T13:00:00.000Z
sensor.camera_e_umidita,54.004236000055556,2026-05-26T14:00:00.000Z
sensor.camera_e_umidita,53.045758044555555,2026-05-26T15:00:00.000Z
sensor.camera_e_umidita,52.441560239000005,2026-05-26T16:00:00.000Z
sensor.camera_e_umidita,51.59001874697222,2026-05-26T17:00:00.000Z
sensor.camera_e_umidita,51.64487266958333,2026-05-26T18:00:00.000Z
sensor.camera_e_umidita,51.08443715238889,2026-05-26T19:00:00.000Z
sensor.camera_e_umidita,52.05354546330556,2026-05-26T20:00:00.000Z
sensor.camera_e_umidita,52.70675238002778,2026-05-26T21:00:00.000Z
sensor.camera_e_umidita,53.17788325183333,2026-05-26T22:00:00.000Z
sensor.camera_e_umidita,54.05005819838889,2026-05-26T23:00:00.000Z
sensor.camera_e_umidita,53.38696414552778,2026-05-27T00:00:00.000Z
sensor.camera_e_umidita,52.552313078055555,2026-05-27T01:00:00.000Z
sensor.camera_e_umidita,52.75232656380555,2026-05-27T02:00:00.000Z
sensor.camera_e_umidita,52.87075984280555,2026-05-27T03:00:00.000Z
sensor.camera_e_umidita,53.269963559388884,2026-05-27T04:00:00.000Z
sensor.camera_e_umidita,53.70886990961111,2026-05-27T05:00:00.000Z
sensor.camera_e_umidita,54.7129921781389,2026-05-27T06:00:00.000Z
sensor.camera_e_umidita,55.1,2026-05-27T07:00:00.000Z
sensor.camera_e_umidita,54.764530552222226,2026-05-27T08:00:00.000Z
sensor.camera_e_umidita,54.17144552733333,2026-05-27T09:00:00.000Z
sensor.camera_e_umidita,52.91465647983333,2026-05-27T10:00:00.000Z
sensor.camera_e_umidita,51.99466733075,2026-05-27T11:00:00.000Z
sensor.camera_e_umidita,50.448196801444446,2026-05-27T12:00:00.000Z
sensor.camera_e_umidita,50.759466294305554,2026-05-27T13:00:00.000Z
sensor.camera_e_umidita,51.65137920341667,2026-05-27T14:00:00.000Z
sensor.camera_e_umidita,51.938687183666666,2026-05-27T15:00:00.000Z
sensor.camera_e_umidita,52.22985674644445,2026-05-27T16:00:00.000Z
sensor.camera_e_umidita,50.64638125175,2026-05-27T17:00:00.000Z
sensor.camera_e_umidita,50.123720975277784,2026-05-27T18:00:00.000Z
sensor.camera_e_umidita,50.395276325999994,2026-05-27T19:00:00.000Z
sensor.camera_e_umidita,51.36530237755556,2026-05-27T20:00:00.000Z
sensor.camera_e_umidita,53.85804498011111,2026-05-27T21:00:00.000Z
sensor.camera_e_umidita,54.23914806011111,2026-05-27T22:00:00.000Z
sensor.camera_e_umidita,53.81358087141667,2026-05-27T23:00:00.000Z
sensor.camera_e_umidita,52.89668924088889,2026-05-28T00:00:00.000Z
sensor.camera_e_umidita,52.53729296238888,2026-05-28T01:00:00.000Z
sensor.camera_e_umidita,51.930218378333336,2026-05-28T02:00:00.000Z
sensor.camera_e_umidita,51.91836287616667,2026-05-28T03:00:00.000Z
sensor.camera_e_umidita,52.12951632175,2026-05-28T04:00:00.000Z
sensor.camera_e_umidita,52.54354782344444,2026-05-28T05:00:00.000Z
sensor.camera_e_umidita,53.41601734852778,2026-05-28T06:00:00.000Z
sensor.camera_e_umidita,53.980499218666665,2026-05-28T07:00:00.000Z
sensor.camera_e_umidita,54.24853952791667,2026-05-28T08:00:00.000Z
sensor.camera_e_umidita,54.417447841888894,2026-05-28T09:00:00.000Z
sensor.camera_e_umidita,54.172030633611115,2026-05-28T10:00:00.000Z
sensor.camera_e_umidita,54.015313221111114,2026-05-28T11:00:00.000Z
sensor.camera_e_umidita,53.70813321102778,2026-05-28T12:00:00.000Z
sensor.camera_e_umidita,53.257849199583326,2026-05-28T13:00:00.000Z
sensor.camera_e_umidita,52.81646258594444,2026-05-28T14:00:00.000Z
sensor.camera_e_umidita,52.979164792333336,2026-05-28T15:00:00.000Z
sensor.camera_e_umidita,53.02170586688889,2026-05-28T16:00:00.000Z
sensor.camera_e_umidita,52.317117849166664,2026-05-28T17:00:00.000Z
sensor.camera_e_umidita,52.92463029025,2026-05-28T18:00:00.000Z
sensor.camera_e_umidita,54.26658518455556,2026-05-28T19:00:00.000Z
sensor.camera_e_umidita,55.390095607666666,2026-05-28T20:00:00.000Z
sensor.camera_e_umidita,56.14044995216667,2026-05-28T21:00:00.000Z
sensor.camera_e_umidita,56.62218069788889,2026-05-28T22:00:00.000Z
sensor.camera_e_umidita,56.768189686166664,2026-05-28T23:00:00.000Z
sensor.camera_e_umidita,56.95465612044444,2026-05-29T00:00:00.000Z
sensor.camera_e_umidita,56.924261683055555,2026-05-29T01:00:00.000Z
sensor.camera_e_umidita,57.31546736894445,2026-05-29T02:00:00.000Z
sensor.camera_e_umidita,57.71606577963889,2026-05-29T03:00:00.000Z
sensor.camera_e_umidita,57.27390929530555,2026-05-29T04:00:00.000Z
sensor.camera_e_umidita,57.16644655761112,2026-05-29T05:00:00.000Z
sensor.camera_e_umidita,57.433676828361115,2026-05-29T06:00:00.000Z
sensor.camera_e_umidita,57.21282758247222,2026-05-29T07:00:00.000Z
sensor.camera_e_umidita,56.71053862158333,2026-05-29T08:00:00.000Z
sensor.camera_e_umidita,55.994199222416675,2026-05-29T09:00:00.000Z
sensor.camera_e_umidita,55.427179379222224,2026-05-29T10:00:00.000Z
sensor.camera_e_umidita,55.05980904855556,2026-05-29T11:00:00.000Z
sensor.camera_e_umidita,54.44843902363889,2026-05-29T12:00:00.000Z
sensor.camera_e_umidita,53.85940012566667,2026-05-29T13:00:00.000Z
sensor.camera_e_umidita,52.94504816594445,2026-05-29T14:00:00.000Z
sensor.camera_e_umidita,51.93220684641667,2026-05-29T15:00:00.000Z
sensor.camera_e_umidita,52.07011001272222,2026-05-29T16:00:00.000Z
sensor.camera_e_umidita,52.17370817197223,2026-05-29T17:00:00.000Z
sensor.camera_e_umidita,51.9008844935,2026-05-29T18:00:00.000Z
sensor.camera_e_umidita,51.97092140566667,2026-05-29T19:00:00.000Z
sensor.camera_e_umidita,52.53939332158333,2026-05-29T20:00:00.000Z
sensor.camera_e_umidita,53.64995683372222,2026-05-29T21:00:00.000Z
sensor.camera_e_umidita,53.71436941583334,2026-05-29T22:00:00.000Z
sensor.camera_e_umidita,53.46461033794444,2026-05-29T23:00:00.000Z
sensor.camera_e_umidita,53.23605553477778,2026-05-30T00:00:00.000Z
sensor.camera_e_umidita,53.11941134755555,2026-05-30T01:00:00.000Z
sensor.camera_e_umidita,52.10611859366667,2026-05-30T02:00:00.000Z
sensor.camera_e_umidita,51.73354749091666,2026-05-30T03:00:00.000Z
sensor.camera_e_umidita,52.041580507249996,2026-05-30T04:00:00.000Z
sensor.camera_e_umidita,52.420263457749996,2026-05-30T05:00:00.000Z
sensor.camera_e_umidita,52.70067081494445,2026-05-30T06:00:00.000Z
sensor.camera_e_umidita,52.366291215277776,2026-05-30T07:00:00.000Z
sensor.camera_e_umidita,50.72418645658333,2026-05-30T08:00:00.000Z
sensor.camera_e_umidita,49.94369929783333,2026-05-30T09:00:00.000Z
sensor.camera_e_umidita,49.13074645672222,2026-05-30T10:00:00.000Z
sensor.camera_e_umidita,49.98948560313889,2026-05-30T11:00:00.000Z
sensor.camera_e_umidita,49.98045482522222,2026-05-30T12:00:00.000Z
sensor.camera_e_umidita,50.62721374950001,2026-05-30T13:00:00.000Z
sensor.camera_e_umidita,50.09422963172222,2026-05-30T14:00:00.000Z
sensor.camera_e_umidita,50.54899488191666,2026-05-30T15:00:00.000Z
sensor.camera_e_umidita,50.32218341541667,2026-05-30T16:00:00.000Z
sensor.camera_e_umidita,50.37416727661111,2026-05-30T17:00:00.000Z
sensor.camera_e_umidita,50.70341400280555,2026-05-30T18:00:00.000Z
sensor.camera_e_umidita,51.84157422925,2026-05-30T19:00:00.000Z
sensor.camera_e_umidita,52.324736310527776,2026-05-30T20:00:00.000Z
sensor.camera_e_umidita,53.63684402530556,2026-05-30T21:00:00.000Z
sensor.camera_e_umidita,46.10400552922223,2026-05-30T22:00:00.000Z
sensor.camera_e_umidita,41.537267817722224,2026-05-30T23:00:00.000Z
sensor.camera_e_umidita,41.66283063838889,2026-05-31T00:00:00.000Z
sensor.camera_e_umidita,43.104470909638884,2026-05-31T01:00:00.000Z
sensor.camera_e_umidita,44.186420805500006,2026-05-31T02:00:00.000Z
sensor.camera_e_umidita,44.85870164986111,2026-05-31T03:00:00.000Z
sensor.camera_e_umidita,44.53736237347223,2026-05-31T04:00:00.000Z
sensor.camera_e_umidita,45.74889794147222,2026-05-31T05:00:00.000Z
sensor.camera_e_umidita,45.04714865463888,2026-05-31T06:00:00.000Z
sensor.camera_e_umidita,46.75197185830555,2026-05-31T07:00:00.000Z
sensor.camera_e_umidita,45.75821335188889,2026-05-31T08:00:00.000Z
sensor.camera_e_umidita,56.855744411055554,2026-05-31T09:00:00.000Z
sensor.camera_e_umidita,58.35642973358333,2026-05-31T10:00:00.000Z
sensor.camera_e_umidita,60.63459031166667,2026-05-31T11:00:00.000Z
sensor.camera_e_umidita,60.181423558138896,2026-05-31T12:00:00.000Z
sensor.camera_e_umidita,58.79820203744444,2026-05-31T13:00:00.000Z
sensor.camera_e_umidita,58.11184420777778,2026-05-31T14:00:00.000Z
sensor.camera_e_umidita,57.320944818138884,2026-05-31T15:00:00.000Z
sensor.camera_e_umidita,56.50247108697223,2026-05-31T16:00:00.000Z
sensor.camera_e_umidita,55.471338262833335,2026-05-31T17:00:00.000Z
sensor.camera_e_umidita,55.63567616527778,2026-05-31T18:00:00.000Z
sensor.camera_e_umidita,55.645473573888886,2026-05-31T19:00:00.000Z
sensor.camera_e_umidita,55.449951337916666,2026-05-31T20:00:00.000Z
sensor.camera_e_umidita,54.554119285666665,2026-05-31T21:00:00.000Z
sensor.camera_e_umidita,49.517373453000005,2026-05-31T22:00:00.000Z
sensor.camera_e_umidita,48.16642269663888,2026-05-31T23:00:00.000Z
sensor.camera_e_umidita,49.01972971761111,2026-06-01T00:00:00.000Z
sensor.camera_e_umidita,50.15579404016666,2026-06-01T01:00:00.000Z
sensor.camera_e_umidita,50.915465657111106,2026-06-01T02:00:00.000Z
sensor.camera_e_umidita,51.440449843694445,2026-06-01T03:00:00.000Z
sensor.camera_e_umidita,52.122139850749996,2026-06-01T04:00:00.000Z
sensor.camera_e_umidita,52.561719210722224,2026-06-01T05:00:00.000Z
sensor.camera_e_umidita,52.53497193277778,2026-06-01T06:00:00.000Z
sensor.camera_e_umidita,52.982525162305556,2026-06-01T07:00:00.000Z
sensor.camera_e_umidita,53.69926020855556,2026-06-01T08:00:00.000Z
sensor.camera_e_umidita,54.428635283666665,2026-06-01T09:00:00.000Z
sensor.camera_e_umidita,56.208143678666666,2026-06-01T10:00:00.000Z
sensor.camera_e_umidita,57.39350151244444,2026-06-01T11:00:00.000Z
sensor.camera_e_umidita,56.10213844872222,2026-06-01T12:00:00.000Z
sensor.camera_e_umidita,54.04473252413889,2026-06-01T13:00:00.000Z
sensor.camera_e_umidita,55.551862436833325,2026-06-01T14:00:00.000Z
sensor.camera_e_umidita,54.82542144366667,2026-06-01T15:00:00.000Z
sensor.camera_e_umidita,53.66307671305555,2026-06-01T16:00:00.000Z
sensor.camera_e_umidita,52.48598214938889,2026-06-01T17:00:00.000Z
sensor.camera_e_umidita,53.34708839430556,2026-06-01T18:00:00.000Z
sensor.camera_e_umidita,53.812995367111114,2026-06-01T19:00:00.000Z
sensor.camera_e_umidita,53.57327492252778,2026-06-01T20:00:00.000Z
sensor.camera_e_umidita,53.25778370036111,2026-06-01T21:00:00.000Z
sensor.camera_e_umidita,51.87987118466666,2026-06-01T22:00:00.000Z
sensor.camera_e_umidita,51.70920561297223,2026-06-01T23:00:00.000Z
sensor.camera_e_umidita,53.07324356363889,2026-06-02T00:00:00.000Z
sensor.camera_e_umidita,55.68245597761111,2026-06-02T01:00:00.000Z
sensor.camera_e_umidita,56.98562928808334,2026-06-02T02:00:00.000Z
sensor.camera_e_umidita,57.095283173333335,2026-06-02T03:00:00.000Z
sensor.camera_e_umidita,57.08715190175,2026-06-02T04:00:00.000Z
sensor.camera_e_umidita,57.52720462636111,2026-06-02T05:00:00.000Z
sensor.camera_e_umidita,57.50452846488889,2026-06-02T06:00:00.000Z
sensor.camera_e_umidita,57.89682877083334,2026-06-02T07:00:00.000Z
sensor.camera_e_umidita,56.53598060494445,2026-06-02T08:00:00.000Z
sensor.camera_e_umidita,56.71606464797222,2026-06-02T09:00:00.000Z
sensor.camera_e_umidita,56.83517317947223,2026-06-02T10:00:00.000Z
sensor.camera_e_umidita,57.700167159500005,2026-06-02T11:00:00.000Z
sensor.camera_e_umidita,59.48368200122223,2026-06-02T12:00:00.000Z
sensor.camera_e_umidita,59.82232356933333,2026-06-02T13:00:00.000Z
sensor.camera_e_umidita,59.323562296138896,2026-06-02T14:00:00.000Z
sensor.camera_e_umidita,58.88579859861111,2026-06-02T15:00:00.000Z
sensor.camera_e_umidita,59.112509960333334,2026-06-02T16:00:00.000Z
sensor.camera_e_umidita,59.60583461327778,2026-06-02T17:00:00.000Z
sensor.camera_e_umidita,59.491610608722226,2026-06-02T18:00:00.000Z
sensor.camera_e_umidita,59.28066160241667,2026-06-02T19:00:00.000Z
sensor.camera_e_umidita,59.43298003588888,2026-06-02T20:00:00.000Z
sensor.camera_e_umidita,59.29999999999999,2026-06-02T21:00:00.000Z
sensor.camera_e_umidita,54.248292698363635,2026-06-05T08:00:00.000Z
sensor.camera_e_umidita,53.95539787111111,2026-06-05T09:00:00.000Z
sensor.camera_e_umidita,53.895076720388886,2026-06-05T10:00:00.000Z
sensor.camera_e_umidita,54.026629723111114,2026-06-05T11:00:00.000Z
sensor.camera_e_umidita,54.40996460269444,2026-06-05T12:00:00.000Z
sensor.camera_e_umidita,54.55568555913889,2026-06-05T13:00:00.000Z
sensor.camera_e_umidita,54.25525198361111,2026-06-05T14:00:00.000Z
sensor.camera_e_umidita,54.08483017308333,2026-06-05T15:00:00.000Z
sensor.camera_e_umidita,53.92515990791666,2026-06-05T16:00:00.000Z
sensor.camera_e_umidita,53.70354049072222,2026-06-05T17:00:00.000Z
sensor.camera_e_umidita,53.19859281605556,2026-06-05T18:00:00.000Z
sensor.camera_e_umidita,53.407190014166666,2026-06-05T19:00:00.000Z
sensor.camera_e_umidita,53.64903274233333,2026-06-05T20:00:00.000Z
sensor.camera_e_umidita,53.790314993277775,2026-06-05T21:00:00.000Z
sensor.camera_e_umidita,54.09665886886111,2026-06-05T22:00:00.000Z
sensor.camera_e_umidita,54.54642751508334,2026-06-05T23:00:00.000Z
sensor.camera_e_umidita,54.767346033416665,2026-06-06T00:00:00.000Z
sensor.camera_e_umidita,55.078723432555556,2026-06-06T01:00:00.000Z
sensor.camera_e_umidita,55.141283585972225,2026-06-06T02:00:00.000Z
sensor.camera_e_umidita,55.01458869794445,2026-06-06T03:00:00.000Z
sensor.camera_e_umidita,54.70278978713889,2026-06-06T04:00:00.000Z
sensor.camera_e_umidita,54.5,2026-06-06T05:00:00.000Z
sensor.camera_e_umidita,54.56731726619444,2026-06-06T06:00:00.000Z
sensor.camera_e_umidita,54.6414758295,2026-06-06T07:00:00.000Z
sensor.camera_e_umidita,54.707255292944446,2026-06-06T08:00:00.000Z
sensor.camera_e_umidita,54.77663293999999,2026-06-06T09:00:00.000Z
sensor.camera_e_umidita,54.94081019344444,2026-06-06T10:00:00.000Z
sensor.camera_e_umidita,54.84094746066666,2026-06-06T11:00:00.000Z
sensor.camera_e_umidita,55.125964140583335,2026-06-06T12:00:00.000Z
sensor.camera_e_umidita,55.28322171675,2026-06-06T13:00:00.000Z
sensor.camera_e_umidita,54.88668824672222,2026-06-06T14:00:00.000Z
sensor.camera_e_umidita,54.24773994141666,2026-06-06T15:00:00.000Z
sensor.camera_e_umidita,53.77614016230555,2026-06-06T16:00:00.000Z
sensor.camera_e_umidita,53.18525316802778,2026-06-06T17:00:00.000Z
sensor.camera_e_umidita,52.669278958222215,2026-06-06T18:00:00.000Z
sensor.camera_e_umidita,52.777259602222216,2026-06-06T19:00:00.000Z
sensor.camera_e_umidita,53.022551034416665,2026-06-06T20:00:00.000Z
sensor.camera_e_umidita,53.51235681194444,2026-06-06T21:00:00.000Z
sensor.camera_e_umidita,53.36024918388889,2026-06-06T22:00:00.000Z
sensor.camera_e_umidita,53.77136063838889,2026-06-06T23:00:00.000Z
sensor.camera_e_umidita,54,2026-06-07T00:00:00.000Z
sensor.camera_e_umidita,53.81956727780556,2026-06-07T01:00:00.000Z
sensor.camera_e_umidita,54.386691271388884,2026-06-07T02:00:00.000Z
sensor.camera_e_umidita,54.26352746305556,2026-06-07T03:00:00.000Z
sensor.camera_e_umidita,53.409758100805554,2026-06-07T04:00:00.000Z
sensor.camera_e_umidita,53.407727146861106,2026-06-07T05:00:00.000Z
sensor.camera_e_umidita,53.226788185972225,2026-06-07T06:00:00.000Z
sensor.camera_e_umidita,53.03384366463889,2026-06-07T07:00:00.000Z
sensor.camera_e_umidita,53.249846792722224,2026-06-07T08:00:00.000Z
sensor.camera_e_umidita,54.00081490508333,2026-06-07T09:00:00.000Z
sensor.camera_e_umidita,54.40944807802777,2026-06-07T10:00:00.000Z
sensor.camera_e_umidita,54.33518725333334,2026-06-07T11:00:00.000Z
sensor.camera_e_umidita,53.82650331825,2026-06-07T12:00:00.000Z
sensor.camera_e_umidita,52.48221263825,2026-06-07T13:00:00.000Z
sensor.camera_e_umidita,51.655296813916664,2026-06-07T14:00:00.000Z
sensor.camera_e_umidita,51.60942511580556,2026-06-07T15:00:00.000Z
sensor.camera_e_umidita,51.19303981838889,2026-06-07T16:00:00.000Z
sensor.camera_e_umidita,49.629348025055556,2026-06-07T17:00:00.000Z
sensor.camera_e_umidita,49.97310710302778,2026-06-07T18:00:00.000Z
sensor.camera_e_umidita,50.669801630694444,2026-06-07T19:00:00.000Z
sensor.camera_e_umidita,51.504462514500005,2026-06-07T20:00:00.000Z
sensor.camera_e_umidita,52.531399125,2026-06-07T21:00:00.000Z
sensor.camera_e_umidita,53.62266689491667,2026-06-07T22:00:00.000Z
sensor.camera_e_umidita,54.524777893305554,2026-06-07T23:00:00.000Z
sensor.camera_e_umidita,54.625163766750006,2026-06-08T00:00:00.000Z
sensor.camera_e_umidita,54.79118352005556,2026-06-08T01:00:00.000Z
sensor.camera_e_umidita,54.773879590444444,2026-06-08T02:00:00.000Z
sensor.camera_e_umidita,54.97109108283333,2026-06-08T03:00:00.000Z
sensor.camera_e_umidita,54.96342948166667,2026-06-08T04:00:00.000Z
sensor.camera_e_umidita,55.0053539655,2026-06-08T05:00:00.000Z
sensor.camera_e_umidita,55.25769756216667,2026-06-08T06:00:00.000Z
sensor.camera_e_umidita,55.76945748711111,2026-06-08T07:00:00.000Z
sensor.camera_e_umidita,55.36375071986111,2026-06-08T08:00:00.000Z
sensor.camera_e_umidita,55.38358278508333,2026-06-08T09:00:00.000Z
sensor.camera_e_umidita,55.68996955516667,2026-06-08T10:00:00.000Z
sensor.camera_e_umidita,55.8587274095,2026-06-08T11:00:00.000Z
sensor.camera_e_umidita,55.52034495372222,2026-06-08T12:00:00.000Z
sensor.camera_e_umidita,55.07175879552778,2026-06-08T13:00:00.000Z
sensor.camera_e_umidita,54.755850228638884,2026-06-08T14:00:00.000Z
sensor.camera_e_umidita,54.438737232833326,2026-06-08T15:00:00.000Z
sensor.camera_e_umidita,54.03455799647222,2026-06-08T16:00:00.000Z
sensor.camera_e_umidita,54.08521055594445,2026-06-08T17:00:00.000Z
sensor.camera_e_umidita,53.87695483105556,2026-06-08T18:00:00.000Z
sensor.camera_e_umidita,54.24924709266667,2026-06-08T19:00:00.000Z
sensor.camera_e_umidita,54.51675013308333,2026-06-08T20:00:00.000Z
sensor.camera_e_umidita,54.337204824055554,2026-06-08T21:00:00.000Z
sensor.camera_e_umidita,55.02858108016667,2026-06-08T22:00:00.000Z
sensor.camera_e_umidita,55.31520195547222,2026-06-08T23:00:00.000Z
sensor.camera_e_umidita,55.29999999999999,2026-06-09T00:00:00.000Z
sensor.camera_e_umidita,55.520580791861114,2026-06-09T01:00:00.000Z
sensor.camera_e_umidita,55.926202355111116,2026-06-09T02:00:00.000Z
sensor.camera_e_umidita,56.20741109377778,2026-06-09T03:00:00.000Z
sensor.camera_e_umidita,56.64068299891667,2026-06-09T04:00:00.000Z
sensor.camera_e_umidita,56.77483921258334,2026-06-09T05:00:00.000Z
sensor.camera_e_umidita,56.530368327944444,2026-06-09T06:00:00.000Z
sensor.camera_e_umidita,55.99931745797222,2026-06-09T07:00:00.000Z
sensor.camera_e_umidita,55.48518674652778,2026-06-09T08:00:00.000Z
sensor.camera_e_umidita,55.06842241125,2026-06-09T09:00:00.000Z
sensor.camera_e_umidita,55,2026-06-09T10:00:00.000Z
sensor.camera_e_umidita,54.972060543666665,2026-06-09T11:00:00.000Z
sensor.camera_e_umidita,55.25939635472222,2026-06-09T12:00:00.000Z
sensor.camera_e_umidita,54.982566839444445,2026-06-09T13:00:00.000Z
sensor.camera_e_umidita,55.01911253722222,2026-06-09T14:00:00.000Z
sensor.camera_e_umidita,54.42610522588888,2026-06-09T15:00:00.000Z
sensor.camera_e_umidita,54.04481214244444,2026-06-09T16:00:00.000Z
sensor.camera_e_umidita,53.949678000333336,2026-06-09T17:00:00.000Z
sensor.camera_e_umidita,54.15403536625001,2026-06-09T18:00:00.000Z
sensor.camera_e_umidita,54.67711565625,2026-06-09T19:00:00.000Z
sensor.camera_e_umidita,54.67541539125,2026-06-09T20:00:00.000Z
sensor.camera_e_umidita,54.42755010316666,2026-06-09T21:00:00.000Z
sensor.camera_e_umidita,54.01750852358333,2026-06-09T22:00:00.000Z
sensor.camera_e_umidita,53.28148765219444,2026-06-09T23:00:00.000Z
sensor.camera_e_umidita,53.63120595969445,2026-06-10T00:00:00.000Z
sensor.camera_e_umidita,53.487245391638886,2026-06-10T01:00:00.000Z
sensor.camera_e_umidita,53.31240605427777,2026-06-10T02:00:00.000Z
sensor.camera_e_umidita,53.29999999999999,2026-06-10T03:00:00.000Z
sensor.camera_e_umidita,53.24729324980555,2026-06-10T04:00:00.000Z
sensor.camera_e_umidita,53.30080640838889,2026-06-10T05:00:00.000Z
sensor.camera_e_umidita,54.187464806250006,2026-06-10T06:00:00.000Z
sensor.camera_e_umidita,54.617148653861115,2026-06-10T07:00:00.000Z
sensor.camera_e_umidita,55.04921535294444,2026-06-10T08:00:00.000Z
sensor.camera_e_umidita,55.91943991802777,2026-06-10T09:00:00.000Z
sensor.camera_e_umidita,56.083651120527776,2026-06-10T10:00:00.000Z
sensor.camera_e_umidita,56.11855639325,2026-06-10T11:00:00.000Z
sensor.camera_e_umidita,56.56364802547222,2026-06-10T12:00:00.000Z
sensor.camera_e_umidita,56.06257074808334,2026-06-10T13:00:00.000Z
sensor.camera_e_umidita,55.43340827847222,2026-06-10T14:00:00.000Z
sensor.camera_e_umidita,55.2832297055,2026-06-10T15:00:00.000Z
sensor.camera_e_umidita,55.35261618386111,2026-06-10T16:00:00.000Z
sensor.camera_e_umidita,55.474511421866666,2026-06-10T17:00:00.000Z
sensor.camera_e_umidita,55.43961234983333,2026-06-10T18:00:00.000Z
sensor.camera_e_umidita,54.27007884205556,2026-06-10T19:00:00.000Z
sensor.camera_e_umidita,52.809679689,2026-06-10T20:00:00.000Z
sensor.camera_e_umidita,51.38382073080555,2026-06-10T21:00:00.000Z
sensor.camera_e_umidita,48.71264574641666,2026-06-10T22:00:00.000Z
sensor.camera_e_umidita,47.33428070575,2026-06-10T23:00:00.000Z
sensor.camera_e_umidita,46.78512272886112,2026-06-11T00:00:00.000Z
sensor.camera_e_umidita,46.04967854577777,2026-06-11T01:00:00.000Z
sensor.camera_e_umidita,46.24331969911111,2026-06-11T02:00:00.000Z
sensor.camera_e_umidita,46.25545390244445,2026-06-11T03:00:00.000Z
sensor.camera_e_umidita,46.17930454783333,2026-06-11T04:00:00.000Z
sensor.camera_e_umidita,46.28175479875,2026-06-11T05:00:00.000Z
sensor.camera_e_umidita,47.70688565344444,2026-06-11T06:00:00.000Z
sensor.camera_e_umidita,48.130655214499996,2026-06-11T07:00:00.000Z
sensor.camera_e_umidita,47.9,2026-06-11T08:00:00.000Z
sensor.camera_e_umidita,47.52972865169445,2026-06-11T09:00:00.000Z
sensor.camera_e_umidita,46.965583384861105,2026-06-11T10:00:00.000Z
sensor.camera_e_umidita,46.740648483861115,2026-06-11T11:00:00.000Z
sensor.camera_e_umidita,45.837476433861106,2026-06-11T12:00:00.000Z
sensor.camera_e_umidita,45.547366354055555,2026-06-11T13:00:00.000Z
sensor.camera_e_umidita,45.727046406027775,2026-06-11T14:00:00.000Z
sensor.camera_e_umidita,46.14519127041667,2026-06-11T15:00:00.000Z
sensor.camera_e_umidita,46.26724511825,2026-06-11T16:00:00.000Z
sensor.camera_e_umidita,45.05454393838889,2026-06-11T17:00:00.000Z
sensor.camera_e_umidita,44.2509913955,2026-06-11T18:00:00.000Z
sensor.camera_e_umidita,44.93989003763889,2026-06-11T19:00:00.000Z
sensor.camera_e_umidita,45.337978172,2026-06-11T20:00:00.000Z
sensor.camera_e_umidita,45.58543305036111,2026-06-11T21:00:00.000Z
sensor.camera_e_umidita,45.21321984475,2026-06-11T22:00:00.000Z
sensor.camera_e_umidita,45.610335968777775,2026-06-11T23:00:00.000Z
sensor.camera_e_umidita,46.27435830294445,2026-06-12T00:00:00.000Z
sensor.camera_e_umidita,46.28636903216667,2026-06-12T01:00:00.000Z
sensor.camera_e_umidita,46.13534862811111,2026-06-12T02:00:00.000Z
sensor.camera_e_umidita,45.943727231,2026-06-12T03:00:00.000Z
sensor.camera_e_umidita,45.95872812347222,2026-06-12T04:00:00.000Z
sensor.camera_e_umidita,45.9,2026-06-12T05:00:00.000Z
sensor.camera_e_umidita,46.97356636352777,2026-06-12T06:00:00.000Z
sensor.camera_e_umidita,47.57484143005556,2026-06-12T07:00:00.000Z
sensor.camera_e_umidita,47.75880171888889,2026-06-12T08:00:00.000Z
sensor.camera_e_umidita,48.01292629733334,2026-06-12T09:00:00.000Z
sensor.camera_e_umidita,48.21103112875,2026-06-12T10:00:00.000Z
sensor.camera_e_umidita,48.12392782199999,2026-06-12T11:00:00.000Z
sensor.camera_e_umidita,47.98733090458333,2026-06-12T12:00:00.000Z
sensor.camera_e_umidita,47.848497418111116,2026-06-12T13:00:00.000Z
sensor.camera_e_umidita,49.87083233563889,2026-06-12T14:00:00.000Z
sensor.camera_e_umidita,49.06922078569445,2026-06-12T15:00:00.000Z
sensor.camera_e_umidita,49.80035665169444,2026-06-12T16:00:00.000Z
sensor.camera_e_umidita,48.85053246827778,2026-06-12T17:00:00.000Z
sensor.camera_e_umidita,49.322472752638895,2026-06-12T18:00:00.000Z
sensor.camera_e_umidita,49.867885367333336,2026-06-12T19:00:00.000Z
sensor.camera_e_umidita,50.372285931444445,2026-06-12T20:00:00.000Z
sensor.camera_e_umidita,50.136812007,2026-06-12T21:00:00.000Z
sensor.camera_e_umidita,46.914224104805555,2026-06-12T22:00:00.000Z
sensor.camera_e_umidita,47.458467520361104,2026-06-12T23:00:00.000Z
sensor.camera_e_umidita,48.31033914458333,2026-06-13T00:00:00.000Z
sensor.camera_e_umidita,49.06505810941667,2026-06-13T01:00:00.000Z
sensor.camera_e_umidita,49.59653727238889,2026-06-13T02:00:00.000Z
sensor.camera_e_umidita,49.84587509122222,2026-06-13T03:00:00.000Z
sensor.camera_e_umidita,49.96387649058334,2026-06-13T04:00:00.000Z
sensor.camera_e_umidita,50.06769868608333,2026-06-13T05:00:00.000Z
sensor.camera_e_umidita,50.31213731458333,2026-06-13T06:00:00.000Z
sensor.camera_e_umidita,50.79687681377778,2026-06-13T07:00:00.000Z
sensor.camera_e_umidita,51.965880778527776,2026-06-13T08:00:00.000Z
sensor.camera_e_umidita,53.448346387111116,2026-06-13T09:00:00.000Z
sensor.camera_e_umidita,54.01166636975,2026-06-13T10:00:00.000Z
sensor.camera_e_umidita,53.91774872886111,2026-06-13T11:00:00.000Z
sensor.camera_e_umidita,53.15830708577778,2026-06-13T12:00:00.000Z
sensor.camera_e_umidita,52.94330485958333,2026-06-13T13:00:00.000Z
sensor.camera_e_umidita,52.69927626613889,2026-06-13T14:00:00.000Z
sensor.camera_e_umidita,52.70837964733334,2026-06-13T15:00:00.000Z
sensor.camera_e_umidita,52.23685024358334,2026-06-13T16:00:00.000Z
sensor.camera_e_umidita,53.05683959294444,2026-06-13T17:00:00.000Z
sensor.camera_e_umidita,49.832209237361106,2026-06-13T18:00:00.000Z
sensor.camera_e_umidita,48.52687750505555,2026-06-13T19:00:00.000Z
sensor.camera_e_umidita,48.54326271430555,2026-06-13T20:00:00.000Z
sensor.camera_e_umidita,49.198137360194444,2026-06-13T21:00:00.000Z
sensor.camera_e_umidita,50.34209920627777,2026-06-13T22:00:00.000Z
sensor.camera_e_umidita,50.09308030711111,2026-06-13T23:00:00.000Z
sensor.camera_e_umidita,49.65859522736111,2026-06-14T00:00:00.000Z
sensor.camera_e_umidita,49.55818603694445,2026-06-14T01:00:00.000Z
sensor.camera_e_umidita,49.422655182916664,2026-06-14T02:00:00.000Z
sensor.camera_e_umidita,45.81544433769445,2026-06-14T03:00:00.000Z
sensor.camera_e_umidita,43.59546782244445,2026-06-14T04:00:00.000Z
sensor.camera_e_umidita,43.70472694761111,2026-06-14T05:00:00.000Z
sensor.camera_e_umidita,46.005996387416666,2026-06-14T06:00:00.000Z
sensor.camera_e_umidita,47.117332022944446,2026-06-14T07:00:00.000Z
sensor.camera_e_umidita,47.76079988436111,2026-06-14T08:00:00.000Z
sensor.camera_e_umidita,45.73121194583333,2026-06-14T09:00:00.000Z
sensor.camera_e_umidita,50.33645668486111,2026-06-14T10:00:00.000Z
sensor.camera_e_umidita,51.85317896683333,2026-06-14T11:00:00.000Z
sensor.camera_e_umidita,52.71035230286111,2026-06-14T12:00:00.000Z
sensor.camera_e_umidita,51.897977675111115,2026-06-14T13:00:00.000Z
sensor.camera_e_umidita,51.360854763,2026-06-14T14:00:00.000Z
sensor.camera_e_umidita,52.55783832230555,2026-06-14T15:00:00.000Z
sensor.camera_e_umidita,52.48678305461112,2026-06-14T16:00:00.000Z
sensor.camera_e_umidita,51.18136763538889,2026-06-14T17:00:00.000Z
sensor.camera_e_umidita,50.24266447033333,2026-06-14T18:00:00.000Z
sensor.camera_e_umidita,51.29948062922222,2026-06-14T19:00:00.000Z
sensor.camera_e_umidita,51.77285311516667,2026-06-14T20:00:00.000Z
sensor.camera_e_umidita,52.91123032688889,2026-06-14T21:00:00.000Z
sensor.camera_e_umidita,52.41648737197223,2026-06-14T22:00:00.000Z
sensor.camera_e_umidita,51.58653859552778,2026-06-14T23:00:00.000Z
sensor.camera_e_umidita,51.44221065975,2026-06-15T00:00:00.000Z
sensor.camera_e_umidita,51.18282686497222,2026-06-15T01:00:00.000Z
sensor.camera_e_umidita,51.281367035361114,2026-06-15T02:00:00.000Z
sensor.camera_e_umidita,51.64300395502778,2026-06-15T03:00:00.000Z
sensor.camera_e_umidita,52.18521050538889,2026-06-15T04:00:00.000Z
sensor.camera_e_umidita,52.839433546722226,2026-06-15T05:00:00.000Z
sensor.camera_e_umidita,53.13979354472222,2026-06-15T06:00:00.000Z
sensor.camera_e_umidita,53.379488757,2026-06-15T07:00:00.000Z
sensor.camera_e_umidita,53.584274324861106,2026-06-15T08:00:00.000Z
sensor.camera_e_umidita,53.744400324,2026-06-15T09:00:00.000Z
sensor.camera_e_umidita,53.11222887605555,2026-06-15T10:00:00.000Z
sensor.camera_e_umidita,51.27062787088889,2026-06-15T11:00:00.000Z
sensor.camera_e_umidita,49.01479492480556,2026-06-15T12:00:00.000Z
sensor.camera_e_umidita,47.448092739555555,2026-06-15T13:00:00.000Z
sensor.camera_e_umidita,45.75870215313889,2026-06-15T14:00:00.000Z
sensor.camera_e_umidita,44.59492421955556,2026-06-15T15:00:00.000Z
sensor.camera_e_umidita,44.31340187863889,2026-06-15T16:00:00.000Z
sensor.camera_e_umidita,45.098349948194446,2026-06-15T17:00:00.000Z
sensor.camera_e_umidita,45.27209354916667,2026-06-15T18:00:00.000Z
sensor.camera_e_umidita,45.420582613777775,2026-06-15T19:00:00.000Z
sensor.camera_e_umidita,45.55320758086111,2026-06-15T20:00:00.000Z
sensor.camera_e_umidita,45.615460909527776,2026-06-15T21:00:00.000Z
sensor.camera_e_umidita,46.56778457686111,2026-06-15T22:00:00.000Z
sensor.camera_e_umidita,47.91247983161111,2026-06-15T23:00:00.000Z
sensor.camera_e_umidita,49.65401644675,2026-06-16T00:00:00.000Z
sensor.camera_e_umidita,50.55773048686111,2026-06-16T01:00:00.000Z
sensor.camera_e_umidita,51.16059284891667,2026-06-16T02:00:00.000Z
sensor.camera_e_umidita,51.51790143672222,2026-06-16T03:00:00.000Z
sensor.camera_e_umidita,51.66531208491667,2026-06-16T04:00:00.000Z
sensor.camera_e_umidita,51.472024963888884,2026-06-16T05:00:00.000Z
sensor.camera_e_umidita,51.33667991425,2026-06-16T06:00:00.000Z
sensor.camera_e_umidita,51.24127002594444,2026-06-16T07:00:00.000Z
sensor.camera_e_umidita,51.50090992702778,2026-06-16T08:00:00.000Z
sensor.camera_e_umidita,52.16476553588888,2026-06-16T09:00:00.000Z
sensor.camera_e_umidita,52.809077820111106,2026-06-16T10:00:00.000Z
sensor.camera_e_umidita,53.07676625125,2026-06-16T11:00:00.000Z
sensor.camera_e_umidita,52.64397529463889,2026-06-16T12:00:00.000Z
sensor.camera_e_umidita,52.8266326645,2026-06-16T13:00:00.000Z
sensor.camera_e_umidita,53.57701139122222,2026-06-16T14:00:00.000Z
sensor.camera_e_umidita,53.619301391444445,2026-06-16T15:00:00.000Z
sensor.camera_e_umidita,51.97739147986112,2026-06-16T16:00:00.000Z
sensor.camera_e_umidita,51.60339883613889,2026-06-16T17:00:00.000Z
sensor.camera_e_umidita,51.230255241500004,2026-06-16T18:00:00.000Z
sensor.camera_e_umidita,52.08574964366667,2026-06-16T19:00:00.000Z
sensor.camera_e_umidita,51.28633184677778,2026-06-16T20:00:00.000Z
sensor.camera_e_umidita,51.01989204538889,2026-06-16T21:00:00.000Z
sensor.camera_e_umidita,51.35033271538888,2026-06-16T22:00:00.000Z
sensor.camera_e_umidita,51.589353124527776,2026-06-16T23:00:00.000Z
sensor.camera_e_umidita,51.82026353530555,2026-06-17T00:00:00.000Z
sensor.camera_e_umidita,52.168654234555554,2026-06-17T01:00:00.000Z
sensor.camera_e_umidita,52.52405389533334,2026-06-17T02:00:00.000Z
sensor.camera_e_umidita,52.600607774222226,2026-06-17T03:00:00.000Z
sensor.camera_e_umidita,52.68838258325,2026-06-17T04:00:00.000Z
sensor.camera_e_umidita,53.01811474763889,2026-06-17T05:00:00.000Z
sensor.camera_e_umidita,52.97472078452778,2026-06-17T06:00:00.000Z
sensor.camera_e_umidita,53.483418761416665,2026-06-17T07:00:00.000Z
sensor.camera_e_umidita,53.75888868522222,2026-06-17T08:00:00.000Z
sensor.camera_e_umidita,53.61680983211111,2026-06-17T09:00:00.000Z
sensor.camera_e_umidita,53.31908849475,2026-06-17T10:00:00.000Z
sensor.camera_e_umidita,53.428727606749995,2026-06-17T11:00:00.000Z
sensor.camera_e_umidita,54.226735781583336,2026-06-17T12:00:00.000Z
sensor.camera_e_umidita,53.49083069175,2026-06-17T13:00:00.000Z
sensor.camera_e_umidita,53.918753498305556,2026-06-17T14:00:00.000Z
sensor.camera_e_umidita,52.78927124683333,2026-06-17T15:00:00.000Z
sensor.camera_e_umidita,51.645377618,2026-06-17T16:00:00.000Z
sensor.camera_e_umidita,50.91517250758333,2026-06-17T17:00:00.000Z
sensor.camera_e_umidita,50.97052825372222,2026-06-17T18:00:00.000Z
sensor.camera_e_umidita,51.95633813311111,2026-06-17T19:00:00.000Z
sensor.camera_e_umidita,52.6,2026-06-17T20:00:00.000Z
sensor.camera_e_umidita,52.238455174027784,2026-06-17T21:00:00.000Z
sensor.camera_e_umidita,52.42468017691667,2026-06-17T22:00:00.000Z
sensor.camera_e_umidita,52.774777691999994,2026-06-17T23:00:00.000Z
sensor.camera_e_umidita,53.025170794249995,2026-06-18T00:00:00.000Z
sensor.camera_e_umidita,53.16105229161111,2026-06-18T01:00:00.000Z
sensor.camera_e_umidita,53.40865049861111,2026-06-18T02:00:00.000Z
sensor.camera_e_umidita,53.43146137266666,2026-06-18T03:00:00.000Z
sensor.camera_e_umidita,53.66552423397223,2026-06-18T04:00:00.000Z
sensor.camera_e_umidita,53.93425920808334,2026-06-18T05:00:00.000Z
sensor.camera_e_umidita,54.29876759627778,2026-06-18T06:00:00.000Z
sensor.camera_e_umidita,54.708511585694446,2026-06-18T07:00:00.000Z
sensor.camera_e_umidita,54.889090058,2026-06-18T08:00:00.000Z
sensor.camera_e_umidita,55.145799602194444,2026-06-18T09:00:00.000Z
sensor.camera_e_umidita,55.42758914652777,2026-06-18T10:00:00.000Z
sensor.camera_e_umidita,55.66662550783334,2026-06-18T11:00:00.000Z
sensor.camera_e_umidita,55.87060946569445,2026-06-18T12:00:00.000Z
sensor.camera_e_umidita,56.01785921883334,2026-06-18T13:00:00.000Z
sensor.camera_e_umidita,55.92175531394444,2026-06-18T14:00:00.000Z
sensor.camera_e_umidita,55.15210506030556,2026-06-18T15:00:00.000Z
sensor.camera_e_umidita,53.67770881325,2026-06-18T16:00:00.000Z
sensor.camera_e_umidita,53.27124203363889,2026-06-18T17:00:00.000Z
sensor.camera_e_umidita,53.14364441294445,2026-06-18T18:00:00.000Z
sensor.camera_e_umidita,52.95204543483334,2026-06-18T19:00:00.000Z
sensor.camera_e_umidita,50.84883929094445,2026-06-18T20:00:00.000Z
sensor.camera_e_umidita,50.93261867519445,2026-06-18T21:00:00.000Z
sensor.camera_e_umidita,52.69696706155556,2026-06-18T22:00:00.000Z
sensor.camera_e_umidita,52.53393478372222,2026-06-18T23:00:00.000Z
sensor.camera_e_umidita,52.40129436977778,2026-06-19T00:00:00.000Z
sensor.camera_e_umidita,51.50625081897223,2026-06-19T01:00:00.000Z
sensor.camera_e_umidita,48.44519815691666,2026-06-19T02:00:00.000Z
sensor.camera_e_umidita,47.36923433194445,2026-06-19T03:00:00.000Z
sensor.camera_e_umidita,46.87319508658334,2026-06-19T04:00:00.000Z
sensor.camera_e_umidita,46.9781532203611,2026-06-19T05:00:00.000Z
sensor.camera_e_umidita,47.435837932333335,2026-06-19T06:00:00.000Z
sensor.camera_e_umidita,48.489056792638884,2026-06-19T07:00:00.000Z
sensor.camera_e_umidita,49.69778721691667,2026-06-19T08:00:00.000Z
sensor.camera_e_umidita,52.326174240499995,2026-06-19T09:00:00.000Z
sensor.camera_e_umidita,58.077047327222225,2026-06-19T10:00:00.000Z
sensor.camera_e_umidita,58.346632965277784,2026-06-19T11:00:00.000Z
sensor.camera_e_umidita,58.04065634255556,2026-06-19T12:00:00.000Z
sensor.camera_e_umidita,58.519250962,2026-06-19T13:00:00.000Z
sensor.camera_e_umidita,57.472517642888896,2026-06-19T14:00:00.000Z
sensor.camera_e_umidita,56.52878448875,2026-06-19T15:00:00.000Z
sensor.camera_e_umidita,54.49794767722222,2026-06-19T16:00:00.000Z
sensor.camera_e_umidita,54.210324183638896,2026-06-19T17:00:00.000Z
sensor.camera_e_umidita,55.321678376499996,2026-06-19T18:00:00.000Z
sensor.camera_e_umidita,54.38581982844445,2026-06-19T19:00:00.000Z
sensor.camera_e_umidita,55.34603363447223,2026-06-19T20:00:00.000Z
sensor.camera_e_umidita,56.08703050505556,2026-06-19T21:00:00.000Z
sensor.camera_e_umidita,55.67911074472223,2026-06-19T22:00:00.000Z
sensor.camera_e_umidita,55.632673977083336,2026-06-19T23:00:00.000Z
sensor.camera_e_umidita,55.67482518038889,2026-06-20T00:00:00.000Z
sensor.camera_e_umidita,55.59933249863889,2026-06-20T01:00:00.000Z
sensor.camera_e_umidita,55.666440719722225,2026-06-20T02:00:00.000Z
sensor.camera_e_umidita,55.73355138986111,2026-06-20T03:00:00.000Z
sensor.camera_e_umidita,55.77424341552777,2026-06-20T04:00:00.000Z
sensor.camera_e_umidita,55.95742950675,2026-06-20T05:00:00.000Z
sensor.camera_e_umidita,56.17224350886111,2026-06-20T06:00:00.000Z
sensor.camera_e_umidita,56.11873182486111,2026-06-20T07:00:00.000Z
sensor.camera_e_umidita,56.27797002044445,2026-06-20T08:00:00.000Z
sensor.camera_e_umidita,56.08889532269444,2026-06-20T09:00:00.000Z
sensor.camera_e_umidita,55.516860465,2026-06-20T10:00:00.000Z
sensor.camera_e_umidita,52.31644765694444,2026-06-20T11:00:00.000Z
sensor.camera_e_umidita,53.03666182477778,2026-06-20T12:00:00.000Z
sensor.camera_e_umidita,54.61448874358334,2026-06-20T13:00:00.000Z
sensor.camera_e_umidita,55.17555248275,2026-06-20T14:00:00.000Z
sensor.camera_e_umidita,55.14721812566666,2026-06-20T15:00:00.000Z
sensor.camera_e_umidita,54.674391033805556,2026-06-20T16:00:00.000Z
sensor.camera_e_umidita,55.21106074186111,2026-06-20T17:00:00.000Z
sensor.camera_e_umidita,54.91149845611111,2026-06-20T18:00:00.000Z
sensor.camera_e_umidita,54.69002405505555,2026-06-20T19:00:00.000Z
sensor.camera_e_umidita,55.293527706111114,2026-06-20T20:00:00.000Z
sensor.camera_e_umidita,54.295068032333326,2026-06-20T21:00:00.000Z
sensor.camera_e_umidita,54.20182092866667,2026-06-20T22:00:00.000Z
sensor.camera_e_umidita,54.15376523491667,2026-06-20T23:00:00.000Z
sensor.camera_e_umidita,55.12591239494444,2026-06-21T00:00:00.000Z
sensor.camera_e_umidita,55.766251144444446,2026-06-21T01:00:00.000Z
sensor.camera_e_umidita,56.112588372000005,2026-06-21T02:00:00.000Z
sensor.camera_e_umidita,56.90513748361111,2026-06-21T03:00:00.000Z
sensor.camera_e_umidita,56.72419942288889,2026-06-21T04:00:00.000Z
sensor.camera_e_umidita,56.558570186666664,2026-06-21T05:00:00.000Z
sensor.camera_e_umidita,56.5,2026-06-21T06:00:00.000Z
sensor.camera_e_umidita,56.31724902888889,2026-06-21T07:00:00.000Z
sensor.camera_e_umidita,56.821110148861116,2026-06-21T08:00:00.000Z
sensor.camera_e_umidita,57.654308922666665,2026-06-21T09:00:00.000Z
sensor.camera_e_umidita,57.398751030027775,2026-06-21T10:00:00.000Z
sensor.camera_e_umidita,57.47295237183334,2026-06-21T11:00:00.000Z
sensor.camera_e_umidita,57.85524272777778,2026-06-21T12:00:00.000Z
sensor.camera_e_umidita,57.943478130833334,2026-06-21T13:00:00.000Z
sensor.camera_e_umidita,58.85280351102778,2026-06-21T14:00:00.000Z
sensor.camera_e_umidita,55.52535596366667,2026-06-21T15:00:00.000Z
sensor.camera_e_umidita,56.71118144113888,2026-06-21T16:00:00.000Z
sensor.camera_e_umidita,56.53163930877778,2026-06-21T17:00:00.000Z
sensor.camera_e_umidita,53.11567351874999,2026-06-21T18:00:00.000Z
sensor.camera_e_umidita,52.62334543697222,2026-06-21T19:00:00.000Z
sensor.camera_e_umidita,54.702801702694444,2026-06-21T20:00:00.000Z
sensor.camera_e_umidita,55.289683987138886,2026-06-21T21:00:00.000Z
sensor.camera_e_umidita,51.54549687116667,2026-06-21T22:00:00.000Z
sensor.camera_e_umidita,51.85934441469445,2026-06-21T23:00:00.000Z
sensor.camera_e_umidita,52.674324406833335,2026-06-22T00:00:00.000Z
sensor.camera_e_umidita,53.204273968222225,2026-06-22T01:00:00.000Z
sensor.camera_e_umidita,54.08520255138888,2026-06-22T02:00:00.000Z
sensor.camera_e_umidita,54.972620821805556,2026-06-22T03:00:00.000Z
sensor.camera_e_umidita,55.97518763891667,2026-06-22T04:00:00.000Z
sensor.camera_e_umidita,55.493014056861114,2026-06-22T05:00:00.000Z
sensor.camera_e_umidita,55.22363555136112,2026-06-22T06:00:00.000Z
sensor.camera_e_umidita,54.732448532333336,2026-06-22T07:00:00.000Z
sensor.camera_e_umidita,54.70777445011111,2026-06-22T08:00:00.000Z
sensor.camera_e_umidita,54.706445899777776,2026-06-22T09:00:00.000Z
sensor.camera_e_umidita,55.81712226919444,2026-06-22T10:00:00.000Z
sensor.camera_e_umidita,57.36284021433334,2026-06-22T11:00:00.000Z
sensor.camera_e_umidita,56.57385650711111,2026-06-22T12:00:00.000Z
sensor.camera_e_umidita,53.544802118166665,2026-06-22T13:00:00.000Z
sensor.camera_e_umidita,54.11278756297222,2026-06-22T14:00:00.000Z
sensor.camera_e_umidita,55.58247873263889,2026-06-22T15:00:00.000Z
sensor.camera_e_umidita,55.779665885466656,2026-06-22T16:00:00.000Z
sensor.camera_e_umidita,49.34247236619047,2026-06-29T13:00:00.000Z
sensor.camera_e_umidita,49.83170487125,2026-06-29T14:00:00.000Z
sensor.camera_e_umidita,50.33573232311111,2026-06-29T15:00:00.000Z
sensor.camera_e_umidita,50.504696940222225,2026-06-29T16:00:00.000Z
sensor.camera_e_umidita,51.42225769488889,2026-06-29T17:00:00.000Z
sensor.camera_e_umidita,51.252317682527774,2026-06-29T18:00:00.000Z
sensor.camera_e_umidita,51.68831799894445,2026-06-29T19:00:00.000Z
sensor.camera_e_umidita,53.27994683691667,2026-06-29T20:00:00.000Z
sensor.camera_e_umidita,54.71200835252778,2026-06-29T21:00:00.000Z
sensor.camera_e_umidita,51.92574889266667,2026-06-29T22:00:00.000Z
sensor.camera_e_umidita,47.361722210083336,2026-06-29T23:00:00.000Z
sensor.camera_e_umidita,46.08262737775001,2026-06-30T00:00:00.000Z
sensor.camera_e_umidita,46.49588429130555,2026-06-30T01:00:00.000Z
sensor.camera_e_umidita,47.64176999805556,2026-06-30T02:00:00.000Z
sensor.camera_e_umidita,48.63955397205555,2026-06-30T03:00:00.000Z
sensor.camera_e_umidita,49.336222150055555,2026-06-30T04:00:00.000Z
sensor.camera_e_umidita,49.543951013999994,2026-06-30T05:00:00.000Z
sensor.camera_e_umidita,50.05245032180556,2026-06-30T06:00:00.000Z
sensor.camera_e_umidita,50.477720063499994,2026-06-30T07:00:00.000Z
sensor.camera_e_umidita,50.76726660461111,2026-06-30T08:00:00.000Z
sensor.camera_e_umidita,52.067769525138885,2026-06-30T09:00:00.000Z
sensor.camera_e_umidita,51.987087650027775,2026-06-30T10:00:00.000Z
sensor.camera_e_umidita,52.303516651972224,2026-06-30T11:00:00.000Z
sensor.camera_e_umidita,53.62440640661111,2026-06-30T12:00:00.000Z
sensor.camera_e_umidita,52.074180331222216,2026-06-30T13:00:00.000Z
sensor.camera_e_umidita,52.68911119858333,2026-06-30T14:00:00.000Z
sensor.camera_e_umidita,53.28516954536111,2026-06-30T15:00:00.000Z
sensor.camera_e_umidita,52.457897196111105,2026-06-30T16:00:00.000Z
sensor.camera_e_umidita,52.623012572666674,2026-06-30T17:00:00.000Z
sensor.camera_e_umidita,52.99090392575,2026-06-30T18:00:00.000Z
sensor.camera_e_umidita,52.181866215638884,2026-06-30T19:00:00.000Z
sensor.camera_e_umidita,50.89022123605556,2026-06-30T20:00:00.000Z
sensor.camera_e_umidita,52.013920307472226,2026-06-30T21:00:00.000Z
sensor.camera_e_umidita,52.027457044277774,2026-06-30T22:00:00.000Z
sensor.camera_e_umidita,52.69070573594445,2026-06-30T23:00:00.000Z
sensor.camera_e_umidita,53.21679257444444,2026-07-01T00:00:00.000Z
sensor.camera_e_umidita,54.06955689572222,2026-07-01T01:00:00.000Z
sensor.camera_e_umidita,54.23876132833333,2026-07-01T02:00:00.000Z
sensor.camera_e_umidita,55.015549771555555,2026-07-01T03:00:00.000Z
sensor.camera_e_umidita,55.32525871713889,2026-07-01T04:00:00.000Z
sensor.camera_e_umidita,55.327739406666666,2026-07-01T05:00:00.000Z
sensor.camera_e_umidita,55.290487135444444,2026-07-01T06:00:00.000Z
sensor.camera_e_umidita,55.30184087833334,2026-07-01T07:00:00.000Z
sensor.camera_e_umidita,55.66799473569444,2026-07-01T08:00:00.000Z
sensor.camera_e_umidita,55.24902119722222,2026-07-01T09:00:00.000Z
sensor.camera_e_umidita,55.36627178311111,2026-07-01T10:00:00.000Z
sensor.camera_e_umidita,55.910349269305556,2026-07-01T11:00:00.000Z
sensor.camera_e_umidita,56.011058166611114,2026-07-01T12:00:00.000Z
sensor.camera_e_umidita,53.98861248077778,2026-07-01T13:00:00.000Z
sensor.camera_e_umidita,50.312818376361115,2026-07-01T14:00:00.000Z
sensor.camera_e_umidita,47.12687055133333,2026-07-01T15:00:00.000Z
sensor.camera_e_umidita,46.84525830663889,2026-07-01T16:00:00.000Z
sensor.camera_e_umidita,47.65549235652778,2026-07-01T17:00:00.000Z
sensor.camera_e_umidita,48.52043422455555,2026-07-01T18:00:00.000Z
sensor.camera_e_umidita,48.96364475377778,2026-07-01T19:00:00.000Z
sensor.camera_e_umidita,50.34650404075,2026-07-01T20:00:00.000Z
sensor.camera_e_umidita,50.781501954638884,2026-07-01T21:00:00.000Z
sensor.camera_e_umidita,50.11294616694445,2026-07-01T22:00:00.000Z
sensor.camera_e_umidita,49.93540436405556,2026-07-01T23:00:00.000Z
sensor.camera_e_umidita,50.26017619486111,2026-07-02T00:00:00.000Z
sensor.camera_e_umidita,50.46629398686111,2026-07-02T01:00:00.000Z
sensor.camera_e_umidita,50.69846205280555,2026-07-02T02:00:00.000Z
sensor.camera_e_umidita,51.149939346083336,2026-07-02T03:00:00.000Z
sensor.camera_e_umidita,51.56039167908333,2026-07-02T04:00:00.000Z
sensor.camera_e_umidita,51.68947474261111,2026-07-02T05:00:00.000Z
sensor.camera_e_umidita,51.13688858927778,2026-07-02T06:00:00.000Z
sensor.camera_e_umidita,50.91730500027777,2026-07-02T07:00:00.000Z
sensor.camera_e_umidita,50.53596255397222,2026-07-02T08:00:00.000Z
sensor.camera_e_umidita,50.09408515747222,2026-07-02T09:00:00.000Z
sensor.camera_e_umidita,49.57789021205556,2026-07-02T10:00:00.000Z
sensor.camera_e_umidita,48.93582268144445,2026-07-02T11:00:00.000Z
sensor.camera_e_umidita,47.81760498408334,2026-07-02T12:00:00.000Z
sensor.camera_e_umidita,47.43847077805555,2026-07-02T13:00:00.000Z
sensor.camera_e_umidita,47.30680317205556,2026-07-02T14:00:00.000Z
sensor.camera_e_umidita,46.67162591633333,2026-07-02T15:00:00.000Z
sensor.camera_e_umidita,46.43305718463889,2026-07-02T16:00:00.000Z
sensor.camera_e_umidita,45.65689046172222,2026-07-02T17:00:00.000Z
sensor.camera_e_umidita,45.187813660833335,2026-07-02T18:00:00.000Z
sensor.camera_e_umidita,45.02975326113889,2026-07-02T19:00:00.000Z
sensor.camera_e_umidita,45.17072348869445,2026-07-02T20:00:00.000Z
sensor.camera_e_umidita,45.50515972480556,2026-07-02T21:00:00.000Z
sensor.camera_e_umidita,45.162646814249996,2026-07-02T22:00:00.000Z
sensor.camera_e_umidita,45.432888904,2026-07-02T23:00:00.000Z
sensor.camera_e_umidita,45.80279752391667,2026-07-03T00:00:00.000Z
sensor.camera_e_umidita,46.35587765594445,2026-07-03T01:00:00.000Z
sensor.camera_e_umidita,46.68128203094445,2026-07-03T02:00:00.000Z
sensor.camera_e_umidita,46.965572336166666,2026-07-03T03:00:00.000Z
sensor.camera_e_umidita,47.34702355263889,2026-07-03T04:00:00.000Z
sensor.camera_e_umidita,47.734469207388884,2026-07-03T05:00:00.000Z
sensor.camera_e_umidita,47.69384088291667,2026-07-03T06:00:00.000Z
sensor.camera_e_umidita,47.054113962555554,2026-07-03T07:00:00.000Z
sensor.camera_e_umidita,47.04127504680556,2026-07-03T08:00:00.000Z
sensor.camera_e_umidita,47.19228185261111,2026-07-03T09:00:00.000Z
sensor.camera_e_umidita,46.83743943233333,2026-07-03T10:00:00.000Z
sensor.camera_e_umidita,46.282641500694446,2026-07-03T11:00:00.000Z
sensor.camera_e_umidita,45.930363463611116,2026-07-03T12:00:00.000Z
sensor.camera_e_umidita,45.5,2026-07-03T13:00:00.000Z
sensor.camera_e_umidita,45.43395318247223,2026-07-03T14:00:00.000Z
sensor.camera_e_umidita,44.89888098486111,2026-07-03T15:00:00.000Z
sensor.camera_e_umidita,44.824309960638885,2026-07-03T16:00:00.000Z
sensor.camera_e_umidita,44.29395633786111,2026-07-03T17:00:00.000Z
sensor.camera_e_umidita,43.52761150105556,2026-07-03T18:00:00.000Z
sensor.camera_e_umidita,43.50000276211111,2026-07-03T19:00:00.000Z
sensor.camera_e_umidita,43.812458538305556,2026-07-03T20:00:00.000Z
sensor.camera_e_umidita,44.30875755161111,2026-07-03T21:00:00.000Z
sensor.camera_e_umidita,44.53504866780556,2026-07-03T22:00:00.000Z
sensor.camera_e_umidita,45.15555013461111,2026-07-03T23:00:00.000Z
sensor.camera_e_umidita,45.47482578700001,2026-07-04T00:00:00.000Z
sensor.camera_e_umidita,45.302422865527774,2026-07-04T01:00:00.000Z
sensor.camera_e_umidita,44.95611309625,2026-07-04T02:00:00.000Z
sensor.camera_e_umidita,44.70783289061111,2026-07-04T03:00:00.000Z
sensor.camera_e_umidita,44.29939488136111,2026-07-04T04:00:00.000Z
sensor.camera_e_umidita,44.0743495135,2026-07-04T05:00:00.000Z
sensor.camera_e_umidita,43.27884978319444,2026-07-04T06:00:00.000Z
sensor.camera_e_umidita,43.60960500588889,2026-07-04T07:00:00.000Z
sensor.camera_e_umidita,45.03231713127778,2026-07-04T08:00:00.000Z
sensor.camera_e_umidita,45.820041026527775,2026-07-04T09:00:00.000Z
sensor.camera_e_umidita,46.55667277338889,2026-07-04T10:00:00.000Z
sensor.camera_e_umidita,47.09437813936111,2026-07-04T11:00:00.000Z
sensor.camera_e_umidita,47.27851862511111,2026-07-04T12:00:00.000Z
sensor.camera_e_umidita,46.79195033088889,2026-07-04T13:00:00.000Z
sensor.camera_e_umidita,44.99524143188889,2026-07-04T14:00:00.000Z
sensor.camera_e_umidita,44.87336373475,2026-07-04T15:00:00.000Z
sensor.camera_e_umidita,44.56709691580556,2026-07-04T16:00:00.000Z
sensor.camera_e_umidita,43.62419863644445,2026-07-04T17:00:00.000Z
sensor.camera_e_umidita,42.01485005716667,2026-07-04T18:00:00.000Z
sensor.camera_e_umidita,43.9730117545,2026-07-04T19:00:00.000Z
sensor.camera_e_umidita,42.827185398388885,2026-07-04T20:00:00.000Z
sensor.camera_e_umidita,43.769537148000005,2026-07-04T21:00:00.000Z
sensor.camera_e_umidita,44.97433258666666,2026-07-04T22:00:00.000Z
sensor.camera_e_umidita,47.27864845580555,2026-07-04T23:00:00.000Z
sensor.camera_e_umidita,46.899202550944445,2026-07-05T00:00:00.000Z
sensor.camera_e_umidita,45.483778135444446,2026-07-05T01:00:00.000Z
sensor.camera_e_umidita,46.01609830586111,2026-07-05T02:00:00.000Z
sensor.camera_e_umidita,46.90226479394445,2026-07-05T03:00:00.000Z
sensor.camera_e_umidita,47,2026-07-05T04:00:00.000Z
sensor.camera_e_umidita,47,2026-07-05T05:00:00.000Z
sensor.camera_e_umidita,33.84004831774074,2026-07-05T17:00:00.000Z
sensor.camera_e_umidita,30.534150695611114,2026-07-05T18:00:00.000Z
sensor.camera_e_umidita,30.417843122416667,2026-07-05T19:00:00.000Z
sensor.camera_e_umidita,32.41346769816666,2026-07-05T20:00:00.000Z
sensor.camera_e_umidita,36.83350563766667,2026-07-05T21:00:00.000Z
sensor.camera_e_umidita,39.475851057805556,2026-07-05T22:00:00.000Z
sensor.camera_e_umidita,40.489905473583335,2026-07-05T23:00:00.000Z
sensor.camera_e_umidita,41.16925840905556,2026-07-06T00:00:00.000Z
sensor.camera_e_umidita,41.33459188483334,2026-07-06T01:00:00.000Z
sensor.camera_e_umidita,41.970442341222224,2026-07-06T02:00:00.000Z
sensor.camera_e_umidita,43.937251139527774,2026-07-06T03:00:00.000Z
sensor.camera_e_umidita,45.03438511644445,2026-07-06T04:00:00.000Z
sensor.camera_e_umidita,46.880184478,2026-07-06T05:00:00.000Z
sensor.camera_e_umidita,48.888940991,2026-07-06T06:00:00.000Z
sensor.camera_e_umidita,48.97778985675,2026-07-06T07:00:00.000Z
sensor.camera_e_umidita,48.11783332538889,2026-07-06T08:00:00.000Z
sensor.camera_e_umidita,48.05410899938889,2026-07-06T09:00:00.000Z
sensor.camera_e_umidita,47.74088639413889,2026-07-06T10:00:00.000Z
sensor.camera_e_umidita,47.31220150833334,2026-07-06T11:00:00.000Z
sensor.camera_e_umidita,47.07432335055555,2026-07-06T12:00:00.000Z
sensor.camera_e_umidita,46.89255624127778,2026-07-06T13:00:00.000Z
sensor.camera_e_umidita,46.582095774972224,2026-07-06T14:00:00.000Z
sensor.camera_e_umidita,46.40360602802778,2026-07-06T15:00:00.000Z
sensor.camera_e_umidita,46.26644602030555,2026-07-06T16:00:00.000Z
sensor.camera_e_umidita,46.256609810305555,2026-07-06T17:00:00.000Z
sensor.camera_e_umidita,45.79767165605555,2026-07-06T18:00:00.000Z
sensor.camera_e_umidita,44.973921013777776,2026-07-06T19:00:00.000Z
sensor.camera_e_umidita,45.14905685941667,2026-07-06T20:00:00.000Z
sensor.camera_e_umidita,45.61425054697222,2026-07-06T21:00:00.000Z
sensor.camera_e_umidita,46.71134721277778,2026-07-06T22:00:00.000Z
sensor.camera_e_umidita,47.6,2026-07-06T23:00:00.000Z
sensor.camera_e_umidita,47.37297884411111,2026-07-07T00:00:00.000Z
sensor.camera_e_umidita,47.21083503633333,2026-07-07T01:00:00.000Z
sensor.camera_e_umidita,47.35859444438889,2026-07-07T02:00:00.000Z
sensor.camera_e_umidita,46.93393656733334,2026-07-07T03:00:00.000Z
sensor.camera_e_umidita,46.641285298111114,2026-07-07T04:00:00.000Z
sensor.camera_e_umidita,48.149630099027775,2026-07-07T05:00:00.000Z
sensor.camera_e_umidita,48.761619513666666,2026-07-07T06:00:00.000Z
sensor.camera_e_umidita,47.22341377536111,2026-07-07T07:00:00.000Z
sensor.camera_e_umidita,47.03250858761111,2026-07-07T08:00:00.000Z
sensor.camera_e_umidita,47.19762296163889,2026-07-07T09:00:00.000Z
sensor.camera_e_umidita,47.32516409472222,2026-07-07T10:00:00.000Z
sensor.camera_e_umidita,47.238767398111115,2026-07-07T11:00:00.000Z
sensor.camera_e_umidita,46.93466812297222,2026-07-07T12:00:00.000Z
sensor.camera_e_umidita,46.837669503694435,2026-07-07T13:00:00.000Z
sensor.camera_e_umidita,46.76876508438889,2026-07-07T14:00:00.000Z
sensor.camera_e_umidita,46.01641424338889,2026-07-07T15:00:00.000Z
sensor.camera_e_umidita,45.16919215866667,2026-07-07T16:00:00.000Z
sensor.camera_e_umidita,44.57755858752778,2026-07-07T17:00:00.000Z
sensor.camera_e_umidita,44.50993116055556,2026-07-07T18:00:00.000Z
sensor.camera_e_umidita,44.573944584083335,2026-07-07T19:00:00.000Z
sensor.camera_e_umidita,44.748912038444445,2026-07-07T20:00:00.000Z
sensor.camera_e_umidita,45.11500850316667,2026-07-07T21:00:00.000Z
sensor.camera_e_umidita,45.329829894916664,2026-07-07T22:00:00.000Z
sensor.camera_e_umidita,44.231956235666665,2026-07-07T23:00:00.000Z
sensor.camera_e_umidita,43.27256118602778,2026-07-08T00:00:00.000Z
sensor.camera_e_umidita,42.759121399472214,2026-07-08T01:00:00.000Z
sensor.camera_e_umidita,42.541270274194446,2026-07-08T02:00:00.000Z
sensor.camera_e_umidita,42.67305728755556,2026-07-08T03:00:00.000Z
sensor.camera_e_umidita,43.30124936572222,2026-07-08T04:00:00.000Z
sensor.camera_e_umidita,44.20905689711111,2026-07-08T05:00:00.000Z
sensor.camera_e_umidita,45.017850898111114,2026-07-08T06:00:00.000Z
sensor.camera_e_umidita,45.60067003716667,2026-07-08T07:00:00.000Z
sensor.camera_e_umidita,45.40866403394444,2026-07-08T08:00:00.000Z
sensor.camera_e_umidita,45.096798922,2026-07-08T09:00:00.000Z
sensor.camera_e_umidita,44.448651003500004,2026-07-08T10:00:00.000Z
sensor.camera_e_umidita,44.150981071833336,2026-07-08T11:00:00.000Z
sensor.camera_e_umidita,42.74692366780556,2026-07-08T12:00:00.000Z
sensor.camera_e_umidita,41.91922979161111,2026-07-08T13:00:00.000Z
sensor.camera_e_umidita,40.50085134444445,2026-07-08T14:00:00.000Z
sensor.camera_e_umidita,40.18894607383333,2026-07-08T15:00:00.000Z
sensor.camera_e_umidita,40.63635955944445,2026-07-08T16:00:00.000Z
sensor.camera_e_umidita,40.43650881516667,2026-07-08T17:00:00.000Z
sensor.camera_e_umidita,40.3425245815,2026-07-08T18:00:00.000Z
sensor.camera_e_umidita,40.274217043166665,2026-07-08T19:00:00.000Z
sensor.camera_e_umidita,40.042690308611114,2026-07-08T20:00:00.000Z
sensor.camera_e_umidita,39.05135384661111,2026-07-08T21:00:00.000Z
sensor.camera_e_umidita,36.193180883,2026-07-08T22:00:00.000Z
sensor.camera_e_umidita,37.926771193777775,2026-07-08T23:00:00.000Z
sensor.camera_e_umidita,47.64804647225,2026-07-09T00:00:00.000Z
sensor.camera_e_umidita,49.22848004008333,2026-07-09T01:00:00.000Z
sensor.camera_e_umidita,49.52811975688889,2026-07-09T02:00:00.000Z
sensor.camera_e_umidita,49.09568717375,2026-07-09T03:00:00.000Z
sensor.camera_e_umidita,49.135359814111105,2026-07-09T04:00:00.000Z
sensor.camera_e_umidita,49.025645750972224,2026-07-09T05:00:00.000Z
sensor.camera_e_umidita,52.561979215,2026-07-09T06:00:00.000Z
sensor.camera_e_umidita,52.41011350108334,2026-07-09T07:00:00.000Z
sensor.camera_e_umidita,49.89110773430556,2026-07-09T08:00:00.000Z
sensor.camera_e_umidita,48.40354722119445,2026-07-09T09:00:00.000Z
sensor.camera_e_umidita,48.01147539316667,2026-07-09T10:00:00.000Z
sensor.camera_e_umidita,48.53716078730556,2026-07-09T11:00:00.000Z
sensor.camera_e_umidita,47.95374778222222,2026-07-09T12:00:00.000Z
sensor.camera_e_umidita,46.68598471894444,2026-07-09T13:00:00.000Z
sensor.camera_e_umidita,43.33285169766666,2026-07-09T14:00:00.000Z
sensor.camera_e_umidita,42.672814163472225,2026-07-09T15:00:00.000Z
sensor.camera_e_umidita,43.63305583625,2026-07-09T16:00:00.000Z
sensor.camera_e_umidita,44.98984948388889,2026-07-09T17:00:00.000Z
sensor.camera_e_umidita,44.27465353852778,2026-07-09T18:00:00.000Z
sensor.camera_e_umidita,44.41730542630555,2026-07-09T19:00:00.000Z
sensor.camera_e_umidita,44.82566065230555,2026-07-09T20:00:00.000Z
sensor.camera_e_umidita,45.82452315191666,2026-07-09T21:00:00.000Z
sensor.camera_e_umidita,46.50407703272222,2026-07-09T22:00:00.000Z
sensor.camera_e_umidita,46.34868127686111,2026-07-09T23:00:00.000Z
sensor.camera_e_umidita,46.35747125422222,2026-07-10T00:00:00.000Z
sensor.camera_e_umidita,46.666103636083335,2026-07-10T01:00:00.000Z
sensor.camera_e_umidita,46.15959846969445,2026-07-10T02:00:00.000Z
sensor.camera_e_umidita,45.199516132305554,2026-07-10T03:00:00.000Z
sensor.camera_e_umidita,45.15880774177777,2026-07-10T04:00:00.000Z
sensor.camera_e_umidita,46.08307937325,2026-07-10T05:00:00.000Z
sensor.camera_e_umidita,47.19748990047222,2026-07-10T06:00:00.000Z
sensor.camera_e_umidita,47.49542549066666,2026-07-10T07:00:00.000Z
sensor.camera_e_umidita,46.0884235605,2026-07-10T08:00:00.000Z
sensor.camera_e_umidita,44.532632548722226,2026-07-10T09:00:00.000Z
sensor.camera_e_umidita,45.03745174,2026-07-10T10:00:00.000Z
sensor.camera_e_umidita,45.313719146416666,2026-07-10T11:00:00.000Z
sensor.camera_e_umidita,45.133274888888884,2026-07-10T12:00:00.000Z
sensor.camera_e_umidita,44.34604932733333,2026-07-10T13:00:00.000Z
sensor.camera_e_umidita,44.31357479438889,2026-07-10T14:00:00.000Z
sensor.camera_e_umidita,44.174830049,2026-07-10T15:00:00.000Z
sensor.camera_e_umidita,44.161920061500005,2026-07-10T16:00:00.000Z
sensor.camera_e_umidita,44.06325917044445,2026-07-10T17:00:00.000Z
sensor.camera_e_umidita,44.928585481805555,2026-07-10T18:00:00.000Z
sensor.camera_e_umidita,47.43699583494445,2026-07-10T19:00:00.000Z
sensor.camera_e_umidita,47.70427402566667,2026-07-10T20:00:00.000Z
sensor.camera_e_umidita,48.41098335847223,2026-07-10T21:00:00.000Z
sensor.camera_e_umidita,49.956717414555555,2026-07-10T22:00:00.000Z
sensor.camera_e_umidita,50.132094721972216,2026-07-10T23:00:00.000Z
sensor.camera_e_umidita,50.53537721633333,2026-07-11T00:00:00.000Z
sensor.camera_e_umidita,50.66712681758333,2026-07-11T01:00:00.000Z
sensor.camera_e_umidita,50.99659170891667,2026-07-11T02:00:00.000Z
sensor.camera_e_umidita,50.84280848094445,2026-07-11T03:00:00.000Z
sensor.camera_e_umidita,51.27274802447223,2026-07-11T04:00:00.000Z
sensor.camera_e_umidita,51.85169989277778,2026-07-11T05:00:00.000Z
sensor.camera_e_umidita,51.81404432341666,2026-07-11T06:00:00.000Z
sensor.camera_e_umidita,52.32418625841667,2026-07-11T07:00:00.000Z
sensor.camera_e_umidita,53.43791354738889,2026-07-11T08:00:00.000Z
sensor.camera_e_umidita,54.44655700586111,2026-07-11T09:00:00.000Z
sensor.camera_e_umidita,55.266365422916664,2026-07-11T10:00:00.000Z
sensor.camera_e_umidita,51.71470838711111,2026-07-11T11:00:00.000Z
sensor.camera_e_umidita,48.67259637833333,2026-07-11T12:00:00.000Z
sensor.camera_e_umidita,46.803861588249994,2026-07-11T13:00:00.000Z
sensor.camera_e_umidita,45.416602486888884,2026-07-11T14:00:00.000Z
sensor.camera_e_umidita,45.07355927563889,2026-07-11T15:00:00.000Z
sensor.camera_e_umidita,42.861934029361116,2026-07-11T16:00:00.000Z
sensor.camera_e_umidita,40.504745821,2026-07-11T17:00:00.000Z
sensor.camera_e_umidita,39.34223308963889,2026-07-11T18:00:00.000Z
sensor.camera_e_umidita,43.13499405833333,2026-07-11T19:00:00.000Z
sensor.camera_e_umidita,44.512765204000004,2026-07-11T20:00:00.000Z
sensor.camera_e_umidita,46.052554011611115,2026-07-11T21:00:00.000Z
sensor.camera_e_umidita,47.2594118385,2026-07-11T22:00:00.000Z
sensor.camera_e_umidita,47.91559346755556,2026-07-11T23:00:00.000Z
sensor.camera_e_umidita,48.186726923694444,2026-07-12T00:00:00.000Z
sensor.camera_e_umidita,49.58488169191667,2026-07-12T01:00:00.000Z
sensor.camera_e_umidita,50.801445315416665,2026-07-12T02:00:00.000Z
sensor.camera_e_umidita,50.09512017916666,2026-07-12T03:00:00.000Z
sensor.camera_e_umidita,50.44956686411111,2026-07-12T04:00:00.000Z
sensor.camera_e_umidita,50.31630709425,2026-07-12T05:00:00.000Z
sensor.camera_e_umidita,51.16913833588888,2026-07-12T06:00:00.000Z
sensor.camera_e_umidita,51.01098119419444,2026-07-12T07:00:00.000Z
sensor.camera_e_umidita,51.74328013063889,2026-07-12T08:00:00.000Z
sensor.camera_e_umidita,52.22781698366666,2026-07-12T09:00:00.000Z
sensor.camera_e_umidita,52.25298617477778,2026-07-12T10:00:00.000Z
sensor.camera_e_umidita,51.141272630833335,2026-07-12T11:00:00.000Z
sensor.camera_e_umidita,51.14526950630556,2026-07-12T12:00:00.000Z
sensor.camera_e_umidita,50.29044295811111,2026-07-12T13:00:00.000Z
sensor.camera_e_umidita,49.19194659508333,2026-07-12T14:00:00.000Z
sensor.camera_e_umidita,49.05966199961111,2026-07-12T15:00:00.000Z
sensor.camera_e_umidita,48.66061556066666,2026-07-12T16:00:00.000Z
sensor.camera_e_umidita,48.21516386241667,2026-07-12T17:00:00.000Z
sensor.camera_e_umidita,47.734903962416666,2026-07-12T18:00:00.000Z
sensor.camera_e_umidita,48.173162054888884,2026-07-12T19:00:00.000Z
sensor.camera_e_umidita,49.958128056861106,2026-07-12T20:00:00.000Z
sensor.camera_e_umidita,48.45022312719445,2026-07-12T21:00:00.000Z
sensor.camera_e_umidita,49.073117786611114,2026-07-12T22:00:00.000Z
sensor.camera_e_umidita,50.99682490016667,2026-07-12T23:00:00.000Z
sensor.camera_e_umidita,52.62052892980555,2026-07-13T00:00:00.000Z
sensor.camera_e_umidita,53.057721750750005,2026-07-13T01:00:00.000Z
sensor.camera_e_umidita,53.175234271777775,2026-07-13T02:00:00.000Z
sensor.camera_e_umidita,53.35266711547222,2026-07-13T03:00:00.000Z
sensor.camera_e_umidita,53.20194110475,2026-07-13T04:00:00.000Z
sensor.camera_e_umidita,52.88282720569444,2026-07-13T05:00:00.000Z
sensor.camera_e_umidita,52.95278623872222,2026-07-13T06:00:00.000Z
sensor.camera_e_umidita,53.22288892825,2026-07-13T07:00:00.000Z
sensor.camera_e_umidita,53.45306331341666,2026-07-13T08:00:00.000Z
sensor.camera_e_umidita,52.81146823447222,2026-07-13T09:00:00.000Z
sensor.camera_e_umidita,51.71888567916667,2026-07-13T10:00:00.000Z
sensor.camera_e_umidita,50.91957742955555,2026-07-13T11:00:00.000Z
sensor.camera_e_umidita,50.803908035472226,2026-07-13T12:00:00.000Z
sensor.camera_e_umidita,50.618328373555556,2026-07-13T13:00:00.000Z
sensor.camera_e_umidita,51.314405307777776,2026-07-13T14:00:00.000Z
sensor.camera_e_umidita,51.00332000861112,2026-07-13T15:00:00.000Z
sensor.camera_e_umidita,51.37519062827778,2026-07-13T16:00:00.000Z
sensor.camera_e_umidita,51.54179677283333,2026-07-13T17:00:00.000Z
sensor.camera_e_umidita,51.17996574233334,2026-07-13T18:00:00.000Z
sensor.camera_e_umidita,50.464823011861114,2026-07-13T19:00:00.000Z
sensor.camera_e_umidita,49.821594379472224,2026-07-13T20:00:00.000Z
sensor.camera_e_umidita,51.11996425725,2026-07-13T21:00:00.000Z
sensor.camera_e_umidita,51.914723368000004,2026-07-13T22:00:00.000Z
sensor.camera_e_umidita,52.01228855077778,2026-07-13T23:00:00.000Z
sensor.camera_e_umidita,51.372580466222225,2026-07-14T00:00:00.000Z
sensor.camera_e_umidita,51.44689926688889,2026-07-14T01:00:00.000Z
sensor.camera_e_umidita,52.34909030977778,2026-07-14T02:00:00.000Z
sensor.camera_e_umidita,52.692245817583334,2026-07-14T03:00:00.000Z
sensor.camera_e_umidita,53.469576767138896,2026-07-14T04:00:00.000Z
sensor.camera_e_umidita,54.073997457055555,2026-07-14T05:00:00.000Z
sensor.camera_e_umidita,55.17332909936112,2026-07-14T06:00:00.000Z
sensor.camera_e_umidita,56.35456253708333,2026-07-14T07:00:00.000Z
sensor.camera_e_umidita,56.10326698936111,2026-07-14T08:00:00.000Z
sensor.camera_e_umidita,54.77220506611112,2026-07-14T09:00:00.000Z
sensor.camera_e_umidita,52.64070759511111,2026-07-14T10:00:00.000Z
sensor.camera_e_umidita,53.003958890388894,2026-07-14T11:00:00.000Z
sensor.camera_e_umidita,53.919946956277784,2026-07-14T12:00:00.000Z
sensor.camera_e_umidita,53.740128536638885,2026-07-14T13:00:00.000Z
sensor.camera_e_umidita,53.30399333808334,2026-07-14T14:00:00.000Z
sensor.camera_e_umidita,53.21872666080555,2026-07-14T15:00:00.000Z
sensor.camera_e_umidita,53.08963868422222,2026-07-14T16:00:00.000Z
sensor.camera_e_umidita,52.804128301472225,2026-07-14T17:00:00.000Z
sensor.camera_e_umidita,51.64925343877778,2026-07-14T18:00:00.000Z
sensor.camera_e_umidita,50.07908667205555,2026-07-14T19:00:00.000Z
sensor.camera_e_umidita,50.533247703861115,2026-07-14T20:00:00.000Z
sensor.camera_e_umidita,51.48377200625,2026-07-14T21:00:00.000Z
sensor.camera_e_umidita,51.73510481900001,2026-07-14T22:00:00.000Z
sensor.camera_e_umidita,51.99834216883334,2026-07-14T23:00:00.000Z
sensor.camera_e_umidita,51.812372888,2026-07-15T00:00:00.000Z
sensor.camera_e_umidita,51.110827118777785,2026-07-15T01:00:00.000Z
sensor.camera_e_umidita,50.09656214002778,2026-07-15T02:00:00.000Z
sensor.camera_e_umidita,50.539226239444446,2026-07-15T03:00:00.000Z
sensor.camera_e_umidita,50.65614624977778,2026-07-15T04:00:00.000Z
sensor.camera_e_umidita,51.06316688902778,2026-07-15T05:00:00.000Z
sensor.camera_e_umidita,52.07386257591667,2026-07-15T06:00:00.000Z
sensor.camera_e_umidita,52.4,2026-07-15T07:00:00.000Z
sensor.camera_e_umidita,52.36644507436111,2026-07-15T08:00:00.000Z
sensor.camera_e_umidita,52.50377694588889,2026-07-15T09:00:00.000Z
sensor.camera_e_umidita,52.57838610383334,2026-07-15T10:00:00.000Z
sensor.camera_e_umidita,53.23623990227778,2026-07-15T11:00:00.000Z
sensor.camera_e_umidita,53.607946663444444,2026-07-15T12:00:00.000Z
sensor.camera_e_umidita,53.63255749691667,2026-07-15T13:00:00.000Z
sensor.camera_e_umidita,53.64011913033334,2026-07-15T14:00:00.000Z
sensor.camera_e_umidita,53.596070323166664,2026-07-15T15:00:00.000Z
sensor.camera_e_umidita,53.88061363161111,2026-07-15T16:00:00.000Z
sensor.camera_e_umidita,53.44327639091667,2026-07-15T17:00:00.000Z
sensor.camera_e_umidita,53.17529754905556,2026-07-15T18:00:00.000Z
sensor.camera_e_umidita,53.12638817472222,2026-07-15T19:00:00.000Z
sensor.camera_e_umidita,53.85226268847222,2026-07-15T20:00:00.000Z
sensor.camera_e_umidita,54.59390676277778,2026-07-15T21:00:00.000Z
sensor.camera_e_umidita,55.588287284138886,2026-07-15T22:00:00.000Z
sensor.camera_e_umidita,56.670825665749994,2026-07-15T23:00:00.000Z
sensor.camera_e_umidita,56.44340455211111,2026-07-16T00:00:00.000Z
sensor.camera_e_umidita,55.96351159030556,2026-07-16T01:00:00.000Z
sensor.camera_e_umidita,55.77821087522222,2026-07-16T02:00:00.000Z
sensor.camera_e_umidita,55.80565221588889,2026-07-16T03:00:00.000Z
sensor.camera_e_umidita,55.39851476605556,2026-07-16T04:00:00.000Z
sensor.camera_e_umidita,54.68443377883333,2026-07-16T05:00:00.000Z
sensor.camera_e_umidita,54.228420517694445,2026-07-16T06:00:00.000Z
sensor.camera_e_umidita,53.25323074297222,2026-07-16T07:00:00.000Z
sensor.camera_e_umidita,52.707342043055554,2026-07-16T08:00:00.000Z
sensor.camera_e_umidita,52.5,2026-07-16T09:00:00.000Z
sensor.camera_e_umidita,52.7,2026-07-16T10:00:00.000Z
sensor.camera_e_umidita,53.047649228750004,2026-07-16T11:00:00.000Z
sensor.camera_e_umidita,53.066446124833334,2026-07-16T12:00:00.000Z
sensor.camera_e_umidita,52.79961614369444,2026-07-16T13:00:00.000Z
sensor.camera_e_umidita,52.84465002322222,2026-07-16T14:00:00.000Z
sensor.camera_e_umidita,52.883214094833335,2026-07-16T15:00:00.000Z
sensor.camera_e_umidita,52.854396657416665,2026-07-16T16:00:00.000Z
sensor.camera_e_umidita,52.57291106158333,2026-07-16T17:00:00.000Z
sensor.camera_e_umidita,53.43346298730555,2026-07-16T18:00:00.000Z
sensor.camera_e_umidita,54.50226681477778,2026-07-16T19:00:00.000Z
sensor.camera_e_umidita,55.25865792736111,2026-07-16T20:00:00.000Z
sensor.camera_e_umidita,56.872308561416666,2026-07-16T21:00:00.000Z
sensor.camera_e_umidita,57.42415866652778,2026-07-16T22:00:00.000Z
sensor.camera_e_umidita,57.89866509630556,2026-07-16T23:00:00.000Z
sensor.camera_e_umidita,57.661735310638896,2026-07-17T00:00:00.000Z
sensor.camera_e_umidita,57.318079286,2026-07-17T01:00:00.000Z
sensor.camera_e_umidita,57.22693110294444,2026-07-17T02:00:00.000Z
sensor.camera_e_umidita,57.54607736230556,2026-07-17T03:00:00.000Z
sensor.camera_e_umidita,54.54164621663889,2026-07-17T04:00:00.000Z
sensor.camera_e_umidita,54.415808492416666,2026-07-17T05:00:00.000Z
sensor.camera_e_umidita,56.72510250886111,2026-07-17T06:00:00.000Z
sensor.camera_e_umidita,57.28465110738889,2026-07-17T07:00:00.000Z
sensor.camera_e_umidita,57.017835752111104,2026-07-17T08:00:00.000Z
sensor.camera_e_umidita,55.20254897977778,2026-07-17T09:00:00.000Z
sensor.camera_e_umidita,54.517258055388886,2026-07-17T10:00:00.000Z
sensor.camera_e_umidita,54.07900809561111,2026-07-17T11:00:00.000Z
sensor.camera_e_umidita,54.536985686916665,2026-07-17T12:00:00.000Z
sensor.camera_e_umidita,54.719301644527775,2026-07-17T13:00:00.000Z
sensor.camera_e_umidita,53.742768656972224,2026-07-17T14:00:00.000Z
sensor.camera_e_umidita,53.87748462966667,2026-07-17T15:00:00.000Z
sensor.camera_e_umidita,54.06705363875,2026-07-17T16:00:00.000Z
sensor.camera_e_umidita,54.507565736833335,2026-07-17T17:00:00.000Z
sensor.camera_e_umidita,55.74145624238889,2026-07-17T18:00:00.000Z
sensor.camera_e_umidita,57.22709405450001,2026-07-17T19:00:00.000Z
sensor.camera_e_umidita,58.078605203749994,2026-07-17T20:00:00.000Z
sensor.camera_e_umidita,58.18444045291667,2026-07-17T21:00:00.000Z
sensor.camera_e_umidita,57.63785036272222,2026-07-17T22:00:00.000Z
sensor.camera_e_umidita,59.19974131713889,2026-07-17T23:00:00.000Z
sensor.camera_e_umidita,58.98124887222222,2026-07-18T00:00:00.000Z
sensor.camera_e_umidita,58.98585259275001,2026-07-18T01:00:00.000Z
sensor.camera_e_umidita,58.306207767555556,2026-07-18T02:00:00.000Z
sensor.camera_e_umidita,58.900283598972216,2026-07-18T03:00:00.000Z
sensor.camera_e_umidita,59.39981356208333,2026-07-18T04:00:00.000Z
sensor.camera_e_umidita,58.83920507911111,2026-07-18T05:00:00.000Z
sensor.camera_e_umidita,57.729037609555554,2026-07-18T06:00:00.000Z
sensor.camera_e_umidita,57.40787924405555,2026-07-18T07:00:00.000Z
sensor.camera_e_umidita,58.21474138308333,2026-07-18T08:00:00.000Z
sensor.camera_e_umidita,58.837701921805554,2026-07-18T09:00:00.000Z
sensor.camera_e_umidita,58.817473670138895,2026-07-18T10:00:00.000Z
sensor.camera_e_umidita,57.99719620525,2026-07-18T11:00:00.000Z
sensor.camera_e_umidita,57.72164966597222,2026-07-18T12:00:00.000Z
sensor.camera_e_umidita,55.213290074250004,2026-07-18T13:00:00.000Z
sensor.camera_e_umidita,51.43449129311111,2026-07-18T14:00:00.000Z
sensor.camera_e_umidita,47.486501196527776,2026-07-18T15:00:00.000Z
sensor.camera_e_umidita,46.699834172694445,2026-07-18T16:00:00.000Z
sensor.camera_e_umidita,46.18388030944445,2026-07-18T17:00:00.000Z
sensor.camera_e_umidita,45.792233856083335,2026-07-18T18:00:00.000Z
sensor.camera_e_umidita,46.222104900666665,2026-07-18T19:00:00.000Z
sensor.camera_e_umidita,46.856124933833335,2026-07-18T20:00:00.000Z
sensor.camera_e_umidita,51.54271510666666,2026-07-18T21:00:00.000Z
sensor.camera_e_umidita,53.38892280808333,2026-07-18T22:00:00.000Z
sensor.camera_e_umidita,49.57966292141666,2026-07-18T23:00:00.000Z
sensor.camera_e_umidita,48.82207759972223,2026-07-19T00:00:00.000Z
sensor.camera_e_umidita,48.97256372155556,2026-07-19T01:00:00.000Z
sensor.camera_e_umidita,48.90425916963889,2026-07-19T02:00:00.000Z
sensor.camera_e_umidita,45.67727937280555,2026-07-19T03:00:00.000Z
sensor.camera_e_umidita,49.513247204972224,2026-07-19T04:00:00.000Z
sensor.camera_e_umidita,51.12139747036111,2026-07-19T05:00:00.000Z
sensor.camera_e_umidita,51.89907412783333,2026-07-19T06:00:00.000Z
sensor.camera_e_umidita,52.31671659613889,2026-07-19T07:00:00.000Z
sensor.camera_e_umidita,52.31416926711111,2026-07-19T08:00:00.000Z
sensor.camera_e_umidita,51.57115154655556,2026-07-19T09:00:00.000Z
sensor.camera_e_umidita,50.19346767813889,2026-07-19T10:00:00.000Z
sensor.camera_e_umidita,50.304426437472216,2026-07-19T11:00:00.000Z
sensor.camera_e_umidita,49.72839946766666,2026-07-19T12:00:00.000Z
sensor.camera_e_umidita,49.53994836586111,2026-07-19T13:00:00.000Z
sensor.camera_e_umidita,49.15092535791666,2026-07-19T14:00:00.000Z
sensor.camera_e_umidita,48.18777403533333,2026-07-19T15:00:00.000Z
sensor.camera_e_umidita,47.51612625794445,2026-07-19T16:00:00.000Z
sensor.camera_e_umidita,47.036048371722224,2026-07-19T17:00:00.000Z
sensor.camera_e_umidita,45.84101112219445,2026-07-19T18:00:00.000Z
sensor.camera_e_umidita,44.77593192458334,2026-07-19T19:00:00.000Z
sensor.camera_e_umidita,47.99624491097222,2026-07-19T20:00:00.000Z
sensor.camera_e_umidita,48.69655363352778,2026-07-19T21:00:00.000Z
sensor.camera_e_umidita,38.88525855699999,2026-07-19T22:00:00.000Z
sensor.camera_e_umidita,39.14442269586112,2026-07-19T23:00:00.000Z
sensor.camera_e_umidita,39.63665736261111,2026-07-20T00:00:00.000Z
sensor.camera_e_umidita,40.031162364277776,2026-07-20T01:00:00.000Z
sensor.camera_e_umidita,40.70141101688889,2026-07-20T02:00:00.000Z
sensor.camera_e_umidita,43.93764120708334,2026-07-20T03:00:00.000Z
sensor.camera_e_umidita,49.040218517,2026-07-20T04:00:00.000Z
sensor.camera_e_umidita,52.83036612997222,2026-07-20T05:00:00.000Z
sensor.camera_e_umidita,55.904684984999996,2026-07-20T06:00:00.000Z
sensor.camera_e_umidita,56.7419373441389,2026-07-20T07:00:00.000Z
sensor.camera_e_umidita,56.7080066535,2026-07-20T08:00:00.000Z
sensor.camera_e_umidita,56.633349954277776,2026-07-20T09:00:00.000Z
sensor.camera_e_umidita,55.92330513988889,2026-07-20T10:00:00.000Z
sensor.camera_e_umidita,54.91073956727777,2026-07-20T11:00:00.000Z
sensor.camera_e_umidita,53.823798901555556,2026-07-20T12:00:00.000Z
sensor.camera_e_umidita,52.83443665630556,2026-07-20T13:00:00.000Z
sensor.camera_e_umidita,52.16428724311111,2026-07-20T14:00:00.000Z
sensor.camera_e_umidita,51.832918045861106,2026-07-20T15:00:00.000Z
sensor.camera_e_umidita,51.76833579941666,2026-07-20T16:00:00.000Z
sensor.camera_e_umidita,51.4077393065,2026-07-20T17:00:00.000Z
sensor.camera_e_umidita,51.138111046194446,2026-07-20T18:00:00.000Z
sensor.camera_e_umidita,51.18315495955556,2026-07-20T19:00:00.000Z
sensor.camera_e_umidita,51.50704706469444,2026-07-20T20:00:00.000Z
sensor.camera_e_umidita,51.95410383805555,2026-07-20T21:00:00.000Z
sensor.camera_e_umidita,52.83110441572222,2026-07-20T22:00:00.000Z
sensor.camera_e_umidita,53.20000000000001,2026-07-20T23:00:00.000Z
sensor.camera_e_umidita,53.20000000000001,2026-07-21T00:00:00.000Z
sensor.camera_e_umidita,53.17484037469445,2026-07-21T01:00:00.000Z
sensor.camera_e_umidita,53.13015759816667,2026-07-21T02:00:00.000Z
sensor.camera_e_umidita,52.53236030055556,2026-07-21T03:00:00.000Z
sensor.camera_e_umidita,52.04930782052778,2026-07-21T04:00:00.000Z
sensor.camera_e_umidita,52.95609439641667,2026-07-21T05:00:00.000Z
sensor.camera_e_umidita,52.94574061955556,2026-07-21T06:00:00.000Z
sensor.camera_e_umidita,52.31931813952778,2026-07-21T07:00:00.000Z
sensor.camera_e_umidita,51.77538834558334,2026-07-21T08:00:00.000Z
sensor.camera_e_umidita,51.48777675605555,2026-07-21T09:00:00.000Z
sensor.camera_e_umidita,51.62516805527778,2026-07-21T10:00:00.000Z
sensor.camera_e_umidita,51.53805934141667,2026-07-21T11:00:00.000Z
sensor.camera_e_umidita,51.411228330361105,2026-07-21T12:00:00.000Z
sensor.camera_e_umidita,51.21099433827778,2026-07-21T13:00:00.000Z
sensor.camera_e_umidita,50.93191673194445,2026-07-21T14:00:00.000Z
sensor.camera_e_umidita,50.92546810836111,2026-07-21T15:00:00.000Z
sensor.camera_e_umidita,51.04157869936111,2026-07-21T16:00:00.000Z
sensor.camera_e_umidita,51.033917287388896,2026-07-21T17:00:00.000Z
sensor.camera_e_umidita,51.098971705694446,2026-07-21T18:00:00.000Z
sensor.camera_e_umidita,51.385447323305556,2026-07-21T19:00:00.000Z
sensor.camera_e_umidita,51.29252072819444,2026-07-21T20:00:00.000Z
sensor.camera_e_umidita,49.886252299,2026-07-21T21:00:00.000Z
sensor.camera_e_umidita,50.84051105183334,2026-07-21T22:00:00.000Z
sensor.camera_e_umidita,51.82179409397222,2026-07-21T23:00:00.000Z
sensor.camera_e_umidita,51.83659314341667,2026-07-22T00:00:00.000Z
sensor.camera_e_umidita,52.16074086416666,2026-07-22T01:00:00.000Z
sensor.camera_e_umidita,51.768367349888884,2026-07-22T02:00:00.000Z
sensor.camera_e_umidita,50.25920201397222,2026-07-22T03:00:00.000Z
sensor.camera_e_umidita,50.06709422341667,2026-07-22T04:00:00.000Z
sensor.camera_e_umidita,49.97356778808333,2026-07-22T05:00:00.000Z
sensor.camera_e_umidita,50.58641442113889,2026-07-22T06:00:00.000Z
sensor.camera_e_umidita,50.930263984861114,2026-07-22T07:00:00.000Z
sensor.camera_e_umidita,51.185009237777784,2026-07-22T08:00:00.000Z
sensor.camera_e_umidita,50.907034365305556,2026-07-22T09:00:00.000Z
sensor.camera_e_umidita,50.04126215927778,2026-07-22T10:00:00.000Z
sensor.camera_e_umidita,49.354325081111114,2026-07-22T11:00:00.000Z
sensor.camera_e_umidita,48.64444821013888,2026-07-22T12:00:00.000Z
sensor.camera_e_umidita,47.95263226172222,2026-07-22T13:00:00.000Z
sensor.camera_e_umidita,47.42373800219445,2026-07-22T14:00:00.000Z
sensor.camera_e_umidita,46.81169651936111,2026-07-22T15:00:00.000Z
sensor.camera_e_umidita,46.449418025305555,2026-07-22T16:00:00.000Z
sensor.camera_e_umidita,45.926105999972215,2026-07-22T17:00:00.000Z
sensor.camera_e_umidita,45.81031370230556,2026-07-22T18:00:00.000Z
sensor.camera_e_umidita,45.950783397777776,2026-07-22T19:00:00.000Z
sensor.camera_e_umidita,46.043665516777786,2026-07-22T20:00:00.000Z
sensor.camera_e_umidita,45.36113329477778,2026-07-22T21:00:00.000Z
sensor.camera_e_umidita,45.657984365805554,2026-07-22T22:00:00.000Z
sensor.camera_e_umidita,46.83891800730556,2026-07-22T23:00:00.000Z
sensor.camera_e_umidita,47.89800576877778,2026-07-23T00:00:00.000Z
sensor.camera_e_umidita,48.31913455094445,2026-07-23T01:00:00.000Z
sensor.camera_e_umidita,48.34176758372222,2026-07-23T02:00:00.000Z
sensor.camera_e_umidita,47.513999136916674,2026-07-23T03:00:00.000Z
sensor.camera_e_umidita,47.05959464033333,2026-07-23T04:00:00.000Z
sensor.camera_e_umidita,47.667297130166666,2026-07-23T05:00:00.000Z
sensor.camera_e_umidita,47.82855804833333,2026-07-23T06:00:00.000Z
sensor.camera_e_umidita,48.22775469794444,2026-07-23T07:00:00.000Z
sensor.camera_e_umidita,45.78446812088888,2026-07-23T08:00:00.000Z
sensor.camera_e_umidita,44.487188115083335,2026-07-23T09:00:00.000Z
sensor.camera_e_umidita,44.25293998930556,2026-07-23T10:00:00.000Z
sensor.camera_e_umidita,45.74233317991667,2026-07-23T11:00:00.000Z
sensor.camera_e_umidita,45.96945954044444,2026-07-23T12:00:00.000Z
sensor.camera_e_umidita,45.331547855749996,2026-07-23T13:00:00.000Z
sensor.camera_e_umidita,45.438499256499995,2026-07-23T14:00:00.000Z
sensor.camera_e_umidita,45.518248095555556,2026-07-23T15:00:00.000Z
sensor.camera_e_umidita,45.7785711335,2026-07-23T16:00:00.000Z
sensor.camera_e_umidita,45.94207959702778,2026-07-23T17:00:00.000Z
sensor.camera_e_umidita,46.132625244749995,2026-07-23T18:00:00.000Z
sensor.camera_e_umidita,46.57084674516667,2026-07-23T19:00:00.000Z
sensor.camera_e_umidita,46.93889182388889,2026-07-23T20:00:00.000Z
sensor.camera_e_umidita,47.53247879294444,2026-07-23T21:00:00.000Z
sensor.camera_e_umidita,49.788700195888886,2026-07-23T22:00:00.000Z
sensor.camera_e_umidita,50.16430966233333,2026-07-23T23:00:00.000Z
sensor.camera_e_umidita,50.12517690408333,2026-07-24T00:00:00.000Z
sensor.camera_e_umidita,49.75098186866666,2026-07-24T01:00:00.000Z
sensor.camera_e_umidita,47.373594945583335,2026-07-24T02:00:00.000Z
sensor.camera_e_umidita,47.840816670472215,2026-07-24T03:00:00.000Z
sensor.camera_e_umidita,48.11661089772222,2026-07-24T04:00:00.000Z
sensor.camera_e_umidita,46.96235623669444,2026-07-24T05:00:00.000Z
sensor.camera_e_umidita,47.711877402999995,2026-07-24T06:00:00.000Z
sensor.camera_e_umidita,48.45083564008333,2026-07-24T07:00:00.000Z
sensor.camera_e_umidita,48.66612715177778,2026-07-24T08:00:00.000Z
sensor.camera_e_umidita,49.43431863938889,2026-07-24T09:00:00.000Z
sensor.camera_e_umidita,50.082650832944445,2026-07-24T10:00:00.000Z
sensor.camera_e_umidita,50.54003980191666,2026-07-24T11:00:00.000Z
sensor.camera_e_umidita,49.871801196027775,2026-07-24T12:00:00.000Z
sensor.camera_e_umidita,48.40511872016666,2026-07-24T13:00:00.000Z
sensor.camera_e_umidita,47.72521415844445,2026-07-24T14:00:00.000Z
sensor.camera_e_umidita,46.83919212455555,2026-07-24T15:00:00.000Z
sensor.camera_e_umidita,46.56681849122222,2026-07-24T16:00:00.000Z
sensor.camera_e_umidita,46.071121559805555,2026-07-24T17:00:00.000Z
sensor.camera_e_umidita,45.93354861561111,2026-07-24T18:00:00.000Z
sensor.camera_e_umidita,45.95722193816667,2026-07-24T19:00:00.000Z
sensor.camera_e_umidita,46.59483132969444,2026-07-24T20:00:00.000Z
sensor.camera_e_umidita,46.078464866694446,2026-07-24T21:00:00.000Z
sensor.camera_e_umidita,45.02791075180556,2026-07-24T22:00:00.000Z
sensor.camera_e_umidita,45.29719262036111,2026-07-24T23:00:00.000Z
sensor.camera_e_umidita,45.59330813961111,2026-07-25T00:00:00.000Z
sensor.camera_e_umidita,44.832414308527774,2026-07-25T01:00:00.000Z
sensor.camera_e_umidita,43.77058660786111,2026-07-25T02:00:00.000Z
sensor.camera_e_umidita,43.15401913513889,2026-07-25T03:00:00.000Z
sensor.camera_e_umidita,43.42189136299999,2026-07-25T04:00:00.000Z
sensor.camera_e_umidita,44.334325019,2026-07-25T05:00:00.000Z
sensor.camera_e_umidita,44.89171898422222,2026-07-25T06:00:00.000Z
sensor.camera_e_umidita,45.581776286444445,2026-07-25T07:00:00.000Z
sensor.camera_e_umidita,42.37595798305556,2026-07-25T08:00:00.000Z
sensor.camera_e_umidita,39.727493012194444,2026-07-25T09:00:00.000Z
sensor.camera_e_umidita,38.42058707225,2026-07-25T10:00:00.000Z
sensor.camera_e_umidita,39.33775954708333,2026-07-25T11:00:00.000Z
sensor.camera_e_umidita,39.03451165733333,2026-07-25T12:00:00.000Z
sensor.camera_e_umidita,38.46658622080555,2026-07-25T13:00:00.000Z
sensor.camera_e_umidita,38.36819696475,2026-07-25T14:00:00.000Z
sensor.camera_e_umidita,38.930407809444446,2026-07-25T15:00:00.000Z
sensor.camera_e_umidita,40.22654012325,2026-07-25T16:00:00.000Z
sensor.camera_e_umidita,40.879889281527774,2026-07-25T17:00:00.000Z
sensor.camera_e_umidita,41.457155231277774,2026-07-25T18:00:00.000Z
sensor.camera_e_umidita,42.07532419163889,2026-07-25T19:00:00.000Z
sensor.camera_e_umidita,42.971380146305556,2026-07-25T20:00:00.000Z
sensor.camera_e_umidita,45.44913866305556,2026-07-25T21:00:00.000Z
sensor.camera_e_umidita,46.450804692611115,2026-07-25T22:00:00.000Z
sensor.camera_e_umidita,45.65744304933333,2026-07-25T23:00:00.000Z
sensor.camera_e_umidita,46.345872722888885,2026-07-26T00:00:00.000Z
sensor.camera_e_umidita,47.95827716761111,2026-07-26T01:00:00.000Z
sensor.camera_e_umidita,48.610966724916665,2026-07-26T02:00:00.000Z
sensor.camera_e_umidita,48.410957934277775,2026-07-26T03:00:00.000Z
sensor.camera_e_umidita,48.87672625961111,2026-07-26T04:00:00.000Z
sensor.camera_e_umidita,49.76606514455555,2026-07-26T05:00:00.000Z
sensor.camera_e_umidita,51.10247384758333,2026-07-26T06:00:00.000Z
sensor.camera_e_umidita,50.40953677411111,2026-07-26T07:00:00.000Z
sensor.camera_e_umidita,50.28261896125,2026-07-26T08:00:00.000Z
sensor.camera_e_umidita,50.26982456127778,2026-07-26T09:00:00.000Z
sensor.camera_e_umidita,51.12846036463889,2026-07-26T10:00:00.000Z
sensor.camera_e_umidita,50.318875807666664,2026-07-26T11:00:00.000Z
sensor.camera_e_umidita,49.49957412127778,2026-07-26T12:00:00.000Z
sensor.camera_e_umidita,49.31394860066666,2026-07-26T13:00:00.000Z
sensor.camera_e_umidita,49.83263983522222,2026-07-26T14:00:00.000Z
sensor.camera_e_umidita,48.74773169211111,2026-07-26T15:00:00.000Z
sensor.camera_e_umidita,46.949747858555554,2026-07-26T16:00:00.000Z
sensor.camera_e_umidita,45.719639003999994,2026-07-26T17:00:00.000Z
sensor.camera_e_umidita,48.27786227097223,2026-07-26T18:00:00.000Z
sensor.camera_e_umidita,50.25057718647222,2026-07-26T19:00:00.000Z
sensor.camera_e_umidita,50.4131797385,2026-07-26T20:00:00.000Z
sensor.camera_e_umidita,50.462572066722224,2026-07-26T21:00:00.000Z
sensor.camera_e_umidita,51.19500996386111,2026-07-26T22:00:00.000Z
sensor.camera_e_umidita,52.09219501297222,2026-07-26T23:00:00.000Z
sensor.camera_e_umidita,52.74988104494444,2026-07-27T00:00:00.000Z
sensor.camera_e_umidita,53.13438936208333,2026-07-27T01:00:00.000Z
sensor.camera_e_umidita,52.92417340844444,2026-07-27T02:00:00.000Z
sensor.camera_e_umidita,52.88363082902777,2026-07-27T03:00:00.000Z
sensor.camera_e_umidita,52.71292258855556,2026-07-27T04:00:00.000Z
sensor.camera_e_umidita,52.616377442444445,2026-07-27T05:00:00.000Z
sensor.camera_e_umidita,52.93973379458333,2026-07-27T06:00:00.000Z
sensor.camera_e_umidita,53.37265936927778,2026-07-27T07:00:00.000Z
sensor.camera_e_umidita,53.964089133638886,2026-07-27T08:00:00.000Z
sensor.camera_e_umidita,54.13248754266667,2026-07-27T09:00:00.000Z
sensor.camera_e_umidita,54.57297459316666,2026-07-27T10:00:00.000Z
sensor.camera_e_umidita,55.03630809711111,2026-07-27T11:00:00.000Z
sensor.camera_e_umidita,55.20297997058333,2026-07-27T12:00:00.000Z
sensor.camera_e_umidita,53.38099838080556,2026-07-27T13:00:00.000Z
sensor.camera_e_umidita,46.80777937252778,2026-07-27T14:00:00.000Z
sensor.camera_e_umidita,43.278519238,2026-07-27T15:00:00.000Z
sensor.camera_e_umidita,42.41095330847222,2026-07-27T16:00:00.000Z
sensor.camera_e_umidita,40.97516144527778,2026-07-27T17:00:00.000Z
sensor.camera_e_umidita,39.56478128613889,2026-07-27T18:00:00.000Z
sensor.camera_e_umidita,40.184337050361115,2026-07-27T19:00:00.000Z
sensor.camera_e_umidita,40.962603148444444,2026-07-27T20:00:00.000Z
sensor.camera_e_umidita,44.803914119055555,2026-07-27T21:00:00.000Z
sensor.camera_e_umidita,50.63653013444445,2026-07-27T22:00:00.000Z
sensor.camera_e_umidita,52.975362170277776,2026-07-27T23:00:00.000Z
sensor.camera_e_umidita,54.00981514419445,2026-07-28T00:00:00.000Z
sensor.camera_e_umidita,53.376679384333336,2026-07-28T01:00:00.000Z
sensor.camera_e_umidita,53.62078678630556,2026-07-28T02:00:00.000Z
sensor.camera_e_umidita,54.28408697063889,2026-07-28T03:00:00.000Z
sensor.camera_e_umidita,54.72151825672222,2026-07-28T04:00:00.000Z
sensor.camera_e_umidita,53.86431252744445,2026-07-28T05:00:00.000Z
sensor.camera_e_umidita,53.83068792741667,2026-07-28T06:00:00.000Z
sensor.camera_e_umidita,55.64731996180556,2026-07-28T07:00:00.000Z
sensor.camera_e_umidita,57.663324290944445,2026-07-28T08:00:00.000Z
sensor.camera_e_umidita,58.35479217438888,2026-07-28T09:00:00.000Z
sensor.camera_e_umidita,58.52747151016666,2026-07-28T10:00:00.000Z
sensor.camera_e_umidita,58.23113036372222,2026-07-28T11:00:00.000Z
sensor.camera_e_umidita,57.81945796247222,2026-07-28T12:00:00.000Z
sensor.camera_e_umidita,56.78491752969445,2026-07-28T13:00:00.000Z
sensor.camera_e_umidita,55.57438984358333,2026-07-28T14:00:00.000Z
sensor.camera_e_umidita,54.92741106444444,2026-07-28T15:00:00.000Z
sensor.camera_e_umidita,53.649631065638886,2026-07-28T16:00:00.000Z
sensor.camera_e_umidita,52.59042545119444,2026-07-28T17:00:00.000Z
sensor.camera_e_umidita,52.04890671472222,2026-07-28T18:00:00.000Z
sensor.camera_e_umidita,52.55426011075,2026-07-28T19:00:00.000Z
sensor.camera_e_umidita,53.585019090833335,2026-07-28T20:00:00.000Z
sensor.camera_e_umidita,53.82574586580555,2026-07-28T21:00:00.000Z
sensor.camera_e_umidita,53.85442201458333,2026-07-28T22:00:00.000Z
sensor.camera_e_umidita,54.18618064958334,2026-07-28T23:00:00.000Z
sensor.camera_e_umidita,54.9540011635,2026-07-29T00:00:00.000Z
sensor.camera_e_umidita,55.65519370475,2026-07-29T01:00:00.000Z
sensor.camera_e_umidita,56.18705955380555,2026-07-29T02:00:00.000Z
sensor.camera_e_umidita,56.338433620055554,2026-07-29T03:00:00.000Z
sensor.camera_e_umidita,56.384713076333334,2026-07-29T04:00:00.000Z
sensor.camera_e_umidita,56.59471985352778,2026-07-29T05:00:00.000Z
sensor.camera_e_umidita,57.06431902130556,2026-07-29T06:00:00.000Z
sensor.camera_e_umidita,57.700658333,2026-07-29T07:00:00.000Z
sensor.camera_e_umidita,56.94464187058333,2026-07-29T08:00:00.000Z
sensor.camera_e_umidita,56.082995198472226,2026-07-29T09:00:00.000Z
sensor.camera_e_umidita,56.19926599775,2026-07-29T10:00:00.000Z
sensor.camera_e_umidita,56.85645270719444,2026-07-29T11:00:00.000Z
sensor.camera_e_umidita,56.57966610780556,2026-07-29T12:00:00.000Z
sensor.camera_e_umidita,55.84854547438889,2026-07-29T13:00:00.000Z
sensor.camera_e_umidita,55.27449970855556,2026-07-29T14:00:00.000Z
sensor.camera_e_umidita,54.89911981138889,2026-07-29T15:00:00.000Z
sensor.camera_e_umidita,53.94869983047223,2026-07-29T16:00:00.000Z
sensor.camera_e_umidita,53.477663243222224,2026-07-29T17:00:00.000Z
sensor.camera_e_umidita,53.47338646275,2026-07-29T18:00:00.000Z
sensor.camera_e_umidita,53.33136170075,2026-07-29T19:00:00.000Z
sensor.camera_e_umidita,53.644064217111115,2026-07-29T20:00:00.000Z
sensor.camera_e_umidita,54.576911707111115,2026-07-29T21:00:00.000Z
sensor.camera_e_umidita,55.69442295444444,2026-07-29T22:00:00.000Z
sensor.camera_e_umidita,56.221721456611114,2026-07-29T23:00:00.000Z
sensor.camera_e_umidita,56.98327214697222,2026-07-30T00:00:00.000Z
sensor.camera_e_umidita,57.092809540055555,2026-07-30T01:00:00.000Z
sensor.camera_e_umidita,57.38412133755555,2026-07-30T02:00:00.000Z
sensor.camera_e_umidita,56.89345919155556,2026-07-30T03:00:00.000Z
sensor.camera_e_umidita,55.92824368805555,2026-07-30T04:00:00.000Z
sensor.camera_e_umidita,57.53790930280555,2026-07-30T05:00:00.000Z
sensor.camera_e_umidita,58.85807753494444,2026-07-30T06:00:00.000Z
sensor.camera_e_umidita,58.81188173994445,2026-07-30T07:00:00.000Z
sensor.camera_e_umidita,57.51813689736111,2026-07-30T08:00:00.000Z
sensor.camera_e_umidita,57.141077743000004,2026-07-30T09:00:00.000Z
sensor.camera_e_umidita,57.09143257461111,2026-07-30T10:00:00.000Z
sensor.camera_e_umidita,56.850366796972224,2026-07-30T11:00:00.000Z
sensor.camera_e_umidita,56.61930688397222,2026-07-30T12:00:00.000Z
sensor.camera_e_umidita,56.105876534777785,2026-07-30T13:00:00.000Z
sensor.camera_e_umidita,55.741476838000004,2026-07-30T14:00:00.000Z
sensor.camera_e_umidita,55.19397364319445,2026-07-30T15:00:00.000Z
sensor.camera_e_umidita,54.924880632,2026-07-30T16:00:00.000Z
sensor.camera_e_umidita,54.78363889055555,2026-07-30T17:00:00.000Z
sensor.camera_e_umidita,54.82545315466667,2026-07-30T18:00:00.000Z
sensor.camera_e_umidita,54.77384186658333,2026-07-30T19:00:00.000Z
sensor.camera_e_umidita,54.99637959602777,2026-07-30T20:00:00.000Z
sensor.camera_e_umidita,53.896793288,2026-07-30T21:00:00.000Z
sensor.camera_e_umidita,39.97890311288889,2026-07-30T22:00:00.000Z
sensor.camera_e_umidita,44.10675033519445,2026-07-30T23:00:00.000Z
sensor.camera_e_umidita,45.59461399494444,2026-07-31T00:00:00.000Z
sensor.camera_e_umidita,49.397585690166665,2026-07-31T01:00:00.000Z
sensor.camera_e_umidita,51.28126791236111,2026-07-31T02:00:00.000Z
sensor.camera_e_umidita,57.269949695916665,2026-07-31T03:00:00.000Z
sensor.camera_e_umidita,58.05926665797222,2026-07-31T04:00:00.000Z
sensor.camera_e_umidita,59.16899374386111,2026-07-31T05:00:00.000Z
sensor.camera_e_umidita,58.06988342611111,2026-07-31T06:00:00.000Z
sensor.camera_e_umidita,58.252141257861105,2026-07-31T07:00:00.000Z
sensor.camera_e_umidita,55.852493671611114,2026-07-31T08:00:00.000Z
sensor.camera_e_umidita,57.763801089611114,2026-07-31T09:00:00.000Z
sensor.camera_e_umidita,60.653567602833334,2026-07-31T10:00:00.000Z
sensor.camera_e_umidita,60.71679595738889,2026-07-31T11:00:00.000Z
sensor.camera_e_umidita,59.701306170972224,2026-07-31T12:00:00.000Z
sensor.camera_e_umidita,57.78304391452778,2026-07-31T13:00:00.000Z
sensor.camera_e_umidita,46.760294219083335,2026-07-31T14:00:00.000Z
sensor.camera_e_umidita,52.13437217577778,2026-07-31T15:00:00.000Z
sensor.camera_e_umidita,43.31533449455555,2026-07-31T16:00:00.000Z
sensor.camera_e_umidita,49.571351646833335,2026-07-31T17:00:00.000Z
sensor.camera_e_umidita,50.856461092888885,2026-07-31T18:00:00.000Z
sensor.camera_e_umidita,54.09671155155556,2026-07-31T19:00:00.000Z
sensor.camera_e_umidita,54.668300043777776,2026-07-31T20:00:00.000Z
sensor.camera_e_umidita,49.48785812330556,2026-07-31T21:00:00.000Z
sensor.camera_e_umidita,51.38062744047222,2026-07-31T22:00:00.000Z
sensor.camera_e_umidita,53.8438817135,2026-07-31T23:00:00.000Z
sensor.camera_e_umidita,57.71254102147222,2026-08-01T00:00:00.000Z
sensor.camera_e_umidita,59.45987800761111,2026-08-01T01:00:00.000Z
sensor.camera_e_umidita,58.70052897652778,2026-08-01T02:00:00.000Z
sensor.camera_e_umidita,58.624644098888886,2026-08-01T03:00:00.000Z
sensor.camera_e_umidita,58.33269058841666,2026-08-01T04:00:00.000Z
sensor.camera_e_umidita,59.514973258,2026-08-01T05:00:00.000Z
sensor.camera_e_umidita,58.799901380305556,2026-08-01T06:00:00.000Z
sensor.camera_e_umidita,60.37141754997222,2026-08-01T07:00:00.000Z
sensor.camera_e_umidita,59.42475594111111,2026-08-01T08:00:00.000Z
sensor.camera_e_umidita,59.26163701522222,2026-08-01T09:00:00.000Z
sensor.camera_e_umidita,59.73331735166667,2026-08-01T10:00:00.000Z
sensor.camera_e_umidita,60.736345120500005,2026-08-01T11:00:00.000Z
sensor.camera_e_umidita,59.58489324252778,2026-08-01T12:00:00.000Z
sensor.camera_e_umidita,58.594000892749996,2026-08-01T13:00:00.000Z
sensor.camera_e_umidita,57.312385327916665,2026-08-01T14:00:00.000Z
sensor.camera_e_umidita,56.340072096861114,2026-08-01T15:00:00.000Z
sensor.camera_e_umidita,55.02853974380556,2026-08-01T16:00:00.000Z
sensor.camera_e_umidita,54.11307187163889,2026-08-01T17:00:00.000Z
sensor.camera_e_umidita,53.98596486383334,2026-08-01T18:00:00.000Z
sensor.camera_e_umidita,54.01001634791667,2026-08-01T19:00:00.000Z
sensor.camera_e_umidita,54.367351682166664,2026-08-01T20:00:00.000Z
sensor.camera_e_umidita,53.569376325,2026-08-01T21:00:00.000Z
sensor.camera_e_umidita,52.65940112511111,2026-08-01T22:00:00.000Z
sensor.camera_e_umidita,52.247283108000005,2026-08-01T23:00:00.000Z
sensor.camera_e_umidita,52.24484140319444,2026-08-02T00:00:00.000Z
sensor.camera_e_umidita,52.50863131044445,2026-08-02T01:00:00.000Z
sensor.camera_e_umidita,52.57484747755555,2026-08-02T02:00:00.000Z
sensor.camera_e_umidita,52.48592244119445,2026-08-02T03:00:00.000Z
sensor.camera_e_umidita,52.412904187638894,2026-08-02T04:00:00.000Z
sensor.camera_e_umidita,52.73583786158333,2026-08-02T05:00:00.000Z
sensor.camera_e_umidita,52.79096500486111,2026-08-02T06:00:00.000Z
sensor.camera_e_umidita,52.66683700091667,2026-08-02T07:00:00.000Z
sensor.camera_e_umidita,52.90851010786111,2026-08-02T08:00:00.000Z
sensor.camera_e_umidita,53.007868105722224,2026-08-02T09:00:00.000Z
sensor.camera_e_umidita,53.174368854666675,2026-08-02T10:00:00.000Z
sensor.camera_e_umidita,53.028144676638895,2026-08-02T11:00:00.000Z
sensor.camera_e_umidita,52.623751114777775,2026-08-02T12:00:00.000Z
sensor.camera_e_umidita,52.21154627883334,2026-08-02T13:00:00.000Z
sensor.camera_e_umidita,52.34822163008334,2026-08-02T14:00:00.000Z
sensor.camera_e_umidita,51.79680743252778,2026-08-02T15:00:00.000Z
sensor.camera_e_umidita,50.905303754444446,2026-08-02T16:00:00.000Z
sensor.camera_e_umidita,50.81485357175,2026-08-02T17:00:00.000Z
sensor.camera_e_umidita,50.569211964972226,2026-08-02T18:00:00.000Z
sensor.camera_e_umidita,50.42916869058333,2026-08-02T19:00:00.000Z
sensor.camera_e_umidita,50.46288151375,2026-08-02T20:00:00.000Z
sensor.camera_e_umidita,50.42006288686111,2026-08-02T21:00:00.000Z
sensor.camera_e_umidita,50.55810221616667,2026-08-02T22:00:00.000Z
sensor.camera_e_umidita,50.08290103616667,2026-08-02T23:00:00.000Z
sensor.camera_e_umidita,50.42641273133333,2026-08-03T00:00:00.000Z
sensor.camera_e_umidita,50.82507802183333,2026-08-03T01:00:00.000Z
sensor.camera_e_umidita,51.18863722933333,2026-08-03T02:00:00.000Z
sensor.camera_e_umidita,51.470735991666665,2026-08-03T03:00:00.000Z
sensor.camera_e_umidita,51.65092452372223,2026-08-03T04:00:00.000Z
sensor.camera_e_umidita,51.89432919938889,2026-08-03T05:00:00.000Z
sensor.camera_e_umidita,52.22511622127778,2026-08-03T06:00:00.000Z
sensor.camera_e_umidita,52.20000000000001,2026-08-03T07:00:00.000Z
sensor.camera_e_umidita,52.15143848938889,2026-08-03T08:00:00.000Z
sensor.camera_e_umidita,51.73597908925,2026-08-03T09:00:00.000Z
sensor.camera_e_umidita,51.50390282608333,2026-08-03T10:00:00.000Z
sensor.camera_e_umidita,51.368411914805556,2026-08-03T11:00:00.000Z
sensor.camera_e_umidita,51.08331829772222,2026-08-03T12:00:00.000Z
sensor.camera_e_umidita,50.71822514344444,2026-08-03T13:00:00.000Z
sensor.camera_e_umidita,50.555530355527786,2026-08-03T14:00:00.000Z
sensor.camera_e_umidita,50.382664208305556,2026-08-03T15:00:00.000Z
sensor.camera_e_umidita,49.73374232855556,2026-08-03T16:00:00.000Z
sensor.camera_e_umidita,48.99047945122222,2026-08-03T17:00:00.000Z
sensor.camera_e_umidita,48.57523623594445,2026-08-03T18:00:00.000Z
sensor.camera_e_umidita,48.60325288541667,2026-08-03T19:00:00.000Z
sensor.camera_e_umidita,48.91897427522222,2026-08-03T20:00:00.000Z
sensor.camera_e_umidita,49.5671353695,2026-08-03T21:00:00.000Z
sensor.camera_e_umidita,50.03252235833333,2026-08-03T22:00:00.000Z
sensor.camera_e_umidita,50.29225466263889,2026-08-03T23:00:00.000Z
sensor.camera_e_umidita,50.11560961008333,2026-08-04T00:00:00.000Z
sensor.camera_e_umidita,49.88148127180555,2026-08-04T01:00:00.000Z
sensor.camera_e_umidita,49.64948653105555,2026-08-04T02:00:00.000Z
sensor.camera_e_umidita,49.65739905925,2026-08-04T03:00:00.000Z
sensor.camera_e_umidita,49.742409555361114,2026-08-04T04:00:00.000Z
sensor.camera_e_umidita,49.85481811122222,2026-08-04T05:00:00.000Z
sensor.camera_e_umidita,50.08360398638889,2026-08-04T06:00:00.000Z
sensor.camera_e_umidita,49.790871487083336,2026-08-04T07:00:00.000Z
sensor.camera_e_umidita,49.63347247413889,2026-08-04T08:00:00.000Z
sensor.camera_e_umidita,49.516955998250005,2026-08-04T09:00:00.000Z
sensor.camera_e_umidita,49.03263489961111,2026-08-04T10:00:00.000Z
sensor.camera_e_umidita,48.87584769227777,2026-08-04T11:00:00.000Z
sensor.camera_e_umidita,49.30868551658333,2026-08-04T12:00:00.000Z
sensor.camera_e_umidita,49.59491867654546,2026-08-04T13:00:00.000Z
sensor.camera_e_umidita,49.63168373822222,2026-08-04T14:00:00.000Z
sensor.camera_e_umidita,48.892052664861104,2026-08-04T15:00:00.000Z
sensor.camera_e_umidita,47.866091258944444,2026-08-04T16:00:00.000Z
sensor.camera_e_umidita,47.09315413024999,2026-08-04T17:00:00.000Z
sensor.camera_e_umidita,46.991661040055554,2026-08-04T18:00:00.000Z
sensor.camera_e_umidita,47.16278793163889,2026-08-04T19:00:00.000Z
sensor.camera_e_umidita,47.52210970294445,2026-08-04T20:00:00.000Z
sensor.camera_e_umidita,47.89312151652778,2026-08-04T21:00:00.000Z
sensor.camera_e_umidita,48.109093939277784,2026-08-04T22:00:00.000Z
sensor.camera_e_umidita,48.59229176422222,2026-08-04T23:00:00.000Z
sensor.camera_e_umidita,48.60018788711111,2026-08-05T00:00:00.000Z
sensor.camera_e_umidita,48.863002753249994,2026-08-05T01:00:00.000Z
sensor.camera_e_umidita,49.00359944469445,2026-08-05T02:00:00.000Z
sensor.camera_e_umidita,48.980619092944444,2026-08-05T03:00:00.000Z
sensor.camera_e_umidita,49.16320908616667,2026-08-05T04:00:00.000Z
sensor.camera_e_umidita,49.20000000000001,2026-08-05T05:00:00.000Z
sensor.camera_e_umidita,49.04651624886111,2026-08-05T06:00:00.000Z
sensor.camera_e_umidita,48.89765755972223,2026-08-05T07:00:00.000Z
sensor.camera_e_umidita,48.69485080758333,2026-08-05T08:00:00.000Z
sensor.camera_e_umidita,49.00517927933333,2026-08-05T09:00:00.000Z
sensor.camera_e_umidita,49.54976118611111,2026-08-05T10:00:00.000Z
sensor.camera_e_umidita,49.76081881808333,2026-08-05T11:00:00.000Z
sensor.camera_e_umidita,50.04296012025,2026-08-05T12:00:00.000Z
sensor.camera_e_umidita,50.20000000000001,2026-08-05T13:00:00.000Z
sensor.camera_e_umidita,50.128541773361114,2026-08-05T14:00:00.000Z
sensor.camera_e_umidita,49.919070519416664,2026-08-05T15:00:00.000Z
sensor.camera_e_umidita,49.475186604083326,2026-08-05T16:00:00.000Z
sensor.camera_e_umidita,49.00272616088889,2026-08-05T17:00:00.000Z
sensor.camera_e_umidita,48.49765019127778,2026-08-05T18:00:00.000Z
sensor.camera_e_umidita,48.30779962455555,2026-08-05T19:00:00.000Z
sensor.camera_e_umidita,48.36650466191666,2026-08-05T20:00:00.000Z
sensor.camera_e_umidita,48.60698419636111,2026-08-05T21:00:00.000Z
sensor.camera_e_umidita,48.92351068563889,2026-08-05T22:00:00.000Z
sensor.camera_e_umidita,49.05714464130556,2026-08-05T23:00:00.000Z
sensor.camera_e_umidita,48.961378565249994,2026-08-06T00:00:00.000Z
sensor.camera_e_umidita,48.98978458475,2026-08-06T01:00:00.000Z
sensor.camera_e_umidita,49.111894308361116,2026-08-06T02:00:00.000Z
sensor.camera_e_umidita,49.23044864313889,2026-08-06T03:00:00.000Z
sensor.camera_e_umidita,49.29999999999999,2026-08-06T04:00:00.000Z
sensor.camera_e_umidita,49.29999999999999,2026-08-06T05:00:00.000Z
sensor.camera_e_umidita,49.274913488277775,2026-08-06T06:00:00.000Z
sensor.camera_e_umidita,49.296104978833334,2026-08-06T07:00:00.000Z
sensor.camera_e_umidita,49.16655593372223,2026-08-06T08:00:00.000Z
sensor.camera_e_umidita,49.121552167666664,2026-08-06T09:00:00.000Z
sensor.camera_e_umidita,48.95625997891667,2026-08-06T10:00:00.000Z
sensor.camera_e_umidita,48.641420043138886,2026-08-06T11:00:00.000Z
sensor.camera_e_umidita,48.70167472066667,2026-08-06T12:00:00.000Z
sensor.camera_e_umidita,48.670745647555556,2026-08-06T13:00:00.000Z
sensor.camera_e_umidita,48.39790492016667,2026-08-06T14:00:00.000Z
sensor.camera_e_umidita,48.23209974116667,2026-08-06T15:00:00.000Z
sensor.camera_e_umidita,47.957648899527776,2026-08-06T16:00:00.000Z
sensor.camera_e_umidita,47.82552263363888,2026-08-06T17:00:00.000Z
sensor.camera_e_umidita,47.71595176355556,2026-08-06T18:00:00.000Z
sensor.camera_e_umidita,47.85741895291667,2026-08-06T19:00:00.000Z
sensor.camera_e_umidita,48.05595295758334,2026-08-06T20:00:00.000Z
sensor.camera_e_umidita,48.32679831908333,2026-08-06T21:00:00.000Z
sensor.camera_e_umidita,48.5,2026-08-06T22:00:00.000Z
sensor.camera_e_umidita,48.42738489261111,2026-08-06T23:00:00.000Z
sensor.camera_e_umidita,48.43039575722222,2026-08-07T00:00:00.000Z
sensor.camera_e_umidita,48.585177458333334,2026-08-07T01:00:00.000Z
sensor.camera_e_umidita,48.754753384333334,2026-08-07T02:00:00.000Z
sensor.camera_e_umidita,48.92967236933333,2026-08-07T03:00:00.000Z
sensor.camera_e_umidita,48.966888044027776,2026-08-07T04:00:00.000Z
sensor.camera_e_umidita,48.987143077000006,2026-08-07T05:00:00.000Z
sensor.camera_e_umidita,48.974887369777775,2026-08-07T06:00:00.000Z
sensor.camera_e_umidita,49,2026-08-07T07:00:00.000Z
sensor.camera_e_umidita,49,2026-08-07T08:00:00.000Z
sensor.camera_e_umidita,49.03508574033333,2026-08-07T10:00:00.000Z
sensor.camera_e_umidita,49.1,2026-08-07T11:00:00.000Z
sensor.camera_e_umidita,49.03132801583334,2026-08-07T12:00:00.000Z
sensor.camera_e_umidita,48.78979227341667,2026-08-07T13:00:00.000Z
sensor.camera_e_umidita,48.39039262505556,2026-08-07T14:00:00.000Z
sensor.camera_e_umidita,48.00930813088889,2026-08-07T15:00:00.000Z
sensor.camera_e_umidita,47.87489437361111,2026-08-07T16:00:00.000Z
sensor.camera_e_umidita,47.92370071380555,2026-08-07T17:00:00.000Z
sensor.camera_e_umidita,47.966556189694444,2026-08-07T18:00:00.000Z
sensor.camera_e_umidita,47.926853612611104,2026-08-07T19:00:00.000Z
sensor.camera_e_umidita,47.9,2026-08-07T20:00:00.000Z
sensor.camera_e_umidita,47.99440385333333,2026-08-07T21:00:00.000Z
sensor.camera_e_umidita,48.07491035275,2026-08-07T22:00:00.000Z
sensor.camera_e_umidita,48.16773038233333,2026-08-07T23:00:00.000Z
sensor.camera_e_umidita,48.34605841366667,2026-08-08T00:00:00.000Z
sensor.camera_e_umidita,48.4,2026-08-08T01:00:00.000Z
sensor.camera_e_umidita,48.465509713500005,2026-08-08T02:00:00.000Z
sensor.camera_e_umidita,48.6,2026-08-08T03:00:00.000Z
sensor.camera_e_umidita,48.62510616061112,2026-08-08T04:00:00.000Z
sensor.camera_e_umidita,48.644169774750004,2026-08-08T05:00:00.000Z
sensor.camera_e_umidita,48.70000000000001,2026-08-08T06:00:00.000Z
sensor.camera_e_umidita,48.77689258175,2026-08-08T07:00:00.000Z
sensor.camera_e_umidita,48.88486876247222,2026-08-08T08:00:00.000Z
sensor.camera_e_umidita,48.882381649416665,2026-08-08T09:00:00.000Z
sensor.camera_e_umidita,48.79999999999999,2026-08-08T10:00:00.000Z
sensor.camera_e_umidita,48.73306244275,2026-08-08T11:00:00.000Z
sensor.camera_e_umidita,48.683720306472225,2026-08-08T12:00:00.000Z
sensor.camera_e_umidita,48.57577565897222,2026-08-08T13:00:00.000Z
sensor.camera_e_umidita,48.48454925552778,2026-08-08T14:00:00.000Z
sensor.camera_e_umidita,48.30966333755555,2026-08-08T15:00:00.000Z
sensor.camera_e_umidita,48.161936539083335,2026-08-08T16:00:00.000Z
sensor.camera_e_umidita,47.99626689144444,2026-08-08T17:00:00.000Z
sensor.camera_e_umidita,47.99747629972222,2026-08-08T18:00:00.000Z
sensor.camera_e_umidita,48.07194791305556,2026-08-08T19:00:00.000Z
sensor.camera_e_umidita,48.18461811869445,2026-08-08T20:00:00.000Z
sensor.camera_e_umidita,48.37530901833333,2026-08-08T21:00:00.000Z
sensor.camera_e_umidita,48.520502187138895,2026-08-08T22:00:00.000Z
sensor.camera_e_umidita,48.57488509577778,2026-08-08T23:00:00.000Z
sensor.camera_e_umidita,48.6,2026-08-09T00:00:00.000Z
sensor.camera_e_umidita,48.6,2026-08-09T01:00:00.000Z
sensor.camera_e_umidita,48.60931301941667,2026-08-09T05:00:00.000Z
sensor.camera_e_umidita,48.717309589416665,2026-08-09T06:00:00.000Z
sensor.camera_e_umidita,48.79999999999999,2026-08-09T07:00:00.000Z
sensor.camera_e_umidita,48.64175932663889,2026-08-09T08:00:00.000Z
sensor.camera_e_umidita,48.34226839361111,2026-08-09T09:00:00.000Z
sensor.camera_e_umidita,48.225687329638895,2026-08-09T10:00:00.000Z
sensor.camera_e_umidita,48.20000000000001,2026-08-09T11:00:00.000Z
sensor.camera_e_umidita,48.290340746944445,2026-08-09T12:00:00.000Z
sensor.camera_e_umidita,48.285330594138884,2026-08-09T13:00:00.000Z
sensor.camera_e_umidita,48.121236392805564,2026-08-09T14:00:00.000Z
sensor.camera_e_umidita,47.98610751113889,2026-08-09T15:00:00.000Z
sensor.camera_e_umidita,47.772579315499996,2026-08-09T16:00:00.000Z
sensor.camera_e_umidita,47.60319187825001,2026-08-09T17:00:00.000Z
sensor.camera_e_umidita,47.6,2026-08-09T18:00:00.000Z
sensor.camera_e_umidita,47.66261486300001,2026-08-09T19:00:00.000Z
sensor.camera_e_umidita,47.82826150122222,2026-08-09T20:00:00.000Z
sensor.camera_e_umidita,48.18568408550001,2026-08-09T21:00:00.000Z
sensor.camera_e_umidita,48.38961943241666,2026-08-09T22:00:00.000Z
sensor.camera_e_umidita,48.52766951111111,2026-08-09T23:00:00.000Z
sensor.camera_e_umidita,48.71315012211111,2026-08-10T00:00:00.000Z
sensor.camera_e_umidita,48.90401447488889,2026-08-10T01:00:00.000Z
sensor.camera_e_umidita,49.069820607749996,2026-08-10T02:00:00.000Z
sensor.camera_e_umidita,49.24280723011111,2026-08-10T03:00:00.000Z
sensor.camera_e_umidita,49.40984430802778,2026-08-10T04:00:00.000Z
sensor.camera_e_umidita,49.53356331608333,2026-08-10T05:00:00.000Z
sensor.camera_e_umidita,49.64147441475,2026-08-10T06:00:00.000Z
sensor.camera_e_umidita,49.64980512819445,2026-08-10T07:00:00.000Z
sensor.camera_e_umidita,49.70000000000001,2026-08-10T08:00:00.000Z
sensor.camera_e_umidita,49.715228401805554,2026-08-10T09:00:00.000Z
sensor.camera_e_umidita,49.79999999999999,2026-08-10T10:00:00.000Z
sensor.camera_e_umidita,49.75210502583334,2026-08-10T11:00:00.000Z
sensor.camera_e_umidita,49.49048637036111,2026-08-10T12:00:00.000Z
sensor.camera_e_umidita,49.38629884713888,2026-08-10T13:00:00.000Z
sensor.camera_e_umidita,49.29999999999999,2026-08-10T14:00:00.000Z
sensor.camera_e_umidita,49.28725085077778,2026-08-10T15:00:00.000Z
sensor.camera_e_umidita,49.02536544588889,2026-08-10T16:00:00.000Z
sensor.camera_e_umidita,48.70943137088889,2026-08-10T17:00:00.000Z
sensor.camera_e_umidita,48.42651476980555,2026-08-10T18:00:00.000Z
sensor.camera_e_umidita,48.33035755897222,2026-08-10T19:00:00.000Z
sensor.camera_e_umidita,48.30230769897222,2026-08-10T20:00:00.000Z
sensor.camera_e_umidita,48.45395898922222,2026-08-10T21:00:00.000Z
sensor.camera_e_umidita,48.65169521413889,2026-08-10T22:00:00.000Z
sensor.camera_e_umidita,48.76059163675,2026-08-10T23:00:00.000Z
sensor.camera_e_umidita,48.9,2026-08-11T00:00:00.000Z
sensor.camera_e_umidita,48.97550712091667,2026-08-11T01:00:00.000Z
sensor.camera_e_umidita,49,2026-08-11T02:00:00.000Z
sensor.camera_e_umidita,49,2026-08-11T03:00:00.000Z
sensor.camera_e_umidita,48.97574232438888,2026-08-11T04:00:00.000Z
sensor.camera_e_umidita,48.76018439744445,2026-08-11T05:00:00.000Z
sensor.camera_e_umidita,48.70000000000001,2026-08-11T06:00:00.000Z
sensor.camera_e_umidita,48.70000000000001,2026-08-11T07:00:00.000Z
sensor.camera_e_umidita,48.62790938450001,2026-08-11T10:00:00.000Z
sensor.camera_e_umidita,48.65863418325,2026-08-11T11:00:00.000Z
sensor.camera_e_umidita,48.6,2026-08-11T12:00:00.000Z
sensor.camera_e_umidita,48.55865315883333,2026-08-11T13:00:00.000Z
sensor.camera_e_umidita,48.238851072361115,2026-08-11T14:00:00.000Z
sensor.camera_e_umidita,48.08013146738889,2026-08-11T15:00:00.000Z
sensor.camera_e_umidita,47.99725270258333,2026-08-11T16:00:00.000Z
sensor.camera_e_umidita,47.78404051108333,2026-08-11T17:00:00.000Z
sensor.camera_e_umidita,47.54779776094444,2026-08-11T18:00:00.000Z
sensor.camera_e_umidita,47.60697147361111,2026-08-11T19:00:00.000Z
sensor.camera_e_umidita,48.03742633194444,2026-08-11T20:00:00.000Z
sensor.camera_e_umidita,48.28439709288889,2026-08-11T21:00:00.000Z
sensor.camera_e_umidita,48.45170746872222,2026-08-11T22:00:00.000Z
sensor.camera_e_umidita,48.666812144333335,2026-08-11T23:00:00.000Z
sensor.camera_e_umidita,48.70000000000001,2026-08-12T00:00:00.000Z
sensor.camera_e_umidita,48.79103176452778,2026-08-12T01:00:00.000Z
sensor.camera_e_umidita,48.75118692672223,2026-08-12T02:00:00.000Z
sensor.camera_e_umidita,48.60974721894445,2026-08-12T03:00:00.000Z
sensor.camera_e_umidita,48.46830341358333,2026-08-12T04:00:00.000Z
sensor.camera_e_umidita,48.51422920488889,2026-08-12T05:00:00.000Z
sensor.camera_e_umidita,48.56649942180556,2026-08-12T06:00:00.000Z
sensor.camera_e_umidita,48.50296537147222,2026-08-12T07:00:00.000Z
sensor.camera_e_umidita,48.44146686677777,2026-08-12T08:00:00.000Z
sensor.camera_e_umidita,48.5,2026-08-12T09:00:00.000Z
sensor.camera_e_umidita,48.48785378686111,2026-08-12T10:00:00.000Z
sensor.camera_e_umidita,48.37492156969444,2026-08-12T11:00:00.000Z
sensor.camera_e_umidita,48.461536587388885,2026-08-12T12:00:00.000Z
sensor.camera_e_umidita,48.45560404986111,2026-08-12T13:00:00.000Z
sensor.camera_e_umidita,48.37279972691667,2026-08-12T14:00:00.000Z
sensor.camera_e_umidita,48.29999999999999,2026-08-12T15:00:00.000Z
sensor.camera_e_umidita,48.21376714466667,2026-08-12T16:00:00.000Z
sensor.camera_e_umidita,47.989434953916664,2026-08-12T17:00:00.000Z
sensor.camera_e_umidita,47.83207771277778,2026-08-12T18:00:00.000Z
sensor.camera_e_umidita,47.70000000000001,2026-08-12T19:00:00.000Z
sensor.camera_e_umidita,47.75833918472222,2026-08-12T20:00:00.000Z
sensor.camera_e_umidita,47.95770376641667,2026-08-12T21:00:00.000Z
sensor.camera_e_umidita,47.925687674555554,2026-08-12T22:00:00.000Z
sensor.camera_e_umidita,47.923673478888894,2026-08-12T23:00:00.000Z
sensor.camera_e_umidita,47.90141375283333,2026-08-13T00:00:00.000Z
sensor.camera_e_umidita,47.9,2026-08-13T01:00:00.000Z
sensor.camera_e_umidita,47.9,2026-08-13T02:00:00.000Z
sensor.camera_e_umidita,47.972366095722215,2026-08-13T03:00:00.000Z
sensor.camera_e_umidita,48.02164529011111,2026-08-13T04:00:00.000Z
sensor.camera_e_umidita,48.13797964052778,2026-08-13T05:00:00.000Z
sensor.camera_e_umidita,48.24597439655556,2026-08-13T06:00:00.000Z
sensor.camera_e_umidita,48.29999999999999,2026-08-13T07:00:00.000Z
sensor.camera_e_umidita,48.161813266694445,2026-08-13T08:00:00.000Z
sensor.camera_e_umidita,47.757898672416665,2026-08-13T09:00:00.000Z
sensor.camera_e_umidita,47.547522201750006,2026-08-13T10:00:00.000Z
sensor.camera_e_umidita,47.407948476166666,2026-08-13T11:00:00.000Z
sensor.camera_e_umidita,47.5,2026-08-13T12:00:00.000Z
sensor.camera_e_umidita,47.414348063527775,2026-08-13T13:00:00.000Z
sensor.camera_e_umidita,47.29999999999999,2026-08-13T14:00:00.000Z
sensor.camera_e_umidita,47.29999999999999,2026-08-13T15:00:00.000Z
sensor.camera_e_umidita,47.35857863747222,2026-08-13T16:00:00.000Z
sensor.camera_e_umidita,47.21704886519444,2026-08-13T17:00:00.000Z
sensor.camera_e_umidita,47.20000000000001,2026-08-13T18:00:00.000Z
sensor.camera_e_umidita,47.23183976172222,2026-08-13T19:00:00.000Z
sensor.camera_e_umidita,47.37327938686111,2026-08-13T20:00:00.000Z
sensor.camera_e_umidita,47.48958627555555,2026-08-13T21:00:00.000Z
sensor.camera_e_umidita,47.45263104722222,2026-08-13T22:00:00.000Z
sensor.camera_e_umidita,47.45530623383333,2026-08-13T23:00:00.000Z
sensor.camera_e_umidita,47.668315439555556,2026-08-14T00:00:00.000Z
sensor.camera_e_umidita,47.56990062513889,2026-08-14T01:00:00.000Z
sensor.camera_e_umidita,47.23763482305555,2026-08-14T02:00:00.000Z
sensor.camera_e_umidita,47.04141136183333,2026-08-14T03:00:00.000Z
sensor.camera_e_umidita,47.20647715752778,2026-08-14T04:00:00.000Z
sensor.camera_e_umidita,47.36955900955555,2026-08-14T05:00:00.000Z
sensor.camera_e_umidita,41.79262440911111,2026-08-14T06:00:00.000Z
sensor.camera_e_umidita,40.092218334694444,2026-08-14T07:00:00.000Z
sensor.camera_e_umidita,44.94353244613888,2026-08-14T08:00:00.000Z
sensor.camera_e_umidita,44.56392477786111,2026-08-14T09:00:00.000Z
sensor.camera_e_umidita,45.42366506891667,2026-08-14T10:00:00.000Z
sensor.camera_e_umidita,45.639954732472226,2026-08-14T11:00:00.000Z
sensor.camera_e_umidita,44.68390741905555,2026-08-14T12:00:00.000Z
sensor.camera_e_umidita,44.40960283247222,2026-08-14T13:00:00.000Z
sensor.camera_e_umidita,42.00794041463889,2026-08-14T14:00:00.000Z
sensor.camera_e_umidita,39.62739295694444,2026-08-14T15:00:00.000Z
sensor.camera_e_umidita,44.28065371583333,2026-08-14T16:00:00.000Z
sensor.camera_e_umidita,45.279407961194444,2026-08-14T17:00:00.000Z
sensor.camera_e_umidita,45.14429844427778,2026-08-14T18:00:00.000Z
sensor.camera_e_umidita,45.16870478838889,2026-08-14T19:00:00.000Z
sensor.camera_e_umidita,45.37158514455555,2026-08-14T20:00:00.000Z
sensor.camera_e_umidita,42.75615748777778,2026-08-14T21:00:00.000Z
sensor.camera_e_umidita,40.18923930613889,2026-08-14T22:00:00.000Z
sensor.camera_e_umidita,39.660435728138886,2026-08-14T23:00:00.000Z
sensor.camera_e_umidita,42.38367923697222,2026-08-15T00:00:00.000Z
sensor.camera_e_umidita,46.19872916041667,2026-08-15T01:00:00.000Z
sensor.camera_e_umidita,48.54925949175,2026-08-15T02:00:00.000Z
sensor.camera_e_umidita,50.20488134036111,2026-08-15T03:00:00.000Z
sensor.camera_e_umidita,51.12594650722222,2026-08-15T04:00:00.000Z
sensor.camera_e_umidita,50.83468923644444,2026-08-15T05:00:00.000Z
sensor.camera_e_umidita,50.82912338288889,2026-08-15T06:00:00.000Z
sensor.camera_e_umidita,51.77426908175,2026-08-15T07:00:00.000Z
sensor.camera_e_umidita,50.86171124286111,2026-08-15T08:00:00.000Z
sensor.camera_e_umidita,49.43493414716667,2026-08-15T09:00:00.000Z
sensor.camera_e_umidita,49.46213393686111,2026-08-15T10:00:00.000Z
sensor.camera_e_umidita,48.17612284655556,2026-08-15T11:00:00.000Z
sensor.camera_e_umidita,47.13693451038889,2026-08-15T12:00:00.000Z
sensor.camera_e_umidita,48.25903283205556,2026-08-15T13:00:00.000Z
sensor.camera_e_umidita,48.713247049888885,2026-08-15T14:00:00.000Z
sensor.camera_e_umidita,47.32202845055556,2026-08-15T15:00:00.000Z
sensor.camera_e_umidita,46.53640097030556,2026-08-15T16:00:00.000Z
sensor.camera_e_umidita,46.051286469888886,2026-08-15T17:00:00.000Z
sensor.camera_e_umidita,45.57985264222222,2026-08-15T18:00:00.000Z
sensor.camera_e_umidita,45.20801288469445,2026-08-15T19:00:00.000Z
sensor.camera_e_umidita,45.1,2026-08-15T20:00:00.000Z
sensor.camera_e_umidita,45.390518185805554,2026-08-15T21:00:00.000Z
sensor.camera_e_umidita,46.34690082177778,2026-08-15T22:00:00.000Z
sensor.camera_e_umidita,46.244125303833336,2026-08-15T23:00:00.000Z
sensor.camera_e_umidita,46.41362889241666,2026-08-16T00:00:00.000Z
sensor.camera_e_umidita,46.426980055305556,2026-08-16T01:00:00.000Z
sensor.camera_e_umidita,46.5,2026-08-16T02:00:00.000Z
sensor.camera_e_umidita,46.5,2026-08-16T03:00:00.000Z
sensor.camera_e_umidita,46.4,2026-08-16T03:19:24.887Z
sensor.camera_e_umidita,46.5,2026-08-16T03:54:34.727Z
sensor.camera_e_umidita,46.6,2026-08-16T04:24:41.746Z
sensor.camera_e_umidita,46.7,2026-08-16T04:44:45.741Z
sensor.camera_e_umidita,46.8,2026-08-16T04:59:48.940Z
sensor.camera_e_umidita,46.9,2026-08-16T05:19:53.870Z
sensor.camera_e_umidita,47.0,2026-08-16T05:55:01.744Z
sensor.camera_e_umidita,46.9,2026-08-16T08:00:28.873Z
sensor.camera_e_umidita,46.8,2026-08-16T08:15:31.728Z
sensor.camera_e_umidita,46.7,2026-08-16T08:35:37.743Z
sensor.camera_e_umidita,46.6,2026-08-16T08:50:40.903Z
sensor.camera_e_umidita,46.4,2026-08-16T09:10:44.881Z
sensor.camera_e_umidita,46.3,2026-08-16T09:25:47.762Z
sensor.camera_e_umidita,45.8,2026-08-16T09:40:50.863Z
sensor.camera_e_umidita,45.4,2026-08-16T10:00:54.879Z
sensor.camera_e_umidita,45.1,2026-08-16T10:15:57.749Z
sensor.camera_e_umidita,44.9,2026-08-16T10:36:01.761Z
sensor.camera_e_umidita,44.8,2026-08-16T10:56:07.747Z
sensor.camera_e_umidita,44.7,2026-08-16T11:46:17.749Z
sensor.camera_e_umidita,44.6,2026-08-16T12:56:32.749Z
sensor.camera_e_umidita,44.7,2026-08-16T13:31:39.903Z
sensor.camera_e_umidita,44.8,2026-08-16T14:26:53.774Z
sensor.camera_e_umidita,45.0,2026-08-16T14:46:57.736Z
sensor.camera_e_umidita,45.1,2026-08-16T15:22:05.875Z
sensor.camera_e_umidita,45.0,2026-08-16T16:17:16.761Z
sensor.camera_e_umidita,45.1,2026-08-16T16:32:19.911Z
sensor.camera_e_umidita,45.0,2026-08-16T17:12:28.891Z
sensor.camera_e_umidita,45.2,2026-08-16T18:07:41.786Z
sensor.camera_e_umidita,45.3,2026-08-16T18:27:46.740Z
sensor.camera_e_umidita,45.5,2026-08-16T18:47:50.756Z
sensor.camera_e_umidita,45.3,2026-08-16T19:38:04.758Z
sensor.camera_e_umidita,44.9,2026-08-16T19:58:08.768Z
sensor.camera_e_umidita,45.8,2026-08-16T20:18:13.753Z
sensor.camera_e_umidita,46.6,2026-08-16T20:38:17.738Z
sensor.camera_e_umidita,47.1,2026-08-16T20:53:20.902Z
sensor.camera_e_umidita,47.6,2026-08-16T21:13:24.895Z
sensor.camera_e_umidita,48.0,2026-08-16T21:28:28.742Z
sensor.camera_e_umidita,48.3,2026-08-16T21:43:32.897Z
sensor.camera_e_umidita,48.7,2026-08-16T22:03:36.918Z
sensor.camera_e_umidita,49.0,2026-08-16T22:23:40.950Z
sensor.camera_e_umidita,49.2,2026-08-16T22:38:44.739Z
sensor.camera_e_umidita,49.4,2026-08-16T22:53:48.133Z
sensor.camera_e_umidita,49.6,2026-08-17T00:24:08.859Z
sensor.camera_e_umidita,49.8,2026-08-17T00:39:11.743Z
sensor.camera_e_umidita,49.9,2026-08-17T00:54:15.859Z
sensor.camera_e_umidita,50.1,2026-08-17T01:14:20.948Z
sensor.camera_e_umidita,50.3,2026-08-17T01:29:24.731Z
sensor.camera_e_umidita,50.4,2026-08-17T01:49:30.761Z
sensor.camera_e_umidita,50.7,2026-08-17T02:09:34.742Z
sensor.camera_e_umidita,51.0,2026-08-17T02:24:39.128Z
sensor.camera_e_umidita,50.9,2026-08-17T02:59:46.749Z
sensor.camera_e_umidita,50.8,2026-08-17T04:45:13.902Z
sensor.camera_e_umidita,50.9,2026-08-17T05:20:21.738Z
sensor.camera_e_umidita,51.0,2026-08-17T05:40:26.749Z
sensor.camera_e_umidita,51.1,2026-08-17T06:00:31.743Z
sensor.camera_e_umidita,51.3,2026-08-17T06:30:37.754Z
sensor.camera_e_umidita,51.2,2026-08-17T06:50:42.749Z
sensor.camera_e_umidita,51.1,2026-08-17T07:40:54.762Z
sensor.camera_e_umidita,51.0,2026-08-17T08:00:58.766Z
sensor.camera_e_umidita,50.8,2026-08-17T08:16:01.865Z
sensor.camera_e_umidita,50.7,2026-08-17T08:56:10.896Z
sensor.camera_e_umidita,50.8,2026-08-17T09:11:13.720Z
sensor.camera_e_umidita,50.7,2026-08-17T10:01:24.737Z
sensor.camera_e_umidita,50.5,2026-08-17T10:16:28.864Z
sensor.camera_e_umidita,50.2,2026-08-17T10:31:31.738Z
sensor.camera_e_umidita,49.8,2026-08-17T10:51:35.742Z
sensor.camera_e_umidita,49.5,2026-08-17T11:11:39.729Z
sensor.camera_e_umidita,49.1,2026-08-17T11:26:42.856Z
sensor.camera_e_umidita,48.9,2026-08-17T11:46:46.868Z
sensor.camera_e_umidita,48.8,2026-08-17T12:01:49.763Z
sensor.camera_e_umidita,48.6,2026-08-17T12:21:55.727Z
sensor.camera_e_umidita,48.5,2026-08-17T12:57:08.888Z
sensor.camera_e_umidita,48.3,2026-08-17T13:17:12.927Z
sensor.camera_e_umidita,48.1,2026-08-17T13:32:16.710Z
sensor.camera_e_umidita,48.2,2026-08-17T14:07:25.948Z
sensor.camera_e_umidita,48.1,2026-08-17T14:37:32.876Z
sensor.camera_e_umidita,47.8,2026-08-17T14:57:36.885Z
sensor.camera_e_umidita,47.6,2026-08-17T15:17:40.957Z
sensor.camera_e_umidita,47.2,2026-08-17T15:32:44.742Z
sensor.camera_e_umidita,46.9,2026-08-17T15:52:49.736Z
sensor.camera_e_umidita,45.7,2026-08-17T16:07:52.913Z
sensor.camera_e_umidita,44.8,2026-08-17T16:27:57.006Z
sensor.camera_e_umidita,44.3,2026-08-17T16:48:03.037Z
sensor.camera_e_umidita,43.9,2026-08-17T17:03:06.751Z
sensor.camera_e_umidita,43.7,2026-08-17T17:23:11.734Z
sensor.camera_e_umidita,43.4,2026-08-17T17:43:16.765Z
sensor.camera_e_umidita,43.3,2026-08-17T18:03:22.733Z
sensor.camera_e_umidita,43.0,2026-08-17T18:18:25.937Z
sensor.camera_e_umidita,43.7,2026-08-17T18:53:35.742Z
sensor.camera_e_umidita,44.1,2026-08-17T19:08:38.937Z
sensor.camera_e_umidita,43.9,2026-08-17T19:28:44.886Z
sensor.camera_e_umidita,44.0,2026-08-17T20:03:52.864Z
sensor.camera_e_umidita,44.1,2026-08-17T20:18:56.930Z
sensor.camera_e_umidita,44.3,2026-08-17T20:54:06.723Z
sensor.camera_e_umidita,44.4,2026-08-17T21:09:09.924Z
sensor.camera_e_umidita,44.3,2026-08-17T21:29:15.859Z
sensor.camera_e_umidita,44.4,2026-08-17T22:19:31.909Z
sensor.camera_e_umidita,44.7,2026-08-17T22:34:34.797Z
sensor.camera_e_umidita,44.8,2026-08-17T22:49:38.874Z
sensor.camera_e_umidita,44.6,2026-08-17T23:24:47.749Z
sensor.camera_e_umidita,44.3,2026-08-17T23:44:51.711Z
sensor.camera_e_umidita,44.2,2026-08-17T23:59:55.872Z
sensor.camera_e_umidita,43.9,2026-08-18T00:14:58.764Z
sensor.camera_e_umidita,43.6,2026-08-18T00:35:03.733Z
sensor.camera_e_umidita,43.7,2026-08-18T01:05:10.760Z
sensor.camera_e_umidita,44.0,2026-08-18T01:20:13.895Z
sensor.camera_e_umidita,44.4,2026-08-18T01:40:17.940Z
sensor.camera_e_umidita,44.9,2026-08-18T02:00:22.889Z
sensor.camera_e_umidita,45.4,2026-08-18T02:15:26.761Z
sensor.camera_e_umidita,45.8,2026-08-18T02:35:35.748Z
sensor.camera_e_umidita,46.2,2026-08-18T02:50:38.892Z
sensor.camera_e_umidita,46.5,2026-08-18T03:10:43.914Z
sensor.camera_e_umidita,46.7,2026-08-18T03:30:47.905Z
sensor.camera_e_umidita,47.0,2026-08-18T03:45:51.737Z
sensor.camera_e_umidita,47.2,2026-08-18T04:05:55.754Z
sensor.camera_e_umidita,46.9,2026-08-18T04:25:59.730Z
sensor.camera_e_umidita,46.6,2026-08-18T04:41:03.984Z
sensor.camera_e_umidita,46.5,2026-08-18T05:16:11.786Z
sensor.camera_e_umidita,46.3,2026-08-18T05:36:15.745Z
sensor.camera_e_umidita,46.2,2026-08-18T05:56:20.804Z
sensor.camera_e_umidita,46.0,2026-08-18T06:16:27.759Z
sensor.camera_e_umidita,46.1,2026-08-18T06:31:31.965Z
sensor.camera_e_umidita,46.2,2026-08-18T06:46:36.783Z
sensor.camera_e_umidita,46.6,2026-08-18T07:01:39.988Z
sensor.camera_e_umidita,46.9,2026-08-18T07:21:44.914Z
sensor.camera_e_umidita,47.1,2026-08-18T07:36:47.780Z
sensor.camera_e_umidita,47.0,2026-08-18T07:56:52.755Z
sensor.camera_e_umidita,47.1,2026-08-18T08:52:06.977Z
sensor.camera_e_umidita,47.2,2026-08-18T09:42:20.887Z
sensor.camera_e_umidita,47.1,2026-08-18T09:57:26.736Z
sensor.camera_e_umidita,47.3,2026-08-18T10:12:30.974Z
sensor.camera_e_umidita,47.4,2026-08-18T10:47:39.749Z
sensor.camera_e_umidita,47.3,2026-08-18T11:17:49.751Z
sensor.camera_e_umidita,47.4,2026-08-18T11:37:54.759Z
sensor.camera_e_umidita,47.2,2026-08-18T12:13:03.949Z
sensor.camera_e_umidita,47.1,2026-08-18T12:33:08.918Z
sensor.camera_e_umidita,46.2,2026-08-18T13:23:21.915Z
sensor.camera_e_umidita,45.6,2026-08-18T13:38:25.756Z
sensor.camera_e_umidita,45.1,2026-08-18T13:58:31.808Z
sensor.camera_e_umidita,44.8,2026-08-18T14:13:44.054Z
sensor.camera_e_umidita,44.3,2026-08-18T14:28:47.760Z
sensor.camera_e_umidita,43.9,2026-08-18T14:43:51.892Z
sensor.camera_e_umidita,43.8,2026-08-18T15:03:56.991Z
sensor.camera_e_umidita,43.5,2026-08-18T15:19:01.772Z
sensor.camera_e_umidita,43.3,2026-08-18T15:39:06.787Z
sensor.camera_e_umidita,43.0,2026-08-18T15:54:09.895Z
sensor.camera_e_umidita,42.8,2026-08-18T16:14:13.885Z
sensor.camera_e_umidita,42.5,2026-08-18T16:34:17.987Z
sensor.camera_e_umidita,42.3,2026-08-18T16:54:22.894Z
sensor.camera_e_umidita,42.1,2026-08-18T17:09:26.760Z
sensor.camera_e_umidita,42.4,2026-08-18T17:29:31.761Z
sensor.camera_e_umidita,42.6,2026-08-18T17:44:35.976Z
sensor.camera_e_umidita,42.4,2026-08-18T18:04:40.887Z
sensor.camera_e_umidita,42.8,2026-08-18T18:24:45.912Z
sensor.camera_e_umidita,43.0,2026-08-18T18:39:49.795Z
sensor.camera_e_umidita,43.1,2026-08-18T18:59:53.724Z
sensor.camera_e_umidita,43.0,2026-08-18T19:19:57.759Z
sensor.camera_e_umidita,43.3,2026-08-18T19:35:00.957Z
sensor.camera_e_umidita,43.2,2026-08-18T19:50:05.765Z
sensor.camera_e_umidita,43.1,2026-08-18T20:10:10.780Z
sensor.camera_e_umidita,43.2,2026-08-18T20:45:19.915Z
sensor.camera_e_umidita,43.5,2026-08-18T21:00:23.766Z
sensor.camera_e_umidita,43.7,2026-08-18T21:20:29.759Z
sensor.camera_e_umidita,43.9,2026-08-18T21:40:34.768Z
sensor.camera_e_umidita,44.1,2026-08-18T22:00:39.745Z
sensor.camera_e_umidita,44.3,2026-08-18T22:15:42.971Z
sensor.camera_e_umidita,44.6,2026-08-18T22:30:47.788Z
sensor.camera_e_umidita,44.7,2026-08-18T22:50:53.738Z
sensor.camera_e_umidita,44.8,2026-08-18T23:10:57.730Z
sensor.camera_e_umidita,44.9,2026-08-18T23:26:00.953Z
sensor.camera_e_umidita,45.0,2026-08-18T23:46:06.998Z
sensor.camera_e_umidita,45.3,2026-08-19T00:01:11.791Z
sensor.camera_e_umidita,45.4,2026-08-19T00:21:16.765Z
sensor.camera_e_umidita,45.5,2026-08-19T00:41:22.754Z
sensor.camera_e_umidita,45.6,2026-08-19T01:16:32.903Z
sensor.camera_e_umidita,45.7,2026-08-19T01:26:38.872Z
sensor.camera_e_umidita,45.6,2026-08-19T02:42:01.769Z
sensor.camera_e_umidita,45.7,2026-08-19T03:02:07.787Z
sensor.camera_e_umidita,45.8,2026-08-19T03:37:15.925Z
sensor.camera_e_umidita,46.0,2026-08-19T03:52:20.797Z
sensor.camera_e_umidita,46.2,2026-08-19T04:07:24.964Z
sensor.camera_e_umidita,46.5,2026-08-19T04:22:29.764Z
sensor.camera_e_umidita,46.9,2026-08-19T04:37:33.910Z
sensor.camera_e_umidita,47.3,2026-08-19T04:57:38.877Z
sensor.camera_e_umidita,47.8,2026-08-19T05:12:42.770Z
sensor.camera_e_umidita,48.0,2026-08-19T05:32:46.756Z
sensor.camera_e_umidita,48.3,2026-08-19T05:47:50.901Z
sensor.camera_e_umidita,48.4,2026-08-19T06:02:54.784Z
sensor.camera_e_umidita,48.6,2026-08-19T06:17:57.970Z
sensor.camera_e_umidita,48.9,2026-08-19T06:38:02.944Z
sensor.camera_e_umidita,49.0,2026-08-19T06:53:07.770Z
sensor.camera_e_umidita,49.1,2026-08-19T07:28:17.988Z
sensor.camera_e_umidita,48.9,2026-08-19T07:43:22.795Z
sensor.camera_e_umidita,49.1,2026-08-19T08:03:27.823Z
sensor.camera_e_umidita,49.2,2026-08-19T08:18:31.918Z
sensor.camera_e_umidita,49.3,2026-08-19T08:33:35.770Z
sensor.camera_e_umidita,49.5,2026-08-19T08:53:40.774Z
sensor.camera_e_umidita,50.0,2026-08-19T09:13:44.764Z
sensor.camera_e_umidita,50.3,2026-08-19T09:28:47.906Z
sensor.camera_e_umidita,50.5,2026-08-19T09:58:54.925Z
sensor.camera_e_umidita,50.6,2026-08-19T10:19:00.952Z
sensor.camera_e_umidita,50.5,2026-08-19T10:39:06.903Z
sensor.camera_e_umidita,50.3,2026-08-19T10:59:11.926Z
sensor.camera_e_umidita,50.2,2026-08-19T11:14:16.763Z
sensor.camera_e_umidita,50.1,2026-08-19T11:54:26.772Z
sensor.camera_e_umidita,50.0,2026-08-19T12:09:30.932Z
sensor.camera_e_umidita,50.1,2026-08-19T12:29:36.939Z
sensor.camera_e_umidita,50.0,2026-08-19T13:04:47.782Z
sensor.camera_e_umidita,49.9,2026-08-19T13:39:57.925Z
sensor.camera_e_umidita,49.8,2026-08-19T14:00:04.937Z
sensor.camera_e_umidita,49.6,2026-08-19T14:15:09.767Z
sensor.camera_e_umidita,49.5,2026-08-19T14:35:15.789Z
sensor.camera_e_umidita,49.3,2026-08-19T14:55:20.802Z
sensor.camera_e_umidita,49.2,2026-08-19T15:30:29.969Z
sensor.camera_e_umidita,49.1,2026-08-19T15:45:33.797Z
sensor.camera_e_umidita,49.2,2026-08-19T16:40:48.970Z
sensor.camera_e_umidita,49.3,2026-08-19T17:51:08.931Z
sensor.camera_e_umidita,49.4,2026-08-19T19:01:28.965Z
sensor.camera_e_umidita,49.3,2026-08-19T19:21:33.904Z
sensor.camera_e_umidita,49.4,2026-08-19T19:36:37.811Z
sensor.camera_e_umidita,49.6,2026-08-19T21:07:02.784Z
sensor.camera_e_umidita,50.2,2026-08-19T21:27:08.777Z
sensor.camera_e_umidita,50.5,2026-08-19T21:42:12.912Z
sensor.camera_e_umidita,50.6,2026-08-19T22:17:26.812Z
sensor.camera_e_umidita,50.7,2026-08-19T22:37:32.785Z
sensor.camera_e_umidita,50.9,2026-08-19T22:52:36.959Z
sensor.camera_e_umidita,51.0,2026-08-19T23:12:42.923Z
sensor.camera_e_umidita,51.1,2026-08-19T23:27:47.767Z
sensor.camera_e_umidita,51.3,2026-08-19T23:47:53.792Z
sensor.camera_e_umidita,51.5,2026-08-20T00:02:57.908Z
sensor.camera_e_umidita,51.6,2026-08-20T00:23:02.981Z
sensor.camera_e_umidita,51.7,2026-08-20T01:38:24.761Z
sensor.camera_e_umidita,51.8,2026-08-20T02:13:32.900Z
sensor.camera_e_umidita,51.7,2026-08-20T02:43:39.890Z
sensor.camera_e_umidita,51.6,2026-08-20T03:18:47.738Z
sensor.camera_e_umidita,51.5,2026-08-20T03:38:52.737Z
sensor.camera_e_umidita,51.4,2026-08-20T03:58:58.774Z
sensor.camera_e_umidita,51.3,2026-08-20T05:39:25.762Z
sensor.camera_e_umidita,51.2,2026-08-20T05:59:31.755Z
sensor.camera_e_umidita,51.1,2026-08-20T06:14:35.965Z
sensor.camera_e_umidita,51.0,2026-08-20T06:29:39.764Z
sensor.camera_e_umidita,50.9,2026-08-20T06:49:44.769Z
sensor.camera_e_umidita,50.8,2026-08-20T07:04:48.947Z
sensor.camera_e_umidita,50.7,2026-08-20T07:19:53.794Z
sensor.camera_e_umidita,50.5,2026-08-20T07:39:59.780Z
sensor.camera_e_umidita,50.4,2026-08-20T07:55:04.942Z
sensor.camera_e_umidita,50.3,2026-08-20T08:25:12.904Z
sensor.camera_e_umidita,50.2,2026-08-20T09:20:27.763Z
sensor.camera_e_umidita,50.3,2026-08-20T09:35:31.000Z
sensor.camera_e_umidita,50.4,2026-08-20T10:25:47.890Z
sensor.camera_e_umidita,50.3,2026-08-20T11:00:56.753Z
sensor.camera_e_umidita,50.2,2026-08-20T11:15:59.879Z
sensor.camera_e_umidita,50.5,2026-08-20T11:36:03.914Z
sensor.camera_e_umidita,50.6,2026-08-20T11:56:08.944Z
sensor.camera_e_umidita,50.3,2026-08-20T12:11:13.758Z
sensor.camera_e_umidita,50.4,2026-08-20T12:26:16.883Z
sensor.camera_e_umidita,50.9,2026-08-20T12:46:21.018Z
sensor.camera_e_umidita,50.8,2026-08-20T13:06:25.906Z
sensor.camera_e_umidita,50.7,2026-08-20T13:21:28.801Z
sensor.camera_e_umidita,50.5,2026-08-20T13:42:04.777Z
sensor.camera_e_umidita,50.7,2026-08-20T13:57:08.928Z
sensor.camera_e_umidita,50.6,2026-08-20T14:17:14.893Z
sensor.camera_e_umidita,50.5,2026-08-20T14:32:18.774Z
sensor.camera_e_umidita,50.4,2026-08-20T14:47:21.945Z
sensor.camera_e_umidita,50.7,2026-08-20T15:27:31.943Z
sensor.camera_e_umidita,51.0,2026-08-20T15:42:35.765Z
sensor.camera_e_umidita,51.3,2026-08-20T16:02:40.768Z
sensor.camera_e_umidita,51.6,2026-08-20T16:17:43.914Z
sensor.camera_e_umidita,51.8,2026-08-20T16:37:47.905Z
sensor.camera_e_umidita,52.1,2026-08-20T16:52:51.761Z
sensor.camera_e_umidita,52.6,2026-08-20T17:07:54.922Z
sensor.camera_e_umidita,53.1,2026-08-20T17:28:01.109Z
sensor.camera_e_umidita,53.2,2026-08-20T17:43:05.780Z
sensor.camera_e_umidita,53.1,2026-08-20T18:18:14.987Z
sensor.camera_e_umidita,52.9,2026-08-20T18:53:23.812Z
sensor.camera_e_umidita,52.7,2026-08-20T19:23:31.753Z
sensor.camera_e_umidita,52.6,2026-08-20T19:43:36.759Z
sensor.camera_e_umidita,52.5,2026-08-20T20:38:51.028Z
sensor.camera_e_umidita,52.3,2026-08-20T20:53:55.874Z
sensor.camera_e_umidita,52.1,2026-08-20T21:14:01.888Z
sensor.camera_e_umidita,51.9,2026-08-20T21:34:07.890Z
sensor.camera_e_umidita,51.7,2026-08-20T21:49:12.086Z
sensor.camera_e_umidita,51.6,2026-08-20T22:39:27.003Z
sensor.camera_e_umidita,51.7,2026-08-20T22:59:33.109Z
sensor.camera_e_umidita,51.8,2026-08-21T00:09:54.013Z
sensor.camera_e_umidita,51.6,2026-08-21T00:30:01.068Z
sensor.camera_e_umidita,51.5,2026-08-21T01:05:12.864Z
sensor.camera_e_umidita,51.4,2026-08-21T01:25:18.878Z
sensor.camera_e_umidita,51.2,2026-08-21T02:15:34.866Z
sensor.camera_e_umidita,51.1,2026-08-21T02:50:45.019Z
sensor.camera_e_umidita,51.0,2026-08-21T03:10:52.031Z
sensor.camera_e_umidita,50.9,2026-08-21T03:41:01.029Z
sensor.camera_e_umidita,50.8,2026-08-21T04:36:18.878Z
sensor.camera_e_umidita,50.7,2026-08-21T05:26:33.902Z
sensor.camera_e_umidita,50.6,2026-08-21T05:41:39.103Z
sensor.camera_e_umidita,50.5,2026-08-21T06:01:45.060Z
sensor.camera_e_umidita,50.4,2026-08-21T06:16:50.877Z
sensor.camera_e_umidita,50.6,2026-08-21T06:36:56.929Z
sensor.camera_e_umidita,50.8,2026-08-21T06:57:03.909Z
sensor.camera_e_umidita,51.0,2026-08-21T07:12:09.008Z
sensor.camera_e_umidita,51.2,2026-08-21T07:32:15.040Z
sensor.camera_e_umidita,51.4,2026-08-21T07:47:19.901Z
sensor.camera_e_umidita,51.5,2026-08-21T08:02:25.072Z
sensor.camera_e_umidita,51.7,2026-08-21T08:22:30.904Z
sensor.camera_e_umidita,51.9,2026-08-21T08:42:34.921Z
sensor.camera_e_umidita,52.0,2026-08-21T09:02:43.933Z
sensor.camera_e_umidita,52.1,2026-08-21T09:57:59.782Z
sensor.camera_e_umidita,52.2,2026-08-21T10:33:08.888Z
sensor.camera_e_umidita,52.3,2026-08-21T10:48:12.754Z
sensor.camera_e_umidita,52.4,2026-08-21T11:23:21.903Z
sensor.camera_e_umidita,52.5,2026-08-21T11:43:25.918Z
sensor.camera_e_umidita,52.8,2026-08-21T12:18:35.777Z
sensor.camera_e_umidita,53.0,2026-08-21T12:33:39.907Z
sensor.camera_e_umidita,53.4,2026-08-21T12:53:44.910Z
sensor.camera_e_umidita,53.6,2026-08-21T13:08:48.764Z
sensor.camera_e_umidita,53.9,2026-08-21T13:28:54.790Z
sensor.camera_e_umidita,53.7,2026-08-21T13:48:59.793Z
sensor.camera_e_umidita,53.8,2026-08-21T14:24:09.923Z
sensor.camera_e_umidita,53.9,2026-08-21T14:44:16.924Z
sensor.camera_e_umidita,53.7,2026-08-21T15:04:22.910Z
sensor.camera_e_umidita,53.8,2026-08-21T15:39:30.776Z
sensor.camera_e_umidita,53.7,2026-08-21T16:29:44.761Z
sensor.camera_e_umidita,53.8,2026-08-21T16:49:49.775Z
sensor.camera_e_umidita,53.7,2026-08-21T17:04:54.045Z
sensor.camera_e_umidita,53.6,2026-08-21T17:24:59.938Z
sensor.camera_e_umidita,53.5,2026-08-21T17:45:06.912Z
sensor.camera_e_umidita,53.4,2026-08-21T18:00:10.834Z
sensor.camera_e_umidita,53.2,2026-08-21T18:15:13.984Z
sensor.camera_e_umidita,53.0,2026-08-21T18:35:20.040Z
sensor.camera_e_umidita,52.9,2026-08-21T18:55:25.923Z
sensor.camera_e_umidita,52.8,2026-08-21T19:45:39.913Z
sensor.camera_e_umidita,52.7,2026-08-21T20:20:48.747Z
sensor.camera_e_umidita,52.6,2026-08-21T20:35:52.964Z
sensor.camera_e_umidita,52.5,2026-08-21T21:11:01.749Z
sensor.camera_e_umidita,52.4,2026-08-21T21:26:05.971Z
sensor.camera_e_umidita,52.3,2026-08-21T21:46:10.937Z
sensor.camera_e_umidita,52.2,2026-08-21T22:01:15.756Z
sensor.camera_e_umidita,52.1,2026-08-21T22:16:19.973Z
sensor.camera_e_umidita,52.0,2026-08-21T22:36:25.924Z
sensor.camera_e_umidita,51.9,2026-08-21T22:51:29.775Z
sensor.camera_e_umidita,51.8,2026-08-21T23:06:32.896Z
sensor.camera_e_umidita,51.6,2026-08-21T23:26:36.898Z
sensor.camera_e_umidita,51.7,2026-08-21T23:46:41.989Z
sensor.camera_e_umidita,51.8,2026-08-22T00:36:54.992Z
sensor.camera_e_umidita,51.7,2026-08-22T00:51:59.748Z
sensor.camera_e_umidita,51.6,2026-08-22T01:27:08.908Z
sensor.camera_e_umidita,51.4,2026-08-22T01:57:15.967Z
sensor.camera_e_umidita,51.3,2026-08-22T02:32:24.739Z
sensor.camera_e_umidita,51.2,2026-08-22T03:57:44.931Z
sensor.camera_e_umidita,51.1,2026-08-22T04:37:55.941Z
sensor.camera_e_umidita,51.0,2026-08-22T04:52:59.761Z
sensor.camera_e_umidita,51.1,2026-08-22T05:43:11.771Z
sensor.camera_e_umidita,51.2,2026-08-22T06:03:16.830Z
sensor.camera_e_umidita,51.3,2026-08-22T06:38:24.916Z
sensor.camera_e_umidita,51.4,2026-08-22T06:53:28.773Z
sensor.camera_e_umidita,51.5,2026-08-22T07:13:33.796Z
sensor.camera_e_umidita,51.6,2026-08-22T07:53:44.785Z
sensor.camera_e_umidita,51.7,2026-08-22T08:08:48.965Z
sensor.camera_e_umidita,51.9,2026-08-22T08:28:54.942Z
sensor.camera_e_umidita,51.8,2026-08-22T09:04:04.815Z
sensor.camera_e_umidita,51.7,2026-08-22T09:24:10.832Z
sensor.camera_e_umidita,51.6,2026-08-22T09:39:14.929Z
sensor.camera_e_umidita,51.5,2026-08-22T09:59:20.915Z
sensor.camera_e_umidita,51.3,2026-08-22T10:14:24.779Z
sensor.camera_e_umidita,51.1,2026-08-22T10:34:30.756Z
sensor.camera_e_umidita,50.8,2026-08-22T11:29:44.927Z
sensor.camera_e_umidita,50.5,2026-08-22T11:44:49.777Z
sensor.camera_e_umidita,50.4,2026-08-22T12:14:58.797Z
sensor.camera_e_umidita,50.3,2026-08-22T12:50:07.991Z
sensor.camera_e_umidita,50.0,2026-08-22T13:20:24.922Z
sensor.camera_e_umidita,49.8,2026-08-22T13:40:29.952Z
sensor.camera_e_umidita,49.6,2026-08-22T13:55:33.813Z
sensor.camera_e_umidita,49.5,2026-08-22T14:10:37.955Z
sensor.camera_e_umidita,49.1,2026-08-22T14:30:42.995Z
sensor.camera_e_umidita,48.8,2026-08-22T14:45:46.773Z
sensor.camera_e_umidita,48.5,2026-08-22T15:05:55.792Z
sensor.camera_e_umidita,48.2,2026-08-22T15:20:59.935Z
sensor.camera_e_umidita,48.0,2026-08-22T15:56:08.767Z
sensor.camera_e_umidita,47.9,2026-08-22T16:11:13.002Z
sensor.camera_e_umidita,47.7,2026-08-22T16:31:17.932Z
sensor.camera_e_umidita,47.6,2026-08-22T16:46:22.791Z
sensor.camera_e_umidita,47.5,2026-08-22T17:06:28.789Z
sensor.camera_e_umidita,47.4,2026-08-22T17:46:40.774Z
sensor.camera_e_umidita,47.2,2026-08-22T18:01:44.940Z
sensor.camera_e_umidita,47.3,2026-08-22T18:56:58.758Z
sensor.camera_e_umidita,47.4,2026-08-22T19:17:04.775Z
sensor.camera_e_umidita,47.5,2026-08-22T19:32:07.919Z
sensor.camera_e_umidita,47.7,2026-08-22T19:47:10.780Z
sensor.camera_e_umidita,47.8,2026-08-22T20:17:17.795Z
sensor.camera_e_umidita,48.2,2026-08-22T20:37:22.753Z
sensor.camera_e_umidita,48.5,2026-08-22T20:57:27.756Z
sensor.camera_e_umidita,48.7,2026-08-22T21:12:31.984Z
sensor.camera_e_umidita,48.6,2026-08-22T21:32:37.997Z
sensor.camera_e_umidita,48.5,2026-08-22T21:47:41.767Z
sensor.camera_e_umidita,48.6,2026-08-22T22:42:59.957Z
sensor.camera_e_umidita,48.7,2026-08-22T23:53:19.902Z
sensor.camera_e_umidita,48.6,2026-08-23T00:48:31.774Z
sensor.camera_e_umidita,48.7,2026-08-23T01:03:35.004Z
sensor.camera_e_umidita,48.6,2026-08-23T01:38:45.748Z
sensor.camera_e_umidita,48.7,2026-08-23T02:49:03.763Z
sensor.camera_e_umidita,48.9,2026-08-23T03:04:07.905Z
sensor.camera_e_umidita,49.0,2026-08-23T03:24:12.947Z
sensor.camera_e_umidita,49.1,2026-08-23T03:39:17.766Z
sensor.camera_e_umidita,49.2,2026-08-23T03:54:21.970Z
sensor.camera_e_umidita,49.4,2026-08-23T04:29:34.762Z
sensor.camera_e_umidita,49.6,2026-08-23T05:04:44.928Z
sensor.camera_e_umidita,49.8,2026-08-23T05:19:49.760Z
sensor.camera_e_umidita,49.9,2026-08-23T05:39:55.770Z
sensor.camera_e_umidita,49.8,2026-08-23T06:00:02.486Z
sensor.camera_e_umidita,49.7,2026-08-23T06:50:15.776Z
sensor.camera_e_umidita,49.6,2026-08-23T08:30:42.838Z
sensor.camera_e_umidita,49.5,2026-08-23T09:41:03.790Z
sensor.camera_e_umidita,49.4,2026-08-23T10:36:18.883Z
sensor.camera_e_umidita,49.5,2026-08-23T10:51:22.785Z
sensor.camera_e_umidita,49.4,2026-08-23T11:11:27.760Z
sensor.camera_e_umidita,49.5,2026-08-23T12:41:49.776Z
sensor.camera_e_umidita,49.4,2026-08-23T13:32:04.839Z
sensor.camera_e_umidita,49.3,2026-08-23T14:42:28.771Z
sensor.camera_e_umidita,49.2,2026-08-23T15:02:33.805Z
sensor.camera_e_umidita,49.1,2026-08-23T15:22:43.751Z
sensor.camera_e_umidita,49.0,2026-08-23T16:28:01.992Z
sensor.camera_e_umidita,48.9,2026-08-23T17:38:22.008Z
sensor.camera_e_umidita,49.0,2026-08-23T18:53:41.795Z
sensor.camera_e_umidita,49.1,2026-08-23T19:43:53.798Z
sensor.camera_e_umidita,49.2,2026-08-23T20:24:03.791Z
sensor.camera_e_umidita,49.3,2026-08-23T20:39:07.945Z
sensor.camera_e_umidita,49.4,2026-08-23T20:59:13.931Z
sensor.camera_e_umidita,49.7,2026-08-23T21:19:19.928Z
sensor.camera_e_umidita,49.8,2026-08-23T21:34:24.786Z
sensor.camera_e_umidita,49.9,2026-08-23T21:54:29.768Z
sensor.camera_e_umidita,50.0,2026-08-23T22:09:33.895Z
sensor.camera_e_umidita,49.8,2026-08-23T22:29:37.975Z
sensor.camera_e_umidita,49.7,2026-08-23T23:04:47.775Z
sensor.camera_e_umidita,49.8,2026-08-24T00:15:05.776Z
sensor.camera_e_umidita,49.9,2026-08-24T00:50:14.983Z
sensor.camera_e_umidita,50.0,2026-08-24T01:25:24.775Z
sensor.camera_e_umidita,50.2,2026-08-24T02:35:41.769Z
sensor.camera_e_umidita,50.1,2026-08-24T02:55:46.827Z
sensor.camera_e_umidita,50.2,2026-08-24T03:15:52.794Z
sensor.camera_e_umidita,50.3,2026-08-24T03:51:02.974Z
sensor.camera_e_umidita,50.4,2026-08-24T04:41:16.997Z
sensor.camera_e_umidita,50.6,2026-08-24T06:31:46.968Z
sensor.camera_e_umidita,50.7,2026-08-24T07:11:58.943Z
sensor.camera_e_umidita,50.8,2026-08-24T07:47:08.782Z
sensor.camera_e_umidita,50.9,2026-08-24T08:57:28.805Z
sensor.camera_e_umidita,51.0,2026-08-24T09:32:37.009Z
sensor.camera_e_umidita,50.9,2026-08-24T09:47:41.814Z
sensor.camera_e_umidita,51.1,2026-08-24T10:02:56.922Z
sensor.camera_e_umidita,51.2,2026-08-24T10:23:01.909Z
sensor.camera_e_umidita,51.3,2026-08-24T10:38:09.755Z
sensor.camera_e_umidita,51.2,2026-08-24T10:58:15.777Z
sensor.camera_e_umidita,51.0,2026-08-24T11:28:24.785Z
sensor.camera_e_umidita,50.9,2026-08-24T11:48:30.777Z
sensor.camera_e_umidita,50.8,2026-08-24T12:08:36.761Z
sensor.camera_e_umidita,50.9,2026-08-24T12:23:41.033Z
sensor.camera_e_umidita,50.8,2026-08-24T12:43:47.015Z
sensor.camera_e_umidita,50.7,2026-08-24T13:03:52.977Z
sensor.camera_e_umidita,50.6,2026-08-24T13:18:57.773Z
sensor.camera_e_umidita,50.5,2026-08-24T14:09:12.793Z
sensor.camera_e_umidita,50.3,2026-08-24T14:39:20.809Z
sensor.camera_e_umidita,50.2,2026-08-24T15:14:28.911Z
sensor.camera_e_umidita,50.1,2026-08-24T15:34:32.918Z
sensor.camera_e_umidita,50.0,2026-08-24T16:09:41.782Z
sensor.camera_e_umidita,49.8,2026-08-24T16:49:53.787Z
sensor.camera_e_umidita,49.7,2026-08-24T17:04:57.983Z
sensor.camera_e_umidita,49.8,2026-08-24T19:25:49.984Z
sensor.camera_e_umidita,49.9,2026-08-24T20:00:59.768Z
sensor.camera_e_umidita,50.0,2026-08-24T20:46:12.939Z
sensor.camera_e_umidita,50.1,2026-08-24T21:06:18.968Z
sensor.camera_e_umidita,50.2,2026-08-24T21:21:26.776Z
sensor.camera_e_umidita,50.3,2026-08-24T22:01:39.771Z
sensor.camera_e_umidita,50.4,2026-08-24T22:16:43.946Z
sensor.camera_e_umidita,50.3,2026-08-24T22:36:49.929Z
sensor.camera_e_umidita,50.2,2026-08-24T22:51:54.782Z
sensor.camera_e_umidita,50.1,2026-08-25T00:07:15.929Z
sensor.camera_e_umidita,50.2,2026-08-25T00:42:25.780Z
sensor.camera_e_umidita,50.3,2026-08-25T01:17:34.931Z
sensor.camera_e_umidita,50.4,2026-08-25T01:32:38.779Z
sensor.camera_e_umidita,50.5,2026-08-25T02:02:47.755Z
sensor.camera_e_umidita,50.6,2026-08-25T02:22:52.754Z
sensor.camera_e_umidita,50.7,2026-08-25T02:58:00.953Z
sensor.camera_e_umidita,50.8,2026-08-25T03:13:05.766Z
sensor.camera_e_umidita,50.9,2026-08-25T03:48:13.955Z
sensor.camera_e_umidita,51.1,2026-08-25T04:23:21.766Z
sensor.camera_e_umidita,51.0,2026-08-25T04:58:31.898Z
sensor.camera_e_umidita,51.1,2026-08-25T05:13:34.739Z
sensor.camera_e_umidita,51.2,2026-08-25T05:33:40.794Z
sensor.camera_e_umidita,51.3,2026-08-25T06:23:55.806Z
sensor.camera_e_umidita,51.2,2026-08-25T06:59:03.907Z
sensor.camera_e_umidita,51.3,2026-08-25T07:14:06.803Z
sensor.camera_e_umidita,51.5,2026-08-25T08:04:21.843Z
sensor.camera_e_umidita,51.4,2026-08-25T08:24:26.751Z
sensor.camera_e_umidita,51.7,2026-08-25T08:44:31.767Z
sensor.camera_e_umidita,51.8,2026-08-25T08:59:35.988Z
sensor.camera_e_umidita,51.9,2026-08-25T09:14:40.789Z
sensor.camera_e_umidita,52.0,2026-08-25T09:34:46.785Z
sensor.camera_e_umidita,52.1,2026-08-25T10:09:55.896Z
sensor.camera_e_umidita,52.2,2026-08-25T10:24:59.794Z
sensor.camera_e_umidita,52.3,2026-08-25T11:55:25.796Z
sensor.camera_e_umidita,52.2,2026-08-25T12:10:29.916Z
sensor.camera_e_umidita,52.1,2026-08-25T13:10:47.940Z
sensor.camera_e_umidita,52.0,2026-08-25T13:30:53.941Z
sensor.camera_e_umidita,51.9,2026-08-25T14:56:17.767Z
sensor.camera_e_umidita,51.8,2026-08-25T15:51:31.918Z
sensor.camera_e_umidita,51.9,2026-08-25T16:11:35.954Z
sensor.camera_e_umidita,52.0,2026-08-25T16:31:40.910Z
sensor.camera_e_umidita,52.4,2026-08-25T16:51:45.955Z
sensor.camera_e_umidita,52.2,2026-08-25T17:06:50.803Z
sensor.camera_e_umidita,52.5,2026-08-25T17:26:56.776Z
sensor.camera_e_umidita,52.4,2026-08-25T17:47:02.806Z
sensor.camera_e_umidita,52.3,2026-08-25T18:07:08.758Z
sensor.camera_e_umidita,52.4,2026-08-25T18:42:17.545Z
sensor.camera_e_umidita,52.5,2026-08-25T19:02:21.962Z
sensor.camera_e_umidita,52.4,2026-08-25T19:17:26.762Z
sensor.camera_e_umidita,52.6,2026-08-25T19:37:32.763Z
sensor.camera_e_umidita,52.7,2026-08-25T20:12:41.935Z
sensor.camera_e_umidita,52.8,2026-08-25T20:27:46.775Z
sensor.camera_e_umidita,52.9,2026-08-25T20:47:52.757Z
sensor.camera_e_umidita,53.0,2026-08-25T21:07:58.755Z
sensor.camera_e_umidita,52.9,2026-08-25T21:28:03.789Z
sensor.camera_e_umidita,53.0,2026-08-25T21:58:09.754Z
sensor.camera_e_umidita,52.9,2026-08-25T22:13:14.006Z
sensor.camera_e_umidita,52.8,2026-08-25T22:33:19.921Z
sensor.camera_e_umidita,52.7,2026-08-25T23:23:32.980Z
sensor.camera_e_umidita,52.6,2026-08-25T23:43:38.944Z
sensor.camera_e_umidita,52.7,2026-08-26T00:18:48.785Z
sensor.camera_e_umidita,52.8,2026-08-26T00:53:56.905Z
sensor.camera_e_umidita,52.9,2026-08-26T01:44:09.927Z
sensor.camera_e_umidita,53.0,2026-08-26T02:04:15.948Z
sensor.camera_e_umidita,53.1,2026-08-26T02:24:21.994Z
sensor.camera_e_umidita,53.3,2026-08-26T03:14:37.933Z
sensor.camera_e_umidita,53.5,2026-08-26T04:09:53.815Z
sensor.camera_e_umidita,53.6,2026-08-26T05:05:09.947Z
sensor.camera_e_umidita,53.7,2026-08-26T05:20:14.779Z
sensor.camera_e_umidita,53.8,2026-08-26T06:15:30.027Z
sensor.camera_e_umidita,53.7,2026-08-26T06:35:35.981Z
sensor.camera_e_umidita,54.0,2026-08-26T06:50:40.767Z
sensor.camera_e_umidita,53.9,2026-08-26T07:05:44.924Z
sensor.camera_e_umidita,53.8,2026-08-26T08:21:07.810Z
sensor.camera_e_umidita,53.7,2026-08-26T09:31:28.805Z
sensor.camera_e_umidita,53.6,2026-08-26T11:01:54.785Z
sensor.camera_e_umidita,53.5,2026-08-26T11:16:59.018Z
sensor.camera_e_umidita,53.6,2026-08-26T11:37:04.952Z
sensor.camera_e_umidita,53.7,2026-08-26T11:52:38.478Z
sensor.camera_e_umidita,53.6,2026-08-26T12:43:07.781Z
sensor.camera_e_umidita,53.5,2026-08-26T13:03:13.806Z
binary_sensor.camera_elena_potenza,off,2026-08-04T12:32:39.962Z
binary_sensor.camera_elena_connettivita,on,2026-08-04T12:32:39.962Z
binary_sensor.camera_elena_sovrapponi,on,2026-08-04T12:32:39.962Z
binary_sensor.camera_elena_finestra,off,2026-08-04T12:32:39.962Z
binary_sensor.camera_elena_inizio_anticipato,off,2026-08-04T12:32:39.962Z
sensor.camera_elena_modalita_tado,HOME,2026-08-04T12:32:39.972Z
switch.camera_elena_child_lock,unavailable,2026-08-01T08:24:38.502Z
