entity_id,state,last_changed,current_temperature,hvac_action,target_temp_high,target_temp_low,temperature
sensor.corridoio_temperatura,unavailable,2026-08-01T08:24:38.486Z
sensor.corridoio_temperatura_2,17.15350043638889,2025-12-31T23:00:00.000Z
sensor.corridoio_temperatura_2,17.04346367232778,2026-01-01T00:00:00.000Z
sensor.corridoio_temperatura_2,16.925184345730557,2026-01-01T01:00:00.000Z
sensor.corridoio_temperatura_2,16.877008128455557,2026-01-01T02:00:00.000Z
sensor.corridoio_temperatura_2,16.81100164223889,2026-01-01T03:00:00.000Z
sensor.corridoio_temperatura_2,16.74836000035278,2026-01-01T04:00:00.000Z
sensor.corridoio_temperatura_2,16.69895504081111,2026-01-01T05:00:00.000Z
sensor.corridoio_temperatura_2,16.785880094502776,2026-01-01T06:00:00.000Z
sensor.corridoio_temperatura_2,16.896950573394445,2026-01-01T07:00:00.000Z
sensor.corridoio_temperatura_2,16.9398834068,2026-01-01T08:00:00.000Z
sensor.corridoio_temperatura_2,17.106069474469447,2026-01-01T09:00:00.000Z
sensor.corridoio_temperatura_2,17.45787685213611,2026-01-01T10:00:00.000Z
sensor.corridoio_temperatura_2,17.649839572075,2026-01-01T11:00:00.000Z
sensor.corridoio_temperatura_2,17.81709830221389,2026-01-01T12:00:00.000Z
sensor.corridoio_temperatura_2,18.046359652083336,2026-01-01T13:00:00.000Z
sensor.corridoio_temperatura_2,18.259861108080553,2026-01-01T14:00:00.000Z
sensor.corridoio_temperatura_2,18.361362036263888,2026-01-01T15:00:00.000Z
sensor.corridoio_temperatura_2,18.57643289151389,2026-01-01T16:00:00.000Z
sensor.corridoio_temperatura_2,18.733821048805556,2026-01-01T17:00:00.000Z
sensor.corridoio_temperatura_2,19.02274736277778,2026-01-01T18:00:00.000Z
sensor.corridoio_temperatura_2,19.198528911141665,2026-01-01T19:00:00.000Z
sensor.corridoio_temperatura_2,19.276504085097223,2026-01-01T20:00:00.000Z
sensor.corridoio_temperatura_2,19.386825412377778,2026-01-01T21:00:00.000Z
sensor.corridoio_temperatura_2,19.430171072411113,2026-01-01T22:00:00.000Z
sensor.corridoio_temperatura_2,19.14230809261389,2026-01-01T23:00:00.000Z
sensor.corridoio_temperatura_2,18.960486773719445,2026-01-02T00:00:00.000Z
sensor.corridoio_temperatura_2,18.76159642065278,2026-01-02T01:00:00.000Z
sensor.corridoio_temperatura_2,18.600410567555556,2026-01-02T02:00:00.000Z
sensor.corridoio_temperatura_2,18.440863984977778,2026-01-02T03:00:00.000Z
sensor.corridoio_temperatura_2,18.321390288169443,2026-01-02T04:00:00.000Z
sensor.corridoio_temperatura_2,18.205694913075,2026-01-02T05:00:00.000Z
sensor.corridoio_temperatura_2,18.21302107246111,2026-01-02T06:00:00.000Z
sensor.corridoio_temperatura_2,18.271113247933332,2026-01-02T07:00:00.000Z
sensor.corridoio_temperatura_2,18.314501377258335,2026-01-02T08:00:00.000Z
sensor.corridoio_temperatura_2,18.310729362594444,2026-01-02T09:00:00.000Z
sensor.corridoio_temperatura_2,18.260273927413888,2026-01-02T10:00:00.000Z
sensor.corridoio_temperatura_2,18.421983877702775,2026-01-02T11:00:00.000Z
sensor.corridoio_temperatura_2,18.66716412788611,2026-01-02T12:00:00.000Z
sensor.corridoio_temperatura_2,18.843343125375,2026-01-02T13:00:00.000Z
sensor.corridoio_temperatura_2,19.0289440032,2026-01-02T14:00:00.000Z
sensor.corridoio_temperatura_2,19.238076601427778,2026-01-02T15:00:00.000Z
sensor.corridoio_temperatura_2,19.205331956477778,2026-01-02T16:00:00.000Z
sensor.corridoio_temperatura_2,19.064622667305557,2026-01-02T17:00:00.000Z
sensor.corridoio_temperatura_2,18.998275366308334,2026-01-02T18:00:00.000Z
sensor.corridoio_temperatura_2,18.814846588333335,2026-01-02T19:00:00.000Z
sensor.corridoio_temperatura_2,18.721865088319444,2026-01-02T20:00:00.000Z
sensor.corridoio_temperatura_2,18.67205011565,2026-01-02T21:00:00.000Z
sensor.corridoio_temperatura_2,18.66035450206111,2026-01-02T22:00:00.000Z
sensor.corridoio_temperatura_2,18.694164623055556,2026-01-02T23:00:00.000Z
sensor.corridoio_temperatura_2,18.60863891563611,2026-01-03T00:00:00.000Z
sensor.corridoio_temperatura_2,18.49472404646389,2026-01-03T01:00:00.000Z
sensor.corridoio_temperatura_2,18.413071471744445,2026-01-03T02:00:00.000Z
sensor.corridoio_temperatura_2,18.330350155805554,2026-01-03T03:00:00.000Z
sensor.corridoio_temperatura_2,18.245727859013886,2026-01-03T04:00:00.000Z
sensor.corridoio_temperatura_2,18.18935226175,2026-01-03T05:00:00.000Z
sensor.corridoio_temperatura_2,18.124274446963888,2026-01-03T06:00:00.000Z
sensor.corridoio_temperatura_2,18.058215213913886,2026-01-03T07:00:00.000Z
sensor.corridoio_temperatura_2,18.05009513144722,2026-01-03T08:00:00.000Z
sensor.corridoio_temperatura_2,18.11508788489167,2026-01-03T09:00:00.000Z
sensor.corridoio_temperatura_2,18.359405372755557,2026-01-03T10:00:00.000Z
sensor.corridoio_temperatura_2,18.65073383768889,2026-01-03T11:00:00.000Z
sensor.corridoio_temperatura_2,18.802080542086113,2026-01-03T12:00:00.000Z
sensor.corridoio_temperatura_2,18.759600165752776,2026-01-03T13:00:00.000Z
sensor.corridoio_temperatura_2,18.79006571056667,2026-01-03T14:00:00.000Z
sensor.corridoio_temperatura_2,18.739039376088886,2026-01-03T15:00:00.000Z
sensor.corridoio_temperatura_2,18.709449425916667,2026-01-03T16:00:00.000Z
sensor.corridoio_temperatura_2,18.693986760597223,2026-01-03T17:00:00.000Z
sensor.corridoio_temperatura_2,18.753386069125003,2026-01-03T18:00:00.000Z
sensor.corridoio_temperatura_2,18.696276856805557,2026-01-03T19:00:00.000Z
sensor.corridoio_temperatura_2,18.624059371880556,2026-01-03T20:00:00.000Z
sensor.corridoio_temperatura_2,18.533698657730554,2026-01-03T21:00:00.000Z
sensor.corridoio_temperatura_2,18.427733445125,2026-01-03T22:00:00.000Z
sensor.corridoio_temperatura_2,18.310402073630556,2026-01-03T23:00:00.000Z
sensor.corridoio_temperatura_2,18.184805586944446,2026-01-04T00:00:00.000Z
sensor.corridoio_temperatura_2,18.062621288558333,2026-01-04T01:00:00.000Z
sensor.corridoio_temperatura_2,18.02179951595278,2026-01-04T02:00:00.000Z
sensor.corridoio_temperatura_2,17.978799083322222,2026-01-04T03:00:00.000Z
sensor.corridoio_temperatura_2,17.913383529269446,2026-01-04T04:00:00.000Z
sensor.corridoio_temperatura_2,17.85661917061111,2026-01-04T05:00:00.000Z
sensor.corridoio_temperatura_2,17.820738899494444,2026-01-04T06:00:00.000Z
sensor.corridoio_temperatura_2,17.769887277516666,2026-01-04T07:00:00.000Z
sensor.corridoio_temperatura_2,17.75616673913611,2026-01-04T08:00:00.000Z
sensor.corridoio_temperatura_2,17.871141296055555,2026-01-04T09:00:00.000Z
sensor.corridoio_temperatura_2,17.979311629608336,2026-01-04T10:00:00.000Z
sensor.corridoio_temperatura_2,18.087722797444446,2026-01-04T11:00:00.000Z
sensor.corridoio_temperatura_2,18.192337174680556,2026-01-04T12:00:00.000Z
sensor.corridoio_temperatura_2,18.327788836669445,2026-01-04T13:00:00.000Z
sensor.corridoio_temperatura_2,18.644193209408332,2026-01-04T14:00:00.000Z
sensor.corridoio_temperatura_2,18.98674282612222,2026-01-04T15:00:00.000Z
sensor.corridoio_temperatura_2,19.213781929347224,2026-01-04T16:00:00.000Z
sensor.corridoio_temperatura_2,19.458543625325,2026-01-04T17:00:00.000Z
sensor.corridoio_temperatura_2,19.449002344066667,2026-01-04T18:00:00.000Z
sensor.corridoio_temperatura_2,19.25818235948333,2026-01-04T19:00:00.000Z
sensor.corridoio_temperatura_2,19.184404474819445,2026-01-04T20:00:00.000Z
sensor.corridoio_temperatura_2,19.16501170961389,2026-01-04T21:00:00.000Z
sensor.corridoio_temperatura_2,18.98951548308889,2026-01-04T22:00:00.000Z
sensor.corridoio_temperatura_2,18.91107047026667,2026-01-04T23:00:00.000Z
sensor.corridoio_temperatura_2,18.765443686430554,2026-01-05T00:00:00.000Z
sensor.corridoio_temperatura_2,18.629250170672222,2026-01-05T01:00:00.000Z
sensor.corridoio_temperatura_2,18.502740014186113,2026-01-05T02:00:00.000Z
sensor.corridoio_temperatura_2,18.377424940083333,2026-01-05T03:00:00.000Z
sensor.corridoio_temperatura_2,18.28608861394167,2026-01-05T04:00:00.000Z
sensor.corridoio_temperatura_2,18.17324797482222,2026-01-05T05:00:00.000Z
sensor.corridoio_temperatura_2,18.195567694311112,2026-01-05T06:00:00.000Z
sensor.corridoio_temperatura_2,18.34018081966389,2026-01-05T07:00:00.000Z
sensor.corridoio_temperatura_2,18.41612635392778,2026-01-05T08:00:00.000Z
sensor.corridoio_temperatura_2,18.402438035575,2026-01-05T09:00:00.000Z
sensor.corridoio_temperatura_2,18.329222814083334,2026-01-05T10:00:00.000Z
sensor.corridoio_temperatura_2,18.32150093395,2026-01-05T11:00:00.000Z
sensor.corridoio_temperatura_2,18.247006427686113,2026-01-05T12:00:00.000Z
sensor.corridoio_temperatura_2,18.20473755543889,2026-01-05T13:00:00.000Z
sensor.corridoio_temperatura_2,18.150463669369444,2026-01-05T14:00:00.000Z
sensor.corridoio_temperatura_2,18.039515572172224,2026-01-05T15:00:00.000Z
sensor.corridoio_temperatura_2,18.105573004902777,2026-01-05T16:00:00.000Z
sensor.corridoio_temperatura_2,18.28329848701389,2026-01-05T17:00:00.000Z
sensor.corridoio_temperatura_2,18.312621590724998,2026-01-05T18:00:00.000Z
sensor.corridoio_temperatura_2,18.377266200727778,2026-01-05T19:00:00.000Z
sensor.corridoio_temperatura_2,18.469064515247222,2026-01-05T20:00:00.000Z
sensor.corridoio_temperatura_2,18.527277677294446,2026-01-05T21:00:00.000Z
sensor.corridoio_temperatura_2,18.535048264630557,2026-01-05T22:00:00.000Z
sensor.corridoio_temperatura_2,18.46151182608788,2026-01-05T23:00:00.000Z
sensor.corridoio_temperatura_2,18.409017449219444,2026-01-06T00:00:00.000Z
sensor.corridoio_temperatura_2,18.30824515326111,2026-01-06T01:00:00.000Z
sensor.corridoio_temperatura_2,18.2136270385,2026-01-06T02:00:00.000Z
sensor.corridoio_temperatura_2,18.11241785257222,2026-01-06T03:00:00.000Z
sensor.corridoio_temperatura_2,18.004852659875,2026-01-06T04:00:00.000Z
sensor.corridoio_temperatura_2,17.889812325127778,2026-01-06T05:00:00.000Z
sensor.corridoio_temperatura_2,17.98419338171389,2026-01-06T06:00:00.000Z
sensor.corridoio_temperatura_2,18.176808255583335,2026-01-06T07:00:00.000Z
sensor.corridoio_temperatura_2,18.256054438541668,2026-01-06T08:00:00.000Z
sensor.corridoio_temperatura_2,18.20693733216389,2026-01-06T09:00:00.000Z
sensor.corridoio_temperatura_2,18.417474519219443,2026-01-06T10:00:00.000Z
sensor.corridoio_temperatura_2,18.64619526515,2026-01-06T11:00:00.000Z
sensor.corridoio_temperatura_2,18.748914227447223,2026-01-06T12:00:00.000Z
sensor.corridoio_temperatura_2,18.79341988391111,2026-01-06T13:00:00.000Z
sensor.corridoio_temperatura_2,18.995562048997222,2026-01-06T14:00:00.000Z
sensor.corridoio_temperatura_2,18.98762479101389,2026-01-06T15:00:00.000Z
sensor.corridoio_temperatura_2,18.808264910547223,2026-01-06T16:00:00.000Z
sensor.corridoio_temperatura_2,18.79800741972222,2026-01-06T17:00:00.000Z
sensor.corridoio_temperatura_2,18.81814973833611,2026-01-06T18:00:00.000Z
sensor.corridoio_temperatura_2,18.84957291906389,2026-01-06T19:00:00.000Z
sensor.corridoio_temperatura_2,18.865116473169447,2026-01-06T20:00:00.000Z
sensor.corridoio_temperatura_2,18.804367762644443,2026-01-06T21:00:00.000Z
sensor.corridoio_temperatura_2,18.682702566322224,2026-01-06T22:00:00.000Z
sensor.corridoio_temperatura_2,18.637010529630555,2026-01-06T23:00:00.000Z
sensor.corridoio_temperatura_2,18.564373915166666,2026-01-07T00:00:00.000Z
sensor.corridoio_temperatura_2,18.451629390052776,2026-01-07T01:00:00.000Z
sensor.corridoio_temperatura_2,18.347513762130557,2026-01-07T02:00:00.000Z
sensor.corridoio_temperatura_2,18.252572684975,2026-01-07T03:00:00.000Z
sensor.corridoio_temperatura_2,18.14889022571111,2026-01-07T04:00:00.000Z
sensor.corridoio_temperatura_2,18.034585178669445,2026-01-07T05:00:00.000Z
sensor.corridoio_temperatura_2,18.086032063486112,2026-01-07T06:00:00.000Z
sensor.corridoio_temperatura_2,18.197305459591664,2026-01-07T07:00:00.000Z
sensor.corridoio_temperatura_2,18.167422595602776,2026-01-07T08:00:00.000Z
sensor.corridoio_temperatura_2,18.13800889478889,2026-01-07T09:00:00.000Z
sensor.corridoio_temperatura_2,18.130782692569444,2026-01-07T10:00:00.000Z
sensor.corridoio_temperatura_2,18.1066125899,2026-01-07T11:00:00.000Z
sensor.corridoio_temperatura_2,18.116521329155557,2026-01-07T12:00:00.000Z
sensor.corridoio_temperatura_2,18.137108487172224,2026-01-07T13:00:00.000Z
sensor.corridoio_temperatura_2,18.226024531625,2026-01-07T14:00:00.000Z
sensor.corridoio_temperatura_2,18.255585417833334,2026-01-07T15:00:00.000Z
sensor.corridoio_temperatura_2,18.22883695831111,2026-01-07T16:00:00.000Z
sensor.corridoio_temperatura_2,18.251815411488888,2026-01-07T17:00:00.000Z
sensor.corridoio_temperatura_2,18.279013088455557,2026-01-07T18:00:00.000Z
sensor.corridoio_temperatura_2,18.35612162269722,2026-01-07T19:00:00.000Z
sensor.corridoio_temperatura_2,18.41561739228889,2026-01-07T20:00:00.000Z
sensor.corridoio_temperatura_2,18.428590170875,2026-01-07T21:00:00.000Z
sensor.corridoio_temperatura_2,18.442439736433332,2026-01-07T22:00:00.000Z
sensor.corridoio_temperatura_2,18.382545201658335,2026-01-07T23:00:00.000Z
sensor.corridoio_temperatura_2,18.294477631808334,2026-01-08T00:00:00.000Z
sensor.corridoio_temperatura_2,18.176051097475,2026-01-08T01:00:00.000Z
sensor.corridoio_temperatura_2,18.073460465819444,2026-01-08T02:00:00.000Z
sensor.corridoio_temperatura_2,17.964196138897222,2026-01-08T03:00:00.000Z
sensor.corridoio_temperatura_2,17.847378833413888,2026-01-08T04:00:00.000Z
sensor.corridoio_temperatura_2,17.763855118511113,2026-01-08T05:00:00.000Z
sensor.corridoio_temperatura_2,17.88740468613611,2026-01-08T06:00:00.000Z
sensor.corridoio_temperatura_2,17.995080229205556,2026-01-08T07:00:00.000Z
sensor.corridoio_temperatura_2,17.965563153375,2026-01-08T08:00:00.000Z
sensor.corridoio_temperatura_2,17.941324778372223,2026-01-08T09:00:00.000Z
sensor.corridoio_temperatura_2,17.951732755922222,2026-01-08T10:00:00.000Z
sensor.corridoio_temperatura_2,17.91415314908889,2026-01-08T11:00:00.000Z
sensor.corridoio_temperatura_2,17.886286897691665,2026-01-08T12:00:00.000Z
sensor.corridoio_temperatura_2,17.87770252626389,2026-01-08T13:00:00.000Z
sensor.corridoio_temperatura_2,17.952392546605555,2026-01-08T14:00:00.000Z
sensor.corridoio_temperatura_2,18.006114934897223,2026-01-08T15:00:00.000Z
sensor.corridoio_temperatura_2,18.042228787724998,2026-01-08T16:00:00.000Z
sensor.corridoio_temperatura_2,18.117236464138887,2026-01-08T17:00:00.000Z
sensor.corridoio_temperatura_2,18.13665083550833,2026-01-08T18:00:00.000Z
sensor.corridoio_temperatura_2,18.190142617305558,2026-01-08T19:00:00.000Z
sensor.corridoio_temperatura_2,18.50292164735,2026-01-08T20:00:00.000Z
sensor.corridoio_temperatura_2,18.82880889175278,2026-01-08T21:00:00.000Z
sensor.corridoio_temperatura_2,19.013204523377777,2026-01-08T22:00:00.000Z
sensor.corridoio_temperatura_2,18.85144040078889,2026-01-08T23:00:00.000Z
sensor.corridoio_temperatura_2,18.670176195405556,2026-01-09T00:00:00.000Z
sensor.corridoio_temperatura_2,18.516329738213887,2026-01-09T01:00:00.000Z
sensor.corridoio_temperatura_2,18.377444433641667,2026-01-09T02:00:00.000Z
sensor.corridoio_temperatura_2,18.267206366022222,2026-01-09T03:00:00.000Z
sensor.corridoio_temperatura_2,18.169554886733334,2026-01-09T04:00:00.000Z
sensor.corridoio_temperatura_2,18.049244309002777,2026-01-09T05:00:00.000Z
sensor.corridoio_temperatura_2,18.092601882730555,2026-01-09T06:00:00.000Z
sensor.corridoio_temperatura_2,18.20280771125,2026-01-09T07:00:00.000Z
sensor.corridoio_temperatura_2,18.185660576344443,2026-01-09T08:00:00.000Z
sensor.corridoio_temperatura_2,18.14477200427778,2026-01-09T09:00:00.000Z
sensor.corridoio_temperatura_2,18.11086825165278,2026-01-09T10:00:00.000Z
sensor.corridoio_temperatura_2,18.054532920752777,2026-01-09T11:00:00.000Z
sensor.corridoio_temperatura_2,18.011092147902776,2026-01-09T12:00:00.000Z
sensor.corridoio_temperatura_2,17.963486722463887,2026-01-09T13:00:00.000Z
sensor.corridoio_temperatura_2,17.963919015658334,2026-01-09T14:00:00.000Z
sensor.corridoio_temperatura_2,18.03755803,2026-01-09T15:00:00.000Z
sensor.corridoio_temperatura_2,18.065720674375,2026-01-09T16:00:00.000Z
sensor.corridoio_temperatura_2,18.06222724831389,2026-01-09T17:00:00.000Z
sensor.corridoio_temperatura_2,18.11286634601111,2026-01-09T18:00:00.000Z
sensor.corridoio_temperatura_2,18.157630351708335,2026-01-09T19:00:00.000Z
sensor.corridoio_temperatura_2,18.34333935355,2026-01-09T20:00:00.000Z
sensor.corridoio_temperatura_2,18.680790572608334,2026-01-09T21:00:00.000Z
sensor.corridoio_temperatura_2,18.884806102088888,2026-01-09T22:00:00.000Z
sensor.corridoio_temperatura_2,18.656798572977777,2026-01-09T23:00:00.000Z
sensor.corridoio_temperatura_2,18.42677716575,2026-01-10T00:00:00.000Z
sensor.corridoio_temperatura_2,18.27563544344167,2026-01-10T01:00:00.000Z
sensor.corridoio_temperatura_2,18.1336806914,2026-01-10T02:00:00.000Z
sensor.corridoio_temperatura_2,17.99643173750278,2026-01-10T03:00:00.000Z
sensor.corridoio_temperatura_2,17.871914956772223,2026-01-10T04:00:00.000Z
sensor.corridoio_temperatura_2,17.762099903522223,2026-01-10T05:00:00.000Z
sensor.corridoio_temperatura_2,17.655278915844445,2026-01-10T06:00:00.000Z
sensor.corridoio_temperatura_2,17.541692434933335,2026-01-10T07:00:00.000Z
sensor.corridoio_temperatura_2,17.51188588782222,2026-01-10T08:00:00.000Z
sensor.corridoio_temperatura_2,17.66755424129722,2026-01-10T09:00:00.000Z
sensor.corridoio_temperatura_2,17.986598441133335,2026-01-10T10:00:00.000Z
sensor.corridoio_temperatura_2,18.357636790555556,2026-01-10T11:00:00.000Z
sensor.corridoio_temperatura_2,18.69425166031389,2026-01-10T12:00:00.000Z
sensor.corridoio_temperatura_2,18.783027707616668,2026-01-10T13:00:00.000Z
sensor.corridoio_temperatura_2,18.97076805809722,2026-01-10T14:00:00.000Z
sensor.corridoio_temperatura_2,19.18015946467778,2026-01-10T15:00:00.000Z
sensor.corridoio_temperatura_2,19.16526156735,2026-01-10T16:00:00.000Z
sensor.corridoio_temperatura_2,19.24522860467222,2026-01-10T17:00:00.000Z
sensor.corridoio_temperatura_2,19.215830371766668,2026-01-10T18:00:00.000Z
sensor.corridoio_temperatura_2,19.187025037630555,2026-01-10T19:00:00.000Z
sensor.corridoio_temperatura_2,19.276145782191666,2026-01-10T20:00:00.000Z
sensor.corridoio_temperatura_2,19.181932293522223,2026-01-10T21:00:00.000Z
sensor.corridoio_temperatura_2,19.098220884802778,2026-01-10T22:00:00.000Z
sensor.corridoio_temperatura_2,18.999292039725002,2026-01-10T23:00:00.000Z
sensor.corridoio_temperatura_2,18.87502635198889,2026-01-11T00:00:00.000Z
sensor.corridoio_temperatura_2,18.745906048266665,2026-01-11T01:00:00.000Z
sensor.corridoio_temperatura_2,18.62030247363889,2026-01-11T02:00:00.000Z
sensor.corridoio_temperatura_2,18.494032099791667,2026-01-11T03:00:00.000Z
sensor.corridoio_temperatura_2,18.370538337750002,2026-01-11T04:00:00.000Z
sensor.corridoio_temperatura_2,18.262240367408335,2026-01-11T05:00:00.000Z
sensor.corridoio_temperatura_2,18.163966013944442,2026-01-11T06:00:00.000Z
sensor.corridoio_temperatura_2,18.084876450666666,2026-01-11T07:00:00.000Z
sensor.corridoio_temperatura_2,18.046644381969443,2026-01-11T08:00:00.000Z
sensor.corridoio_temperatura_2,18.164929936033335,2026-01-11T09:00:00.000Z
sensor.corridoio_temperatura_2,18.483717962875,2026-01-11T10:00:00.000Z
sensor.corridoio_temperatura_2,18.916113778011113,2026-01-11T11:00:00.000Z
sensor.corridoio_temperatura_2,19.285100584480556,2026-01-11T12:00:00.000Z
sensor.corridoio_temperatura_2,19.65986905915,2026-01-11T13:00:00.000Z
sensor.corridoio_temperatura_2,20.033519973394444,2026-01-11T14:00:00.000Z
sensor.corridoio_temperatura_2,20.2803117851,2026-01-11T15:00:00.000Z
sensor.corridoio_temperatura_2,20.40903758371111,2026-01-11T16:00:00.000Z
sensor.corridoio_temperatura_2,20.566598572738886,2026-01-11T17:00:00.000Z
sensor.corridoio_temperatura_2,20.596327799319443,2026-01-11T18:00:00.000Z
sensor.corridoio_temperatura_2,20.38775946857778,2026-01-11T19:00:00.000Z
sensor.corridoio_temperatura_2,20.092437316816667,2026-01-11T20:00:00.000Z
sensor.corridoio_temperatura_2,19.848187372055555,2026-01-11T21:00:00.000Z
sensor.corridoio_temperatura_2,19.7317219294,2026-01-11T22:00:00.000Z
sensor.corridoio_temperatura_2,19.60692209485,2026-01-11T23:00:00.000Z
sensor.corridoio_temperatura_2,19.41978684220278,2026-01-12T00:00:00.000Z
sensor.corridoio_temperatura_2,19.270783459175,2026-01-12T01:00:00.000Z
sensor.corridoio_temperatura_2,19.14901949975,2026-01-12T02:00:00.000Z
sensor.corridoio_temperatura_2,19.017944807380555,2026-01-12T03:00:00.000Z
sensor.corridoio_temperatura_2,18.877280159116665,2026-01-12T04:00:00.000Z
sensor.corridoio_temperatura_2,18.749116335508333,2026-01-12T05:00:00.000Z
sensor.corridoio_temperatura_2,18.780873772130555,2026-01-12T06:00:00.000Z
sensor.corridoio_temperatura_2,18.857716218383334,2026-01-12T07:00:00.000Z
sensor.corridoio_temperatura_2,18.77596544689722,2026-01-12T08:00:00.000Z
sensor.corridoio_temperatura_2,18.747516395730553,2026-01-12T09:00:00.000Z
sensor.corridoio_temperatura_2,18.700489241383334,2026-01-12T10:00:00.000Z
sensor.corridoio_temperatura_2,18.68249635781111,2026-01-12T11:00:00.000Z
sensor.corridoio_temperatura_2,18.734034784583333,2026-01-12T12:00:00.000Z
sensor.corridoio_temperatura_2,18.757288881405554,2026-01-12T13:00:00.000Z
sensor.corridoio_temperatura_2,18.742008944294444,2026-01-12T14:00:00.000Z
sensor.corridoio_temperatura_2,18.74359976785,2026-01-12T15:00:00.000Z
sensor.corridoio_temperatura_2,18.840241015416666,2026-01-12T16:00:00.000Z
sensor.corridoio_temperatura_2,18.861241822758334,2026-01-12T17:00:00.000Z
sensor.corridoio_temperatura_2,18.888118930366666,2026-01-12T18:00:00.000Z
sensor.corridoio_temperatura_2,18.897988376816667,2026-01-12T19:00:00.000Z
sensor.corridoio_temperatura_2,18.948251927349997,2026-01-12T20:00:00.000Z
sensor.corridoio_temperatura_2,18.973233558933334,2026-01-12T21:00:00.000Z
sensor.corridoio_temperatura_2,18.96572494867222,2026-01-12T22:00:00.000Z
sensor.corridoio_temperatura_2,18.89759897094722,2026-01-12T23:00:00.000Z
sensor.corridoio_temperatura_2,18.841220150311113,2026-01-13T00:00:00.000Z
sensor.corridoio_temperatura_2,18.75620192473611,2026-01-13T01:00:00.000Z
sensor.corridoio_temperatura_2,18.68685532468611,2026-01-13T02:00:00.000Z
sensor.corridoio_temperatura_2,18.605136345277778,2026-01-13T03:00:00.000Z
sensor.corridoio_temperatura_2,18.52589614380278,2026-01-13T04:00:00.000Z
sensor.corridoio_temperatura_2,18.456425439561112,2026-01-13T05:00:00.000Z
sensor.corridoio_temperatura_2,18.499946192208334,2026-01-13T06:00:00.000Z
sensor.corridoio_temperatura_2,18.587104750544444,2026-01-13T07:00:00.000Z
sensor.corridoio_temperatura_2,18.581775785738888,2026-01-13T08:00:00.000Z
sensor.corridoio_temperatura_2,18.560862595469445,2026-01-13T09:00:00.000Z
sensor.corridoio_temperatura_2,18.505436732080558,2026-01-13T10:00:00.000Z
sensor.corridoio_temperatura_2,18.452536934066668,2026-01-13T11:00:00.000Z
sensor.corridoio_temperatura_2,18.39123475058889,2026-01-13T12:00:00.000Z
sensor.corridoio_temperatura_2,18.34747475935833,2026-01-13T13:00:00.000Z
sensor.corridoio_temperatura_2,18.315143827825,2026-01-13T14:00:00.000Z
sensor.corridoio_temperatura_2,18.30544797301111,2026-01-13T15:00:00.000Z
sensor.corridoio_temperatura_2,18.335996052522223,2026-01-13T16:00:00.000Z
sensor.corridoio_temperatura_2,18.53677719168611,2026-01-13T17:00:00.000Z
sensor.corridoio_temperatura_2,18.929801768969444,2026-01-13T18:00:00.000Z
sensor.corridoio_temperatura_2,19.259610095191668,2026-01-13T19:00:00.000Z
sensor.corridoio_temperatura_2,19.55143482128889,2026-01-13T20:00:00.000Z
sensor.corridoio_temperatura_2,19.860397770191668,2026-01-13T21:00:00.000Z
sensor.corridoio_temperatura_2,19.83883027223889,2026-01-13T22:00:00.000Z
sensor.corridoio_temperatura_2,19.570192122738888,2026-01-13T23:00:00.000Z
sensor.corridoio_temperatura_2,19.351499302244445,2026-01-14T00:00:00.000Z
sensor.corridoio_temperatura_2,19.2139789117,2026-01-14T01:00:00.000Z
sensor.corridoio_temperatura_2,19.096897087216668,2026-01-14T02:00:00.000Z
sensor.corridoio_temperatura_2,19.00079333088889,2026-01-14T03:00:00.000Z
sensor.corridoio_temperatura_2,18.88977754265278,2026-01-14T04:00:00.000Z
sensor.corridoio_temperatura_2,18.7952777428,2026-01-14T05:00:00.000Z
sensor.corridoio_temperatura_2,18.85193924791389,2026-01-14T06:00:00.000Z
sensor.corridoio_temperatura_2,18.921433811386112,2026-01-14T07:00:00.000Z
sensor.corridoio_temperatura_2,18.897847830205553,2026-01-14T08:00:00.000Z
sensor.corridoio_temperatura_2,18.870343143472223,2026-01-14T09:00:00.000Z
sensor.corridoio_temperatura_2,18.802038299705554,2026-01-14T10:00:00.000Z
sensor.corridoio_temperatura_2,18.735705086669444,2026-01-14T11:00:00.000Z
sensor.corridoio_temperatura_2,18.6672996136,2026-01-14T12:00:00.000Z
sensor.corridoio_temperatura_2,18.606852722533333,2026-01-14T13:00:00.000Z
sensor.corridoio_temperatura_2,18.556140636455556,2026-01-14T14:00:00.000Z
sensor.corridoio_temperatura_2,18.51743795173333,2026-01-14T15:00:00.000Z
sensor.corridoio_temperatura_2,18.58648675975,2026-01-14T16:00:00.000Z
sensor.corridoio_temperatura_2,18.661899913633334,2026-01-14T17:00:00.000Z
sensor.corridoio_temperatura_2,18.729113184905554,2026-01-14T18:00:00.000Z
sensor.corridoio_temperatura_2,18.89637903355,2026-01-14T19:00:00.000Z
sensor.corridoio_temperatura_2,19.326084482661113,2026-01-14T20:00:00.000Z
sensor.corridoio_temperatura_2,19.715724826391668,2026-01-14T21:00:00.000Z
sensor.corridoio_temperatura_2,19.844324878386114,2026-01-14T22:00:00.000Z
sensor.corridoio_temperatura_2,19.625760161472222,2026-01-14T23:00:00.000Z
sensor.corridoio_temperatura_2,19.481709391916667,2026-01-15T00:00:00.000Z
sensor.corridoio_temperatura_2,19.351881819655556,2026-01-15T01:00:00.000Z
sensor.corridoio_temperatura_2,19.240326698294442,2026-01-15T02:00:00.000Z
sensor.corridoio_temperatura_2,19.149158756380555,2026-01-15T03:00:00.000Z
sensor.corridoio_temperatura_2,19.05994455457778,2026-01-15T04:00:00.000Z
sensor.corridoio_temperatura_2,18.972793486077776,2026-01-15T05:00:00.000Z
sensor.corridoio_temperatura_2,18.989190462236113,2026-01-15T06:00:00.000Z
sensor.corridoio_temperatura_2,19.066317270097223,2026-01-15T07:00:00.000Z
sensor.corridoio_temperatura_2,19.04079361643889,2026-01-15T08:00:00.000Z
sensor.corridoio_temperatura_2,19.03090568960278,2026-01-15T09:00:00.000Z
sensor.corridoio_temperatura_2,19.00951520271389,2026-01-15T10:00:00.000Z
sensor.corridoio_temperatura_2,18.97600818003889,2026-01-15T11:00:00.000Z
sensor.corridoio_temperatura_2,18.935723008055557,2026-01-15T12:00:00.000Z
sensor.corridoio_temperatura_2,18.90402589468611,2026-01-15T13:00:00.000Z
sensor.corridoio_temperatura_2,18.86795204058611,2026-01-15T14:00:00.000Z
sensor.corridoio_temperatura_2,18.88122831036389,2026-01-15T15:00:00.000Z
sensor.corridoio_temperatura_2,18.892508919908334,2026-01-15T16:00:00.000Z
sensor.corridoio_temperatura_2,18.926143781605557,2026-01-15T17:00:00.000Z
sensor.corridoio_temperatura_2,19.000106988063887,2026-01-15T18:00:00.000Z
sensor.corridoio_temperatura_2,19.053969241772222,2026-01-15T19:00:00.000Z
sensor.corridoio_temperatura_2,19.1095091458,2026-01-15T20:00:00.000Z
sensor.corridoio_temperatura_2,19.19513123836389,2026-01-15T21:00:00.000Z
sensor.corridoio_temperatura_2,19.33300757480833,2026-01-15T22:00:00.000Z
sensor.corridoio_temperatura_2,19.267325657447223,2026-01-15T23:00:00.000Z
sensor.corridoio_temperatura_2,19.20652658865,2026-01-16T00:00:00.000Z
sensor.corridoio_temperatura_2,19.139817733872224,2026-01-16T01:00:00.000Z
sensor.corridoio_temperatura_2,19.067327692655557,2026-01-16T02:00:00.000Z
sensor.corridoio_temperatura_2,18.996625533455553,2026-01-16T03:00:00.000Z
sensor.corridoio_temperatura_2,18.919804777925002,2026-01-16T04:00:00.000Z
sensor.corridoio_temperatura_2,18.868391495586113,2026-01-16T05:00:00.000Z
sensor.corridoio_temperatura_2,18.91150529511111,2026-01-16T06:00:00.000Z
sensor.corridoio_temperatura_2,19.03409670873889,2026-01-16T07:00:00.000Z
sensor.corridoio_temperatura_2,19.033355587005556,2026-01-16T08:00:00.000Z
sensor.corridoio_temperatura_2,19.02949492128889,2026-01-16T09:00:00.000Z
sensor.corridoio_temperatura_2,18.998114549380556,2026-01-16T10:00:00.000Z
sensor.corridoio_temperatura_2,18.960057948125,2026-01-16T11:00:00.000Z
sensor.corridoio_temperatura_2,18.914149142516667,2026-01-16T12:00:00.000Z
sensor.corridoio_temperatura_2,18.86028790682778,2026-01-16T13:00:00.000Z
sensor.corridoio_temperatura_2,18.798707711125,2026-01-16T14:00:00.000Z
sensor.corridoio_temperatura_2,18.78,2026-01-16T15:00:00.000Z
sensor.corridoio_temperatura_2,18.809723293144444,2026-01-16T16:00:00.000Z
sensor.corridoio_temperatura_2,18.86996963806389,2026-01-16T17:00:00.000Z
sensor.corridoio_temperatura_2,18.987617604425,2026-01-16T18:00:00.000Z
sensor.corridoio_temperatura_2,19.33137472479167,2026-01-16T19:00:00.000Z
sensor.corridoio_temperatura_2,19.641482350994444,2026-01-16T20:00:00.000Z
sensor.corridoio_temperatura_2,19.953878808625,2026-01-16T21:00:00.000Z
sensor.corridoio_temperatura_2,19.830557358622222,2026-01-16T22:00:00.000Z
sensor.corridoio_temperatura_2,19.619348942591667,2026-01-16T23:00:00.000Z
sensor.corridoio_temperatura_2,19.489284199858336,2026-01-17T00:00:00.000Z
sensor.corridoio_temperatura_2,19.387876295519444,2026-01-17T01:00:00.000Z
sensor.corridoio_temperatura_2,19.271175635044447,2026-01-17T02:00:00.000Z
sensor.corridoio_temperatura_2,19.18321608698889,2026-01-17T03:00:00.000Z
sensor.corridoio_temperatura_2,19.093938338330556,2026-01-17T04:00:00.000Z
sensor.corridoio_temperatura_2,19.009821705161112,2026-01-17T05:00:00.000Z
sensor.corridoio_temperatura_2,18.93196614209722,2026-01-17T06:00:00.000Z
sensor.corridoio_temperatura_2,18.88450656683889,2026-01-17T07:00:00.000Z
sensor.corridoio_temperatura_2,18.88781090146667,2026-01-17T08:00:00.000Z
sensor.corridoio_temperatura_2,18.97463790612778,2026-01-17T09:00:00.000Z
sensor.corridoio_temperatura_2,19.24601847468889,2026-01-17T10:00:00.000Z
sensor.corridoio_temperatura_2,19.609752838230555,2026-01-17T11:00:00.000Z
sensor.corridoio_temperatura_2,19.850217277969445,2026-01-17T12:00:00.000Z
sensor.corridoio_temperatura_2,20.04101925583889,2026-01-17T13:00:00.000Z
sensor.corridoio_temperatura_2,19.803982101255556,2026-01-17T14:00:00.000Z
sensor.corridoio_temperatura_2,19.72,2026-01-17T15:00:00.000Z
sensor.corridoio_temperatura_2,19.7538750893,2026-01-17T16:00:00.000Z
sensor.corridoio_temperatura_2,20.11124251161389,2026-01-17T17:00:00.000Z
sensor.corridoio_temperatura_2,20.42462778135,2026-01-17T18:00:00.000Z
sensor.corridoio_temperatura_2,20.596752992438887,2026-01-17T19:00:00.000Z
sensor.corridoio_temperatura_2,20.68512061213889,2026-01-17T20:00:00.000Z
sensor.corridoio_temperatura_2,20.844828629255556,2026-01-17T21:00:00.000Z
sensor.corridoio_temperatura_2,20.95389132938889,2026-01-17T22:00:00.000Z
sensor.corridoio_temperatura_2,20.958389900583335,2026-01-17T23:00:00.000Z
sensor.corridoio_temperatura_2,20.698041483622223,2026-01-18T00:00:00.000Z
sensor.corridoio_temperatura_2,20.505344630655557,2026-01-18T01:00:00.000Z
sensor.corridoio_temperatura_2,20.35142737076111,2026-01-18T02:00:00.000Z
sensor.corridoio_temperatura_2,20.209861097191666,2026-01-18T03:00:00.000Z
sensor.corridoio_temperatura_2,20.079885005302778,2026-01-18T04:00:00.000Z
sensor.corridoio_temperatura_2,19.970554949127777,2026-01-18T05:00:00.000Z
sensor.corridoio_temperatura_2,19.863918057188886,2026-01-18T06:00:00.000Z
sensor.corridoio_temperatura_2,19.76020885658889,2026-01-18T07:00:00.000Z
sensor.corridoio_temperatura_2,19.733244765227777,2026-01-18T08:00:00.000Z
sensor.corridoio_temperatura_2,19.849145263933334,2026-01-18T09:00:00.000Z
sensor.corridoio_temperatura_2,20.165006638219445,2026-01-18T10:00:00.000Z
sensor.corridoio_temperatura_2,20.385628440075,2026-01-18T11:00:00.000Z
sensor.corridoio_temperatura_2,20.62387823401389,2026-01-18T12:00:00.000Z
sensor.corridoio_temperatura_2,20.853710318,2026-01-18T13:00:00.000Z
sensor.corridoio_temperatura_2,20.957295275741668,2026-01-18T14:00:00.000Z
sensor.corridoio_temperatura_2,21.09432693503611,2026-01-18T15:00:00.000Z
sensor.corridoio_temperatura_2,21.246060246258335,2026-01-18T16:00:00.000Z
sensor.corridoio_temperatura_2,21.32930036979722,2026-01-18T17:00:00.000Z
sensor.corridoio_temperatura_2,21.500214719716666,2026-01-18T18:00:00.000Z
sensor.corridoio_temperatura_2,21.558140589144443,2026-01-18T19:00:00.000Z
sensor.corridoio_temperatura_2,21.623648292344445,2026-01-18T20:00:00.000Z
sensor.corridoio_temperatura_2,21.608361836916668,2026-01-18T21:00:00.000Z
sensor.corridoio_temperatura_2,21.214561433355556,2026-01-18T22:00:00.000Z
sensor.corridoio_temperatura_2,20.97867370677778,2026-01-18T23:00:00.000Z
sensor.corridoio_temperatura_2,20.88002243023889,2026-01-19T00:00:00.000Z
sensor.corridoio_temperatura_2,20.752819039016668,2026-01-19T01:00:00.000Z
sensor.corridoio_temperatura_2,20.612000896941666,2026-01-19T02:00:00.000Z
sensor.corridoio_temperatura_2,20.503353089944444,2026-01-19T03:00:00.000Z
sensor.corridoio_temperatura_2,20.400065269097222,2026-01-19T04:00:00.000Z
sensor.corridoio_temperatura_2,20.307750987636112,2026-01-19T05:00:00.000Z
sensor.corridoio_temperatura_2,20.282492019780555,2026-01-19T06:00:00.000Z
sensor.corridoio_temperatura_2,20.26129041373889,2026-01-19T07:00:00.000Z
sensor.corridoio_temperatura_2,20.185733907797225,2026-01-19T08:00:00.000Z
sensor.corridoio_temperatura_2,20.113804551275,2026-01-19T09:00:00.000Z
sensor.corridoio_temperatura_2,20.032876883525,2026-01-19T10:00:00.000Z
sensor.corridoio_temperatura_2,19.94947238322778,2026-01-19T11:00:00.000Z
sensor.corridoio_temperatura_2,19.86978621378611,2026-01-19T12:00:00.000Z
sensor.corridoio_temperatura_2,19.77700470242222,2026-01-19T13:00:00.000Z
sensor.corridoio_temperatura_2,19.729385986055554,2026-01-19T14:00:00.000Z
sensor.corridoio_temperatura_2,19.733836672077775,2026-01-19T15:00:00.000Z
sensor.corridoio_temperatura_2,19.74,2026-01-19T16:00:00.000Z
sensor.corridoio_temperatura_2,19.74,2026-01-19T17:00:00.000Z
sensor.corridoio_temperatura_2,19.752692938249997,2026-01-19T18:00:00.000Z
sensor.corridoio_temperatura_2,20.03596908721111,2026-01-19T19:00:00.000Z
sensor.corridoio_temperatura_2,20.31553904045556,2026-01-19T20:00:00.000Z
sensor.corridoio_temperatura_2,20.53582500897222,2026-01-19T21:00:00.000Z
sensor.corridoio_temperatura_2,20.63555350485,2026-01-19T22:00:00.000Z
sensor.corridoio_temperatura_2,20.70215351092778,2026-01-19T23:00:00.000Z
sensor.corridoio_temperatura_2,20.451080503813888,2026-01-20T00:00:00.000Z
sensor.corridoio_temperatura_2,20.21005392521111,2026-01-20T01:00:00.000Z
sensor.corridoio_temperatura_2,20.02208017614722,2026-01-20T02:00:00.000Z
sensor.corridoio_temperatura_2,19.8900650297,2026-01-20T03:00:00.000Z
sensor.corridoio_temperatura_2,19.765713324827775,2026-01-20T04:00:00.000Z
sensor.corridoio_temperatura_2,19.7160593761,2026-01-20T05:00:00.000Z
sensor.corridoio_temperatura_2,19.72031835547222,2026-01-20T06:00:00.000Z
sensor.corridoio_temperatura_2,19.73920600520833,2026-01-20T07:00:00.000Z
sensor.corridoio_temperatura_2,19.72,2026-01-20T08:00:00.000Z
sensor.corridoio_temperatura_2,19.676268756488888,2026-01-20T09:00:00.000Z
sensor.corridoio_temperatura_2,19.59657091501389,2026-01-20T10:00:00.000Z
sensor.corridoio_temperatura_2,19.54568092932222,2026-01-20T11:00:00.000Z
sensor.corridoio_temperatura_2,19.49830552536389,2026-01-20T12:00:00.000Z
sensor.corridoio_temperatura_2,19.448223277247223,2026-01-20T13:00:00.000Z
sensor.corridoio_temperatura_2,19.38448570743611,2026-01-20T14:00:00.000Z
sensor.corridoio_temperatura_2,19.344127477708334,2026-01-20T15:00:00.000Z
sensor.corridoio_temperatura_2,19.383329523072224,2026-01-20T16:00:00.000Z
sensor.corridoio_temperatura_2,19.434682884730556,2026-01-20T17:00:00.000Z
sensor.corridoio_temperatura_2,19.447483774863887,2026-01-20T18:00:00.000Z
sensor.corridoio_temperatura_2,19.453370409194445,2026-01-20T19:00:00.000Z
sensor.corridoio_temperatura_2,19.481743826455553,2026-01-20T20:00:00.000Z
sensor.corridoio_temperatura_2,19.485296098991668,2026-01-20T21:00:00.000Z
sensor.corridoio_temperatura_2,19.503360053825002,2026-01-20T22:00:00.000Z
sensor.corridoio_temperatura_2,19.429574129255556,2026-01-20T23:00:00.000Z
sensor.corridoio_temperatura_2,19.35866328953889,2026-01-21T00:00:00.000Z
sensor.corridoio_temperatura_2,19.297810330269446,2026-01-21T01:00:00.000Z
sensor.corridoio_temperatura_2,19.21210695563889,2026-01-21T02:00:00.000Z
sensor.corridoio_temperatura_2,19.15877671901389,2026-01-21T03:00:00.000Z
sensor.corridoio_temperatura_2,19.063562197547224,2026-01-21T04:00:00.000Z
sensor.corridoio_temperatura_2,18.977478467225,2026-01-21T05:00:00.000Z
sensor.corridoio_temperatura_2,19.01033083643611,2026-01-21T06:00:00.000Z
sensor.corridoio_temperatura_2,19.105254196183335,2026-01-21T07:00:00.000Z
sensor.corridoio_temperatura_2,19.09836812415,2026-01-21T08:00:00.000Z
sensor.corridoio_temperatura_2,19.064240903580554,2026-01-21T09:00:00.000Z
sensor.corridoio_temperatura_2,19.05344538153611,2026-01-21T10:00:00.000Z
sensor.corridoio_temperatura_2,19.05313161803889,2026-01-21T11:00:00.000Z
sensor.corridoio_temperatura_2,19.086785888016667,2026-01-21T12:00:00.000Z
sensor.corridoio_temperatura_2,19.13570852813611,2026-01-21T13:00:00.000Z
sensor.corridoio_temperatura_2,19.14874467808889,2026-01-21T14:00:00.000Z
sensor.corridoio_temperatura_2,19.15697581173611,2026-01-21T15:00:00.000Z
sensor.corridoio_temperatura_2,19.167761737719445,2026-01-21T16:00:00.000Z
sensor.corridoio_temperatura_2,19.199088259605556,2026-01-21T17:00:00.000Z
sensor.corridoio_temperatura_2,19.265554415572222,2026-01-21T18:00:00.000Z
sensor.corridoio_temperatura_2,19.489724824619444,2026-01-21T19:00:00.000Z
sensor.corridoio_temperatura_2,19.76128939273333,2026-01-21T20:00:00.000Z
sensor.corridoio_temperatura_2,19.986797368730556,2026-01-21T21:00:00.000Z
sensor.corridoio_temperatura_2,20.039453603280556,2026-01-21T22:00:00.000Z
sensor.corridoio_temperatura_2,19.742064144744443,2026-01-21T23:00:00.000Z
sensor.corridoio_temperatura_2,19.56744764763611,2026-01-22T00:00:00.000Z
sensor.corridoio_temperatura_2,19.413673748825,2026-01-22T01:00:00.000Z
sensor.corridoio_temperatura_2,19.291116449233332,2026-01-22T02:00:00.000Z
sensor.corridoio_temperatura_2,19.174540374688892,2026-01-22T03:00:00.000Z
sensor.corridoio_temperatura_2,19.048718652405555,2026-01-22T04:00:00.000Z
sensor.corridoio_temperatura_2,18.941327929247223,2026-01-22T05:00:00.000Z
sensor.corridoio_temperatura_2,18.974440491775,2026-01-22T06:00:00.000Z
sensor.corridoio_temperatura_2,19.068787502097223,2026-01-22T07:00:00.000Z
sensor.corridoio_temperatura_2,19.02131676038889,2026-01-22T08:00:00.000Z
sensor.corridoio_temperatura_2,18.988395235949998,2026-01-22T09:00:00.000Z
sensor.corridoio_temperatura_2,18.949296645344443,2026-01-22T10:00:00.000Z
sensor.corridoio_temperatura_2,18.92338938753889,2026-01-22T11:00:00.000Z
sensor.corridoio_temperatura_2,18.93228199256667,2026-01-22T12:00:00.000Z
sensor.corridoio_temperatura_2,18.950304267191665,2026-01-22T13:00:00.000Z
sensor.corridoio_temperatura_2,18.968231187016666,2026-01-22T14:00:00.000Z
sensor.corridoio_temperatura_2,19.007887986325,2026-01-22T15:00:00.000Z
sensor.corridoio_temperatura_2,19.035776076383332,2026-01-22T16:00:00.000Z
sensor.corridoio_temperatura_2,19.053668625975,2026-01-22T17:00:00.000Z
sensor.corridoio_temperatura_2,19.081882033580552,2026-01-22T18:00:00.000Z
sensor.corridoio_temperatura_2,19.07811793758611,2026-01-22T19:00:00.000Z
sensor.corridoio_temperatura_2,19.12649447561111,2026-01-22T20:00:00.000Z
sensor.corridoio_temperatura_2,19.132516918919446,2026-01-22T21:00:00.000Z
sensor.corridoio_temperatura_2,19.091796443855554,2026-01-22T22:00:00.000Z
sensor.corridoio_temperatura_2,19.03414141414167,2026-01-22T23:00:00.000Z
sensor.corridoio_temperatura_2,18.963706203683333,2026-01-23T00:00:00.000Z
sensor.corridoio_temperatura_2,18.893905182280555,2026-01-23T01:00:00.000Z
sensor.corridoio_temperatura_2,18.812645729333333,2026-01-23T02:00:00.000Z
sensor.corridoio_temperatura_2,18.740905812169444,2026-01-23T03:00:00.000Z
sensor.corridoio_temperatura_2,18.66130520528611,2026-01-23T04:00:00.000Z
sensor.corridoio_temperatura_2,18.597954517705556,2026-01-23T05:00:00.000Z
sensor.corridoio_temperatura_2,18.65055169025278,2026-01-23T06:00:00.000Z
sensor.corridoio_temperatura_2,18.770285908919444,2026-01-23T07:00:00.000Z
sensor.corridoio_temperatura_2,18.783007913383333,2026-01-23T08:00:00.000Z
sensor.corridoio_temperatura_2,18.76563981803611,2026-01-23T09:00:00.000Z
sensor.corridoio_temperatura_2,18.753356242280557,2026-01-23T10:00:00.000Z
sensor.corridoio_temperatura_2,18.7318557485,2026-01-23T11:00:00.000Z
sensor.corridoio_temperatura_2,18.70037887463889,2026-01-23T12:00:00.000Z
sensor.corridoio_temperatura_2,18.65512431713889,2026-01-23T13:00:00.000Z
sensor.corridoio_temperatura_2,18.625818474075,2026-01-23T14:00:00.000Z
sensor.corridoio_temperatura_2,18.648401598919445,2026-01-23T15:00:00.000Z
sensor.corridoio_temperatura_2,18.684127391733334,2026-01-23T16:00:00.000Z
sensor.corridoio_temperatura_2,18.767376739991665,2026-01-23T17:00:00.000Z
sensor.corridoio_temperatura_2,18.851239280519444,2026-01-23T18:00:00.000Z
sensor.corridoio_temperatura_2,19.15868323155,2026-01-23T19:00:00.000Z
sensor.corridoio_temperatura_2,19.478365337930555,2026-01-23T20:00:00.000Z
sensor.corridoio_temperatura_2,19.831270666616664,2026-01-23T21:00:00.000Z
sensor.corridoio_temperatura_2,19.773165804344444,2026-01-23T22:00:00.000Z
sensor.corridoio_temperatura_2,19.519715596597223,2026-01-23T23:00:00.000Z
sensor.corridoio_temperatura_2,19.371984906619446,2026-01-24T00:00:00.000Z
sensor.corridoio_temperatura_2,19.24584050938333,2026-01-24T01:00:00.000Z
sensor.corridoio_temperatura_2,19.12821730336389,2026-01-24T02:00:00.000Z
sensor.corridoio_temperatura_2,19.032909160747224,2026-01-24T03:00:00.000Z
sensor.corridoio_temperatura_2,18.930983959983333,2026-01-24T04:00:00.000Z
sensor.corridoio_temperatura_2,18.83182000185278,2026-01-24T05:00:00.000Z
sensor.corridoio_temperatura_2,18.740114676625,2026-01-24T06:00:00.000Z
sensor.corridoio_temperatura_2,18.6709328056,2026-01-24T07:00:00.000Z
sensor.corridoio_temperatura_2,18.731858571316668,2026-01-24T08:00:00.000Z
sensor.corridoio_temperatura_2,19.064201877455556,2026-01-24T09:00:00.000Z
sensor.corridoio_temperatura_2,19.411700895225,2026-01-24T10:00:00.000Z
sensor.corridoio_temperatura_2,19.72006353682222,2026-01-24T11:00:00.000Z
sensor.corridoio_temperatura_2,20.048943091075,2026-01-24T12:00:00.000Z
sensor.corridoio_temperatura_2,20.348002185255556,2026-01-24T13:00:00.000Z
sensor.corridoio_temperatura_2,20.53621527753889,2026-01-24T14:00:00.000Z
sensor.corridoio_temperatura_2,20.647341481894447,2026-01-24T15:00:00.000Z
sensor.corridoio_temperatura_2,20.456230171430555,2026-01-24T16:00:00.000Z
sensor.corridoio_temperatura_2,20.158450162791667,2026-01-24T17:00:00.000Z
sensor.corridoio_temperatura_2,20.059919236305557,2026-01-24T18:00:00.000Z
sensor.corridoio_temperatura_2,19.970876105,2026-01-24T19:00:00.000Z
sensor.corridoio_temperatura_2,19.847985354319444,2026-01-24T20:00:00.000Z
sensor.corridoio_temperatura_2,19.757984122427775,2026-01-24T21:00:00.000Z
sensor.corridoio_temperatura_2,19.735952355094444,2026-01-24T22:00:00.000Z
sensor.corridoio_temperatura_2,19.71495719591111,2026-01-24T23:00:00.000Z
sensor.corridoio_temperatura_2,19.621051995547223,2026-01-25T00:00:00.000Z
sensor.corridoio_temperatura_2,19.509271678877777,2026-01-25T01:00:00.000Z
sensor.corridoio_temperatura_2,19.428588680586113,2026-01-25T02:00:00.000Z
sensor.corridoio_temperatura_2,19.336610554275,2026-01-25T03:00:00.000Z
sensor.corridoio_temperatura_2,19.26344737323611,2026-01-25T04:00:00.000Z
sensor.corridoio_temperatura_2,19.189981651208335,2026-01-25T05:00:00.000Z
sensor.corridoio_temperatura_2,19.118394446361112,2026-01-25T06:00:00.000Z
sensor.corridoio_temperatura_2,19.05213166588889,2026-01-25T07:00:00.000Z
sensor.corridoio_temperatura_2,19.04487010301389,2026-01-25T08:00:00.000Z
sensor.corridoio_temperatura_2,19.367210614250002,2026-01-25T09:00:00.000Z
sensor.corridoio_temperatura_2,19.686592957875,2026-01-25T10:00:00.000Z
sensor.corridoio_temperatura_2,19.922617966738887,2026-01-25T11:00:00.000Z
sensor.corridoio_temperatura_2,20.14704244566389,2026-01-25T12:00:00.000Z
sensor.corridoio_temperatura_2,20.36510445876667,2026-01-25T13:00:00.000Z
sensor.corridoio_temperatura_2,20.58298938235278,2026-01-25T14:00:00.000Z
sensor.corridoio_temperatura_2,20.726107541677777,2026-01-25T15:00:00.000Z
sensor.corridoio_temperatura_2,20.86181940350833,2026-01-25T16:00:00.000Z
sensor.corridoio_temperatura_2,20.97753733083611,2026-01-25T17:00:00.000Z
sensor.corridoio_temperatura_2,21.06793227066389,2026-01-25T18:00:00.000Z
sensor.corridoio_temperatura_2,21.158953570947222,2026-01-25T19:00:00.000Z
sensor.corridoio_temperatura_2,21.203499695147222,2026-01-25T20:00:00.000Z
sensor.corridoio_temperatura_2,21.11485060093889,2026-01-25T21:00:00.000Z
sensor.corridoio_temperatura_2,20.815430902144445,2026-01-25T22:00:00.000Z
sensor.corridoio_temperatura_2,20.586584906744445,2026-01-25T23:00:00.000Z
sensor.corridoio_temperatura_2,20.395460638805556,2026-01-26T00:00:00.000Z
sensor.corridoio_temperatura_2,20.236386785413888,2026-01-26T01:00:00.000Z
sensor.corridoio_temperatura_2,20.100343217825,2026-01-26T02:00:00.000Z
sensor.corridoio_temperatura_2,19.98007554531389,2026-01-26T03:00:00.000Z
sensor.corridoio_temperatura_2,19.870071409633333,2026-01-26T04:00:00.000Z
sensor.corridoio_temperatura_2,19.754747456222223,2026-01-26T05:00:00.000Z
sensor.corridoio_temperatura_2,19.73746989684444,2026-01-26T06:00:00.000Z
sensor.corridoio_temperatura_2,19.75593685669722,2026-01-26T07:00:00.000Z
sensor.corridoio_temperatura_2,19.72615088662222,2026-01-26T08:00:00.000Z
sensor.corridoio_temperatura_2,19.694357506616665,2026-01-26T09:00:00.000Z
sensor.corridoio_temperatura_2,19.618935625783333,2026-01-26T10:00:00.000Z
sensor.corridoio_temperatura_2,19.615885335583332,2026-01-26T11:00:00.000Z
sensor.corridoio_temperatura_2,19.62,2026-01-26T12:00:00.000Z
sensor.corridoio_temperatura_2,19.618454215519446,2026-01-26T13:00:00.000Z
sensor.corridoio_temperatura_2,19.61503404781389,2026-01-26T14:00:00.000Z
sensor.corridoio_temperatura_2,19.632123427061114,2026-01-26T15:00:00.000Z
sensor.corridoio_temperatura_2,19.626644817366667,2026-01-26T16:00:00.000Z
sensor.corridoio_temperatura_2,19.639666189883332,2026-01-26T17:00:00.000Z
sensor.corridoio_temperatura_2,19.643355244558332,2026-01-26T18:00:00.000Z
sensor.corridoio_temperatura_2,19.642516600413888,2026-01-26T19:00:00.000Z
sensor.corridoio_temperatura_2,19.681221472249998,2026-01-26T20:00:00.000Z
sensor.corridoio_temperatura_2,19.69745937202222,2026-01-26T21:00:00.000Z
sensor.corridoio_temperatura_2,19.72,2026-01-26T22:00:00.000Z
sensor.corridoio_temperatura_2,19.707150382383332,2026-01-26T23:00:00.000Z
sensor.corridoio_temperatura_2,19.617456537027778,2026-01-27T00:00:00.000Z
sensor.corridoio_temperatura_2,19.533909100091666,2026-01-27T01:00:00.000Z
sensor.corridoio_temperatura_2,19.454221574383336,2026-01-27T02:00:00.000Z
sensor.corridoio_temperatura_2,19.36356581945,2026-01-27T03:00:00.000Z
sensor.corridoio_temperatura_2,19.281553107141665,2026-01-27T04:00:00.000Z
sensor.corridoio_temperatura_2,19.191904291733334,2026-01-27T05:00:00.000Z
sensor.corridoio_temperatura_2,19.109688858569445,2026-01-27T06:00:00.000Z
sensor.corridoio_temperatura_2,19.023585120175,2026-01-27T07:00:00.000Z
sensor.corridoio_temperatura_2,18.838537507597223,2026-01-27T08:00:00.000Z
sensor.corridoio_temperatura_2,18.73923392140278,2026-01-27T09:00:00.000Z
sensor.corridoio_temperatura_2,18.659777874294445,2026-01-27T10:00:00.000Z
sensor.corridoio_temperatura_2,18.61383110621389,2026-01-27T11:00:00.000Z
sensor.corridoio_temperatura_2,18.6,2026-01-27T12:00:00.000Z
sensor.corridoio_temperatura_2,18.579324606122224,2026-01-27T13:00:00.000Z
sensor.corridoio_temperatura_2,18.599030330302778,2026-01-27T14:00:00.000Z
sensor.corridoio_temperatura_2,18.8755751261,2026-01-27T15:00:00.000Z
sensor.corridoio_temperatura_2,19.068470133766667,2026-01-27T16:00:00.000Z
sensor.corridoio_temperatura_2,19.329594594366668,2026-01-27T17:00:00.000Z
sensor.corridoio_temperatura_2,19.442599831405555,2026-01-27T18:00:00.000Z
sensor.corridoio_temperatura_2,19.230889760422222,2026-01-27T19:00:00.000Z
sensor.corridoio_temperatura_2,19.01026179267222,2026-01-27T20:00:00.000Z
sensor.corridoio_temperatura_2,18.95389775568889,2026-01-27T21:00:00.000Z
sensor.corridoio_temperatura_2,18.937793731444444,2026-01-27T22:00:00.000Z
sensor.corridoio_temperatura_2,18.904173721577777,2026-01-27T23:00:00.000Z
sensor.corridoio_temperatura_2,18.832507170641666,2026-01-28T00:00:00.000Z
sensor.corridoio_temperatura_2,18.761677796772222,2026-01-28T01:00:00.000Z
sensor.corridoio_temperatura_2,18.71667820286111,2026-01-28T02:00:00.000Z
sensor.corridoio_temperatura_2,18.661639638216666,2026-01-28T03:00:00.000Z
sensor.corridoio_temperatura_2,18.612920501461108,2026-01-28T04:00:00.000Z
sensor.corridoio_temperatura_2,18.564094330813887,2026-01-28T05:00:00.000Z
sensor.corridoio_temperatura_2,18.614797316794444,2026-01-28T06:00:00.000Z
sensor.corridoio_temperatura_2,18.73347049471111,2026-01-28T07:00:00.000Z
sensor.corridoio_temperatura_2,18.746348177077778,2026-01-28T08:00:00.000Z
sensor.corridoio_temperatura_2,18.72983999828611,2026-01-28T09:00:00.000Z
sensor.corridoio_temperatura_2,18.716664809277777,2026-01-28T10:00:00.000Z
sensor.corridoio_temperatura_2,18.695170589255557,2026-01-28T11:00:00.000Z
sensor.corridoio_temperatura_2,18.66117550965278,2026-01-28T12:00:00.000Z
sensor.corridoio_temperatura_2,18.638702201325,2026-01-28T13:00:00.000Z
sensor.corridoio_temperatura_2,18.610737899330555,2026-01-28T14:00:00.000Z
sensor.corridoio_temperatura_2,18.60803096685,2026-01-28T15:00:00.000Z
sensor.corridoio_temperatura_2,18.629689961916668,2026-01-28T16:00:00.000Z
sensor.corridoio_temperatura_2,18.821489952733334,2026-01-28T17:00:00.000Z
sensor.corridoio_temperatura_2,18.87580906556111,2026-01-28T18:00:00.000Z
sensor.corridoio_temperatura_2,18.903231606319448,2026-01-28T19:00:00.000Z
sensor.corridoio_temperatura_2,19.162148635102778,2026-01-28T20:00:00.000Z
sensor.corridoio_temperatura_2,19.479135377452778,2026-01-28T21:00:00.000Z
sensor.corridoio_temperatura_2,19.679231885205557,2026-01-28T22:00:00.000Z
sensor.corridoio_temperatura_2,19.47364125860278,2026-01-28T23:00:00.000Z
sensor.corridoio_temperatura_2,19.331763373319443,2026-01-29T00:00:00.000Z
sensor.corridoio_temperatura_2,19.229020490066667,2026-01-29T01:00:00.000Z
sensor.corridoio_temperatura_2,19.137568281561112,2026-01-29T02:00:00.000Z
sensor.corridoio_temperatura_2,19.05862417584722,2026-01-29T03:00:00.000Z
sensor.corridoio_temperatura_2,18.993215285477778,2026-01-29T04:00:00.000Z
sensor.corridoio_temperatura_2,18.913291415672223,2026-01-29T05:00:00.000Z
sensor.corridoio_temperatura_2,18.932230483747222,2026-01-29T06:00:00.000Z
sensor.corridoio_temperatura_2,19.069278945152778,2026-01-29T07:00:00.000Z
sensor.corridoio_temperatura_2,19.043354578225,2026-01-29T08:00:00.000Z
sensor.corridoio_temperatura_2,19.036407694941666,2026-01-29T09:00:00.000Z
sensor.corridoio_temperatura_2,19.01743140576389,2026-01-29T10:00:00.000Z
sensor.corridoio_temperatura_2,18.981567546825,2026-01-29T11:00:00.000Z
sensor.corridoio_temperatura_2,18.932709082322223,2026-01-29T12:00:00.000Z
sensor.corridoio_temperatura_2,18.887645608122224,2026-01-29T13:00:00.000Z
sensor.corridoio_temperatura_2,18.904045786525,2026-01-29T14:00:00.000Z
sensor.corridoio_temperatura_2,18.89693781529722,2026-01-29T15:00:00.000Z
sensor.corridoio_temperatura_2,18.90186451742778,2026-01-29T16:00:00.000Z
sensor.corridoio_temperatura_2,18.937178628719447,2026-01-29T17:00:00.000Z
sensor.corridoio_temperatura_2,19.068898467697224,2026-01-29T18:00:00.000Z
sensor.corridoio_temperatura_2,19.41119212542222,2026-01-29T19:00:00.000Z
sensor.corridoio_temperatura_2,19.736746537527775,2026-01-29T20:00:00.000Z
sensor.corridoio_temperatura_2,19.86369314050833,2026-01-29T21:00:00.000Z
sensor.corridoio_temperatura_2,19.62725059067778,2026-01-29T22:00:00.000Z
sensor.corridoio_temperatura_2,19.45688048358611,2026-01-29T23:00:00.000Z
sensor.corridoio_temperatura_2,19.325213496255554,2026-01-30T00:00:00.000Z
sensor.corridoio_temperatura_2,19.216785379816667,2026-01-30T01:00:00.000Z
sensor.corridoio_temperatura_2,19.13480650700833,2026-01-30T02:00:00.000Z
sensor.corridoio_temperatura_2,19.03141079961667,2026-01-30T03:00:00.000Z
sensor.corridoio_temperatura_2,18.95020437568333,2026-01-30T04:00:00.000Z
sensor.corridoio_temperatura_2,18.867527053508333,2026-01-30T05:00:00.000Z
sensor.corridoio_temperatura_2,18.871972453216667,2026-01-30T06:00:00.000Z
sensor.corridoio_temperatura_2,19.014793248394444,2026-01-30T07:00:00.000Z
sensor.corridoio_temperatura_2,19.02855995461389,2026-01-30T08:00:00.000Z
sensor.corridoio_temperatura_2,19.022707415741667,2026-01-30T09:00:00.000Z
sensor.corridoio_temperatura_2,18.99888619663611,2026-01-30T10:00:00.000Z
sensor.corridoio_temperatura_2,18.981573435894443,2026-01-30T11:00:00.000Z
sensor.corridoio_temperatura_2,18.993321894666668,2026-01-30T12:00:00.000Z
sensor.corridoio_temperatura_2,19.014932071833332,2026-01-30T13:00:00.000Z
sensor.corridoio_temperatura_2,19.026207405519447,2026-01-30T14:00:00.000Z
sensor.corridoio_temperatura_2,19.0556380302,2026-01-30T15:00:00.000Z
sensor.corridoio_temperatura_2,19.044595933466667,2026-01-30T16:00:00.000Z
sensor.corridoio_temperatura_2,19.076811370491665,2026-01-30T17:00:00.000Z
sensor.corridoio_temperatura_2,19.09962991595278,2026-01-30T18:00:00.000Z
sensor.corridoio_temperatura_2,19.137246845691667,2026-01-30T19:00:00.000Z
sensor.corridoio_temperatura_2,19.15916131550278,2026-01-30T20:00:00.000Z
sensor.corridoio_temperatura_2,19.180536649572222,2026-01-30T21:00:00.000Z
sensor.corridoio_temperatura_2,19.200266277069442,2026-01-30T22:00:00.000Z
sensor.corridoio_temperatura_2,19.1805664731,2026-01-30T23:00:00.000Z
sensor.corridoio_temperatura_2,19.141537891475,2026-01-31T00:00:00.000Z
sensor.corridoio_temperatura_2,19.10509649468889,2026-01-31T01:00:00.000Z
sensor.corridoio_temperatura_2,19.084259166930554,2026-01-31T02:00:00.000Z
sensor.corridoio_temperatura_2,19.057304586605554,2026-01-31T03:00:00.000Z
sensor.corridoio_temperatura_2,19.024016544083334,2026-01-31T04:00:00.000Z
sensor.corridoio_temperatura_2,19.008146640444444,2026-01-31T05:00:00.000Z
sensor.corridoio_temperatura_2,18.99123911064722,2026-01-31T06:00:00.000Z
sensor.corridoio_temperatura_2,18.95761842267778,2026-01-31T07:00:00.000Z
sensor.corridoio_temperatura_2,18.92190227801389,2026-01-31T08:00:00.000Z
sensor.corridoio_temperatura_2,18.85061379666111,2026-01-31T09:00:00.000Z
sensor.corridoio_temperatura_2,18.762709506702777,2026-01-31T10:00:00.000Z
sensor.corridoio_temperatura_2,18.717932944883334,2026-01-31T11:00:00.000Z
sensor.corridoio_temperatura_2,18.684818980333333,2026-01-31T12:00:00.000Z
sensor.corridoio_temperatura_2,18.660785527352775,2026-01-31T13:00:00.000Z
sensor.corridoio_temperatura_2,18.657549428675,2026-01-31T14:00:00.000Z
sensor.corridoio_temperatura_2,18.634539230625,2026-01-31T15:00:00.000Z
sensor.corridoio_temperatura_2,18.61038715515278,2026-01-31T16:00:00.000Z
sensor.corridoio_temperatura_2,18.583555246366668,2026-01-31T17:00:00.000Z
sensor.corridoio_temperatura_2,18.544181781280557,2026-01-31T18:00:00.000Z
sensor.corridoio_temperatura_2,18.490735723166665,2026-01-31T19:00:00.000Z
sensor.corridoio_temperatura_2,18.449838434625,2026-01-31T20:00:00.000Z
sensor.corridoio_temperatura_2,18.38815281731111,2026-01-31T21:00:00.000Z
sensor.corridoio_temperatura_2,18.328553442388888,2026-01-31T22:00:00.000Z
sensor.corridoio_temperatura_2,18.277484915672222,2026-01-31T23:00:00.000Z
sensor.corridoio_temperatura_2,18.215087328322223,2026-02-01T00:00:00.000Z
sensor.corridoio_temperatura_2,18.167394595519443,2026-02-01T01:00:00.000Z
sensor.corridoio_temperatura_2,18.12914581101389,2026-02-01T02:00:00.000Z
sensor.corridoio_temperatura_2,18.061515386150003,2026-02-01T03:00:00.000Z
sensor.corridoio_temperatura_2,18.007616321361112,2026-02-01T04:00:00.000Z
sensor.corridoio_temperatura_2,17.95755947322778,2026-02-01T05:00:00.000Z
sensor.corridoio_temperatura_2,17.908927419619445,2026-02-01T06:00:00.000Z
sensor.corridoio_temperatura_2,17.86814489708889,2026-02-01T07:00:00.000Z
sensor.corridoio_temperatura_2,17.85377699900278,2026-02-01T08:00:00.000Z
sensor.corridoio_temperatura_2,17.824815708372224,2026-02-01T09:00:00.000Z
sensor.corridoio_temperatura_2,17.807242217016668,2026-02-01T10:00:00.000Z
sensor.corridoio_temperatura_2,17.793953568244444,2026-02-01T11:00:00.000Z
sensor.corridoio_temperatura_2,17.777933350358335,2026-02-01T12:00:00.000Z
sensor.corridoio_temperatura_2,17.75744258261389,2026-02-01T13:00:00.000Z
sensor.corridoio_temperatura_2,17.769189450475,2026-02-01T14:00:00.000Z
sensor.corridoio_temperatura_2,17.81628886072222,2026-02-01T15:00:00.000Z
sensor.corridoio_temperatura_2,17.936888363055555,2026-02-01T16:00:00.000Z
sensor.corridoio_temperatura_2,18.142568598447223,2026-02-01T17:00:00.000Z
sensor.corridoio_temperatura_2,18.48650198688889,2026-02-01T18:00:00.000Z
sensor.corridoio_temperatura_2,18.859476832625003,2026-02-01T19:00:00.000Z
sensor.corridoio_temperatura_2,19.13431321636389,2026-02-01T20:00:00.000Z
sensor.corridoio_temperatura_2,19.370107381561112,2026-02-01T21:00:00.000Z
sensor.corridoio_temperatura_2,19.45411467499167,2026-02-01T22:00:00.000Z
sensor.corridoio_temperatura_2,19.182631527738888,2026-02-01T23:00:00.000Z
sensor.corridoio_temperatura_2,19.04200410780278,2026-02-02T00:00:00.000Z
sensor.corridoio_temperatura_2,18.926875292905557,2026-02-02T01:00:00.000Z
sensor.corridoio_temperatura_2,18.861400668713888,2026-02-02T02:00:00.000Z
sensor.corridoio_temperatura_2,18.81097489238611,2026-02-02T03:00:00.000Z
sensor.corridoio_temperatura_2,18.76873664241111,2026-02-02T04:00:00.000Z
sensor.corridoio_temperatura_2,18.70085542597222,2026-02-02T05:00:00.000Z
sensor.corridoio_temperatura_2,18.660374850966665,2026-02-02T06:00:00.000Z
sensor.corridoio_temperatura_2,18.715762821005555,2026-02-02T07:00:00.000Z
sensor.corridoio_temperatura_2,18.697870691402777,2026-02-02T08:00:00.000Z
sensor.corridoio_temperatura_2,18.805968600619448,2026-02-02T09:00:00.000Z
sensor.corridoio_temperatura_2,19.12110781232778,2026-02-02T10:00:00.000Z
sensor.corridoio_temperatura_2,19.339630415216664,2026-02-02T11:00:00.000Z
sensor.corridoio_temperatura_2,19.5040234022,2026-02-02T12:00:00.000Z
sensor.corridoio_temperatura_2,19.677326098405555,2026-02-02T13:00:00.000Z
sensor.corridoio_temperatura_2,19.77236961330833,2026-02-02T14:00:00.000Z
sensor.corridoio_temperatura_2,19.919383286952776,2026-02-02T15:00:00.000Z
sensor.corridoio_temperatura_2,20.080480539447223,2026-02-02T16:00:00.000Z
sensor.corridoio_temperatura_2,20.26482885955833,2026-02-02T17:00:00.000Z
sensor.corridoio_temperatura_2,20.473523128919442,2026-02-02T18:00:00.000Z
sensor.corridoio_temperatura_2,20.594538073505557,2026-02-02T19:00:00.000Z
sensor.corridoio_temperatura_2,20.619015628727777,2026-02-02T20:00:00.000Z
sensor.corridoio_temperatura_2,20.370825133791666,2026-02-02T21:00:00.000Z
sensor.corridoio_temperatura_2,20.13403330302222,2026-02-02T22:00:00.000Z
sensor.corridoio_temperatura_2,19.965264156472223,2026-02-02T23:00:00.000Z
sensor.corridoio_temperatura_2,19.797370115719442,2026-02-03T00:00:00.000Z
sensor.corridoio_temperatura_2,19.696694780058333,2026-02-03T01:00:00.000Z
sensor.corridoio_temperatura_2,19.574987264458333,2026-02-03T02:00:00.000Z
sensor.corridoio_temperatura_2,19.499855525397223,2026-02-03T03:00:00.000Z
sensor.corridoio_temperatura_2,19.41857504783889,2026-02-03T04:00:00.000Z
sensor.corridoio_temperatura_2,19.375097814952777,2026-02-03T05:00:00.000Z
sensor.corridoio_temperatura_2,19.33832171596389,2026-02-03T06:00:00.000Z
sensor.corridoio_temperatura_2,19.36278065766389,2026-02-03T07:00:00.000Z
sensor.corridoio_temperatura_2,19.309712340127778,2026-02-03T08:00:00.000Z
sensor.corridoio_temperatura_2,19.248641590497222,2026-02-03T09:00:00.000Z
sensor.corridoio_temperatura_2,19.165053578083334,2026-02-03T10:00:00.000Z
sensor.corridoio_temperatura_2,19.093403440069444,2026-02-03T11:00:00.000Z
sensor.corridoio_temperatura_2,19.034176100811113,2026-02-03T12:00:00.000Z
sensor.corridoio_temperatura_2,18.98649177807222,2026-02-03T13:00:00.000Z
sensor.corridoio_temperatura_2,18.946263314505554,2026-02-03T14:00:00.000Z
sensor.corridoio_temperatura_2,18.921649021797222,2026-02-03T15:00:00.000Z
sensor.corridoio_temperatura_2,18.944165751394447,2026-02-03T16:00:00.000Z
sensor.corridoio_temperatura_2,19.011192719533334,2026-02-03T17:00:00.000Z
sensor.corridoio_temperatura_2,19.04957226195278,2026-02-03T18:00:00.000Z
sensor.corridoio_temperatura_2,19.110554586863888,2026-02-03T19:00:00.000Z
sensor.corridoio_temperatura_2,19.3409200579,2026-02-03T20:00:00.000Z
sensor.corridoio_temperatura_2,19.649033702594444,2026-02-03T21:00:00.000Z
sensor.corridoio_temperatura_2,19.494552672155553,2026-02-03T22:00:00.000Z
sensor.corridoio_temperatura_2,19.37057717789722,2026-02-03T23:00:00.000Z
sensor.corridoio_temperatura_2,19.29021105288611,2026-02-04T00:00:00.000Z
sensor.corridoio_temperatura_2,19.23638927351111,2026-02-04T01:00:00.000Z
sensor.corridoio_temperatura_2,19.211585952269445,2026-02-04T02:00:00.000Z
sensor.corridoio_temperatura_2,19.16300350582222,2026-02-04T03:00:00.000Z
sensor.corridoio_temperatura_2,19.126625352830555,2026-02-04T04:00:00.000Z
sensor.corridoio_temperatura_2,19.084981067783332,2026-02-04T05:00:00.000Z
sensor.corridoio_temperatura_2,19.074061201463888,2026-02-04T06:00:00.000Z
sensor.corridoio_temperatura_2,19.138632258677777,2026-02-04T07:00:00.000Z
sensor.corridoio_temperatura_2,19.130001479194444,2026-02-04T08:00:00.000Z
sensor.corridoio_temperatura_2,19.094339440955554,2026-02-04T09:00:00.000Z
sensor.corridoio_temperatura_2,19.05446831057778,2026-02-04T10:00:00.000Z
sensor.corridoio_temperatura_2,19.012205574008334,2026-02-04T11:00:00.000Z
sensor.corridoio_temperatura_2,18.976251783825,2026-02-04T12:00:00.000Z
sensor.corridoio_temperatura_2,18.93087058951389,2026-02-04T13:00:00.000Z
sensor.corridoio_temperatura_2,18.92503320211667,2026-02-04T14:00:00.000Z
sensor.corridoio_temperatura_2,18.947026074777778,2026-02-04T15:00:00.000Z
sensor.corridoio_temperatura_2,18.961907247905554,2026-02-04T16:00:00.000Z
sensor.corridoio_temperatura_2,18.992404078541668,2026-02-04T17:00:00.000Z
sensor.corridoio_temperatura_2,19.023970366616666,2026-02-04T18:00:00.000Z
sensor.corridoio_temperatura_2,19.061577825755556,2026-02-04T19:00:00.000Z
sensor.corridoio_temperatura_2,19.132082116283332,2026-02-04T20:00:00.000Z
sensor.corridoio_temperatura_2,19.169969075369448,2026-02-04T21:00:00.000Z
sensor.corridoio_temperatura_2,19.208995879869445,2026-02-04T22:00:00.000Z
sensor.corridoio_temperatura_2,19.21501796927222,2026-02-04T23:00:00.000Z
sensor.corridoio_temperatura_2,19.200838759219444,2026-02-05T00:00:00.000Z
sensor.corridoio_temperatura_2,19.193606574397222,2026-02-05T01:00:00.000Z
sensor.corridoio_temperatura_2,19.17748344545278,2026-02-05T02:00:00.000Z
sensor.corridoio_temperatura_2,19.164518210194444,2026-02-05T03:00:00.000Z
sensor.corridoio_temperatura_2,19.138074867266667,2026-02-05T04:00:00.000Z
sensor.corridoio_temperatura_2,19.09654365195,2026-02-05T05:00:00.000Z
sensor.corridoio_temperatura_2,19.094082138583335,2026-02-05T06:00:00.000Z
sensor.corridoio_temperatura_2,19.13464023247778,2026-02-05T07:00:00.000Z
sensor.corridoio_temperatura_2,19.09932459443889,2026-02-05T08:00:00.000Z
sensor.corridoio_temperatura_2,19.087294634675,2026-02-05T09:00:00.000Z
sensor.corridoio_temperatura_2,19.03874335087222,2026-02-05T10:00:00.000Z
sensor.corridoio_temperatura_2,18.998989505319447,2026-02-05T11:00:00.000Z
sensor.corridoio_temperatura_2,18.999435788519445,2026-02-05T12:00:00.000Z
sensor.corridoio_temperatura_2,19.058590590791667,2026-02-05T13:00:00.000Z
sensor.corridoio_temperatura_2,19.091063250347222,2026-02-05T14:00:00.000Z
sensor.corridoio_temperatura_2,19.114053384366667,2026-02-05T15:00:00.000Z
sensor.corridoio_temperatura_2,19.164782332302778,2026-02-05T16:00:00.000Z
sensor.corridoio_temperatura_2,19.189185972213888,2026-02-05T17:00:00.000Z
sensor.corridoio_temperatura_2,19.196687033169443,2026-02-05T18:00:00.000Z
sensor.corridoio_temperatura_2,19.194923836072224,2026-02-05T19:00:00.000Z
sensor.corridoio_temperatura_2,19.200838402955554,2026-02-05T20:00:00.000Z
sensor.corridoio_temperatura_2,19.228276295208335,2026-02-05T21:00:00.000Z
sensor.corridoio_temperatura_2,19.19836124641111,2026-02-05T22:00:00.000Z
sensor.corridoio_temperatura_2,19.16482449446111,2026-02-05T23:00:00.000Z
sensor.corridoio_temperatura_2,19.16,2026-02-06T00:00:00.000Z
sensor.corridoio_temperatura_2,19.166710697097223,2026-02-06T01:00:00.000Z
sensor.corridoio_temperatura_2,19.164452208405557,2026-02-06T02:00:00.000Z
sensor.corridoio_temperatura_2,19.163936527455558,2026-02-06T03:00:00.000Z
sensor.corridoio_temperatura_2,19.150523333941667,2026-02-06T04:00:00.000Z
sensor.corridoio_temperatura_2,19.13670086673333,2026-02-06T05:00:00.000Z
sensor.corridoio_temperatura_2,19.154184990680555,2026-02-06T06:00:00.000Z
sensor.corridoio_temperatura_2,19.176614661027777,2026-02-06T07:00:00.000Z
sensor.corridoio_temperatura_2,19.161841064244445,2026-02-06T08:00:00.000Z
sensor.corridoio_temperatura_2,19.129411513705556,2026-02-06T09:00:00.000Z
sensor.corridoio_temperatura_2,19.088818227416667,2026-02-06T10:00:00.000Z
sensor.corridoio_temperatura_2,19.06643482936111,2026-02-06T11:00:00.000Z
sensor.corridoio_temperatura_2,19.077623224083332,2026-02-06T12:00:00.000Z
sensor.corridoio_temperatura_2,19.088746249108333,2026-02-06T13:00:00.000Z
sensor.corridoio_temperatura_2,19.09784106174167,2026-02-06T14:00:00.000Z
sensor.corridoio_temperatura_2,19.09664395017778,2026-02-06T15:00:00.000Z
sensor.corridoio_temperatura_2,19.078396998755554,2026-02-06T16:00:00.000Z
sensor.corridoio_temperatura_2,19.047981914780554,2026-02-06T17:00:00.000Z
sensor.corridoio_temperatura_2,18.996277712538888,2026-02-06T18:00:00.000Z
sensor.corridoio_temperatura_2,18.961725634875,2026-02-06T19:00:00.000Z
sensor.corridoio_temperatura_2,18.948209419161113,2026-02-06T20:00:00.000Z
sensor.corridoio_temperatura_2,18.942740853994447,2026-02-06T21:00:00.000Z
sensor.corridoio_temperatura_2,18.94,2026-02-06T22:00:00.000Z
sensor.corridoio_temperatura_2,18.78,2026-02-07T06:00:00.000Z
sensor.corridoio_temperatura_2,18.791851401791668,2026-02-07T07:00:00.000Z
sensor.corridoio_temperatura_2,19.0152816138875,2026-02-07T08:00:00.000Z
sensor.corridoio_temperatura_2,20.075713987344443,2026-03-14T13:00:00.000Z
sensor.corridoio_temperatura_2,20.2094775384,2026-03-14T14:00:00.000Z
sensor.corridoio_temperatura_2,20.57459109085,2026-03-14T15:00:00.000Z
sensor.corridoio_temperatura_2,20.86349490311111,2026-03-14T16:00:00.000Z
sensor.corridoio_temperatura_2,21.07595378423611,2026-03-14T17:00:00.000Z
sensor.corridoio_temperatura_2,21.159635531899998,2026-03-14T18:00:00.000Z
sensor.corridoio_temperatura_2,21.238313266027777,2026-03-14T19:00:00.000Z
sensor.corridoio_temperatura_2,21.34229541828333,2026-03-14T20:00:00.000Z
sensor.corridoio_temperatura_2,21.427328466755554,2026-03-14T21:00:00.000Z
sensor.corridoio_temperatura_2,21.24583611215,2026-03-14T22:00:00.000Z
sensor.corridoio_temperatura_2,21.008841900986113,2026-03-14T23:00:00.000Z
sensor.corridoio_temperatura_2,20.868078754716667,2026-03-15T00:00:00.000Z
sensor.corridoio_temperatura_2,20.752774735402777,2026-03-15T01:00:00.000Z
sensor.corridoio_temperatura_2,20.684237199194445,2026-03-15T02:00:00.000Z
sensor.corridoio_temperatura_2,20.60718057238333,2026-03-15T03:00:00.000Z
sensor.corridoio_temperatura_2,20.5296657417,2026-03-15T04:00:00.000Z
sensor.corridoio_temperatura_2,20.466423379041668,2026-03-15T05:00:00.000Z
sensor.corridoio_temperatura_2,20.404300065302778,2026-03-15T06:00:00.000Z
sensor.corridoio_temperatura_2,20.34680075235,2026-03-15T07:00:00.000Z
sensor.corridoio_temperatura_2,20.28549482135,2026-03-15T08:00:00.000Z
sensor.corridoio_temperatura_2,20.38103774747778,2026-03-15T09:00:00.000Z
sensor.corridoio_temperatura_2,20.800237148644445,2026-03-15T10:00:00.000Z
sensor.corridoio_temperatura_2,21.09165829459722,2026-03-15T11:00:00.000Z
sensor.corridoio_temperatura_2,21.280164211569446,2026-03-15T12:00:00.000Z
sensor.corridoio_temperatura_2,21.453037988166667,2026-03-15T13:00:00.000Z
sensor.corridoio_temperatura_2,21.684264130030556,2026-03-15T14:00:00.000Z
sensor.corridoio_temperatura_2,21.763924973505556,2026-03-15T15:00:00.000Z
sensor.corridoio_temperatura_2,21.89566920326111,2026-03-15T16:00:00.000Z
sensor.corridoio_temperatura_2,21.76436119317222,2026-03-15T17:00:00.000Z
sensor.corridoio_temperatura_2,21.500047021750003,2026-03-15T18:00:00.000Z
sensor.corridoio_temperatura_2,21.406557601341664,2026-03-15T19:00:00.000Z
sensor.corridoio_temperatura_2,21.337884462308335,2026-03-15T20:00:00.000Z
sensor.corridoio_temperatura_2,21.26920670028333,2026-03-15T21:00:00.000Z
sensor.corridoio_temperatura_2,21.168080385299998,2026-03-15T22:00:00.000Z
sensor.corridoio_temperatura_2,21.114866271555556,2026-03-15T23:00:00.000Z
sensor.corridoio_temperatura_2,21.048239387075,2026-03-16T00:00:00.000Z
sensor.corridoio_temperatura_2,20.987743055625,2026-03-16T01:00:00.000Z
sensor.corridoio_temperatura_2,20.924506473188888,2026-03-16T02:00:00.000Z
sensor.corridoio_temperatura_2,20.853129496111112,2026-03-16T03:00:00.000Z
sensor.corridoio_temperatura_2,20.77693980529722,2026-03-16T04:00:00.000Z
sensor.corridoio_temperatura_2,20.70266788511111,2026-03-16T05:00:00.000Z
sensor.corridoio_temperatura_2,20.64532744156111,2026-03-16T06:00:00.000Z
sensor.corridoio_temperatura_2,20.612044908166666,2026-03-16T07:00:00.000Z
sensor.corridoio_temperatura_2,20.533704312563888,2026-03-16T08:00:00.000Z
sensor.corridoio_temperatura_2,20.521264044547223,2026-03-16T09:00:00.000Z
sensor.corridoio_temperatura_2,20.54210156362222,2026-03-16T10:00:00.000Z
sensor.corridoio_temperatura_2,20.551840335966666,2026-03-16T11:00:00.000Z
sensor.corridoio_temperatura_2,20.602572082419446,2026-03-16T12:00:00.000Z
sensor.corridoio_temperatura_2,20.65556218904722,2026-03-16T13:00:00.000Z
sensor.corridoio_temperatura_2,20.68323900332222,2026-03-16T14:00:00.000Z
sensor.corridoio_temperatura_2,20.709776384319444,2026-03-16T15:00:00.000Z
sensor.corridoio_temperatura_2,20.739894686744446,2026-03-16T16:00:00.000Z
sensor.corridoio_temperatura_2,20.703485694197223,2026-03-16T17:00:00.000Z
sensor.corridoio_temperatura_2,20.64440180691111,2026-03-16T18:00:00.000Z
sensor.corridoio_temperatura_2,20.618318936058333,2026-03-16T19:00:00.000Z
sensor.corridoio_temperatura_2,20.553897452769444,2026-03-16T20:00:00.000Z
sensor.corridoio_temperatura_2,20.554822464669446,2026-03-16T21:00:00.000Z
sensor.corridoio_temperatura_2,20.50040668706667,2026-03-16T22:00:00.000Z
sensor.corridoio_temperatura_2,20.456187559569447,2026-03-16T23:00:00.000Z
sensor.corridoio_temperatura_2,20.4182752271,2026-03-17T00:00:00.000Z
sensor.corridoio_temperatura_2,20.37603446239722,2026-03-17T01:00:00.000Z
sensor.corridoio_temperatura_2,20.339268653983336,2026-03-17T02:00:00.000Z
sensor.corridoio_temperatura_2,20.288776757075,2026-03-17T03:00:00.000Z
sensor.corridoio_temperatura_2,20.233676169988886,2026-03-17T04:00:00.000Z
sensor.corridoio_temperatura_2,20.196180237047223,2026-03-17T05:00:00.000Z
sensor.corridoio_temperatura_2,20.18596760201389,2026-03-17T06:00:00.000Z
sensor.corridoio_temperatura_2,20.193321516747222,2026-03-17T07:00:00.000Z
sensor.corridoio_temperatura_2,20.169734173380558,2026-03-17T08:00:00.000Z
sensor.corridoio_temperatura_2,20.208395347497223,2026-03-17T09:00:00.000Z
sensor.corridoio_temperatura_2,20.360829770330557,2026-03-17T10:00:00.000Z
sensor.corridoio_temperatura_2,20.376338589,2026-03-17T11:00:00.000Z
sensor.corridoio_temperatura_2,20.383528524558333,2026-03-17T12:00:00.000Z
sensor.corridoio_temperatura_2,20.417195550405555,2026-03-17T13:00:00.000Z
sensor.corridoio_temperatura_2,20.4665255347,2026-03-17T14:00:00.000Z
sensor.corridoio_temperatura_2,20.494301712952776,2026-03-17T15:00:00.000Z
sensor.corridoio_temperatura_2,20.53002505743611,2026-03-17T16:00:00.000Z
sensor.corridoio_temperatura_2,20.542508687683334,2026-03-17T17:00:00.000Z
sensor.corridoio_temperatura_2,20.54788490906944,2026-03-17T18:00:00.000Z
sensor.corridoio_temperatura_2,20.547432962122222,2026-03-17T19:00:00.000Z
sensor.corridoio_temperatura_2,20.559859894661113,2026-03-17T20:00:00.000Z
sensor.corridoio_temperatura_2,20.552566524480554,2026-03-17T21:00:00.000Z
sensor.corridoio_temperatura_2,20.505110858605555,2026-03-17T22:00:00.000Z
sensor.corridoio_temperatura_2,20.45137048833611,2026-03-17T23:00:00.000Z
sensor.corridoio_temperatura_2,20.40630453758889,2026-03-18T00:00:00.000Z
sensor.corridoio_temperatura_2,20.378437319194443,2026-03-18T01:00:00.000Z
sensor.corridoio_temperatura_2,20.339733236222223,2026-03-18T02:00:00.000Z
sensor.corridoio_temperatura_2,20.290371810675,2026-03-18T03:00:00.000Z
sensor.corridoio_temperatura_2,20.262516964516667,2026-03-18T04:00:00.000Z
sensor.corridoio_temperatura_2,20.216710314275,2026-03-18T05:00:00.000Z
sensor.corridoio_temperatura_2,20.15545893586111,2026-03-18T06:00:00.000Z
sensor.corridoio_temperatura_2,20.118194849375,2026-03-18T07:00:00.000Z
sensor.corridoio_temperatura_2,20.028764634302778,2026-03-18T08:00:00.000Z
sensor.corridoio_temperatura_2,19.996710507805556,2026-03-18T09:00:00.000Z
sensor.corridoio_temperatura_2,19.99,2026-03-18T10:00:00.000Z
sensor.corridoio_temperatura_2,19.99497757933889,2026-03-18T11:00:00.000Z
sensor.corridoio_temperatura_2,20.014382480174998,2026-03-18T12:00:00.000Z
sensor.corridoio_temperatura_2,19.980255156802777,2026-03-18T13:00:00.000Z
sensor.corridoio_temperatura_2,19.95787175552778,2026-03-18T14:00:00.000Z
sensor.corridoio_temperatura_2,19.94639404565,2026-03-18T15:00:00.000Z
sensor.corridoio_temperatura_2,19.938027836244444,2026-03-18T16:00:00.000Z
sensor.corridoio_temperatura_2,19.922828119875,2026-03-18T17:00:00.000Z
sensor.corridoio_temperatura_2,19.89134891171111,2026-03-18T18:00:00.000Z
sensor.corridoio_temperatura_2,19.866848965863888,2026-03-18T19:00:00.000Z
sensor.corridoio_temperatura_2,19.81169073651111,2026-03-18T20:00:00.000Z
sensor.corridoio_temperatura_2,19.805032790922223,2026-03-18T21:00:00.000Z
sensor.corridoio_temperatura_2,19.750652190777778,2026-03-18T22:00:00.000Z
sensor.corridoio_temperatura_2,19.726442858594442,2026-03-18T23:00:00.000Z
sensor.corridoio_temperatura_2,19.72,2026-03-19T00:00:00.000Z
sensor.corridoio_temperatura_2,19.699304879733333,2026-03-19T01:00:00.000Z
sensor.corridoio_temperatura_2,19.637177731894443,2026-03-19T02:00:00.000Z
sensor.corridoio_temperatura_2,19.58093217041111,2026-03-19T03:00:00.000Z
sensor.corridoio_temperatura_2,19.533148638358334,2026-03-19T04:00:00.000Z
sensor.corridoio_temperatura_2,19.493926653244444,2026-03-19T05:00:00.000Z
sensor.corridoio_temperatura_2,19.45483864813889,2026-03-19T06:00:00.000Z
sensor.corridoio_temperatura_2,19.431229964444444,2026-03-19T07:00:00.000Z
sensor.corridoio_temperatura_2,19.41979933086389,2026-03-19T08:00:00.000Z
sensor.corridoio_temperatura_2,19.45809731885,2026-03-19T09:00:00.000Z
sensor.corridoio_temperatura_2,19.499642819033333,2026-03-19T10:00:00.000Z
sensor.corridoio_temperatura_2,19.523693096566667,2026-03-19T11:00:00.000Z
sensor.corridoio_temperatura_2,19.603161717805555,2026-03-19T12:00:00.000Z
sensor.corridoio_temperatura_2,19.676548534033333,2026-03-19T13:00:00.000Z
sensor.corridoio_temperatura_2,19.72,2026-03-19T14:00:00.000Z
sensor.corridoio_temperatura_2,19.728239124183332,2026-03-19T15:00:00.000Z
sensor.corridoio_temperatura_2,19.784307799788888,2026-03-19T16:00:00.000Z
sensor.corridoio_temperatura_2,19.874822174261112,2026-03-19T17:00:00.000Z
sensor.corridoio_temperatura_2,19.935952818355556,2026-03-19T18:00:00.000Z
sensor.corridoio_temperatura_2,19.97246339020278,2026-03-19T19:00:00.000Z
sensor.corridoio_temperatura_2,19.982516220630554,2026-03-19T20:00:00.000Z
sensor.corridoio_temperatura_2,19.997999341058335,2026-03-19T21:00:00.000Z
sensor.corridoio_temperatura_2,20.04948295471389,2026-03-19T22:00:00.000Z
sensor.corridoio_temperatura_2,20.02042191010278,2026-03-19T23:00:00.000Z
sensor.corridoio_temperatura_2,19.958334327541667,2026-03-20T00:00:00.000Z
sensor.corridoio_temperatura_2,19.918586025133333,2026-03-20T01:00:00.000Z
sensor.corridoio_temperatura_2,19.86036171176389,2026-03-20T02:00:00.000Z
sensor.corridoio_temperatura_2,19.795747412780557,2026-03-20T03:00:00.000Z
sensor.corridoio_temperatura_2,19.733503973705556,2026-03-20T04:00:00.000Z
sensor.corridoio_temperatura_2,19.716951766527774,2026-03-20T05:00:00.000Z
sensor.corridoio_temperatura_2,19.71633736047222,2026-03-20T06:00:00.000Z
sensor.corridoio_temperatura_2,19.75968892427778,2026-03-20T07:00:00.000Z
sensor.corridoio_temperatura_2,19.74,2026-03-20T08:00:00.000Z
sensor.corridoio_temperatura_2,19.799541331936112,2026-03-20T09:00:00.000Z
sensor.corridoio_temperatura_2,19.82370241473611,2026-03-20T10:00:00.000Z
sensor.corridoio_temperatura_2,19.809337301425,2026-03-20T11:00:00.000Z
sensor.corridoio_temperatura_2,19.72,2026-03-20T12:00:00.000Z
sensor.corridoio_temperatura_2,19.73034847626111,2026-03-20T13:00:00.000Z
sensor.corridoio_temperatura_2,19.839956713266666,2026-03-20T14:00:00.000Z
sensor.corridoio_temperatura_2,19.885959941438887,2026-03-20T15:00:00.000Z
sensor.corridoio_temperatura_2,19.908329406102776,2026-03-20T16:00:00.000Z
sensor.corridoio_temperatura_2,19.897543192380557,2026-03-20T17:00:00.000Z
sensor.corridoio_temperatura_2,19.880444916461112,2026-03-20T18:00:00.000Z
sensor.corridoio_temperatura_2,19.832708932611112,2026-03-20T19:00:00.000Z
sensor.corridoio_temperatura_2,19.808907680116665,2026-03-20T20:00:00.000Z
sensor.corridoio_temperatura_2,19.807655928463888,2026-03-20T21:00:00.000Z
sensor.corridoio_temperatura_2,19.82543936007222,2026-03-20T22:00:00.000Z
sensor.corridoio_temperatura_2,19.806331268588888,2026-03-20T23:00:00.000Z
sensor.corridoio_temperatura_2,19.788945892783335,2026-03-21T00:00:00.000Z
sensor.corridoio_temperatura_2,19.74789487851111,2026-03-21T01:00:00.000Z
sensor.corridoio_temperatura_2,19.731384119477777,2026-03-21T02:00:00.000Z
sensor.corridoio_temperatura_2,19.72,2026-03-21T03:00:00.000Z
sensor.corridoio_temperatura_2,19.71668636705,2026-03-21T04:00:00.000Z
sensor.corridoio_temperatura_2,19.690194900369445,2026-03-21T05:00:00.000Z
sensor.corridoio_temperatura_2,19.66626610641389,2026-03-21T06:00:00.000Z
sensor.corridoio_temperatura_2,19.69179225719722,2026-03-21T07:00:00.000Z
sensor.corridoio_temperatura_2,20.084595527727778,2026-03-21T08:00:00.000Z
sensor.corridoio_temperatura_2,20.46171229853333,2026-03-21T09:00:00.000Z
sensor.corridoio_temperatura_2,20.79144792405,2026-03-21T10:00:00.000Z
sensor.corridoio_temperatura_2,21.110313872502775,2026-03-21T11:00:00.000Z
sensor.corridoio_temperatura_2,21.27213106328611,2026-03-21T12:00:00.000Z
sensor.corridoio_temperatura_2,21.512426378266667,2026-03-21T13:00:00.000Z
sensor.corridoio_temperatura_2,21.784625684191667,2026-03-21T14:00:00.000Z
sensor.corridoio_temperatura_2,21.999164664922223,2026-03-21T15:00:00.000Z
sensor.corridoio_temperatura_2,22.005454964766667,2026-03-21T16:00:00.000Z
sensor.corridoio_temperatura_2,21.631861570650003,2026-03-21T17:00:00.000Z
sensor.corridoio_temperatura_2,21.396721267155556,2026-03-21T18:00:00.000Z
sensor.corridoio_temperatura_2,21.28825719274722,2026-03-21T19:00:00.000Z
sensor.corridoio_temperatura_2,21.154572277369443,2026-03-21T20:00:00.000Z
sensor.corridoio_temperatura_2,21.03837474713611,2026-03-21T21:00:00.000Z
sensor.corridoio_temperatura_2,20.942262003880554,2026-03-21T22:00:00.000Z
sensor.corridoio_temperatura_2,20.858731752983335,2026-03-21T23:00:00.000Z
sensor.corridoio_temperatura_2,20.794118905133335,2026-03-22T00:00:00.000Z
sensor.corridoio_temperatura_2,20.702055814516665,2026-03-22T01:00:00.000Z
sensor.corridoio_temperatura_2,20.63555409553611,2026-03-22T02:00:00.000Z
sensor.corridoio_temperatura_2,20.56802359660833,2026-03-22T03:00:00.000Z
sensor.corridoio_temperatura_2,20.515270578488888,2026-03-22T04:00:00.000Z
sensor.corridoio_temperatura_2,20.45242945365,2026-03-22T05:00:00.000Z
sensor.corridoio_temperatura_2,20.39019434283611,2026-03-22T06:00:00.000Z
sensor.corridoio_temperatura_2,20.340527998825,2026-03-22T07:00:00.000Z
sensor.corridoio_temperatura_2,20.358982782725,2026-03-22T08:00:00.000Z
sensor.corridoio_temperatura_2,20.5746530167,2026-03-22T09:00:00.000Z
sensor.corridoio_temperatura_2,21.044067721347222,2026-03-22T10:00:00.000Z
sensor.corridoio_temperatura_2,21.336574952644444,2026-03-22T11:00:00.000Z
sensor.corridoio_temperatura_2,21.56198858059722,2026-03-22T12:00:00.000Z
sensor.corridoio_temperatura_2,21.391056752372222,2026-03-22T13:00:00.000Z
sensor.corridoio_temperatura_2,21.292450592225,2026-03-22T14:00:00.000Z
sensor.corridoio_temperatura_2,21.268837477794445,2026-03-22T15:00:00.000Z
sensor.corridoio_temperatura_2,21.197304971972223,2026-03-22T16:00:00.000Z
sensor.corridoio_temperatura_2,21.129664701730555,2026-03-22T17:00:00.000Z
sensor.corridoio_temperatura_2,21.080039032538888,2026-03-22T18:00:00.000Z
sensor.corridoio_temperatura_2,21.037109162394444,2026-03-22T19:00:00.000Z
sensor.corridoio_temperatura_2,20.970493329269445,2026-03-22T20:00:00.000Z
sensor.corridoio_temperatura_2,21.00817466281111,2026-03-22T21:00:00.000Z
sensor.corridoio_temperatura_2,21.03139944112778,2026-03-22T22:00:00.000Z
sensor.corridoio_temperatura_2,20.9703628394,2026-03-22T23:00:00.000Z
sensor.corridoio_temperatura_2,20.907446974980555,2026-03-23T00:00:00.000Z
sensor.corridoio_temperatura_2,20.846418180194444,2026-03-23T01:00:00.000Z
sensor.corridoio_temperatura_2,20.785925688630556,2026-03-23T02:00:00.000Z
sensor.corridoio_temperatura_2,20.714210297119443,2026-03-23T03:00:00.000Z
sensor.corridoio_temperatura_2,20.65571323181111,2026-03-23T04:00:00.000Z
sensor.corridoio_temperatura_2,20.588629002966666,2026-03-23T05:00:00.000Z
sensor.corridoio_temperatura_2,20.549871386377777,2026-03-23T06:00:00.000Z
sensor.corridoio_temperatura_2,20.497623609880556,2026-03-23T07:00:00.000Z
sensor.corridoio_temperatura_2,20.466007281097223,2026-03-23T08:00:00.000Z
sensor.corridoio_temperatura_2,20.46758496753889,2026-03-23T09:00:00.000Z
sensor.corridoio_temperatura_2,20.511209259769444,2026-03-23T10:00:00.000Z
sensor.corridoio_temperatura_2,20.519161212455554,2026-03-23T11:00:00.000Z
sensor.corridoio_temperatura_2,20.52926518893889,2026-03-23T12:00:00.000Z
sensor.corridoio_temperatura_2,20.552954457844447,2026-03-23T13:00:00.000Z
sensor.corridoio_temperatura_2,20.552821574394446,2026-03-23T14:00:00.000Z
sensor.corridoio_temperatura_2,20.558084116575,2026-03-23T15:00:00.000Z
sensor.corridoio_temperatura_2,20.555872300475,2026-03-23T16:00:00.000Z
sensor.corridoio_temperatura_2,20.546643920719443,2026-03-23T17:00:00.000Z
sensor.corridoio_temperatura_2,20.53474772618611,2026-03-23T18:00:00.000Z
sensor.corridoio_temperatura_2,20.51335532813889,2026-03-23T19:00:00.000Z
sensor.corridoio_temperatura_2,20.50422305843889,2026-03-23T20:00:00.000Z
sensor.corridoio_temperatura_2,20.480352914336112,2026-03-23T21:00:00.000Z
sensor.corridoio_temperatura_2,20.450781786294446,2026-03-23T22:00:00.000Z
sensor.corridoio_temperatura_2,20.423353071780557,2026-03-23T23:00:00.000Z
sensor.corridoio_temperatura_2,20.394030180338888,2026-03-24T00:00:00.000Z
sensor.corridoio_temperatura_2,20.362465635394447,2026-03-24T01:00:00.000Z
sensor.corridoio_temperatura_2,20.330786419297223,2026-03-24T02:00:00.000Z
sensor.corridoio_temperatura_2,20.26491431458889,2026-03-24T03:00:00.000Z
sensor.corridoio_temperatura_2,20.177669506730556,2026-03-24T04:00:00.000Z
sensor.corridoio_temperatura_2,20.109335710963887,2026-03-24T05:00:00.000Z
sensor.corridoio_temperatura_2,20.13267920821667,2026-03-24T06:00:00.000Z
sensor.corridoio_temperatura_2,20.190766993669445,2026-03-24T07:00:00.000Z
sensor.corridoio_temperatura_2,20.151629382569443,2026-03-24T08:00:00.000Z
sensor.corridoio_temperatura_2,20.20340521277222,2026-03-24T09:00:00.000Z
sensor.corridoio_temperatura_2,20.350304897219445,2026-03-24T10:00:00.000Z
sensor.corridoio_temperatura_2,20.352958070994443,2026-03-24T11:00:00.000Z
sensor.corridoio_temperatura_2,20.261458114433335,2026-03-24T12:00:00.000Z
sensor.corridoio_temperatura_2,20.32146774194722,2026-03-24T13:00:00.000Z
sensor.corridoio_temperatura_2,20.400367616158334,2026-03-24T14:00:00.000Z
sensor.corridoio_temperatura_2,20.417287874819447,2026-03-24T15:00:00.000Z
sensor.corridoio_temperatura_2,20.43821493011389,2026-03-24T16:00:00.000Z
sensor.corridoio_temperatura_2,20.463974792855556,2026-03-24T17:00:00.000Z
sensor.corridoio_temperatura_2,20.486313505216668,2026-03-24T18:00:00.000Z
sensor.corridoio_temperatura_2,20.46748305322222,2026-03-24T19:00:00.000Z
sensor.corridoio_temperatura_2,20.447531282875,2026-03-24T20:00:00.000Z
sensor.corridoio_temperatura_2,20.432853687522222,2026-03-24T21:00:00.000Z
sensor.corridoio_temperatura_2,20.388791154330555,2026-03-24T22:00:00.000Z
sensor.corridoio_temperatura_2,20.34018704891389,2026-03-24T23:00:00.000Z
sensor.corridoio_temperatura_2,20.288844029930555,2026-03-25T00:00:00.000Z
sensor.corridoio_temperatura_2,20.248404826483334,2026-03-25T01:00:00.000Z
sensor.corridoio_temperatura_2,20.210429774483334,2026-03-25T02:00:00.000Z
sensor.corridoio_temperatura_2,20.15666882696389,2026-03-25T03:00:00.000Z
sensor.corridoio_temperatura_2,20.093529070705557,2026-03-25T04:00:00.000Z
sensor.corridoio_temperatura_2,20.03715163294167,2026-03-25T05:00:00.000Z
sensor.corridoio_temperatura_2,20.046185018227778,2026-03-25T06:00:00.000Z
sensor.corridoio_temperatura_2,20.110845831344445,2026-03-25T07:00:00.000Z
sensor.corridoio_temperatura_2,20.09754338317778,2026-03-25T08:00:00.000Z
sensor.corridoio_temperatura_2,20.14392942943611,2026-03-25T09:00:00.000Z
sensor.corridoio_temperatura_2,20.178941385472225,2026-03-25T10:00:00.000Z
sensor.corridoio_temperatura_2,20.201325705930554,2026-03-25T11:00:00.000Z
sensor.corridoio_temperatura_2,20.223433393969444,2026-03-25T12:00:00.000Z
sensor.corridoio_temperatura_2,20.271689378322222,2026-03-25T13:00:00.000Z
sensor.corridoio_temperatura_2,20.277976887250002,2026-03-25T14:00:00.000Z
sensor.corridoio_temperatura_2,20.288748389894444,2026-03-25T15:00:00.000Z
sensor.corridoio_temperatura_2,20.29671020657222,2026-03-25T16:00:00.000Z
sensor.corridoio_temperatura_2,20.285578720666667,2026-03-25T17:00:00.000Z
sensor.corridoio_temperatura_2,20.26709538386389,2026-03-25T18:00:00.000Z
sensor.corridoio_temperatura_2,20.26652252196111,2026-03-25T19:00:00.000Z
sensor.corridoio_temperatura_2,20.242516805702778,2026-03-25T20:00:00.000Z
sensor.corridoio_temperatura_2,20.23332843240278,2026-03-25T21:00:00.000Z
sensor.corridoio_temperatura_2,20.211979667477777,2026-03-25T22:00:00.000Z
sensor.corridoio_temperatura_2,20.1715839627,2026-03-25T23:00:00.000Z
sensor.corridoio_temperatura_2,20.132579313222223,2026-03-26T00:00:00.000Z
sensor.corridoio_temperatura_2,20.07774666201389,2026-03-26T01:00:00.000Z
sensor.corridoio_temperatura_2,20.035496661830557,2026-03-26T02:00:00.000Z
sensor.corridoio_temperatura_2,19.971085769863887,2026-03-26T03:00:00.000Z
sensor.corridoio_temperatura_2,19.921173210933333,2026-03-26T04:00:00.000Z
sensor.corridoio_temperatura_2,19.878567257955556,2026-03-26T05:00:00.000Z
sensor.corridoio_temperatura_2,19.893241379011112,2026-03-26T06:00:00.000Z
sensor.corridoio_temperatura_2,19.944588674908335,2026-03-26T07:00:00.000Z
sensor.corridoio_temperatura_2,19.898129618483335,2026-03-26T08:00:00.000Z
sensor.corridoio_temperatura_2,19.867367403116667,2026-03-26T09:00:00.000Z
sensor.corridoio_temperatura_2,19.8309125547,2026-03-26T10:00:00.000Z
sensor.corridoio_temperatura_2,19.82,2026-03-26T11:00:00.000Z
sensor.corridoio_temperatura_2,19.773810983705555,2026-03-26T12:00:00.000Z
sensor.corridoio_temperatura_2,19.74,2026-03-26T13:00:00.000Z
sensor.corridoio_temperatura_2,19.739002274666664,2026-03-26T14:00:00.000Z
sensor.corridoio_temperatura_2,19.72,2026-03-26T15:00:00.000Z
sensor.corridoio_temperatura_2,19.72241061123889,2026-03-26T16:00:00.000Z
sensor.corridoio_temperatura_2,19.722623158399998,2026-03-26T17:00:00.000Z
sensor.corridoio_temperatura_2,19.72,2026-03-26T18:00:00.000Z
sensor.corridoio_temperatura_2,19.72,2026-03-26T19:00:00.000Z
sensor.corridoio_temperatura_2,19.736977159894444,2026-03-26T20:00:00.000Z
sensor.corridoio_temperatura_2,19.772913965111112,2026-03-26T21:00:00.000Z
sensor.corridoio_temperatura_2,19.81845589587778,2026-03-26T22:00:00.000Z
sensor.corridoio_temperatura_2,19.767887544969444,2026-03-26T23:00:00.000Z
sensor.corridoio_temperatura_2,19.73697868175,2026-03-27T00:00:00.000Z
sensor.corridoio_temperatura_2,19.72,2026-03-27T01:00:00.000Z
sensor.corridoio_temperatura_2,19.68099930216111,2026-03-27T02:00:00.000Z
sensor.corridoio_temperatura_2,19.595893934425,2026-03-27T03:00:00.000Z
sensor.corridoio_temperatura_2,19.533179872083334,2026-03-27T04:00:00.000Z
sensor.corridoio_temperatura_2,19.49388468750833,2026-03-27T05:00:00.000Z
sensor.corridoio_temperatura_2,19.49448716041111,2026-03-27T06:00:00.000Z
sensor.corridoio_temperatura_2,19.577031209269446,2026-03-27T07:00:00.000Z
sensor.corridoio_temperatura_2,19.59776077192222,2026-03-27T08:00:00.000Z
sensor.corridoio_temperatura_2,19.678603586111112,2026-03-27T09:00:00.000Z
sensor.corridoio_temperatura_2,19.72,2026-03-27T10:00:00.000Z
sensor.corridoio_temperatura_2,19.72,2026-03-27T11:00:00.000Z
sensor.corridoio_temperatura_2,19.73652043761111,2026-03-27T12:00:00.000Z
sensor.corridoio_temperatura_2,19.74,2026-03-27T13:00:00.000Z
sensor.corridoio_temperatura_2,19.753469557488888,2026-03-27T14:00:00.000Z
sensor.corridoio_temperatura_2,19.831757170269444,2026-03-27T15:00:00.000Z
sensor.corridoio_temperatura_2,19.911148644561113,2026-03-27T16:00:00.000Z
sensor.corridoio_temperatura_2,19.984621283488888,2026-03-27T17:00:00.000Z
sensor.corridoio_temperatura_2,20.33221532980278,2026-03-27T18:00:00.000Z
sensor.corridoio_temperatura_2,20.66240194163889,2026-03-27T19:00:00.000Z
sensor.corridoio_temperatura_2,20.878743445302778,2026-03-27T20:00:00.000Z
sensor.corridoio_temperatura_2,21.016596991525,2026-03-27T21:00:00.000Z
sensor.corridoio_temperatura_2,20.741996779583335,2026-03-27T22:00:00.000Z
sensor.corridoio_temperatura_2,20.580678343002777,2026-03-27T23:00:00.000Z
sensor.corridoio_temperatura_2,20.486396199222224,2026-03-28T00:00:00.000Z
sensor.corridoio_temperatura_2,20.417159484533332,2026-03-28T01:00:00.000Z
sensor.corridoio_temperatura_2,20.360724264833333,2026-03-28T02:00:00.000Z
sensor.corridoio_temperatura_2,20.297758846733334,2026-03-28T03:00:00.000Z
sensor.corridoio_temperatura_2,20.25123290797222,2026-03-28T04:00:00.000Z
sensor.corridoio_temperatura_2,20.199976116258334,2026-03-28T05:00:00.000Z
sensor.corridoio_temperatura_2,20.16696892970278,2026-03-28T06:00:00.000Z
sensor.corridoio_temperatura_2,20.152912854344446,2026-03-28T07:00:00.000Z
sensor.corridoio_temperatura_2,20.105362087605556,2026-03-28T08:00:00.000Z
sensor.corridoio_temperatura_2,20.150712451183335,2026-03-28T09:00:00.000Z
sensor.corridoio_temperatura_2,20.189933409325,2026-03-28T10:00:00.000Z
sensor.corridoio_temperatura_2,20.23602460893611,2026-03-28T11:00:00.000Z
sensor.corridoio_temperatura_2,20.264920557691667,2026-03-28T12:00:00.000Z
sensor.corridoio_temperatura_2,20.29624085755,2026-03-28T13:00:00.000Z
sensor.corridoio_temperatura_2,20.314598006905555,2026-03-28T14:00:00.000Z
sensor.corridoio_temperatura_2,20.321056487158334,2026-03-28T15:00:00.000Z
sensor.corridoio_temperatura_2,20.33824188461389,2026-03-28T16:00:00.000Z
sensor.corridoio_temperatura_2,20.354205565958335,2026-03-28T17:00:00.000Z
sensor.corridoio_temperatura_2,20.59726422968889,2026-03-28T18:00:00.000Z
sensor.corridoio_temperatura_2,20.874231458094446,2026-03-28T19:00:00.000Z
sensor.corridoio_temperatura_2,21.11174824926111,2026-03-28T20:00:00.000Z
sensor.corridoio_temperatura_2,21.308582849583335,2026-03-28T21:00:00.000Z
sensor.corridoio_temperatura_2,21.484376237891667,2026-03-28T22:00:00.000Z
sensor.corridoio_temperatura_2,21.38489411315278,2026-03-28T23:00:00.000Z
sensor.corridoio_temperatura_2,21.091742574605558,2026-03-29T00:00:00.000Z
sensor.corridoio_temperatura_2,20.962350438877777,2026-03-29T01:00:00.000Z
sensor.corridoio_temperatura_2,20.8526940293,2026-03-29T02:00:00.000Z
sensor.corridoio_temperatura_2,20.744635972791666,2026-03-29T03:00:00.000Z
sensor.corridoio_temperatura_2,20.646356753558333,2026-03-29T04:00:00.000Z
sensor.corridoio_temperatura_2,20.566052237766666,2026-03-29T05:00:00.000Z
sensor.corridoio_temperatura_2,20.502471934472222,2026-03-29T06:00:00.000Z
sensor.corridoio_temperatura_2,20.467483446308332,2026-03-29T07:00:00.000Z
sensor.corridoio_temperatura_2,20.487763751891666,2026-03-29T08:00:00.000Z
sensor.corridoio_temperatura_2,20.595178301019445,2026-03-29T09:00:00.000Z
sensor.corridoio_temperatura_2,20.67380365302778,2026-03-29T10:00:00.000Z
sensor.corridoio_temperatura_2,20.71469187373611,2026-03-29T11:00:00.000Z
sensor.corridoio_temperatura_2,20.766765421383333,2026-03-29T12:00:00.000Z
sensor.corridoio_temperatura_2,20.79149625096389,2026-03-29T13:00:00.000Z
sensor.corridoio_temperatura_2,20.822986316625,2026-03-29T14:00:00.000Z
sensor.corridoio_temperatura_2,20.847541491916665,2026-03-29T15:00:00.000Z
sensor.corridoio_temperatura_2,20.914121535733333,2026-03-29T16:00:00.000Z
sensor.corridoio_temperatura_2,20.957550279672223,2026-03-29T17:00:00.000Z
sensor.corridoio_temperatura_2,20.944540075166667,2026-03-29T18:00:00.000Z
sensor.corridoio_temperatura_2,20.93880060011111,2026-03-29T19:00:00.000Z
sensor.corridoio_temperatura_2,20.92857266638889,2026-03-29T20:00:00.000Z
sensor.corridoio_temperatura_2,20.91,2026-03-29T21:00:00.000Z
sensor.corridoio_temperatura_2,20.855026573769447,2026-03-29T22:00:00.000Z
sensor.corridoio_temperatura_2,20.796812855641665,2026-03-29T23:00:00.000Z
sensor.corridoio_temperatura_2,20.757999693666665,2026-03-30T00:00:00.000Z
sensor.corridoio_temperatura_2,20.69589778822778,2026-03-30T01:00:00.000Z
sensor.corridoio_temperatura_2,20.656057337069445,2026-03-30T02:00:00.000Z
sensor.corridoio_temperatura_2,20.603461505744445,2026-03-30T03:00:00.000Z
sensor.corridoio_temperatura_2,20.55645768580278,2026-03-30T04:00:00.000Z
sensor.corridoio_temperatura_2,20.531078660416668,2026-03-30T05:00:00.000Z
sensor.corridoio_temperatura_2,20.564066499552776,2026-03-30T06:00:00.000Z
sensor.corridoio_temperatura_2,20.526641053091666,2026-03-30T07:00:00.000Z
sensor.corridoio_temperatura_2,20.510772272122225,2026-03-30T08:00:00.000Z
sensor.corridoio_temperatura_2,20.576678356841665,2026-03-30T09:00:00.000Z
sensor.corridoio_temperatura_2,20.643051254480557,2026-03-30T10:00:00.000Z
sensor.corridoio_temperatura_2,20.624437795497222,2026-03-30T11:00:00.000Z
sensor.corridoio_temperatura_2,20.669581396850003,2026-03-30T12:00:00.000Z
sensor.corridoio_temperatura_2,20.708461541286113,2026-03-30T13:00:00.000Z
sensor.corridoio_temperatura_2,20.74661467502778,2026-03-30T14:00:00.000Z
sensor.corridoio_temperatura_2,20.703073347777778,2026-03-30T15:00:00.000Z
sensor.corridoio_temperatura_2,20.668833907433335,2026-03-30T16:00:00.000Z
sensor.corridoio_temperatura_2,20.662516569330556,2026-03-30T17:00:00.000Z
sensor.corridoio_temperatura_2,20.67223632943889,2026-03-30T18:00:00.000Z
sensor.corridoio_temperatura_2,20.654051734344446,2026-03-30T19:00:00.000Z
sensor.corridoio_temperatura_2,20.661271905555555,2026-03-30T20:00:00.000Z
sensor.corridoio_temperatura_2,20.659719785533333,2026-03-30T21:00:00.000Z
sensor.corridoio_temperatura_2,20.630690890497224,2026-03-30T22:00:00.000Z
sensor.corridoio_temperatura_2,20.596975351019445,2026-03-30T23:00:00.000Z
sensor.corridoio_temperatura_2,20.55962648996389,2026-03-31T00:00:00.000Z
sensor.corridoio_temperatura_2,20.518881795455556,2026-03-31T01:00:00.000Z
sensor.corridoio_temperatura_2,20.46934893881389,2026-03-31T02:00:00.000Z
sensor.corridoio_temperatura_2,20.402199221183334,2026-03-31T03:00:00.000Z
sensor.corridoio_temperatura_2,20.339055771077778,2026-03-31T04:00:00.000Z
sensor.corridoio_temperatura_2,20.314127667083334,2026-03-31T05:00:00.000Z
sensor.corridoio_temperatura_2,20.327992138083335,2026-03-31T06:00:00.000Z
sensor.corridoio_temperatura_2,20.27625593875278,2026-03-31T07:00:00.000Z
sensor.corridoio_temperatura_2,20.287097674394442,2026-03-31T08:00:00.000Z
sensor.corridoio_temperatura_2,20.331642383458334,2026-03-31T09:00:00.000Z
sensor.corridoio_temperatura_2,20.384384600927778,2026-03-31T10:00:00.000Z
sensor.corridoio_temperatura_2,20.396130752625,2026-03-31T11:00:00.000Z
sensor.corridoio_temperatura_2,20.363281411288888,2026-03-31T12:00:00.000Z
sensor.corridoio_temperatura_2,20.31982850416389,2026-03-31T13:00:00.000Z
sensor.corridoio_temperatura_2,20.315828614608332,2026-03-31T14:00:00.000Z
sensor.corridoio_temperatura_2,20.352246435244446,2026-03-31T15:00:00.000Z
sensor.corridoio_temperatura_2,20.385721350491668,2026-03-31T16:00:00.000Z
sensor.corridoio_temperatura_2,20.50417828699722,2026-03-31T17:00:00.000Z
sensor.corridoio_temperatura_2,20.479926536538887,2026-03-31T18:00:00.000Z
sensor.corridoio_temperatura_2,20.419241427688892,2026-03-31T19:00:00.000Z
sensor.corridoio_temperatura_2,20.41041748677222,2026-03-31T20:00:00.000Z
sensor.corridoio_temperatura_2,20.385642712425,2026-03-31T21:00:00.000Z
sensor.corridoio_temperatura_2,20.33768402847222,2026-03-31T22:00:00.000Z
sensor.corridoio_temperatura_2,20.31715925326111,2026-03-31T23:00:00.000Z
sensor.corridoio_temperatura_2,20.267797868525,2026-04-01T00:00:00.000Z
sensor.corridoio_temperatura_2,20.231029377777777,2026-04-01T01:00:00.000Z
sensor.corridoio_temperatura_2,20.171449018241667,2026-04-01T02:00:00.000Z
sensor.corridoio_temperatura_2,20.12247930832778,2026-04-01T03:00:00.000Z
sensor.corridoio_temperatura_2,20.108599984530557,2026-04-01T04:00:00.000Z
sensor.corridoio_temperatura_2,20.10707239946389,2026-04-01T05:00:00.000Z
sensor.corridoio_temperatura_2,20.128885122169446,2026-04-01T06:00:00.000Z
sensor.corridoio_temperatura_2,20.085844148205556,2026-04-01T07:00:00.000Z
sensor.corridoio_temperatura_2,20.0497911601,2026-04-01T08:00:00.000Z
sensor.corridoio_temperatura_2,20.029534190002778,2026-04-01T09:00:00.000Z
sensor.corridoio_temperatura_2,20.02,2026-04-01T10:00:00.000Z
sensor.corridoio_temperatura_2,20.02890487873889,2026-04-01T11:00:00.000Z
sensor.corridoio_temperatura_2,20.04457726703889,2026-04-01T12:00:00.000Z
sensor.corridoio_temperatura_2,20.091445098783336,2026-04-01T13:00:00.000Z
sensor.corridoio_temperatura_2,20.173596184747222,2026-04-01T14:00:00.000Z
sensor.corridoio_temperatura_2,20.197522537105556,2026-04-01T15:00:00.000Z
sensor.corridoio_temperatura_2,20.22,2026-04-01T16:00:00.000Z
sensor.corridoio_temperatura_2,20.223355665891663,2026-04-01T17:00:00.000Z
sensor.corridoio_temperatura_2,20.219376116208334,2026-04-01T18:00:00.000Z
sensor.corridoio_temperatura_2,20.196858333908335,2026-04-01T19:00:00.000Z
sensor.corridoio_temperatura_2,20.226085573436112,2026-04-01T20:00:00.000Z
sensor.corridoio_temperatura_2,20.303574970386112,2026-04-01T21:00:00.000Z
sensor.corridoio_temperatura_2,20.271659865777778,2026-04-01T22:00:00.000Z
sensor.corridoio_temperatura_2,20.25599553746389,2026-04-01T23:00:00.000Z
sensor.corridoio_temperatura_2,20.232324167894443,2026-04-02T00:00:00.000Z
sensor.corridoio_temperatura_2,20.19175156903611,2026-04-02T01:00:00.000Z
sensor.corridoio_temperatura_2,20.121452790447222,2026-04-02T02:00:00.000Z
sensor.corridoio_temperatura_2,20.063032226308334,2026-04-02T03:00:00.000Z
sensor.corridoio_temperatura_2,19.99499829966111,2026-04-02T04:00:00.000Z
sensor.corridoio_temperatura_2,19.973975493797223,2026-04-02T05:00:00.000Z
sensor.corridoio_temperatura_2,20.023514276230554,2026-04-02T06:00:00.000Z
sensor.corridoio_temperatura_2,20.050309553938888,2026-04-02T07:00:00.000Z
sensor.corridoio_temperatura_2,20.04479143003611,2026-04-02T08:00:00.000Z
sensor.corridoio_temperatura_2,20.095224695952776,2026-04-02T09:00:00.000Z
sensor.corridoio_temperatura_2,20.164908108025,2026-04-02T10:00:00.000Z
sensor.corridoio_temperatura_2,20.145032701433333,2026-04-02T11:00:00.000Z
sensor.corridoio_temperatura_2,20.176797666513888,2026-04-02T12:00:00.000Z
sensor.corridoio_temperatura_2,20.212325974894444,2026-04-02T13:00:00.000Z
sensor.corridoio_temperatura_2,20.235415278722222,2026-04-02T14:00:00.000Z
sensor.corridoio_temperatura_2,20.271026744413888,2026-04-02T15:00:00.000Z
sensor.corridoio_temperatura_2,20.31184026735278,2026-04-02T16:00:00.000Z
sensor.corridoio_temperatura_2,20.34159635831111,2026-04-02T17:00:00.000Z
sensor.corridoio_temperatura_2,20.367170864725,2026-04-02T18:00:00.000Z
sensor.corridoio_temperatura_2,20.402198508797223,2026-04-02T19:00:00.000Z
sensor.corridoio_temperatura_2,20.41987416563889,2026-04-02T20:00:00.000Z
sensor.corridoio_temperatura_2,20.39727416202222,2026-04-02T21:00:00.000Z
sensor.corridoio_temperatura_2,20.379085258769447,2026-04-02T22:00:00.000Z
sensor.corridoio_temperatura_2,20.38581509885,2026-04-02T23:00:00.000Z
sensor.corridoio_temperatura_2,20.36757211135278,2026-04-03T00:00:00.000Z
sensor.corridoio_temperatura_2,20.32377610175,2026-04-03T01:00:00.000Z
sensor.corridoio_temperatura_2,20.2692352131,2026-04-03T02:00:00.000Z
sensor.corridoio_temperatura_2,20.219251667577776,2026-04-03T03:00:00.000Z
sensor.corridoio_temperatura_2,20.161329693202777,2026-04-03T04:00:00.000Z
sensor.corridoio_temperatura_2,20.16829171681111,2026-04-03T05:00:00.000Z
sensor.corridoio_temperatura_2,20.18752585525,2026-04-03T06:00:00.000Z
sensor.corridoio_temperatura_2,20.190135317680557,2026-04-03T07:00:00.000Z
sensor.corridoio_temperatura_2,20.2387398478,2026-04-03T08:00:00.000Z
sensor.corridoio_temperatura_2,20.34557729629167,2026-04-03T09:00:00.000Z
sensor.corridoio_temperatura_2,20.463870666461112,2026-04-03T10:00:00.000Z
sensor.corridoio_temperatura_2,20.427875576347223,2026-04-03T11:00:00.000Z
sensor.corridoio_temperatura_2,20.4597640745,2026-04-03T12:00:00.000Z
sensor.corridoio_temperatura_2,20.497818557127776,2026-04-03T13:00:00.000Z
sensor.corridoio_temperatura_2,20.52271069100833,2026-04-03T14:00:00.000Z
sensor.corridoio_temperatura_2,20.534448992033333,2026-04-03T15:00:00.000Z
sensor.corridoio_temperatura_2,20.58134253435833,2026-04-03T16:00:00.000Z
sensor.corridoio_temperatura_2,20.625116549361113,2026-04-03T17:00:00.000Z
sensor.corridoio_temperatura_2,20.684954446497223,2026-04-03T18:00:00.000Z
sensor.corridoio_temperatura_2,20.700759887316668,2026-04-03T19:00:00.000Z
sensor.corridoio_temperatura_2,20.707762398558334,2026-04-03T20:00:00.000Z
sensor.corridoio_temperatura_2,20.67741268051389,2026-04-03T21:00:00.000Z
sensor.corridoio_temperatura_2,20.650968832872223,2026-04-03T22:00:00.000Z
sensor.corridoio_temperatura_2,20.607305106013886,2026-04-03T23:00:00.000Z
sensor.corridoio_temperatura_2,20.553819859475,2026-04-04T00:00:00.000Z
sensor.corridoio_temperatura_2,20.52066245900833,2026-04-04T01:00:00.000Z
sensor.corridoio_temperatura_2,20.482857834194444,2026-04-04T02:00:00.000Z
sensor.corridoio_temperatura_2,20.418447393705556,2026-04-04T03:00:00.000Z
sensor.corridoio_temperatura_2,20.35846386866111,2026-04-04T04:00:00.000Z
sensor.corridoio_temperatura_2,20.29640176676389,2026-04-04T05:00:00.000Z
sensor.corridoio_temperatura_2,20.297377066758333,2026-04-04T06:00:00.000Z
sensor.corridoio_temperatura_2,20.606369045472224,2026-04-04T07:00:00.000Z
sensor.corridoio_temperatura_2,20.961429814766667,2026-04-04T08:00:00.000Z
sensor.corridoio_temperatura_2,21.1828388528,2026-04-04T09:00:00.000Z
sensor.corridoio_temperatura_2,21.149954735830555,2026-04-04T10:00:00.000Z
sensor.corridoio_temperatura_2,21.05039829812222,2026-04-04T11:00:00.000Z
sensor.corridoio_temperatura_2,21.070482617097223,2026-04-04T12:00:00.000Z
sensor.corridoio_temperatura_2,21.08251633021111,2026-04-04T13:00:00.000Z
sensor.corridoio_temperatura_2,21.092534382127777,2026-04-04T14:00:00.000Z
sensor.corridoio_temperatura_2,21.114391009077778,2026-04-04T15:00:00.000Z
sensor.corridoio_temperatura_2,21.138976312880555,2026-04-04T16:00:00.000Z
sensor.corridoio_temperatura_2,21.180450412083335,2026-04-04T17:00:00.000Z
sensor.corridoio_temperatura_2,21.20246440157222,2026-04-04T18:00:00.000Z
sensor.corridoio_temperatura_2,21.18159766523889,2026-04-04T19:00:00.000Z
sensor.corridoio_temperatura_2,21.173641783608335,2026-04-04T20:00:00.000Z
sensor.corridoio_temperatura_2,21.156644381919445,2026-04-04T21:00:00.000Z
sensor.corridoio_temperatura_2,21.149367276219444,2026-04-04T22:00:00.000Z
sensor.corridoio_temperatura_2,21.15888770421389,2026-04-04T23:00:00.000Z
sensor.corridoio_temperatura_2,21.14652632593889,2026-04-05T00:00:00.000Z
sensor.corridoio_temperatura_2,21.113397013302777,2026-04-05T01:00:00.000Z
sensor.corridoio_temperatura_2,21.065787216625,2026-04-05T02:00:00.000Z
sensor.corridoio_temperatura_2,21.028096871875,2026-04-05T03:00:00.000Z
sensor.corridoio_temperatura_2,20.989368050702776,2026-04-05T04:00:00.000Z
sensor.corridoio_temperatura_2,20.96543984006389,2026-04-05T05:00:00.000Z
sensor.corridoio_temperatura_2,20.922991195452777,2026-04-05T06:00:00.000Z
sensor.corridoio_temperatura_2,20.889231284780553,2026-04-05T07:00:00.000Z
sensor.corridoio_temperatura_2,20.873018565644443,2026-04-05T08:00:00.000Z
sensor.corridoio_temperatura_2,21.00973029505,2026-04-05T09:00:00.000Z
sensor.corridoio_temperatura_2,21.101241152422222,2026-04-05T10:00:00.000Z
sensor.corridoio_temperatura_2,21.107544836383333,2026-04-05T11:00:00.000Z
sensor.corridoio_temperatura_2,21.133521088475,2026-04-05T12:00:00.000Z
sensor.corridoio_temperatura_2,21.160499789033334,2026-04-05T13:00:00.000Z
sensor.corridoio_temperatura_2,21.190970206880557,2026-04-05T14:00:00.000Z
sensor.corridoio_temperatura_2,21.229765566033333,2026-04-05T15:00:00.000Z
sensor.corridoio_temperatura_2,21.254867750558333,2026-04-05T16:00:00.000Z
sensor.corridoio_temperatura_2,21.27879512072778,2026-04-05T17:00:00.000Z
sensor.corridoio_temperatura_2,21.320406114552778,2026-04-05T18:00:00.000Z
sensor.corridoio_temperatura_2,21.36685334407778,2026-04-05T19:00:00.000Z
sensor.corridoio_temperatura_2,21.374192779208332,2026-04-05T20:00:00.000Z
sensor.corridoio_temperatura_2,21.358518890022225,2026-04-05T21:00:00.000Z
sensor.corridoio_temperatura_2,21.33968915753889,2026-04-05T22:00:00.000Z
sensor.corridoio_temperatura_2,21.315231811905555,2026-04-05T23:00:00.000Z
sensor.corridoio_temperatura_2,21.286997639675,2026-04-06T00:00:00.000Z
sensor.corridoio_temperatura_2,21.253975049788888,2026-04-06T01:00:00.000Z
sensor.corridoio_temperatura_2,21.235873048836112,2026-04-06T02:00:00.000Z
sensor.corridoio_temperatura_2,21.221834524566667,2026-04-06T03:00:00.000Z
sensor.corridoio_temperatura_2,21.196095261672223,2026-04-06T04:00:00.000Z
sensor.corridoio_temperatura_2,21.17000819695,2026-04-06T05:00:00.000Z
sensor.corridoio_temperatura_2,21.15,2026-04-06T06:00:00.000Z
sensor.corridoio_temperatura_2,21.134776049741667,2026-04-06T07:00:00.000Z
sensor.corridoio_temperatura_2,21.137383010533334,2026-04-06T08:00:00.000Z
sensor.corridoio_temperatura_2,21.300667284411112,2026-04-06T09:00:00.000Z
sensor.corridoio_temperatura_2,21.406682639644444,2026-04-06T10:00:00.000Z
sensor.corridoio_temperatura_2,21.452992893919443,2026-04-06T11:00:00.000Z
sensor.corridoio_temperatura_2,21.46306029728611,2026-04-06T12:00:00.000Z
sensor.corridoio_temperatura_2,21.49335690521111,2026-04-06T13:00:00.000Z
sensor.corridoio_temperatura_2,21.545539936644445,2026-04-06T14:00:00.000Z
sensor.corridoio_temperatura_2,21.605120246925,2026-04-06T15:00:00.000Z
sensor.corridoio_temperatura_2,21.660126243963887,2026-04-06T16:00:00.000Z
sensor.corridoio_temperatura_2,21.690136385113888,2026-04-06T17:00:00.000Z
sensor.corridoio_temperatura_2,21.70062806017222,2026-04-06T18:00:00.000Z
sensor.corridoio_temperatura_2,21.681389702027776,2026-04-06T19:00:00.000Z
sensor.corridoio_temperatura_2,21.674127391744445,2026-04-06T20:00:00.000Z
sensor.corridoio_temperatura_2,21.67753961993333,2026-04-06T21:00:00.000Z
sensor.corridoio_temperatura_2,21.691688417191667,2026-04-06T22:00:00.000Z
sensor.corridoio_temperatura_2,21.675156609125,2026-04-06T23:00:00.000Z
sensor.corridoio_temperatura_2,21.675872110944443,2026-04-07T00:00:00.000Z
sensor.corridoio_temperatura_2,21.661934257916666,2026-04-07T01:00:00.000Z
sensor.corridoio_temperatura_2,21.635943552794444,2026-04-07T02:00:00.000Z
sensor.corridoio_temperatura_2,21.606336641652778,2026-04-07T03:00:00.000Z
sensor.corridoio_temperatura_2,21.57213445451111,2026-04-07T04:00:00.000Z
sensor.corridoio_temperatura_2,21.550297074463888,2026-04-07T05:00:00.000Z
sensor.corridoio_temperatura_2,21.510223534233333,2026-04-07T06:00:00.000Z
sensor.corridoio_temperatura_2,21.47035710428889,2026-04-07T07:00:00.000Z
sensor.corridoio_temperatura_2,21.488920716258335,2026-04-07T08:00:00.000Z
sensor.corridoio_temperatura_2,21.683082467966667,2026-04-07T09:00:00.000Z
sensor.corridoio_temperatura_2,21.73472880837222,2026-04-07T10:00:00.000Z
sensor.corridoio_temperatura_2,21.791508522197223,2026-04-07T11:00:00.000Z
sensor.corridoio_temperatura_2,21.811157672341665,2026-04-07T12:00:00.000Z
sensor.corridoio_temperatura_2,21.825588328541667,2026-04-07T13:00:00.000Z
sensor.corridoio_temperatura_2,21.849080647511112,2026-04-07T14:00:00.000Z
sensor.corridoio_temperatura_2,21.87888415757222,2026-04-07T15:00:00.000Z
sensor.corridoio_temperatura_2,21.935745570241668,2026-04-07T16:00:00.000Z
sensor.corridoio_temperatura_2,21.976606411052774,2026-04-07T17:00:00.000Z
sensor.corridoio_temperatura_2,22.007993068083334,2026-04-07T18:00:00.000Z
sensor.corridoio_temperatura_2,22.006951148663887,2026-04-07T19:00:00.000Z
sensor.corridoio_temperatura_2,21.979006070875002,2026-04-07T20:00:00.000Z
sensor.corridoio_temperatura_2,21.966490724758334,2026-04-07T21:00:00.000Z
sensor.corridoio_temperatura_2,21.93761960785,2026-04-07T22:00:00.000Z
sensor.corridoio_temperatura_2,21.907595357166667,2026-04-07T23:00:00.000Z
sensor.corridoio_temperatura_2,21.880883882836113,2026-04-08T00:00:00.000Z
sensor.corridoio_temperatura_2,21.884372721541666,2026-04-08T01:00:00.000Z
sensor.corridoio_temperatura_2,21.872235068819446,2026-04-08T02:00:00.000Z
sensor.corridoio_temperatura_2,21.846496198688886,2026-04-08T03:00:00.000Z
sensor.corridoio_temperatura_2,21.821648460099997,2026-04-08T04:00:00.000Z
sensor.corridoio_temperatura_2,21.777906884822226,2026-04-08T05:00:00.000Z
sensor.corridoio_temperatura_2,21.750065934069443,2026-04-08T06:00:00.000Z
sensor.corridoio_temperatura_2,21.72683455780278,2026-04-08T07:00:00.000Z
sensor.corridoio_temperatura_2,21.71289055725556,2026-04-08T08:00:00.000Z
sensor.corridoio_temperatura_2,21.807077154505553,2026-04-08T09:00:00.000Z
sensor.corridoio_temperatura_2,21.874136307705555,2026-04-08T10:00:00.000Z
sensor.corridoio_temperatura_2,21.874876328452775,2026-04-08T11:00:00.000Z
sensor.corridoio_temperatura_2,21.911909776442425,2026-04-08T12:00:00.000Z
sensor.corridoio_temperatura_2,21.95853272027222,2026-04-08T13:00:00.000Z
sensor.corridoio_temperatura_2,21.993045195583335,2026-04-08T14:00:00.000Z
sensor.corridoio_temperatura_2,22.02729472349722,2026-04-08T15:00:00.000Z
sensor.corridoio_temperatura_2,22.06541281899722,2026-04-08T16:00:00.000Z
sensor.corridoio_temperatura_2,22.09786848806389,2026-04-08T17:00:00.000Z
sensor.corridoio_temperatura_2,22.106963021083335,2026-04-08T18:00:00.000Z
sensor.corridoio_temperatura_2,22.142991667377782,2026-04-08T19:00:00.000Z
sensor.corridoio_temperatura_2,22.188092583663888,2026-04-08T20:00:00.000Z
sensor.corridoio_temperatura_2,22.19898926553333,2026-04-08T21:00:00.000Z
sensor.corridoio_temperatura_2,22.164905110063888,2026-04-08T22:00:00.000Z
sensor.corridoio_temperatura_2,22.130771019266664,2026-04-08T23:00:00.000Z
sensor.corridoio_temperatura_2,22.110244204483333,2026-04-09T00:00:00.000Z
sensor.corridoio_temperatura_2,22.10287915820278,2026-04-09T01:00:00.000Z
sensor.corridoio_temperatura_2,22.069872200047218,2026-04-09T02:00:00.000Z
sensor.corridoio_temperatura_2,22.030701955419445,2026-04-09T03:00:00.000Z
sensor.corridoio_temperatura_2,21.992788458038888,2026-04-09T04:00:00.000Z
sensor.corridoio_temperatura_2,21.949211609758336,2026-04-09T05:00:00.000Z
sensor.corridoio_temperatura_2,21.915907759450004,2026-04-09T06:00:00.000Z
sensor.corridoio_temperatura_2,21.852820110047222,2026-04-09T07:00:00.000Z
sensor.corridoio_temperatura_2,21.837483026702774,2026-04-09T08:00:00.000Z
sensor.corridoio_temperatura_2,21.88812852682778,2026-04-09T09:00:00.000Z
sensor.corridoio_temperatura_2,21.949800601466666,2026-04-09T10:00:00.000Z
sensor.corridoio_temperatura_2,21.94,2026-04-09T11:00:00.000Z
sensor.corridoio_temperatura_2,21.97981804267222,2026-04-09T12:00:00.000Z
sensor.corridoio_temperatura_2,21.99725909745833,2026-04-09T13:00:00.000Z
sensor.corridoio_temperatura_2,22.010412675536113,2026-04-09T14:00:00.000Z
sensor.corridoio_temperatura_2,22.023879418161112,2026-04-09T15:00:00.000Z
sensor.corridoio_temperatura_2,22.07735841608333,2026-04-09T16:00:00.000Z
sensor.corridoio_temperatura_2,22.13710198723889,2026-04-09T17:00:00.000Z
sensor.corridoio_temperatura_2,22.15774779058611,2026-04-09T18:00:00.000Z
sensor.corridoio_temperatura_2,22.14941606755556,2026-04-09T19:00:00.000Z
sensor.corridoio_temperatura_2,22.107683283375,2026-04-09T20:00:00.000Z
sensor.corridoio_temperatura_2,22.04047313684167,2026-04-09T21:00:00.000Z
sensor.corridoio_temperatura_2,22.007242743033334,2026-04-09T22:00:00.000Z
sensor.corridoio_temperatura_2,21.976603925394443,2026-04-09T23:00:00.000Z
sensor.corridoio_temperatura_2,21.946734437941668,2026-04-10T00:00:00.000Z
sensor.corridoio_temperatura_2,21.947404668002775,2026-04-10T01:00:00.000Z
sensor.corridoio_temperatura_2,21.934070121319447,2026-04-10T02:00:00.000Z
sensor.corridoio_temperatura_2,21.906084281766667,2026-04-10T03:00:00.000Z
sensor.corridoio_temperatura_2,21.886428788719442,2026-04-10T04:00:00.000Z
sensor.corridoio_temperatura_2,21.860690007800002,2026-04-10T05:00:00.000Z
sensor.corridoio_temperatura_2,21.858201426391663,2026-04-10T06:00:00.000Z
sensor.corridoio_temperatura_2,21.797082359858333,2026-04-10T07:00:00.000Z
sensor.corridoio_temperatura_2,21.781744201044443,2026-04-10T08:00:00.000Z
sensor.corridoio_temperatura_2,21.756256397405554,2026-04-10T09:00:00.000Z
sensor.corridoio_temperatura_2,21.7568992203,2026-04-10T10:00:00.000Z
sensor.corridoio_temperatura_2,21.76664440064444,2026-04-10T11:00:00.000Z
sensor.corridoio_temperatura_2,21.808470093636107,2026-04-10T12:00:00.000Z
sensor.corridoio_temperatura_2,21.8,2026-04-10T13:00:00.000Z
sensor.corridoio_temperatura_2,21.821957918275,2026-04-10T14:00:00.000Z
sensor.corridoio_temperatura_2,21.846471483747223,2026-04-10T15:00:00.000Z
sensor.corridoio_temperatura_2,21.863875069233334,2026-04-10T16:00:00.000Z
sensor.corridoio_temperatura_2,21.901837716038887,2026-04-10T17:00:00.000Z
sensor.corridoio_temperatura_2,21.91,2026-04-10T18:00:00.000Z
sensor.corridoio_temperatura_2,21.904634500108333,2026-04-10T19:00:00.000Z
sensor.corridoio_temperatura_2,21.875448028241667,2026-04-10T20:00:00.000Z
sensor.corridoio_temperatura_2,21.84889480606945,2026-04-10T21:00:00.000Z
sensor.corridoio_temperatura_2,21.844833590008335,2026-04-10T22:00:00.000Z
sensor.corridoio_temperatura_2,21.83070594578611,2026-04-10T23:00:00.000Z
sensor.corridoio_temperatura_2,21.83251674821111,2026-04-11T00:00:00.000Z
sensor.corridoio_temperatura_2,21.82755075074722,2026-04-11T01:00:00.000Z
sensor.corridoio_temperatura_2,21.803490208766664,2026-04-11T02:00:00.000Z
sensor.corridoio_temperatura_2,21.779191421291667,2026-04-11T03:00:00.000Z
sensor.corridoio_temperatura_2,21.73989618151944,2026-04-11T04:00:00.000Z
sensor.corridoio_temperatura_2,21.699524758366664,2026-04-11T05:00:00.000Z
sensor.corridoio_temperatura_2,21.658076540916667,2026-04-11T06:00:00.000Z
sensor.corridoio_temperatura_2,21.641715423483333,2026-04-11T07:00:00.000Z
sensor.corridoio_temperatura_2,21.596302414380556,2026-04-11T08:00:00.000Z
sensor.corridoio_temperatura_2,21.671821204230554,2026-04-11T09:00:00.000Z
sensor.corridoio_temperatura_2,21.745872505774997,2026-04-11T10:00:00.000Z
sensor.corridoio_temperatura_2,21.748493755875,2026-04-11T11:00:00.000Z
sensor.corridoio_temperatura_2,21.778714986075002,2026-04-11T12:00:00.000Z
sensor.corridoio_temperatura_2,21.811688319675,2026-04-11T13:00:00.000Z
sensor.corridoio_temperatura_2,21.86947860797778,2026-04-11T14:00:00.000Z
sensor.corridoio_temperatura_2,21.982365750847222,2026-04-11T15:00:00.000Z
sensor.corridoio_temperatura_2,22,2026-04-11T16:00:00.000Z
sensor.corridoio_temperatura_2,21.997778819030557,2026-04-11T17:00:00.000Z
sensor.corridoio_temperatura_2,22.013243592519444,2026-04-11T18:00:00.000Z
sensor.corridoio_temperatura_2,22.00618512445833,2026-04-11T19:00:00.000Z
sensor.corridoio_temperatura_2,21.96731197511667,2026-04-11T20:00:00.000Z
sensor.corridoio_temperatura_2,21.92490303364167,2026-04-11T21:00:00.000Z
sensor.corridoio_temperatura_2,21.905178507505553,2026-04-11T22:00:00.000Z
sensor.corridoio_temperatura_2,21.882372158280557,2026-04-11T23:00:00.000Z
sensor.corridoio_temperatura_2,21.866644489733332,2026-04-12T00:00:00.000Z
sensor.corridoio_temperatura_2,21.869989196277782,2026-04-12T01:00:00.000Z
sensor.corridoio_temperatura_2,21.865872255716667,2026-04-12T02:00:00.000Z
sensor.corridoio_temperatura_2,21.863232852591665,2026-04-12T03:00:00.000Z
sensor.corridoio_temperatura_2,21.844752706894443,2026-04-12T04:00:00.000Z
sensor.corridoio_temperatura_2,21.811473502580554,2026-04-12T05:00:00.000Z
sensor.corridoio_temperatura_2,21.790901814075,2026-04-12T06:00:00.000Z
sensor.corridoio_temperatura_2,21.748908099055555,2026-04-12T07:00:00.000Z
sensor.corridoio_temperatura_2,21.721684498233333,2026-04-12T08:00:00.000Z
sensor.corridoio_temperatura_2,21.711676460247222,2026-04-12T09:00:00.000Z
sensor.corridoio_temperatura_2,21.694401013883333,2026-04-12T10:00:00.000Z
sensor.corridoio_temperatura_2,21.68627826121111,2026-04-12T11:00:00.000Z
sensor.corridoio_temperatura_2,21.6692773863,2026-04-12T12:00:00.000Z
sensor.corridoio_temperatura_2,21.706254366833335,2026-04-12T13:00:00.000Z
sensor.corridoio_temperatura_2,21.73921122575,2026-04-12T14:00:00.000Z
sensor.corridoio_temperatura_2,21.714329114069443,2026-04-12T15:00:00.000Z
sensor.corridoio_temperatura_2,21.67627464298611,2026-04-12T16:00:00.000Z
sensor.corridoio_temperatura_2,21.6415750203,2026-04-12T17:00:00.000Z
sensor.corridoio_temperatura_2,21.622800890905555,2026-04-12T18:00:00.000Z
sensor.corridoio_temperatura_2,21.599444896569448,2026-04-12T19:00:00.000Z
sensor.corridoio_temperatura_2,21.58573450236111,2026-04-12T20:00:00.000Z
sensor.corridoio_temperatura_2,21.58216211485833,2026-04-12T21:00:00.000Z
sensor.corridoio_temperatura_2,21.592962173675,2026-04-12T22:00:00.000Z
sensor.corridoio_temperatura_2,21.61251593991389,2026-04-12T23:00:00.000Z
sensor.corridoio_temperatura_2,21.61434976953056,2026-04-13T00:00:00.000Z
sensor.corridoio_temperatura_2,21.62,2026-04-13T01:00:00.000Z
sensor.corridoio_temperatura_2,21.61746126773889,2026-04-13T02:00:00.000Z
sensor.corridoio_temperatura_2,21.609211352308332,2026-04-13T03:00:00.000Z
sensor.corridoio_temperatura_2,21.583574470880553,2026-04-13T04:00:00.000Z
sensor.corridoio_temperatura_2,21.570000000000004,2026-04-13T05:00:00.000Z
sensor.corridoio_temperatura_2,21.58342175681111,2026-04-13T06:00:00.000Z
sensor.corridoio_temperatura_2,21.52776069909167,2026-04-13T07:00:00.000Z
sensor.corridoio_temperatura_2,21.464625062122224,2026-04-13T08:00:00.000Z
sensor.corridoio_temperatura_2,21.45212391589722,2026-04-13T09:00:00.000Z
sensor.corridoio_temperatura_2,21.412257730941665,2026-04-13T10:00:00.000Z
sensor.corridoio_temperatura_2,21.38548460038611,2026-04-13T11:00:00.000Z
sensor.corridoio_temperatura_2,21.388972492694446,2026-04-13T12:00:00.000Z
sensor.corridoio_temperatura_2,21.364656505766664,2026-04-13T13:00:00.000Z
sensor.corridoio_temperatura_2,21.354911457080558,2026-04-13T14:00:00.000Z
sensor.corridoio_temperatura_2,21.343300191408332,2026-04-13T15:00:00.000Z
sensor.corridoio_temperatura_2,21.339921062833337,2026-04-13T16:00:00.000Z
sensor.corridoio_temperatura_2,21.381730023205552,2026-04-13T17:00:00.000Z
sensor.corridoio_temperatura_2,21.34408039500555,2026-04-13T18:00:00.000Z
sensor.corridoio_temperatura_2,21.324195233155553,2026-04-13T19:00:00.000Z
sensor.corridoio_temperatura_2,21.31447564118611,2026-04-13T20:00:00.000Z
sensor.corridoio_temperatura_2,21.30243990229722,2026-04-13T21:00:00.000Z
sensor.corridoio_temperatura_2,21.309171049855554,2026-04-13T22:00:00.000Z
sensor.corridoio_temperatura_2,21.31,2026-04-13T23:00:00.000Z
sensor.corridoio_temperatura_2,21.31,2026-04-14T00:00:00.000Z
sensor.corridoio_temperatura_2,21.29739200711111,2026-04-14T03:00:00.000Z
sensor.corridoio_temperatura_2,21.292536334338887,2026-04-14T04:00:00.000Z
sensor.corridoio_temperatura_2,21.27520263326667,2026-04-14T05:00:00.000Z
sensor.corridoio_temperatura_2,21.27575715297778,2026-04-14T06:00:00.000Z
sensor.corridoio_temperatura_2,21.248101919969443,2026-04-14T07:00:00.000Z
sensor.corridoio_temperatura_2,21.23192843628611,2026-04-14T08:00:00.000Z
sensor.corridoio_temperatura_2,21.214061574419443,2026-04-14T09:00:00.000Z
sensor.corridoio_temperatura_2,21.140206641891666,2026-04-14T10:00:00.000Z
sensor.corridoio_temperatura_2,20.985228617444445,2026-04-14T11:00:00.000Z
sensor.corridoio_temperatura_2,21.005981181019447,2026-04-14T12:00:00.000Z
sensor.corridoio_temperatura_2,21.10953239997222,2026-04-14T13:00:00.000Z
sensor.corridoio_temperatura_2,21.136427007016668,2026-04-14T14:00:00.000Z
sensor.corridoio_temperatura_2,21.182871337358332,2026-04-14T15:00:00.000Z
sensor.corridoio_temperatura_2,21.209216500358334,2026-04-14T16:00:00.000Z
sensor.corridoio_temperatura_2,21.213355736025,2026-04-14T17:00:00.000Z
sensor.corridoio_temperatura_2,21.225503831033333,2026-04-14T18:00:00.000Z
sensor.corridoio_temperatura_2,21.250058963808332,2026-04-14T19:00:00.000Z
sensor.corridoio_temperatura_2,21.257907374172223,2026-04-14T20:00:00.000Z
sensor.corridoio_temperatura_2,21.251117298705555,2026-04-14T21:00:00.000Z
sensor.corridoio_temperatura_2,21.246217181383333,2026-04-14T22:00:00.000Z
sensor.corridoio_temperatura_2,21.24,2026-04-14T23:00:00.000Z
sensor.corridoio_temperatura_2,21.245326871022222,2026-04-15T00:00:00.000Z
sensor.corridoio_temperatura_2,21.252516709330557,2026-04-15T01:00:00.000Z
sensor.corridoio_temperatura_2,21.25,2026-04-15T02:00:00.000Z
sensor.corridoio_temperatura_2,21.249905473077778,2026-04-15T03:00:00.000Z
sensor.corridoio_temperatura_2,21.22481722825,2026-04-15T04:00:00.000Z
sensor.corridoio_temperatura_2,21.205727727952777,2026-04-15T05:00:00.000Z
sensor.corridoio_temperatura_2,21.221823388694446,2026-04-15T06:00:00.000Z
sensor.corridoio_temperatura_2,21.20933434052778,2026-04-15T07:00:00.000Z
sensor.corridoio_temperatura_2,21.200596646991666,2026-04-15T08:00:00.000Z
sensor.corridoio_temperatura_2,21.228897476455554,2026-04-15T09:00:00.000Z
sensor.corridoio_temperatura_2,21.265650688719443,2026-04-15T10:00:00.000Z
sensor.corridoio_temperatura_2,21.292095305597222,2026-04-15T11:00:00.000Z
sensor.corridoio_temperatura_2,21.328096999302776,2026-04-15T12:00:00.000Z
sensor.corridoio_temperatura_2,21.389641062055556,2026-04-15T13:00:00.000Z
sensor.corridoio_temperatura_2,21.41175971210278,2026-04-15T14:00:00.000Z
sensor.corridoio_temperatura_2,21.452331796027778,2026-04-15T15:00:00.000Z
sensor.corridoio_temperatura_2,21.496970982597222,2026-04-15T16:00:00.000Z
sensor.corridoio_temperatura_2,21.501741988002777,2026-04-15T17:00:00.000Z
sensor.corridoio_temperatura_2,21.5,2026-04-15T18:00:00.000Z
sensor.corridoio_temperatura_2,21.490909157388888,2026-04-15T19:00:00.000Z
sensor.corridoio_temperatura_2,21.49734669815278,2026-04-15T20:00:00.000Z
sensor.corridoio_temperatura_2,21.506739658308334,2026-04-15T21:00:00.000Z
sensor.corridoio_temperatura_2,21.521446097747226,2026-04-15T22:00:00.000Z
sensor.corridoio_temperatura_2,21.501579079952776,2026-04-15T23:00:00.000Z
sensor.corridoio_temperatura_2,21.477135310942856,2026-04-16T00:00:00.000Z
sensor.corridoio_temperatura_2,21.429026507042423,2026-04-16T03:00:00.000Z
sensor.corridoio_temperatura_2,21.377034461402776,2026-04-16T04:00:00.000Z
sensor.corridoio_temperatura_2,21.3391703328,2026-04-16T05:00:00.000Z
sensor.corridoio_temperatura_2,21.335571679116665,2026-04-16T06:00:00.000Z
sensor.corridoio_temperatura_2,21.324721159508332,2026-04-16T07:00:00.000Z
sensor.corridoio_temperatura_2,21.340910884583334,2026-04-16T08:00:00.000Z
sensor.corridoio_temperatura_2,21.404731455633335,2026-04-16T09:00:00.000Z
sensor.corridoio_temperatura_2,21.46335554436111,2026-04-16T10:00:00.000Z
sensor.corridoio_temperatura_2,21.471719297505555,2026-04-16T11:00:00.000Z
sensor.corridoio_temperatura_2,21.527245630272223,2026-04-16T12:00:00.000Z
sensor.corridoio_temperatura_2,21.571464972841667,2026-04-16T13:00:00.000Z
sensor.corridoio_temperatura_2,21.625138239261116,2026-04-16T14:00:00.000Z
sensor.corridoio_temperatura_2,21.67801503847222,2026-04-16T15:00:00.000Z
sensor.corridoio_temperatura_2,21.719426412927778,2026-04-16T16:00:00.000Z
sensor.corridoio_temperatura_2,21.750804523177777,2026-04-16T17:00:00.000Z
sensor.corridoio_temperatura_2,21.793288349072224,2026-04-16T18:00:00.000Z
sensor.corridoio_temperatura_2,21.77187777097222,2026-04-16T19:00:00.000Z
sensor.corridoio_temperatura_2,21.785842348611112,2026-04-16T20:00:00.000Z
sensor.corridoio_temperatura_2,21.798921147902778,2026-04-16T21:00:00.000Z
sensor.corridoio_temperatura_2,21.763355552674998,2026-04-16T22:00:00.000Z
sensor.corridoio_temperatura_2,21.765872190625,2026-04-16T23:00:00.000Z
sensor.corridoio_temperatura_2,21.755967707080558,2026-04-17T00:00:00.000Z
sensor.corridoio_temperatura_2,21.725762832455555,2026-04-17T01:00:00.000Z
sensor.corridoio_temperatura_2,21.700996785688886,2026-04-17T02:00:00.000Z
sensor.corridoio_temperatura_2,21.673711536480557,2026-04-17T03:00:00.000Z
sensor.corridoio_temperatura_2,21.6558718532,2026-04-17T04:00:00.000Z
sensor.corridoio_temperatura_2,21.640777559466667,2026-04-17T05:00:00.000Z
sensor.corridoio_temperatura_2,21.643347373644445,2026-04-17T06:00:00.000Z
sensor.corridoio_temperatura_2,21.63044452838889,2026-04-17T07:00:00.000Z
sensor.corridoio_temperatura_2,21.60341504743889,2026-04-17T08:00:00.000Z
sensor.corridoio_temperatura_2,21.763059420108334,2026-04-17T09:00:00.000Z
sensor.corridoio_temperatura_2,21.79905825119444,2026-04-17T10:00:00.000Z
sensor.corridoio_temperatura_2,21.78023125225,2026-04-17T11:00:00.000Z
sensor.corridoio_temperatura_2,21.821641941116667,2026-04-17T12:00:00.000Z
sensor.corridoio_temperatura_2,21.869546728061113,2026-04-17T13:00:00.000Z
sensor.corridoio_temperatura_2,21.907686770266665,2026-04-17T14:00:00.000Z
sensor.corridoio_temperatura_2,21.953469234094445,2026-04-17T15:00:00.000Z
sensor.corridoio_temperatura_2,21.99,2026-04-17T16:00:00.000Z
sensor.corridoio_temperatura_2,22.017904127525,2026-04-17T17:00:00.000Z
sensor.corridoio_temperatura_2,22.065009310233336,2026-04-17T18:00:00.000Z
sensor.corridoio_temperatura_2,22.089118186975,2026-04-17T19:00:00.000Z
sensor.corridoio_temperatura_2,22.077290166149997,2026-04-17T20:00:00.000Z
sensor.corridoio_temperatura_2,22.029080425011113,2026-04-17T21:00:00.000Z
sensor.corridoio_temperatura_2,21.9946691758,2026-04-17T22:00:00.000Z
sensor.corridoio_temperatura_2,21.947289838580556,2026-04-17T23:00:00.000Z
sensor.corridoio_temperatura_2,21.93036263711667,2026-04-18T00:00:00.000Z
sensor.corridoio_temperatura_2,21.893851444972224,2026-04-18T01:00:00.000Z
sensor.corridoio_temperatura_2,21.88139481634722,2026-04-18T02:00:00.000Z
sensor.corridoio_temperatura_2,21.860125173369443,2026-04-18T03:00:00.000Z
sensor.corridoio_temperatura_2,21.832990219808334,2026-04-18T04:00:00.000Z
sensor.corridoio_temperatura_2,21.808006071283334,2026-04-18T05:00:00.000Z
sensor.corridoio_temperatura_2,21.779900112505555,2026-04-18T06:00:00.000Z
sensor.corridoio_temperatura_2,21.76161105364167,2026-04-18T07:00:00.000Z
sensor.corridoio_temperatura_2,21.787988027066664,2026-04-18T08:00:00.000Z
sensor.corridoio_temperatura_2,21.871366305530557,2026-04-18T09:00:00.000Z
sensor.corridoio_temperatura_2,21.950740827144443,2026-04-18T10:00:00.000Z
sensor.corridoio_temperatura_2,22.005258122230558,2026-04-18T11:00:00.000Z
sensor.corridoio_temperatura_2,22.09075439681111,2026-04-18T12:00:00.000Z
sensor.corridoio_temperatura_2,22.17537508301389,2026-04-18T13:00:00.000Z
sensor.corridoio_temperatura_2,22.258581255288888,2026-04-18T14:00:00.000Z
sensor.corridoio_temperatura_2,22.303735230650002,2026-04-18T15:00:00.000Z
sensor.corridoio_temperatura_2,22.342640564519442,2026-04-18T16:00:00.000Z
sensor.corridoio_temperatura_2,22.440299355366665,2026-04-18T17:00:00.000Z
sensor.corridoio_temperatura_2,22.494277404841668,2026-04-18T18:00:00.000Z
sensor.corridoio_temperatura_2,22.5,2026-04-18T19:00:00.000Z
sensor.corridoio_temperatura_2,22.48359768481667,2026-04-18T20:00:00.000Z
sensor.corridoio_temperatura_2,22.468968933766664,2026-04-18T21:00:00.000Z
sensor.corridoio_temperatura_2,22.451613075847224,2026-04-18T22:00:00.000Z
sensor.corridoio_temperatura_2,22.407808844991667,2026-04-18T23:00:00.000Z
sensor.corridoio_temperatura_2,22.39707706546389,2026-04-19T00:00:00.000Z
sensor.corridoio_temperatura_2,22.40171789248056,2026-04-19T01:00:00.000Z
sensor.corridoio_temperatura_2,22.373702088241668,2026-04-19T02:00:00.000Z
sensor.corridoio_temperatura_2,22.345573037902778,2026-04-19T03:00:00.000Z
sensor.corridoio_temperatura_2,22.336478099049998,2026-04-19T04:00:00.000Z
sensor.corridoio_temperatura_2,22.323089088002774,2026-04-19T05:00:00.000Z
sensor.corridoio_temperatura_2,22.300739084005556,2026-04-19T06:00:00.000Z
sensor.corridoio_temperatura_2,22.272450890111113,2026-04-19T07:00:00.000Z
sensor.corridoio_temperatura_2,22.235134102419448,2026-04-19T08:00:00.000Z
sensor.corridoio_temperatura_2,22.23957345641389,2026-04-19T09:00:00.000Z
sensor.corridoio_temperatura_2,22.28465086702778,2026-04-19T10:00:00.000Z
sensor.corridoio_temperatura_2,22.321777571372223,2026-04-19T11:00:00.000Z
sensor.corridoio_temperatura_2,22.373615572094447,2026-04-19T12:00:00.000Z
sensor.corridoio_temperatura_2,22.42441864146667,2026-04-19T13:00:00.000Z
sensor.corridoio_temperatura_2,22.4911103251,2026-04-19T14:00:00.000Z
sensor.corridoio_temperatura_2,22.5,2026-04-19T15:00:00.000Z
sensor.corridoio_temperatura_2,22.517727116583334,2026-04-19T16:00:00.000Z
sensor.corridoio_temperatura_2,22.647218911075,2026-04-19T17:00:00.000Z
sensor.corridoio_temperatura_2,22.70163399342222,2026-04-19T18:00:00.000Z
sensor.corridoio_temperatura_2,22.687793437197225,2026-04-19T19:00:00.000Z
sensor.corridoio_temperatura_2,22.665626395633335,2026-04-19T20:00:00.000Z
sensor.corridoio_temperatura_2,22.68073644025,2026-04-19T21:00:00.000Z
sensor.corridoio_temperatura_2,22.644966885041665,2026-04-19T22:00:00.000Z
sensor.corridoio_temperatura_2,22.633977328405553,2026-04-19T23:00:00.000Z
sensor.corridoio_temperatura_2,22.626710591625,2026-04-20T00:00:00.000Z
sensor.corridoio_temperatura_2,22.608841308833334,2026-04-20T01:00:00.000Z
sensor.corridoio_temperatura_2,22.582463281530554,2026-04-20T02:00:00.000Z
sensor.corridoio_temperatura_2,22.566086032758335,2026-04-20T03:00:00.000Z
sensor.corridoio_temperatura_2,22.519388008936108,2026-04-20T04:00:00.000Z
sensor.corridoio_temperatura_2,22.494807583480554,2026-04-20T05:00:00.000Z
sensor.corridoio_temperatura_2,22.47169007385278,2026-04-20T06:00:00.000Z
sensor.corridoio_temperatura_2,22.413504236175,2026-04-20T07:00:00.000Z
sensor.corridoio_temperatura_2,22.404739678469443,2026-04-20T08:00:00.000Z
sensor.corridoio_temperatura_2,22.450183827672223,2026-04-20T09:00:00.000Z
sensor.corridoio_temperatura_2,22.473698309677776,2026-04-20T10:00:00.000Z
sensor.corridoio_temperatura_2,22.49608317151667,2026-04-20T11:00:00.000Z
sensor.corridoio_temperatura_2,22.5,2026-04-20T12:00:00.000Z
sensor.corridoio_temperatura_2,22.507304803369447,2026-04-20T13:00:00.000Z
sensor.corridoio_temperatura_2,22.556814371391667,2026-04-20T14:00:00.000Z
sensor.corridoio_temperatura_2,22.590172687488888,2026-04-20T15:00:00.000Z
sensor.corridoio_temperatura_2,22.625982003972222,2026-04-20T16:00:00.000Z
sensor.corridoio_temperatura_2,22.683583952475,2026-04-20T17:00:00.000Z
sensor.corridoio_temperatura_2,22.67568109490833,2026-04-20T18:00:00.000Z
sensor.corridoio_temperatura_2,22.655714092377778,2026-04-20T19:00:00.000Z
sensor.corridoio_temperatura_2,22.659862424655557,2026-04-20T20:00:00.000Z
sensor.corridoio_temperatura_2,22.600304369005556,2026-04-20T21:00:00.000Z
sensor.corridoio_temperatura_2,22.559385134241666,2026-04-20T22:00:00.000Z
sensor.corridoio_temperatura_2,22.51862680386945,2026-04-20T23:00:00.000Z
sensor.corridoio_temperatura_2,22.5,2026-04-21T00:00:00.000Z
sensor.corridoio_temperatura_2,22.49458052287778,2026-04-21T01:00:00.000Z
sensor.corridoio_temperatura_2,22.445297652511112,2026-04-21T02:00:00.000Z
sensor.corridoio_temperatura_2,22.41581978798889,2026-04-21T03:00:00.000Z
sensor.corridoio_temperatura_2,22.394593423802778,2026-04-21T04:00:00.000Z
sensor.corridoio_temperatura_2,22.353754180691666,2026-04-21T05:00:00.000Z
sensor.corridoio_temperatura_2,22.36413845993611,2026-04-21T06:00:00.000Z
sensor.corridoio_temperatura_2,22.336631094502778,2026-04-21T07:00:00.000Z
sensor.corridoio_temperatura_2,22.316711245161112,2026-04-21T08:00:00.000Z
sensor.corridoio_temperatura_2,22.385621478077777,2026-04-21T09:00:00.000Z
sensor.corridoio_temperatura_2,22.361855475274997,2026-04-21T10:00:00.000Z
sensor.corridoio_temperatura_2,22.346382117416667,2026-04-21T11:00:00.000Z
sensor.corridoio_temperatura_2,22.34154204043611,2026-04-21T12:00:00.000Z
sensor.corridoio_temperatura_2,22.37050232781111,2026-04-21T13:00:00.000Z
sensor.corridoio_temperatura_2,22.394431722555556,2026-04-21T14:00:00.000Z
sensor.corridoio_temperatura_2,22.438275414583334,2026-04-21T15:00:00.000Z
sensor.corridoio_temperatura_2,22.443343956644444,2026-04-21T16:00:00.000Z
sensor.corridoio_temperatura_2,22.47526433913889,2026-04-21T17:00:00.000Z
sensor.corridoio_temperatura_2,22.49983250645,2026-04-21T18:00:00.000Z
sensor.corridoio_temperatura_2,22.432014403755556,2026-04-21T19:00:00.000Z
sensor.corridoio_temperatura_2,22.362533500216667,2026-04-21T20:00:00.000Z
sensor.corridoio_temperatura_2,22.30875349619444,2026-04-21T21:00:00.000Z
sensor.corridoio_temperatura_2,22.258382111283336,2026-04-21T22:00:00.000Z
sensor.corridoio_temperatura_2,22.20750898724444,2026-04-21T23:00:00.000Z
sensor.corridoio_temperatura_2,22.175010094094446,2026-04-22T00:00:00.000Z
sensor.corridoio_temperatura_2,22.13888293664722,2026-04-22T01:00:00.000Z
sensor.corridoio_temperatura_2,22.105800470633337,2026-04-22T02:00:00.000Z
sensor.corridoio_temperatura_2,22.07522281247222,2026-04-22T03:00:00.000Z
sensor.corridoio_temperatura_2,22.036070827175,2026-04-22T04:00:00.000Z
sensor.corridoio_temperatura_2,21.999743577477776,2026-04-22T05:00:00.000Z
sensor.corridoio_temperatura_2,21.984780122119446,2026-04-22T06:00:00.000Z
sensor.corridoio_temperatura_2,21.93496919678333,2026-04-22T07:00:00.000Z
sensor.corridoio_temperatura_2,21.878242838188886,2026-04-22T08:00:00.000Z
sensor.corridoio_temperatura_2,21.832628231108334,2026-04-22T09:00:00.000Z
sensor.corridoio_temperatura_2,21.822516054433333,2026-04-22T10:00:00.000Z
sensor.corridoio_temperatura_2,21.823133243988888,2026-04-22T11:00:00.000Z
sensor.corridoio_temperatura_2,21.838650448816665,2026-04-22T12:00:00.000Z
sensor.corridoio_temperatura_2,21.85935507286389,2026-04-22T13:00:00.000Z
sensor.corridoio_temperatura_2,21.886350914769448,2026-04-22T14:00:00.000Z
sensor.corridoio_temperatura_2,21.916501736652776,2026-04-22T15:00:00.000Z
sensor.corridoio_temperatura_2,21.94,2026-04-22T16:00:00.000Z
sensor.corridoio_temperatura_2,21.94,2026-04-22T17:00:00.000Z
sensor.corridoio_temperatura_2,21.93822968647778,2026-04-22T18:00:00.000Z
sensor.corridoio_temperatura_2,21.95477002184722,2026-04-22T19:00:00.000Z
sensor.corridoio_temperatura_2,21.870465266808335,2026-04-22T20:00:00.000Z
sensor.corridoio_temperatura_2,21.906885786255557,2026-04-22T21:00:00.000Z
sensor.corridoio_temperatura_2,21.918309604750004,2026-04-22T22:00:00.000Z
sensor.corridoio_temperatura_2,21.893392212997224,2026-04-22T23:00:00.000Z
sensor.corridoio_temperatura_2,21.887614694588887,2026-04-23T00:00:00.000Z
sensor.corridoio_temperatura_2,21.872814680255555,2026-04-23T01:00:00.000Z
sensor.corridoio_temperatura_2,21.849799381552774,2026-04-23T02:00:00.000Z
sensor.corridoio_temperatura_2,21.814924185488888,2026-04-23T03:00:00.000Z
sensor.corridoio_temperatura_2,21.78707808192222,2026-04-23T04:00:00.000Z
sensor.corridoio_temperatura_2,21.741042259377778,2026-04-23T05:00:00.000Z
sensor.corridoio_temperatura_2,21.71705570380833,2026-04-23T06:00:00.000Z
sensor.corridoio_temperatura_2,21.7,2026-04-23T07:00:00.000Z
sensor.corridoio_temperatura_2,21.676231184336114,2026-04-23T08:00:00.000Z
sensor.corridoio_temperatura_2,21.732121422063887,2026-04-23T09:00:00.000Z
sensor.corridoio_temperatura_2,21.763113508680558,2026-04-23T10:00:00.000Z
sensor.corridoio_temperatura_2,21.758461928619443,2026-04-23T11:00:00.000Z
sensor.corridoio_temperatura_2,21.79973123411389,2026-04-23T12:00:00.000Z
sensor.corridoio_temperatura_2,21.844420748077777,2026-04-23T13:00:00.000Z
sensor.corridoio_temperatura_2,21.88504046609444,2026-04-23T14:00:00.000Z
sensor.corridoio_temperatura_2,21.938192664811112,2026-04-23T15:00:00.000Z
sensor.corridoio_temperatura_2,21.96540628872222,2026-04-23T16:00:00.000Z
sensor.corridoio_temperatura_2,21.997182368844445,2026-04-23T17:00:00.000Z
sensor.corridoio_temperatura_2,22.00520492530556,2026-04-23T18:00:00.000Z
sensor.corridoio_temperatura_2,21.956201566788888,2026-04-23T19:00:00.000Z
sensor.corridoio_temperatura_2,21.94364937652222,2026-04-23T20:00:00.000Z
sensor.corridoio_temperatura_2,21.906387033958335,2026-04-23T21:00:00.000Z
sensor.corridoio_temperatura_2,21.86956819095,2026-04-23T22:00:00.000Z
sensor.corridoio_temperatura_2,21.86882971136667,2026-04-23T23:00:00.000Z
sensor.corridoio_temperatura_2,21.86921151324444,2026-04-24T00:00:00.000Z
sensor.corridoio_temperatura_2,21.85115962823889,2026-04-24T01:00:00.000Z
sensor.corridoio_temperatura_2,21.828566121155557,2026-04-24T02:00:00.000Z
sensor.corridoio_temperatura_2,21.800258765191668,2026-04-24T03:00:00.000Z
sensor.corridoio_temperatura_2,21.752166832169447,2026-04-24T04:00:00.000Z
sensor.corridoio_temperatura_2,21.729854806291666,2026-04-24T05:00:00.000Z
sensor.corridoio_temperatura_2,21.720104700927777,2026-04-24T06:00:00.000Z
sensor.corridoio_temperatura_2,21.670127790169445,2026-04-24T07:00:00.000Z
sensor.corridoio_temperatura_2,21.676366632822223,2026-04-24T08:00:00.000Z
sensor.corridoio_temperatura_2,21.761338833975,2026-04-24T09:00:00.000Z
sensor.corridoio_temperatura_2,21.836280382866665,2026-04-24T10:00:00.000Z
sensor.corridoio_temperatura_2,21.850005715469447,2026-04-24T11:00:00.000Z
sensor.corridoio_temperatura_2,21.884863420172223,2026-04-24T12:00:00.000Z
sensor.corridoio_temperatura_2,21.9218242402,2026-04-24T13:00:00.000Z
sensor.corridoio_temperatura_2,21.94242443236111,2026-04-24T14:00:00.000Z
sensor.corridoio_temperatura_2,21.965668636072223,2026-04-24T15:00:00.000Z
sensor.corridoio_temperatura_2,21.993940217705557,2026-04-24T16:00:00.000Z
sensor.corridoio_temperatura_2,21.992246146902776,2026-04-24T17:00:00.000Z
sensor.corridoio_temperatura_2,22.030868417483333,2026-04-24T18:00:00.000Z
sensor.corridoio_temperatura_2,22.071021898986114,2026-04-24T19:00:00.000Z
sensor.corridoio_temperatura_2,22.054712914819447,2026-04-24T20:00:00.000Z
sensor.corridoio_temperatura_2,22.08660661871667,2026-04-24T21:00:00.000Z
sensor.corridoio_temperatura_2,22.058360805838888,2026-04-24T22:00:00.000Z
sensor.corridoio_temperatura_2,22.035268967005553,2026-04-24T23:00:00.000Z
sensor.corridoio_temperatura_2,21.995332994016664,2026-04-25T00:00:00.000Z
sensor.corridoio_temperatura_2,21.964644550463888,2026-04-25T01:00:00.000Z
sensor.corridoio_temperatura_2,21.93335518113611,2026-04-25T02:00:00.000Z
sensor.corridoio_temperatura_2,21.894107961533333,2026-04-25T03:00:00.000Z
sensor.corridoio_temperatura_2,21.86844613719167,2026-04-25T04:00:00.000Z
sensor.corridoio_temperatura_2,21.833118860638887,2026-04-25T05:00:00.000Z
sensor.corridoio_temperatura_2,21.80162278371944,2026-04-25T06:00:00.000Z
sensor.corridoio_temperatura_2,21.78179490911111,2026-04-25T07:00:00.000Z
sensor.corridoio_temperatura_2,21.809259586916667,2026-04-25T08:00:00.000Z
sensor.corridoio_temperatura_2,21.960752021269446,2026-04-25T09:00:00.000Z
sensor.corridoio_temperatura_2,22.054138310055553,2026-04-25T10:00:00.000Z
sensor.corridoio_temperatura_2,22.093337875266666,2026-04-25T11:00:00.000Z
sensor.corridoio_temperatura_2,22.12832247643611,2026-04-25T12:00:00.000Z
sensor.corridoio_temperatura_2,22.263541589708336,2026-04-25T13:00:00.000Z
sensor.corridoio_temperatura_2,22.27402106734722,2026-04-25T14:00:00.000Z
sensor.corridoio_temperatura_2,22.323872440191664,2026-04-25T15:00:00.000Z
sensor.corridoio_temperatura_2,22.3775826852,2026-04-25T16:00:00.000Z
sensor.corridoio_temperatura_2,22.41923025604167,2026-04-25T17:00:00.000Z
sensor.corridoio_temperatura_2,22.44475397425556,2026-04-25T18:00:00.000Z
sensor.corridoio_temperatura_2,22.445295893625,2026-04-25T19:00:00.000Z
sensor.corridoio_temperatura_2,22.455628419769443,2026-04-25T20:00:00.000Z
sensor.corridoio_temperatura_2,22.455282845522223,2026-04-25T21:00:00.000Z
sensor.corridoio_temperatura_2,22.46711226681389,2026-04-25T22:00:00.000Z
sensor.corridoio_temperatura_2,22.43689525274722,2026-04-25T23:00:00.000Z
sensor.corridoio_temperatura_2,22.388604487025002,2026-04-26T00:00:00.000Z
sensor.corridoio_temperatura_2,22.36012729002222,2026-04-26T01:00:00.000Z
sensor.corridoio_temperatura_2,22.336292608961113,2026-04-26T02:00:00.000Z
sensor.corridoio_temperatura_2,22.323098337047224,2026-04-26T03:00:00.000Z
sensor.corridoio_temperatura_2,22.298175564408336,2026-04-26T04:00:00.000Z
sensor.corridoio_temperatura_2,22.26152554001389,2026-04-26T05:00:00.000Z
sensor.corridoio_temperatura_2,22.2349190587,2026-04-26T06:00:00.000Z
sensor.corridoio_temperatura_2,22.23366217019722,2026-04-26T07:00:00.000Z
sensor.corridoio_temperatura_2,22.262073969955555,2026-04-26T08:00:00.000Z
sensor.corridoio_temperatura_2,22.385774723566666,2026-04-26T09:00:00.000Z
sensor.corridoio_temperatura_2,22.480504799488887,2026-04-26T10:00:00.000Z
sensor.corridoio_temperatura_2,22.502198330394446,2026-04-26T11:00:00.000Z
sensor.corridoio_temperatura_2,22.566190479105558,2026-04-26T12:00:00.000Z
sensor.corridoio_temperatura_2,22.632680381750003,2026-04-26T13:00:00.000Z
sensor.corridoio_temperatura_2,22.728560249725003,2026-04-26T14:00:00.000Z
sensor.corridoio_temperatura_2,22.78938823728889,2026-04-26T15:00:00.000Z
sensor.corridoio_temperatura_2,22.81505011828611,2026-04-26T16:00:00.000Z
sensor.corridoio_temperatura_2,22.841550165058333,2026-04-26T17:00:00.000Z
sensor.corridoio_temperatura_2,22.847097618099998,2026-04-26T18:00:00.000Z
sensor.corridoio_temperatura_2,22.850627835666668,2026-04-26T19:00:00.000Z
sensor.corridoio_temperatura_2,22.879847723538887,2026-04-26T20:00:00.000Z
sensor.corridoio_temperatura_2,22.839849501047222,2026-04-26T21:00:00.000Z
sensor.corridoio_temperatura_2,22.821801257138887,2026-04-26T22:00:00.000Z
sensor.corridoio_temperatura_2,22.798437578575,2026-04-26T23:00:00.000Z
sensor.corridoio_temperatura_2,22.784299274408337,2026-04-27T00:00:00.000Z
sensor.corridoio_temperatura_2,22.78189684858611,2026-04-27T01:00:00.000Z
sensor.corridoio_temperatura_2,22.764404826613887,2026-04-27T02:00:00.000Z
sensor.corridoio_temperatura_2,22.748719089608333,2026-04-27T03:00:00.000Z
sensor.corridoio_temperatura_2,22.71107835551111,2026-04-27T04:00:00.000Z
sensor.corridoio_temperatura_2,22.667843238316667,2026-04-27T05:00:00.000Z
sensor.corridoio_temperatura_2,22.624551300733334,2026-04-27T06:00:00.000Z
sensor.corridoio_temperatura_2,22.567415277638887,2026-04-27T07:00:00.000Z
sensor.corridoio_temperatura_2,22.564091733508334,2026-04-27T08:00:00.000Z
sensor.corridoio_temperatura_2,22.654632161891666,2026-04-27T09:00:00.000Z
sensor.corridoio_temperatura_2,22.73848938863333,2026-04-27T10:00:00.000Z
sensor.corridoio_temperatura_2,22.759429625594446,2026-04-27T11:00:00.000Z
sensor.corridoio_temperatura_2,22.799345553458334,2026-04-27T12:00:00.000Z
sensor.corridoio_temperatura_2,22.85905009955,2026-04-27T13:00:00.000Z
sensor.corridoio_temperatura_2,22.893918607575,2026-04-27T14:00:00.000Z
sensor.corridoio_temperatura_2,22.927102756586113,2026-04-27T15:00:00.000Z
sensor.corridoio_temperatura_2,22.986198524686113,2026-04-27T16:00:00.000Z
sensor.corridoio_temperatura_2,23.015575757775,2026-04-27T17:00:00.000Z
sensor.corridoio_temperatura_2,23.03669000120833,2026-04-27T18:00:00.000Z
sensor.corridoio_temperatura_2,23.05360581938889,2026-04-27T19:00:00.000Z
sensor.corridoio_temperatura_2,23.014596157919446,2026-04-27T20:00:00.000Z
sensor.corridoio_temperatura_2,23.00381328960278,2026-04-27T21:00:00.000Z
sensor.corridoio_temperatura_2,23.00528991046667,2026-04-27T22:00:00.000Z
sensor.corridoio_temperatura_2,23.00392457202778,2026-04-27T23:00:00.000Z
sensor.corridoio_temperatura_2,23.002513304494443,2026-04-28T00:00:00.000Z
sensor.corridoio_temperatura_2,22.997377125011113,2026-04-28T01:00:00.000Z
sensor.corridoio_temperatura_2,22.982354460094445,2026-04-28T02:00:00.000Z
sensor.corridoio_temperatura_2,22.95994533491111,2026-04-28T03:00:00.000Z
sensor.corridoio_temperatura_2,22.930056706688887,2026-04-28T04:00:00.000Z
sensor.corridoio_temperatura_2,22.899381812919444,2026-04-28T05:00:00.000Z
sensor.corridoio_temperatura_2,22.879784114119445,2026-04-28T06:00:00.000Z
sensor.corridoio_temperatura_2,22.830342657116663,2026-04-28T07:00:00.000Z
sensor.corridoio_temperatura_2,22.83276245308889,2026-04-28T08:00:00.000Z
sensor.corridoio_temperatura_2,22.94095530116111,2026-04-28T09:00:00.000Z
sensor.corridoio_temperatura_2,23.00519722129444,2026-04-28T10:00:00.000Z
sensor.corridoio_temperatura_2,22.97301327435,2026-04-28T11:00:00.000Z
sensor.corridoio_temperatura_2,22.9680407063,2026-04-28T12:00:00.000Z
sensor.corridoio_temperatura_2,22.995563185349997,2026-04-28T13:00:00.000Z
sensor.corridoio_temperatura_2,23.021541090375,2026-04-28T14:00:00.000Z
sensor.corridoio_temperatura_2,23.04551919964722,2026-04-28T15:00:00.000Z
sensor.corridoio_temperatura_2,23.08278501018889,2026-04-28T16:00:00.000Z
sensor.corridoio_temperatura_2,23.099149873750005,2026-04-28T17:00:00.000Z
sensor.corridoio_temperatura_2,23.08839681186667,2026-04-28T18:00:00.000Z
sensor.corridoio_temperatura_2,23.07598342016111,2026-04-28T19:00:00.000Z
sensor.corridoio_temperatura_2,23.086443569719446,2026-04-28T20:00:00.000Z
sensor.corridoio_temperatura_2,23.08323177445833,2026-04-28T21:00:00.000Z
sensor.corridoio_temperatura_2,23.13185778831944,2026-04-28T22:00:00.000Z
sensor.corridoio_temperatura_2,23.13892762501389,2026-04-28T23:00:00.000Z
sensor.corridoio_temperatura_2,23.145862532794443,2026-04-29T00:00:00.000Z
sensor.corridoio_temperatura_2,23.124795287166666,2026-04-29T01:00:00.000Z
sensor.corridoio_temperatura_2,23.09333455157778,2026-04-29T02:00:00.000Z
sensor.corridoio_temperatura_2,23.079651625544443,2026-04-29T03:00:00.000Z
sensor.corridoio_temperatura_2,23.056841054975,2026-04-29T04:00:00.000Z
sensor.corridoio_temperatura_2,23.043662249763887,2026-04-29T05:00:00.000Z
sensor.corridoio_temperatura_2,23.039039336744448,2026-04-29T06:00:00.000Z
sensor.corridoio_temperatura_2,23.009594367191667,2026-04-29T07:00:00.000Z
sensor.corridoio_temperatura_2,22.98233732439722,2026-04-29T08:00:00.000Z
sensor.corridoio_temperatura_2,22.97,2026-04-29T09:00:00.000Z
sensor.corridoio_temperatura_2,22.976585077436113,2026-04-29T10:00:00.000Z
sensor.corridoio_temperatura_2,23.022934341502776,2026-04-29T11:00:00.000Z
sensor.corridoio_temperatura_2,23.05101950941389,2026-04-29T12:00:00.000Z
sensor.corridoio_temperatura_2,23.097246427219446,2026-04-29T13:00:00.000Z
sensor.corridoio_temperatura_2,23.148099470525,2026-04-29T14:00:00.000Z
sensor.corridoio_temperatura_2,23.1823652156,2026-04-29T15:00:00.000Z
sensor.corridoio_temperatura_2,23.208808484841665,2026-04-29T16:00:00.000Z
sensor.corridoio_temperatura_2,23.209999999999997,2026-04-29T17:00:00.000Z
sensor.corridoio_temperatura_2,23.202679606730555,2026-04-29T18:00:00.000Z
sensor.corridoio_temperatura_2,23.207854266486112,2026-04-29T19:00:00.000Z
sensor.corridoio_temperatura_2,23.192563578711113,2026-04-29T20:00:00.000Z
sensor.corridoio_temperatura_2,23.13650043886111,2026-04-29T21:00:00.000Z
sensor.corridoio_temperatura_2,23.07383863530833,2026-04-29T22:00:00.000Z
sensor.corridoio_temperatura_2,23.04498471933889,2026-04-29T23:00:00.000Z
sensor.corridoio_temperatura_2,23.00595794026667,2026-04-30T00:00:00.000Z
sensor.corridoio_temperatura_2,22.97933965191389,2026-04-30T01:00:00.000Z
sensor.corridoio_temperatura_2,22.951067143480557,2026-04-30T02:00:00.000Z
sensor.corridoio_temperatura_2,22.937896479244444,2026-04-30T03:00:00.000Z
sensor.corridoio_temperatura_2,22.916634959166668,2026-04-30T04:00:00.000Z
sensor.corridoio_temperatura_2,22.890655024116665,2026-04-30T05:00:00.000Z
sensor.corridoio_temperatura_2,22.873311754497223,2026-04-30T06:00:00.000Z
sensor.corridoio_temperatura_2,22.797258466455556,2026-04-30T07:00:00.000Z
sensor.corridoio_temperatura_2,22.75036462252778,2026-04-30T08:00:00.000Z
sensor.corridoio_temperatura_2,22.73992057565278,2026-04-30T09:00:00.000Z
sensor.corridoio_temperatura_2,22.75882720543889,2026-04-30T10:00:00.000Z
sensor.corridoio_temperatura_2,22.7272068884,2026-04-30T11:00:00.000Z
sensor.corridoio_temperatura_2,22.72,2026-04-30T12:00:00.000Z
sensor.corridoio_temperatura_2,22.72,2026-04-30T13:00:00.000Z
sensor.corridoio_temperatura_2,22.725098542561113,2026-04-30T14:00:00.000Z
sensor.corridoio_temperatura_2,22.702588282455554,2026-04-30T15:00:00.000Z
sensor.corridoio_temperatura_2,22.70821387798333,2026-04-30T16:00:00.000Z
sensor.corridoio_temperatura_2,22.757283472094446,2026-04-30T17:00:00.000Z
sensor.corridoio_temperatura_2,22.76503274412778,2026-04-30T18:00:00.000Z
sensor.corridoio_temperatura_2,22.752793670033338,2026-04-30T19:00:00.000Z
sensor.corridoio_temperatura_2,22.74888990181111,2026-04-30T20:00:00.000Z
sensor.corridoio_temperatura_2,22.77483646168889,2026-04-30T21:00:00.000Z
sensor.corridoio_temperatura_2,22.715543980166668,2026-04-30T22:00:00.000Z
sensor.corridoio_temperatura_2,22.680388882247225,2026-04-30T23:00:00.000Z
sensor.corridoio_temperatura_2,22.652810582794444,2026-05-01T00:00:00.000Z
sensor.corridoio_temperatura_2,22.61871400780278,2026-05-01T01:00:00.000Z
sensor.corridoio_temperatura_2,22.573050441155555,2026-05-01T02:00:00.000Z
sensor.corridoio_temperatura_2,22.532578438330557,2026-05-01T03:00:00.000Z
sensor.corridoio_temperatura_2,22.5,2026-05-01T04:00:00.000Z
sensor.corridoio_temperatura_2,22.456709496091666,2026-05-01T05:00:00.000Z
sensor.corridoio_temperatura_2,22.411370476241668,2026-05-01T06:00:00.000Z
sensor.corridoio_temperatura_2,22.380423502705554,2026-05-01T07:00:00.000Z
sensor.corridoio_temperatura_2,22.394098278158335,2026-05-01T08:00:00.000Z
sensor.corridoio_temperatura_2,22.51110205755,2026-05-01T09:00:00.000Z
sensor.corridoio_temperatura_2,22.62720501351667,2026-05-01T10:00:00.000Z
sensor.corridoio_temperatura_2,22.62251713193889,2026-05-01T11:00:00.000Z
sensor.corridoio_temperatura_2,22.621939180336113,2026-05-01T12:00:00.000Z
sensor.corridoio_temperatura_2,22.618704720186113,2026-05-01T13:00:00.000Z
sensor.corridoio_temperatura_2,22.61683923375,2026-05-01T14:00:00.000Z
sensor.corridoio_temperatura_2,22.628514083255556,2026-05-01T15:00:00.000Z
sensor.corridoio_temperatura_2,22.645873601583332,2026-05-01T16:00:00.000Z
sensor.corridoio_temperatura_2,22.636709195466665,2026-05-01T17:00:00.000Z
sensor.corridoio_temperatura_2,22.608697463191664,2026-05-01T18:00:00.000Z
sensor.corridoio_temperatura_2,22.622794059505555,2026-05-01T19:00:00.000Z
sensor.corridoio_temperatura_2,22.563708903130557,2026-05-01T20:00:00.000Z
sensor.corridoio_temperatura_2,22.550200791061112,2026-05-01T21:00:00.000Z
sensor.corridoio_temperatura_2,22.5,2026-05-01T22:00:00.000Z
sensor.corridoio_temperatura_2,22.474484382213888,2026-05-01T23:00:00.000Z
sensor.corridoio_temperatura_2,22.422263801919446,2026-05-02T00:00:00.000Z
sensor.corridoio_temperatura_2,22.37592634489722,2026-05-02T01:00:00.000Z
sensor.corridoio_temperatura_2,22.33171674039167,2026-05-02T02:00:00.000Z
sensor.corridoio_temperatura_2,22.31313017273611,2026-05-02T03:00:00.000Z
sensor.corridoio_temperatura_2,22.295461192675003,2026-05-02T04:00:00.000Z
sensor.corridoio_temperatura_2,22.26816874000556,2026-05-02T05:00:00.000Z
sensor.corridoio_temperatura_2,22.242485294941662,2026-05-02T06:00:00.000Z
sensor.corridoio_temperatura_2,22.234428701400002,2026-05-02T07:00:00.000Z
sensor.corridoio_temperatura_2,22.24944606368611,2026-05-02T08:00:00.000Z
sensor.corridoio_temperatura_2,22.38584663481667,2026-05-02T09:00:00.000Z
sensor.corridoio_temperatura_2,22.462601642583333,2026-05-02T10:00:00.000Z
sensor.corridoio_temperatura_2,22.49158292991389,2026-05-02T11:00:00.000Z
sensor.corridoio_temperatura_2,22.544062019341666,2026-05-02T12:00:00.000Z
sensor.corridoio_temperatura_2,22.60128501022778,2026-05-02T13:00:00.000Z
sensor.corridoio_temperatura_2,22.676467264150002,2026-05-02T14:00:00.000Z
sensor.corridoio_temperatura_2,22.720623642344446,2026-05-02T15:00:00.000Z
sensor.corridoio_temperatura_2,22.79662531894722,2026-05-02T16:00:00.000Z
sensor.corridoio_temperatura_2,22.825980893866667,2026-05-02T17:00:00.000Z
sensor.corridoio_temperatura_2,22.825755061027778,2026-05-02T18:00:00.000Z
sensor.corridoio_temperatura_2,22.798236198708334,2026-05-02T19:00:00.000Z
sensor.corridoio_temperatura_2,22.76864636352778,2026-05-02T20:00:00.000Z
sensor.corridoio_temperatura_2,22.714615527925,2026-05-02T21:00:00.000Z
sensor.corridoio_temperatura_2,22.68911728812778,2026-05-02T22:00:00.000Z
sensor.corridoio_temperatura_2,22.632877056883334,2026-05-02T23:00:00.000Z
sensor.corridoio_temperatura_2,22.588587798433334,2026-05-03T00:00:00.000Z
sensor.corridoio_temperatura_2,22.586199450322223,2026-05-03T01:00:00.000Z
sensor.corridoio_temperatura_2,22.572527345716665,2026-05-03T02:00:00.000Z
sensor.corridoio_temperatura_2,22.543307880875002,2026-05-03T03:00:00.000Z
sensor.corridoio_temperatura_2,22.502194048386112,2026-05-03T04:00:00.000Z
sensor.corridoio_temperatura_2,22.497932692394443,2026-05-03T05:00:00.000Z
sensor.corridoio_temperatura_2,22.47778104243889,2026-05-03T06:00:00.000Z
sensor.corridoio_temperatura_2,22.424765885819443,2026-05-03T07:00:00.000Z
sensor.corridoio_temperatura_2,22.453606200508332,2026-05-03T08:00:00.000Z
sensor.corridoio_temperatura_2,22.508122526875,2026-05-03T09:00:00.000Z
sensor.corridoio_temperatura_2,22.695995347066667,2026-05-03T10:00:00.000Z
sensor.corridoio_temperatura_2,22.737892813427777,2026-05-03T11:00:00.000Z
sensor.corridoio_temperatura_2,22.742095043908332,2026-05-03T12:00:00.000Z
sensor.corridoio_temperatura_2,22.7513740601,2026-05-03T13:00:00.000Z
sensor.corridoio_temperatura_2,22.786578379183336,2026-05-03T14:00:00.000Z
sensor.corridoio_temperatura_2,22.79627261993889,2026-05-03T15:00:00.000Z
sensor.corridoio_temperatura_2,22.808000796,2026-05-03T16:00:00.000Z
sensor.corridoio_temperatura_2,22.856765103005557,2026-05-03T17:00:00.000Z
sensor.corridoio_temperatura_2,22.834130878777774,2026-05-03T18:00:00.000Z
sensor.corridoio_temperatura_2,22.868385817708333,2026-05-03T19:00:00.000Z
sensor.corridoio_temperatura_2,22.877175979125,2026-05-03T20:00:00.000Z
sensor.corridoio_temperatura_2,22.845707003866664,2026-05-03T21:00:00.000Z
sensor.corridoio_temperatura_2,22.835847542083332,2026-05-03T22:00:00.000Z
sensor.corridoio_temperatura_2,22.84070929371389,2026-05-03T23:00:00.000Z
sensor.corridoio_temperatura_2,22.845958484972225,2026-05-04T00:00:00.000Z
sensor.corridoio_temperatura_2,22.825728058275,2026-05-04T01:00:00.000Z
sensor.corridoio_temperatura_2,22.8,2026-05-04T02:00:00.000Z
sensor.corridoio_temperatura_2,22.76791357926111,2026-05-04T03:00:00.000Z
sensor.corridoio_temperatura_2,22.711873440872225,2026-05-04T04:00:00.000Z
sensor.corridoio_temperatura_2,22.68541838318889,2026-05-04T05:00:00.000Z
sensor.corridoio_temperatura_2,22.681936857544443,2026-05-04T06:00:00.000Z
sensor.corridoio_temperatura_2,22.629666632525,2026-05-04T07:00:00.000Z
sensor.corridoio_temperatura_2,22.61335005703889,2026-05-04T08:00:00.000Z
sensor.corridoio_temperatura_2,22.61335272984722,2026-05-04T09:00:00.000Z
sensor.corridoio_temperatura_2,22.617793552694447,2026-05-04T10:00:00.000Z
sensor.corridoio_temperatura_2,22.663576541599998,2026-05-04T11:00:00.000Z
sensor.corridoio_temperatura_2,22.698368584008335,2026-05-04T12:00:00.000Z
sensor.corridoio_temperatura_2,22.71068373272222,2026-05-04T13:00:00.000Z
sensor.corridoio_temperatura_2,22.73960507583611,2026-05-04T14:00:00.000Z
sensor.corridoio_temperatura_2,22.754791393369445,2026-05-04T15:00:00.000Z
sensor.corridoio_temperatura_2,22.795674804375,2026-05-04T16:00:00.000Z
sensor.corridoio_temperatura_2,22.8,2026-05-04T17:00:00.000Z
sensor.corridoio_temperatura_2,22.800863172725002,2026-05-04T18:00:00.000Z
sensor.corridoio_temperatura_2,22.782022492488892,2026-05-04T19:00:00.000Z
sensor.corridoio_temperatura_2,22.795585823844444,2026-05-04T20:00:00.000Z
sensor.corridoio_temperatura_2,22.75709466571389,2026-05-04T21:00:00.000Z
sensor.corridoio_temperatura_2,22.721293636427777,2026-05-04T22:00:00.000Z
sensor.corridoio_temperatura_2,22.692947525763888,2026-05-04T23:00:00.000Z
sensor.corridoio_temperatura_2,22.66901133246111,2026-05-05T00:00:00.000Z
sensor.corridoio_temperatura_2,22.645842146975,2026-05-05T01:00:00.000Z
sensor.corridoio_temperatura_2,22.629293705791667,2026-05-05T02:00:00.000Z
sensor.corridoio_temperatura_2,22.60705215994167,2026-05-05T03:00:00.000Z
sensor.corridoio_temperatura_2,22.58518509664444,2026-05-05T04:00:00.000Z
sensor.corridoio_temperatura_2,22.566298775066667,2026-05-05T05:00:00.000Z
sensor.corridoio_temperatura_2,22.58413348998611,2026-05-05T06:00:00.000Z
sensor.corridoio_temperatura_2,22.56854920088611,2026-05-05T07:00:00.000Z
sensor.corridoio_temperatura_2,22.536373886625,2026-05-05T08:00:00.000Z
sensor.corridoio_temperatura_2,22.501305940797224,2026-05-05T09:00:00.000Z
sensor.corridoio_temperatura_2,22.5,2026-05-05T10:00:00.000Z
sensor.corridoio_temperatura_2,22.468244120383332,2026-05-05T11:00:00.000Z
sensor.corridoio_temperatura_2,22.450537530488887,2026-05-05T12:00:00.000Z
sensor.corridoio_temperatura_2,22.431495159500003,2026-05-05T13:00:00.000Z
sensor.corridoio_temperatura_2,22.39988243744722,2026-05-05T14:00:00.000Z
sensor.corridoio_temperatura_2,22.376775359422222,2026-05-05T15:00:00.000Z
sensor.corridoio_temperatura_2,22.333539358427775,2026-05-05T16:00:00.000Z
sensor.corridoio_temperatura_2,22.308937530633333,2026-05-05T17:00:00.000Z
sensor.corridoio_temperatura_2,22.29561917130833,2026-05-05T18:00:00.000Z
sensor.corridoio_temperatura_2,22.29559825818889,2026-05-05T19:00:00.000Z
sensor.corridoio_temperatura_2,22.27840245813611,2026-05-05T20:00:00.000Z
sensor.corridoio_temperatura_2,22.344451028997224,2026-05-05T21:00:00.000Z
sensor.corridoio_temperatura_2,22.301334137591667,2026-05-05T22:00:00.000Z
sensor.corridoio_temperatura_2,22.281058657541667,2026-05-05T23:00:00.000Z
sensor.corridoio_temperatura_2,22.267882741677777,2026-05-06T00:00:00.000Z
sensor.corridoio_temperatura_2,22.248163738522223,2026-05-06T01:00:00.000Z
sensor.corridoio_temperatura_2,22.224673136016666,2026-05-06T02:00:00.000Z
sensor.corridoio_temperatura_2,22.201595286066667,2026-05-06T03:00:00.000Z
sensor.corridoio_temperatura_2,22.175897962033336,2026-05-06T04:00:00.000Z
sensor.corridoio_temperatura_2,22.15184111093889,2026-05-06T05:00:00.000Z
sensor.corridoio_temperatura_2,22.153066423505553,2026-05-06T06:00:00.000Z
sensor.corridoio_temperatura_2,22.118683570358332,2026-05-06T07:00:00.000Z
sensor.corridoio_temperatura_2,22.078583813675,2026-05-06T08:00:00.000Z
sensor.corridoio_temperatura_2,22.035477813991665,2026-05-06T09:00:00.000Z
sensor.corridoio_temperatura_2,22.025006065261113,2026-05-06T10:00:00.000Z
sensor.corridoio_temperatura_2,22.040000000000003,2026-05-06T11:00:00.000Z
sensor.corridoio_temperatura_2,22.02797929718889,2026-05-06T12:00:00.000Z
sensor.corridoio_temperatura_2,22.031883069300005,2026-05-06T13:00:00.000Z
sensor.corridoio_temperatura_2,22.034828621705557,2026-05-06T14:00:00.000Z
sensor.corridoio_temperatura_2,22.040212175052776,2026-05-06T15:00:00.000Z
sensor.corridoio_temperatura_2,22.053343942944448,2026-05-06T16:00:00.000Z
sensor.corridoio_temperatura_2,22.025856700422224,2026-05-06T17:00:00.000Z
sensor.corridoio_temperatura_2,22.001153055755555,2026-05-06T18:00:00.000Z
sensor.corridoio_temperatura_2,21.95805749739722,2026-05-06T19:00:00.000Z
sensor.corridoio_temperatura_2,21.918545368444445,2026-05-06T20:00:00.000Z
sensor.corridoio_temperatura_2,21.86963977644167,2026-05-06T21:00:00.000Z
sensor.corridoio_temperatura_2,21.856011620225,2026-05-06T22:00:00.000Z
sensor.corridoio_temperatura_2,21.8228538234,2026-05-06T23:00:00.000Z
sensor.corridoio_temperatura_2,21.794395278869445,2026-05-07T00:00:00.000Z
sensor.corridoio_temperatura_2,21.75939368028889,2026-05-07T01:00:00.000Z
sensor.corridoio_temperatura_2,21.75,2026-05-07T02:00:00.000Z
sensor.corridoio_temperatura_2,21.737847281269442,2026-05-07T03:00:00.000Z
sensor.corridoio_temperatura_2,21.718252351388887,2026-05-07T04:00:00.000Z
sensor.corridoio_temperatura_2,21.703285793224996,2026-05-07T05:00:00.000Z
sensor.corridoio_temperatura_2,21.723427361566667,2026-05-07T06:00:00.000Z
sensor.corridoio_temperatura_2,21.69516152856667,2026-05-07T07:00:00.000Z
sensor.corridoio_temperatura_2,21.66290835423889,2026-05-07T08:00:00.000Z
sensor.corridoio_temperatura_2,21.66,2026-05-07T09:00:00.000Z
sensor.corridoio_temperatura_2,21.66,2026-05-07T10:00:00.000Z
sensor.corridoio_temperatura_2,21.750156114113892,2026-05-07T11:00:00.000Z
sensor.corridoio_temperatura_2,21.79301902871111,2026-05-07T12:00:00.000Z
sensor.corridoio_temperatura_2,21.833985132436112,2026-05-07T13:00:00.000Z
sensor.corridoio_temperatura_2,21.847928752219445,2026-05-07T14:00:00.000Z
sensor.corridoio_temperatura_2,21.86771325525,2026-05-07T15:00:00.000Z
sensor.corridoio_temperatura_2,21.891395814819447,2026-05-07T16:00:00.000Z
sensor.corridoio_temperatura_2,21.911589604438095,2026-05-07T17:00:00.000Z
sensor.corridoio_temperatura_2,21.16801405937778,2026-05-12T13:00:00.000Z
sensor.corridoio_temperatura_2,21.226095860788888,2026-05-12T14:00:00.000Z
sensor.corridoio_temperatura_2,21.294083738391667,2026-05-12T15:00:00.000Z
sensor.corridoio_temperatura_2,21.32724696108889,2026-05-12T16:00:00.000Z
sensor.corridoio_temperatura_2,21.311073636569443,2026-05-12T17:00:00.000Z
sensor.corridoio_temperatura_2,21.330401369905555,2026-05-12T18:00:00.000Z
sensor.corridoio_temperatura_2,21.4272844007,2026-05-12T19:00:00.000Z
sensor.corridoio_temperatura_2,21.50986329648333,2026-05-12T20:00:00.000Z
sensor.corridoio_temperatura_2,21.49496472427778,2026-05-12T21:00:00.000Z
sensor.corridoio_temperatura_2,21.549724871472222,2026-05-12T22:00:00.000Z
sensor.corridoio_temperatura_2,21.570000000000004,2026-05-12T23:00:00.000Z
sensor.corridoio_temperatura_2,21.570000000000004,2026-05-13T00:00:00.000Z
sensor.corridoio_temperatura_2,21.566946620019447,2026-05-13T01:00:00.000Z
sensor.corridoio_temperatura_2,21.541811394275,2026-05-13T02:00:00.000Z
sensor.corridoio_temperatura_2,21.509929828405557,2026-05-13T03:00:00.000Z
sensor.corridoio_temperatura_2,21.475903268044444,2026-05-13T04:00:00.000Z
sensor.corridoio_temperatura_2,21.447697659033334,2026-05-13T05:00:00.000Z
sensor.corridoio_temperatura_2,21.435554948063892,2026-05-13T06:00:00.000Z
sensor.corridoio_temperatura_2,21.38548759619444,2026-05-13T07:00:00.000Z
sensor.corridoio_temperatura_2,21.382659911033333,2026-05-13T08:00:00.000Z
sensor.corridoio_temperatura_2,21.415815680438886,2026-05-13T09:00:00.000Z
sensor.corridoio_temperatura_2,21.47162232218889,2026-05-13T10:00:00.000Z
sensor.corridoio_temperatura_2,21.483107660627777,2026-05-13T11:00:00.000Z
sensor.corridoio_temperatura_2,21.502722094988886,2026-05-13T12:00:00.000Z
sensor.corridoio_temperatura_2,21.530296983008338,2026-05-13T13:00:00.000Z
sensor.corridoio_temperatura_2,21.56573317531944,2026-05-13T14:00:00.000Z
sensor.corridoio_temperatura_2,21.574158336705555,2026-05-13T15:00:00.000Z
sensor.corridoio_temperatura_2,21.598389905808332,2026-05-13T16:00:00.000Z
sensor.corridoio_temperatura_2,21.57774085864722,2026-05-13T17:00:00.000Z
sensor.corridoio_temperatura_2,21.571331682080555,2026-05-13T18:00:00.000Z
sensor.corridoio_temperatura_2,21.657371403741667,2026-05-13T19:00:00.000Z
sensor.corridoio_temperatura_2,21.584479862811108,2026-05-13T20:00:00.000Z
sensor.corridoio_temperatura_2,21.570000000000004,2026-05-13T21:00:00.000Z
sensor.corridoio_temperatura_2,21.555967587858333,2026-05-13T22:00:00.000Z
sensor.corridoio_temperatura_2,21.551315235516665,2026-05-13T23:00:00.000Z
sensor.corridoio_temperatura_2,21.570000000000004,2026-05-14T00:00:00.000Z
sensor.corridoio_temperatura_2,21.56775919786111,2026-05-14T01:00:00.000Z
sensor.corridoio_temperatura_2,21.541888828536113,2026-05-14T02:00:00.000Z
sensor.corridoio_temperatura_2,21.542024256347222,2026-05-14T03:00:00.000Z
sensor.corridoio_temperatura_2,21.517226885425,2026-05-14T04:00:00.000Z
sensor.corridoio_temperatura_2,21.491131926961106,2026-05-14T05:00:00.000Z
sensor.corridoio_temperatura_2,21.499160451994445,2026-05-14T06:00:00.000Z
sensor.corridoio_temperatura_2,21.458093544794448,2026-05-14T07:00:00.000Z
sensor.corridoio_temperatura_2,21.464355799108333,2026-05-14T08:00:00.000Z
sensor.corridoio_temperatura_2,21.505649423416667,2026-05-14T09:00:00.000Z
sensor.corridoio_temperatura_2,21.587563423519445,2026-05-14T10:00:00.000Z
sensor.corridoio_temperatura_2,21.573981443869446,2026-05-14T11:00:00.000Z
sensor.corridoio_temperatura_2,21.607935823058337,2026-05-14T12:00:00.000Z
sensor.corridoio_temperatura_2,21.602025524111113,2026-05-14T13:00:00.000Z
sensor.corridoio_temperatura_2,21.596112494944446,2026-05-14T14:00:00.000Z
sensor.corridoio_temperatura_2,21.574342539719442,2026-05-14T15:00:00.000Z
sensor.corridoio_temperatura_2,21.547017222580553,2026-05-14T16:00:00.000Z
sensor.corridoio_temperatura_2,21.543288892627782,2026-05-14T17:00:00.000Z
sensor.corridoio_temperatura_2,21.555341628405557,2026-05-14T18:00:00.000Z
sensor.corridoio_temperatura_2,21.496731552308333,2026-05-14T19:00:00.000Z
sensor.corridoio_temperatura_2,21.441887130130556,2026-05-14T20:00:00.000Z
sensor.corridoio_temperatura_2,21.40635890248056,2026-05-14T21:00:00.000Z
sensor.corridoio_temperatura_2,21.3917205659,2026-05-14T22:00:00.000Z
sensor.corridoio_temperatura_2,21.38599192956389,2026-05-14T23:00:00.000Z
sensor.corridoio_temperatura_2,21.361762583066668,2026-05-15T00:00:00.000Z
sensor.corridoio_temperatura_2,21.344496854986108,2026-05-15T01:00:00.000Z
sensor.corridoio_temperatura_2,21.314009960119446,2026-05-15T02:00:00.000Z
sensor.corridoio_temperatura_2,21.28707717205278,2026-05-15T03:00:00.000Z
sensor.corridoio_temperatura_2,21.249020510775,2026-05-15T04:00:00.000Z
sensor.corridoio_temperatura_2,21.21348236833889,2026-05-15T05:00:00.000Z
sensor.corridoio_temperatura_2,21.21065808308889,2026-05-15T06:00:00.000Z
sensor.corridoio_temperatura_2,21.133398535172223,2026-05-15T07:00:00.000Z
sensor.corridoio_temperatura_2,21.093376886452777,2026-05-15T08:00:00.000Z
sensor.corridoio_temperatura_2,21.07664430903333,2026-05-15T09:00:00.000Z
sensor.corridoio_temperatura_2,21.128807101269445,2026-05-15T10:00:00.000Z
sensor.corridoio_temperatura_2,21.097799549266664,2026-05-15T11:00:00.000Z
sensor.corridoio_temperatura_2,20.99646953598889,2026-05-15T12:00:00.000Z
sensor.corridoio_temperatura_2,20.96,2026-05-15T13:00:00.000Z
sensor.corridoio_temperatura_2,20.954384693419446,2026-05-15T14:00:00.000Z
sensor.corridoio_temperatura_2,20.94277354401111,2026-05-15T15:00:00.000Z
sensor.corridoio_temperatura_2,20.929424759375,2026-05-15T16:00:00.000Z
sensor.corridoio_temperatura_2,20.909618099308332,2026-05-15T17:00:00.000Z
sensor.corridoio_temperatura_2,20.8918203918,2026-05-15T18:00:00.000Z
sensor.corridoio_temperatura_2,20.859709859136114,2026-05-15T19:00:00.000Z
sensor.corridoio_temperatura_2,20.827709575716668,2026-05-15T20:00:00.000Z
sensor.corridoio_temperatura_2,20.79287493941389,2026-05-15T21:00:00.000Z
sensor.corridoio_temperatura_2,20.765589740558337,2026-05-15T22:00:00.000Z
sensor.corridoio_temperatura_2,20.731598069658332,2026-05-15T23:00:00.000Z
sensor.corridoio_temperatura_2,20.732330090369445,2026-05-16T00:00:00.000Z
sensor.corridoio_temperatura_2,20.726125203191668,2026-05-16T01:00:00.000Z
sensor.corridoio_temperatura_2,20.711828976344446,2026-05-16T02:00:00.000Z
sensor.corridoio_temperatura_2,20.71,2026-05-16T03:00:00.000Z
sensor.corridoio_temperatura_2,20.71,2026-05-16T04:00:00.000Z
sensor.corridoio_temperatura_2,20.6869244171,2026-05-16T05:00:00.000Z
sensor.corridoio_temperatura_2,20.677353603822223,2026-05-16T06:00:00.000Z
sensor.corridoio_temperatura_2,20.691299118302776,2026-05-16T07:00:00.000Z
sensor.corridoio_temperatura_2,20.64322221821111,2026-05-16T08:00:00.000Z
sensor.corridoio_temperatura_2,20.707992990955557,2026-05-16T09:00:00.000Z
sensor.corridoio_temperatura_2,20.805430972141668,2026-05-16T10:00:00.000Z
sensor.corridoio_temperatura_2,20.81505484447778,2026-05-16T11:00:00.000Z
sensor.corridoio_temperatura_2,20.864799009616664,2026-05-16T12:00:00.000Z
sensor.corridoio_temperatura_2,20.988775599672223,2026-05-16T13:00:00.000Z
sensor.corridoio_temperatura_2,21.02229116832778,2026-05-16T14:00:00.000Z
sensor.corridoio_temperatura_2,21.040192174172223,2026-05-16T15:00:00.000Z
sensor.corridoio_temperatura_2,21.13090673691111,2026-05-16T16:00:00.000Z
sensor.corridoio_temperatura_2,21.12,2026-05-16T17:00:00.000Z
sensor.corridoio_temperatura_2,21.11748285331667,2026-05-16T18:00:00.000Z
sensor.corridoio_temperatura_2,21.078286248627776,2026-05-16T19:00:00.000Z
sensor.corridoio_temperatura_2,21.02327476332778,2026-05-16T20:00:00.000Z
sensor.corridoio_temperatura_2,20.975803534619445,2026-05-16T21:00:00.000Z
sensor.corridoio_temperatura_2,20.921429907094446,2026-05-16T22:00:00.000Z
sensor.corridoio_temperatura_2,20.87316962276111,2026-05-16T23:00:00.000Z
sensor.corridoio_temperatura_2,20.834859704122223,2026-05-17T00:00:00.000Z
sensor.corridoio_temperatura_2,20.803441392055557,2026-05-17T01:00:00.000Z
sensor.corridoio_temperatura_2,20.772813003002778,2026-05-17T02:00:00.000Z
sensor.corridoio_temperatura_2,20.730889818744444,2026-05-17T03:00:00.000Z
sensor.corridoio_temperatura_2,20.696590936880558,2026-05-17T04:00:00.000Z
sensor.corridoio_temperatura_2,20.66595276525,2026-05-17T05:00:00.000Z
sensor.corridoio_temperatura_2,20.63195886330833,2026-05-17T06:00:00.000Z
sensor.corridoio_temperatura_2,20.61412856224722,2026-05-17T07:00:00.000Z
sensor.corridoio_temperatura_2,20.643535866944443,2026-05-17T08:00:00.000Z
sensor.corridoio_temperatura_2,20.722697849833335,2026-05-17T09:00:00.000Z
sensor.corridoio_temperatura_2,20.80509961126111,2026-05-17T10:00:00.000Z
sensor.corridoio_temperatura_2,20.817282876013888,2026-05-17T11:00:00.000Z
sensor.corridoio_temperatura_2,20.84,2026-05-17T12:00:00.000Z
sensor.corridoio_temperatura_2,20.86083492996111,2026-05-17T13:00:00.000Z
sensor.corridoio_temperatura_2,20.89857584815,2026-05-17T14:00:00.000Z
sensor.corridoio_temperatura_2,20.95155877226389,2026-05-17T15:00:00.000Z
sensor.corridoio_temperatura_2,20.958389213175,2026-05-17T16:00:00.000Z
sensor.corridoio_temperatura_2,20.95,2026-05-17T17:00:00.000Z
sensor.corridoio_temperatura_2,20.981805546805557,2026-05-17T18:00:00.000Z
sensor.corridoio_temperatura_2,21.07496547882222,2026-05-17T19:00:00.000Z
sensor.corridoio_temperatura_2,21.069833308405553,2026-05-17T20:00:00.000Z
sensor.corridoio_temperatura_2,21.069686605441667,2026-05-17T21:00:00.000Z
sensor.corridoio_temperatura_2,21.081184976144446,2026-05-17T22:00:00.000Z
sensor.corridoio_temperatura_2,21.0278112373,2026-05-17T23:00:00.000Z
sensor.corridoio_temperatura_2,20.970567605555555,2026-05-18T00:00:00.000Z
sensor.corridoio_temperatura_2,20.95498723729722,2026-05-18T01:00:00.000Z
sensor.corridoio_temperatura_2,20.92761199915,2026-05-18T02:00:00.000Z
sensor.corridoio_temperatura_2,20.90063687521111,2026-05-18T03:00:00.000Z
sensor.corridoio_temperatura_2,20.85220640836111,2026-05-18T04:00:00.000Z
sensor.corridoio_temperatura_2,20.830771920355556,2026-05-18T05:00:00.000Z
sensor.corridoio_temperatura_2,20.833510780166666,2026-05-18T06:00:00.000Z
sensor.corridoio_temperatura_2,20.784417547208335,2026-05-18T07:00:00.000Z
sensor.corridoio_temperatura_2,20.786089311450002,2026-05-18T08:00:00.000Z
sensor.corridoio_temperatura_2,20.85733127503611,2026-05-18T09:00:00.000Z
sensor.corridoio_temperatura_2,20.947768103033336,2026-05-18T10:00:00.000Z
sensor.corridoio_temperatura_2,20.948474469980557,2026-05-18T11:00:00.000Z
sensor.corridoio_temperatura_2,20.97199957361389,2026-05-18T12:00:00.000Z
sensor.corridoio_temperatura_2,21.001780687975,2026-05-18T13:00:00.000Z
sensor.corridoio_temperatura_2,21.029100067641668,2026-05-18T14:00:00.000Z
sensor.corridoio_temperatura_2,21.074557451824997,2026-05-18T15:00:00.000Z
sensor.corridoio_temperatura_2,21.092643164655556,2026-05-18T16:00:00.000Z
sensor.corridoio_temperatura_2,21.083547809352776,2026-05-18T17:00:00.000Z
sensor.corridoio_temperatura_2,21.077483596766665,2026-05-18T18:00:00.000Z
sensor.corridoio_temperatura_2,21.06820178114444,2026-05-18T19:00:00.000Z
sensor.corridoio_temperatura_2,21.052150928805556,2026-05-18T20:00:00.000Z
sensor.corridoio_temperatura_2,21.02549272286667,2026-05-18T21:00:00.000Z
sensor.corridoio_temperatura_2,21.023355516627777,2026-05-18T22:00:00.000Z
sensor.corridoio_temperatura_2,21.01982044103889,2026-05-18T23:00:00.000Z
sensor.corridoio_temperatura_2,21.01,2026-05-19T00:00:00.000Z
sensor.corridoio_temperatura_2,20.99939075154722,2026-05-19T01:00:00.000Z
sensor.corridoio_temperatura_2,20.986859146538887,2026-05-19T02:00:00.000Z
sensor.corridoio_temperatura_2,20.96630194792778,2026-05-19T03:00:00.000Z
sensor.corridoio_temperatura_2,20.952307742991668,2026-05-19T04:00:00.000Z
sensor.corridoio_temperatura_2,20.92279825271111,2026-05-19T05:00:00.000Z
sensor.corridoio_temperatura_2,20.94581538835,2026-05-19T06:00:00.000Z
sensor.corridoio_temperatura_2,20.935449133980555,2026-05-19T07:00:00.000Z
sensor.corridoio_temperatura_2,20.973445075977775,2026-05-19T08:00:00.000Z
sensor.corridoio_temperatura_2,21.083510787325,2026-05-19T09:00:00.000Z
sensor.corridoio_temperatura_2,21.177425932297222,2026-05-19T10:00:00.000Z
sensor.corridoio_temperatura_2,21.20910200611667,2026-05-19T11:00:00.000Z
sensor.corridoio_temperatura_2,21.19244239781389,2026-05-19T12:00:00.000Z
sensor.corridoio_temperatura_2,21.255515874936112,2026-05-19T13:00:00.000Z
sensor.corridoio_temperatura_2,21.285427238516665,2026-05-19T14:00:00.000Z
sensor.corridoio_temperatura_2,21.318053515608334,2026-05-19T15:00:00.000Z
sensor.corridoio_temperatura_2,21.357759676375,2026-05-19T16:00:00.000Z
sensor.corridoio_temperatura_2,21.372059305044445,2026-05-19T17:00:00.000Z
sensor.corridoio_temperatura_2,21.36,2026-05-19T18:00:00.000Z
sensor.corridoio_temperatura_2,21.398912895027777,2026-05-19T19:00:00.000Z
sensor.corridoio_temperatura_2,21.40484565243889,2026-05-19T20:00:00.000Z
sensor.corridoio_temperatura_2,21.46549804808056,2026-05-19T21:00:00.000Z
sensor.corridoio_temperatura_2,21.411295666108334,2026-05-19T22:00:00.000Z
sensor.corridoio_temperatura_2,21.425214065377777,2026-05-19T23:00:00.000Z
sensor.corridoio_temperatura_2,21.426653390402777,2026-05-20T00:00:00.000Z
sensor.corridoio_temperatura_2,21.410009292252777,2026-05-20T01:00:00.000Z
sensor.corridoio_temperatura_2,21.40245073778333,2026-05-20T02:00:00.000Z
sensor.corridoio_temperatura_2,21.37161910022778,2026-05-20T03:00:00.000Z
sensor.corridoio_temperatura_2,21.34432482723611,2026-05-20T04:00:00.000Z
sensor.corridoio_temperatura_2,21.31412692458333,2026-05-20T05:00:00.000Z
sensor.corridoio_temperatura_2,21.34731533976389,2026-05-20T06:00:00.000Z
sensor.corridoio_temperatura_2,21.344945455294447,2026-05-20T07:00:00.000Z
sensor.corridoio_temperatura_2,21.37496976980833,2026-05-20T08:00:00.000Z
sensor.corridoio_temperatura_2,21.457890441969443,2026-05-20T09:00:00.000Z
sensor.corridoio_temperatura_2,21.540724164886115,2026-05-20T10:00:00.000Z
sensor.corridoio_temperatura_2,21.561228269936112,2026-05-20T11:00:00.000Z
sensor.corridoio_temperatura_2,21.581819204172223,2026-05-20T12:00:00.000Z
sensor.corridoio_temperatura_2,21.64405647059722,2026-05-20T13:00:00.000Z
sensor.corridoio_temperatura_2,21.672421494341666,2026-05-20T14:00:00.000Z
sensor.corridoio_temperatura_2,21.691353922594445,2026-05-20T15:00:00.000Z
sensor.corridoio_temperatura_2,21.797312720544443,2026-05-20T16:00:00.000Z
sensor.corridoio_temperatura_2,21.887900909419443,2026-05-20T17:00:00.000Z
sensor.corridoio_temperatura_2,21.94272952574167,2026-05-20T18:00:00.000Z
sensor.corridoio_temperatura_2,21.99,2026-05-20T19:00:00.000Z
sensor.corridoio_temperatura_2,21.92954255578889,2026-05-20T20:00:00.000Z
sensor.corridoio_temperatura_2,21.870285460705556,2026-05-20T21:00:00.000Z
sensor.corridoio_temperatura_2,21.8841962738,2026-05-20T22:00:00.000Z
sensor.corridoio_temperatura_2,21.902626661366668,2026-05-20T23:00:00.000Z
sensor.corridoio_temperatura_2,21.920153976736113,2026-05-21T00:00:00.000Z
sensor.corridoio_temperatura_2,21.929999999999996,2026-05-21T01:00:00.000Z
sensor.corridoio_temperatura_2,21.90686951811389,2026-05-21T02:00:00.000Z
sensor.corridoio_temperatura_2,21.879407596205557,2026-05-21T03:00:00.000Z
sensor.corridoio_temperatura_2,21.860379244822223,2026-05-21T04:00:00.000Z
sensor.corridoio_temperatura_2,21.844417809130558,2026-05-21T05:00:00.000Z
sensor.corridoio_temperatura_2,21.86912962872778,2026-05-21T06:00:00.000Z
sensor.corridoio_temperatura_2,21.864966496041664,2026-05-21T07:00:00.000Z
sensor.corridoio_temperatura_2,21.908375650622222,2026-05-21T08:00:00.000Z
sensor.corridoio_temperatura_2,22.04141775098333,2026-05-21T09:00:00.000Z
sensor.corridoio_temperatura_2,22.157208942511115,2026-05-21T10:00:00.000Z
sensor.corridoio_temperatura_2,22.170513600125002,2026-05-21T11:00:00.000Z
sensor.corridoio_temperatura_2,22.214822495133333,2026-05-21T12:00:00.000Z
sensor.corridoio_temperatura_2,22.275246104058336,2026-05-21T13:00:00.000Z
sensor.corridoio_temperatura_2,22.3290559979,2026-05-21T14:00:00.000Z
sensor.corridoio_temperatura_2,22.379058211169447,2026-05-21T15:00:00.000Z
sensor.corridoio_temperatura_2,22.473419384919442,2026-05-21T16:00:00.000Z
sensor.corridoio_temperatura_2,22.506797759783336,2026-05-21T17:00:00.000Z
sensor.corridoio_temperatura_2,22.56028962319722,2026-05-21T18:00:00.000Z
sensor.corridoio_temperatura_2,22.585729531761114,2026-05-21T19:00:00.000Z
sensor.corridoio_temperatura_2,22.565426629083333,2026-05-21T20:00:00.000Z
sensor.corridoio_temperatura_2,22.61521760002778,2026-05-21T21:00:00.000Z
sensor.corridoio_temperatura_2,22.674448574961115,2026-05-21T22:00:00.000Z
sensor.corridoio_temperatura_2,22.679999999999996,2026-05-21T23:00:00.000Z
sensor.corridoio_temperatura_2,22.679999999999996,2026-05-22T00:00:00.000Z
sensor.corridoio_temperatura_2,22.67144711571389,2026-05-22T01:00:00.000Z
sensor.corridoio_temperatura_2,22.64749564166944,2026-05-22T02:00:00.000Z
sensor.corridoio_temperatura_2,22.629252638672224,2026-05-22T03:00:00.000Z
sensor.corridoio_temperatura_2,22.606029684197225,2026-05-22T04:00:00.000Z
sensor.corridoio_temperatura_2,22.584697431502775,2026-05-22T05:00:00.000Z
sensor.corridoio_temperatura_2,22.59740963005,2026-05-22T06:00:00.000Z
sensor.corridoio_temperatura_2,22.59707087073889,2026-05-22T07:00:00.000Z
sensor.corridoio_temperatura_2,22.647312634016668,2026-05-22T08:00:00.000Z
sensor.corridoio_temperatura_2,22.760351186675,2026-05-22T09:00:00.000Z
sensor.corridoio_temperatura_2,22.86484761008889,2026-05-22T10:00:00.000Z
sensor.corridoio_temperatura_2,22.88326318008889,2026-05-22T11:00:00.000Z
sensor.corridoio_temperatura_2,22.934836736416667,2026-05-22T12:00:00.000Z
sensor.corridoio_temperatura_2,23.01234552493611,2026-05-22T13:00:00.000Z
sensor.corridoio_temperatura_2,23.051971541422223,2026-05-22T14:00:00.000Z
sensor.corridoio_temperatura_2,23.08412821902222,2026-05-22T15:00:00.000Z
sensor.corridoio_temperatura_2,23.113499159425,2026-05-22T16:00:00.000Z
sensor.corridoio_temperatura_2,23.24838457999722,2026-05-22T17:00:00.000Z
sensor.corridoio_temperatura_2,23.287300868005556,2026-05-22T18:00:00.000Z
sensor.corridoio_temperatura_2,23.24310761861389,2026-05-22T19:00:00.000Z
sensor.corridoio_temperatura_2,23.235081941722225,2026-05-22T20:00:00.000Z
sensor.corridoio_temperatura_2,23.256710990455556,2026-05-22T21:00:00.000Z
sensor.corridoio_temperatura_2,23.250620756677776,2026-05-22T22:00:00.000Z
sensor.corridoio_temperatura_2,23.277793042019443,2026-05-22T23:00:00.000Z
sensor.corridoio_temperatura_2,23.28251597736389,2026-05-23T00:00:00.000Z
sensor.corridoio_temperatura_2,23.286821465705557,2026-05-23T01:00:00.000Z
sensor.corridoio_temperatura_2,23.292516219780556,2026-05-23T02:00:00.000Z
sensor.corridoio_temperatura_2,23.28081881403889,2026-05-23T03:00:00.000Z
sensor.corridoio_temperatura_2,23.263468461427777,2026-05-23T04:00:00.000Z
sensor.corridoio_temperatura_2,23.238569078913887,2026-05-23T05:00:00.000Z
sensor.corridoio_temperatura_2,23.235648538277776,2026-05-23T06:00:00.000Z
sensor.corridoio_temperatura_2,23.281301461149997,2026-05-23T07:00:00.000Z
sensor.corridoio_temperatura_2,23.347221426294443,2026-05-23T08:00:00.000Z
sensor.corridoio_temperatura_2,23.4532205379,2026-05-23T09:00:00.000Z
sensor.corridoio_temperatura_2,23.555679147463888,2026-05-23T10:00:00.000Z
sensor.corridoio_temperatura_2,23.588700638555554,2026-05-23T11:00:00.000Z
sensor.corridoio_temperatura_2,23.636394974866665,2026-05-23T12:00:00.000Z
sensor.corridoio_temperatura_2,23.704519632505555,2026-05-23T13:00:00.000Z
sensor.corridoio_temperatura_2,23.775830477713885,2026-05-23T14:00:00.000Z
sensor.corridoio_temperatura_2,23.85680258434722,2026-05-23T15:00:00.000Z
sensor.corridoio_temperatura_2,23.91226950785278,2026-05-23T16:00:00.000Z
sensor.corridoio_temperatura_2,23.960401829661112,2026-05-23T17:00:00.000Z
sensor.corridoio_temperatura_2,24.01083153720278,2026-05-23T18:00:00.000Z
sensor.corridoio_temperatura_2,24.043432548441668,2026-05-23T19:00:00.000Z
sensor.corridoio_temperatura_2,24.06469058734722,2026-05-23T20:00:00.000Z
sensor.corridoio_temperatura_2,24.07587182403611,2026-05-23T21:00:00.000Z
sensor.corridoio_temperatura_2,24.070475030666667,2026-05-23T22:00:00.000Z
sensor.corridoio_temperatura_2,24.054373840277776,2026-05-23T23:00:00.000Z
sensor.corridoio_temperatura_2,24.040000000000003,2026-05-24T00:00:00.000Z
sensor.corridoio_temperatura_2,24.03496790826111,2026-05-24T01:00:00.000Z
sensor.corridoio_temperatura_2,24.040000000000003,2026-05-24T02:00:00.000Z
sensor.corridoio_temperatura_2,24.039131868391667,2026-05-24T03:00:00.000Z
sensor.corridoio_temperatura_2,24.022487258433333,2026-05-24T04:00:00.000Z
sensor.corridoio_temperatura_2,24.007728023166667,2026-05-24T05:00:00.000Z
sensor.corridoio_temperatura_2,24.014315013580557,2026-05-24T06:00:00.000Z
sensor.corridoio_temperatura_2,24.051507669752777,2026-05-24T07:00:00.000Z
sensor.corridoio_temperatura_2,24.09028124471389,2026-05-24T08:00:00.000Z
sensor.corridoio_temperatura_2,24.222763259944443,2026-05-24T09:00:00.000Z
sensor.corridoio_temperatura_2,24.348914410505557,2026-05-24T10:00:00.000Z
sensor.corridoio_temperatura_2,24.391005762105554,2026-05-24T11:00:00.000Z
sensor.corridoio_temperatura_2,24.485028303308336,2026-05-24T12:00:00.000Z
sensor.corridoio_temperatura_2,24.614431470202778,2026-05-24T13:00:00.000Z
sensor.corridoio_temperatura_2,24.667656035261114,2026-05-24T14:00:00.000Z
sensor.corridoio_temperatura_2,24.739905930169442,2026-05-24T15:00:00.000Z
sensor.corridoio_temperatura_2,24.798510042066667,2026-05-24T16:00:00.000Z
sensor.corridoio_temperatura_2,24.82680280413611,2026-05-24T17:00:00.000Z
sensor.corridoio_temperatura_2,24.85815711928611,2026-05-24T18:00:00.000Z
sensor.corridoio_temperatura_2,24.920372409944445,2026-05-24T19:00:00.000Z
sensor.corridoio_temperatura_2,24.99795925011389,2026-05-24T20:00:00.000Z
sensor.corridoio_temperatura_2,25.022364173744446,2026-05-24T21:00:00.000Z
sensor.corridoio_temperatura_2,25.020987821894447,2026-05-24T22:00:00.000Z
sensor.corridoio_temperatura_2,25.02,2026-05-24T23:00:00.000Z
sensor.corridoio_temperatura_2,25.02,2026-05-25T00:00:00.000Z
sensor.corridoio_temperatura_2,25.01451393565,2026-05-25T01:00:00.000Z
sensor.corridoio_temperatura_2,24.99480627215,2026-05-25T02:00:00.000Z
sensor.corridoio_temperatura_2,24.980491809516668,2026-05-25T03:00:00.000Z
sensor.corridoio_temperatura_2,24.948174632836114,2026-05-25T04:00:00.000Z
sensor.corridoio_temperatura_2,24.915019426502777,2026-05-25T05:00:00.000Z
sensor.corridoio_temperatura_2,24.909959093233336,2026-05-25T06:00:00.000Z
sensor.corridoio_temperatura_2,24.904966890724996,2026-05-25T07:00:00.000Z
sensor.corridoio_temperatura_2,24.941036525425,2026-05-25T08:00:00.000Z
sensor.corridoio_temperatura_2,25.05897833013611,2026-05-25T09:00:00.000Z
sensor.corridoio_temperatura_2,25.191543482425,2026-05-25T10:00:00.000Z
sensor.corridoio_temperatura_2,25.24005115225,2026-05-25T11:00:00.000Z
sensor.corridoio_temperatura_2,25.265365320344443,2026-05-25T12:00:00.000Z
sensor.corridoio_temperatura_2,25.285279482494445,2026-05-25T13:00:00.000Z
sensor.corridoio_temperatura_2,25.362993201349997,2026-05-25T14:00:00.000Z
sensor.corridoio_temperatura_2,25.419813446116667,2026-05-25T15:00:00.000Z
sensor.corridoio_temperatura_2,25.463549417758333,2026-05-25T16:00:00.000Z
sensor.corridoio_temperatura_2,25.51415657217778,2026-05-25T17:00:00.000Z
sensor.corridoio_temperatura_2,25.622923021000002,2026-05-25T18:00:00.000Z
sensor.corridoio_temperatura_2,25.635476734102777,2026-05-25T19:00:00.000Z
sensor.corridoio_temperatura_2,25.607610055369445,2026-05-25T20:00:00.000Z
sensor.corridoio_temperatura_2,25.664485617413888,2026-05-25T21:00:00.000Z
sensor.corridoio_temperatura_2,25.660911744791665,2026-05-25T22:00:00.000Z
sensor.corridoio_temperatura_2,25.65456456912222,2026-05-25T23:00:00.000Z
sensor.corridoio_temperatura_2,25.662918120883333,2026-05-26T00:00:00.000Z
sensor.corridoio_temperatura_2,25.66865741266111,2026-05-26T01:00:00.000Z
sensor.corridoio_temperatura_2,25.66728183013056,2026-05-26T02:00:00.000Z
sensor.corridoio_temperatura_2,25.658209191797223,2026-05-26T03:00:00.000Z
sensor.corridoio_temperatura_2,25.639002058027774,2026-05-26T04:00:00.000Z
sensor.corridoio_temperatura_2,25.61654455054722,2026-05-26T05:00:00.000Z
sensor.corridoio_temperatura_2,25.63757703279722,2026-05-26T06:00:00.000Z
sensor.corridoio_temperatura_2,25.63,2026-05-26T07:00:00.000Z
sensor.corridoio_temperatura_2,25.663625760966667,2026-05-26T08:00:00.000Z
sensor.corridoio_temperatura_2,25.772292462422218,2026-05-26T09:00:00.000Z
sensor.corridoio_temperatura_2,25.904367461544442,2026-05-26T10:00:00.000Z
sensor.corridoio_temperatura_2,25.939502760419444,2026-05-26T11:00:00.000Z
sensor.corridoio_temperatura_2,25.98608703501389,2026-05-26T12:00:00.000Z
sensor.corridoio_temperatura_2,26.048431067563886,2026-05-26T13:00:00.000Z
sensor.corridoio_temperatura_2,26.128031499147223,2026-05-26T14:00:00.000Z
sensor.corridoio_temperatura_2,26.18320914940278,2026-05-26T15:00:00.000Z
sensor.corridoio_temperatura_2,26.27899274321111,2026-05-26T16:00:00.000Z
sensor.corridoio_temperatura_2,26.341732221608336,2026-05-26T17:00:00.000Z
sensor.corridoio_temperatura_2,26.351638600227776,2026-05-26T18:00:00.000Z
sensor.corridoio_temperatura_2,26.401809262591666,2026-05-26T19:00:00.000Z
sensor.corridoio_temperatura_2,26.381958574505557,2026-05-26T20:00:00.000Z
sensor.corridoio_temperatura_2,26.42926766157778,2026-05-26T21:00:00.000Z
sensor.corridoio_temperatura_2,26.465567840755554,2026-05-26T22:00:00.000Z
sensor.corridoio_temperatura_2,26.479653875591666,2026-05-26T23:00:00.000Z
sensor.corridoio_temperatura_2,26.476751764122223,2026-05-27T00:00:00.000Z
sensor.corridoio_temperatura_2,26.47,2026-05-27T01:00:00.000Z
sensor.corridoio_temperatura_2,26.463928996322224,2026-05-27T02:00:00.000Z
sensor.corridoio_temperatura_2,26.448840659650003,2026-05-27T03:00:00.000Z
sensor.corridoio_temperatura_2,26.43150122812222,2026-05-27T04:00:00.000Z
sensor.corridoio_temperatura_2,26.40661336151389,2026-05-27T05:00:00.000Z
sensor.corridoio_temperatura_2,26.41912375102778,2026-05-27T06:00:00.000Z
sensor.corridoio_temperatura_2,26.42,2026-05-27T07:00:00.000Z
sensor.corridoio_temperatura_2,26.480584780877777,2026-05-27T08:00:00.000Z
sensor.corridoio_temperatura_2,26.591519089380558,2026-05-27T09:00:00.000Z
sensor.corridoio_temperatura_2,26.79587209484167,2026-05-27T10:00:00.000Z
sensor.corridoio_temperatura_2,26.834528044322223,2026-05-27T11:00:00.000Z
sensor.corridoio_temperatura_2,27.082101156130552,2026-05-27T12:00:00.000Z
sensor.corridoio_temperatura_2,27.4151786278,2026-05-27T13:00:00.000Z
sensor.corridoio_temperatura_2,27.73391697281667,2026-05-27T14:00:00.000Z
sensor.corridoio_temperatura_2,28.016118506205558,2026-05-27T15:00:00.000Z
sensor.corridoio_temperatura_2,28.334302203500002,2026-05-27T16:00:00.000Z
sensor.corridoio_temperatura_2,28.218598178708334,2026-05-27T17:00:00.000Z
sensor.corridoio_temperatura_2,28.031924237694444,2026-05-27T18:00:00.000Z
sensor.corridoio_temperatura_2,27.93131560148889,2026-05-27T19:00:00.000Z
sensor.corridoio_temperatura_2,27.897820169141667,2026-05-27T20:00:00.000Z
sensor.corridoio_temperatura_2,27.828762230769446,2026-05-27T21:00:00.000Z
sensor.corridoio_temperatura_2,27.78810904450278,2026-05-27T22:00:00.000Z
sensor.corridoio_temperatura_2,27.760266885088893,2026-05-27T23:00:00.000Z
sensor.corridoio_temperatura_2,27.727590637541667,2026-05-28T00:00:00.000Z
sensor.corridoio_temperatura_2,27.686179547386114,2026-05-28T01:00:00.000Z
sensor.corridoio_temperatura_2,27.644542200430553,2026-05-28T02:00:00.000Z
sensor.corridoio_temperatura_2,27.60442079918889,2026-05-28T03:00:00.000Z
sensor.corridoio_temperatura_2,27.57033697900833,2026-05-28T04:00:00.000Z
sensor.corridoio_temperatura_2,27.535621586055555,2026-05-28T05:00:00.000Z
sensor.corridoio_temperatura_2,27.501720742658335,2026-05-28T06:00:00.000Z
sensor.corridoio_temperatura_2,27.477639527080555,2026-05-28T07:00:00.000Z
sensor.corridoio_temperatura_2,27.471977146591666,2026-05-28T08:00:00.000Z
sensor.corridoio_temperatura_2,27.547871999708335,2026-05-28T09:00:00.000Z
sensor.corridoio_temperatura_2,27.630625622133334,2026-05-28T10:00:00.000Z
sensor.corridoio_temperatura_2,27.64259700153889,2026-05-28T11:00:00.000Z
sensor.corridoio_temperatura_2,27.692937535533332,2026-05-28T12:00:00.000Z
sensor.corridoio_temperatura_2,27.752535870247225,2026-05-28T13:00:00.000Z
sensor.corridoio_temperatura_2,27.805207289566667,2026-05-28T14:00:00.000Z
sensor.corridoio_temperatura_2,27.850000000000005,2026-05-28T15:00:00.000Z
sensor.corridoio_temperatura_2,27.900014020458332,2026-05-28T16:00:00.000Z
sensor.corridoio_temperatura_2,28.005338804063893,2026-05-28T17:00:00.000Z
sensor.corridoio_temperatura_2,28.035840058305553,2026-05-28T18:00:00.000Z
sensor.corridoio_temperatura_2,28.040000000000003,2026-05-28T19:00:00.000Z
sensor.corridoio_temperatura_2,28.006939963102777,2026-05-28T20:00:00.000Z
sensor.corridoio_temperatura_2,27.980354964452776,2026-05-28T21:00:00.000Z
sensor.corridoio_temperatura_2,27.95725156848611,2026-05-28T22:00:00.000Z
sensor.corridoio_temperatura_2,27.942641234800004,2026-05-28T23:00:00.000Z
sensor.corridoio_temperatura_2,27.928755378469443,2026-05-29T00:00:00.000Z
sensor.corridoio_temperatura_2,27.914286207336115,2026-05-29T01:00:00.000Z
sensor.corridoio_temperatura_2,27.895532362861108,2026-05-29T02:00:00.000Z
sensor.corridoio_temperatura_2,27.892197814497223,2026-05-29T03:00:00.000Z
sensor.corridoio_temperatura_2,27.861426570116667,2026-05-29T04:00:00.000Z
sensor.corridoio_temperatura_2,27.827247072666665,2026-05-29T05:00:00.000Z
sensor.corridoio_temperatura_2,27.79418373404444,2026-05-29T06:00:00.000Z
sensor.corridoio_temperatura_2,27.75033715561389,2026-05-29T07:00:00.000Z
sensor.corridoio_temperatura_2,27.744230310194443,2026-05-29T08:00:00.000Z
sensor.corridoio_temperatura_2,27.835581547880555,2026-05-29T09:00:00.000Z
sensor.corridoio_temperatura_2,27.919228871902778,2026-05-29T10:00:00.000Z
sensor.corridoio_temperatura_2,27.904137011266666,2026-05-29T11:00:00.000Z
sensor.corridoio_temperatura_2,27.902297997705556,2026-05-29T12:00:00.000Z
sensor.corridoio_temperatura_2,27.93363701175278,2026-05-29T13:00:00.000Z
sensor.corridoio_temperatura_2,27.94,2026-05-29T14:00:00.000Z
sensor.corridoio_temperatura_2,27.94518131790278,2026-05-29T15:00:00.000Z
sensor.corridoio_temperatura_2,27.960555343683335,2026-05-29T16:00:00.000Z
sensor.corridoio_temperatura_2,28.031017758555553,2026-05-29T17:00:00.000Z
sensor.corridoio_temperatura_2,28.040000000000003,2026-05-29T18:00:00.000Z
sensor.corridoio_temperatura_2,28.03844082487222,2026-05-29T19:00:00.000Z
sensor.corridoio_temperatura_2,28.031492636680554,2026-05-29T20:00:00.000Z
sensor.corridoio_temperatura_2,28.040000000000003,2026-05-29T21:00:00.000Z
sensor.corridoio_temperatura_2,28.040000000000003,2026-05-29T22:00:00.000Z
sensor.corridoio_temperatura_2,28.0201237309,2026-05-30T00:00:00.000Z
sensor.corridoio_temperatura_2,27.931552660547226,2026-05-30T01:00:00.000Z
sensor.corridoio_temperatura_2,27.884070596216663,2026-05-30T02:00:00.000Z
sensor.corridoio_temperatura_2,27.858091965813887,2026-05-30T03:00:00.000Z
sensor.corridoio_temperatura_2,27.818732602708334,2026-05-30T04:00:00.000Z
sensor.corridoio_temperatura_2,27.783060702375,2026-05-30T05:00:00.000Z
sensor.corridoio_temperatura_2,27.713935716894444,2026-05-30T06:00:00.000Z
sensor.corridoio_temperatura_2,27.64010609783611,2026-05-30T07:00:00.000Z
sensor.corridoio_temperatura_2,27.6605601295,2026-05-30T08:00:00.000Z
sensor.corridoio_temperatura_2,27.784757941055556,2026-05-30T09:00:00.000Z
sensor.corridoio_temperatura_2,27.909429103902777,2026-05-30T10:00:00.000Z
sensor.corridoio_temperatura_2,27.96029305753611,2026-05-30T11:00:00.000Z
sensor.corridoio_temperatura_2,28.023940105044446,2026-05-30T12:00:00.000Z
sensor.corridoio_temperatura_2,28.119029483322223,2026-05-30T13:00:00.000Z
sensor.corridoio_temperatura_2,28.190051688519446,2026-05-30T14:00:00.000Z
sensor.corridoio_temperatura_2,28.29673464841389,2026-05-30T15:00:00.000Z
sensor.corridoio_temperatura_2,28.34258369611111,2026-05-30T16:00:00.000Z
sensor.corridoio_temperatura_2,28.32344377025278,2026-05-30T17:00:00.000Z
sensor.corridoio_temperatura_2,28.363609923972223,2026-05-30T18:00:00.000Z
sensor.corridoio_temperatura_2,28.31250058751389,2026-05-30T19:00:00.000Z
sensor.corridoio_temperatura_2,28.298675439902777,2026-05-30T20:00:00.000Z
sensor.corridoio_temperatura_2,28.344018113633336,2026-05-30T21:00:00.000Z
sensor.corridoio_temperatura_2,28.359471066941666,2026-05-30T22:00:00.000Z
sensor.corridoio_temperatura_2,28.287211135952777,2026-05-30T23:00:00.000Z
sensor.corridoio_temperatura_2,28.189874495722222,2026-05-31T00:00:00.000Z
sensor.corridoio_temperatura_2,28.10988243313889,2026-05-31T01:00:00.000Z
sensor.corridoio_temperatura_2,28.032795396716665,2026-05-31T02:00:00.000Z
sensor.corridoio_temperatura_2,27.944115835458334,2026-05-31T03:00:00.000Z
sensor.corridoio_temperatura_2,27.87303346798889,2026-05-31T04:00:00.000Z
sensor.corridoio_temperatura_2,27.788917377625,2026-05-31T05:00:00.000Z
sensor.corridoio_temperatura_2,27.72789258762222,2026-05-31T06:00:00.000Z
sensor.corridoio_temperatura_2,27.660606994930557,2026-05-31T07:00:00.000Z
sensor.corridoio_temperatura_2,27.679680708591665,2026-05-31T08:00:00.000Z
sensor.corridoio_temperatura_2,27.754806766919444,2026-05-31T09:00:00.000Z
sensor.corridoio_temperatura_2,27.883626610016666,2026-05-31T10:00:00.000Z
sensor.corridoio_temperatura_2,27.83985042123611,2026-05-31T11:00:00.000Z
sensor.corridoio_temperatura_2,27.916513103238888,2026-05-31T12:00:00.000Z
sensor.corridoio_temperatura_2,28.01344787563889,2026-05-31T13:00:00.000Z
sensor.corridoio_temperatura_2,28.044816533822218,2026-05-31T14:00:00.000Z
sensor.corridoio_temperatura_2,28.122110275630558,2026-05-31T15:00:00.000Z
sensor.corridoio_temperatura_2,28.190452425244445,2026-05-31T16:00:00.000Z
sensor.corridoio_temperatura_2,28.239114512972222,2026-05-31T17:00:00.000Z
sensor.corridoio_temperatura_2,28.27268346868611,2026-05-31T18:00:00.000Z
sensor.corridoio_temperatura_2,28.264095838933333,2026-05-31T19:00:00.000Z
sensor.corridoio_temperatura_2,28.27919054520278,2026-05-31T20:00:00.000Z
sensor.corridoio_temperatura_2,28.298286962875,2026-05-31T21:00:00.000Z
sensor.corridoio_temperatura_2,28.261582195002777,2026-05-31T22:00:00.000Z
sensor.corridoio_temperatura_2,28.2143309588,2026-05-31T23:00:00.000Z
sensor.corridoio_temperatura_2,28.167718431108337,2026-06-01T00:00:00.000Z
sensor.corridoio_temperatura_2,28.129294815230555,2026-06-01T01:00:00.000Z
sensor.corridoio_temperatura_2,28.118760328352778,2026-06-01T02:00:00.000Z
sensor.corridoio_temperatura_2,28.095913885261112,2026-06-01T03:00:00.000Z
sensor.corridoio_temperatura_2,28.037787065505555,2026-06-01T04:00:00.000Z
sensor.corridoio_temperatura_2,27.957151501730554,2026-06-01T05:00:00.000Z
sensor.corridoio_temperatura_2,27.884402135044443,2026-06-01T06:00:00.000Z
sensor.corridoio_temperatura_2,27.85161112472778,2026-06-01T07:00:00.000Z
sensor.corridoio_temperatura_2,27.85916030299722,2026-06-01T08:00:00.000Z
sensor.corridoio_temperatura_2,27.953559589841664,2026-06-01T09:00:00.000Z
sensor.corridoio_temperatura_2,28.05145739947778,2026-06-01T10:00:00.000Z
sensor.corridoio_temperatura_2,28.057904591458335,2026-06-01T11:00:00.000Z
sensor.corridoio_temperatura_2,28.048396368302775,2026-06-01T12:00:00.000Z
sensor.corridoio_temperatura_2,28.08574752296111,2026-06-01T13:00:00.000Z
sensor.corridoio_temperatura_2,28.09790699686667,2026-06-01T14:00:00.000Z
sensor.corridoio_temperatura_2,28.120784990649998,2026-06-01T15:00:00.000Z
sensor.corridoio_temperatura_2,28.273172462138888,2026-06-01T16:00:00.000Z
sensor.corridoio_temperatura_2,28.41733039983889,2026-06-01T17:00:00.000Z
sensor.corridoio_temperatura_2,28.391142461441664,2026-06-01T18:00:00.000Z
sensor.corridoio_temperatura_2,28.289048240155555,2026-06-01T19:00:00.000Z
sensor.corridoio_temperatura_2,28.194670081083334,2026-06-01T20:00:00.000Z
sensor.corridoio_temperatura_2,28.079918786733334,2026-06-01T21:00:00.000Z
sensor.corridoio_temperatura_2,28.040000000000003,2026-06-01T22:00:00.000Z
sensor.corridoio_temperatura_2,28.042337369255552,2026-06-01T23:00:00.000Z
sensor.corridoio_temperatura_2,28.041018411286114,2026-06-02T00:00:00.000Z
sensor.corridoio_temperatura_2,27.984406271119443,2026-06-02T01:00:00.000Z
sensor.corridoio_temperatura_2,27.861881838080553,2026-06-02T02:00:00.000Z
sensor.corridoio_temperatura_2,27.784546145597222,2026-06-02T03:00:00.000Z
sensor.corridoio_temperatura_2,27.74308221644722,2026-06-02T04:00:00.000Z
sensor.corridoio_temperatura_2,27.71915643711111,2026-06-02T05:00:00.000Z
sensor.corridoio_temperatura_2,27.654385562994445,2026-06-02T06:00:00.000Z
sensor.corridoio_temperatura_2,27.632080011519445,2026-06-02T07:00:00.000Z
sensor.corridoio_temperatura_2,27.62856691876111,2026-06-02T08:00:00.000Z
sensor.corridoio_temperatura_2,27.60071021370833,2026-06-02T09:00:00.000Z
sensor.corridoio_temperatura_2,27.49700897461111,2026-06-02T10:00:00.000Z
sensor.corridoio_temperatura_2,27.401584023544444,2026-06-02T11:00:00.000Z
sensor.corridoio_temperatura_2,27.341832654644445,2026-06-02T12:00:00.000Z
sensor.corridoio_temperatura_2,27.288391557844445,2026-06-02T13:00:00.000Z
sensor.corridoio_temperatura_2,27.26943712275556,2026-06-02T14:00:00.000Z
sensor.corridoio_temperatura_2,27.260325872455557,2026-06-02T15:00:00.000Z
sensor.corridoio_temperatura_2,27.278103823183333,2026-06-02T16:00:00.000Z
sensor.corridoio_temperatura_2,27.233226680725,2026-06-02T17:00:00.000Z
sensor.corridoio_temperatura_2,27.202717645555555,2026-06-02T18:00:00.000Z
sensor.corridoio_temperatura_2,27.162135664655555,2026-06-02T19:00:00.000Z
sensor.corridoio_temperatura_2,27.16492001269444,2026-06-02T20:00:00.000Z
sensor.corridoio_temperatura_2,27.134919737233332,2026-06-02T21:00:00.000Z
sensor.corridoio_temperatura_2,26.812998120624243,2026-06-05T08:00:00.000Z
sensor.corridoio_temperatura_2,26.807123710377777,2026-06-05T09:00:00.000Z
sensor.corridoio_temperatura_2,26.809932797091665,2026-06-05T10:00:00.000Z
sensor.corridoio_temperatura_2,26.847136383694444,2026-06-05T11:00:00.000Z
sensor.corridoio_temperatura_2,26.875112441416665,2026-06-05T12:00:00.000Z
sensor.corridoio_temperatura_2,26.891623655569443,2026-06-05T13:00:00.000Z
sensor.corridoio_temperatura_2,26.901958511502773,2026-06-05T14:00:00.000Z
sensor.corridoio_temperatura_2,26.913558829977777,2026-06-05T15:00:00.000Z
sensor.corridoio_temperatura_2,26.92,2026-06-05T16:00:00.000Z
sensor.corridoio_temperatura_2,26.90399079555,2026-06-05T17:00:00.000Z
sensor.corridoio_temperatura_2,26.903285741041667,2026-06-05T18:00:00.000Z
sensor.corridoio_temperatura_2,26.902453674216662,2026-06-05T19:00:00.000Z
sensor.corridoio_temperatura_2,26.88451293848611,2026-06-05T20:00:00.000Z
sensor.corridoio_temperatura_2,26.859498574916667,2026-06-05T21:00:00.000Z
sensor.corridoio_temperatura_2,26.835722730308333,2026-06-05T22:00:00.000Z
sensor.corridoio_temperatura_2,26.801729179502775,2026-06-05T23:00:00.000Z
sensor.corridoio_temperatura_2,26.804737774905558,2026-06-06T00:00:00.000Z
sensor.corridoio_temperatura_2,26.84,2026-06-06T01:00:00.000Z
sensor.corridoio_temperatura_2,26.79261503006389,2026-06-06T02:00:00.000Z
sensor.corridoio_temperatura_2,26.75863177593611,2026-06-06T03:00:00.000Z
sensor.corridoio_temperatura_2,26.731049767861112,2026-06-06T04:00:00.000Z
sensor.corridoio_temperatura_2,26.70283048729722,2026-06-06T05:00:00.000Z
sensor.corridoio_temperatura_2,26.672347621691667,2026-06-06T06:00:00.000Z
sensor.corridoio_temperatura_2,26.628460789191667,2026-06-06T07:00:00.000Z
sensor.corridoio_temperatura_2,26.593174988486112,2026-06-06T08:00:00.000Z
sensor.corridoio_temperatura_2,26.62318264810278,2026-06-06T09:00:00.000Z
sensor.corridoio_temperatura_2,26.67932829015,2026-06-06T10:00:00.000Z
sensor.corridoio_temperatura_2,26.68185755767222,2026-06-06T11:00:00.000Z
sensor.corridoio_temperatura_2,26.70693602306389,2026-06-06T12:00:00.000Z
sensor.corridoio_temperatura_2,26.745830086149997,2026-06-06T13:00:00.000Z
sensor.corridoio_temperatura_2,26.798799542686112,2026-06-06T14:00:00.000Z
sensor.corridoio_temperatura_2,26.853106219033336,2026-06-06T15:00:00.000Z
sensor.corridoio_temperatura_2,26.884579342505557,2026-06-06T16:00:00.000Z
sensor.corridoio_temperatura_2,26.89987455818611,2026-06-06T17:00:00.000Z
sensor.corridoio_temperatura_2,26.895990144422225,2026-06-06T18:00:00.000Z
sensor.corridoio_temperatura_2,26.876481900847224,2026-06-06T19:00:00.000Z
sensor.corridoio_temperatura_2,26.857560814730558,2026-06-06T20:00:00.000Z
sensor.corridoio_temperatura_2,26.853211506852777,2026-06-06T21:00:00.000Z
sensor.corridoio_temperatura_2,26.873001038688887,2026-06-06T22:00:00.000Z
sensor.corridoio_temperatura_2,26.87524379850278,2026-06-06T23:00:00.000Z
sensor.corridoio_temperatura_2,26.866986951844442,2026-06-07T00:00:00.000Z
sensor.corridoio_temperatura_2,26.858732840800002,2026-06-07T01:00:00.000Z
sensor.corridoio_temperatura_2,26.840887731169445,2026-06-07T02:00:00.000Z
sensor.corridoio_temperatura_2,26.751796806522222,2026-06-07T03:00:00.000Z
sensor.corridoio_temperatura_2,26.682240453583333,2026-06-07T04:00:00.000Z
sensor.corridoio_temperatura_2,26.612339913908333,2026-06-07T05:00:00.000Z
sensor.corridoio_temperatura_2,26.587645067977775,2026-06-07T06:00:00.000Z
sensor.corridoio_temperatura_2,26.60093292456389,2026-06-07T07:00:00.000Z
sensor.corridoio_temperatura_2,26.642357755211112,2026-06-07T08:00:00.000Z
sensor.corridoio_temperatura_2,26.793047516011114,2026-06-07T09:00:00.000Z
sensor.corridoio_temperatura_2,26.95821707848889,2026-06-07T10:00:00.000Z
sensor.corridoio_temperatura_2,27.001477006711113,2026-06-07T11:00:00.000Z
sensor.corridoio_temperatura_2,27.09521970998611,2026-06-07T12:00:00.000Z
sensor.corridoio_temperatura_2,27.142925216616664,2026-06-07T13:00:00.000Z
sensor.corridoio_temperatura_2,27.23316947428889,2026-06-07T14:00:00.000Z
sensor.corridoio_temperatura_2,27.260823669119443,2026-06-07T15:00:00.000Z
sensor.corridoio_temperatura_2,27.36999379721111,2026-06-07T16:00:00.000Z
sensor.corridoio_temperatura_2,27.559746667230556,2026-06-07T17:00:00.000Z
sensor.corridoio_temperatura_2,27.55621450328611,2026-06-07T18:00:00.000Z
sensor.corridoio_temperatura_2,27.418282455094445,2026-06-07T19:00:00.000Z
sensor.corridoio_temperatura_2,27.364715255644445,2026-06-07T20:00:00.000Z
sensor.corridoio_temperatura_2,27.39481230584167,2026-06-07T21:00:00.000Z
sensor.corridoio_temperatura_2,27.389637313233333,2026-06-07T22:00:00.000Z
sensor.corridoio_temperatura_2,27.373355854844444,2026-06-07T23:00:00.000Z
sensor.corridoio_temperatura_2,27.347867696747226,2026-06-08T00:00:00.000Z
sensor.corridoio_temperatura_2,27.298702019961112,2026-06-08T01:00:00.000Z
sensor.corridoio_temperatura_2,27.24803461865,2026-06-08T02:00:00.000Z
sensor.corridoio_temperatura_2,27.200547120880557,2026-06-08T03:00:00.000Z
sensor.corridoio_temperatura_2,27.141652671019443,2026-06-08T04:00:00.000Z
sensor.corridoio_temperatura_2,27.09030711967222,2026-06-08T05:00:00.000Z
sensor.corridoio_temperatura_2,27.050202687719445,2026-06-08T06:00:00.000Z
sensor.corridoio_temperatura_2,27.015471597572226,2026-06-08T07:00:00.000Z
sensor.corridoio_temperatura_2,27.038658227036112,2026-06-08T08:00:00.000Z
sensor.corridoio_temperatura_2,27.146657182058334,2026-06-08T09:00:00.000Z
sensor.corridoio_temperatura_2,27.245805414447222,2026-06-08T10:00:00.000Z
sensor.corridoio_temperatura_2,27.257119415988885,2026-06-08T11:00:00.000Z
sensor.corridoio_temperatura_2,27.29088077967222,2026-06-08T12:00:00.000Z
sensor.corridoio_temperatura_2,27.333130582544445,2026-06-08T13:00:00.000Z
sensor.corridoio_temperatura_2,27.366800279744442,2026-06-08T14:00:00.000Z
sensor.corridoio_temperatura_2,27.41386578998056,2026-06-08T15:00:00.000Z
sensor.corridoio_temperatura_2,27.461732376244445,2026-06-08T16:00:00.000Z
sensor.corridoio_temperatura_2,27.462803759908336,2026-06-08T17:00:00.000Z
sensor.corridoio_temperatura_2,27.479578667791667,2026-06-08T18:00:00.000Z
sensor.corridoio_temperatura_2,27.490293424175004,2026-06-08T19:00:00.000Z
sensor.corridoio_temperatura_2,27.519234972816665,2026-06-08T20:00:00.000Z
sensor.corridoio_temperatura_2,27.563143319869443,2026-06-08T21:00:00.000Z
sensor.corridoio_temperatura_2,27.58655320068611,2026-06-08T22:00:00.000Z
sensor.corridoio_temperatura_2,27.59,2026-06-08T23:00:00.000Z
sensor.corridoio_temperatura_2,27.579675759319443,2026-06-09T00:00:00.000Z
sensor.corridoio_temperatura_2,27.572159661030554,2026-06-09T01:00:00.000Z
sensor.corridoio_temperatura_2,27.568275029905553,2026-06-09T02:00:00.000Z
sensor.corridoio_temperatura_2,27.56,2026-06-09T03:00:00.000Z
sensor.corridoio_temperatura_2,27.546606358422224,2026-06-09T04:00:00.000Z
sensor.corridoio_temperatura_2,27.516168936622222,2026-06-09T05:00:00.000Z
sensor.corridoio_temperatura_2,27.496167721719445,2026-06-09T06:00:00.000Z
sensor.corridoio_temperatura_2,27.471542207069444,2026-06-09T07:00:00.000Z
sensor.corridoio_temperatura_2,27.48980411713889,2026-06-09T08:00:00.000Z
sensor.corridoio_temperatura_2,27.567022462616666,2026-06-09T09:00:00.000Z
sensor.corridoio_temperatura_2,27.59321153006111,2026-06-09T10:00:00.000Z
sensor.corridoio_temperatura_2,27.628888640058335,2026-06-09T11:00:00.000Z
sensor.corridoio_temperatura_2,27.701151054341665,2026-06-09T12:00:00.000Z
sensor.corridoio_temperatura_2,27.771502941969445,2026-06-09T13:00:00.000Z
sensor.corridoio_temperatura_2,27.799439327530553,2026-06-09T14:00:00.000Z
sensor.corridoio_temperatura_2,27.83424964058611,2026-06-09T15:00:00.000Z
sensor.corridoio_temperatura_2,27.857128986569446,2026-06-09T16:00:00.000Z
sensor.corridoio_temperatura_2,27.87349765760278,2026-06-09T17:00:00.000Z
sensor.corridoio_temperatura_2,27.88762602486111,2026-06-09T18:00:00.000Z
sensor.corridoio_temperatura_2,27.896720171752776,2026-06-09T19:00:00.000Z
sensor.corridoio_temperatura_2,27.912468348369444,2026-06-09T20:00:00.000Z
sensor.corridoio_temperatura_2,27.946348669294448,2026-06-09T21:00:00.000Z
sensor.corridoio_temperatura_2,27.94298982008333,2026-06-09T22:00:00.000Z
sensor.corridoio_temperatura_2,27.899465654541668,2026-06-09T23:00:00.000Z
sensor.corridoio_temperatura_2,27.85650988212222,2026-06-10T00:00:00.000Z
sensor.corridoio_temperatura_2,27.81570326798889,2026-06-10T01:00:00.000Z
sensor.corridoio_temperatura_2,27.77086732358333,2026-06-10T02:00:00.000Z
sensor.corridoio_temperatura_2,27.73398968102778,2026-06-10T03:00:00.000Z
sensor.corridoio_temperatura_2,27.683344467141666,2026-06-10T04:00:00.000Z
sensor.corridoio_temperatura_2,27.641531064927776,2026-06-10T05:00:00.000Z
sensor.corridoio_temperatura_2,27.60455332041111,2026-06-10T06:00:00.000Z
sensor.corridoio_temperatura_2,27.520135808016665,2026-06-10T07:00:00.000Z
sensor.corridoio_temperatura_2,27.44825096183611,2026-06-10T08:00:00.000Z
sensor.corridoio_temperatura_2,27.442406238813888,2026-06-10T09:00:00.000Z
sensor.corridoio_temperatura_2,27.488721630594444,2026-06-10T10:00:00.000Z
sensor.corridoio_temperatura_2,27.504611870136113,2026-06-10T11:00:00.000Z
sensor.corridoio_temperatura_2,27.501611081161112,2026-06-10T12:00:00.000Z
sensor.corridoio_temperatura_2,27.549681911808335,2026-06-10T13:00:00.000Z
sensor.corridoio_temperatura_2,27.58371320691111,2026-06-10T14:00:00.000Z
sensor.corridoio_temperatura_2,27.588707167177777,2026-06-10T15:00:00.000Z
sensor.corridoio_temperatura_2,27.532002451797222,2026-06-10T16:00:00.000Z
sensor.corridoio_temperatura_2,27.51604070588,2026-06-10T17:00:00.000Z
sensor.corridoio_temperatura_2,27.521958583233335,2026-06-10T18:00:00.000Z
sensor.corridoio_temperatura_2,27.507920818866666,2026-06-10T19:00:00.000Z
sensor.corridoio_temperatura_2,27.45558333496111,2026-06-10T20:00:00.000Z
sensor.corridoio_temperatura_2,27.357011047658332,2026-06-10T21:00:00.000Z
sensor.corridoio_temperatura_2,27.29487948061111,2026-06-10T22:00:00.000Z
sensor.corridoio_temperatura_2,27.264278241780556,2026-06-10T23:00:00.000Z
sensor.corridoio_temperatura_2,27.197731231233334,2026-06-11T00:00:00.000Z
sensor.corridoio_temperatura_2,27.112492918172222,2026-06-11T01:00:00.000Z
sensor.corridoio_temperatura_2,27.047983506644446,2026-06-11T02:00:00.000Z
sensor.corridoio_temperatura_2,26.99780328848611,2026-06-11T03:00:00.000Z
sensor.corridoio_temperatura_2,26.943750631916668,2026-06-11T04:00:00.000Z
sensor.corridoio_temperatura_2,26.882472526588888,2026-06-11T05:00:00.000Z
sensor.corridoio_temperatura_2,26.836293874933332,2026-06-11T06:00:00.000Z
sensor.corridoio_temperatura_2,26.797484013319444,2026-06-11T07:00:00.000Z
sensor.corridoio_temperatura_2,26.828123954916666,2026-06-11T08:00:00.000Z
sensor.corridoio_temperatura_2,26.945903345105553,2026-06-11T09:00:00.000Z
sensor.corridoio_temperatura_2,27.058981789630554,2026-06-11T10:00:00.000Z
sensor.corridoio_temperatura_2,26.98661234436111,2026-06-11T11:00:00.000Z
sensor.corridoio_temperatura_2,26.997363399144444,2026-06-11T12:00:00.000Z
sensor.corridoio_temperatura_2,27.028840712972222,2026-06-11T13:00:00.000Z
sensor.corridoio_temperatura_2,27.027881450319445,2026-06-11T14:00:00.000Z
sensor.corridoio_temperatura_2,27.018560935319446,2026-06-11T15:00:00.000Z
sensor.corridoio_temperatura_2,27.049851773955556,2026-06-11T16:00:00.000Z
sensor.corridoio_temperatura_2,27.109857103041666,2026-06-11T17:00:00.000Z
sensor.corridoio_temperatura_2,27.124772814005556,2026-06-11T18:00:00.000Z
sensor.corridoio_temperatura_2,27.156644437711112,2026-06-11T19:00:00.000Z
sensor.corridoio_temperatura_2,27.16,2026-06-11T20:00:00.000Z
sensor.corridoio_temperatura_2,27.176248276744445,2026-06-11T21:00:00.000Z
sensor.corridoio_temperatura_2,27.17209728796389,2026-06-11T22:00:00.000Z
sensor.corridoio_temperatura_2,27.118061858244445,2026-06-11T23:00:00.000Z
sensor.corridoio_temperatura_2,27.060049231041663,2026-06-12T00:00:00.000Z
sensor.corridoio_temperatura_2,27.018747825080556,2026-06-12T01:00:00.000Z
sensor.corridoio_temperatura_2,26.9933559103,2026-06-12T02:00:00.000Z
sensor.corridoio_temperatura_2,26.965219152630556,2026-06-12T03:00:00.000Z
sensor.corridoio_temperatura_2,26.915555308355554,2026-06-12T04:00:00.000Z
sensor.corridoio_temperatura_2,26.87855202968611,2026-06-12T05:00:00.000Z
sensor.corridoio_temperatura_2,26.831239375211112,2026-06-12T06:00:00.000Z
sensor.corridoio_temperatura_2,26.769212202661112,2026-06-12T07:00:00.000Z
sensor.corridoio_temperatura_2,26.794788744861112,2026-06-12T08:00:00.000Z
sensor.corridoio_temperatura_2,26.85878054026389,2026-06-12T09:00:00.000Z
sensor.corridoio_temperatura_2,26.95647393566667,2026-06-12T10:00:00.000Z
sensor.corridoio_temperatura_2,26.91747892288889,2026-06-12T11:00:00.000Z
sensor.corridoio_temperatura_2,26.914908450505553,2026-06-12T12:00:00.000Z
sensor.corridoio_temperatura_2,26.929999999999996,2026-06-12T13:00:00.000Z
sensor.corridoio_temperatura_2,26.94747693192222,2026-06-12T14:00:00.000Z
sensor.corridoio_temperatura_2,26.975543508283334,2026-06-12T15:00:00.000Z
sensor.corridoio_temperatura_2,27.009656490658333,2026-06-12T16:00:00.000Z
sensor.corridoio_temperatura_2,27.02960376695278,2026-06-12T17:00:00.000Z
sensor.corridoio_temperatura_2,27.082903239708333,2026-06-12T18:00:00.000Z
sensor.corridoio_temperatura_2,27.067874308197222,2026-06-12T19:00:00.000Z
sensor.corridoio_temperatura_2,27.108749245911113,2026-06-12T20:00:00.000Z
sensor.corridoio_temperatura_2,27.12,2026-06-12T21:00:00.000Z
sensor.corridoio_temperatura_2,27.135191240105556,2026-06-12T22:00:00.000Z
sensor.corridoio_temperatura_2,27.14174579269444,2026-06-12T23:00:00.000Z
sensor.corridoio_temperatura_2,27.121653766511113,2026-06-13T00:00:00.000Z
sensor.corridoio_temperatura_2,27.116756727208337,2026-06-13T01:00:00.000Z
sensor.corridoio_temperatura_2,27.08620869437222,2026-06-13T02:00:00.000Z
sensor.corridoio_temperatura_2,27.063152772955558,2026-06-13T03:00:00.000Z
sensor.corridoio_temperatura_2,27.033675381875,2026-06-13T04:00:00.000Z
sensor.corridoio_temperatura_2,26.98840332465278,2026-06-13T05:00:00.000Z
sensor.corridoio_temperatura_2,26.954112366961112,2026-06-13T06:00:00.000Z
sensor.corridoio_temperatura_2,26.95167544496111,2026-06-13T07:00:00.000Z
sensor.corridoio_temperatura_2,26.95311572575,2026-06-13T08:00:00.000Z
sensor.corridoio_temperatura_2,27.120199471763886,2026-06-13T09:00:00.000Z
sensor.corridoio_temperatura_2,27.280660995488887,2026-06-13T10:00:00.000Z
sensor.corridoio_temperatura_2,27.256557061233334,2026-06-13T11:00:00.000Z
sensor.corridoio_temperatura_2,27.28010359716667,2026-06-13T12:00:00.000Z
sensor.corridoio_temperatura_2,27.350386062241665,2026-06-13T13:00:00.000Z
sensor.corridoio_temperatura_2,27.431672947666666,2026-06-13T14:00:00.000Z
sensor.corridoio_temperatura_2,27.546210368294442,2026-06-13T15:00:00.000Z
sensor.corridoio_temperatura_2,27.615155697027777,2026-06-13T16:00:00.000Z
sensor.corridoio_temperatura_2,27.702794701719444,2026-06-13T17:00:00.000Z
sensor.corridoio_temperatura_2,27.76209080926111,2026-06-13T18:00:00.000Z
sensor.corridoio_temperatura_2,27.75302274745,2026-06-13T19:00:00.000Z
sensor.corridoio_temperatura_2,27.726857664230554,2026-06-13T20:00:00.000Z
sensor.corridoio_temperatura_2,27.748324109855556,2026-06-13T21:00:00.000Z
sensor.corridoio_temperatura_2,27.72592807323611,2026-06-13T22:00:00.000Z
sensor.corridoio_temperatura_2,27.706565468327778,2026-06-13T23:00:00.000Z
sensor.corridoio_temperatura_2,27.696619884022223,2026-06-14T00:00:00.000Z
sensor.corridoio_temperatura_2,27.656727282127775,2026-06-14T01:00:00.000Z
sensor.corridoio_temperatura_2,27.626098937222224,2026-06-14T02:00:00.000Z
sensor.corridoio_temperatura_2,27.576728968583335,2026-06-14T03:00:00.000Z
sensor.corridoio_temperatura_2,27.52635387643889,2026-06-14T04:00:00.000Z
sensor.corridoio_temperatura_2,27.485287327494444,2026-06-14T05:00:00.000Z
sensor.corridoio_temperatura_2,27.481290592719446,2026-06-14T06:00:00.000Z
sensor.corridoio_temperatura_2,27.484581234805557,2026-06-14T07:00:00.000Z
sensor.corridoio_temperatura_2,27.48703008278611,2026-06-14T08:00:00.000Z
sensor.corridoio_temperatura_2,27.537232393780556,2026-06-14T09:00:00.000Z
sensor.corridoio_temperatura_2,27.636224767772223,2026-06-14T10:00:00.000Z
sensor.corridoio_temperatura_2,27.676043394675002,2026-06-14T11:00:00.000Z
sensor.corridoio_temperatura_2,27.70080906301389,2026-06-14T12:00:00.000Z
sensor.corridoio_temperatura_2,27.7238914631,2026-06-14T13:00:00.000Z
sensor.corridoio_temperatura_2,27.8073474995,2026-06-14T14:00:00.000Z
sensor.corridoio_temperatura_2,27.85230419075,2026-06-14T15:00:00.000Z
sensor.corridoio_temperatura_2,27.875381409833334,2026-06-14T16:00:00.000Z
sensor.corridoio_temperatura_2,27.936554592908333,2026-06-14T17:00:00.000Z
sensor.corridoio_temperatura_2,28.068964720725003,2026-06-14T18:00:00.000Z
sensor.corridoio_temperatura_2,27.956381057441664,2026-06-14T19:00:00.000Z
sensor.corridoio_temperatura_2,27.904859046949998,2026-06-14T20:00:00.000Z
sensor.corridoio_temperatura_2,27.94711409282778,2026-06-14T21:00:00.000Z
sensor.corridoio_temperatura_2,27.9266444938,2026-06-14T22:00:00.000Z
sensor.corridoio_temperatura_2,27.914619456936112,2026-06-14T23:00:00.000Z
sensor.corridoio_temperatura_2,27.890718630319444,2026-06-15T00:00:00.000Z
sensor.corridoio_temperatura_2,27.85587155577222,2026-06-15T01:00:00.000Z
sensor.corridoio_temperatura_2,27.81689695816111,2026-06-15T02:00:00.000Z
sensor.corridoio_temperatura_2,27.774860279144445,2026-06-15T03:00:00.000Z
sensor.corridoio_temperatura_2,27.736458844538888,2026-06-15T04:00:00.000Z
sensor.corridoio_temperatura_2,27.68858837524722,2026-06-15T05:00:00.000Z
sensor.corridoio_temperatura_2,27.627723962075,2026-06-15T06:00:00.000Z
sensor.corridoio_temperatura_2,27.634966646161114,2026-06-15T07:00:00.000Z
sensor.corridoio_temperatura_2,27.65389612763333,2026-06-15T08:00:00.000Z
sensor.corridoio_temperatura_2,27.754367238069445,2026-06-15T09:00:00.000Z
sensor.corridoio_temperatura_2,27.877814330541668,2026-06-15T10:00:00.000Z
sensor.corridoio_temperatura_2,27.81284204122778,2026-06-15T11:00:00.000Z
sensor.corridoio_temperatura_2,27.806868563863887,2026-06-15T12:00:00.000Z
sensor.corridoio_temperatura_2,27.841691799283335,2026-06-15T13:00:00.000Z
sensor.corridoio_temperatura_2,27.866530847566665,2026-06-15T14:00:00.000Z
sensor.corridoio_temperatura_2,27.888053163077775,2026-06-15T15:00:00.000Z
sensor.corridoio_temperatura_2,27.91292112721111,2026-06-15T16:00:00.000Z
sensor.corridoio_temperatura_2,27.928910008533332,2026-06-15T17:00:00.000Z
sensor.corridoio_temperatura_2,27.95188144846111,2026-06-15T18:00:00.000Z
sensor.corridoio_temperatura_2,27.945080541827778,2026-06-15T19:00:00.000Z
sensor.corridoio_temperatura_2,27.929712487902776,2026-06-15T20:00:00.000Z
sensor.corridoio_temperatura_2,27.903397168844446,2026-06-15T21:00:00.000Z
sensor.corridoio_temperatura_2,27.890154200519444,2026-06-15T22:00:00.000Z
sensor.corridoio_temperatura_2,27.899999999999995,2026-06-15T23:00:00.000Z
sensor.corridoio_temperatura_2,27.899979095324998,2026-06-16T00:00:00.000Z
sensor.corridoio_temperatura_2,27.893355686622225,2026-06-16T01:00:00.000Z
sensor.corridoio_temperatura_2,27.881835083330554,2026-06-16T02:00:00.000Z
sensor.corridoio_temperatura_2,27.862807491547226,2026-06-16T03:00:00.000Z
sensor.corridoio_temperatura_2,27.833959319938888,2026-06-16T04:00:00.000Z
sensor.corridoio_temperatura_2,27.803007568052777,2026-06-16T05:00:00.000Z
sensor.corridoio_temperatura_2,27.779326013577776,2026-06-16T06:00:00.000Z
sensor.corridoio_temperatura_2,27.77710482702778,2026-06-16T07:00:00.000Z
sensor.corridoio_temperatura_2,27.802606959702775,2026-06-16T08:00:00.000Z
sensor.corridoio_temperatura_2,27.904104351727778,2026-06-16T09:00:00.000Z
sensor.corridoio_temperatura_2,27.990713343283332,2026-06-16T10:00:00.000Z
sensor.corridoio_temperatura_2,28.034063205933332,2026-06-16T11:00:00.000Z
sensor.corridoio_temperatura_2,28.047730354316666,2026-06-16T12:00:00.000Z
sensor.corridoio_temperatura_2,28.087583815352776,2026-06-16T13:00:00.000Z
sensor.corridoio_temperatura_2,28.127470748044445,2026-06-16T14:00:00.000Z
sensor.corridoio_temperatura_2,28.170779927991664,2026-06-16T15:00:00.000Z
sensor.corridoio_temperatura_2,28.229283890544448,2026-06-16T16:00:00.000Z
sensor.corridoio_temperatura_2,28.26202996345,2026-06-16T17:00:00.000Z
sensor.corridoio_temperatura_2,28.31368426243333,2026-06-16T18:00:00.000Z
sensor.corridoio_temperatura_2,28.34461034561667,2026-06-16T19:00:00.000Z
sensor.corridoio_temperatura_2,28.34210078373889,2026-06-16T20:00:00.000Z
sensor.corridoio_temperatura_2,28.34,2026-06-16T21:00:00.000Z
sensor.corridoio_temperatura_2,28.34439932199167,2026-06-16T22:00:00.000Z
sensor.corridoio_temperatura_2,28.352517307147224,2026-06-16T23:00:00.000Z
sensor.corridoio_temperatura_2,28.344894686622222,2026-06-17T00:00:00.000Z
sensor.corridoio_temperatura_2,28.32991832310833,2026-06-17T01:00:00.000Z
sensor.corridoio_temperatura_2,28.30257252232778,2026-06-17T02:00:00.000Z
sensor.corridoio_temperatura_2,28.261150208469445,2026-06-17T03:00:00.000Z
sensor.corridoio_temperatura_2,28.23064624279722,2026-06-17T04:00:00.000Z
sensor.corridoio_temperatura_2,28.181367106833335,2026-06-17T05:00:00.000Z
sensor.corridoio_temperatura_2,28.128334122775,2026-06-17T06:00:00.000Z
sensor.corridoio_temperatura_2,28.13100442408611,2026-06-17T07:00:00.000Z
sensor.corridoio_temperatura_2,28.171199250525003,2026-06-17T08:00:00.000Z
sensor.corridoio_temperatura_2,28.29405609541389,2026-06-17T09:00:00.000Z
sensor.corridoio_temperatura_2,28.376762242213886,2026-06-17T10:00:00.000Z
sensor.corridoio_temperatura_2,28.328363250633334,2026-06-17T11:00:00.000Z
sensor.corridoio_temperatura_2,28.326539165741668,2026-06-17T12:00:00.000Z
sensor.corridoio_temperatura_2,28.42317947709722,2026-06-17T13:00:00.000Z
sensor.corridoio_temperatura_2,28.483331655688886,2026-06-17T14:00:00.000Z
sensor.corridoio_temperatura_2,28.491293589625002,2026-06-17T15:00:00.000Z
sensor.corridoio_temperatura_2,28.544177374930555,2026-06-17T16:00:00.000Z
sensor.corridoio_temperatura_2,28.592431590225,2026-06-17T17:00:00.000Z
sensor.corridoio_temperatura_2,28.6432469842,2026-06-17T18:00:00.000Z
sensor.corridoio_temperatura_2,28.67,2026-06-17T19:00:00.000Z
sensor.corridoio_temperatura_2,28.675033299099997,2026-06-17T20:00:00.000Z
sensor.corridoio_temperatura_2,28.681213743425,2026-06-17T21:00:00.000Z
sensor.corridoio_temperatura_2,28.68838865115556,2026-06-17T22:00:00.000Z
sensor.corridoio_temperatura_2,28.68873805583611,2026-06-17T23:00:00.000Z
sensor.corridoio_temperatura_2,28.7,2026-06-18T00:00:00.000Z
sensor.corridoio_temperatura_2,28.698280883219443,2026-06-18T01:00:00.000Z
sensor.corridoio_temperatura_2,28.687508720130555,2026-06-18T02:00:00.000Z
sensor.corridoio_temperatura_2,28.66433701914167,2026-06-18T03:00:00.000Z
sensor.corridoio_temperatura_2,28.632858015,2026-06-18T04:00:00.000Z
sensor.corridoio_temperatura_2,28.604736354638888,2026-06-18T05:00:00.000Z
sensor.corridoio_temperatura_2,28.575483090555554,2026-06-18T06:00:00.000Z
sensor.corridoio_temperatura_2,28.581105562216667,2026-06-18T07:00:00.000Z
sensor.corridoio_temperatura_2,28.64866588888889,2026-06-18T08:00:00.000Z
sensor.corridoio_temperatura_2,28.797927144661113,2026-06-18T09:00:00.000Z
sensor.corridoio_temperatura_2,28.9290379105,2026-06-18T10:00:00.000Z
sensor.corridoio_temperatura_2,28.94942141039722,2026-06-18T11:00:00.000Z
sensor.corridoio_temperatura_2,29.008308282541666,2026-06-18T12:00:00.000Z
sensor.corridoio_temperatura_2,29.09018268653611,2026-06-18T13:00:00.000Z
sensor.corridoio_temperatura_2,29.21565531398889,2026-06-18T14:00:00.000Z
sensor.corridoio_temperatura_2,29.443302615294442,2026-06-18T15:00:00.000Z
sensor.corridoio_temperatura_2,29.49161932920556,2026-06-18T16:00:00.000Z
sensor.corridoio_temperatura_2,29.534338345216668,2026-06-18T17:00:00.000Z
sensor.corridoio_temperatura_2,29.542124276227778,2026-06-18T18:00:00.000Z
sensor.corridoio_temperatura_2,29.58372396330833,2026-06-18T19:00:00.000Z
sensor.corridoio_temperatura_2,29.559260971102777,2026-06-18T20:00:00.000Z
sensor.corridoio_temperatura_2,29.551611905983332,2026-06-18T21:00:00.000Z
sensor.corridoio_temperatura_2,29.45067133613611,2026-06-18T22:00:00.000Z
sensor.corridoio_temperatura_2,29.402680976527776,2026-06-18T23:00:00.000Z
sensor.corridoio_temperatura_2,29.317370054055555,2026-06-19T00:00:00.000Z
sensor.corridoio_temperatura_2,29.263238274802777,2026-06-19T01:00:00.000Z
sensor.corridoio_temperatura_2,29.335871748186108,2026-06-19T02:00:00.000Z
sensor.corridoio_temperatura_2,29.315742256663885,2026-06-19T03:00:00.000Z
sensor.corridoio_temperatura_2,29.285964898319445,2026-06-19T04:00:00.000Z
sensor.corridoio_temperatura_2,29.253647991069442,2026-06-19T05:00:00.000Z
sensor.corridoio_temperatura_2,29.232236992269446,2026-06-19T06:00:00.000Z
sensor.corridoio_temperatura_2,29.206644329155555,2026-06-19T07:00:00.000Z
sensor.corridoio_temperatura_2,29.24184660376667,2026-06-19T08:00:00.000Z
sensor.corridoio_temperatura_2,29.36374202153333,2026-06-19T09:00:00.000Z
sensor.corridoio_temperatura_2,29.427778443294443,2026-06-19T10:00:00.000Z
sensor.corridoio_temperatura_2,29.54552660762222,2026-06-19T11:00:00.000Z
sensor.corridoio_temperatura_2,29.637074945105553,2026-06-19T12:00:00.000Z
sensor.corridoio_temperatura_2,29.681130209800003,2026-06-19T13:00:00.000Z
sensor.corridoio_temperatura_2,29.72388221396389,2026-06-19T14:00:00.000Z
sensor.corridoio_temperatura_2,29.78526399308056,2026-06-19T15:00:00.000Z
sensor.corridoio_temperatura_2,29.860294745280555,2026-06-19T16:00:00.000Z
sensor.corridoio_temperatura_2,29.961675354813888,2026-06-19T17:00:00.000Z
sensor.corridoio_temperatura_2,30.0339304084,2026-06-19T18:00:00.000Z
sensor.corridoio_temperatura_2,30.160410385749998,2026-06-19T19:00:00.000Z
sensor.corridoio_temperatura_2,30.117664787525,2026-06-19T20:00:00.000Z
sensor.corridoio_temperatura_2,30.082517047438888,2026-06-19T21:00:00.000Z
sensor.corridoio_temperatura_2,30.08,2026-06-19T22:00:00.000Z
sensor.corridoio_temperatura_2,30.06022058611389,2026-06-19T23:00:00.000Z
sensor.corridoio_temperatura_2,30.04335543936389,2026-06-20T00:00:00.000Z
sensor.corridoio_temperatura_2,30.031337512141665,2026-06-20T01:00:00.000Z
sensor.corridoio_temperatura_2,30.011329583083334,2026-06-20T02:00:00.000Z
sensor.corridoio_temperatura_2,29.968243864480556,2026-06-20T03:00:00.000Z
sensor.corridoio_temperatura_2,29.93670456775278,2026-06-20T04:00:00.000Z
sensor.corridoio_temperatura_2,29.893735583625002,2026-06-20T05:00:00.000Z
sensor.corridoio_temperatura_2,29.875358627355553,2026-06-20T06:00:00.000Z
sensor.corridoio_temperatura_2,29.83394438881111,2026-06-20T07:00:00.000Z
sensor.corridoio_temperatura_2,29.863584940844444,2026-06-20T08:00:00.000Z
sensor.corridoio_temperatura_2,29.945056812586113,2026-06-20T09:00:00.000Z
sensor.corridoio_temperatura_2,30.098744574119447,2026-06-20T10:00:00.000Z
sensor.corridoio_temperatura_2,30.123201965241666,2026-06-20T11:00:00.000Z
sensor.corridoio_temperatura_2,30.14883111460833,2026-06-20T12:00:00.000Z
sensor.corridoio_temperatura_2,30.189984173994443,2026-06-20T13:00:00.000Z
sensor.corridoio_temperatura_2,30.041636186844443,2026-06-20T14:00:00.000Z
sensor.corridoio_temperatura_2,30.149081610511114,2026-06-20T15:00:00.000Z
sensor.corridoio_temperatura_2,30.44304972847222,2026-06-20T16:00:00.000Z
sensor.corridoio_temperatura_2,30.659745997533335,2026-06-20T17:00:00.000Z
sensor.corridoio_temperatura_2,30.63729745473611,2026-06-20T18:00:00.000Z
sensor.corridoio_temperatura_2,30.63308313647778,2026-06-20T19:00:00.000Z
sensor.corridoio_temperatura_2,30.594417975475,2026-06-20T20:00:00.000Z
sensor.corridoio_temperatura_2,30.555946606777777,2026-06-20T21:00:00.000Z
sensor.corridoio_temperatura_2,30.512083109524998,2026-06-20T22:00:00.000Z
sensor.corridoio_temperatura_2,30.53461856850278,2026-06-20T23:00:00.000Z
sensor.corridoio_temperatura_2,30.514331307505557,2026-06-21T00:00:00.000Z
sensor.corridoio_temperatura_2,30.45606187921111,2026-06-21T01:00:00.000Z
sensor.corridoio_temperatura_2,30.383337651641668,2026-06-21T02:00:00.000Z
sensor.corridoio_temperatura_2,30.365412959419444,2026-06-21T03:00:00.000Z
sensor.corridoio_temperatura_2,30.33158102220833,2026-06-21T04:00:00.000Z
sensor.corridoio_temperatura_2,30.301699162324997,2026-06-21T05:00:00.000Z
sensor.corridoio_temperatura_2,30.285687425936114,2026-06-21T06:00:00.000Z
sensor.corridoio_temperatura_2,30.283492517469444,2026-06-21T07:00:00.000Z
sensor.corridoio_temperatura_2,30.221373275369444,2026-06-21T08:00:00.000Z
sensor.corridoio_temperatura_2,30.29414341149722,2026-06-21T09:00:00.000Z
sensor.corridoio_temperatura_2,30.458327496644443,2026-06-21T10:00:00.000Z
sensor.corridoio_temperatura_2,30.57962394426111,2026-06-21T11:00:00.000Z
sensor.corridoio_temperatura_2,30.67417264772222,2026-06-21T12:00:00.000Z
sensor.corridoio_temperatura_2,30.878463487005558,2026-06-21T13:00:00.000Z
sensor.corridoio_temperatura_2,30.944558909127778,2026-06-21T14:00:00.000Z
sensor.corridoio_temperatura_2,31.227620953969446,2026-06-21T15:00:00.000Z
sensor.corridoio_temperatura_2,31.452102762213887,2026-06-21T16:00:00.000Z
sensor.corridoio_temperatura_2,31.569566255086112,2026-06-21T17:00:00.000Z
sensor.corridoio_temperatura_2,31.601817262666668,2026-06-21T18:00:00.000Z
sensor.corridoio_temperatura_2,31.462810855877777,2026-06-21T19:00:00.000Z
sensor.corridoio_temperatura_2,31.33145980365556,2026-06-21T20:00:00.000Z
sensor.corridoio_temperatura_2,31.091933929519445,2026-06-21T21:00:00.000Z
sensor.corridoio_temperatura_2,30.36123531584722,2026-06-21T22:00:00.000Z
sensor.corridoio_temperatura_2,30.345302116447225,2026-06-21T23:00:00.000Z
sensor.corridoio_temperatura_2,30.538640575375,2026-06-22T00:00:00.000Z
sensor.corridoio_temperatura_2,30.57513891501111,2026-06-22T01:00:00.000Z
sensor.corridoio_temperatura_2,30.469934312130558,2026-06-22T02:00:00.000Z
sensor.corridoio_temperatura_2,30.204120755713888,2026-06-22T03:00:00.000Z
sensor.corridoio_temperatura_2,29.74835827381111,2026-06-22T04:00:00.000Z
sensor.corridoio_temperatura_2,29.736006085430557,2026-06-22T05:00:00.000Z
sensor.corridoio_temperatura_2,29.848267489716665,2026-06-22T06:00:00.000Z
sensor.corridoio_temperatura_2,29.883245331694443,2026-06-22T07:00:00.000Z
sensor.corridoio_temperatura_2,29.96068367616111,2026-06-22T08:00:00.000Z
sensor.corridoio_temperatura_2,30.08943800851111,2026-06-22T09:00:00.000Z
sensor.corridoio_temperatura_2,30.279111921416668,2026-06-22T10:00:00.000Z
sensor.corridoio_temperatura_2,30.356255527747223,2026-06-22T11:00:00.000Z
sensor.corridoio_temperatura_2,30.437935931969445,2026-06-22T12:00:00.000Z
sensor.corridoio_temperatura_2,30.546530914766667,2026-06-22T13:00:00.000Z
sensor.corridoio_temperatura_2,30.628803101611112,2026-06-22T14:00:00.000Z
sensor.corridoio_temperatura_2,30.836389260044445,2026-06-22T15:00:00.000Z
sensor.corridoio_temperatura_2,30.958420853040003,2026-06-22T16:00:00.000Z
sensor.corridoio_temperatura_2,31.6686629327619,2026-06-29T13:00:00.000Z
sensor.corridoio_temperatura_2,31.716609642302775,2026-06-29T14:00:00.000Z
sensor.corridoio_temperatura_2,31.833202419933333,2026-06-29T15:00:00.000Z
sensor.corridoio_temperatura_2,31.88278567974167,2026-06-29T16:00:00.000Z
sensor.corridoio_temperatura_2,31.840543486388885,2026-06-29T17:00:00.000Z
sensor.corridoio_temperatura_2,31.762190037394447,2026-06-29T18:00:00.000Z
sensor.corridoio_temperatura_2,31.648713823286112,2026-06-29T19:00:00.000Z
sensor.corridoio_temperatura_2,31.614391847111108,2026-06-29T20:00:00.000Z
sensor.corridoio_temperatura_2,31.589493928130555,2026-06-29T21:00:00.000Z
sensor.corridoio_temperatura_2,31.57781761801111,2026-06-29T22:00:00.000Z
sensor.corridoio_temperatura_2,31.51526400042222,2026-06-29T23:00:00.000Z
sensor.corridoio_temperatura_2,31.457511113802777,2026-06-30T00:00:00.000Z
sensor.corridoio_temperatura_2,31.395582625725,2026-06-30T01:00:00.000Z
sensor.corridoio_temperatura_2,31.283004667775,2026-06-30T02:00:00.000Z
sensor.corridoio_temperatura_2,31.130849057472222,2026-06-30T03:00:00.000Z
sensor.corridoio_temperatura_2,30.98414588456667,2026-06-30T04:00:00.000Z
sensor.corridoio_temperatura_2,30.834044913705554,2026-06-30T05:00:00.000Z
sensor.corridoio_temperatura_2,30.806345952733334,2026-06-30T06:00:00.000Z
sensor.corridoio_temperatura_2,30.820000000000004,2026-06-30T07:00:00.000Z
sensor.corridoio_temperatura_2,30.868400508369444,2026-06-30T08:00:00.000Z
sensor.corridoio_temperatura_2,30.97620313138889,2026-06-30T09:00:00.000Z
sensor.corridoio_temperatura_2,31.107001624619446,2026-06-30T10:00:00.000Z
sensor.corridoio_temperatura_2,31.17951763752778,2026-06-30T11:00:00.000Z
sensor.corridoio_temperatura_2,31.195896025855557,2026-06-30T12:00:00.000Z
sensor.corridoio_temperatura_2,31.265688299269442,2026-06-30T13:00:00.000Z
sensor.corridoio_temperatura_2,31.304970199758333,2026-06-30T14:00:00.000Z
sensor.corridoio_temperatura_2,31.332572898275,2026-06-30T15:00:00.000Z
sensor.corridoio_temperatura_2,31.381083239361114,2026-06-30T16:00:00.000Z
sensor.corridoio_temperatura_2,31.423579831330557,2026-06-30T17:00:00.000Z
sensor.corridoio_temperatura_2,31.443446945811115,2026-06-30T18:00:00.000Z
sensor.corridoio_temperatura_2,31.45204267271667,2026-06-30T19:00:00.000Z
sensor.corridoio_temperatura_2,31.461080639025,2026-06-30T20:00:00.000Z
sensor.corridoio_temperatura_2,31.394526431169442,2026-06-30T21:00:00.000Z
sensor.corridoio_temperatura_2,31.353455114416665,2026-06-30T22:00:00.000Z
sensor.corridoio_temperatura_2,31.390134107216667,2026-06-30T23:00:00.000Z
sensor.corridoio_temperatura_2,31.347747212991667,2026-07-01T00:00:00.000Z
sensor.corridoio_temperatura_2,31.23849258759167,2026-07-01T01:00:00.000Z
sensor.corridoio_temperatura_2,31.03324206403333,2026-07-01T02:00:00.000Z
sensor.corridoio_temperatura_2,30.83626397456111,2026-07-01T03:00:00.000Z
sensor.corridoio_temperatura_2,30.846253615663887,2026-07-01T04:00:00.000Z
sensor.corridoio_temperatura_2,30.818970690775,2026-07-01T05:00:00.000Z
sensor.corridoio_temperatura_2,30.790000000000003,2026-07-01T06:00:00.000Z
sensor.corridoio_temperatura_2,30.752783145627777,2026-07-01T07:00:00.000Z
sensor.corridoio_temperatura_2,30.781078851491667,2026-07-01T08:00:00.000Z
sensor.corridoio_temperatura_2,30.82295891438889,2026-07-01T09:00:00.000Z
sensor.corridoio_temperatura_2,30.90476814354722,2026-07-01T10:00:00.000Z
sensor.corridoio_temperatura_2,30.967482377805556,2026-07-01T11:00:00.000Z
sensor.corridoio_temperatura_2,31.02628400193889,2026-07-01T12:00:00.000Z
sensor.corridoio_temperatura_2,31.08423455021389,2026-07-01T13:00:00.000Z
sensor.corridoio_temperatura_2,31.03600268069444,2026-07-01T14:00:00.000Z
sensor.corridoio_temperatura_2,30.913158354133333,2026-07-01T15:00:00.000Z
sensor.corridoio_temperatura_2,30.927030806252777,2026-07-01T16:00:00.000Z
sensor.corridoio_temperatura_2,30.905815284336114,2026-07-01T17:00:00.000Z
sensor.corridoio_temperatura_2,30.892940693372225,2026-07-01T18:00:00.000Z
sensor.corridoio_temperatura_2,30.85771142242778,2026-07-01T19:00:00.000Z
sensor.corridoio_temperatura_2,30.825034601816668,2026-07-01T20:00:00.000Z
sensor.corridoio_temperatura_2,30.80422295019167,2026-07-01T21:00:00.000Z
sensor.corridoio_temperatura_2,30.771427043830556,2026-07-01T22:00:00.000Z
sensor.corridoio_temperatura_2,30.704368477261113,2026-07-01T23:00:00.000Z
sensor.corridoio_temperatura_2,30.63278560231667,2026-07-02T00:00:00.000Z
sensor.corridoio_temperatura_2,30.556729898352774,2026-07-02T01:00:00.000Z
sensor.corridoio_temperatura_2,30.462372371416667,2026-07-02T02:00:00.000Z
sensor.corridoio_temperatura_2,30.405618375872223,2026-07-02T03:00:00.000Z
sensor.corridoio_temperatura_2,30.35043767717778,2026-07-02T04:00:00.000Z
sensor.corridoio_temperatura_2,30.265006727405552,2026-07-02T05:00:00.000Z
sensor.corridoio_temperatura_2,29.759200954016666,2026-07-02T06:00:00.000Z
sensor.corridoio_temperatura_2,29.933682052736113,2026-07-02T07:00:00.000Z
sensor.corridoio_temperatura_2,30.087276713175,2026-07-02T08:00:00.000Z
sensor.corridoio_temperatura_2,30.217976535955557,2026-07-02T09:00:00.000Z
sensor.corridoio_temperatura_2,30.38198886015,2026-07-02T10:00:00.000Z
sensor.corridoio_temperatura_2,30.37161104707222,2026-07-02T11:00:00.000Z
sensor.corridoio_temperatura_2,30.395446959994445,2026-07-02T12:00:00.000Z
sensor.corridoio_temperatura_2,30.467047563583332,2026-07-02T13:00:00.000Z
sensor.corridoio_temperatura_2,30.541016707652776,2026-07-02T14:00:00.000Z
sensor.corridoio_temperatura_2,30.58413165613889,2026-07-02T15:00:00.000Z
sensor.corridoio_temperatura_2,30.608902881802777,2026-07-02T16:00:00.000Z
sensor.corridoio_temperatura_2,30.60290870765556,2026-07-02T17:00:00.000Z
sensor.corridoio_temperatura_2,30.605347049533336,2026-07-02T18:00:00.000Z
sensor.corridoio_temperatura_2,30.605558768319444,2026-07-02T19:00:00.000Z
sensor.corridoio_temperatura_2,30.594786080936114,2026-07-02T20:00:00.000Z
sensor.corridoio_temperatura_2,30.576963064433333,2026-07-02T21:00:00.000Z
sensor.corridoio_temperatura_2,30.508562284933333,2026-07-02T22:00:00.000Z
sensor.corridoio_temperatura_2,30.435018586277778,2026-07-02T23:00:00.000Z
sensor.corridoio_temperatura_2,30.357290192591666,2026-07-03T00:00:00.000Z
sensor.corridoio_temperatura_2,30.274287640925,2026-07-03T01:00:00.000Z
sensor.corridoio_temperatura_2,30.187314729244445,2026-07-03T02:00:00.000Z
sensor.corridoio_temperatura_2,30.127311424627777,2026-07-03T03:00:00.000Z
sensor.corridoio_temperatura_2,30.0445221494,2026-07-03T04:00:00.000Z
sensor.corridoio_temperatura_2,29.83322811741111,2026-07-03T05:00:00.000Z
sensor.corridoio_temperatura_2,29.780066593111112,2026-07-03T06:00:00.000Z
sensor.corridoio_temperatura_2,29.807404214291665,2026-07-03T07:00:00.000Z
sensor.corridoio_temperatura_2,29.89394121916111,2026-07-03T08:00:00.000Z
sensor.corridoio_temperatura_2,30.037673285366665,2026-07-03T09:00:00.000Z
sensor.corridoio_temperatura_2,30.216004077005554,2026-07-03T10:00:00.000Z
sensor.corridoio_temperatura_2,30.191651989044445,2026-07-03T11:00:00.000Z
sensor.corridoio_temperatura_2,30.248570497177777,2026-07-03T12:00:00.000Z
sensor.corridoio_temperatura_2,30.335621289933332,2026-07-03T13:00:00.000Z
sensor.corridoio_temperatura_2,30.393986487375,2026-07-03T14:00:00.000Z
sensor.corridoio_temperatura_2,30.444786281638887,2026-07-03T15:00:00.000Z
sensor.corridoio_temperatura_2,30.482420822563885,2026-07-03T16:00:00.000Z
sensor.corridoio_temperatura_2,30.514764642627778,2026-07-03T17:00:00.000Z
sensor.corridoio_temperatura_2,30.52734934616667,2026-07-03T18:00:00.000Z
sensor.corridoio_temperatura_2,30.53,2026-07-03T19:00:00.000Z
sensor.corridoio_temperatura_2,30.542093077183335,2026-07-03T20:00:00.000Z
sensor.corridoio_temperatura_2,30.553044038225,2026-07-03T21:00:00.000Z
sensor.corridoio_temperatura_2,30.567171658852775,2026-07-03T22:00:00.000Z
sensor.corridoio_temperatura_2,30.489527707694446,2026-07-03T23:00:00.000Z
sensor.corridoio_temperatura_2,30.294226206488887,2026-07-04T00:00:00.000Z
sensor.corridoio_temperatura_2,30.111337717833333,2026-07-04T01:00:00.000Z
sensor.corridoio_temperatura_2,29.94752463801667,2026-07-04T02:00:00.000Z
sensor.corridoio_temperatura_2,29.797821673091665,2026-07-04T03:00:00.000Z
sensor.corridoio_temperatura_2,29.618962513327777,2026-07-04T04:00:00.000Z
sensor.corridoio_temperatura_2,29.458002558963887,2026-07-04T05:00:00.000Z
sensor.corridoio_temperatura_2,29.351003120686112,2026-07-04T06:00:00.000Z
sensor.corridoio_temperatura_2,29.32734631206111,2026-07-04T07:00:00.000Z
sensor.corridoio_temperatura_2,29.392055266769447,2026-07-04T08:00:00.000Z
sensor.corridoio_temperatura_2,29.576746576075,2026-07-04T09:00:00.000Z
sensor.corridoio_temperatura_2,29.735891530233335,2026-07-04T10:00:00.000Z
sensor.corridoio_temperatura_2,29.79393739048611,2026-07-04T11:00:00.000Z
sensor.corridoio_temperatura_2,29.90257542475278,2026-07-04T12:00:00.000Z
sensor.corridoio_temperatura_2,30.041057498475,2026-07-04T13:00:00.000Z
sensor.corridoio_temperatura_2,30.236529336252776,2026-07-04T14:00:00.000Z
sensor.corridoio_temperatura_2,30.276641719205557,2026-07-04T15:00:00.000Z
sensor.corridoio_temperatura_2,30.379714177066663,2026-07-04T16:00:00.000Z
sensor.corridoio_temperatura_2,30.45767478022222,2026-07-04T17:00:00.000Z
sensor.corridoio_temperatura_2,30.5732796899,2026-07-04T18:00:00.000Z
sensor.corridoio_temperatura_2,30.528798219930554,2026-07-04T19:00:00.000Z
sensor.corridoio_temperatura_2,30.549026592430554,2026-07-04T20:00:00.000Z
sensor.corridoio_temperatura_2,30.505817400975,2026-07-04T21:00:00.000Z
sensor.corridoio_temperatura_2,30.50984266496667,2026-07-04T22:00:00.000Z
sensor.corridoio_temperatura_2,30.504355989622223,2026-07-04T23:00:00.000Z
sensor.corridoio_temperatura_2,30.499169268261113,2026-07-05T00:00:00.000Z
sensor.corridoio_temperatura_2,30.401949634291668,2026-07-05T01:00:00.000Z
sensor.corridoio_temperatura_2,30.327262585,2026-07-05T02:00:00.000Z
sensor.corridoio_temperatura_2,30.271500494805554,2026-07-05T03:00:00.000Z
sensor.corridoio_temperatura_2,30.205010725222223,2026-07-05T04:00:00.000Z
sensor.corridoio_temperatura_2,30.2,2026-07-05T05:00:00.000Z
sensor.corridoio_temperatura_2,30.2,2026-07-05T06:00:00.000Z
sensor.corridoio_temperatura_2,31.361801459955554,2026-07-05T17:00:00.000Z
sensor.corridoio_temperatura_2,31.435862790047224,2026-07-05T18:00:00.000Z
sensor.corridoio_temperatura_2,31.26072999634445,2026-07-05T19:00:00.000Z
sensor.corridoio_temperatura_2,31.101955398833336,2026-07-05T20:00:00.000Z
sensor.corridoio_temperatura_2,31.009859093983334,2026-07-05T21:00:00.000Z
sensor.corridoio_temperatura_2,30.93525516328889,2026-07-05T22:00:00.000Z
sensor.corridoio_temperatura_2,30.839049397388887,2026-07-05T23:00:00.000Z
sensor.corridoio_temperatura_2,30.69112208944722,2026-07-06T00:00:00.000Z
sensor.corridoio_temperatura_2,30.50222836696389,2026-07-06T01:00:00.000Z
sensor.corridoio_temperatura_2,30.301070060788888,2026-07-06T02:00:00.000Z
sensor.corridoio_temperatura_2,30.141848357436114,2026-07-06T03:00:00.000Z
sensor.corridoio_temperatura_2,29.972150301983334,2026-07-06T04:00:00.000Z
sensor.corridoio_temperatura_2,29.792903291741666,2026-07-06T05:00:00.000Z
sensor.corridoio_temperatura_2,29.622931950269443,2026-07-06T06:00:00.000Z
sensor.corridoio_temperatura_2,29.622823529419446,2026-07-06T07:00:00.000Z
sensor.corridoio_temperatura_2,29.793656946455556,2026-07-06T08:00:00.000Z
sensor.corridoio_temperatura_2,29.935366379427776,2026-07-06T09:00:00.000Z
sensor.corridoio_temperatura_2,30.09325778577778,2026-07-06T10:00:00.000Z
sensor.corridoio_temperatura_2,30.094321733233333,2026-07-06T11:00:00.000Z
sensor.corridoio_temperatura_2,30.14559148798611,2026-07-06T12:00:00.000Z
sensor.corridoio_temperatura_2,30.22164081522222,2026-07-06T13:00:00.000Z
sensor.corridoio_temperatura_2,30.2898169628,2026-07-06T14:00:00.000Z
sensor.corridoio_temperatura_2,30.361910926544443,2026-07-06T15:00:00.000Z
sensor.corridoio_temperatura_2,30.439702713225003,2026-07-06T16:00:00.000Z
sensor.corridoio_temperatura_2,30.50811713701667,2026-07-06T17:00:00.000Z
sensor.corridoio_temperatura_2,30.55427273996389,2026-07-06T18:00:00.000Z
sensor.corridoio_temperatura_2,30.566650054725,2026-07-06T19:00:00.000Z
sensor.corridoio_temperatura_2,30.584006153288886,2026-07-06T20:00:00.000Z
sensor.corridoio_temperatura_2,30.557415775269444,2026-07-06T21:00:00.000Z
sensor.corridoio_temperatura_2,30.523946982372223,2026-07-06T22:00:00.000Z
sensor.corridoio_temperatura_2,30.429586124625,2026-07-06T23:00:00.000Z
sensor.corridoio_temperatura_2,30.31347665761111,2026-07-07T00:00:00.000Z
sensor.corridoio_temperatura_2,30.186245569536112,2026-07-07T01:00:00.000Z
sensor.corridoio_temperatura_2,30.077918812005553,2026-07-07T02:00:00.000Z
sensor.corridoio_temperatura_2,29.951734202755556,2026-07-07T03:00:00.000Z
sensor.corridoio_temperatura_2,29.827416520775,2026-07-07T04:00:00.000Z
sensor.corridoio_temperatura_2,29.67297169618611,2026-07-07T05:00:00.000Z
sensor.corridoio_temperatura_2,29.628667035658335,2026-07-07T06:00:00.000Z
sensor.corridoio_temperatura_2,29.679360378258334,2026-07-07T07:00:00.000Z
sensor.corridoio_temperatura_2,29.744354443875,2026-07-07T08:00:00.000Z
sensor.corridoio_temperatura_2,29.870401916358333,2026-07-07T09:00:00.000Z
sensor.corridoio_temperatura_2,29.982222858369443,2026-07-07T10:00:00.000Z
sensor.corridoio_temperatura_2,30.000862648647225,2026-07-07T11:00:00.000Z
sensor.corridoio_temperatura_2,30.062531202874997,2026-07-07T12:00:00.000Z
sensor.corridoio_temperatura_2,30.159364104347222,2026-07-07T13:00:00.000Z
sensor.corridoio_temperatura_2,30.25377996460278,2026-07-07T14:00:00.000Z
sensor.corridoio_temperatura_2,30.343054412691668,2026-07-07T15:00:00.000Z
sensor.corridoio_temperatura_2,30.42580413273055,2026-07-07T16:00:00.000Z
sensor.corridoio_temperatura_2,30.50092295502222,2026-07-07T17:00:00.000Z
sensor.corridoio_temperatura_2,30.51992296876389,2026-07-07T18:00:00.000Z
sensor.corridoio_temperatura_2,30.51420578828611,2026-07-07T19:00:00.000Z
sensor.corridoio_temperatura_2,30.531689175375003,2026-07-07T20:00:00.000Z
sensor.corridoio_temperatura_2,30.53,2026-07-07T21:00:00.000Z
sensor.corridoio_temperatura_2,30.45665737925,2026-07-07T22:00:00.000Z
sensor.corridoio_temperatura_2,30.281875467883335,2026-07-07T23:00:00.000Z
sensor.corridoio_temperatura_2,30.144317499186112,2026-07-08T00:00:00.000Z
sensor.corridoio_temperatura_2,30.040216522574998,2026-07-08T01:00:00.000Z
sensor.corridoio_temperatura_2,29.928871286619444,2026-07-08T02:00:00.000Z
sensor.corridoio_temperatura_2,29.824537270449998,2026-07-08T03:00:00.000Z
sensor.corridoio_temperatura_2,29.785494903552777,2026-07-08T04:00:00.000Z
sensor.corridoio_temperatura_2,29.81291194556667,2026-07-08T05:00:00.000Z
sensor.corridoio_temperatura_2,29.808331515208334,2026-07-08T06:00:00.000Z
sensor.corridoio_temperatura_2,29.83,2026-07-08T07:00:00.000Z
sensor.corridoio_temperatura_2,29.84486570830556,2026-07-08T08:00:00.000Z
sensor.corridoio_temperatura_2,29.931278033852777,2026-07-08T09:00:00.000Z
sensor.corridoio_temperatura_2,30.088158591541667,2026-07-08T10:00:00.000Z
sensor.corridoio_temperatura_2,30.114744943841668,2026-07-08T11:00:00.000Z
sensor.corridoio_temperatura_2,30.15442398317778,2026-07-08T12:00:00.000Z
sensor.corridoio_temperatura_2,30.233184597361113,2026-07-08T13:00:00.000Z
sensor.corridoio_temperatura_2,30.287128707925003,2026-07-08T14:00:00.000Z
sensor.corridoio_temperatura_2,30.374701617919442,2026-07-08T15:00:00.000Z
sensor.corridoio_temperatura_2,30.456596918116663,2026-07-08T16:00:00.000Z
sensor.corridoio_temperatura_2,30.552468531330558,2026-07-08T17:00:00.000Z
sensor.corridoio_temperatura_2,30.631361934572222,2026-07-08T18:00:00.000Z
sensor.corridoio_temperatura_2,30.68173990723611,2026-07-08T19:00:00.000Z
sensor.corridoio_temperatura_2,30.69,2026-07-08T20:00:00.000Z
sensor.corridoio_temperatura_2,30.690815909633333,2026-07-08T21:00:00.000Z
sensor.corridoio_temperatura_2,30.60917363898611,2026-07-08T22:00:00.000Z
sensor.corridoio_temperatura_2,30.394289482675003,2026-07-08T23:00:00.000Z
sensor.corridoio_temperatura_2,30.255034900144448,2026-07-09T00:00:00.000Z
sensor.corridoio_temperatura_2,30.193184202886112,2026-07-09T01:00:00.000Z
sensor.corridoio_temperatura_2,30.10445377834722,2026-07-09T02:00:00.000Z
sensor.corridoio_temperatura_2,29.998462154983333,2026-07-09T03:00:00.000Z
sensor.corridoio_temperatura_2,29.90080886116111,2026-07-09T04:00:00.000Z
sensor.corridoio_temperatura_2,29.81116847026389,2026-07-09T05:00:00.000Z
sensor.corridoio_temperatura_2,29.803301295691668,2026-07-09T06:00:00.000Z
sensor.corridoio_temperatura_2,29.846899967977777,2026-07-09T07:00:00.000Z
sensor.corridoio_temperatura_2,29.87733169533611,2026-07-09T08:00:00.000Z
sensor.corridoio_temperatura_2,30.00543171535278,2026-07-09T09:00:00.000Z
sensor.corridoio_temperatura_2,30.17766255025,2026-07-09T10:00:00.000Z
sensor.corridoio_temperatura_2,30.232609145547226,2026-07-09T11:00:00.000Z
sensor.corridoio_temperatura_2,30.34593196351111,2026-07-09T12:00:00.000Z
sensor.corridoio_temperatura_2,30.482476990752776,2026-07-09T13:00:00.000Z
sensor.corridoio_temperatura_2,30.527719457475,2026-07-09T14:00:00.000Z
sensor.corridoio_temperatura_2,30.603108440375,2026-07-09T15:00:00.000Z
sensor.corridoio_temperatura_2,30.72972867988611,2026-07-09T16:00:00.000Z
sensor.corridoio_temperatura_2,30.790000000000003,2026-07-09T17:00:00.000Z
sensor.corridoio_temperatura_2,30.82627971336667,2026-07-09T18:00:00.000Z
sensor.corridoio_temperatura_2,30.877614330624997,2026-07-09T19:00:00.000Z
sensor.corridoio_temperatura_2,30.883355859988892,2026-07-09T20:00:00.000Z
sensor.corridoio_temperatura_2,30.86041480372222,2026-07-09T21:00:00.000Z
sensor.corridoio_temperatura_2,30.802857353649998,2026-07-09T22:00:00.000Z
sensor.corridoio_temperatura_2,30.691087319530556,2026-07-09T23:00:00.000Z
sensor.corridoio_temperatura_2,30.526318292005556,2026-07-10T00:00:00.000Z
sensor.corridoio_temperatura_2,30.37751574238611,2026-07-10T01:00:00.000Z
sensor.corridoio_temperatura_2,30.24205592868333,2026-07-10T02:00:00.000Z
sensor.corridoio_temperatura_2,30.138632621694445,2026-07-10T03:00:00.000Z
sensor.corridoio_temperatura_2,30.035113737975,2026-07-10T04:00:00.000Z
sensor.corridoio_temperatura_2,29.94039215575278,2026-07-10T05:00:00.000Z
sensor.corridoio_temperatura_2,29.830167223216666,2026-07-10T06:00:00.000Z
sensor.corridoio_temperatura_2,29.679235900138888,2026-07-10T07:00:00.000Z
sensor.corridoio_temperatura_2,29.731179687486108,2026-07-10T08:00:00.000Z
sensor.corridoio_temperatura_2,29.856311663533333,2026-07-10T09:00:00.000Z
sensor.corridoio_temperatura_2,30.015145730563887,2026-07-10T10:00:00.000Z
sensor.corridoio_temperatura_2,30.056688260388885,2026-07-10T11:00:00.000Z
sensor.corridoio_temperatura_2,30.13336111893889,2026-07-10T12:00:00.000Z
sensor.corridoio_temperatura_2,30.267472710919446,2026-07-10T13:00:00.000Z
sensor.corridoio_temperatura_2,30.399389113655555,2026-07-10T14:00:00.000Z
sensor.corridoio_temperatura_2,30.53800243318889,2026-07-10T15:00:00.000Z
sensor.corridoio_temperatura_2,30.647854365808332,2026-07-10T16:00:00.000Z
sensor.corridoio_temperatura_2,30.668907802772225,2026-07-10T17:00:00.000Z
sensor.corridoio_temperatura_2,30.668109301158335,2026-07-10T18:00:00.000Z
sensor.corridoio_temperatura_2,30.717083661080554,2026-07-10T19:00:00.000Z
sensor.corridoio_temperatura_2,30.69972004472778,2026-07-10T20:00:00.000Z
sensor.corridoio_temperatura_2,30.64495283366111,2026-07-10T21:00:00.000Z
sensor.corridoio_temperatura_2,30.650664877569444,2026-07-10T22:00:00.000Z
sensor.corridoio_temperatura_2,30.61923293467778,2026-07-10T23:00:00.000Z
sensor.corridoio_temperatura_2,30.58503406385,2026-07-11T00:00:00.000Z
sensor.corridoio_temperatura_2,30.52100650761389,2026-07-11T01:00:00.000Z
sensor.corridoio_temperatura_2,30.395277528891665,2026-07-11T02:00:00.000Z
sensor.corridoio_temperatura_2,30.216792455866667,2026-07-11T03:00:00.000Z
sensor.corridoio_temperatura_2,30.03838355733889,2026-07-11T04:00:00.000Z
sensor.corridoio_temperatura_2,29.846359298683335,2026-07-11T05:00:00.000Z
sensor.corridoio_temperatura_2,29.733291128083334,2026-07-11T06:00:00.000Z
sensor.corridoio_temperatura_2,29.769424321566664,2026-07-11T07:00:00.000Z
sensor.corridoio_temperatura_2,29.781759139022224,2026-07-11T08:00:00.000Z
sensor.corridoio_temperatura_2,29.904548710030554,2026-07-11T09:00:00.000Z
sensor.corridoio_temperatura_2,30.040481606608335,2026-07-11T10:00:00.000Z
sensor.corridoio_temperatura_2,30.12304498233333,2026-07-11T11:00:00.000Z
sensor.corridoio_temperatura_2,30.23664109428889,2026-07-11T12:00:00.000Z
sensor.corridoio_temperatura_2,30.467498887797223,2026-07-11T13:00:00.000Z
sensor.corridoio_temperatura_2,30.725042429625002,2026-07-11T14:00:00.000Z
sensor.corridoio_temperatura_2,30.919127893772224,2026-07-11T15:00:00.000Z
sensor.corridoio_temperatura_2,31.252735529352776,2026-07-11T16:00:00.000Z
sensor.corridoio_temperatura_2,31.49043764199722,2026-07-11T17:00:00.000Z
sensor.corridoio_temperatura_2,31.399108747425,2026-07-11T18:00:00.000Z
sensor.corridoio_temperatura_2,31.21295149203611,2026-07-11T19:00:00.000Z
sensor.corridoio_temperatura_2,31.150910561266667,2026-07-11T20:00:00.000Z
sensor.corridoio_temperatura_2,31.06077409487222,2026-07-11T21:00:00.000Z
sensor.corridoio_temperatura_2,30.76903606408889,2026-07-11T22:00:00.000Z
sensor.corridoio_temperatura_2,30.540119206044448,2026-07-11T23:00:00.000Z
sensor.corridoio_temperatura_2,30.357605898480557,2026-07-12T00:00:00.000Z
sensor.corridoio_temperatura_2,29.725859218422226,2026-07-12T01:00:00.000Z
sensor.corridoio_temperatura_2,29.54872172871111,2026-07-12T02:00:00.000Z
sensor.corridoio_temperatura_2,29.555577436994444,2026-07-12T03:00:00.000Z
sensor.corridoio_temperatura_2,29.544178028955553,2026-07-12T04:00:00.000Z
sensor.corridoio_temperatura_2,29.36348925712222,2026-07-12T05:00:00.000Z
sensor.corridoio_temperatura_2,29.017563003825,2026-07-12T06:00:00.000Z
sensor.corridoio_temperatura_2,28.98454920552778,2026-07-12T07:00:00.000Z
sensor.corridoio_temperatura_2,29.153603386966665,2026-07-12T08:00:00.000Z
sensor.corridoio_temperatura_2,29.379414978408334,2026-07-12T09:00:00.000Z
sensor.corridoio_temperatura_2,29.517554557666667,2026-07-12T10:00:00.000Z
sensor.corridoio_temperatura_2,29.62567326901667,2026-07-12T11:00:00.000Z
sensor.corridoio_temperatura_2,29.837542159175,2026-07-12T12:00:00.000Z
sensor.corridoio_temperatura_2,30.047837682944447,2026-07-12T13:00:00.000Z
sensor.corridoio_temperatura_2,30.262624292752776,2026-07-12T14:00:00.000Z
sensor.corridoio_temperatura_2,30.420585161,2026-07-12T15:00:00.000Z
sensor.corridoio_temperatura_2,30.580864139041665,2026-07-12T16:00:00.000Z
sensor.corridoio_temperatura_2,30.670264139933334,2026-07-12T17:00:00.000Z
sensor.corridoio_temperatura_2,30.642887706605553,2026-07-12T18:00:00.000Z
sensor.corridoio_temperatura_2,30.601414385897225,2026-07-12T19:00:00.000Z
sensor.corridoio_temperatura_2,30.579233389736114,2026-07-12T20:00:00.000Z
sensor.corridoio_temperatura_2,30.55889401993889,2026-07-12T21:00:00.000Z
sensor.corridoio_temperatura_2,30.52278827328611,2026-07-12T22:00:00.000Z
sensor.corridoio_temperatura_2,30.41919546275278,2026-07-12T23:00:00.000Z
sensor.corridoio_temperatura_2,30.36784753371111,2026-07-13T00:00:00.000Z
sensor.corridoio_temperatura_2,30.284784559508335,2026-07-13T01:00:00.000Z
sensor.corridoio_temperatura_2,30.148627925230556,2026-07-13T02:00:00.000Z
sensor.corridoio_temperatura_2,29.91111140806389,2026-07-13T03:00:00.000Z
sensor.corridoio_temperatura_2,29.789409522002774,2026-07-13T04:00:00.000Z
sensor.corridoio_temperatura_2,29.69987241995278,2026-07-13T05:00:00.000Z
sensor.corridoio_temperatura_2,29.428859554938892,2026-07-13T06:00:00.000Z
sensor.corridoio_temperatura_2,29.471629959319444,2026-07-13T07:00:00.000Z
sensor.corridoio_temperatura_2,29.50427236813611,2026-07-13T08:00:00.000Z
sensor.corridoio_temperatura_2,29.631850297908333,2026-07-13T09:00:00.000Z
sensor.corridoio_temperatura_2,29.83937509258611,2026-07-13T10:00:00.000Z
sensor.corridoio_temperatura_2,29.898621989936114,2026-07-13T11:00:00.000Z
sensor.corridoio_temperatura_2,30.082825797058334,2026-07-13T12:00:00.000Z
sensor.corridoio_temperatura_2,30.227393967947222,2026-07-13T13:00:00.000Z
sensor.corridoio_temperatura_2,30.48685241049722,2026-07-13T14:00:00.000Z
sensor.corridoio_temperatura_2,30.73009584932778,2026-07-13T15:00:00.000Z
sensor.corridoio_temperatura_2,30.820000000000004,2026-07-13T16:00:00.000Z
sensor.corridoio_temperatura_2,30.81614830685,2026-07-13T17:00:00.000Z
sensor.corridoio_temperatura_2,30.800066811466667,2026-07-13T18:00:00.000Z
sensor.corridoio_temperatura_2,30.790000000000003,2026-07-13T19:00:00.000Z
sensor.corridoio_temperatura_2,30.7361335906,2026-07-13T20:00:00.000Z
sensor.corridoio_temperatura_2,30.65579776071111,2026-07-13T21:00:00.000Z
sensor.corridoio_temperatura_2,30.66298490783889,2026-07-13T22:00:00.000Z
sensor.corridoio_temperatura_2,30.65909545184722,2026-07-13T23:00:00.000Z
sensor.corridoio_temperatura_2,30.63990926515278,2026-07-14T00:00:00.000Z
sensor.corridoio_temperatura_2,30.57774850403889,2026-07-14T01:00:00.000Z
sensor.corridoio_temperatura_2,30.4951887515,2026-07-14T02:00:00.000Z
sensor.corridoio_temperatura_2,30.404784200975,2026-07-14T03:00:00.000Z
sensor.corridoio_temperatura_2,30.35877881427778,2026-07-14T04:00:00.000Z
sensor.corridoio_temperatura_2,30.30080664483889,2026-07-14T05:00:00.000Z
sensor.corridoio_temperatura_2,30.250553766969446,2026-07-14T06:00:00.000Z
sensor.corridoio_temperatura_2,30.226578433466667,2026-07-14T07:00:00.000Z
sensor.corridoio_temperatura_2,30.22545073176389,2026-07-14T08:00:00.000Z
sensor.corridoio_temperatura_2,30.278775096580556,2026-07-14T09:00:00.000Z
sensor.corridoio_temperatura_2,30.427340258633333,2026-07-14T10:00:00.000Z
sensor.corridoio_temperatura_2,30.50398890680278,2026-07-14T11:00:00.000Z
sensor.corridoio_temperatura_2,30.72200926906389,2026-07-14T12:00:00.000Z
sensor.corridoio_temperatura_2,30.79496478115833,2026-07-14T13:00:00.000Z
sensor.corridoio_temperatura_2,30.819868343575,2026-07-14T14:00:00.000Z
sensor.corridoio_temperatura_2,30.825032210605556,2026-07-14T15:00:00.000Z
sensor.corridoio_temperatura_2,30.790532568891667,2026-07-14T16:00:00.000Z
sensor.corridoio_temperatura_2,30.84534338719722,2026-07-14T17:00:00.000Z
sensor.corridoio_temperatura_2,31.091047634566667,2026-07-14T18:00:00.000Z
sensor.corridoio_temperatura_2,31.10656614107222,2026-07-14T19:00:00.000Z
sensor.corridoio_temperatura_2,31.02868782691389,2026-07-14T20:00:00.000Z
sensor.corridoio_temperatura_2,30.96638547798889,2026-07-14T21:00:00.000Z
sensor.corridoio_temperatura_2,30.898321072963885,2026-07-14T22:00:00.000Z
sensor.corridoio_temperatura_2,30.83128044543611,2026-07-14T23:00:00.000Z
sensor.corridoio_temperatura_2,30.722452283227778,2026-07-15T00:00:00.000Z
sensor.corridoio_temperatura_2,30.63839957203889,2026-07-15T01:00:00.000Z
sensor.corridoio_temperatura_2,30.487667165105552,2026-07-15T02:00:00.000Z
sensor.corridoio_temperatura_2,30.475429343074996,2026-07-15T03:00:00.000Z
sensor.corridoio_temperatura_2,30.411149943711113,2026-07-15T04:00:00.000Z
sensor.corridoio_temperatura_2,30.32645867906111,2026-07-15T05:00:00.000Z
sensor.corridoio_temperatura_2,30.284575225886112,2026-07-15T06:00:00.000Z
sensor.corridoio_temperatura_2,30.28993341885,2026-07-15T07:00:00.000Z
sensor.corridoio_temperatura_2,30.34730704568889,2026-07-15T08:00:00.000Z
sensor.corridoio_temperatura_2,30.513186859141666,2026-07-15T09:00:00.000Z
sensor.corridoio_temperatura_2,30.737233786633336,2026-07-15T10:00:00.000Z
sensor.corridoio_temperatura_2,30.870553478055555,2026-07-15T11:00:00.000Z
sensor.corridoio_temperatura_2,30.950771403841667,2026-07-15T12:00:00.000Z
sensor.corridoio_temperatura_2,31.114613429119444,2026-07-15T13:00:00.000Z
sensor.corridoio_temperatura_2,31.292564428108335,2026-07-15T14:00:00.000Z
sensor.corridoio_temperatura_2,31.26521340606389,2026-07-15T15:00:00.000Z
sensor.corridoio_temperatura_2,31.26210641133056,2026-07-15T16:00:00.000Z
sensor.corridoio_temperatura_2,31.245766477019444,2026-07-15T17:00:00.000Z
sensor.corridoio_temperatura_2,31.226007088427778,2026-07-15T18:00:00.000Z
sensor.corridoio_temperatura_2,31.191619071430555,2026-07-15T19:00:00.000Z
sensor.corridoio_temperatura_2,31.17800102556667,2026-07-15T20:00:00.000Z
sensor.corridoio_temperatura_2,31.179999999999996,2026-07-15T21:00:00.000Z
sensor.corridoio_temperatura_2,31.146281160444445,2026-07-15T22:00:00.000Z
sensor.corridoio_temperatura_2,31.022505262150002,2026-07-15T23:00:00.000Z
sensor.corridoio_temperatura_2,30.924183374055556,2026-07-16T00:00:00.000Z
sensor.corridoio_temperatura_2,30.85142404078889,2026-07-16T01:00:00.000Z
sensor.corridoio_temperatura_2,30.80197532316667,2026-07-16T02:00:00.000Z
sensor.corridoio_temperatura_2,30.75414511739167,2026-07-16T03:00:00.000Z
sensor.corridoio_temperatura_2,30.611023404991666,2026-07-16T04:00:00.000Z
sensor.corridoio_temperatura_2,30.447740570230554,2026-07-16T05:00:00.000Z
sensor.corridoio_temperatura_2,30.32679053753333,2026-07-16T06:00:00.000Z
sensor.corridoio_temperatura_2,30.23143058878611,2026-07-16T07:00:00.000Z
sensor.corridoio_temperatura_2,30.24458189006111,2026-07-16T08:00:00.000Z
sensor.corridoio_temperatura_2,30.29,2026-07-16T09:00:00.000Z
sensor.corridoio_temperatura_2,30.7,2026-07-16T10:00:00.000Z
sensor.corridoio_temperatura_2,30.75683361003333,2026-07-16T11:00:00.000Z
sensor.corridoio_temperatura_2,30.903847854800002,2026-07-16T12:00:00.000Z
sensor.corridoio_temperatura_2,31.03162608998889,2026-07-16T13:00:00.000Z
sensor.corridoio_temperatura_2,31.14151595424722,2026-07-16T14:00:00.000Z
sensor.corridoio_temperatura_2,31.138450585838893,2026-07-16T15:00:00.000Z
sensor.corridoio_temperatura_2,31.229262190238888,2026-07-16T16:00:00.000Z
sensor.corridoio_temperatura_2,31.272488817555555,2026-07-16T17:00:00.000Z
sensor.corridoio_temperatura_2,31.282670882677778,2026-07-16T18:00:00.000Z
sensor.corridoio_temperatura_2,31.239901191877777,2026-07-16T19:00:00.000Z
sensor.corridoio_temperatura_2,31.1952754656,2026-07-16T20:00:00.000Z
sensor.corridoio_temperatura_2,31.159670368747225,2026-07-16T21:00:00.000Z
sensor.corridoio_temperatura_2,31.11342316172778,2026-07-16T22:00:00.000Z
sensor.corridoio_temperatura_2,31.06328579774444,2026-07-16T23:00:00.000Z
sensor.corridoio_temperatura_2,30.87707463171111,2026-07-17T00:00:00.000Z
sensor.corridoio_temperatura_2,30.815669147241668,2026-07-17T01:00:00.000Z
sensor.corridoio_temperatura_2,30.800065716725,2026-07-17T02:00:00.000Z
sensor.corridoio_temperatura_2,30.673651025905556,2026-07-17T03:00:00.000Z
sensor.corridoio_temperatura_2,30.190481132941667,2026-07-17T04:00:00.000Z
sensor.corridoio_temperatura_2,28.912013024141668,2026-07-17T05:00:00.000Z
sensor.corridoio_temperatura_2,28.65153509036389,2026-07-17T06:00:00.000Z
sensor.corridoio_temperatura_2,28.857809439583335,2026-07-17T07:00:00.000Z
sensor.corridoio_temperatura_2,29.064535712072225,2026-07-17T08:00:00.000Z
sensor.corridoio_temperatura_2,29.163083356469446,2026-07-17T09:00:00.000Z
sensor.corridoio_temperatura_2,29.412254153002777,2026-07-17T10:00:00.000Z
sensor.corridoio_temperatura_2,29.552397930041668,2026-07-17T11:00:00.000Z
sensor.corridoio_temperatura_2,29.77922514295278,2026-07-17T12:00:00.000Z
sensor.corridoio_temperatura_2,29.947854769358333,2026-07-17T13:00:00.000Z
sensor.corridoio_temperatura_2,30.17830191301111,2026-07-17T14:00:00.000Z
sensor.corridoio_temperatura_2,30.344404480999998,2026-07-17T15:00:00.000Z
sensor.corridoio_temperatura_2,30.583727991466663,2026-07-17T16:00:00.000Z
sensor.corridoio_temperatura_2,30.604205858136112,2026-07-17T17:00:00.000Z
sensor.corridoio_temperatura_2,30.640558309955555,2026-07-17T18:00:00.000Z
sensor.corridoio_temperatura_2,30.63643093575278,2026-07-17T19:00:00.000Z
sensor.corridoio_temperatura_2,30.553750245219444,2026-07-17T20:00:00.000Z
sensor.corridoio_temperatura_2,30.566765641716668,2026-07-17T21:00:00.000Z
sensor.corridoio_temperatura_2,30.56413902506111,2026-07-17T22:00:00.000Z
sensor.corridoio_temperatura_2,30.517605842116666,2026-07-17T23:00:00.000Z
sensor.corridoio_temperatura_2,30.503288966177777,2026-07-18T00:00:00.000Z
sensor.corridoio_temperatura_2,30.486906374919442,2026-07-18T01:00:00.000Z
sensor.corridoio_temperatura_2,30.433220917813887,2026-07-18T02:00:00.000Z
sensor.corridoio_temperatura_2,30.373407599444445,2026-07-18T03:00:00.000Z
sensor.corridoio_temperatura_2,30.198155570958335,2026-07-18T04:00:00.000Z
sensor.corridoio_temperatura_2,29.98805413907778,2026-07-18T05:00:00.000Z
sensor.corridoio_temperatura_2,29.85253964906111,2026-07-18T06:00:00.000Z
sensor.corridoio_temperatura_2,29.81894917686111,2026-07-18T07:00:00.000Z
sensor.corridoio_temperatura_2,29.967629739858335,2026-07-18T08:00:00.000Z
sensor.corridoio_temperatura_2,30.244069184052776,2026-07-18T09:00:00.000Z
sensor.corridoio_temperatura_2,30.552279953788887,2026-07-18T10:00:00.000Z
sensor.corridoio_temperatura_2,30.658158793141666,2026-07-18T11:00:00.000Z
sensor.corridoio_temperatura_2,30.924860860891666,2026-07-18T12:00:00.000Z
sensor.corridoio_temperatura_2,31.119759078511112,2026-07-18T13:00:00.000Z
sensor.corridoio_temperatura_2,31.39107970694722,2026-07-18T14:00:00.000Z
sensor.corridoio_temperatura_2,31.5158414597,2026-07-18T15:00:00.000Z
sensor.corridoio_temperatura_2,31.646751216877778,2026-07-18T16:00:00.000Z
sensor.corridoio_temperatura_2,31.711170501708335,2026-07-18T17:00:00.000Z
sensor.corridoio_temperatura_2,31.756026302861112,2026-07-18T18:00:00.000Z
sensor.corridoio_temperatura_2,31.535866271375,2026-07-18T19:00:00.000Z
sensor.corridoio_temperatura_2,31.453604487055557,2026-07-18T20:00:00.000Z
sensor.corridoio_temperatura_2,31.356686375577777,2026-07-18T21:00:00.000Z
sensor.corridoio_temperatura_2,31.29362030063611,2026-07-18T22:00:00.000Z
sensor.corridoio_temperatura_2,30.970900574469443,2026-07-18T23:00:00.000Z
sensor.corridoio_temperatura_2,30.63346898142778,2026-07-19T00:00:00.000Z
sensor.corridoio_temperatura_2,30.26171675968889,2026-07-19T01:00:00.000Z
sensor.corridoio_temperatura_2,29.93060967743611,2026-07-19T02:00:00.000Z
sensor.corridoio_temperatura_2,29.850466923508336,2026-07-19T03:00:00.000Z
sensor.corridoio_temperatura_2,29.756138495938888,2026-07-19T04:00:00.000Z
sensor.corridoio_temperatura_2,29.734455514108333,2026-07-19T05:00:00.000Z
sensor.corridoio_temperatura_2,29.723683596883333,2026-07-19T06:00:00.000Z
sensor.corridoio_temperatura_2,29.71018086462222,2026-07-19T07:00:00.000Z
sensor.corridoio_temperatura_2,29.653883075575,2026-07-19T08:00:00.000Z
sensor.corridoio_temperatura_2,29.730103335863888,2026-07-19T09:00:00.000Z
sensor.corridoio_temperatura_2,29.785870381302782,2026-07-19T10:00:00.000Z
sensor.corridoio_temperatura_2,29.846777746336112,2026-07-19T11:00:00.000Z
sensor.corridoio_temperatura_2,29.934647793244448,2026-07-19T12:00:00.000Z
sensor.corridoio_temperatura_2,30.079764120972225,2026-07-19T13:00:00.000Z
sensor.corridoio_temperatura_2,30.31422289347222,2026-07-19T14:00:00.000Z
sensor.corridoio_temperatura_2,30.56437157677222,2026-07-19T15:00:00.000Z
sensor.corridoio_temperatura_2,30.740103110263888,2026-07-19T16:00:00.000Z
sensor.corridoio_temperatura_2,30.815854380355557,2026-07-19T17:00:00.000Z
sensor.corridoio_temperatura_2,30.805874887675,2026-07-19T18:00:00.000Z
sensor.corridoio_temperatura_2,30.790000000000003,2026-07-19T19:00:00.000Z
sensor.corridoio_temperatura_2,30.790000000000003,2026-07-19T20:00:00.000Z
sensor.corridoio_temperatura_2,30.728769518169443,2026-07-19T22:00:00.000Z
sensor.corridoio_temperatura_2,30.643306956997222,2026-07-19T23:00:00.000Z
sensor.corridoio_temperatura_2,30.525413407044443,2026-07-20T00:00:00.000Z
sensor.corridoio_temperatura_2,30.43580703943333,2026-07-20T01:00:00.000Z
sensor.corridoio_temperatura_2,30.33548159367778,2026-07-20T02:00:00.000Z
sensor.corridoio_temperatura_2,30.2882498436,2026-07-20T03:00:00.000Z
sensor.corridoio_temperatura_2,30.27172821988889,2026-07-20T04:00:00.000Z
sensor.corridoio_temperatura_2,30.17904244112222,2026-07-20T05:00:00.000Z
sensor.corridoio_temperatura_2,30.01406031802222,2026-07-20T06:00:00.000Z
sensor.corridoio_temperatura_2,29.966071458530553,2026-07-20T07:00:00.000Z
sensor.corridoio_temperatura_2,29.969151370275,2026-07-20T08:00:00.000Z
sensor.corridoio_temperatura_2,30.054218735727776,2026-07-20T09:00:00.000Z
sensor.corridoio_temperatura_2,30.161916348966667,2026-07-20T10:00:00.000Z
sensor.corridoio_temperatura_2,30.188793609741666,2026-07-20T11:00:00.000Z
sensor.corridoio_temperatura_2,30.22583798811944,2026-07-20T12:00:00.000Z
sensor.corridoio_temperatura_2,30.270411030033333,2026-07-20T13:00:00.000Z
sensor.corridoio_temperatura_2,30.292518967738886,2026-07-20T14:00:00.000Z
sensor.corridoio_temperatura_2,30.320720779330557,2026-07-20T15:00:00.000Z
sensor.corridoio_temperatura_2,30.359748674697226,2026-07-20T16:00:00.000Z
sensor.corridoio_temperatura_2,30.39187036082222,2026-07-20T17:00:00.000Z
sensor.corridoio_temperatura_2,30.42038281693611,2026-07-20T18:00:00.000Z
sensor.corridoio_temperatura_2,30.420261142511112,2026-07-20T19:00:00.000Z
sensor.corridoio_temperatura_2,30.41748332956111,2026-07-20T20:00:00.000Z
sensor.corridoio_temperatura_2,30.422900044269443,2026-07-20T21:00:00.000Z
sensor.corridoio_temperatura_2,30.344926357261112,2026-07-20T22:00:00.000Z
sensor.corridoio_temperatura_2,30.222018464938888,2026-07-20T23:00:00.000Z
sensor.corridoio_temperatura_2,30.120377593969447,2026-07-21T00:00:00.000Z
sensor.corridoio_temperatura_2,30.059501161727777,2026-07-21T01:00:00.000Z
sensor.corridoio_temperatura_2,29.859810137022222,2026-07-21T02:00:00.000Z
sensor.corridoio_temperatura_2,29.638330051727777,2026-07-21T03:00:00.000Z
sensor.corridoio_temperatura_2,29.42607912645556,2026-07-21T04:00:00.000Z
sensor.corridoio_temperatura_2,29.246830023208332,2026-07-21T05:00:00.000Z
sensor.corridoio_temperatura_2,29.30542197951111,2026-07-21T06:00:00.000Z
sensor.corridoio_temperatura_2,29.390519237255557,2026-07-21T07:00:00.000Z
sensor.corridoio_temperatura_2,29.430263406641668,2026-07-21T08:00:00.000Z
sensor.corridoio_temperatura_2,29.488316402244447,2026-07-21T09:00:00.000Z
sensor.corridoio_temperatura_2,29.65177379731389,2026-07-21T10:00:00.000Z
sensor.corridoio_temperatura_2,29.67734225485278,2026-07-21T11:00:00.000Z
sensor.corridoio_temperatura_2,29.73131004098333,2026-07-21T12:00:00.000Z
sensor.corridoio_temperatura_2,29.80855302684722,2026-07-21T13:00:00.000Z
sensor.corridoio_temperatura_2,29.871978157719443,2026-07-21T14:00:00.000Z
sensor.corridoio_temperatura_2,29.95628497118611,2026-07-21T15:00:00.000Z
sensor.corridoio_temperatura_2,30.02501361267778,2026-07-21T16:00:00.000Z
sensor.corridoio_temperatura_2,30.08209824688056,2026-07-21T17:00:00.000Z
sensor.corridoio_temperatura_2,30.1214055742,2026-07-21T18:00:00.000Z
sensor.corridoio_temperatura_2,30.09594537224722,2026-07-21T19:00:00.000Z
sensor.corridoio_temperatura_2,30.022560209413893,2026-07-21T20:00:00.000Z
sensor.corridoio_temperatura_2,29.996380099066666,2026-07-21T21:00:00.000Z
sensor.corridoio_temperatura_2,29.894737633047225,2026-07-21T22:00:00.000Z
sensor.corridoio_temperatura_2,29.74779709846111,2026-07-21T23:00:00.000Z
sensor.corridoio_temperatura_2,29.614159167725003,2026-07-22T00:00:00.000Z
sensor.corridoio_temperatura_2,29.412060219741665,2026-07-22T01:00:00.000Z
sensor.corridoio_temperatura_2,29.205161203947224,2026-07-22T02:00:00.000Z
sensor.corridoio_temperatura_2,29.00813236579444,2026-07-22T03:00:00.000Z
sensor.corridoio_temperatura_2,28.802993086938887,2026-07-22T04:00:00.000Z
sensor.corridoio_temperatura_2,28.67857150418611,2026-07-22T05:00:00.000Z
sensor.corridoio_temperatura_2,28.636644522302777,2026-07-22T06:00:00.000Z
sensor.corridoio_temperatura_2,28.636250702238886,2026-07-22T07:00:00.000Z
sensor.corridoio_temperatura_2,28.73068831742222,2026-07-22T08:00:00.000Z
sensor.corridoio_temperatura_2,28.887753554474997,2026-07-22T09:00:00.000Z
sensor.corridoio_temperatura_2,29.061608609863885,2026-07-22T10:00:00.000Z
sensor.corridoio_temperatura_2,29.06622387805,2026-07-22T11:00:00.000Z
sensor.corridoio_temperatura_2,29.13341382053333,2026-07-22T12:00:00.000Z
sensor.corridoio_temperatura_2,29.202013020288888,2026-07-22T13:00:00.000Z
sensor.corridoio_temperatura_2,29.2578338414,2026-07-22T14:00:00.000Z
sensor.corridoio_temperatura_2,29.32568984617222,2026-07-22T15:00:00.000Z
sensor.corridoio_temperatura_2,29.410314950744446,2026-07-22T16:00:00.000Z
sensor.corridoio_temperatura_2,29.44240773319167,2026-07-22T17:00:00.000Z
sensor.corridoio_temperatura_2,29.48802106844722,2026-07-22T18:00:00.000Z
sensor.corridoio_temperatura_2,29.5,2026-07-22T19:00:00.000Z
sensor.corridoio_temperatura_2,29.503084889163887,2026-07-22T20:00:00.000Z
sensor.corridoio_temperatura_2,29.469070527508336,2026-07-22T21:00:00.000Z
sensor.corridoio_temperatura_2,29.405170552669443,2026-07-22T22:00:00.000Z
sensor.corridoio_temperatura_2,29.283695231044444,2026-07-22T23:00:00.000Z
sensor.corridoio_temperatura_2,29.169258750005554,2026-07-23T00:00:00.000Z
sensor.corridoio_temperatura_2,29.073113782780556,2026-07-23T01:00:00.000Z
sensor.corridoio_temperatura_2,28.993818107788886,2026-07-23T02:00:00.000Z
sensor.corridoio_temperatura_2,28.906602387475,2026-07-23T03:00:00.000Z
sensor.corridoio_temperatura_2,28.77596625313889,2026-07-23T04:00:00.000Z
sensor.corridoio_temperatura_2,28.664237799677778,2026-07-23T05:00:00.000Z
sensor.corridoio_temperatura_2,28.524561003263887,2026-07-23T06:00:00.000Z
sensor.corridoio_temperatura_2,28.51219105191667,2026-07-23T07:00:00.000Z
sensor.corridoio_temperatura_2,28.514964671077777,2026-07-23T08:00:00.000Z
sensor.corridoio_temperatura_2,28.51483775682222,2026-07-23T09:00:00.000Z
sensor.corridoio_temperatura_2,28.56823358232222,2026-07-23T10:00:00.000Z
sensor.corridoio_temperatura_2,28.653162984736113,2026-07-23T11:00:00.000Z
sensor.corridoio_temperatura_2,28.74337680929722,2026-07-23T12:00:00.000Z
sensor.corridoio_temperatura_2,28.823559477738886,2026-07-23T13:00:00.000Z
sensor.corridoio_temperatura_2,28.912964327375004,2026-07-23T14:00:00.000Z
sensor.corridoio_temperatura_2,29.01188205517778,2026-07-23T15:00:00.000Z
sensor.corridoio_temperatura_2,29.11411773796111,2026-07-23T16:00:00.000Z
sensor.corridoio_temperatura_2,29.190362313991667,2026-07-23T17:00:00.000Z
sensor.corridoio_temperatura_2,29.244114483272224,2026-07-23T18:00:00.000Z
sensor.corridoio_temperatura_2,29.285524885708337,2026-07-23T19:00:00.000Z
sensor.corridoio_temperatura_2,29.25833467628333,2026-07-23T20:00:00.000Z
sensor.corridoio_temperatura_2,29.23127812467222,2026-07-23T21:00:00.000Z
sensor.corridoio_temperatura_2,29.146340449394444,2026-07-23T22:00:00.000Z
sensor.corridoio_temperatura_2,29.00518359331667,2026-07-23T23:00:00.000Z
sensor.corridoio_temperatura_2,28.811678899677776,2026-07-24T00:00:00.000Z
sensor.corridoio_temperatura_2,28.64218991831667,2026-07-24T01:00:00.000Z
sensor.corridoio_temperatura_2,28.406104725672222,2026-07-24T02:00:00.000Z
sensor.corridoio_temperatura_2,28.207932213044444,2026-07-24T03:00:00.000Z
sensor.corridoio_temperatura_2,28.007563928144446,2026-07-24T04:00:00.000Z
sensor.corridoio_temperatura_2,27.85890167211667,2026-07-24T05:00:00.000Z
sensor.corridoio_temperatura_2,27.716968523333332,2026-07-24T06:00:00.000Z
sensor.corridoio_temperatura_2,27.772327068541667,2026-07-24T07:00:00.000Z
sensor.corridoio_temperatura_2,27.80264761762778,2026-07-24T08:00:00.000Z
sensor.corridoio_temperatura_2,27.991597905347223,2026-07-24T09:00:00.000Z
sensor.corridoio_temperatura_2,28.171563353841666,2026-07-24T10:00:00.000Z
sensor.corridoio_temperatura_2,28.208361067569445,2026-07-24T11:00:00.000Z
sensor.corridoio_temperatura_2,28.278276022980553,2026-07-24T12:00:00.000Z
sensor.corridoio_temperatura_2,28.355883227649997,2026-07-24T13:00:00.000Z
sensor.corridoio_temperatura_2,28.424803138991667,2026-07-24T14:00:00.000Z
sensor.corridoio_temperatura_2,28.523213022172225,2026-07-24T15:00:00.000Z
sensor.corridoio_temperatura_2,28.673191431494445,2026-07-24T16:00:00.000Z
sensor.corridoio_temperatura_2,28.781058802394444,2026-07-24T17:00:00.000Z
sensor.corridoio_temperatura_2,28.846874501425003,2026-07-24T18:00:00.000Z
sensor.corridoio_temperatura_2,28.85335546251389,2026-07-24T19:00:00.000Z
sensor.corridoio_temperatura_2,28.791342663661112,2026-07-24T20:00:00.000Z
sensor.corridoio_temperatura_2,28.744597814777777,2026-07-24T21:00:00.000Z
sensor.corridoio_temperatura_2,28.688252456980553,2026-07-24T22:00:00.000Z
sensor.corridoio_temperatura_2,28.645214278994445,2026-07-24T23:00:00.000Z
sensor.corridoio_temperatura_2,28.570365865144442,2026-07-25T00:00:00.000Z
sensor.corridoio_temperatura_2,28.46967469015833,2026-07-25T01:00:00.000Z
sensor.corridoio_temperatura_2,28.36454184583889,2026-07-25T02:00:00.000Z
sensor.corridoio_temperatura_2,28.278503395705556,2026-07-25T03:00:00.000Z
sensor.corridoio_temperatura_2,28.19724896333889,2026-07-25T04:00:00.000Z
sensor.corridoio_temperatura_2,28.105613701280557,2026-07-25T05:00:00.000Z
sensor.corridoio_temperatura_2,28.00159917128333,2026-07-25T06:00:00.000Z
sensor.corridoio_temperatura_2,28.032450612525,2026-07-25T07:00:00.000Z
sensor.corridoio_temperatura_2,28.04335324084722,2026-07-25T08:00:00.000Z
sensor.corridoio_temperatura_2,28.086315449469442,2026-07-25T09:00:00.000Z
sensor.corridoio_temperatura_2,28.18355661716667,2026-07-25T10:00:00.000Z
sensor.corridoio_temperatura_2,28.256413514974998,2026-07-25T11:00:00.000Z
sensor.corridoio_temperatura_2,28.34170341188611,2026-07-25T12:00:00.000Z
sensor.corridoio_temperatura_2,28.434290971905554,2026-07-25T13:00:00.000Z
sensor.corridoio_temperatura_2,28.519234799705558,2026-07-25T14:00:00.000Z
sensor.corridoio_temperatura_2,28.593100087230557,2026-07-25T15:00:00.000Z
sensor.corridoio_temperatura_2,28.66397941037222,2026-07-25T16:00:00.000Z
sensor.corridoio_temperatura_2,28.71335860635,2026-07-25T17:00:00.000Z
sensor.corridoio_temperatura_2,28.755517028033335,2026-07-25T18:00:00.000Z
sensor.corridoio_temperatura_2,28.777488524958333,2026-07-25T19:00:00.000Z
sensor.corridoio_temperatura_2,28.78,2026-07-25T20:00:00.000Z
sensor.corridoio_temperatura_2,28.78506840150278,2026-07-25T21:00:00.000Z
sensor.corridoio_temperatura_2,28.774936422600003,2026-07-25T22:00:00.000Z
sensor.corridoio_temperatura_2,28.727153325038888,2026-07-25T23:00:00.000Z
sensor.corridoio_temperatura_2,28.582206535777775,2026-07-26T00:00:00.000Z
sensor.corridoio_temperatura_2,28.488037570119445,2026-07-26T01:00:00.000Z
sensor.corridoio_temperatura_2,28.466240933591667,2026-07-26T02:00:00.000Z
sensor.corridoio_temperatura_2,28.40580512436389,2026-07-26T03:00:00.000Z
sensor.corridoio_temperatura_2,28.345293053730554,2026-07-26T04:00:00.000Z
sensor.corridoio_temperatura_2,28.329533969355555,2026-07-26T05:00:00.000Z
sensor.corridoio_temperatura_2,28.311211806874997,2026-07-26T06:00:00.000Z
sensor.corridoio_temperatura_2,28.296229292125002,2026-07-26T07:00:00.000Z
sensor.corridoio_temperatura_2,28.303350340483334,2026-07-26T08:00:00.000Z
sensor.corridoio_temperatura_2,28.349002119244446,2026-07-26T09:00:00.000Z
sensor.corridoio_temperatura_2,28.43851865081111,2026-07-26T10:00:00.000Z
sensor.corridoio_temperatura_2,28.55362106144722,2026-07-26T11:00:00.000Z
sensor.corridoio_temperatura_2,28.683921546372222,2026-07-26T12:00:00.000Z
sensor.corridoio_temperatura_2,28.784849150969446,2026-07-26T13:00:00.000Z
sensor.corridoio_temperatura_2,28.876780578383332,2026-07-26T14:00:00.000Z
sensor.corridoio_temperatura_2,29.022744929555557,2026-07-26T15:00:00.000Z
sensor.corridoio_temperatura_2,29.164199775841666,2026-07-26T16:00:00.000Z
sensor.corridoio_temperatura_2,29.279086549975002,2026-07-26T17:00:00.000Z
sensor.corridoio_temperatura_2,29.14516799325278,2026-07-26T18:00:00.000Z
sensor.corridoio_temperatura_2,29.070955325122224,2026-07-26T19:00:00.000Z
sensor.corridoio_temperatura_2,29.04709052579722,2026-07-26T20:00:00.000Z
sensor.corridoio_temperatura_2,28.993059254316666,2026-07-26T21:00:00.000Z
sensor.corridoio_temperatura_2,28.954714255625003,2026-07-26T22:00:00.000Z
sensor.corridoio_temperatura_2,28.868213412575003,2026-07-26T23:00:00.000Z
sensor.corridoio_temperatura_2,28.80912580352222,2026-07-27T00:00:00.000Z
sensor.corridoio_temperatura_2,28.676271342994443,2026-07-27T01:00:00.000Z
sensor.corridoio_temperatura_2,28.594033863569447,2026-07-27T02:00:00.000Z
sensor.corridoio_temperatura_2,28.486090816294446,2026-07-27T03:00:00.000Z
sensor.corridoio_temperatura_2,28.381766529508337,2026-07-27T04:00:00.000Z
sensor.corridoio_temperatura_2,28.264898182338893,2026-07-27T05:00:00.000Z
sensor.corridoio_temperatura_2,28.058680354622222,2026-07-27T06:00:00.000Z
sensor.corridoio_temperatura_2,28.17600899268611,2026-07-27T07:00:00.000Z
sensor.corridoio_temperatura_2,28.237624882800002,2026-07-27T08:00:00.000Z
sensor.corridoio_temperatura_2,28.352245649166665,2026-07-27T09:00:00.000Z
sensor.corridoio_temperatura_2,28.550095963013888,2026-07-27T10:00:00.000Z
sensor.corridoio_temperatura_2,28.771422620719445,2026-07-27T11:00:00.000Z
sensor.corridoio_temperatura_2,29.018841532933333,2026-07-27T12:00:00.000Z
sensor.corridoio_temperatura_2,29.31668434669167,2026-07-27T13:00:00.000Z
sensor.corridoio_temperatura_2,29.560711483866665,2026-07-27T14:00:00.000Z
sensor.corridoio_temperatura_2,29.82391380665833,2026-07-27T15:00:00.000Z
sensor.corridoio_temperatura_2,29.888940185894445,2026-07-27T16:00:00.000Z
sensor.corridoio_temperatura_2,29.94613898020833,2026-07-27T17:00:00.000Z
sensor.corridoio_temperatura_2,30.028562329630557,2026-07-27T18:00:00.000Z
sensor.corridoio_temperatura_2,29.96933078480278,2026-07-27T19:00:00.000Z
sensor.corridoio_temperatura_2,29.81666544551111,2026-07-27T20:00:00.000Z
sensor.corridoio_temperatura_2,29.707981434519443,2026-07-27T21:00:00.000Z
sensor.corridoio_temperatura_2,29.683032407463887,2026-07-27T22:00:00.000Z
sensor.corridoio_temperatura_2,29.623163530644444,2026-07-27T23:00:00.000Z
sensor.corridoio_temperatura_2,29.536651659230557,2026-07-28T00:00:00.000Z
sensor.corridoio_temperatura_2,29.453040975044445,2026-07-28T01:00:00.000Z
sensor.corridoio_temperatura_2,29.275637137005557,2026-07-28T02:00:00.000Z
sensor.corridoio_temperatura_2,29.17880190064722,2026-07-28T03:00:00.000Z
sensor.corridoio_temperatura_2,29.112132980980558,2026-07-28T04:00:00.000Z
sensor.corridoio_temperatura_2,29.021450153444444,2026-07-28T05:00:00.000Z
sensor.corridoio_temperatura_2,28.912963628988887,2026-07-28T06:00:00.000Z
sensor.corridoio_temperatura_2,28.886987687713887,2026-07-28T07:00:00.000Z
sensor.corridoio_temperatura_2,28.947841714769442,2026-07-28T08:00:00.000Z
sensor.corridoio_temperatura_2,29.075230326408334,2026-07-28T09:00:00.000Z
sensor.corridoio_temperatura_2,29.261915968683336,2026-07-28T10:00:00.000Z
sensor.corridoio_temperatura_2,29.373534312666667,2026-07-28T11:00:00.000Z
sensor.corridoio_temperatura_2,29.45848026954444,2026-07-28T12:00:00.000Z
sensor.corridoio_temperatura_2,29.58542388372778,2026-07-28T13:00:00.000Z
sensor.corridoio_temperatura_2,29.691752700044443,2026-07-28T14:00:00.000Z
sensor.corridoio_temperatura_2,29.821352283644444,2026-07-28T15:00:00.000Z
sensor.corridoio_temperatura_2,29.979268531105557,2026-07-28T16:00:00.000Z
sensor.corridoio_temperatura_2,30.067613208155553,2026-07-28T17:00:00.000Z
sensor.corridoio_temperatura_2,30.117752741111115,2026-07-28T18:00:00.000Z
sensor.corridoio_temperatura_2,30.122684004925002,2026-07-28T19:00:00.000Z
sensor.corridoio_temperatura_2,30.097558055316668,2026-07-28T20:00:00.000Z
sensor.corridoio_temperatura_2,30.034282486266665,2026-07-28T21:00:00.000Z
sensor.corridoio_temperatura_2,29.992886580005557,2026-07-28T22:00:00.000Z
sensor.corridoio_temperatura_2,29.884650402505557,2026-07-28T23:00:00.000Z
sensor.corridoio_temperatura_2,29.81103191517778,2026-07-29T00:00:00.000Z
sensor.corridoio_temperatura_2,29.716483391708334,2026-07-29T01:00:00.000Z
sensor.corridoio_temperatura_2,29.609658122872222,2026-07-29T02:00:00.000Z
sensor.corridoio_temperatura_2,29.538958211266664,2026-07-29T03:00:00.000Z
sensor.corridoio_temperatura_2,29.463165425030553,2026-07-29T04:00:00.000Z
sensor.corridoio_temperatura_2,29.41017790865278,2026-07-29T05:00:00.000Z
sensor.corridoio_temperatura_2,29.312064756374998,2026-07-29T06:00:00.000Z
sensor.corridoio_temperatura_2,29.287688540027776,2026-07-29T07:00:00.000Z
sensor.corridoio_temperatura_2,29.305965824080555,2026-07-29T08:00:00.000Z
sensor.corridoio_temperatura_2,29.439721825647222,2026-07-29T09:00:00.000Z
sensor.corridoio_temperatura_2,29.637365393794443,2026-07-29T10:00:00.000Z
sensor.corridoio_temperatura_2,29.77828343596389,2026-07-29T11:00:00.000Z
sensor.corridoio_temperatura_2,29.881622788722222,2026-07-29T12:00:00.000Z
sensor.corridoio_temperatura_2,30.039352078441667,2026-07-29T13:00:00.000Z
sensor.corridoio_temperatura_2,30.19449259282222,2026-07-29T14:00:00.000Z
sensor.corridoio_temperatura_2,30.371121509044443,2026-07-29T15:00:00.000Z
sensor.corridoio_temperatura_2,30.48522538536389,2026-07-29T16:00:00.000Z
sensor.corridoio_temperatura_2,30.44583777481111,2026-07-29T17:00:00.000Z
sensor.corridoio_temperatura_2,30.405170828847222,2026-07-29T18:00:00.000Z
sensor.corridoio_temperatura_2,30.484835648302777,2026-07-29T19:00:00.000Z
sensor.corridoio_temperatura_2,30.51715658773611,2026-07-29T20:00:00.000Z
sensor.corridoio_temperatura_2,30.49055118204444,2026-07-29T21:00:00.000Z
sensor.corridoio_temperatura_2,30.464156138269445,2026-07-29T22:00:00.000Z
sensor.corridoio_temperatura_2,30.414402437466666,2026-07-29T23:00:00.000Z
sensor.corridoio_temperatura_2,30.357558412308332,2026-07-30T00:00:00.000Z
sensor.corridoio_temperatura_2,30.317240677613892,2026-07-30T01:00:00.000Z
sensor.corridoio_temperatura_2,29.982980812094443,2026-07-30T02:00:00.000Z
sensor.corridoio_temperatura_2,29.878637327155555,2026-07-30T03:00:00.000Z
sensor.corridoio_temperatura_2,29.81159084945,2026-07-30T04:00:00.000Z
sensor.corridoio_temperatura_2,29.73234310246667,2026-07-30T05:00:00.000Z
sensor.corridoio_temperatura_2,29.71919760215278,2026-07-30T06:00:00.000Z
sensor.corridoio_temperatura_2,29.761358914447225,2026-07-30T07:00:00.000Z
sensor.corridoio_temperatura_2,29.835909903105556,2026-07-30T08:00:00.000Z
sensor.corridoio_temperatura_2,29.938198764869444,2026-07-30T09:00:00.000Z
sensor.corridoio_temperatura_2,30.063454174819444,2026-07-30T10:00:00.000Z
sensor.corridoio_temperatura_2,30.134845363894442,2026-07-30T11:00:00.000Z
sensor.corridoio_temperatura_2,30.20860066697222,2026-07-30T12:00:00.000Z
sensor.corridoio_temperatura_2,30.28921522999167,2026-07-30T13:00:00.000Z
sensor.corridoio_temperatura_2,30.400021070222223,2026-07-30T14:00:00.000Z
sensor.corridoio_temperatura_2,30.678559503855556,2026-07-30T15:00:00.000Z
sensor.corridoio_temperatura_2,30.697439616788888,2026-07-30T16:00:00.000Z
sensor.corridoio_temperatura_2,30.790000000000003,2026-07-30T17:00:00.000Z
sensor.corridoio_temperatura_2,30.810276019305558,2026-07-30T18:00:00.000Z
sensor.corridoio_temperatura_2,30.82392994997222,2026-07-30T19:00:00.000Z
sensor.corridoio_temperatura_2,30.83265915662778,2026-07-30T20:00:00.000Z
sensor.corridoio_temperatura_2,30.824068546483332,2026-07-30T21:00:00.000Z
sensor.corridoio_temperatura_2,30.807990034616665,2026-07-30T22:00:00.000Z
sensor.corridoio_temperatura_2,30.634528866563887,2026-07-30T23:00:00.000Z
sensor.corridoio_temperatura_2,30.50939582645,2026-07-31T00:00:00.000Z
sensor.corridoio_temperatura_2,30.395580630269446,2026-07-31T01:00:00.000Z
sensor.corridoio_temperatura_2,30.30015970380556,2026-07-31T02:00:00.000Z
sensor.corridoio_temperatura_2,30.202954950919445,2026-07-31T03:00:00.000Z
sensor.corridoio_temperatura_2,30.092292650999998,2026-07-31T04:00:00.000Z
sensor.corridoio_temperatura_2,29.99310596383889,2026-07-31T05:00:00.000Z
sensor.corridoio_temperatura_2,29.88312615302222,2026-07-31T06:00:00.000Z
sensor.corridoio_temperatura_2,29.810669205083332,2026-07-31T07:00:00.000Z
sensor.corridoio_temperatura_2,29.747222843305554,2026-07-31T08:00:00.000Z
sensor.corridoio_temperatura_2,29.93332568485278,2026-07-31T09:00:00.000Z
sensor.corridoio_temperatura_2,30.202898676575,2026-07-31T10:00:00.000Z
sensor.corridoio_temperatura_2,30.498097085636108,2026-07-31T11:00:00.000Z
sensor.corridoio_temperatura_2,30.843966783716667,2026-07-31T12:00:00.000Z
sensor.corridoio_temperatura_2,31.171876380205557,2026-07-31T13:00:00.000Z
sensor.corridoio_temperatura_2,31.631427210869447,2026-07-31T14:00:00.000Z
sensor.corridoio_temperatura_2,31.88585101541111,2026-07-31T15:00:00.000Z
sensor.corridoio_temperatura_2,32.09835372866389,2026-07-31T16:00:00.000Z
sensor.corridoio_temperatura_2,32.168226008077774,2026-07-31T17:00:00.000Z
sensor.corridoio_temperatura_2,32.13068025478889,2026-07-31T18:00:00.000Z
sensor.corridoio_temperatura_2,31.91724816403889,2026-07-31T19:00:00.000Z
sensor.corridoio_temperatura_2,31.75989301833889,2026-07-31T20:00:00.000Z
sensor.corridoio_temperatura_2,31.648974673861108,2026-07-31T21:00:00.000Z
sensor.corridoio_temperatura_2,31.61229206514167,2026-07-31T22:00:00.000Z
sensor.corridoio_temperatura_2,31.53149466266667,2026-07-31T23:00:00.000Z
sensor.corridoio_temperatura_2,31.33256612706111,2026-08-01T00:00:00.000Z
sensor.corridoio_temperatura_2,31.169934048052777,2026-08-01T01:00:00.000Z
sensor.corridoio_temperatura_2,31.040916119697226,2026-08-01T02:00:00.000Z
sensor.corridoio_temperatura_2,30.869217639008337,2026-08-01T03:00:00.000Z
sensor.corridoio_temperatura_2,30.785399405208334,2026-08-01T04:00:00.000Z
sensor.corridoio_temperatura_2,30.62813736291389,2026-08-01T05:00:00.000Z
sensor.corridoio_temperatura_2,30.51664665855556,2026-08-01T06:00:00.000Z
sensor.corridoio_temperatura_2,30.437061367130553,2026-08-01T07:00:00.000Z
sensor.corridoio_temperatura_2,30.40861264771111,2026-08-01T08:00:00.000Z
sensor.corridoio_temperatura_2,30.475944652744445,2026-08-01T09:00:00.000Z
sensor.corridoio_temperatura_2,30.560271368233334,2026-08-01T10:00:00.000Z
sensor.corridoio_temperatura_2,30.6090652192,2026-08-01T11:00:00.000Z
sensor.corridoio_temperatura_2,30.667608301766666,2026-08-01T12:00:00.000Z
sensor.corridoio_temperatura_2,30.73310145973889,2026-08-01T13:00:00.000Z
sensor.corridoio_temperatura_2,30.77947781223889,2026-08-01T14:00:00.000Z
sensor.corridoio_temperatura_2,30.790000000000003,2026-08-01T15:00:00.000Z
sensor.corridoio_temperatura_2,30.81940190185833,2026-08-01T16:00:00.000Z
sensor.corridoio_temperatura_2,30.83230289575,2026-08-01T17:00:00.000Z
sensor.corridoio_temperatura_2,30.88638218458333,2026-08-01T18:00:00.000Z
sensor.corridoio_temperatura_2,30.917387556761113,2026-08-01T19:00:00.000Z
sensor.corridoio_temperatura_2,30.94644344410278,2026-08-01T20:00:00.000Z
sensor.corridoio_temperatura_2,30.96251139619167,2026-08-01T21:00:00.000Z
sensor.corridoio_temperatura_2,30.954231698355557,2026-08-01T22:00:00.000Z
sensor.corridoio_temperatura_2,30.935140512900002,2026-08-01T23:00:00.000Z
sensor.corridoio_temperatura_2,30.91103172917778,2026-08-02T00:00:00.000Z
sensor.corridoio_temperatura_2,30.89001838958889,2026-08-02T01:00:00.000Z
sensor.corridoio_temperatura_2,30.858467937130555,2026-08-02T02:00:00.000Z
sensor.corridoio_temperatura_2,30.82123174146111,2026-08-02T03:00:00.000Z
sensor.corridoio_temperatura_2,30.817072493816667,2026-08-02T04:00:00.000Z
sensor.corridoio_temperatura_2,30.790000000000003,2026-08-02T05:00:00.000Z
sensor.corridoio_temperatura_2,30.790000000000003,2026-08-02T06:00:00.000Z
sensor.corridoio_temperatura_2,30.787488469819447,2026-08-02T08:00:00.000Z
sensor.corridoio_temperatura_2,30.785033275363887,2026-08-02T09:00:00.000Z
sensor.corridoio_temperatura_2,30.759461246327778,2026-08-02T10:00:00.000Z
sensor.corridoio_temperatura_2,30.72699649225,2026-08-02T11:00:00.000Z
sensor.corridoio_temperatura_2,30.706816454511113,2026-08-02T12:00:00.000Z
sensor.corridoio_temperatura_2,30.7064947313,2026-08-02T13:00:00.000Z
sensor.corridoio_temperatura_2,30.73810447810278,2026-08-02T14:00:00.000Z
sensor.corridoio_temperatura_2,30.789300962916666,2026-08-02T15:00:00.000Z
sensor.corridoio_temperatura_2,30.790000000000003,2026-08-02T16:00:00.000Z
sensor.corridoio_temperatura_2,30.791477142908334,2026-08-02T17:00:00.000Z
sensor.corridoio_temperatura_2,30.820000000000004,2026-08-02T18:00:00.000Z
sensor.corridoio_temperatura_2,30.820000000000004,2026-08-02T19:00:00.000Z
sensor.corridoio_temperatura_2,30.801865748841667,2026-08-03T01:00:00.000Z
sensor.corridoio_temperatura_2,30.790000000000003,2026-08-03T02:00:00.000Z
sensor.corridoio_temperatura_2,30.790000000000003,2026-08-03T03:00:00.000Z
sensor.corridoio_temperatura_2,30.755471138816663,2026-08-03T05:00:00.000Z
sensor.corridoio_temperatura_2,30.721633124577778,2026-08-03T06:00:00.000Z
sensor.corridoio_temperatura_2,30.707533067675,2026-08-03T07:00:00.000Z
sensor.corridoio_temperatura_2,30.7,2026-08-03T08:00:00.000Z
sensor.corridoio_temperatura_2,30.717084596105554,2026-08-03T09:00:00.000Z
sensor.corridoio_temperatura_2,30.775192295555556,2026-08-03T10:00:00.000Z
sensor.corridoio_temperatura_2,30.790000000000003,2026-08-03T11:00:00.000Z
sensor.corridoio_temperatura_2,30.818137213758334,2026-08-03T12:00:00.000Z
sensor.corridoio_temperatura_2,30.878862907013886,2026-08-03T13:00:00.000Z
sensor.corridoio_temperatura_2,30.953855465841666,2026-08-03T14:00:00.000Z
sensor.corridoio_temperatura_2,31.012578184975002,2026-08-03T15:00:00.000Z
sensor.corridoio_temperatura_2,31.059374688900004,2026-08-03T16:00:00.000Z
sensor.corridoio_temperatura_2,31.102984068202776,2026-08-03T17:00:00.000Z
sensor.corridoio_temperatura_2,31.132354854452775,2026-08-03T18:00:00.000Z
sensor.corridoio_temperatura_2,31.162356160844443,2026-08-03T19:00:00.000Z
sensor.corridoio_temperatura_2,31.180567832233333,2026-08-03T20:00:00.000Z
sensor.corridoio_temperatura_2,31.194384070230555,2026-08-03T21:00:00.000Z
sensor.corridoio_temperatura_2,31.2,2026-08-03T22:00:00.000Z
sensor.corridoio_temperatura_2,31.19904919288889,2026-08-03T23:00:00.000Z
sensor.corridoio_temperatura_2,31.182399434675002,2026-08-04T00:00:00.000Z
sensor.corridoio_temperatura_2,31.1598206083,2026-08-04T01:00:00.000Z
sensor.corridoio_temperatura_2,31.136648479713887,2026-08-04T02:00:00.000Z
sensor.corridoio_temperatura_2,31.11091319681111,2026-08-04T03:00:00.000Z
sensor.corridoio_temperatura_2,31.072048875702777,2026-08-04T04:00:00.000Z
sensor.corridoio_temperatura_2,31.038565311022225,2026-08-04T05:00:00.000Z
sensor.corridoio_temperatura_2,31.011276504608333,2026-08-04T06:00:00.000Z
sensor.corridoio_temperatura_2,30.987030567719444,2026-08-04T07:00:00.000Z
sensor.corridoio_temperatura_2,30.983928361500002,2026-08-04T08:00:00.000Z
sensor.corridoio_temperatura_2,30.99860616096667,2026-08-04T09:00:00.000Z
sensor.corridoio_temperatura_2,31.016839813608332,2026-08-04T10:00:00.000Z
sensor.corridoio_temperatura_2,31.049799429963887,2026-08-04T11:00:00.000Z
sensor.corridoio_temperatura_2,31.10919692745,2026-08-04T12:00:00.000Z
sensor.corridoio_temperatura_2,31.16706668127273,2026-08-04T13:00:00.000Z
sensor.corridoio_temperatura_2,31.22254444877778,2026-08-04T14:00:00.000Z
sensor.corridoio_temperatura_2,31.26507236654722,2026-08-04T15:00:00.000Z
sensor.corridoio_temperatura_2,31.303304369822218,2026-08-04T16:00:00.000Z
sensor.corridoio_temperatura_2,31.326504210041666,2026-08-04T17:00:00.000Z
sensor.corridoio_temperatura_2,31.360223068294445,2026-08-04T18:00:00.000Z
sensor.corridoio_temperatura_2,31.40862279591111,2026-08-04T19:00:00.000Z
sensor.corridoio_temperatura_2,31.43189568434167,2026-08-04T20:00:00.000Z
sensor.corridoio_temperatura_2,31.44,2026-08-04T21:00:00.000Z
sensor.corridoio_temperatura_2,31.44,2026-08-04T22:00:00.000Z
sensor.corridoio_temperatura_2,31.439182924883337,2026-08-04T23:00:00.000Z
sensor.corridoio_temperatura_2,31.425035443819443,2026-08-05T00:00:00.000Z
sensor.corridoio_temperatura_2,31.411821613188888,2026-08-05T01:00:00.000Z
sensor.corridoio_temperatura_2,31.379620489683333,2026-08-05T02:00:00.000Z
sensor.corridoio_temperatura_2,31.34210402276389,2026-08-05T03:00:00.000Z
sensor.corridoio_temperatura_2,31.311376072391667,2026-08-05T04:00:00.000Z
sensor.corridoio_temperatura_2,31.28231248996111,2026-08-05T05:00:00.000Z
sensor.corridoio_temperatura_2,31.245156982905556,2026-08-05T06:00:00.000Z
sensor.corridoio_temperatura_2,31.218091073841666,2026-08-05T07:00:00.000Z
sensor.corridoio_temperatura_2,31.209999999999997,2026-08-05T08:00:00.000Z
sensor.corridoio_temperatura_2,31.226729501444442,2026-08-05T09:00:00.000Z
sensor.corridoio_temperatura_2,31.268247544288887,2026-08-05T10:00:00.000Z
sensor.corridoio_temperatura_2,31.312281495091668,2026-08-05T11:00:00.000Z
sensor.corridoio_temperatura_2,31.370378640416664,2026-08-05T12:00:00.000Z
sensor.corridoio_temperatura_2,31.443356144950002,2026-08-05T13:00:00.000Z
sensor.corridoio_temperatura_2,31.50667683046667,2026-08-05T14:00:00.000Z
sensor.corridoio_temperatura_2,31.56497105941389,2026-08-05T15:00:00.000Z
sensor.corridoio_temperatura_2,31.60717114193889,2026-08-05T16:00:00.000Z
sensor.corridoio_temperatura_2,31.63963470821389,2026-08-05T17:00:00.000Z
sensor.corridoio_temperatura_2,31.664236893508335,2026-08-05T18:00:00.000Z
sensor.corridoio_temperatura_2,31.693482110344444,2026-08-05T19:00:00.000Z
sensor.corridoio_temperatura_2,31.708347373108335,2026-08-05T20:00:00.000Z
sensor.corridoio_temperatura_2,31.710778425433332,2026-08-05T21:00:00.000Z
sensor.corridoio_temperatura_2,31.711733031386114,2026-08-05T22:00:00.000Z
sensor.corridoio_temperatura_2,31.706794046897226,2026-08-05T23:00:00.000Z
sensor.corridoio_temperatura_2,31.678970697069445,2026-08-06T00:00:00.000Z
sensor.corridoio_temperatura_2,31.652079153477775,2026-08-06T01:00:00.000Z
sensor.corridoio_temperatura_2,31.61929551808056,2026-08-06T02:00:00.000Z
sensor.corridoio_temperatura_2,31.596118765830557,2026-08-06T03:00:00.000Z
sensor.corridoio_temperatura_2,31.572100628399998,2026-08-06T04:00:00.000Z
sensor.corridoio_temperatura_2,31.530564221097222,2026-08-06T05:00:00.000Z
sensor.corridoio_temperatura_2,31.501195596941667,2026-08-06T06:00:00.000Z
sensor.corridoio_temperatura_2,31.472921614024997,2026-08-06T07:00:00.000Z
sensor.corridoio_temperatura_2,31.461282730658336,2026-08-06T08:00:00.000Z
sensor.corridoio_temperatura_2,31.476528629275,2026-08-06T09:00:00.000Z
sensor.corridoio_temperatura_2,31.499394568844448,2026-08-06T10:00:00.000Z
sensor.corridoio_temperatura_2,31.541132291952778,2026-08-06T11:00:00.000Z
sensor.corridoio_temperatura_2,31.594445089072224,2026-08-06T12:00:00.000Z
sensor.corridoio_temperatura_2,31.65154189878889,2026-08-06T13:00:00.000Z
sensor.corridoio_temperatura_2,31.72158662635833,2026-08-06T14:00:00.000Z
sensor.corridoio_temperatura_2,31.771106858330555,2026-08-06T15:00:00.000Z
sensor.corridoio_temperatura_2,31.805071770166666,2026-08-06T16:00:00.000Z
sensor.corridoio_temperatura_2,31.85661261538333,2026-08-06T17:00:00.000Z
sensor.corridoio_temperatura_2,31.89311043681111,2026-08-06T18:00:00.000Z
sensor.corridoio_temperatura_2,31.915741890272226,2026-08-06T19:00:00.000Z
sensor.corridoio_temperatura_2,31.930576014383334,2026-08-06T20:00:00.000Z
sensor.corridoio_temperatura_2,31.942325146597224,2026-08-06T21:00:00.000Z
sensor.corridoio_temperatura_2,31.94018824195278,2026-08-06T22:00:00.000Z
sensor.corridoio_temperatura_2,31.936918731011115,2026-08-06T23:00:00.000Z
sensor.corridoio_temperatura_2,31.92026585407778,2026-08-07T00:00:00.000Z
sensor.corridoio_temperatura_2,31.917337665594445,2026-08-07T01:00:00.000Z
sensor.corridoio_temperatura_2,31.893229582391665,2026-08-07T02:00:00.000Z
sensor.corridoio_temperatura_2,31.867449361533332,2026-08-07T03:00:00.000Z
sensor.corridoio_temperatura_2,31.84340332143611,2026-08-07T04:00:00.000Z
sensor.corridoio_temperatura_2,31.80926593778889,2026-08-07T05:00:00.000Z
sensor.corridoio_temperatura_2,31.790187930963892,2026-08-07T06:00:00.000Z
sensor.corridoio_temperatura_2,31.77220202766389,2026-08-07T07:00:00.000Z
sensor.corridoio_temperatura_2,31.754476340583334,2026-08-07T08:00:00.000Z
sensor.corridoio_temperatura_2,31.754381282069446,2026-08-07T09:00:00.000Z
sensor.corridoio_temperatura_2,31.76969239140278,2026-08-07T10:00:00.000Z
sensor.corridoio_temperatura_2,31.802924459097223,2026-08-07T11:00:00.000Z
sensor.corridoio_temperatura_2,31.84544099858333,2026-08-07T12:00:00.000Z
sensor.corridoio_temperatura_2,31.88445513848889,2026-08-07T13:00:00.000Z
sensor.corridoio_temperatura_2,31.916765588491668,2026-08-07T14:00:00.000Z
sensor.corridoio_temperatura_2,31.93908427634722,2026-08-07T15:00:00.000Z
sensor.corridoio_temperatura_2,31.953244676824998,2026-08-07T16:00:00.000Z
sensor.corridoio_temperatura_2,31.967386759700002,2026-08-07T17:00:00.000Z
sensor.corridoio_temperatura_2,31.983033931116665,2026-08-07T18:00:00.000Z
sensor.corridoio_temperatura_2,31.99,2026-08-07T19:00:00.000Z
sensor.corridoio_temperatura_2,31.98048819088333,2026-08-07T20:00:00.000Z
sensor.corridoio_temperatura_2,31.97,2026-08-07T21:00:00.000Z
sensor.corridoio_temperatura_2,31.95979626395,2026-08-07T22:00:00.000Z
sensor.corridoio_temperatura_2,31.933569945730557,2026-08-07T23:00:00.000Z
sensor.corridoio_temperatura_2,31.91497122957222,2026-08-08T00:00:00.000Z
sensor.corridoio_temperatura_2,31.88584861466389,2026-08-08T01:00:00.000Z
sensor.corridoio_temperatura_2,31.861045636194444,2026-08-08T02:00:00.000Z
sensor.corridoio_temperatura_2,31.826518661386114,2026-08-08T03:00:00.000Z
sensor.corridoio_temperatura_2,31.794973438938886,2026-08-08T04:00:00.000Z
sensor.corridoio_temperatura_2,31.767583899652777,2026-08-08T05:00:00.000Z
sensor.corridoio_temperatura_2,31.739563324977777,2026-08-08T06:00:00.000Z
sensor.corridoio_temperatura_2,31.717965845349998,2026-08-08T07:00:00.000Z
sensor.corridoio_temperatura_2,31.700677448016666,2026-08-08T08:00:00.000Z
sensor.corridoio_temperatura_2,31.7,2026-08-08T09:00:00.000Z
sensor.corridoio_temperatura_2,31.713534624736113,2026-08-08T10:00:00.000Z
sensor.corridoio_temperatura_2,31.73502292537222,2026-08-08T11:00:00.000Z
sensor.corridoio_temperatura_2,31.761570870722224,2026-08-08T12:00:00.000Z
sensor.corridoio_temperatura_2,31.795632151538893,2026-08-08T13:00:00.000Z
sensor.corridoio_temperatura_2,31.841858311352777,2026-08-08T14:00:00.000Z
sensor.corridoio_temperatura_2,31.88455204813611,2026-08-08T15:00:00.000Z
sensor.corridoio_temperatura_2,31.91526743791667,2026-08-08T16:00:00.000Z
sensor.corridoio_temperatura_2,31.943468276588888,2026-08-08T17:00:00.000Z
sensor.corridoio_temperatura_2,31.975018243405554,2026-08-08T18:00:00.000Z
sensor.corridoio_temperatura_2,32.00439320600278,2026-08-08T19:00:00.000Z
sensor.corridoio_temperatura_2,32.01,2026-08-08T20:00:00.000Z
sensor.corridoio_temperatura_2,32.002888647891666,2026-08-08T21:00:00.000Z
sensor.corridoio_temperatura_2,31.994602349497217,2026-08-08T22:00:00.000Z
sensor.corridoio_temperatura_2,31.962706092894447,2026-08-08T23:00:00.000Z
sensor.corridoio_temperatura_2,31.944381972147223,2026-08-09T00:00:00.000Z
sensor.corridoio_temperatura_2,31.921110666544447,2026-08-09T01:00:00.000Z
sensor.corridoio_temperatura_2,31.89593728851111,2026-08-09T02:00:00.000Z
sensor.corridoio_temperatura_2,31.870452002305555,2026-08-09T03:00:00.000Z
sensor.corridoio_temperatura_2,31.843576267141668,2026-08-09T04:00:00.000Z
sensor.corridoio_temperatura_2,31.804662037866667,2026-08-09T05:00:00.000Z
sensor.corridoio_temperatura_2,31.775604292061114,2026-08-09T06:00:00.000Z
sensor.corridoio_temperatura_2,31.75159591281667,2026-08-09T07:00:00.000Z
sensor.corridoio_temperatura_2,31.74,2026-08-09T08:00:00.000Z
sensor.corridoio_temperatura_2,31.74,2026-08-09T09:00:00.000Z
sensor.corridoio_temperatura_2,31.751518049444446,2026-08-09T10:00:00.000Z
sensor.corridoio_temperatura_2,31.778848556850004,2026-08-09T11:00:00.000Z
sensor.corridoio_temperatura_2,31.81157819722222,2026-08-09T12:00:00.000Z
sensor.corridoio_temperatura_2,31.86276282380278,2026-08-09T13:00:00.000Z
sensor.corridoio_temperatura_2,31.903282777938887,2026-08-09T14:00:00.000Z
sensor.corridoio_temperatura_2,31.939495456002778,2026-08-09T15:00:00.000Z
sensor.corridoio_temperatura_2,31.984092645116664,2026-08-09T16:00:00.000Z
sensor.corridoio_temperatura_2,32.01733414953333,2026-08-09T17:00:00.000Z
sensor.corridoio_temperatura_2,32.040926393894445,2026-08-09T18:00:00.000Z
sensor.corridoio_temperatura_2,32.0562614805,2026-08-09T19:00:00.000Z
sensor.corridoio_temperatura_2,32.067900354397224,2026-08-09T20:00:00.000Z
sensor.corridoio_temperatura_2,32.07250862183333,2026-08-09T21:00:00.000Z
sensor.corridoio_temperatura_2,32.060201770911114,2026-08-09T22:00:00.000Z
sensor.corridoio_temperatura_2,32.04723306023889,2026-08-09T23:00:00.000Z
sensor.corridoio_temperatura_2,32.027626588208335,2026-08-10T00:00:00.000Z
sensor.corridoio_temperatura_2,32.00091169313333,2026-08-10T01:00:00.000Z
sensor.corridoio_temperatura_2,31.958835088841667,2026-08-10T02:00:00.000Z
sensor.corridoio_temperatura_2,31.929598902033334,2026-08-10T03:00:00.000Z
sensor.corridoio_temperatura_2,31.898865420605556,2026-08-10T04:00:00.000Z
sensor.corridoio_temperatura_2,31.869095640113887,2026-08-10T05:00:00.000Z
sensor.corridoio_temperatura_2,31.827554111805554,2026-08-10T06:00:00.000Z
sensor.corridoio_temperatura_2,31.799276745613884,2026-08-10T07:00:00.000Z
sensor.corridoio_temperatura_2,31.781749386247224,2026-08-10T08:00:00.000Z
sensor.corridoio_temperatura_2,31.782361237005556,2026-08-10T09:00:00.000Z
sensor.corridoio_temperatura_2,31.80532332785,2026-08-10T10:00:00.000Z
sensor.corridoio_temperatura_2,31.84752703556389,2026-08-10T11:00:00.000Z
sensor.corridoio_temperatura_2,31.87984812814722,2026-08-10T12:00:00.000Z
sensor.corridoio_temperatura_2,31.915820646797226,2026-08-10T13:00:00.000Z
sensor.corridoio_temperatura_2,31.95636128775833,2026-08-10T14:00:00.000Z
sensor.corridoio_temperatura_2,32.00554818565,2026-08-10T15:00:00.000Z
sensor.corridoio_temperatura_2,32.03456754597778,2026-08-10T16:00:00.000Z
sensor.corridoio_temperatura_2,32.066440565688886,2026-08-10T17:00:00.000Z
sensor.corridoio_temperatura_2,32.09282005085278,2026-08-10T18:00:00.000Z
sensor.corridoio_temperatura_2,32.11058197515,2026-08-10T19:00:00.000Z
sensor.corridoio_temperatura_2,32.12,2026-08-10T20:00:00.000Z
sensor.corridoio_temperatura_2,32.12,2026-08-10T21:00:00.000Z
sensor.corridoio_temperatura_2,32.11483048408056,2026-08-10T22:00:00.000Z
sensor.corridoio_temperatura_2,32.092020112980556,2026-08-10T23:00:00.000Z
sensor.corridoio_temperatura_2,32.06319099178334,2026-08-11T00:00:00.000Z
sensor.corridoio_temperatura_2,32.035714482069444,2026-08-11T01:00:00.000Z
sensor.corridoio_temperatura_2,32.012504627755554,2026-08-11T02:00:00.000Z
sensor.corridoio_temperatura_2,31.972656171694442,2026-08-11T03:00:00.000Z
sensor.corridoio_temperatura_2,31.937706992925,2026-08-11T04:00:00.000Z
sensor.corridoio_temperatura_2,31.908764757594444,2026-08-11T05:00:00.000Z
sensor.corridoio_temperatura_2,31.873616013163886,2026-08-11T06:00:00.000Z
sensor.corridoio_temperatura_2,31.84784091506667,2026-08-11T07:00:00.000Z
sensor.corridoio_temperatura_2,31.816454320269443,2026-08-11T08:00:00.000Z
sensor.corridoio_temperatura_2,31.8175352234,2026-08-11T09:00:00.000Z
sensor.corridoio_temperatura_2,31.84940142536389,2026-08-11T10:00:00.000Z
sensor.corridoio_temperatura_2,31.88078041585,2026-08-11T11:00:00.000Z
sensor.corridoio_temperatura_2,31.92385345243611,2026-08-11T12:00:00.000Z
sensor.corridoio_temperatura_2,31.967073145444445,2026-08-11T13:00:00.000Z
sensor.corridoio_temperatura_2,32.02474354698611,2026-08-11T14:00:00.000Z
sensor.corridoio_temperatura_2,32.07383207125,2026-08-11T15:00:00.000Z
sensor.corridoio_temperatura_2,32.11842559316111,2026-08-11T16:00:00.000Z
sensor.corridoio_temperatura_2,32.16302605993611,2026-08-11T17:00:00.000Z
sensor.corridoio_temperatura_2,32.18649881703611,2026-08-11T18:00:00.000Z
sensor.corridoio_temperatura_2,32.2,2026-08-11T19:00:00.000Z
sensor.corridoio_temperatura_2,32.202619778372224,2026-08-11T20:00:00.000Z
sensor.corridoio_temperatura_2,32.20992423185833,2026-08-11T21:00:00.000Z
sensor.corridoio_temperatura_2,32.2,2026-08-11T22:00:00.000Z
sensor.corridoio_temperatura_2,32.2,2026-08-11T23:00:00.000Z
sensor.corridoio_temperatura_2,32.190070896583336,2026-08-12T00:00:00.000Z
sensor.corridoio_temperatura_2,32.15865062095278,2026-08-12T01:00:00.000Z
sensor.corridoio_temperatura_2,32.125356093291664,2026-08-12T02:00:00.000Z
sensor.corridoio_temperatura_2,32.09612948509167,2026-08-12T03:00:00.000Z
sensor.corridoio_temperatura_2,32.06408121050278,2026-08-12T04:00:00.000Z
sensor.corridoio_temperatura_2,32.03401831284722,2026-08-12T05:00:00.000Z
sensor.corridoio_temperatura_2,32.00749636533889,2026-08-12T06:00:00.000Z
sensor.corridoio_temperatura_2,31.978960569955557,2026-08-12T07:00:00.000Z
sensor.corridoio_temperatura_2,31.964521928855557,2026-08-12T08:00:00.000Z
sensor.corridoio_temperatura_2,31.97547979041111,2026-08-12T09:00:00.000Z
sensor.corridoio_temperatura_2,32.00163429757222,2026-08-12T10:00:00.000Z
sensor.corridoio_temperatura_2,32.032608099772226,2026-08-12T11:00:00.000Z
sensor.corridoio_temperatura_2,32.069256435325,2026-08-12T12:00:00.000Z
sensor.corridoio_temperatura_2,32.10909524383889,2026-08-12T13:00:00.000Z
sensor.corridoio_temperatura_2,32.172807056244444,2026-08-12T14:00:00.000Z
sensor.corridoio_temperatura_2,32.209713043794444,2026-08-12T15:00:00.000Z
sensor.corridoio_temperatura_2,32.24892061393056,2026-08-12T16:00:00.000Z
sensor.corridoio_temperatura_2,32.288768625402774,2026-08-12T17:00:00.000Z
sensor.corridoio_temperatura_2,32.32348370898611,2026-08-12T18:00:00.000Z
sensor.corridoio_temperatura_2,32.34509596765556,2026-08-12T19:00:00.000Z
sensor.corridoio_temperatura_2,32.36,2026-08-12T20:00:00.000Z
sensor.corridoio_temperatura_2,32.36251157361389,2026-08-12T21:00:00.000Z
sensor.corridoio_temperatura_2,32.35843021240833,2026-08-12T22:00:00.000Z
sensor.corridoio_temperatura_2,32.34094366094167,2026-08-12T23:00:00.000Z
sensor.corridoio_temperatura_2,32.314784635816665,2026-08-13T00:00:00.000Z
sensor.corridoio_temperatura_2,32.28726794493333,2026-08-13T01:00:00.000Z
sensor.corridoio_temperatura_2,32.250095704608334,2026-08-13T02:00:00.000Z
sensor.corridoio_temperatura_2,32.22389955304722,2026-08-13T03:00:00.000Z
sensor.corridoio_temperatura_2,32.201138264516665,2026-08-13T04:00:00.000Z
sensor.corridoio_temperatura_2,32.17727392185834,2026-08-13T05:00:00.000Z
sensor.corridoio_temperatura_2,32.14662126366389,2026-08-13T06:00:00.000Z
sensor.corridoio_temperatura_2,32.11008273995834,2026-08-13T07:00:00.000Z
sensor.corridoio_temperatura_2,32.09800826725,2026-08-13T08:00:00.000Z
sensor.corridoio_temperatura_2,32.09027270518334,2026-08-13T09:00:00.000Z
sensor.corridoio_temperatura_2,32.107761283536114,2026-08-13T10:00:00.000Z
sensor.corridoio_temperatura_2,32.13332374897778,2026-08-13T11:00:00.000Z
sensor.corridoio_temperatura_2,32.16897655281111,2026-08-13T12:00:00.000Z
sensor.corridoio_temperatura_2,32.20368473071667,2026-08-13T13:00:00.000Z
sensor.corridoio_temperatura_2,32.239456865916665,2026-08-13T14:00:00.000Z
sensor.corridoio_temperatura_2,32.29269478198055,2026-08-13T15:00:00.000Z
sensor.corridoio_temperatura_2,32.334126320047226,2026-08-13T16:00:00.000Z
sensor.corridoio_temperatura_2,32.368195247794446,2026-08-13T17:00:00.000Z
sensor.corridoio_temperatura_2,32.39553188786111,2026-08-13T18:00:00.000Z
sensor.corridoio_temperatura_2,32.42373413373889,2026-08-13T19:00:00.000Z
sensor.corridoio_temperatura_2,32.44,2026-08-13T20:00:00.000Z
sensor.corridoio_temperatura_2,32.44,2026-08-13T21:00:00.000Z
sensor.corridoio_temperatura_2,32.43219983047778,2026-08-13T22:00:00.000Z
sensor.corridoio_temperatura_2,32.407265450088886,2026-08-13T23:00:00.000Z
sensor.corridoio_temperatura_2,32.38986013461667,2026-08-14T00:00:00.000Z
sensor.corridoio_temperatura_2,32.36782657541945,2026-08-14T01:00:00.000Z
sensor.corridoio_temperatura_2,32.330416156702775,2026-08-14T02:00:00.000Z
sensor.corridoio_temperatura_2,32.303893009527776,2026-08-14T03:00:00.000Z
sensor.corridoio_temperatura_2,32.26171074296111,2026-08-14T04:00:00.000Z
sensor.corridoio_temperatura_2,32.228334896724995,2026-08-14T05:00:00.000Z
sensor.corridoio_temperatura_2,32.181068985608334,2026-08-14T06:00:00.000Z
sensor.corridoio_temperatura_2,32.03112249051389,2026-08-14T07:00:00.000Z
sensor.corridoio_temperatura_2,31.765096904505555,2026-08-14T08:00:00.000Z
sensor.corridoio_temperatura_2,31.681046123844443,2026-08-14T09:00:00.000Z
sensor.corridoio_temperatura_2,31.716365163133332,2026-08-14T10:00:00.000Z
sensor.corridoio_temperatura_2,31.771841701844448,2026-08-14T11:00:00.000Z
sensor.corridoio_temperatura_2,31.822366295947223,2026-08-14T12:00:00.000Z
sensor.corridoio_temperatura_2,31.878917706375002,2026-08-14T13:00:00.000Z
sensor.corridoio_temperatura_2,31.926989363530556,2026-08-14T14:00:00.000Z
sensor.corridoio_temperatura_2,31.97444072761111,2026-08-14T15:00:00.000Z
sensor.corridoio_temperatura_2,32.01113930430834,2026-08-14T16:00:00.000Z
sensor.corridoio_temperatura_2,32.03909705662222,2026-08-14T17:00:00.000Z
sensor.corridoio_temperatura_2,32.069464021969445,2026-08-14T18:00:00.000Z
sensor.corridoio_temperatura_2,32.085525696975004,2026-08-14T19:00:00.000Z
sensor.corridoio_temperatura_2,32.09967225453611,2026-08-14T20:00:00.000Z
sensor.corridoio_temperatura_2,32.10251339852778,2026-08-14T21:00:00.000Z
sensor.corridoio_temperatura_2,32.062963357625,2026-08-14T22:00:00.000Z
sensor.corridoio_temperatura_2,32.06942896009166,2026-08-14T23:00:00.000Z
sensor.corridoio_temperatura_2,32.07300785608056,2026-08-15T00:00:00.000Z
sensor.corridoio_temperatura_2,32.064459598947224,2026-08-15T01:00:00.000Z
sensor.corridoio_temperatura_2,32.041789967113885,2026-08-15T02:00:00.000Z
sensor.corridoio_temperatura_2,31.708582071294444,2026-08-15T03:00:00.000Z
sensor.corridoio_temperatura_2,31.540104925075,2026-08-15T04:00:00.000Z
sensor.corridoio_temperatura_2,31.335136824305554,2026-08-15T05:00:00.000Z
sensor.corridoio_temperatura_2,31.20869257271111,2026-08-15T06:00:00.000Z
sensor.corridoio_temperatura_2,31.11449356846111,2026-08-15T07:00:00.000Z
sensor.corridoio_temperatura_2,31.06916352969722,2026-08-15T08:00:00.000Z
sensor.corridoio_temperatura_2,31.068161269641667,2026-08-15T09:00:00.000Z
sensor.corridoio_temperatura_2,31.1297730329,2026-08-15T10:00:00.000Z
sensor.corridoio_temperatura_2,31.173457196075002,2026-08-15T11:00:00.000Z
sensor.corridoio_temperatura_2,31.2832130443,2026-08-15T12:00:00.000Z
sensor.corridoio_temperatura_2,31.34640863908611,2026-08-15T13:00:00.000Z
sensor.corridoio_temperatura_2,31.432512139383334,2026-08-15T14:00:00.000Z
sensor.corridoio_temperatura_2,31.478780027572224,2026-08-15T15:00:00.000Z
sensor.corridoio_temperatura_2,31.525793308222223,2026-08-15T16:00:00.000Z
sensor.corridoio_temperatura_2,31.5795486474,2026-08-15T17:00:00.000Z
sensor.corridoio_temperatura_2,31.609279217827776,2026-08-15T18:00:00.000Z
sensor.corridoio_temperatura_2,31.630872617952775,2026-08-15T19:00:00.000Z
sensor.corridoio_temperatura_2,31.64958127872222,2026-08-15T20:00:00.000Z
sensor.corridoio_temperatura_2,31.649999999999995,2026-08-15T21:00:00.000Z
sensor.corridoio_temperatura_2,31.647182589352777,2026-08-15T22:00:00.000Z
sensor.corridoio_temperatura_2,31.631943428319445,2026-08-15T23:00:00.000Z
sensor.corridoio_temperatura_2,31.611408168374997,2026-08-16T00:00:00.000Z
sensor.corridoio_temperatura_2,31.592707812455554,2026-08-16T01:00:00.000Z
sensor.corridoio_temperatura_2,31.566162581108333,2026-08-16T02:00:00.000Z
sensor.corridoio_temperatura_2,31.52,2026-08-16T02:29:12.914Z
sensor.corridoio_temperatura_2,31.51,2026-08-16T02:44:16.718Z
sensor.corridoio_temperatura_2,31.49,2026-08-16T03:19:24.889Z
sensor.corridoio_temperatura_2,31.47,2026-08-16T03:54:34.728Z
sensor.corridoio_temperatura_2,31.46,2026-08-16T04:29:42.896Z
sensor.corridoio_temperatura_2,31.45,2026-08-16T04:44:45.743Z
sensor.corridoio_temperatura_2,31.44,2026-08-16T05:04:50.766Z
sensor.corridoio_temperatura_2,31.43,2026-08-16T05:24:54.739Z
sensor.corridoio_temperatura_2,31.42,2026-08-16T06:00:03.051Z
sensor.corridoio_temperatura_2,31.41,2026-08-16T06:20:07.891Z
sensor.corridoio_temperatura_2,31.4,2026-08-16T06:55:14.746Z
sensor.corridoio_temperatura_2,31.41,2026-08-16T08:05:29.769Z
sensor.corridoio_temperatura_2,31.43,2026-08-16T08:55:41.734Z
sensor.corridoio_temperatura_2,31.44,2026-08-16T09:30:48.874Z
sensor.corridoio_temperatura_2,31.45,2026-08-16T09:45:51.772Z
sensor.corridoio_temperatura_2,31.46,2026-08-16T10:00:54.881Z
sensor.corridoio_temperatura_2,31.47,2026-08-16T10:20:58.894Z
sensor.corridoio_temperatura_2,31.48,2026-08-16T10:41:02.973Z
sensor.corridoio_temperatura_2,31.49,2026-08-16T10:56:07.748Z
sensor.corridoio_temperatura_2,31.5,2026-08-16T11:16:11.731Z
sensor.corridoio_temperatura_2,31.52,2026-08-16T11:36:15.737Z
sensor.corridoio_temperatura_2,31.55,2026-08-16T11:51:18.864Z
sensor.corridoio_temperatura_2,31.56,2026-08-16T12:11:22.865Z
sensor.corridoio_temperatura_2,31.58,2026-08-16T12:31:26.993Z
sensor.corridoio_temperatura_2,31.59,2026-08-16T12:46:30.748Z
sensor.corridoio_temperatura_2,31.61,2026-08-16T13:06:34.733Z
sensor.corridoio_temperatura_2,31.62,2026-08-16T13:21:37.860Z
sensor.corridoio_temperatura_2,31.64,2026-08-16T13:41:41.955Z
sensor.corridoio_temperatura_2,31.65,2026-08-16T13:56:45.760Z
sensor.corridoio_temperatura_2,31.66,2026-08-16T14:16:50.756Z
sensor.corridoio_temperatura_2,31.68,2026-08-16T14:31:54.896Z
sensor.corridoio_temperatura_2,31.71,2026-08-16T14:51:58.864Z
sensor.corridoio_temperatura_2,31.72,2026-08-16T15:07:01.730Z
sensor.corridoio_temperatura_2,31.74,2026-08-16T15:27:06.783Z
sensor.corridoio_temperatura_2,31.75,2026-08-16T15:47:10.748Z
sensor.corridoio_temperatura_2,31.76,2026-08-16T16:07:14.726Z
sensor.corridoio_temperatura_2,31.77,2026-08-16T16:22:17.872Z
sensor.corridoio_temperatura_2,31.78,2026-08-16T16:37:20.736Z
sensor.corridoio_temperatura_2,31.79,2026-08-16T16:57:24.756Z
sensor.corridoio_temperatura_2,31.8,2026-08-16T17:37:34.784Z
sensor.corridoio_temperatura_2,31.81,2026-08-16T17:52:38.898Z
sensor.corridoio_temperatura_2,31.82,2026-08-16T18:07:41.788Z
sensor.corridoio_temperatura_2,31.84,2026-08-16T19:22:59.966Z
sensor.corridoio_temperatura_2,31.82,2026-08-16T19:58:08.770Z
sensor.corridoio_temperatura_2,31.8,2026-08-16T20:33:16.882Z
sensor.corridoio_temperatura_2,31.79,2026-08-16T20:53:20.904Z
sensor.corridoio_temperatura_2,31.77,2026-08-16T21:13:24.897Z
sensor.corridoio_temperatura_2,31.76,2026-08-16T21:28:28.744Z
sensor.corridoio_temperatura_2,31.74,2026-08-16T21:43:32.899Z
sensor.corridoio_temperatura_2,31.72,2026-08-16T22:23:40.952Z
sensor.corridoio_temperatura_2,31.71,2026-08-16T22:38:44.741Z
sensor.corridoio_temperatura_2,31.7,2026-08-16T22:58:49.731Z
sensor.corridoio_temperatura_2,31.68,2026-08-16T23:13:52.892Z
sensor.corridoio_temperatura_2,31.66,2026-08-16T23:33:56.907Z
sensor.corridoio_temperatura_2,31.64,2026-08-16T23:49:00.758Z
sensor.corridoio_temperatura_2,31.63,2026-08-17T00:09:05.734Z
sensor.corridoio_temperatura_2,31.62,2026-08-17T00:24:08.861Z
sensor.corridoio_temperatura_2,31.6,2026-08-17T00:44:12.944Z
sensor.corridoio_temperatura_2,31.59,2026-08-17T01:04:17.998Z
sensor.corridoio_temperatura_2,31.57,2026-08-17T01:24:23.856Z
sensor.corridoio_temperatura_2,31.56,2026-08-17T01:39:27.766Z
sensor.corridoio_temperatura_2,31.55,2026-08-17T01:54:31.868Z
sensor.corridoio_temperatura_2,31.53,2026-08-17T02:14:35.945Z
sensor.corridoio_temperatura_2,31.52,2026-08-17T02:29:40.752Z
sensor.corridoio_temperatura_2,31.5,2026-08-17T02:44:43.875Z
sensor.corridoio_temperatura_2,31.49,2026-08-17T03:04:47.924Z
sensor.corridoio_temperatura_2,31.47,2026-08-17T03:19:52.733Z
sensor.corridoio_temperatura_2,31.46,2026-08-17T03:39:57.748Z
sensor.corridoio_temperatura_2,31.44,2026-08-17T03:55:00.858Z
sensor.corridoio_temperatura_2,31.43,2026-08-17T04:15:05.959Z
sensor.corridoio_temperatura_2,31.42,2026-08-17T04:30:09.758Z
sensor.corridoio_temperatura_2,31.4,2026-08-17T04:50:14.750Z
sensor.corridoio_temperatura_2,31.36,2026-08-17T05:05:18.917Z
sensor.corridoio_temperatura_2,31.35,2026-08-17T05:25:22.910Z
sensor.corridoio_temperatura_2,31.34,2026-08-17T05:45:27.954Z
sensor.corridoio_temperatura_2,31.33,2026-08-17T06:00:31.745Z
sensor.corridoio_temperatura_2,31.31,2026-08-17T06:15:34.868Z
sensor.corridoio_temperatura_2,31.3,2026-08-17T06:30:37.756Z
sensor.corridoio_temperatura_2,31.29,2026-08-17T06:50:42.750Z
sensor.corridoio_temperatura_2,31.28,2026-08-17T07:05:45.924Z
sensor.corridoio_temperatura_2,31.27,2026-08-17T07:20:49.731Z
sensor.corridoio_temperatura_2,31.26,2026-08-17T07:55:57.923Z
sensor.corridoio_temperatura_2,31.25,2026-08-17T08:46:08.904Z
sensor.corridoio_temperatura_2,31.26,2026-08-17T09:06:12.864Z
sensor.corridoio_temperatura_2,31.27,2026-08-17T09:21:15.699Z
sensor.corridoio_temperatura_2,31.28,2026-08-17T09:41:20.756Z
sensor.corridoio_temperatura_2,31.29,2026-08-17T10:01:24.739Z
sensor.corridoio_temperatura_2,31.3,2026-08-17T10:16:28.866Z
sensor.corridoio_temperatura_2,31.31,2026-08-17T10:31:31.740Z
sensor.corridoio_temperatura_2,31.32,2026-08-17T11:01:37.721Z
sensor.corridoio_temperatura_2,31.33,2026-08-17T11:16:40.880Z
sensor.corridoio_temperatura_2,31.34,2026-08-17T11:56:48.855Z
sensor.corridoio_temperatura_2,31.35,2026-08-17T12:11:52.747Z
sensor.corridoio_temperatura_2,31.37,2026-08-17T12:31:58.778Z
sensor.corridoio_temperatura_2,31.41,2026-08-17T13:07:10.905Z
sensor.corridoio_temperatura_2,31.42,2026-08-17T13:22:14.721Z
sensor.corridoio_temperatura_2,31.43,2026-08-17T13:42:18.745Z
sensor.corridoio_temperatura_2,31.44,2026-08-17T13:57:22.936Z
sensor.corridoio_temperatura_2,31.45,2026-08-17T14:12:27.783Z
sensor.corridoio_temperatura_2,31.46,2026-08-17T14:27:30.873Z
sensor.corridoio_temperatura_2,31.47,2026-08-17T14:47:34.920Z
sensor.corridoio_temperatura_2,31.48,2026-08-17T15:22:42.769Z
sensor.corridoio_temperatura_2,31.47,2026-08-17T17:13:09.749Z
sensor.corridoio_temperatura_2,31.48,2026-08-17T17:28:12.928Z
sensor.corridoio_temperatura_2,31.47,2026-08-17T17:43:16.766Z
sensor.corridoio_temperatura_2,31.46,2026-08-17T18:38:31.888Z
sensor.corridoio_temperatura_2,31.45,2026-08-17T19:13:40.723Z
sensor.corridoio_temperatura_2,31.44,2026-08-17T20:03:52.866Z
sensor.corridoio_temperatura_2,31.43,2026-08-17T20:18:56.931Z
sensor.corridoio_temperatura_2,31.42,2026-08-17T20:54:06.724Z
sensor.corridoio_temperatura_2,31.41,2026-08-17T21:14:11.721Z
sensor.corridoio_temperatura_2,31.4,2026-08-17T21:29:15.861Z
sensor.corridoio_temperatura_2,31.37,2026-08-17T21:44:22.732Z
sensor.corridoio_temperatura_2,31.36,2026-08-17T21:59:26.852Z
sensor.corridoio_temperatura_2,31.35,2026-08-17T22:19:31.911Z
sensor.corridoio_temperatura_2,31.34,2026-08-17T22:49:38.876Z
sensor.corridoio_temperatura_2,31.32,2026-08-17T23:04:42.735Z
sensor.corridoio_temperatura_2,31.31,2026-08-17T23:24:47.750Z
sensor.corridoio_temperatura_2,31.3,2026-08-17T23:39:50.904Z
sensor.corridoio_temperatura_2,31.29,2026-08-17T23:59:55.874Z
sensor.corridoio_temperatura_2,31.28,2026-08-18T00:14:58.766Z
sensor.corridoio_temperatura_2,31.27,2026-08-18T00:30:01.958Z
sensor.corridoio_temperatura_2,31.25,2026-08-18T00:50:06.956Z
sensor.corridoio_temperatura_2,31.22,2026-08-18T01:05:10.762Z
sensor.corridoio_temperatura_2,31.21,2026-08-18T01:25:14.719Z
sensor.corridoio_temperatura_2,31.2,2026-08-18T01:40:17.942Z
sensor.corridoio_temperatura_2,31.19,2026-08-18T02:00:22.891Z
sensor.corridoio_temperatura_2,31.18,2026-08-18T02:15:26.763Z
sensor.corridoio_temperatura_2,31.16,2026-08-18T02:35:35.750Z
sensor.corridoio_temperatura_2,31.15,2026-08-18T02:50:38.894Z
sensor.corridoio_temperatura_2,31.14,2026-08-18T03:05:42.752Z
sensor.corridoio_temperatura_2,31.13,2026-08-18T03:25:46.741Z
sensor.corridoio_temperatura_2,31.12,2026-08-18T03:45:51.738Z
sensor.corridoio_temperatura_2,31.11,2026-08-18T04:00:54.899Z
sensor.corridoio_temperatura_2,31.1,2026-08-18T04:15:57.729Z
sensor.corridoio_temperatura_2,31.07,2026-08-18T04:36:02.772Z
sensor.corridoio_temperatura_2,31.05,2026-08-18T04:51:06.880Z
sensor.corridoio_temperatura_2,31.03,2026-08-18T05:11:10.881Z
sensor.corridoio_temperatura_2,31.02,2026-08-18T05:26:13.730Z
sensor.corridoio_temperatura_2,31.0,2026-08-18T05:46:18.749Z
sensor.corridoio_temperatura_2,30.98,2026-08-18T06:01:21.950Z
sensor.corridoio_temperatura_2,30.97,2026-08-18T06:16:27.761Z
sensor.corridoio_temperatura_2,30.96,2026-08-18T06:36:33.784Z
sensor.corridoio_temperatura_2,30.94,2026-08-18T06:51:37.901Z
sensor.corridoio_temperatura_2,30.92,2026-08-18T07:41:48.903Z
sensor.corridoio_temperatura_2,30.93,2026-08-18T08:01:53.892Z
sensor.corridoio_temperatura_2,30.94,2026-08-18T08:37:02.819Z
sensor.corridoio_temperatura_2,30.96,2026-08-18T09:07:11.764Z
sensor.corridoio_temperatura_2,30.97,2026-08-18T09:27:16.772Z
sensor.corridoio_temperatura_2,30.98,2026-08-18T09:47:23.681Z
sensor.corridoio_temperatura_2,30.99,2026-08-18T10:07:29.753Z
sensor.corridoio_temperatura_2,31.0,2026-08-18T10:22:33.922Z
sensor.corridoio_temperatura_2,31.01,2026-08-18T10:42:38.054Z
sensor.corridoio_temperatura_2,31.02,2026-08-18T11:02:42.909Z
sensor.corridoio_temperatura_2,31.03,2026-08-18T11:17:49.753Z
sensor.corridoio_temperatura_2,31.05,2026-08-18T11:37:54.761Z
sensor.corridoio_temperatura_2,31.07,2026-08-18T12:13:03.951Z
sensor.corridoio_temperatura_2,31.1,2026-08-18T12:33:08.920Z
sensor.corridoio_temperatura_2,31.11,2026-08-18T12:48:12.717Z
sensor.corridoio_temperatura_2,31.12,2026-08-18T13:03:15.987Z
sensor.corridoio_temperatura_2,31.13,2026-08-18T13:23:21.917Z
sensor.corridoio_temperatura_2,31.14,2026-08-18T13:38:25.758Z
sensor.corridoio_temperatura_2,31.15,2026-08-18T13:58:31.810Z
sensor.corridoio_temperatura_2,31.16,2026-08-18T14:18:45.763Z
sensor.corridoio_temperatura_2,31.17,2026-08-18T14:38:50.747Z
sensor.corridoio_temperatura_2,31.18,2026-08-18T14:58:55.765Z
sensor.corridoio_temperatura_2,31.19,2026-08-18T15:44:07.917Z
sensor.corridoio_temperatura_2,31.2,2026-08-18T15:59:10.762Z
sensor.corridoio_temperatura_2,31.21,2026-08-18T16:39:19.747Z
sensor.corridoio_temperatura_2,31.22,2026-08-18T17:49:37.786Z
sensor.corridoio_temperatura_2,31.21,2026-08-18T19:55:06.891Z
sensor.corridoio_temperatura_2,31.2,2026-08-18T20:15:11.925Z
sensor.corridoio_temperatura_2,31.19,2026-08-18T20:50:20.783Z
sensor.corridoio_temperatura_2,31.18,2026-08-18T21:05:24.938Z
sensor.corridoio_temperatura_2,31.17,2026-08-18T21:40:34.770Z
sensor.corridoio_temperatura_2,31.16,2026-08-18T21:55:38.921Z
sensor.corridoio_temperatura_2,31.15,2026-08-18T22:45:51.928Z
sensor.corridoio_temperatura_2,31.14,2026-08-18T23:00:55.787Z
sensor.corridoio_temperatura_2,31.13,2026-08-18T23:41:05.787Z
sensor.corridoio_temperatura_2,31.12,2026-08-19T00:01:11.793Z
sensor.corridoio_temperatura_2,31.11,2026-08-19T00:16:14.978Z
sensor.corridoio_temperatura_2,31.1,2026-08-19T00:36:20.968Z
sensor.corridoio_temperatura_2,31.08,2026-08-19T00:51:25.751Z
sensor.corridoio_temperatura_2,31.07,2026-08-19T01:11:31.752Z
sensor.corridoio_temperatura_2,31.06,2026-08-19T01:26:38.874Z
sensor.corridoio_temperatura_2,31.05,2026-08-19T01:46:43.914Z
sensor.corridoio_temperatura_2,31.04,2026-08-19T02:01:50.746Z
sensor.corridoio_temperatura_2,31.03,2026-08-19T02:16:54.904Z
sensor.corridoio_temperatura_2,31.02,2026-08-19T02:31:58.757Z
sensor.corridoio_temperatura_2,31.01,2026-08-19T02:52:04.762Z
sensor.corridoio_temperatura_2,31.0,2026-08-19T03:07:08.912Z
sensor.corridoio_temperatura_2,30.99,2026-08-19T03:27:13.922Z
sensor.corridoio_temperatura_2,30.97,2026-08-19T03:47:18.976Z
sensor.corridoio_temperatura_2,30.96,2026-08-19T04:02:23.783Z
sensor.corridoio_temperatura_2,30.94,2026-08-19T04:17:28.000Z
sensor.corridoio_temperatura_2,30.93,2026-08-19T04:37:33.912Z
sensor.corridoio_temperatura_2,30.92,2026-08-19T04:52:37.796Z
sensor.corridoio_temperatura_2,30.91,2026-08-19T05:12:42.771Z
sensor.corridoio_temperatura_2,30.9,2026-08-19T05:27:45.918Z
sensor.corridoio_temperatura_2,30.88,2026-08-19T06:02:54.786Z
sensor.corridoio_temperatura_2,30.86,2026-08-19T06:53:07.772Z
sensor.corridoio_temperatura_2,30.87,2026-08-19T07:28:17.990Z
sensor.corridoio_temperatura_2,30.88,2026-08-19T07:43:22.797Z
sensor.corridoio_temperatura_2,30.89,2026-08-19T08:23:32.792Z
sensor.corridoio_temperatura_2,30.9,2026-08-19T08:43:38.774Z
sensor.corridoio_temperatura_2,30.91,2026-08-19T08:58:41.900Z
sensor.corridoio_temperatura_2,30.92,2026-08-19T09:18:45.906Z
sensor.corridoio_temperatura_2,30.94,2026-08-19T09:33:48.746Z
sensor.corridoio_temperatura_2,30.96,2026-08-19T09:48:51.937Z
sensor.corridoio_temperatura_2,30.97,2026-08-19T10:08:57.955Z
sensor.corridoio_temperatura_2,30.99,2026-08-19T10:24:02.799Z
sensor.corridoio_temperatura_2,31.0,2026-08-19T10:44:07.803Z
sensor.corridoio_temperatura_2,31.01,2026-08-19T10:59:11.928Z
sensor.corridoio_temperatura_2,31.02,2026-08-19T11:19:17.968Z
sensor.corridoio_temperatura_2,31.03,2026-08-19T11:39:23.917Z
sensor.corridoio_temperatura_2,31.05,2026-08-19T11:54:26.774Z
sensor.corridoio_temperatura_2,31.06,2026-08-19T12:09:30.934Z
sensor.corridoio_temperatura_2,31.08,2026-08-19T12:29:36.941Z
sensor.corridoio_temperatura_2,31.1,2026-08-19T12:44:41.780Z
sensor.corridoio_temperatura_2,31.12,2026-08-19T12:59:45.983Z
sensor.corridoio_temperatura_2,31.13,2026-08-19T13:19:51.954Z
sensor.corridoio_temperatura_2,31.15,2026-08-19T13:34:56.810Z
sensor.corridoio_temperatura_2,31.16,2026-08-19T13:55:02.942Z
sensor.corridoio_temperatura_2,31.18,2026-08-19T14:10:07.953Z
sensor.corridoio_temperatura_2,31.19,2026-08-19T14:25:12.781Z
sensor.corridoio_temperatura_2,31.2,2026-08-19T14:45:18.779Z
sensor.corridoio_temperatura_2,31.22,2026-08-19T15:00:21.982Z
sensor.corridoio_temperatura_2,31.23,2026-08-19T15:20:26.930Z
sensor.corridoio_temperatura_2,31.25,2026-08-19T15:35:31.847Z
sensor.corridoio_temperatura_2,31.27,2026-08-19T16:10:41.356Z
sensor.corridoio_temperatura_2,31.29,2026-08-19T16:45:50.756Z
sensor.corridoio_temperatura_2,31.3,2026-08-19T17:15:58.762Z
sensor.corridoio_temperatura_2,31.31,2026-08-19T17:36:04.773Z
sensor.corridoio_temperatura_2,31.32,2026-08-19T18:11:14.931Z
sensor.corridoio_temperatura_2,31.33,2026-08-19T18:31:20.936Z
sensor.corridoio_temperatura_2,31.34,2026-08-19T19:21:33.906Z
sensor.corridoio_temperatura_2,31.33,2026-08-19T19:41:38.973Z
sensor.corridoio_temperatura_2,31.34,2026-08-19T19:56:43.795Z
sensor.corridoio_temperatura_2,31.33,2026-08-19T20:46:56.773Z
sensor.corridoio_temperatura_2,31.32,2026-08-19T22:02:17.991Z
sensor.corridoio_temperatura_2,31.31,2026-08-19T22:22:27.983Z
sensor.corridoio_temperatura_2,31.3,2026-08-19T23:32:49.018Z
sensor.corridoio_temperatura_2,31.29,2026-08-20T00:07:58.789Z
sensor.corridoio_temperatura_2,31.28,2026-08-20T00:43:08.931Z
sensor.corridoio_temperatura_2,31.27,2026-08-20T01:33:23.021Z
sensor.corridoio_temperatura_2,31.26,2026-08-20T02:13:32.902Z
sensor.corridoio_temperatura_2,31.25,2026-08-20T02:28:35.767Z
sensor.corridoio_temperatura_2,31.23,2026-08-20T03:08:45.775Z
sensor.corridoio_temperatura_2,31.22,2026-08-20T03:23:48.906Z
sensor.corridoio_temperatura_2,31.21,2026-08-20T03:58:58.776Z
sensor.corridoio_temperatura_2,31.2,2026-08-20T04:14:03.044Z
sensor.corridoio_temperatura_2,31.19,2026-08-20T04:34:08.957Z
sensor.corridoio_temperatura_2,31.18,2026-08-20T04:54:14.918Z
sensor.corridoio_temperatura_2,31.17,2026-08-20T05:24:21.915Z
sensor.corridoio_temperatura_2,31.15,2026-08-20T05:59:31.757Z
sensor.corridoio_temperatura_2,31.14,2026-08-20T06:19:37.750Z
sensor.corridoio_temperatura_2,31.12,2026-08-20T06:54:45.994Z
sensor.corridoio_temperatura_2,31.11,2026-08-20T07:29:56.779Z
sensor.corridoio_temperatura_2,31.1,2026-08-20T07:45:00.929Z
sensor.corridoio_temperatura_2,31.08,2026-08-20T08:55:20.915Z
sensor.corridoio_temperatura_2,31.1,2026-08-20T09:10:24.780Z
sensor.corridoio_temperatura_2,31.11,2026-08-20T10:20:46.764Z
sensor.corridoio_temperatura_2,31.12,2026-08-20T10:55:55.916Z
sensor.corridoio_temperatura_2,31.13,2026-08-20T11:26:01.909Z
sensor.corridoio_temperatura_2,31.14,2026-08-20T12:01:10.782Z
sensor.corridoio_temperatura_2,31.15,2026-08-20T12:36:18.910Z
sensor.corridoio_temperatura_2,31.16,2026-08-20T12:51:22.744Z
sensor.corridoio_temperatura_2,31.17,2026-08-20T13:27:00.252Z
sensor.corridoio_temperatura_2,31.18,2026-08-20T13:47:05.941Z
sensor.corridoio_temperatura_2,31.19,2026-08-20T14:02:10.767Z
sensor.corridoio_temperatura_2,31.2,2026-08-20T15:12:28.768Z
sensor.corridoio_temperatura_2,31.19,2026-08-20T16:52:51.763Z
sensor.corridoio_temperatura_2,31.18,2026-08-20T17:12:56.789Z
sensor.corridoio_temperatura_2,31.17,2026-08-20T17:48:06.929Z
sensor.corridoio_temperatura_2,31.15,2026-08-20T18:08:12.914Z
sensor.corridoio_temperatura_2,31.14,2026-08-20T18:28:17.919Z
sensor.corridoio_temperatura_2,31.13,2026-08-20T18:48:22.907Z
sensor.corridoio_temperatura_2,31.11,2026-08-20T19:03:25.819Z
sensor.corridoio_temperatura_2,31.1,2026-08-20T19:23:31.755Z
sensor.corridoio_temperatura_2,31.07,2026-08-20T19:38:35.921Z
sensor.corridoio_temperatura_2,31.06,2026-08-20T19:58:39.991Z
sensor.corridoio_temperatura_2,31.04,2026-08-20T20:13:44.773Z
sensor.corridoio_temperatura_2,31.03,2026-08-20T20:28:47.969Z
sensor.corridoio_temperatura_2,31.01,2026-08-20T20:48:53.983Z
sensor.corridoio_temperatura_2,30.99,2026-08-20T21:09:00.009Z
sensor.corridoio_temperatura_2,30.97,2026-08-20T21:24:04.883Z
sensor.corridoio_temperatura_2,30.94,2026-08-20T21:39:09.026Z
sensor.corridoio_temperatura_2,30.93,2026-08-20T21:59:15.059Z
sensor.corridoio_temperatura_2,30.9,2026-08-20T22:14:19.908Z
sensor.corridoio_temperatura_2,30.88,2026-08-20T22:34:25.865Z
sensor.corridoio_temperatura_2,30.86,2026-08-20T22:49:30.068Z
sensor.corridoio_temperatura_2,30.82,2026-08-20T23:04:34.903Z
sensor.corridoio_temperatura_2,30.79,2026-08-20T23:59:51.041Z
sensor.corridoio_temperatura_2,30.78,2026-08-21T01:15:15.900Z
sensor.corridoio_temperatura_2,30.73,2026-08-21T01:30:20.039Z
sensor.corridoio_temperatura_2,30.71,2026-08-21T01:50:25.998Z
sensor.corridoio_temperatura_2,30.68,2026-08-21T02:10:33.044Z
sensor.corridoio_temperatura_2,30.64,2026-08-21T02:25:37.886Z
sensor.corridoio_temperatura_2,30.63,2026-08-21T02:45:43.900Z
sensor.corridoio_temperatura_2,30.61,2026-08-21T03:00:49.125Z
sensor.corridoio_temperatura_2,30.59,2026-08-21T03:20:55.084Z
sensor.corridoio_temperatura_2,30.57,2026-08-21T03:35:59.865Z
sensor.corridoio_temperatura_2,30.56,2026-08-21T03:51:05.109Z
sensor.corridoio_temperatura_2,30.54,2026-08-21T04:06:09.895Z
sensor.corridoio_temperatura_2,30.53,2026-08-21T04:26:15.894Z
sensor.corridoio_temperatura_2,30.51,2026-08-21T04:41:20.031Z
sensor.corridoio_temperatura_2,30.48,2026-08-21T04:56:24.884Z
sensor.corridoio_temperatura_2,30.46,2026-08-21T05:16:30.905Z
sensor.corridoio_temperatura_2,30.45,2026-08-21T05:31:35.046Z
sensor.corridoio_temperatura_2,30.44,2026-08-21T05:51:42.052Z
sensor.corridoio_temperatura_2,30.42,2026-08-21T06:06:46.931Z
sensor.corridoio_temperatura_2,30.4,2026-08-21T06:26:53.901Z
sensor.corridoio_temperatura_2,30.39,2026-08-21T06:41:59.020Z
sensor.corridoio_temperatura_2,30.37,2026-08-21T07:02:05.121Z
sensor.corridoio_temperatura_2,30.34,2026-08-21T07:22:12.065Z
sensor.corridoio_temperatura_2,30.33,2026-08-21T07:37:16.920Z
sensor.corridoio_temperatura_2,30.31,2026-08-21T07:52:21.052Z
sensor.corridoio_temperatura_2,30.3,2026-08-21T08:07:26.907Z
sensor.corridoio_temperatura_2,30.29,2026-08-21T08:27:31.778Z
sensor.corridoio_temperatura_2,30.27,2026-08-21T08:47:35.757Z
sensor.corridoio_temperatura_2,30.26,2026-08-21T09:02:43.935Z
sensor.corridoio_temperatura_2,30.24,2026-08-21T09:17:48.831Z
sensor.corridoio_temperatura_2,30.22,2026-08-21T09:32:52.922Z
sensor.corridoio_temperatura_2,30.2,2026-08-21T09:52:57.929Z
sensor.corridoio_temperatura_2,30.19,2026-08-21T10:08:01.801Z
sensor.corridoio_temperatura_2,30.17,2026-08-21T10:28:07.840Z
sensor.corridoio_temperatura_2,30.16,2026-08-21T10:43:10.981Z
sensor.corridoio_temperatura_2,30.13,2026-08-21T11:03:16.920Z
sensor.corridoio_temperatura_2,30.12,2026-08-21T11:38:24.791Z
sensor.corridoio_temperatura_2,30.1,2026-08-21T11:53:27.942Z
sensor.corridoio_temperatura_2,30.09,2026-08-21T12:13:33.978Z
sensor.corridoio_temperatura_2,30.08,2026-08-21T12:33:39.909Z
sensor.corridoio_temperatura_2,30.07,2026-08-21T13:08:48.766Z
sensor.corridoio_temperatura_2,30.04,2026-08-21T13:43:58.902Z
sensor.corridoio_temperatura_2,30.03,2026-08-21T14:04:03.925Z
sensor.corridoio_temperatura_2,30.02,2026-08-21T14:39:15.789Z
sensor.corridoio_temperatura_2,30.03,2026-08-21T14:54:19.985Z
sensor.corridoio_temperatura_2,30.04,2026-08-21T15:29:27.787Z
sensor.corridoio_temperatura_2,30.03,2026-08-21T17:40:05.788Z
sensor.corridoio_temperatura_2,30.02,2026-08-21T18:30:18.787Z
sensor.corridoio_temperatura_2,30.01,2026-08-21T18:45:22.932Z
sensor.corridoio_temperatura_2,30.0,2026-08-21T19:20:32.768Z
sensor.corridoio_temperatura_2,29.98,2026-08-21T19:35:37.013Z
sensor.corridoio_temperatura_2,29.97,2026-08-21T19:55:41.922Z
sensor.corridoio_temperatura_2,29.96,2026-08-21T20:10:45.789Z
sensor.corridoio_temperatura_2,29.94,2026-08-21T20:30:51.797Z
sensor.corridoio_temperatura_2,29.92,2026-08-21T20:50:56.776Z
sensor.corridoio_temperatura_2,29.9,2026-08-21T21:11:01.751Z
sensor.corridoio_temperatura_2,29.88,2026-08-21T21:26:05.973Z
sensor.corridoio_temperatura_2,29.87,2026-08-21T21:41:09.771Z
sensor.corridoio_temperatura_2,29.85,2026-08-21T21:56:13.926Z
sensor.corridoio_temperatura_2,29.83,2026-08-21T22:16:19.975Z
sensor.corridoio_temperatura_2,29.82,2026-08-21T22:31:24.763Z
sensor.corridoio_temperatura_2,29.8,2026-08-21T22:51:29.777Z
sensor.corridoio_temperatura_2,29.78,2026-08-21T23:11:33.744Z
sensor.corridoio_temperatura_2,29.75,2026-08-21T23:26:36.902Z
sensor.corridoio_temperatura_2,29.73,2026-08-21T23:46:41.991Z
sensor.corridoio_temperatura_2,29.72,2026-08-22T00:01:46.767Z
sensor.corridoio_temperatura_2,29.7,2026-08-22T00:21:51.770Z
sensor.corridoio_temperatura_2,29.68,2026-08-22T00:36:54.994Z
sensor.corridoio_temperatura_2,29.66,2026-08-22T00:51:59.750Z
sensor.corridoio_temperatura_2,29.65,2026-08-22T01:12:04.778Z
sensor.corridoio_temperatura_2,29.61,2026-08-22T01:27:08.909Z
sensor.corridoio_temperatura_2,29.59,2026-08-22T01:47:13.898Z
sensor.corridoio_temperatura_2,29.58,2026-08-22T02:07:18.904Z
sensor.corridoio_temperatura_2,29.56,2026-08-22T02:22:22.760Z
sensor.corridoio_temperatura_2,29.54,2026-08-22T02:42:27.784Z
sensor.corridoio_temperatura_2,29.53,2026-08-22T02:57:30.940Z
sensor.corridoio_temperatura_2,29.5,2026-08-22T03:17:35.918Z
sensor.corridoio_temperatura_2,29.48,2026-08-22T03:37:39.970Z
sensor.corridoio_temperatura_2,29.45,2026-08-22T03:52:43.772Z
sensor.corridoio_temperatura_2,29.43,2026-08-22T04:12:48.750Z
sensor.corridoio_temperatura_2,29.41,2026-08-22T04:42:57.764Z
sensor.corridoio_temperatura_2,29.39,2026-08-22T04:58:00.918Z
sensor.corridoio_temperatura_2,29.37,2026-08-22T05:18:05.917Z
sensor.corridoio_temperatura_2,29.35,2026-08-22T05:33:09.797Z
sensor.corridoio_temperatura_2,29.34,2026-08-22T05:53:14.801Z
sensor.corridoio_temperatura_2,29.31,2026-08-22T06:08:17.905Z
sensor.corridoio_temperatura_2,29.3,2026-08-22T06:28:21.975Z
sensor.corridoio_temperatura_2,29.29,2026-08-22T06:43:25.784Z
sensor.corridoio_temperatura_2,29.28,2026-08-22T06:58:29.893Z
sensor.corridoio_temperatura_2,29.27,2026-08-22T07:33:39.760Z
sensor.corridoio_temperatura_2,29.26,2026-08-22T07:53:44.787Z
sensor.corridoio_temperatura_2,29.27,2026-08-22T08:28:54.944Z
sensor.corridoio_temperatura_2,29.28,2026-08-22T09:19:08.989Z
sensor.corridoio_temperatura_2,29.29,2026-08-22T09:39:14.931Z
sensor.corridoio_temperatura_2,29.28,2026-08-22T09:54:19.810Z
sensor.corridoio_temperatura_2,29.3,2026-08-22T10:14:24.784Z
sensor.corridoio_temperatura_2,29.31,2026-08-22T10:29:29.003Z
sensor.corridoio_temperatura_2,29.33,2026-08-22T10:44:33.767Z
sensor.corridoio_temperatura_2,29.34,2026-08-22T11:04:38.793Z
sensor.corridoio_temperatura_2,29.35,2026-08-22T11:19:42.913Z
sensor.corridoio_temperatura_2,29.36,2026-08-22T11:39:47.933Z
sensor.corridoio_temperatura_2,29.37,2026-08-22T11:54:52.799Z
sensor.corridoio_temperatura_2,29.38,2026-08-22T12:09:56.945Z
sensor.corridoio_temperatura_2,29.39,2026-08-22T12:30:02.413Z
sensor.corridoio_temperatura_2,29.41,2026-08-22T12:45:06.798Z
sensor.corridoio_temperatura_2,29.43,2026-08-22T13:05:12.759Z
sensor.corridoio_temperatura_2,29.44,2026-08-22T14:00:34.965Z
sensor.corridoio_temperatura_2,29.45,2026-08-22T14:15:39.787Z
sensor.corridoio_temperatura_2,29.46,2026-08-22T14:35:44.766Z
sensor.corridoio_temperatura_2,29.48,2026-08-22T14:50:47.914Z
sensor.corridoio_temperatura_2,29.49,2026-08-22T15:10:56.965Z
sensor.corridoio_temperatura_2,29.5,2026-08-22T15:26:01.768Z
sensor.corridoio_temperatura_2,29.51,2026-08-22T15:46:06.795Z
sensor.corridoio_temperatura_2,29.52,2026-08-22T16:41:20.960Z
sensor.corridoio_temperatura_2,29.53,2026-08-22T17:16:31.755Z
sensor.corridoio_temperatura_2,29.54,2026-08-22T18:26:51.817Z
sensor.corridoio_temperatura_2,29.53,2026-08-22T18:41:55.923Z
sensor.corridoio_temperatura_2,29.52,2026-08-22T20:17:17.797Z
sensor.corridoio_temperatura_2,29.51,2026-08-22T20:47:24.754Z
sensor.corridoio_temperatura_2,29.5,2026-08-22T21:07:30.756Z
sensor.corridoio_temperatura_2,29.49,2026-08-22T21:22:34.956Z
sensor.corridoio_temperatura_2,29.48,2026-08-22T21:57:47.766Z
sensor.corridoio_temperatura_2,29.45,2026-08-22T22:17:53.762Z
sensor.corridoio_temperatura_2,29.44,2026-08-22T22:32:57.898Z
sensor.corridoio_temperatura_2,29.43,2026-08-22T22:53:02.935Z
sensor.corridoio_temperatura_2,29.41,2026-08-22T23:28:12.766Z
sensor.corridoio_temperatura_2,29.39,2026-08-22T23:43:16.956Z
sensor.corridoio_temperatura_2,29.38,2026-08-22T23:58:20.769Z
sensor.corridoio_temperatura_2,29.36,2026-08-23T00:13:23.920Z
sensor.corridoio_temperatura_2,29.35,2026-08-23T00:33:27.922Z
sensor.corridoio_temperatura_2,29.33,2026-08-23T00:48:31.776Z
sensor.corridoio_temperatura_2,29.31,2026-08-23T01:08:36.787Z
sensor.corridoio_temperatura_2,29.29,2026-08-23T01:23:40.982Z
sensor.corridoio_temperatura_2,29.27,2026-08-23T01:43:46.989Z
sensor.corridoio_temperatura_2,29.26,2026-08-23T02:03:51.922Z
sensor.corridoio_temperatura_2,29.23,2026-08-23T02:18:55.760Z
sensor.corridoio_temperatura_2,29.22,2026-08-23T02:49:03.765Z
sensor.corridoio_temperatura_2,29.2,2026-08-23T03:09:08.758Z
sensor.corridoio_temperatura_2,29.18,2026-08-23T03:29:14.767Z
sensor.corridoio_temperatura_2,29.16,2026-08-23T03:49:20.767Z
sensor.corridoio_temperatura_2,29.15,2026-08-23T04:04:28.888Z
sensor.corridoio_temperatura_2,29.13,2026-08-23T04:24:32.997Z
sensor.corridoio_temperatura_2,29.11,2026-08-23T04:39:37.775Z
sensor.corridoio_temperatura_2,29.1,2026-08-23T04:54:41.966Z
sensor.corridoio_temperatura_2,29.09,2026-08-23T05:14:47.928Z
sensor.corridoio_temperatura_2,29.07,2026-08-23T05:34:53.987Z
sensor.corridoio_temperatura_2,29.08,2026-08-23T06:10:05.760Z
sensor.corridoio_temperatura_2,29.07,2026-08-23T06:30:09.793Z
sensor.corridoio_temperatura_2,29.06,2026-08-23T07:05:19.927Z
sensor.corridoio_temperatura_2,29.05,2026-08-23T07:45:30.010Z
sensor.corridoio_temperatura_2,29.06,2026-08-23T08:00:34.803Z
sensor.corridoio_temperatura_2,29.07,2026-08-23T09:25:58.982Z
sensor.corridoio_temperatura_2,29.08,2026-08-23T10:01:09.789Z
sensor.corridoio_temperatura_2,29.09,2026-08-23T10:36:18.884Z
sensor.corridoio_temperatura_2,29.1,2026-08-23T10:56:23.930Z
sensor.corridoio_temperatura_2,29.11,2026-08-23T11:31:32.781Z
sensor.corridoio_temperatura_2,29.12,2026-08-23T11:51:36.804Z
sensor.corridoio_temperatura_2,29.13,2026-08-23T12:06:40.898Z
sensor.corridoio_temperatura_2,29.14,2026-08-23T12:26:45.892Z
sensor.corridoio_temperatura_2,29.15,2026-08-23T12:41:49.778Z
sensor.corridoio_temperatura_2,29.18,2026-08-23T13:01:55.814Z
sensor.corridoio_temperatura_2,29.2,2026-08-23T13:37:05.948Z
sensor.corridoio_temperatura_2,29.21,2026-08-23T13:57:10.921Z
sensor.corridoio_temperatura_2,29.22,2026-08-23T14:12:14.797Z
sensor.corridoio_temperatura_2,29.23,2026-08-23T14:27:17.978Z
sensor.corridoio_temperatura_2,29.24,2026-08-23T15:07:34.956Z
sensor.corridoio_temperatura_2,29.26,2026-08-23T15:22:43.752Z
sensor.corridoio_temperatura_2,29.27,2026-08-23T15:57:52.987Z
sensor.corridoio_temperatura_2,29.28,2026-08-23T16:17:59.028Z
sensor.corridoio_temperatura_2,29.29,2026-08-23T16:38:04.995Z
sensor.corridoio_temperatura_2,29.3,2026-08-23T17:13:14.760Z
sensor.corridoio_temperatura_2,29.31,2026-08-23T17:48:24.957Z
sensor.corridoio_temperatura_2,29.33,2026-08-23T18:58:43.006Z
sensor.corridoio_temperatura_2,29.31,2026-08-23T19:53:55.794Z
sensor.corridoio_temperatura_2,29.3,2026-08-23T20:44:09.754Z
sensor.corridoio_temperatura_2,29.29,2026-08-23T21:54:29.770Z
sensor.corridoio_temperatura_2,29.28,2026-08-23T23:04:47.777Z
sensor.corridoio_temperatura_2,29.29,2026-08-23T23:19:51.976Z
sensor.corridoio_temperatura_2,29.28,2026-08-23T23:39:56.904Z
sensor.corridoio_temperatura_2,29.27,2026-08-24T00:10:03.925Z
sensor.corridoio_temperatura_2,29.26,2026-08-24T01:00:17.939Z
sensor.corridoio_temperatura_2,29.25,2026-08-24T01:55:30.780Z
sensor.corridoio_temperatura_2,29.24,2026-08-24T02:10:33.951Z
sensor.corridoio_temperatura_2,29.23,2026-08-24T02:45:43.823Z
sensor.corridoio_temperatura_2,29.22,2026-08-24T03:20:53.928Z
sensor.corridoio_temperatura_2,29.21,2026-08-24T03:40:59.927Z
sensor.corridoio_temperatura_2,29.2,2026-08-24T04:11:08.919Z
sensor.corridoio_temperatura_2,29.19,2026-08-24T04:46:18.804Z
sensor.corridoio_temperatura_2,29.18,2026-08-24T05:01:21.943Z
sensor.corridoio_temperatura_2,29.16,2026-08-24T05:36:32.783Z
sensor.corridoio_temperatura_2,29.14,2026-08-24T05:51:36.938Z
sensor.corridoio_temperatura_2,29.13,2026-08-24T06:06:40.819Z
sensor.corridoio_temperatura_2,29.12,2026-08-24T06:46:51.811Z
sensor.corridoio_temperatura_2,29.11,2026-08-24T07:01:55.989Z
sensor.corridoio_temperatura_2,29.1,2026-08-24T07:37:06.793Z
sensor.corridoio_temperatura_2,29.09,2026-08-24T08:17:17.841Z
sensor.corridoio_temperatura_2,29.1,2026-08-24T08:37:23.800Z
sensor.corridoio_temperatura_2,29.11,2026-08-24T09:27:35.797Z
sensor.corridoio_temperatura_2,29.12,2026-08-24T10:02:56.924Z
sensor.corridoio_temperatura_2,29.13,2026-08-24T10:18:00.780Z
sensor.corridoio_temperatura_2,29.14,2026-08-24T10:33:07.949Z
sensor.corridoio_temperatura_2,29.15,2026-08-24T10:48:12.779Z
sensor.corridoio_temperatura_2,29.16,2026-08-24T11:08:18.782Z
sensor.corridoio_temperatura_2,29.18,2026-08-24T11:28:24.787Z
sensor.corridoio_temperatura_2,29.19,2026-08-24T11:43:28.997Z
sensor.corridoio_temperatura_2,29.2,2026-08-24T12:03:34.957Z
sensor.corridoio_temperatura_2,29.21,2026-08-24T12:23:41.035Z
sensor.corridoio_temperatura_2,29.22,2026-08-24T12:38:45.778Z
sensor.corridoio_temperatura_2,29.23,2026-08-24T12:58:51.831Z
sensor.corridoio_temperatura_2,29.24,2026-08-24T13:18:57.775Z
sensor.corridoio_temperatura_2,29.25,2026-08-24T13:34:01.969Z
sensor.corridoio_temperatura_2,29.26,2026-08-24T13:49:06.782Z
sensor.corridoio_temperatura_2,29.27,2026-08-24T14:04:10.927Z
sensor.corridoio_temperatura_2,29.28,2026-08-24T14:24:15.924Z
sensor.corridoio_temperatura_2,29.29,2026-08-24T14:44:21.916Z
sensor.corridoio_temperatura_2,29.3,2026-08-24T14:59:25.800Z
sensor.corridoio_temperatura_2,29.31,2026-08-24T15:19:29.784Z
sensor.corridoio_temperatura_2,29.33,2026-08-24T15:39:33.802Z
sensor.corridoio_temperatura_2,29.34,2026-08-24T15:54:36.933Z
sensor.corridoio_temperatura_2,29.35,2026-08-24T16:14:42.939Z
sensor.corridoio_temperatura_2,29.36,2026-08-24T16:49:53.789Z
sensor.corridoio_temperatura_2,29.37,2026-08-24T17:40:08.767Z
sensor.corridoio_temperatura_2,29.36,2026-08-24T20:00:59.770Z
sensor.corridoio_temperatura_2,29.35,2026-08-24T20:36:09.948Z
sensor.corridoio_temperatura_2,29.34,2026-08-24T21:46:35.016Z
sensor.corridoio_temperatura_2,29.33,2026-08-24T23:12:00.782Z
sensor.corridoio_temperatura_2,29.34,2026-08-24T23:32:06.774Z
sensor.corridoio_temperatura_2,29.33,2026-08-24T23:47:10.924Z
sensor.corridoio_temperatura_2,29.31,2026-08-25T00:42:25.782Z
sensor.corridoio_temperatura_2,29.3,2026-08-25T01:37:39.942Z
sensor.corridoio_temperatura_2,29.29,2026-08-25T02:07:48.907Z
sensor.corridoio_temperatura_2,29.28,2026-08-25T02:42:56.772Z
sensor.corridoio_temperatura_2,29.27,2026-08-25T03:18:06.915Z
sensor.corridoio_temperatura_2,29.26,2026-08-25T03:38:10.938Z
sensor.corridoio_temperatura_2,29.25,2026-08-25T04:13:19.766Z
sensor.corridoio_temperatura_2,29.24,2026-08-25T04:33:24.780Z
sensor.corridoio_temperatura_2,29.23,2026-08-25T04:48:28.924Z
sensor.corridoio_temperatura_2,29.22,2026-08-25T05:28:38.926Z
sensor.corridoio_temperatura_2,29.19,2026-08-25T06:03:49.823Z
sensor.corridoio_temperatura_2,29.16,2026-08-25T06:38:58.915Z
sensor.corridoio_temperatura_2,29.15,2026-08-25T06:59:03.909Z
sensor.corridoio_temperatura_2,29.14,2026-08-25T07:19:07.957Z
sensor.corridoio_temperatura_2,29.13,2026-08-25T07:54:18.783Z
sensor.corridoio_temperatura_2,29.12,2026-08-25T08:14:23.795Z
sensor.corridoio_temperatura_2,29.1,2026-08-25T08:49:32.948Z
sensor.corridoio_temperatura_2,29.09,2026-08-25T09:24:43.781Z
sensor.corridoio_temperatura_2,29.08,2026-08-25T09:39:47.918Z
sensor.corridoio_temperatura_2,29.07,2026-08-25T10:19:57.972Z
sensor.corridoio_temperatura_2,29.08,2026-08-25T12:15:30.767Z
sensor.corridoio_temperatura_2,29.09,2026-08-25T12:30:37.293Z
sensor.corridoio_temperatura_2,29.1,2026-08-25T12:50:42.918Z
sensor.corridoio_temperatura_2,29.11,2026-08-25T13:25:52.840Z
sensor.corridoio_temperatura_2,29.12,2026-08-25T13:40:56.986Z
sensor.corridoio_temperatura_2,29.13,2026-08-25T14:01:03.191Z
sensor.corridoio_temperatura_2,29.14,2026-08-25T14:36:11.810Z
sensor.corridoio_temperatura_2,29.15,2026-08-25T14:56:17.769Z
sensor.corridoio_temperatura_2,29.16,2026-08-25T15:26:26.783Z
sensor.corridoio_temperatura_2,29.18,2026-08-25T16:16:37.826Z
sensor.corridoio_temperatura_2,29.19,2026-08-25T16:51:45.957Z
sensor.corridoio_temperatura_2,29.2,2026-08-25T17:47:02.808Z
sensor.corridoio_temperatura_2,29.19,2026-08-25T20:37:49.767Z
sensor.corridoio_temperatura_2,29.18,2026-08-25T21:07:58.757Z
sensor.corridoio_temperatura_2,29.16,2026-08-25T22:18:15.775Z
sensor.corridoio_temperatura_2,29.15,2026-08-25T23:28:34.745Z
sensor.corridoio_temperatura_2,29.14,2026-08-26T00:58:57.730Z
sensor.corridoio_temperatura_2,29.13,2026-08-26T01:34:06.975Z
sensor.corridoio_temperatura_2,29.12,2026-08-26T02:24:21.996Z
sensor.corridoio_temperatura_2,29.11,2026-08-26T03:04:35.227Z
sensor.corridoio_temperatura_2,29.1,2026-08-26T03:54:49.918Z
sensor.corridoio_temperatura_2,29.09,2026-08-26T04:14:54.946Z
sensor.corridoio_temperatura_2,29.07,2026-08-26T05:00:08.789Z
sensor.corridoio_temperatura_2,29.06,2026-08-26T05:35:19.013Z
sensor.corridoio_temperatura_2,29.05,2026-08-26T05:50:23.818Z
sensor.corridoio_temperatura_2,29.04,2026-08-26T06:25:32.953Z
sensor.corridoio_temperatura_2,29.03,2026-08-26T06:45:38.995Z
sensor.corridoio_temperatura_2,29.01,2026-08-26T07:35:53.930Z
sensor.corridoio_temperatura_2,29.0,2026-08-26T07:50:58.799Z
sensor.corridoio_temperatura_2,29.01,2026-08-26T08:06:03.038Z
sensor.corridoio_temperatura_2,28.99,2026-08-26T08:26:08.997Z
sensor.corridoio_temperatura_2,29.0,2026-08-26T10:26:44.044Z
sensor.corridoio_temperatura_2,29.01,2026-08-26T11:01:54.787Z
sensor.corridoio_temperatura_2,29.03,2026-08-26T11:37:04.954Z
sensor.corridoio_temperatura_2,29.04,2026-08-26T11:57:40.004Z
sensor.corridoio_temperatura_2,29.05,2026-08-26T12:17:45.991Z
sensor.corridoio_temperatura_2,29.06,2026-08-26T12:33:04.816Z
sensor.corridoio_temperatura_2,29.07,2026-08-26T12:53:10.792Z
sensor.corridoio_temperatura_2,29.08,2026-08-26T13:13:16.808Z
climate.corridoio_2,auto,2026-08-16T02:29:12.917Z,31.5,heating,,,17
climate.corridoio_2,auto,2026-08-16T03:54:34.731Z,31.5,heating,,,17
climate.corridoio_2,auto,2026-08-16T04:29:42.899Z,31.5,heating,,,17
climate.corridoio_2,auto,2026-08-16T04:44:45.746Z,31.4,heating,,,17
climate.corridoio_2,auto,2026-08-16T05:04:50.769Z,31.4,heating,,,17
climate.corridoio_2,auto,2026-08-16T05:44:59.800Z,31.4,heating,,,17
climate.corridoio_2,auto,2026-08-16T06:00:03.055Z,31.4,heating,,,20
climate.corridoio_2,auto,2026-08-16T07:10:17.877Z,31.4,heating,,,20
climate.corridoio_2,auto,2026-08-16T07:25:20.751Z,31.4,heating,,,20
climate.corridoio_2,auto,2026-08-16T07:45:25.749Z,31.4,heating,,,20
climate.corridoio_2,auto,2026-08-16T08:05:29.772Z,31.4,heating,,,20
climate.corridoio_2,auto,2026-08-16T08:35:37.752Z,31.4,heating,,,20
climate.corridoio_2,auto,2026-08-16T08:55:41.737Z,31.4,heating,,,20
climate.corridoio_2,auto,2026-08-16T09:30:48.877Z,31.4,heating,,,20
climate.corridoio_2,auto,2026-08-16T09:45:51.775Z,31.4,heating,,,20
climate.corridoio_2,auto,2026-08-16T10:00:54.887Z,31.5,heating,,,20
climate.corridoio_2,auto,2026-08-16T10:41:02.977Z,31.5,heating,,,20
climate.corridoio_2,auto,2026-08-16T11:51:18.868Z,31.6,heating,,,20
climate.corridoio_2,auto,2026-08-16T12:11:22.868Z,31.6,heating,,,20
climate.corridoio_2,auto,2026-08-16T12:46:30.751Z,31.6,heating,,,20
climate.corridoio_2,auto,2026-08-16T13:06:34.736Z,31.6,heating,,,20
climate.corridoio_2,auto,2026-08-16T13:21:37.863Z,31.6,heating,,,20
climate.corridoio_2,auto,2026-08-16T14:16:50.759Z,31.7,heating,,,20
climate.corridoio_2,auto,2026-08-16T14:51:58.868Z,31.7,heating,,,20
climate.corridoio_2,auto,2026-08-16T15:47:10.751Z,31.8,heating,,,20
climate.corridoio_2,auto,2026-08-16T16:07:14.730Z,31.8,heating,,,20
climate.corridoio_2,auto,2026-08-16T16:22:17.875Z,31.8,heating,,,20
climate.corridoio_2,auto,2026-08-16T16:57:24.760Z,31.8,heating,,,20
climate.corridoio_2,auto,2026-08-16T17:37:34.788Z,31.8,heating,,,20
climate.corridoio_2,auto,2026-08-16T17:52:38.904Z,31.8,heating,,,20
climate.corridoio_2,auto,2026-08-16T19:02:54.960Z,31.8,heating,,,17
climate.corridoio_2,auto,2026-08-16T19:22:59.973Z,31.8,heating,,,17
climate.corridoio_2,auto,2026-08-16T19:43:05.920Z,31.8,heating,,,17
climate.corridoio_2,auto,2026-08-16T19:58:08.773Z,31.8,heating,,,17
climate.corridoio_2,auto,2026-08-16T20:18:13.762Z,31.8,heating,,,17
climate.corridoio_2,auto,2026-08-16T20:33:16.885Z,31.8,heating,,,17
climate.corridoio_2,auto,2026-08-16T20:53:20.911Z,31.8,heating,,,17
climate.corridoio_2,auto,2026-08-16T21:13:24.900Z,31.8,heating,,,17
climate.corridoio_2,auto,2026-08-16T21:28:28.751Z,31.8,heating,,,17
climate.corridoio_2,auto,2026-08-16T21:43:32.902Z,31.7,heating,,,17
climate.corridoio_2,auto,2026-08-16T22:03:36.927Z,31.7,heating,,,17
climate.corridoio_2,auto,2026-08-16T22:23:40.959Z,31.7,heating,,,17
climate.corridoio_2,auto,2026-08-16T22:38:44.744Z,31.7,heating,,,17
climate.corridoio_2,auto,2026-08-16T23:13:52.898Z,31.7,heating,,,17
climate.corridoio_2,auto,2026-08-16T23:33:56.910Z,31.7,heating,,,17
climate.corridoio_2,auto,2026-08-16T23:49:00.764Z,31.6,heating,,,17
climate.corridoio_2,auto,2026-08-17T00:09:05.737Z,31.6,heating,,,17
climate.corridoio_2,auto,2026-08-17T00:44:12.947Z,31.6,heating,,,17
climate.corridoio_2,auto,2026-08-17T01:04:18.001Z,31.6,heating,,,17
climate.corridoio_2,auto,2026-08-17T01:24:23.859Z,31.6,heating,,,17
climate.corridoio_2,auto,2026-08-17T01:39:27.774Z,31.6,heating,,,17
climate.corridoio_2,auto,2026-08-17T01:54:31.871Z,31.6,heating,,,17
climate.corridoio_2,auto,2026-08-17T02:14:35.952Z,31.5,heating,,,17
climate.corridoio_2,auto,2026-08-17T02:29:40.756Z,31.5,heating,,,17
climate.corridoio_2,auto,2026-08-17T03:55:00.865Z,31.4,heating,,,17
climate.corridoio_2,auto,2026-08-17T04:00:02.122Z,31.4,heating,,,20
climate.corridoio_2,auto,2026-08-17T05:25:22.913Z,31.4,heating,,,20
climate.corridoio_2,auto,2026-08-17T05:45:27.957Z,31.3,heating,,,20
climate.corridoio_2,auto,2026-08-17T06:00:31.752Z,31.3,heating,,,18
climate.corridoio_2,auto,2026-08-17T06:15:34.871Z,31.3,heating,,,18
climate.corridoio_2,auto,2026-08-17T06:30:37.762Z,31.3,heating,,,18
climate.corridoio_2,auto,2026-08-17T07:55:57.926Z,31.3,heating,,,18
climate.corridoio_2,auto,2026-08-17T08:11:00.756Z,31.3,heating,,,18
climate.corridoio_2,auto,2026-08-17T08:46:08.907Z,31.2,heating,,,18
climate.corridoio_2,auto,2026-08-17T09:06:12.867Z,31.3,heating,,,18
climate.corridoio_2,auto,2026-08-17T09:41:20.759Z,31.3,heating,,,18
climate.corridoio_2,auto,2026-08-17T10:01:24.742Z,31.3,heating,,,18
climate.corridoio_2,auto,2026-08-17T10:16:28.873Z,31.3,heating,,,18
climate.corridoio_2,auto,2026-08-17T10:31:31.747Z,31.3,heating,,,18
climate.corridoio_2,auto,2026-08-17T10:46:34.904Z,31.3,heating,,,18
climate.corridoio_2,auto,2026-08-17T11:01:37.725Z,31.3,heating,,,18
climate.corridoio_2,auto,2026-08-17T11:16:40.883Z,31.3,heating,,,18
climate.corridoio_2,auto,2026-08-17T11:36:44.887Z,31.3,heating,,,18
climate.corridoio_2,auto,2026-08-17T11:56:48.858Z,31.3,heating,,,18
climate.corridoio_2,auto,2026-08-17T12:11:52.750Z,31.4,heating,,,18
climate.corridoio_2,auto,2026-08-17T12:31:58.781Z,31.4,heating,,,18
climate.corridoio_2,auto,2026-08-17T12:47:05.953Z,31.4,heating,,,18
climate.corridoio_2,auto,2026-08-17T13:02:09.725Z,31.4,heating,,,20
climate.corridoio_2,auto,2026-08-17T13:22:14.724Z,31.4,heating,,,20
climate.corridoio_2,auto,2026-08-17T13:57:22.939Z,31.4,heating,,,20
climate.corridoio_2,auto,2026-08-17T14:27:30.875Z,31.5,heating,,,20
climate.corridoio_2,auto,2026-08-17T14:47:34.923Z,31.5,heating,,,20
climate.corridoio_2,auto,2026-08-17T15:02:37.724Z,31.5,heating,,,20
climate.corridoio_2,auto,2026-08-17T15:22:42.773Z,31.5,heating,,,20
climate.corridoio_2,auto,2026-08-17T15:37:45.937Z,31.5,heating,,,20
climate.corridoio_2,auto,2026-08-17T15:57:50.888Z,31.5,heating,,,20
climate.corridoio_2,auto,2026-08-17T16:17:54.889Z,31.5,heating,,,20
climate.corridoio_2,auto,2026-08-17T16:32:58.751Z,31.5,heating,,,20
climate.corridoio_2,auto,2026-08-17T16:53:04.765Z,31.5,heating,,,20
climate.corridoio_2,auto,2026-08-17T17:13:09.752Z,31.5,heating,,,20
climate.corridoio_2,auto,2026-08-17T17:28:12.931Z,31.5,heating,,,20
climate.corridoio_2,auto,2026-08-17T17:43:16.770Z,31.5,heating,,,20
climate.corridoio_2,auto,2026-08-17T18:03:22.738Z,31.5,heating,,,20
climate.corridoio_2,auto,2026-08-17T18:23:27.760Z,31.5,heating,,,20
climate.corridoio_2,auto,2026-08-17T18:38:31.894Z,31.5,heating,,,20
climate.corridoio_2,auto,2026-08-17T19:03:37.732Z,31.5,heating,,,17
climate.corridoio_2,auto,2026-08-17T19:13:40.727Z,31.4,heating,,,17
climate.corridoio_2,auto,2026-08-17T19:28:44.894Z,31.4,heating,,,17
climate.corridoio_2,auto,2026-08-17T21:44:22.735Z,31.4,heating,,,17
climate.corridoio_2,auto,2026-08-17T22:19:31.917Z,31.4,heating,,,17
climate.corridoio_2,auto,2026-08-17T22:34:34.802Z,31.4,heating,,,17
climate.corridoio_2,auto,2026-08-17T22:49:38.883Z,31.3,heating,,,17
climate.corridoio_2,auto,2026-08-17T23:39:50.908Z,31.3,heating,,,17
climate.corridoio_2,auto,2026-08-17T23:59:55.881Z,31.3,heating,,,17
climate.corridoio_2,auto,2026-08-18T00:14:58.773Z,31.3,heating,,,17
climate.corridoio_2,auto,2026-08-18T00:30:01.961Z,31.3,heating,,,17
climate.corridoio_2,auto,2026-08-18T00:50:06.963Z,31.2,heating,,,17
climate.corridoio_2,auto,2026-08-18T01:05:10.768Z,31.2,heating,,,17
climate.corridoio_2,auto,2026-08-18T01:25:14.723Z,31.2,heating,,,17
climate.corridoio_2,auto,2026-08-18T01:40:17.949Z,31.2,heating,,,17
climate.corridoio_2,auto,2026-08-18T02:00:22.898Z,31.2,heating,,,17
climate.corridoio_2,auto,2026-08-18T02:15:26.770Z,31.2,heating,,,17
climate.corridoio_2,auto,2026-08-18T02:35:35.757Z,31.2,heating,,,17
climate.corridoio_2,auto,2026-08-18T02:50:38.901Z,31.1,heating,,,17
climate.corridoio_2,auto,2026-08-18T03:05:42.755Z,31.1,heating,,,17
climate.corridoio_2,auto,2026-08-18T03:25:46.746Z,31.1,heating,,,17
climate.corridoio_2,auto,2026-08-18T03:45:51.741Z,31.1,heating,,,17
climate.corridoio_2,auto,2026-08-18T04:00:54.902Z,31.1,heating,,,20
climate.corridoio_2,auto,2026-08-18T04:36:02.775Z,31.1,heating,,,20
climate.corridoio_2,auto,2026-08-18T04:51:06.883Z,31.1,heating,,,20
climate.corridoio_2,auto,2026-08-18T05:11:10.884Z,31,heating,,,20
climate.corridoio_2,auto,2026-08-18T05:26:13.733Z,31,heating,,,20
climate.corridoio_2,auto,2026-08-18T05:46:18.752Z,31,heating,,,20
climate.corridoio_2,auto,2026-08-18T06:01:21.953Z,31,heating,,,18
climate.corridoio_2,auto,2026-08-18T06:16:27.768Z,31,heating,,,18
climate.corridoio_2,auto,2026-08-18T06:51:37.904Z,30.9,heating,,,18
climate.corridoio_2,auto,2026-08-18T07:11:42.899Z,30.9,heating,,,18
climate.corridoio_2,auto,2026-08-18T07:26:45.745Z,30.9,heating,,,18
climate.corridoio_2,auto,2026-08-18T07:41:48.906Z,30.9,heating,,,18
climate.corridoio_2,auto,2026-08-18T08:52:06.982Z,30.9,heating,,,18
climate.corridoio_2,auto,2026-08-18T09:07:11.771Z,31,heating,,,18
climate.corridoio_2,auto,2026-08-18T09:27:16.775Z,31,heating,,,18
climate.corridoio_2,auto,2026-08-18T09:47:23.684Z,31,heating,,,18
climate.corridoio_2,auto,2026-08-18T10:42:38.060Z,31,heating,,,18
climate.corridoio_2,auto,2026-08-18T11:02:42.916Z,31,heating,,,18
climate.corridoio_2,auto,2026-08-18T11:17:49.756Z,31,heating,,,18
climate.corridoio_2,auto,2026-08-18T11:37:54.768Z,31.1,heating,,,18
climate.corridoio_2,auto,2026-08-18T12:13:03.958Z,31.1,heating,,,18
climate.corridoio_2,auto,2026-08-18T12:33:08.927Z,31.1,heating,,,18
climate.corridoio_2,auto,2026-08-18T12:48:12.724Z,31.1,heating,,,18
climate.corridoio_2,auto,2026-08-18T13:03:15.994Z,31.1,heating,,,20
climate.corridoio_2,auto,2026-08-18T13:23:21.923Z,31.1,heating,,,20
climate.corridoio_2,auto,2026-08-18T13:38:25.764Z,31.1,heating,,,20
climate.corridoio_2,auto,2026-08-18T13:58:31.817Z,31.1,heating,,,20
climate.corridoio_2,auto,2026-08-18T14:18:45.766Z,31.2,heating,,,20
climate.corridoio_2,auto,2026-08-18T14:38:50.751Z,31.2,heating,,,20
climate.corridoio_2,auto,2026-08-18T14:58:55.768Z,31.2,heating,,,20
climate.corridoio_2,auto,2026-08-18T15:13:59.951Z,31.2,heating,,,20
climate.corridoio_2,auto,2026-08-18T15:29:04.747Z,31.2,heating,,,20
climate.corridoio_2,auto,2026-08-18T15:44:07.920Z,31.2,heating,,,20
climate.corridoio_2,auto,2026-08-18T15:59:10.765Z,31.2,heating,,,20
climate.corridoio_2,auto,2026-08-18T16:19:14.757Z,31.2,heating,,,20
climate.corridoio_2,auto,2026-08-18T16:39:19.750Z,31.2,heating,,,20
climate.corridoio_2,auto,2026-08-18T16:54:22.903Z,31.2,heating,,,20
climate.corridoio_2,auto,2026-08-18T17:14:27.935Z,31.2,heating,,,20
climate.corridoio_2,auto,2026-08-18T18:24:45.920Z,31.2,heating,,,20
climate.corridoio_2,auto,2026-08-18T18:39:49.799Z,31.2,heating,,,20
climate.corridoio_2,auto,2026-08-18T18:59:53.729Z,31.2,heating,,,20
climate.corridoio_2,auto,2026-08-18T19:04:54.918Z,31.2,heating,,,17
climate.corridoio_2,auto,2026-08-18T19:19:57.764Z,31.2,heating,,,17
climate.corridoio_2,auto,2026-08-18T19:55:06.900Z,31.2,heating,,,17
climate.corridoio_2,auto,2026-08-18T20:15:11.928Z,31.2,heating,,,17
climate.corridoio_2,auto,2026-08-18T20:30:16.749Z,31.2,heating,,,17
climate.corridoio_2,auto,2026-08-18T21:05:24.941Z,31.2,heating,,,17
climate.corridoio_2,auto,2026-08-18T21:25:30.915Z,31.2,heating,,,17
climate.corridoio_2,auto,2026-08-18T21:40:34.777Z,31.2,heating,,,17
climate.corridoio_2,auto,2026-08-18T22:10:41.775Z,31.2,heating,,,17
climate.corridoio_2,auto,2026-08-18T22:30:47.797Z,31.2,heating,,,17
climate.corridoio_2,auto,2026-08-18T22:45:51.932Z,31.1,heating,,,17
climate.corridoio_2,auto,2026-08-18T23:00:55.790Z,31.1,heating,,,17
climate.corridoio_2,auto,2026-08-18T23:20:59.774Z,31.1,heating,,,17
climate.corridoio_2,auto,2026-08-19T00:01:11.800Z,31.1,heating,,,17
climate.corridoio_2,auto,2026-08-19T00:16:14.981Z,31.1,heating,,,17
climate.corridoio_2,auto,2026-08-19T00:51:25.754Z,31.1,heating,,,17
climate.corridoio_2,auto,2026-08-19T02:01:50.750Z,31,heating,,,17
climate.corridoio_2,auto,2026-08-19T02:31:58.760Z,31,heating,,,17
climate.corridoio_2,auto,2026-08-19T03:47:18.979Z,31,heating,,,17
climate.corridoio_2,auto,2026-08-19T04:02:23.786Z,31,heating,,,20
climate.corridoio_2,auto,2026-08-19T04:17:28.003Z,30.9,heating,,,20
climate.corridoio_2,auto,2026-08-19T04:37:33.919Z,30.9,heating,,,20
climate.corridoio_2,auto,2026-08-19T04:52:37.802Z,30.9,heating,,,20
climate.corridoio_2,auto,2026-08-19T05:12:42.774Z,30.9,heating,,,20
climate.corridoio_2,auto,2026-08-19T05:27:45.921Z,30.9,heating,,,20
climate.corridoio_2,auto,2026-08-19T05:47:50.909Z,30.9,heating,,,20
climate.corridoio_2,auto,2026-08-19T06:02:54.793Z,30.9,heating,,,18
climate.corridoio_2,auto,2026-08-19T06:17:57.979Z,30.9,heating,,,18
climate.corridoio_2,auto,2026-08-19T06:33:01.777Z,30.9,heating,,,18
climate.corridoio_2,auto,2026-08-19T06:53:07.779Z,30.9,heating,,,18
climate.corridoio_2,auto,2026-08-19T07:13:13.774Z,30.9,heating,,,18
climate.corridoio_2,auto,2026-08-19T07:28:17.998Z,30.9,heating,,,18
climate.corridoio_2,auto,2026-08-19T07:43:22.804Z,30.9,heating,,,18
climate.corridoio_2,auto,2026-08-19T08:03:27.832Z,30.9,heating,,,18
climate.corridoio_2,auto,2026-08-19T08:43:38.781Z,30.9,heating,,,18
climate.corridoio_2,auto,2026-08-19T08:58:41.903Z,30.9,heating,,,18
climate.corridoio_2,auto,2026-08-19T09:33:48.750Z,30.9,heating,,,18
climate.corridoio_2,auto,2026-08-19T09:48:51.944Z,31,heating,,,18
climate.corridoio_2,auto,2026-08-19T10:08:57.958Z,31,heating,,,18
climate.corridoio_2,auto,2026-08-19T10:24:02.802Z,31,heating,,,18
climate.corridoio_2,auto,2026-08-19T10:59:11.934Z,31,heating,,,18
climate.corridoio_2,auto,2026-08-19T11:39:23.924Z,31,heating,,,18
climate.corridoio_2,auto,2026-08-19T11:54:26.780Z,31.1,heating,,,18
climate.corridoio_2,auto,2026-08-19T12:09:30.940Z,31.1,heating,,,18
climate.corridoio_2,auto,2026-08-19T12:29:36.944Z,31.1,heating,,,18
climate.corridoio_2,auto,2026-08-19T13:04:47.791Z,31.1,heating,,,20
climate.corridoio_2,auto,2026-08-19T13:55:02.945Z,31.2,heating,,,20
climate.corridoio_2,auto,2026-08-19T15:00:21.985Z,31.2,heating,,,20
climate.corridoio_2,auto,2026-08-19T16:10:41.363Z,31.3,heating,,,20
climate.corridoio_2,auto,2026-08-19T16:25:45.793Z,31.3,heating,,,20
climate.corridoio_2,auto,2026-08-19T16:45:50.759Z,31.3,heating,,,20
climate.corridoio_2,auto,2026-08-19T17:36:04.776Z,31.3,heating,,,20
climate.corridoio_2,auto,2026-08-19T17:51:08.939Z,31.3,heating,,,20
climate.corridoio_2,auto,2026-08-19T18:31:20.939Z,31.3,heating,,,20
climate.corridoio_2,auto,2026-08-19T18:46:25.797Z,31.3,heating,,,20
climate.corridoio_2,auto,2026-08-19T19:01:28.973Z,31.3,heating,,,17
climate.corridoio_2,auto,2026-08-19T19:41:38.977Z,31.3,heating,,,17
climate.corridoio_2,auto,2026-08-19T20:11:46.927Z,31.3,heating,,,17
climate.corridoio_2,auto,2026-08-19T20:46:56.776Z,31.3,heating,,,17
climate.corridoio_2,auto,2026-08-19T21:07:02.792Z,31.3,heating,,,17
climate.corridoio_2,auto,2026-08-19T21:27:08.782Z,31.3,heating,,,17
climate.corridoio_2,auto,2026-08-19T21:47:13.758Z,31.3,heating,,,17
climate.corridoio_2,auto,2026-08-19T22:22:27.986Z,31.3,heating,,,17
climate.corridoio_2,auto,2026-08-19T22:37:32.794Z,31.3,heating,,,17
climate.corridoio_2,auto,2026-08-19T23:32:49.021Z,31.3,heating,,,17
climate.corridoio_2,auto,2026-08-19T23:47:53.801Z,31.3,heating,,,17
climate.corridoio_2,auto,2026-08-20T00:07:58.793Z,31.3,heating,,,17
climate.corridoio_2,auto,2026-08-20T00:23:02.989Z,31.3,heating,,,17
climate.corridoio_2,auto,2026-08-20T00:43:08.934Z,31.3,heating,,,17
climate.corridoio_2,auto,2026-08-20T01:13:17.985Z,31.3,heating,,,17
climate.corridoio_2,auto,2026-08-20T01:53:28.889Z,31.3,heating,,,17
climate.corridoio_2,auto,2026-08-20T02:28:35.770Z,31.2,heating,,,17
climate.corridoio_2,auto,2026-08-20T02:48:40.769Z,31.2,heating,,,17
climate.corridoio_2,auto,2026-08-20T03:23:48.909Z,31.2,heating,,,17
climate.corridoio_2,auto,2026-08-20T03:43:53.965Z,31.2,heating,,,17
climate.corridoio_2,auto,2026-08-20T04:04:00.000Z,31.2,heating,,,20
climate.corridoio_2,auto,2026-08-20T05:09:18.753Z,31.2,heating,,,20
climate.corridoio_2,auto,2026-08-20T05:59:31.763Z,31.1,heating,,,20
climate.corridoio_2,auto,2026-08-20T06:04:32.988Z,31.1,heating,,,18
climate.corridoio_2,auto,2026-08-20T06:34:40.893Z,31.1,heating,,,18
climate.corridoio_2,auto,2026-08-20T06:54:45.997Z,31.1,heating,,,18
climate.corridoio_2,auto,2026-08-20T07:29:56.782Z,31.1,heating,,,18
climate.corridoio_2,auto,2026-08-20T07:45:00.932Z,31.1,heating,,,18
climate.corridoio_2,auto,2026-08-20T08:00:06.790Z,31.1,heating,,,18
climate.corridoio_2,auto,2026-08-20T10:20:46.767Z,31.1,heating,,,18
climate.corridoio_2,auto,2026-08-20T10:55:55.919Z,31.1,heating,,,18
climate.corridoio_2,auto,2026-08-20T11:10:58.809Z,31.1,heating,,,18
climate.corridoio_2,auto,2026-08-20T11:26:01.912Z,31.1,heating,,,18
climate.corridoio_2,auto,2026-08-20T11:41:04.788Z,31.1,heating,,,18
climate.corridoio_2,auto,2026-08-20T12:01:10.785Z,31.1,heating,,,18
climate.corridoio_2,auto,2026-08-20T12:16:14.914Z,31.1,heating,,,18
climate.corridoio_2,auto,2026-08-20T12:36:18.913Z,31.1,heating,,,18
climate.corridoio_2,auto,2026-08-20T12:51:22.750Z,31.2,heating,,,18
climate.corridoio_2,auto,2026-08-20T13:01:24.776Z,31.2,heating,,,20
climate.corridoio_2,auto,2026-08-20T13:11:26.784Z,31.2,heating,,,20
climate.corridoio_2,auto,2026-08-20T14:22:15.771Z,31.2,heating,,,20
climate.corridoio_2,auto,2026-08-20T14:37:19.922Z,31.2,heating,,,20
climate.corridoio_2,auto,2026-08-20T14:52:23.757Z,31.2,heating,,,20
climate.corridoio_2,auto,2026-08-20T15:12:28.771Z,31.2,heating,,,20
climate.corridoio_2,auto,2026-08-20T15:32:33.831Z,31.2,heating,,,20
climate.corridoio_2,auto,2026-08-20T15:47:36.985Z,31.2,heating,,,20
climate.corridoio_2,auto,2026-08-20T16:17:43.920Z,31.2,heating,,,20
climate.corridoio_2,auto,2026-08-20T16:52:51.771Z,31.2,heating,,,20
climate.corridoio_2,auto,2026-08-20T17:12:56.795Z,31.2,heating,,,20
climate.corridoio_2,auto,2026-08-20T17:33:02.797Z,31.2,heating,,,20
climate.corridoio_2,auto,2026-08-20T17:48:06.932Z,31.2,heating,,,20
climate.corridoio_2,auto,2026-08-20T18:08:12.917Z,31.1,heating,,,20
climate.corridoio_2,auto,2026-08-20T18:28:17.922Z,31.1,heating,,,20
climate.corridoio_2,auto,2026-08-20T18:48:22.910Z,31.1,heating,,,20
climate.corridoio_2,auto,2026-08-20T19:03:25.822Z,31.1,heating,,,17
climate.corridoio_2,auto,2026-08-20T19:58:39.994Z,31.1,heating,,,17
climate.corridoio_2,auto,2026-08-20T20:13:44.777Z,31,heating,,,17
climate.corridoio_2,auto,2026-08-20T20:48:53.986Z,31,heating,,,17
climate.corridoio_2,auto,2026-08-20T21:09:00.012Z,31,heating,,,17
climate.corridoio_2,auto,2026-08-20T21:24:04.887Z,31,heating,,,17
climate.corridoio_2,auto,2026-08-20T21:39:09.029Z,30.9,heating,,,17
climate.corridoio_2,auto,2026-08-20T22:34:25.869Z,30.9,heating,,,17
climate.corridoio_2,auto,2026-08-20T23:04:34.906Z,30.8,heating,,,17
climate.corridoio_2,auto,2026-08-20T23:24:40.883Z,30.8,heating,,,17
climate.corridoio_2,auto,2026-08-20T23:44:46.881Z,30.8,heating,,,17
climate.corridoio_2,auto,2026-08-21T00:35:02.939Z,30.8,heating,,,17
climate.corridoio_2,auto,2026-08-21T01:15:15.907Z,30.8,heating,,,17
climate.corridoio_2,auto,2026-08-21T01:30:20.042Z,30.7,heating,,,17
climate.corridoio_2,auto,2026-08-21T02:10:33.047Z,30.7,heating,,,17
climate.corridoio_2,auto,2026-08-21T02:25:37.889Z,30.6,heating,,,17
climate.corridoio_2,auto,2026-08-21T03:00:49.129Z,30.6,heating,,,17
climate.corridoio_2,auto,2026-08-21T03:20:55.087Z,30.6,heating,,,17
climate.corridoio_2,auto,2026-08-21T04:01:08.089Z,30.6,heating,,,20
climate.corridoio_2,auto,2026-08-21T04:06:09.898Z,30.5,heating,,,20
climate.corridoio_2,auto,2026-08-21T05:31:35.049Z,30.4,heating,,,20
climate.corridoio_2,auto,2026-08-21T05:51:42.055Z,30.4,heating,,,20
climate.corridoio_2,auto,2026-08-21T06:01:45.065Z,30.4,heating,,,18
climate.corridoio_2,auto,2026-08-21T06:06:46.937Z,30.4,heating,,,18
climate.corridoio_2,auto,2026-08-21T06:41:59.023Z,30.4,heating,,,18
climate.corridoio_2,auto,2026-08-21T07:02:05.124Z,30.4,heating,,,18
climate.corridoio_2,auto,2026-08-21T07:22:12.069Z,30.3,heating,,,18
climate.corridoio_2,auto,2026-08-21T07:37:16.923Z,30.3,heating,,,18
climate.corridoio_2,auto,2026-08-21T07:52:21.055Z,30.3,heating,,,18
climate.corridoio_2,auto,2026-08-21T08:07:26.910Z,30.3,heating,,,18
climate.corridoio_2,auto,2026-08-21T08:47:35.760Z,30.3,heating,,,18
climate.corridoio_2,auto,2026-08-21T09:17:48.834Z,30.2,heating,,,18
climate.corridoio_2,auto,2026-08-21T09:32:52.925Z,30.2,heating,,,18
climate.corridoio_2,auto,2026-08-21T09:52:57.932Z,30.2,heating,,,18
climate.corridoio_2,auto,2026-08-21T10:28:07.843Z,30.2,heating,,,18
climate.corridoio_2,auto,2026-08-21T10:43:10.984Z,30.2,heating,,,18
climate.corridoio_2,auto,2026-08-21T11:03:16.923Z,30.1,heating,,,18
climate.corridoio_2,auto,2026-08-21T11:18:20.829Z,30.1,heating,,,18
climate.corridoio_2,auto,2026-08-21T11:53:27.945Z,30.1,heating,,,18
climate.corridoio_2,auto,2026-08-21T12:33:39.912Z,30.1,heating,,,18
climate.corridoio_2,auto,2026-08-21T12:53:44.915Z,30.1,heating,,,18
climate.corridoio_2,auto,2026-08-21T13:03:46.945Z,30.1,heating,,,20
climate.corridoio_2,auto,2026-08-21T13:08:48.773Z,30.1,heating,,,20
climate.corridoio_2,auto,2026-08-21T13:28:54.798Z,30.1,heating,,,20
climate.corridoio_2,auto,2026-08-21T13:43:58.909Z,30,heating,,,20
climate.corridoio_2,auto,2026-08-21T14:04:03.932Z,30,heating,,,20
climate.corridoio_2,auto,2026-08-21T14:19:08.771Z,30,heating,,,20
climate.corridoio_2,auto,2026-08-21T14:54:19.989Z,30,heating,,,20
climate.corridoio_2,auto,2026-08-21T15:14:24.911Z,30,heating,,,20
climate.corridoio_2,auto,2026-08-21T15:49:33.838Z,30,heating,,,20
climate.corridoio_2,auto,2026-08-21T16:09:39.797Z,30,heating,,,20
climate.corridoio_2,auto,2026-08-21T16:44:47.933Z,30,heating,,,20
climate.corridoio_2,auto,2026-08-21T18:10:12.826Z,30,heating,,,20
climate.corridoio_2,auto,2026-08-21T18:30:18.790Z,30,heating,,,20
climate.corridoio_2,auto,2026-08-21T18:45:22.935Z,30,heating,,,20
climate.corridoio_2,auto,2026-08-21T19:00:27.836Z,30,heating,,,17
climate.corridoio_2,auto,2026-08-21T19:20:32.771Z,30,heating,,,17
climate.corridoio_2,auto,2026-08-21T19:35:37.017Z,30,heating,,,17
climate.corridoio_2,auto,2026-08-21T19:55:41.925Z,30,heating,,,17
climate.corridoio_2,auto,2026-08-21T20:30:51.800Z,29.9,heating,,,17
climate.corridoio_2,auto,2026-08-21T21:11:01.758Z,29.9,heating,,,17
climate.corridoio_2,auto,2026-08-21T21:26:05.976Z,29.9,heating,,,17
climate.corridoio_2,auto,2026-08-21T21:41:09.778Z,29.9,heating,,,17
climate.corridoio_2,auto,2026-08-21T21:56:13.929Z,29.9,heating,,,17
climate.corridoio_2,auto,2026-08-21T22:16:19.982Z,29.8,heating,,,17
climate.corridoio_2,auto,2026-08-21T22:31:24.766Z,29.8,heating,,,17
climate.corridoio_2,auto,2026-08-21T22:51:29.784Z,29.8,heating,,,17
climate.corridoio_2,auto,2026-08-21T23:11:33.747Z,29.8,heating,,,17
climate.corridoio_2,auto,2026-08-21T23:26:36.912Z,29.8,heating,,,17
climate.corridoio_2,auto,2026-08-21T23:46:41.998Z,29.7,heating,,,17
climate.corridoio_2,auto,2026-08-22T01:12:04.784Z,29.6,heating,,,17
climate.corridoio_2,auto,2026-08-22T01:47:13.901Z,29.6,heating,,,17
climate.corridoio_2,auto,2026-08-22T02:07:18.907Z,29.6,heating,,,17
climate.corridoio_2,auto,2026-08-22T02:22:22.764Z,29.6,heating,,,17
climate.corridoio_2,auto,2026-08-22T02:42:27.787Z,29.5,heating,,,17
climate.corridoio_2,auto,2026-08-22T03:37:39.973Z,29.5,heating,,,17
climate.corridoio_2,auto,2026-08-22T03:52:43.775Z,29.4,heating,,,17
climate.corridoio_2,auto,2026-08-22T04:27:52.989Z,29.4,heating,,,17
climate.corridoio_2,auto,2026-08-22T04:42:57.772Z,29.4,heating,,,17
climate.corridoio_2,auto,2026-08-22T05:53:14.804Z,29.3,heating,,,17
climate.corridoio_2,auto,2026-08-22T06:03:16.835Z,29.3,heating,,,20
climate.corridoio_2,auto,2026-08-22T06:43:25.787Z,29.3,heating,,,20
climate.corridoio_2,auto,2026-08-22T06:58:29.896Z,29.3,heating,,,20
climate.corridoio_2,auto,2026-08-22T07:33:39.763Z,29.3,heating,,,20
climate.corridoio_2,auto,2026-08-22T07:53:44.793Z,29.3,heating,,,20
climate.corridoio_2,auto,2026-08-22T08:08:48.973Z,29.3,heating,,,20
climate.corridoio_2,auto,2026-08-22T08:28:54.951Z,29.3,heating,,,20
climate.corridoio_2,auto,2026-08-22T09:39:14.938Z,29.3,heating,,,20
climate.corridoio_2,auto,2026-08-22T10:14:24.788Z,29.3,heating,,,20
climate.corridoio_2,auto,2026-08-22T10:29:29.006Z,29.3,heating,,,20
climate.corridoio_2,auto,2026-08-22T11:19:42.917Z,29.4,heating,,,20
climate.corridoio_2,auto,2026-08-22T11:39:47.936Z,29.4,heating,,,20
climate.corridoio_2,auto,2026-08-22T11:54:52.803Z,29.4,heating,,,20
climate.corridoio_2,auto,2026-08-22T12:30:02.416Z,29.4,heating,,,20
climate.corridoio_2,auto,2026-08-22T12:45:06.801Z,29.4,heating,,,20
climate.corridoio_2,auto,2026-08-22T13:05:12.765Z,29.4,heating,,,20
climate.corridoio_2,auto,2026-08-22T13:20:24.930Z,29.4,heating,,,20
climate.corridoio_2,auto,2026-08-22T13:40:29.961Z,29.4,heating,,,20
climate.corridoio_2,auto,2026-08-22T14:00:34.968Z,29.4,heating,,,20
climate.corridoio_2,auto,2026-08-22T14:15:39.790Z,29.4,heating,,,20
climate.corridoio_2,auto,2026-08-22T14:35:44.772Z,29.5,heating,,,20
climate.corridoio_2,auto,2026-08-22T14:50:47.917Z,29.5,heating,,,20
climate.corridoio_2,auto,2026-08-22T15:10:56.968Z,29.5,heating,,,20
climate.corridoio_2,auto,2026-08-22T15:46:06.799Z,29.5,heating,,,20
climate.corridoio_2,auto,2026-08-22T16:06:11.805Z,29.5,heating,,,20
climate.corridoio_2,auto,2026-08-22T16:21:15.899Z,29.5,heating,,,20
climate.corridoio_2,auto,2026-08-22T16:41:20.964Z,29.5,heating,,,20
climate.corridoio_2,auto,2026-08-22T16:56:25.784Z,29.5,heating,,,20
climate.corridoio_2,auto,2026-08-22T17:16:31.758Z,29.5,heating,,,20
climate.corridoio_2,auto,2026-08-22T17:31:36.040Z,29.5,heating,,,20
climate.corridoio_2,auto,2026-08-22T17:51:41.966Z,29.5,heating,,,20
climate.corridoio_2,auto,2026-08-22T18:06:46.796Z,29.5,heating,,,20
climate.corridoio_2,auto,2026-08-22T19:02:00.038Z,29.5,heating,,,17
climate.corridoio_2,auto,2026-08-22T19:22:05.916Z,29.5,heating,,,17
climate.corridoio_2,auto,2026-08-22T19:42:09.923Z,29.5,heating,,,17
climate.corridoio_2,auto,2026-08-22T19:57:13.759Z,29.5,heating,,,17
climate.corridoio_2,auto,2026-08-22T20:17:17.804Z,29.5,heating,,,17
climate.corridoio_2,auto,2026-08-22T20:47:24.757Z,29.5,heating,,,17
climate.corridoio_2,auto,2026-08-22T21:07:30.759Z,29.5,heating,,,17
climate.corridoio_2,auto,2026-08-22T21:22:34.959Z,29.5,heating,,,17
climate.corridoio_2,auto,2026-08-22T21:42:40.899Z,29.5,heating,,,17
climate.corridoio_2,auto,2026-08-22T22:17:53.765Z,29.4,heating,,,17
climate.corridoio_2,auto,2026-08-22T23:43:16.963Z,29.4,heating,,,17
climate.corridoio_2,auto,2026-08-23T00:48:31.779Z,29.3,heating,,,17
climate.corridoio_2,auto,2026-08-23T02:18:55.763Z,29.2,heating,,,17
climate.corridoio_2,auto,2026-08-23T02:49:03.771Z,29.2,heating,,,17
climate.corridoio_2,auto,2026-08-23T03:09:08.764Z,29.2,heating,,,17
climate.corridoio_2,auto,2026-08-23T03:29:14.771Z,29.2,heating,,,17
climate.corridoio_2,auto,2026-08-23T03:49:20.770Z,29.2,heating,,,17
climate.corridoio_2,auto,2026-08-23T04:04:28.891Z,29.1,heating,,,17
climate.corridoio_2,auto,2026-08-23T04:24:33.000Z,29.1,heating,,,17
climate.corridoio_2,auto,2026-08-23T04:54:41.969Z,29.1,heating,,,17
climate.corridoio_2,auto,2026-08-23T05:14:47.935Z,29.1,heating,,,17
climate.corridoio_2,auto,2026-08-23T05:34:53.991Z,29.1,heating,,,17
climate.corridoio_2,auto,2026-08-23T06:00:02.495Z,29.1,heating,,,20
climate.corridoio_2,auto,2026-08-23T06:10:05.763Z,29.1,heating,,,20
climate.corridoio_2,auto,2026-08-23T08:40:45.770Z,29.1,heating,,,20
climate.corridoio_2,auto,2026-08-23T10:36:18.888Z,29.1,heating,,,20
climate.corridoio_2,auto,2026-08-23T11:16:28.890Z,29.1,heating,,,20
climate.corridoio_2,auto,2026-08-23T12:41:49.784Z,29.1,heating,,,20
climate.corridoio_2,auto,2026-08-23T13:01:55.817Z,29.2,heating,,,20
climate.corridoio_2,auto,2026-08-23T15:22:43.759Z,29.3,heating,,,20
climate.corridoio_2,auto,2026-08-23T16:17:59.031Z,29.3,heating,,,20
climate.corridoio_2,auto,2026-08-23T17:13:14.763Z,29.3,heating,,,20
climate.corridoio_2,auto,2026-08-23T19:03:44.768Z,29.3,heating,,,17
climate.corridoio_2,auto,2026-08-23T19:18:47.990Z,29.3,heating,,,17
climate.corridoio_2,auto,2026-08-23T19:33:51.810Z,29.3,heating,,,17
climate.corridoio_2,auto,2026-08-23T20:08:58.929Z,29.3,heating,,,17
climate.corridoio_2,auto,2026-08-23T20:59:13.935Z,29.3,heating,,,17
climate.corridoio_2,auto,2026-08-23T21:34:24.794Z,29.3,heating,,,17
climate.corridoio_2,auto,2026-08-23T21:54:29.773Z,29.3,heating,,,17
climate.corridoio_2,auto,2026-08-23T22:29:37.983Z,29.3,heating,,,17
climate.corridoio_2,auto,2026-08-23T22:49:42.934Z,29.3,heating,,,17
climate.corridoio_2,auto,2026-08-23T23:04:47.783Z,29.3,heating,,,17
climate.corridoio_2,auto,2026-08-23T23:39:56.911Z,29.3,heating,,,17
climate.corridoio_2,auto,2026-08-23T23:54:59.781Z,29.3,heating,,,17
climate.corridoio_2,auto,2026-08-24T00:25:08.774Z,29.3,heating,,,17
climate.corridoio_2,auto,2026-08-24T00:45:13.808Z,29.3,heating,,,17
climate.corridoio_2,auto,2026-08-24T01:20:23.019Z,29.3,heating,,,17
climate.corridoio_2,auto,2026-08-24T01:55:30.786Z,29.2,heating,,,17
climate.corridoio_2,auto,2026-08-24T02:25:38.788Z,29.2,heating,,,17
climate.corridoio_2,auto,2026-08-24T03:20:53.931Z,29.2,heating,,,17
climate.corridoio_2,auto,2026-08-24T03:40:59.931Z,29.2,heating,,,17
climate.corridoio_2,auto,2026-08-24T03:56:04.777Z,29.2,heating,,,17
climate.corridoio_2,auto,2026-08-24T04:01:06.029Z,29.2,heating,,,20
climate.corridoio_2,auto,2026-08-24T05:16:26.825Z,29.2,heating,,,20
climate.corridoio_2,auto,2026-08-24T05:36:32.790Z,29.2,heating,,,20
climate.corridoio_2,auto,2026-08-24T05:51:36.941Z,29.1,heating,,,20
climate.corridoio_2,auto,2026-08-24T06:01:39.911Z,29.1,heating,,,18
climate.corridoio_2,auto,2026-08-24T06:46:51.814Z,29.1,heating,,,18
climate.corridoio_2,auto,2026-08-24T08:52:26.993Z,29.1,heating,,,18
climate.corridoio_2,auto,2026-08-24T09:47:41.819Z,29.1,heating,,,18
climate.corridoio_2,auto,2026-08-24T10:48:12.782Z,29.1,heating,,,18
climate.corridoio_2,auto,2026-08-24T11:08:18.785Z,29.2,heating,,,18
climate.corridoio_2,auto,2026-08-24T11:28:24.794Z,29.2,heating,,,18
climate.corridoio_2,auto,2026-08-24T11:43:29.001Z,29.2,heating,,,18
climate.corridoio_2,auto,2026-08-24T12:03:34.960Z,29.2,heating,,,18
climate.corridoio_2,auto,2026-08-24T12:38:45.781Z,29.2,heating,,,18
climate.corridoio_2,auto,2026-08-24T13:03:52.982Z,29.2,heating,,,20
climate.corridoio_2,auto,2026-08-24T13:49:06.785Z,29.3,heating,,,20
climate.corridoio_2,auto,2026-08-24T14:24:15.931Z,29.3,heating,,,20
climate.corridoio_2,auto,2026-08-24T14:44:21.919Z,29.3,heating,,,20
climate.corridoio_2,auto,2026-08-24T14:59:25.803Z,29.3,heating,,,20
climate.corridoio_2,auto,2026-08-24T15:19:29.787Z,29.3,heating,,,20
climate.corridoio_2,auto,2026-08-24T15:54:36.937Z,29.3,heating,,,20
climate.corridoio_2,auto,2026-08-24T16:14:42.942Z,29.4,heating,,,20
climate.corridoio_2,auto,2026-08-24T16:34:48.966Z,29.4,heating,,,20
climate.corridoio_2,auto,2026-08-24T16:49:53.792Z,29.4,heating,,,20
climate.corridoio_2,auto,2026-08-24T17:09:59.789Z,29.4,heating,,,20
climate.corridoio_2,auto,2026-08-24T18:00:14.792Z,29.4,heating,,,20
climate.corridoio_2,auto,2026-08-24T19:00:35.787Z,29.4,heating,,,17
climate.corridoio_2,auto,2026-08-24T21:26:28.022Z,29.4,heating,,,17
climate.corridoio_2,auto,2026-08-24T21:46:35.019Z,29.3,heating,,,17
climate.corridoio_2,auto,2026-08-24T22:01:39.779Z,29.3,heating,,,17
climate.corridoio_2,auto,2026-08-24T22:36:49.934Z,29.3,heating,,,17
climate.corridoio_2,auto,2026-08-24T23:12:00.789Z,29.3,heating,,,17
climate.corridoio_2,auto,2026-08-25T00:07:15.934Z,29.3,heating,,,17
climate.corridoio_2,auto,2026-08-25T00:42:25.785Z,29.3,heating,,,17
climate.corridoio_2,auto,2026-08-25T00:57:29.923Z,29.3,heating,,,17
climate.corridoio_2,auto,2026-08-25T01:37:39.946Z,29.3,heating,,,17
climate.corridoio_2,auto,2026-08-25T01:52:44.773Z,29.3,heating,,,17
climate.corridoio_2,auto,2026-08-25T02:22:52.762Z,29.3,heating,,,17
climate.corridoio_2,auto,2026-08-25T03:18:06.919Z,29.3,heating,,,17
climate.corridoio_2,auto,2026-08-25T04:03:17.821Z,29.3,heating,,,20
climate.corridoio_2,auto,2026-08-25T04:13:19.769Z,29.2,heating,,,20
climate.corridoio_2,auto,2026-08-25T06:03:49.827Z,29.2,heating,,,18
climate.corridoio_2,auto,2026-08-25T06:59:03.912Z,29.1,heating,,,18
climate.corridoio_2,auto,2026-08-25T07:19:07.960Z,29.1,heating,,,18
climate.corridoio_2,auto,2026-08-25T08:14:23.798Z,29.1,heating,,,18
climate.corridoio_2,auto,2026-08-25T08:49:32.955Z,29.1,heating,,,18
climate.corridoio_2,auto,2026-08-25T09:24:43.784Z,29.1,heating,,,18
climate.corridoio_2,auto,2026-08-25T10:19:57.975Z,29.1,heating,,,18
climate.corridoio_2,auto,2026-08-25T11:40:20.960Z,29.1,heating,,,18
climate.corridoio_2,auto,2026-08-25T12:15:30.770Z,29.1,heating,,,18
climate.corridoio_2,auto,2026-08-25T12:50:42.924Z,29.1,heating,,,18
climate.corridoio_2,auto,2026-08-25T13:00:44.961Z,29.1,heating,,,20
climate.corridoio_2,auto,2026-08-25T14:01:03.197Z,29.1,heating,,,20
climate.corridoio_2,auto,2026-08-25T15:26:26.786Z,29.2,heating,,,20
climate.corridoio_2,auto,2026-08-25T16:31:40.919Z,29.2,heating,,,20
climate.corridoio_2,auto,2026-08-25T17:06:50.811Z,29.2,heating,,,20
climate.corridoio_2,auto,2026-08-25T17:47:02.815Z,29.2,heating,,,20
climate.corridoio_2,auto,2026-08-25T18:37:15.799Z,29.2,heating,,,20
climate.corridoio_2,auto,2026-08-25T19:02:21.967Z,29.2,heating,,,17
climate.corridoio_2,auto,2026-08-25T19:47:35.791Z,29.2,heating,,,17
climate.corridoio_2,auto,2026-08-25T21:28:03.797Z,29.2,heating,,,17
climate.corridoio_2,auto,2026-08-25T21:43:06.914Z,29.2,heating,,,17
climate.corridoio_2,auto,2026-08-25T22:18:15.779Z,29.2,heating,,,17
climate.corridoio_2,auto,2026-08-25T22:53:24.894Z,29.2,heating,,,17
climate.corridoio_2,auto,2026-08-25T23:28:34.748Z,29.1,heating,,,17
climate.corridoio_2,auto,2026-08-25T23:48:40.777Z,29.1,heating,,,17
climate.corridoio_2,auto,2026-08-26T00:03:45.013Z,29.1,heating,,,17
climate.corridoio_2,auto,2026-08-26T00:23:49.972Z,29.1,heating,,,17
climate.corridoio_2,auto,2026-08-26T01:19:03.760Z,29.1,heating,,,17
climate.corridoio_2,auto,2026-08-26T01:34:06.978Z,29.1,heating,,,17
climate.corridoio_2,auto,2026-08-26T01:49:11.788Z,29.1,heating,,,17
climate.corridoio_2,auto,2026-08-26T02:09:17.795Z,29.1,heating,,,17
climate.corridoio_2,auto,2026-08-26T02:24:22.003Z,29.1,heating,,,17
climate.corridoio_2,auto,2026-08-26T03:39:45.775Z,29.1,heating,,,17
climate.corridoio_2,auto,2026-08-26T04:04:52.021Z,29.1,heating,,,20
climate.corridoio_2,auto,2026-08-26T04:29:59.789Z,29.1,heating,,,20
climate.corridoio_2,auto,2026-08-26T05:00:08.793Z,29.1,heating,,,20
climate.corridoio_2,auto,2026-08-26T05:20:14.784Z,29.1,heating,,,20
climate.corridoio_2,auto,2026-08-26T05:35:19.016Z,29.1,heating,,,20
climate.corridoio_2,auto,2026-08-26T06:00:26.800Z,29.1,heating,,,18
climate.corridoio_2,auto,2026-08-26T06:10:28.785Z,29.1,heating,,,18
climate.corridoio_2,auto,2026-08-26T06:25:32.956Z,29,heating,,,18
climate.corridoio_2,auto,2026-08-26T06:45:38.999Z,29,heating,,,18
climate.corridoio_2,auto,2026-08-26T07:00:43.841Z,29,heating,,,18
climate.corridoio_2,auto,2026-08-26T07:20:49.794Z,29,heating,,,18
climate.corridoio_2,auto,2026-08-26T07:50:58.802Z,29,heating,,,18
climate.corridoio_2,auto,2026-08-26T08:06:03.045Z,29,heating,,,18
climate.corridoio_2,auto,2026-08-26T08:26:09.000Z,29,heating,,,18
climate.corridoio_2,auto,2026-08-26T08:41:13.813Z,29,heating,,,18
climate.corridoio_2,auto,2026-08-26T08:56:18.021Z,29,heating,,,18
climate.corridoio_2,auto,2026-08-26T10:11:39.812Z,29,heating,,,18
climate.corridoio_2,auto,2026-08-26T11:57:40.007Z,29,heating,,,18
climate.corridoio_2,auto,2026-08-26T12:17:45.995Z,29.1,heating,,,18
climate.corridoio_2,auto,2026-08-26T13:03:13.811Z,29.1,heating,,,20
sensor.corridoio_umidita,unavailable,2026-08-01T08:24:38.486Z
sensor.corridoio_umidita_2,46.41403611672222,2025-12-31T23:00:00.000Z
sensor.corridoio_umidita_2,46.03667866438889,2026-01-01T00:00:00.000Z
sensor.corridoio_umidita_2,45.56686668805556,2026-01-01T01:00:00.000Z
sensor.corridoio_umidita_2,45.47666919108334,2026-01-01T02:00:00.000Z
sensor.corridoio_umidita_2,45.760997976,2026-01-01T03:00:00.000Z
sensor.corridoio_umidita_2,45.72788628986111,2026-01-01T04:00:00.000Z
sensor.corridoio_umidita_2,45.63288208611112,2026-01-01T05:00:00.000Z
sensor.corridoio_umidita_2,45.92099503472222,2026-01-01T06:00:00.000Z
sensor.corridoio_umidita_2,45.95733473663889,2026-01-01T07:00:00.000Z
sensor.corridoio_umidita_2,45.90055375852777,2026-01-01T08:00:00.000Z
sensor.corridoio_umidita_2,44.58530046541667,2026-01-01T09:00:00.000Z
sensor.corridoio_umidita_2,44.01353200544444,2026-01-01T10:00:00.000Z
sensor.corridoio_umidita_2,44.65472276888889,2026-01-01T11:00:00.000Z
sensor.corridoio_umidita_2,44.45896730044444,2026-01-01T12:00:00.000Z
sensor.corridoio_umidita_2,45.53324053875,2026-01-01T13:00:00.000Z
sensor.corridoio_umidita_2,44.620999634250005,2026-01-01T14:00:00.000Z
sensor.corridoio_umidita_2,44.37524960494445,2026-01-01T15:00:00.000Z
sensor.corridoio_umidita_2,44.09977126347223,2026-01-01T16:00:00.000Z
sensor.corridoio_umidita_2,44.23531982538889,2026-01-01T17:00:00.000Z
sensor.corridoio_umidita_2,43.92259430191666,2026-01-01T18:00:00.000Z
sensor.corridoio_umidita_2,43.49534174258333,2026-01-01T19:00:00.000Z
sensor.corridoio_umidita_2,43.70592998652777,2026-01-01T20:00:00.000Z
sensor.corridoio_umidita_2,43.838586419222224,2026-01-01T21:00:00.000Z
sensor.corridoio_umidita_2,43.85828030033333,2026-01-01T22:00:00.000Z
sensor.corridoio_umidita_2,44.191399066777784,2026-01-01T23:00:00.000Z
sensor.corridoio_umidita_2,44.42174190022222,2026-01-02T00:00:00.000Z
sensor.corridoio_umidita_2,44.90251437655556,2026-01-02T01:00:00.000Z
sensor.corridoio_umidita_2,45.45641826736111,2026-01-02T02:00:00.000Z
sensor.corridoio_umidita_2,45.75327793266666,2026-01-02T03:00:00.000Z
sensor.corridoio_umidita_2,45.96080441830555,2026-01-02T04:00:00.000Z
sensor.corridoio_umidita_2,46.15013777958333,2026-01-02T05:00:00.000Z
sensor.corridoio_umidita_2,46.242806174500004,2026-01-02T06:00:00.000Z
sensor.corridoio_umidita_2,46.01304922786111,2026-01-02T07:00:00.000Z
sensor.corridoio_umidita_2,46.268660726916664,2026-01-02T08:00:00.000Z
sensor.corridoio_umidita_2,45.94168736069444,2026-01-02T09:00:00.000Z
sensor.corridoio_umidita_2,45.29126236469444,2026-01-02T10:00:00.000Z
sensor.corridoio_umidita_2,44.54259838380556,2026-01-02T11:00:00.000Z
sensor.corridoio_umidita_2,44.48243686186111,2026-01-02T12:00:00.000Z
sensor.corridoio_umidita_2,44.41979687780556,2026-01-02T13:00:00.000Z
sensor.corridoio_umidita_2,44.698315669833335,2026-01-02T14:00:00.000Z
sensor.corridoio_umidita_2,44.086516514277776,2026-01-02T15:00:00.000Z
sensor.corridoio_umidita_2,44.40579785963889,2026-01-02T16:00:00.000Z
sensor.corridoio_umidita_2,44.48975340827778,2026-01-02T17:00:00.000Z
sensor.corridoio_umidita_2,44.86644566888889,2026-01-02T18:00:00.000Z
sensor.corridoio_umidita_2,45.00997908758333,2026-01-02T19:00:00.000Z
sensor.corridoio_umidita_2,45.03294231022222,2026-01-02T20:00:00.000Z
sensor.corridoio_umidita_2,44.882555777499995,2026-01-02T21:00:00.000Z
sensor.corridoio_umidita_2,44.954768760583335,2026-01-02T22:00:00.000Z
sensor.corridoio_umidita_2,44.593398504944446,2026-01-02T23:00:00.000Z
sensor.corridoio_umidita_2,44.83260643930556,2026-01-03T00:00:00.000Z
sensor.corridoio_umidita_2,45.71088007744444,2026-01-03T01:00:00.000Z
sensor.corridoio_umidita_2,46.23358627227778,2026-01-03T02:00:00.000Z
sensor.corridoio_umidita_2,46.65472642491667,2026-01-03T03:00:00.000Z
sensor.corridoio_umidita_2,46.83334767783333,2026-01-03T04:00:00.000Z
sensor.corridoio_umidita_2,47.27366005111111,2026-01-03T05:00:00.000Z
sensor.corridoio_umidita_2,47.416278709194444,2026-01-03T06:00:00.000Z
sensor.corridoio_umidita_2,47.55028442783333,2026-01-03T07:00:00.000Z
sensor.corridoio_umidita_2,47.31543972088889,2026-01-03T08:00:00.000Z
sensor.corridoio_umidita_2,47.11224598527778,2026-01-03T09:00:00.000Z
sensor.corridoio_umidita_2,46.19948244488889,2026-01-03T10:00:00.000Z
sensor.corridoio_umidita_2,51.36942467102778,2026-01-03T11:00:00.000Z
sensor.corridoio_umidita_2,49.28191474186111,2026-01-03T12:00:00.000Z
sensor.corridoio_umidita_2,47.886068032666664,2026-01-03T13:00:00.000Z
sensor.corridoio_umidita_2,46.436237278166665,2026-01-03T14:00:00.000Z
sensor.corridoio_umidita_2,45.898247314,2026-01-03T15:00:00.000Z
sensor.corridoio_umidita_2,45.42706524286111,2026-01-03T16:00:00.000Z
sensor.corridoio_umidita_2,45.707767013444446,2026-01-03T17:00:00.000Z
sensor.corridoio_umidita_2,48.28106732094444,2026-01-03T18:00:00.000Z
sensor.corridoio_umidita_2,46.72627474388889,2026-01-03T19:00:00.000Z
sensor.corridoio_umidita_2,45.96918070733333,2026-01-03T20:00:00.000Z
sensor.corridoio_umidita_2,45.467495410055555,2026-01-03T21:00:00.000Z
sensor.corridoio_umidita_2,45.161997733666674,2026-01-03T22:00:00.000Z
sensor.corridoio_umidita_2,45.03666324341666,2026-01-03T23:00:00.000Z
sensor.corridoio_umidita_2,45.03794311391667,2026-01-04T00:00:00.000Z
sensor.corridoio_umidita_2,44.72293979330556,2026-01-04T01:00:00.000Z
sensor.corridoio_umidita_2,44.766226052222216,2026-01-04T02:00:00.000Z
sensor.corridoio_umidita_2,45.12284084750001,2026-01-04T03:00:00.000Z
sensor.corridoio_umidita_2,45.370496326444446,2026-01-04T04:00:00.000Z
sensor.corridoio_umidita_2,45.477269127944446,2026-01-04T05:00:00.000Z
sensor.corridoio_umidita_2,45.56466488466666,2026-01-04T06:00:00.000Z
sensor.corridoio_umidita_2,45.40440512536111,2026-01-04T07:00:00.000Z
sensor.corridoio_umidita_2,45.12973113033333,2026-01-04T08:00:00.000Z
sensor.corridoio_umidita_2,45.15410322816667,2026-01-04T09:00:00.000Z
sensor.corridoio_umidita_2,44.430378283972225,2026-01-04T10:00:00.000Z
sensor.corridoio_umidita_2,43.93496027438889,2026-01-04T11:00:00.000Z
sensor.corridoio_umidita_2,43.53302806852778,2026-01-04T12:00:00.000Z
sensor.corridoio_umidita_2,44.030419515888894,2026-01-04T13:00:00.000Z
sensor.corridoio_umidita_2,43.878807040249995,2026-01-04T14:00:00.000Z
sensor.corridoio_umidita_2,43.34193221080556,2026-01-04T15:00:00.000Z
sensor.corridoio_umidita_2,42.75283057000001,2026-01-04T16:00:00.000Z
sensor.corridoio_umidita_2,42.163924013805556,2026-01-04T17:00:00.000Z
sensor.corridoio_umidita_2,42.62098903936111,2026-01-04T18:00:00.000Z
sensor.corridoio_umidita_2,42.69944426733334,2026-01-04T19:00:00.000Z
sensor.corridoio_umidita_2,42.79637066236111,2026-01-04T20:00:00.000Z
sensor.corridoio_umidita_2,42.60708469027778,2026-01-04T21:00:00.000Z
sensor.corridoio_umidita_2,42.63325595305556,2026-01-04T22:00:00.000Z
sensor.corridoio_umidita_2,42.297129636777775,2026-01-04T23:00:00.000Z
sensor.corridoio_umidita_2,42.23347087211111,2026-01-05T00:00:00.000Z
sensor.corridoio_umidita_2,42.23353086677778,2026-01-05T01:00:00.000Z
sensor.corridoio_umidita_2,42.05394636775,2026-01-05T02:00:00.000Z
sensor.corridoio_umidita_2,41.924497470861105,2026-01-05T03:00:00.000Z
sensor.corridoio_umidita_2,42.05072153336111,2026-01-05T04:00:00.000Z
sensor.corridoio_umidita_2,41.882272539805555,2026-01-05T05:00:00.000Z
sensor.corridoio_umidita_2,41.86270320516667,2026-01-05T06:00:00.000Z
sensor.corridoio_umidita_2,40.83916493708333,2026-01-05T07:00:00.000Z
sensor.corridoio_umidita_2,41.88267969197222,2026-01-05T08:00:00.000Z
sensor.corridoio_umidita_2,41.44864504475,2026-01-05T09:00:00.000Z
sensor.corridoio_umidita_2,41.60609003741667,2026-01-05T10:00:00.000Z
sensor.corridoio_umidita_2,41.88308390877778,2026-01-05T11:00:00.000Z
sensor.corridoio_umidita_2,41.36604874908333,2026-01-05T12:00:00.000Z
sensor.corridoio_umidita_2,40.64839564983333,2026-01-05T13:00:00.000Z
sensor.corridoio_umidita_2,40.22912557163889,2026-01-05T14:00:00.000Z
sensor.corridoio_umidita_2,39.812593505138885,2026-01-05T15:00:00.000Z
sensor.corridoio_umidita_2,39.74098988022222,2026-01-05T16:00:00.000Z
sensor.corridoio_umidita_2,39.648351848888886,2026-01-05T17:00:00.000Z
sensor.corridoio_umidita_2,40.395499353333335,2026-01-05T18:00:00.000Z
sensor.corridoio_umidita_2,39.36680518294445,2026-01-05T19:00:00.000Z
sensor.corridoio_umidita_2,39.39581865866667,2026-01-05T20:00:00.000Z
sensor.corridoio_umidita_2,39.51315037733333,2026-01-05T21:00:00.000Z
sensor.corridoio_umidita_2,39.27483740119444,2026-01-05T22:00:00.000Z
sensor.corridoio_umidita_2,39.566866975575756,2026-01-05T23:00:00.000Z
sensor.corridoio_umidita_2,40.23218712563889,2026-01-06T00:00:00.000Z
sensor.corridoio_umidita_2,40.74229303405556,2026-01-06T01:00:00.000Z
sensor.corridoio_umidita_2,41.30772792127778,2026-01-06T02:00:00.000Z
sensor.corridoio_umidita_2,41.35041030480556,2026-01-06T03:00:00.000Z
sensor.corridoio_umidita_2,41.46873872733334,2026-01-06T04:00:00.000Z
sensor.corridoio_umidita_2,41.751543214083334,2026-01-06T05:00:00.000Z
sensor.corridoio_umidita_2,39.91279658519444,2026-01-06T06:00:00.000Z
sensor.corridoio_umidita_2,40.44695575441667,2026-01-06T07:00:00.000Z
sensor.corridoio_umidita_2,40.08752140994444,2026-01-06T08:00:00.000Z
sensor.corridoio_umidita_2,40.38617172608333,2026-01-06T09:00:00.000Z
sensor.corridoio_umidita_2,38.98804092538889,2026-01-06T10:00:00.000Z
sensor.corridoio_umidita_2,38.4,2026-01-06T11:00:00.000Z
sensor.corridoio_umidita_2,38.61810666116667,2026-01-06T12:00:00.000Z
sensor.corridoio_umidita_2,37.96975683497222,2026-01-06T13:00:00.000Z
sensor.corridoio_umidita_2,37.60982137580556,2026-01-06T14:00:00.000Z
sensor.corridoio_umidita_2,37.350455329611115,2026-01-06T15:00:00.000Z
sensor.corridoio_umidita_2,37.55461920263889,2026-01-06T16:00:00.000Z
sensor.corridoio_umidita_2,37.50551941113889,2026-01-06T17:00:00.000Z
sensor.corridoio_umidita_2,38.45935407311111,2026-01-06T18:00:00.000Z
sensor.corridoio_umidita_2,40.10660738547222,2026-01-06T19:00:00.000Z
sensor.corridoio_umidita_2,40.08067178780556,2026-01-06T20:00:00.000Z
sensor.corridoio_umidita_2,42.516346820222225,2026-01-06T21:00:00.000Z
sensor.corridoio_umidita_2,42.77818908805555,2026-01-06T22:00:00.000Z
sensor.corridoio_umidita_2,41.70633093633333,2026-01-06T23:00:00.000Z
sensor.corridoio_umidita_2,41.170113999777776,2026-01-07T00:00:00.000Z
sensor.corridoio_umidita_2,40.733170701527776,2026-01-07T01:00:00.000Z
sensor.corridoio_umidita_2,40.36309353936111,2026-01-07T02:00:00.000Z
sensor.corridoio_umidita_2,40.28998798497222,2026-01-07T03:00:00.000Z
sensor.corridoio_umidita_2,40.220807625249996,2026-01-07T04:00:00.000Z
sensor.corridoio_umidita_2,39.98658430508333,2026-01-07T05:00:00.000Z
sensor.corridoio_umidita_2,40.036959538666665,2026-01-07T06:00:00.000Z
sensor.corridoio_umidita_2,39.562068438694446,2026-01-07T07:00:00.000Z
sensor.corridoio_umidita_2,39.890301261138895,2026-01-07T08:00:00.000Z
sensor.corridoio_umidita_2,39.805753472944446,2026-01-07T09:00:00.000Z
sensor.corridoio_umidita_2,39.99228673566667,2026-01-07T10:00:00.000Z
sensor.corridoio_umidita_2,39.84990193761111,2026-01-07T11:00:00.000Z
sensor.corridoio_umidita_2,39.65047502894445,2026-01-07T12:00:00.000Z
sensor.corridoio_umidita_2,39.47019393208333,2026-01-07T13:00:00.000Z
sensor.corridoio_umidita_2,39.06310384786111,2026-01-07T14:00:00.000Z
sensor.corridoio_umidita_2,38.787620983749996,2026-01-07T15:00:00.000Z
sensor.corridoio_umidita_2,39.161888946472224,2026-01-07T16:00:00.000Z
sensor.corridoio_umidita_2,38.97046590408333,2026-01-07T17:00:00.000Z
sensor.corridoio_umidita_2,38.81772116933333,2026-01-07T18:00:00.000Z
sensor.corridoio_umidita_2,38.4431764055,2026-01-07T19:00:00.000Z
sensor.corridoio_umidita_2,38.61764704986111,2026-01-07T20:00:00.000Z
sensor.corridoio_umidita_2,38.91888458847222,2026-01-07T21:00:00.000Z
sensor.corridoio_umidita_2,39.032106343416665,2026-01-07T22:00:00.000Z
sensor.corridoio_umidita_2,38.91755687994444,2026-01-07T23:00:00.000Z
sensor.corridoio_umidita_2,38.91588750658333,2026-01-08T00:00:00.000Z
sensor.corridoio_umidita_2,38.86711291722222,2026-01-08T01:00:00.000Z
sensor.corridoio_umidita_2,38.77483197741667,2026-01-08T02:00:00.000Z
sensor.corridoio_umidita_2,38.77672625961111,2026-01-08T03:00:00.000Z
sensor.corridoio_umidita_2,38.637999935361115,2026-01-08T04:00:00.000Z
sensor.corridoio_umidita_2,38.88657475613889,2026-01-08T05:00:00.000Z
sensor.corridoio_umidita_2,39.189182993500005,2026-01-08T06:00:00.000Z
sensor.corridoio_umidita_2,40.03382374555556,2026-01-08T07:00:00.000Z
sensor.corridoio_umidita_2,40.04034220222222,2026-01-08T08:00:00.000Z
sensor.corridoio_umidita_2,39.431382614027775,2026-01-08T09:00:00.000Z
sensor.corridoio_umidita_2,39.513683126500005,2026-01-08T10:00:00.000Z
sensor.corridoio_umidita_2,39.279450967694444,2026-01-08T11:00:00.000Z
sensor.corridoio_umidita_2,38.81995256997222,2026-01-08T12:00:00.000Z
sensor.corridoio_umidita_2,38.38814494247222,2026-01-08T13:00:00.000Z
sensor.corridoio_umidita_2,37.63405190505556,2026-01-08T14:00:00.000Z
sensor.corridoio_umidita_2,37.27770011738889,2026-01-08T15:00:00.000Z
sensor.corridoio_umidita_2,37.17761620072222,2026-01-08T16:00:00.000Z
sensor.corridoio_umidita_2,37.68542529925,2026-01-08T17:00:00.000Z
sensor.corridoio_umidita_2,38.36773231783334,2026-01-08T18:00:00.000Z
sensor.corridoio_umidita_2,38.64660010408333,2026-01-08T19:00:00.000Z
sensor.corridoio_umidita_2,39.494631758333334,2026-01-08T20:00:00.000Z
sensor.corridoio_umidita_2,39.13360566069445,2026-01-08T21:00:00.000Z
sensor.corridoio_umidita_2,38.81463466258334,2026-01-08T22:00:00.000Z
sensor.corridoio_umidita_2,38.92567081730555,2026-01-08T23:00:00.000Z
sensor.corridoio_umidita_2,39.07742216836112,2026-01-09T00:00:00.000Z
sensor.corridoio_umidita_2,39.04382958677778,2026-01-09T01:00:00.000Z
sensor.corridoio_umidita_2,39.385112643944446,2026-01-09T02:00:00.000Z
sensor.corridoio_umidita_2,39.52516791027778,2026-01-09T03:00:00.000Z
sensor.corridoio_umidita_2,39.65864306738889,2026-01-09T04:00:00.000Z
sensor.corridoio_umidita_2,39.46155782722222,2026-01-09T05:00:00.000Z
sensor.corridoio_umidita_2,39.45110774502778,2026-01-09T06:00:00.000Z
sensor.corridoio_umidita_2,39.48179621213889,2026-01-09T07:00:00.000Z
sensor.corridoio_umidita_2,39.78530726269444,2026-01-09T08:00:00.000Z
sensor.corridoio_umidita_2,39.521611291611116,2026-01-09T09:00:00.000Z
sensor.corridoio_umidita_2,39.303889849444445,2026-01-09T10:00:00.000Z
sensor.corridoio_umidita_2,39.281311892472225,2026-01-09T11:00:00.000Z
sensor.corridoio_umidita_2,38.977385048777776,2026-01-09T12:00:00.000Z
sensor.corridoio_umidita_2,38.9,2026-01-09T13:00:00.000Z
sensor.corridoio_umidita_2,39.15789275358333,2026-01-09T14:00:00.000Z
sensor.corridoio_umidita_2,39.37716174791667,2026-01-09T15:00:00.000Z
sensor.corridoio_umidita_2,39.62418004319444,2026-01-09T16:00:00.000Z
sensor.corridoio_umidita_2,39.16028442752778,2026-01-09T17:00:00.000Z
sensor.corridoio_umidita_2,38.78656880069445,2026-01-09T18:00:00.000Z
sensor.corridoio_umidita_2,38.850479674166664,2026-01-09T19:00:00.000Z
sensor.corridoio_umidita_2,39.102888410472225,2026-01-09T20:00:00.000Z
sensor.corridoio_umidita_2,38.88113152630555,2026-01-09T21:00:00.000Z
sensor.corridoio_umidita_2,38.648822802888894,2026-01-09T22:00:00.000Z
sensor.corridoio_umidita_2,39.07086601688889,2026-01-09T23:00:00.000Z
sensor.corridoio_umidita_2,39.37347767669444,2026-01-10T00:00:00.000Z
sensor.corridoio_umidita_2,39.62259249613889,2026-01-10T01:00:00.000Z
sensor.corridoio_umidita_2,39.72937860527778,2026-01-10T02:00:00.000Z
sensor.corridoio_umidita_2,39.46361667672222,2026-01-10T03:00:00.000Z
sensor.corridoio_umidita_2,39.3,2026-01-10T04:00:00.000Z
sensor.corridoio_umidita_2,39.22441658880556,2026-01-10T05:00:00.000Z
sensor.corridoio_umidita_2,39.22457775225,2026-01-10T06:00:00.000Z
sensor.corridoio_umidita_2,39.119204378333336,2026-01-10T07:00:00.000Z
sensor.corridoio_umidita_2,39.14139860772222,2026-01-10T08:00:00.000Z
sensor.corridoio_umidita_2,39.37552089291667,2026-01-10T09:00:00.000Z
sensor.corridoio_umidita_2,38.99280002175,2026-01-10T10:00:00.000Z
sensor.corridoio_umidita_2,38.70693942327778,2026-01-10T11:00:00.000Z
sensor.corridoio_umidita_2,38.61200629108333,2026-01-10T12:00:00.000Z
sensor.corridoio_umidita_2,39.49232686138889,2026-01-10T13:00:00.000Z
sensor.corridoio_umidita_2,39.45936354661111,2026-01-10T14:00:00.000Z
sensor.corridoio_umidita_2,39.146937985305556,2026-01-10T15:00:00.000Z
sensor.corridoio_umidita_2,39.54276819686111,2026-01-10T16:00:00.000Z
sensor.corridoio_umidita_2,39.644382104444446,2026-01-10T17:00:00.000Z
sensor.corridoio_umidita_2,39.94911508575,2026-01-10T18:00:00.000Z
sensor.corridoio_umidita_2,40.30961896797222,2026-01-10T19:00:00.000Z
sensor.corridoio_umidita_2,38.37717314202778,2026-01-10T20:00:00.000Z
sensor.corridoio_umidita_2,37.685135580305555,2026-01-10T21:00:00.000Z
sensor.corridoio_umidita_2,36.73203145177778,2026-01-10T22:00:00.000Z
sensor.corridoio_umidita_2,36.088790436194444,2026-01-10T23:00:00.000Z
sensor.corridoio_umidita_2,36.023040419194444,2026-01-11T00:00:00.000Z
sensor.corridoio_umidita_2,36.32148032633333,2026-01-11T01:00:00.000Z
sensor.corridoio_umidita_2,36.08484809027778,2026-01-11T02:00:00.000Z
sensor.corridoio_umidita_2,35.93650447733334,2026-01-11T03:00:00.000Z
sensor.corridoio_umidita_2,35.88601471944444,2026-01-11T04:00:00.000Z
sensor.corridoio_umidita_2,35.701692021250004,2026-01-11T05:00:00.000Z
sensor.corridoio_umidita_2,35.57111315622222,2026-01-11T06:00:00.000Z
sensor.corridoio_umidita_2,35.698680751472224,2026-01-11T07:00:00.000Z
sensor.corridoio_umidita_2,35.85938240969444,2026-01-11T08:00:00.000Z
sensor.corridoio_umidita_2,35.716102474277776,2026-01-11T09:00:00.000Z
sensor.corridoio_umidita_2,36.99464741558333,2026-01-11T10:00:00.000Z
sensor.corridoio_umidita_2,36.174072486,2026-01-11T11:00:00.000Z
sensor.corridoio_umidita_2,35.615066078000005,2026-01-11T12:00:00.000Z
sensor.corridoio_umidita_2,34.98887321805555,2026-01-11T13:00:00.000Z
sensor.corridoio_umidita_2,35.82551351541667,2026-01-11T14:00:00.000Z
sensor.corridoio_umidita_2,36.22069878761111,2026-01-11T15:00:00.000Z
sensor.corridoio_umidita_2,36.418914072166665,2026-01-11T16:00:00.000Z
sensor.corridoio_umidita_2,36.700207232555556,2026-01-11T17:00:00.000Z
sensor.corridoio_umidita_2,36.67144040488889,2026-01-11T18:00:00.000Z
sensor.corridoio_umidita_2,37.17621358430555,2026-01-11T19:00:00.000Z
sensor.corridoio_umidita_2,38.9114522455,2026-01-11T20:00:00.000Z
sensor.corridoio_umidita_2,38.18994491280555,2026-01-11T21:00:00.000Z
sensor.corridoio_umidita_2,37.96636023038889,2026-01-11T22:00:00.000Z
sensor.corridoio_umidita_2,37.973609734027775,2026-01-11T23:00:00.000Z
sensor.corridoio_umidita_2,38.003119879972225,2026-01-12T00:00:00.000Z
sensor.corridoio_umidita_2,37.872277595944446,2026-01-12T01:00:00.000Z
sensor.corridoio_umidita_2,37.97483570088889,2026-01-12T02:00:00.000Z
sensor.corridoio_umidita_2,37.76785024222222,2026-01-12T03:00:00.000Z
sensor.corridoio_umidita_2,37.33317771122222,2026-01-12T04:00:00.000Z
sensor.corridoio_umidita_2,36.96738238058333,2026-01-12T05:00:00.000Z
sensor.corridoio_umidita_2,36.975928101305556,2026-01-12T06:00:00.000Z
sensor.corridoio_umidita_2,37.56823646591666,2026-01-12T07:00:00.000Z
sensor.corridoio_umidita_2,37.769190438277775,2026-01-12T08:00:00.000Z
sensor.corridoio_umidita_2,37.59263851688889,2026-01-12T09:00:00.000Z
sensor.corridoio_umidita_2,37.48847327655556,2026-01-12T10:00:00.000Z
sensor.corridoio_umidita_2,37.158361140194444,2026-01-12T11:00:00.000Z
sensor.corridoio_umidita_2,36.85965218419444,2026-01-12T12:00:00.000Z
sensor.corridoio_umidita_2,36.872215057527775,2026-01-12T13:00:00.000Z
sensor.corridoio_umidita_2,37.244718062666664,2026-01-12T14:00:00.000Z
sensor.corridoio_umidita_2,37.29458508886111,2026-01-12T15:00:00.000Z
sensor.corridoio_umidita_2,39.63873947772222,2026-01-12T16:00:00.000Z
sensor.corridoio_umidita_2,38.82851963272223,2026-01-12T17:00:00.000Z
sensor.corridoio_umidita_2,38.708760098999996,2026-01-12T18:00:00.000Z
sensor.corridoio_umidita_2,41.367929395833336,2026-01-12T19:00:00.000Z
sensor.corridoio_umidita_2,43.280076776444446,2026-01-12T20:00:00.000Z
sensor.corridoio_umidita_2,43.158812421111115,2026-01-12T21:00:00.000Z
sensor.corridoio_umidita_2,41.15317590377777,2026-01-12T22:00:00.000Z
sensor.corridoio_umidita_2,40.475467826,2026-01-12T23:00:00.000Z
sensor.corridoio_umidita_2,40.22425619463889,2026-01-13T00:00:00.000Z
sensor.corridoio_umidita_2,40.236086308944444,2026-01-13T01:00:00.000Z
sensor.corridoio_umidita_2,40.270576138555555,2026-01-13T02:00:00.000Z
sensor.corridoio_umidita_2,40.14130109691667,2026-01-13T03:00:00.000Z
sensor.corridoio_umidita_2,40.16044616483334,2026-01-13T04:00:00.000Z
sensor.corridoio_umidita_2,40.08621552816667,2026-01-13T05:00:00.000Z
sensor.corridoio_umidita_2,40.35832028572222,2026-01-13T06:00:00.000Z
sensor.corridoio_umidita_2,40.72846832538889,2026-01-13T07:00:00.000Z
sensor.corridoio_umidita_2,40.88419459663889,2026-01-13T08:00:00.000Z
sensor.corridoio_umidita_2,40.450122808972225,2026-01-13T09:00:00.000Z
sensor.corridoio_umidita_2,40.16800608027778,2026-01-13T10:00:00.000Z
sensor.corridoio_umidita_2,39.8955800965,2026-01-13T11:00:00.000Z
sensor.corridoio_umidita_2,39.904272720305556,2026-01-13T12:00:00.000Z
sensor.corridoio_umidita_2,40,2026-01-13T13:00:00.000Z
sensor.corridoio_umidita_2,40.08027971688889,2026-01-13T14:00:00.000Z
sensor.corridoio_umidita_2,40.13772442713889,2026-01-13T15:00:00.000Z
sensor.corridoio_umidita_2,40.12938695597222,2026-01-13T16:00:00.000Z
sensor.corridoio_umidita_2,40.61848438166667,2026-01-13T17:00:00.000Z
sensor.corridoio_umidita_2,40.507725755361115,2026-01-13T18:00:00.000Z
sensor.corridoio_umidita_2,40.91895273294444,2026-01-13T19:00:00.000Z
sensor.corridoio_umidita_2,41.44062481691667,2026-01-13T20:00:00.000Z
sensor.corridoio_umidita_2,41.859059147,2026-01-13T21:00:00.000Z
sensor.corridoio_umidita_2,42.27281092638889,2026-01-13T22:00:00.000Z
sensor.corridoio_umidita_2,43.367199233777775,2026-01-13T23:00:00.000Z
sensor.corridoio_umidita_2,44.04030206027778,2026-01-14T00:00:00.000Z
sensor.corridoio_umidita_2,44.54669016594445,2026-01-14T01:00:00.000Z
sensor.corridoio_umidita_2,45.13036727980556,2026-01-14T02:00:00.000Z
sensor.corridoio_umidita_2,45.909428890916665,2026-01-14T03:00:00.000Z
sensor.corridoio_umidita_2,46.139993828861115,2026-01-14T04:00:00.000Z
sensor.corridoio_umidita_2,46.16810110722222,2026-01-14T05:00:00.000Z
sensor.corridoio_umidita_2,45.27813582197222,2026-01-14T06:00:00.000Z
sensor.corridoio_umidita_2,45.22298807163889,2026-01-14T07:00:00.000Z
sensor.corridoio_umidita_2,45.00606150927778,2026-01-14T08:00:00.000Z
sensor.corridoio_umidita_2,44.34426847075,2026-01-14T09:00:00.000Z
sensor.corridoio_umidita_2,43.88071628083333,2026-01-14T10:00:00.000Z
sensor.corridoio_umidita_2,43.56868330880556,2026-01-14T11:00:00.000Z
sensor.corridoio_umidita_2,43.386789858777774,2026-01-14T12:00:00.000Z
sensor.corridoio_umidita_2,43.30979970355555,2026-01-14T13:00:00.000Z
sensor.corridoio_umidita_2,43.4,2026-01-14T14:00:00.000Z
sensor.corridoio_umidita_2,43.475724049916664,2026-01-14T15:00:00.000Z
sensor.corridoio_umidita_2,43.77490363169445,2026-01-14T16:00:00.000Z
sensor.corridoio_umidita_2,44.09568909238889,2026-01-14T17:00:00.000Z
sensor.corridoio_umidita_2,44.234810032055556,2026-01-14T18:00:00.000Z
sensor.corridoio_umidita_2,44.48126055561111,2026-01-14T19:00:00.000Z
sensor.corridoio_umidita_2,45.01302777863889,2026-01-14T20:00:00.000Z
sensor.corridoio_umidita_2,44.41436337675,2026-01-14T21:00:00.000Z
sensor.corridoio_umidita_2,44.34484384094444,2026-01-14T22:00:00.000Z
sensor.corridoio_umidita_2,44.72516540591667,2026-01-14T23:00:00.000Z
sensor.corridoio_umidita_2,44.91957873863888,2026-01-15T00:00:00.000Z
sensor.corridoio_umidita_2,45.07663397355555,2026-01-15T01:00:00.000Z
sensor.corridoio_umidita_2,45.32084210858333,2026-01-15T02:00:00.000Z
sensor.corridoio_umidita_2,45.73673667186111,2026-01-15T03:00:00.000Z
sensor.corridoio_umidita_2,45.94172942522223,2026-01-15T04:00:00.000Z
sensor.corridoio_umidita_2,46.124967033833336,2026-01-15T05:00:00.000Z
sensor.corridoio_umidita_2,46.13355970355556,2026-01-15T06:00:00.000Z
sensor.corridoio_umidita_2,47.185301650305554,2026-01-15T07:00:00.000Z
sensor.corridoio_umidita_2,46.879448455694444,2026-01-15T08:00:00.000Z
sensor.corridoio_umidita_2,46.67417691383333,2026-01-15T09:00:00.000Z
sensor.corridoio_umidita_2,46.28256652788889,2026-01-15T10:00:00.000Z
sensor.corridoio_umidita_2,46.20000000000001,2026-01-15T11:00:00.000Z
sensor.corridoio_umidita_2,46.26441763922222,2026-01-15T12:00:00.000Z
sensor.corridoio_umidita_2,46.43574162863889,2026-01-15T13:00:00.000Z
sensor.corridoio_umidita_2,46.56176084672222,2026-01-15T14:00:00.000Z
sensor.corridoio_umidita_2,47.042341832138895,2026-01-15T15:00:00.000Z
sensor.corridoio_umidita_2,47.5,2026-01-15T16:00:00.000Z
sensor.corridoio_umidita_2,47.64007484847222,2026-01-15T17:00:00.000Z
sensor.corridoio_umidita_2,47.85033295705555,2026-01-15T18:00:00.000Z
sensor.corridoio_umidita_2,47.86831939211111,2026-01-15T19:00:00.000Z
sensor.corridoio_umidita_2,48.24487775008333,2026-01-15T20:00:00.000Z
sensor.corridoio_umidita_2,50.97855697275,2026-01-15T21:00:00.000Z
sensor.corridoio_umidita_2,53.735234898361114,2026-01-15T22:00:00.000Z
sensor.corridoio_umidita_2,51.07327829655555,2026-01-15T23:00:00.000Z
sensor.corridoio_umidita_2,50.14582577886111,2026-01-16T00:00:00.000Z
sensor.corridoio_umidita_2,49.573921728694444,2026-01-16T01:00:00.000Z
sensor.corridoio_umidita_2,49.37350735625,2026-01-16T02:00:00.000Z
sensor.corridoio_umidita_2,49.35937792580555,2026-01-16T03:00:00.000Z
sensor.corridoio_umidita_2,49.467113616527776,2026-01-16T04:00:00.000Z
sensor.corridoio_umidita_2,49.47414976747222,2026-01-16T05:00:00.000Z
sensor.corridoio_umidita_2,49.72179796052777,2026-01-16T06:00:00.000Z
sensor.corridoio_umidita_2,49.99866518966667,2026-01-16T07:00:00.000Z
sensor.corridoio_umidita_2,49.730810121833336,2026-01-16T08:00:00.000Z
sensor.corridoio_umidita_2,49.28589813888889,2026-01-16T09:00:00.000Z
sensor.corridoio_umidita_2,49.22012418005556,2026-01-16T10:00:00.000Z
sensor.corridoio_umidita_2,49.20000000000001,2026-01-16T11:00:00.000Z
sensor.corridoio_umidita_2,49.20304382816667,2026-01-16T12:00:00.000Z
sensor.corridoio_umidita_2,49.29999999999999,2026-01-16T13:00:00.000Z
sensor.corridoio_umidita_2,49.27483189147222,2026-01-16T14:00:00.000Z
sensor.corridoio_umidita_2,49.48873975216667,2026-01-16T15:00:00.000Z
sensor.corridoio_umidita_2,49.70141151855555,2026-01-16T16:00:00.000Z
sensor.corridoio_umidita_2,50.00015900077778,2026-01-16T17:00:00.000Z
sensor.corridoio_umidita_2,49.990081433,2026-01-16T18:00:00.000Z
sensor.corridoio_umidita_2,50.33973817788888,2026-01-16T19:00:00.000Z
sensor.corridoio_umidita_2,50.34436425794444,2026-01-16T20:00:00.000Z
sensor.corridoio_umidita_2,49.91344316097223,2026-01-16T21:00:00.000Z
sensor.corridoio_umidita_2,49.75496611063889,2026-01-16T22:00:00.000Z
sensor.corridoio_umidita_2,50.21319491791667,2026-01-16T23:00:00.000Z
sensor.corridoio_umidita_2,50.58617010491667,2026-01-17T00:00:00.000Z
sensor.corridoio_umidita_2,50.160518025777776,2026-01-17T01:00:00.000Z
sensor.corridoio_umidita_2,50.263309846027774,2026-01-17T02:00:00.000Z
sensor.corridoio_umidita_2,50.29999999999999,2026-01-17T03:00:00.000Z
sensor.corridoio_umidita_2,50.32517017191666,2026-01-17T04:00:00.000Z
sensor.corridoio_umidita_2,50.29999999999999,2026-01-17T05:00:00.000Z
sensor.corridoio_umidita_2,50.36629479855555,2026-01-17T06:00:00.000Z
sensor.corridoio_umidita_2,50.42367793175,2026-01-17T07:00:00.000Z
sensor.corridoio_umidita_2,50.62367928613889,2026-01-17T08:00:00.000Z
sensor.corridoio_umidita_2,51.15075689430555,2026-01-17T09:00:00.000Z
sensor.corridoio_umidita_2,51.566400462,2026-01-17T10:00:00.000Z
sensor.corridoio_umidita_2,51.10069706752778,2026-01-17T11:00:00.000Z
sensor.corridoio_umidita_2,51.03882940924999,2026-01-17T12:00:00.000Z
sensor.corridoio_umidita_2,50.500236853694446,2026-01-17T13:00:00.000Z
sensor.corridoio_umidita_2,50.22001888075,2026-01-17T14:00:00.000Z
sensor.corridoio_umidita_2,50.04127973683333,2026-01-17T15:00:00.000Z
sensor.corridoio_umidita_2,50.41968097972222,2026-01-17T16:00:00.000Z
sensor.corridoio_umidita_2,50.28366895777777,2026-01-17T17:00:00.000Z
sensor.corridoio_umidita_2,50.02578391077778,2026-01-17T18:00:00.000Z
sensor.corridoio_umidita_2,52.33256309930556,2026-01-17T19:00:00.000Z
sensor.corridoio_umidita_2,53.45020505316666,2026-01-17T20:00:00.000Z
sensor.corridoio_umidita_2,54.52319041113889,2026-01-17T21:00:00.000Z
sensor.corridoio_umidita_2,50.765597032222225,2026-01-17T22:00:00.000Z
sensor.corridoio_umidita_2,50.004736581555555,2026-01-17T23:00:00.000Z
sensor.corridoio_umidita_2,50.60654801472222,2026-01-18T00:00:00.000Z
sensor.corridoio_umidita_2,50.68951301794444,2026-01-18T01:00:00.000Z
sensor.corridoio_umidita_2,50.76207605866667,2026-01-18T02:00:00.000Z
sensor.corridoio_umidita_2,50.9232239555,2026-01-18T03:00:00.000Z
sensor.corridoio_umidita_2,50.72197162455556,2026-01-18T04:00:00.000Z
sensor.corridoio_umidita_2,50.625167458611116,2026-01-18T05:00:00.000Z
sensor.corridoio_umidita_2,50.54972953197222,2026-01-18T06:00:00.000Z
sensor.corridoio_umidita_2,50.44203869119445,2026-01-18T07:00:00.000Z
sensor.corridoio_umidita_2,50.112331182388886,2026-01-18T08:00:00.000Z
sensor.corridoio_umidita_2,49.88572819638889,2026-01-18T09:00:00.000Z
sensor.corridoio_umidita_2,49.77680167230556,2026-01-18T10:00:00.000Z
sensor.corridoio_umidita_2,49.20311874525,2026-01-18T11:00:00.000Z
sensor.corridoio_umidita_2,49.23933069783334,2026-01-18T12:00:00.000Z
sensor.corridoio_umidita_2,48.79541883316667,2026-01-18T13:00:00.000Z
sensor.corridoio_umidita_2,48.310931178888886,2026-01-18T14:00:00.000Z
sensor.corridoio_umidita_2,47.16669715547223,2026-01-18T15:00:00.000Z
sensor.corridoio_umidita_2,46.40071796983333,2026-01-18T16:00:00.000Z
sensor.corridoio_umidita_2,47.11390458711111,2026-01-18T17:00:00.000Z
sensor.corridoio_umidita_2,46.589243044611116,2026-01-18T18:00:00.000Z
sensor.corridoio_umidita_2,45.734777770861115,2026-01-18T19:00:00.000Z
sensor.corridoio_umidita_2,45.91286979252777,2026-01-18T20:00:00.000Z
sensor.corridoio_umidita_2,46.021214314249995,2026-01-18T21:00:00.000Z
sensor.corridoio_umidita_2,46.71742381436112,2026-01-18T22:00:00.000Z
sensor.corridoio_umidita_2,47.302804810472225,2026-01-18T23:00:00.000Z
sensor.corridoio_umidita_2,47.04882283255555,2026-01-19T00:00:00.000Z
sensor.corridoio_umidita_2,47.555698518861114,2026-01-19T01:00:00.000Z
sensor.corridoio_umidita_2,47.81147835802778,2026-01-19T02:00:00.000Z
sensor.corridoio_umidita_2,47.67902010025,2026-01-19T03:00:00.000Z
sensor.corridoio_umidita_2,47.54856473433333,2026-01-19T04:00:00.000Z
sensor.corridoio_umidita_2,47.31457679133333,2026-01-19T05:00:00.000Z
sensor.corridoio_umidita_2,47.55121757558334,2026-01-19T06:00:00.000Z
sensor.corridoio_umidita_2,47.48136069377778,2026-01-19T07:00:00.000Z
sensor.corridoio_umidita_2,47.31863364336112,2026-01-19T08:00:00.000Z
sensor.corridoio_umidita_2,46.373247776,2026-01-19T09:00:00.000Z
sensor.corridoio_umidita_2,45.360990496305554,2026-01-19T10:00:00.000Z
sensor.corridoio_umidita_2,44.764027279749996,2026-01-19T11:00:00.000Z
sensor.corridoio_umidita_2,44.40236254044444,2026-01-19T12:00:00.000Z
sensor.corridoio_umidita_2,44.01767939011111,2026-01-19T13:00:00.000Z
sensor.corridoio_umidita_2,43.74917528091667,2026-01-19T14:00:00.000Z
sensor.corridoio_umidita_2,43.773995856944445,2026-01-19T15:00:00.000Z
sensor.corridoio_umidita_2,43.788089669305556,2026-01-19T16:00:00.000Z
sensor.corridoio_umidita_2,43.04968465561111,2026-01-19T17:00:00.000Z
sensor.corridoio_umidita_2,42.80646075186112,2026-01-19T18:00:00.000Z
sensor.corridoio_umidita_2,41.967418584861115,2026-01-19T19:00:00.000Z
sensor.corridoio_umidita_2,41.217667675916665,2026-01-19T20:00:00.000Z
sensor.corridoio_umidita_2,40.55481189022222,2026-01-19T21:00:00.000Z
sensor.corridoio_umidita_2,40.298711936416666,2026-01-19T22:00:00.000Z
sensor.corridoio_umidita_2,39.95876401383333,2026-01-19T23:00:00.000Z
sensor.corridoio_umidita_2,40.86405272677778,2026-01-20T00:00:00.000Z
sensor.corridoio_umidita_2,42.03168472663889,2026-01-20T01:00:00.000Z
sensor.corridoio_umidita_2,42.52606009913889,2026-01-20T02:00:00.000Z
sensor.corridoio_umidita_2,42.93881913472222,2026-01-20T03:00:00.000Z
sensor.corridoio_umidita_2,43.265310418055556,2026-01-20T04:00:00.000Z
sensor.corridoio_umidita_2,43.30585161422223,2026-01-20T05:00:00.000Z
sensor.corridoio_umidita_2,43.96232042897222,2026-01-20T06:00:00.000Z
sensor.corridoio_umidita_2,43.67460864505555,2026-01-20T07:00:00.000Z
sensor.corridoio_umidita_2,43.17145047008333,2026-01-20T08:00:00.000Z
sensor.corridoio_umidita_2,42.67205389441667,2026-01-20T09:00:00.000Z
sensor.corridoio_umidita_2,42.06955528922222,2026-01-20T10:00:00.000Z
sensor.corridoio_umidita_2,41.498748232555556,2026-01-20T11:00:00.000Z
sensor.corridoio_umidita_2,41.01781851041667,2026-01-20T12:00:00.000Z
sensor.corridoio_umidita_2,40.837140279472216,2026-01-20T13:00:00.000Z
sensor.corridoio_umidita_2,40.741280247472226,2026-01-20T14:00:00.000Z
sensor.corridoio_umidita_2,40.89211333152778,2026-01-20T15:00:00.000Z
sensor.corridoio_umidita_2,40.88622300986111,2026-01-20T16:00:00.000Z
sensor.corridoio_umidita_2,40.534956029611116,2026-01-20T17:00:00.000Z
sensor.corridoio_umidita_2,40.37128292483333,2026-01-20T18:00:00.000Z
sensor.corridoio_umidita_2,40.33370584733333,2026-01-20T19:00:00.000Z
sensor.corridoio_umidita_2,40.808000422166664,2026-01-20T20:00:00.000Z
sensor.corridoio_umidita_2,41.73455233866667,2026-01-20T21:00:00.000Z
sensor.corridoio_umidita_2,43.927838243749996,2026-01-20T22:00:00.000Z
sensor.corridoio_umidita_2,42.84857142477778,2026-01-20T23:00:00.000Z
sensor.corridoio_umidita_2,42.336296631749995,2026-01-21T00:00:00.000Z
sensor.corridoio_umidita_2,41.998178572166665,2026-01-21T01:00:00.000Z
sensor.corridoio_umidita_2,41.83305897322222,2026-01-21T02:00:00.000Z
sensor.corridoio_umidita_2,41.83046230280555,2026-01-21T03:00:00.000Z
sensor.corridoio_umidita_2,41.39662565305556,2026-01-21T04:00:00.000Z
sensor.corridoio_umidita_2,41.26290952283333,2026-01-21T05:00:00.000Z
sensor.corridoio_umidita_2,41.649702847916664,2026-01-21T06:00:00.000Z
sensor.corridoio_umidita_2,41.71019039008333,2026-01-21T07:00:00.000Z
sensor.corridoio_umidita_2,41.62562645575,2026-01-21T08:00:00.000Z
sensor.corridoio_umidita_2,40.98415548477778,2026-01-21T09:00:00.000Z
sensor.corridoio_umidita_2,40.85056624433333,2026-01-21T10:00:00.000Z
sensor.corridoio_umidita_2,40.98780295508333,2026-01-21T11:00:00.000Z
sensor.corridoio_umidita_2,41.164216868361116,2026-01-21T12:00:00.000Z
sensor.corridoio_umidita_2,41.22159584688889,2026-01-21T13:00:00.000Z
sensor.corridoio_umidita_2,41.358659114194445,2026-01-21T14:00:00.000Z
sensor.corridoio_umidita_2,41.390891602416666,2026-01-21T15:00:00.000Z
sensor.corridoio_umidita_2,41.40781272825,2026-01-21T16:00:00.000Z
sensor.corridoio_umidita_2,41.231473735777776,2026-01-21T17:00:00.000Z
sensor.corridoio_umidita_2,41.45661966569444,2026-01-21T18:00:00.000Z
sensor.corridoio_umidita_2,41.33212108455556,2026-01-21T19:00:00.000Z
sensor.corridoio_umidita_2,40.83768529694444,2026-01-21T20:00:00.000Z
sensor.corridoio_umidita_2,40.152453406027774,2026-01-21T21:00:00.000Z
sensor.corridoio_umidita_2,39.84773309855556,2026-01-21T22:00:00.000Z
sensor.corridoio_umidita_2,40.41320331880555,2026-01-21T23:00:00.000Z
sensor.corridoio_umidita_2,40.479309648805554,2026-01-22T00:00:00.000Z
sensor.corridoio_umidita_2,40.83854665580555,2026-01-22T01:00:00.000Z
sensor.corridoio_umidita_2,41.05586496619444,2026-01-22T02:00:00.000Z
sensor.corridoio_umidita_2,41.57510000669445,2026-01-22T03:00:00.000Z
sensor.corridoio_umidita_2,41.347753194,2026-01-22T04:00:00.000Z
sensor.corridoio_umidita_2,41.14757232658334,2026-01-22T05:00:00.000Z
sensor.corridoio_umidita_2,41.56986753491667,2026-01-22T06:00:00.000Z
sensor.corridoio_umidita_2,41.35231608097222,2026-01-22T07:00:00.000Z
sensor.corridoio_umidita_2,41.027958218694444,2026-01-22T08:00:00.000Z
sensor.corridoio_umidita_2,40.49135743452778,2026-01-22T09:00:00.000Z
sensor.corridoio_umidita_2,40.27584537638889,2026-01-22T10:00:00.000Z
sensor.corridoio_umidita_2,40.34595989566666,2026-01-22T11:00:00.000Z
sensor.corridoio_umidita_2,40.57919256238889,2026-01-22T12:00:00.000Z
sensor.corridoio_umidita_2,40.80304265136111,2026-01-22T13:00:00.000Z
sensor.corridoio_umidita_2,40.90367044197222,2026-01-22T14:00:00.000Z
sensor.corridoio_umidita_2,40.93798339822222,2026-01-22T15:00:00.000Z
sensor.corridoio_umidita_2,41.07821150402778,2026-01-22T16:00:00.000Z
sensor.corridoio_umidita_2,41.23330555966667,2026-01-22T17:00:00.000Z
sensor.corridoio_umidita_2,41.412024144027775,2026-01-22T18:00:00.000Z
sensor.corridoio_umidita_2,41.21473336416667,2026-01-22T19:00:00.000Z
sensor.corridoio_umidita_2,41.68171994675,2026-01-22T20:00:00.000Z
sensor.corridoio_umidita_2,41.74198893627778,2026-01-22T21:00:00.000Z
sensor.corridoio_umidita_2,41.74126389869445,2026-01-22T22:00:00.000Z
sensor.corridoio_umidita_2,41.71611086116667,2026-01-22T23:00:00.000Z
sensor.corridoio_umidita_2,41.888311890055554,2026-01-23T00:00:00.000Z
sensor.corridoio_umidita_2,42.03930241511111,2026-01-23T01:00:00.000Z
sensor.corridoio_umidita_2,42.22760652475,2026-01-23T02:00:00.000Z
sensor.corridoio_umidita_2,42.396690002999996,2026-01-23T03:00:00.000Z
sensor.corridoio_umidita_2,42.4913826765,2026-01-23T04:00:00.000Z
sensor.corridoio_umidita_2,42.5862978875,2026-01-23T05:00:00.000Z
sensor.corridoio_umidita_2,42.92293769608333,2026-01-23T06:00:00.000Z
sensor.corridoio_umidita_2,43.22746596797222,2026-01-23T07:00:00.000Z
sensor.corridoio_umidita_2,42.98983370111111,2026-01-23T08:00:00.000Z
sensor.corridoio_umidita_2,42.666038596,2026-01-23T09:00:00.000Z
sensor.corridoio_umidita_2,42.52487056077778,2026-01-23T10:00:00.000Z
sensor.corridoio_umidita_2,42.52516637366667,2026-01-23T11:00:00.000Z
sensor.corridoio_umidita_2,42.52517333066667,2026-01-23T12:00:00.000Z
sensor.corridoio_umidita_2,42.46045874708333,2026-01-23T13:00:00.000Z
sensor.corridoio_umidita_2,42.49454539758333,2026-01-23T14:00:00.000Z
sensor.corridoio_umidita_2,42.6,2026-01-23T15:00:00.000Z
sensor.corridoio_umidita_2,42.590413290444445,2026-01-23T16:00:00.000Z
sensor.corridoio_umidita_2,42.83608583405555,2026-01-23T17:00:00.000Z
sensor.corridoio_umidita_2,42.88704418277778,2026-01-23T18:00:00.000Z
sensor.corridoio_umidita_2,43.56403279136111,2026-01-23T19:00:00.000Z
sensor.corridoio_umidita_2,47.97914061708334,2026-01-23T20:00:00.000Z
sensor.corridoio_umidita_2,52.75828257105556,2026-01-23T21:00:00.000Z
sensor.corridoio_umidita_2,45.81103217566667,2026-01-23T22:00:00.000Z
sensor.corridoio_umidita_2,45.35242097413889,2026-01-23T23:00:00.000Z
sensor.corridoio_umidita_2,44.7956547801389,2026-01-24T00:00:00.000Z
sensor.corridoio_umidita_2,44.77214235852778,2026-01-24T01:00:00.000Z
sensor.corridoio_umidita_2,44.886925011500004,2026-01-24T02:00:00.000Z
sensor.corridoio_umidita_2,45.10237970863889,2026-01-24T03:00:00.000Z
sensor.corridoio_umidita_2,45.309434573861104,2026-01-24T04:00:00.000Z
sensor.corridoio_umidita_2,45.36644261102777,2026-01-24T05:00:00.000Z
sensor.corridoio_umidita_2,45.557102076472226,2026-01-24T06:00:00.000Z
sensor.corridoio_umidita_2,45.72697437008333,2026-01-24T07:00:00.000Z
sensor.corridoio_umidita_2,45.71461287797222,2026-01-24T08:00:00.000Z
sensor.corridoio_umidita_2,45.45701832238888,2026-01-24T09:00:00.000Z
sensor.corridoio_umidita_2,45.14645051925,2026-01-24T10:00:00.000Z
sensor.corridoio_umidita_2,44.76666156619444,2026-01-24T11:00:00.000Z
sensor.corridoio_umidita_2,45.19729710227778,2026-01-24T12:00:00.000Z
sensor.corridoio_umidita_2,45.46452239469445,2026-01-24T13:00:00.000Z
sensor.corridoio_umidita_2,45.307832181083334,2026-01-24T14:00:00.000Z
sensor.corridoio_umidita_2,44.907518958805554,2026-01-24T15:00:00.000Z
sensor.corridoio_umidita_2,44.84309621655556,2026-01-24T16:00:00.000Z
sensor.corridoio_umidita_2,45.43084020302778,2026-01-24T17:00:00.000Z
sensor.corridoio_umidita_2,47.64369515655556,2026-01-24T18:00:00.000Z
sensor.corridoio_umidita_2,48.23724584261112,2026-01-24T19:00:00.000Z
sensor.corridoio_umidita_2,47.5816482235,2026-01-24T20:00:00.000Z
sensor.corridoio_umidita_2,47.01473117072222,2026-01-24T21:00:00.000Z
sensor.corridoio_umidita_2,46.798657362,2026-01-24T22:00:00.000Z
sensor.corridoio_umidita_2,47.025164465888885,2026-01-24T23:00:00.000Z
sensor.corridoio_umidita_2,47.12458886266666,2026-01-25T00:00:00.000Z
sensor.corridoio_umidita_2,47.19743222136111,2026-01-25T01:00:00.000Z
sensor.corridoio_umidita_2,47.34126704975,2026-01-25T02:00:00.000Z
sensor.corridoio_umidita_2,47.55729034363889,2026-01-25T03:00:00.000Z
sensor.corridoio_umidita_2,47.84705113286111,2026-01-25T04:00:00.000Z
sensor.corridoio_umidita_2,47.9207281776111,2026-01-25T05:00:00.000Z
sensor.corridoio_umidita_2,47.7542844885,2026-01-25T06:00:00.000Z
sensor.corridoio_umidita_2,47.728271598,2026-01-25T07:00:00.000Z
sensor.corridoio_umidita_2,47.857386255111116,2026-01-25T08:00:00.000Z
sensor.corridoio_umidita_2,47.41855029836111,2026-01-25T09:00:00.000Z
sensor.corridoio_umidita_2,47.350797009833336,2026-01-25T10:00:00.000Z
sensor.corridoio_umidita_2,46.9,2026-01-25T11:00:00.000Z
sensor.corridoio_umidita_2,46.783021647249996,2026-01-25T12:00:00.000Z
sensor.corridoio_umidita_2,46.50144432044444,2026-01-25T13:00:00.000Z
sensor.corridoio_umidita_2,46.10764146099999,2026-01-25T14:00:00.000Z
sensor.corridoio_umidita_2,45.68962332130556,2026-01-25T15:00:00.000Z
sensor.corridoio_umidita_2,45.38257622511111,2026-01-25T16:00:00.000Z
sensor.corridoio_umidita_2,45.42613020513889,2026-01-25T17:00:00.000Z
sensor.corridoio_umidita_2,44.678052151833334,2026-01-25T18:00:00.000Z
sensor.corridoio_umidita_2,43.78637224733333,2026-01-25T19:00:00.000Z
sensor.corridoio_umidita_2,43.44127880808333,2026-01-25T20:00:00.000Z
sensor.corridoio_umidita_2,43.25693740841667,2026-01-25T21:00:00.000Z
sensor.corridoio_umidita_2,43.41855289094445,2026-01-25T22:00:00.000Z
sensor.corridoio_umidita_2,44.358721398638885,2026-01-25T23:00:00.000Z
sensor.corridoio_umidita_2,44.671004756222224,2026-01-26T00:00:00.000Z
sensor.corridoio_umidita_2,45.347970285861116,2026-01-26T01:00:00.000Z
sensor.corridoio_umidita_2,46.099084790138896,2026-01-26T02:00:00.000Z
sensor.corridoio_umidita_2,46.369656376694444,2026-01-26T03:00:00.000Z
sensor.corridoio_umidita_2,46.4616423665,2026-01-26T04:00:00.000Z
sensor.corridoio_umidita_2,46.38335451161111,2026-01-26T05:00:00.000Z
sensor.corridoio_umidita_2,46.4018740455,2026-01-26T06:00:00.000Z
sensor.corridoio_umidita_2,46.55459043477777,2026-01-26T07:00:00.000Z
sensor.corridoio_umidita_2,46.32293150888889,2026-01-26T08:00:00.000Z
sensor.corridoio_umidita_2,45.82078189730555,2026-01-26T09:00:00.000Z
sensor.corridoio_umidita_2,45.38935626627778,2026-01-26T10:00:00.000Z
sensor.corridoio_umidita_2,45.21586386716667,2026-01-26T11:00:00.000Z
sensor.corridoio_umidita_2,45.05089457422222,2026-01-26T12:00:00.000Z
sensor.corridoio_umidita_2,44.8509832025,2026-01-26T13:00:00.000Z
sensor.corridoio_umidita_2,44.703306657527776,2026-01-26T14:00:00.000Z
sensor.corridoio_umidita_2,44.51607628358334,2026-01-26T15:00:00.000Z
sensor.corridoio_umidita_2,44.391925328194446,2026-01-26T16:00:00.000Z
sensor.corridoio_umidita_2,44.304371966805554,2026-01-26T17:00:00.000Z
sensor.corridoio_umidita_2,44.47921527480556,2026-01-26T18:00:00.000Z
sensor.corridoio_umidita_2,44.61820793233333,2026-01-26T19:00:00.000Z
sensor.corridoio_umidita_2,45.021638103916665,2026-01-26T20:00:00.000Z
sensor.corridoio_umidita_2,46.135928467888895,2026-01-26T21:00:00.000Z
sensor.corridoio_umidita_2,49.49527420536111,2026-01-26T22:00:00.000Z
sensor.corridoio_umidita_2,47.65750648722223,2026-01-26T23:00:00.000Z
sensor.corridoio_umidita_2,46.74948296205556,2026-01-27T00:00:00.000Z
sensor.corridoio_umidita_2,46.36988062136111,2026-01-27T01:00:00.000Z
sensor.corridoio_umidita_2,46.017731332833336,2026-01-27T02:00:00.000Z
sensor.corridoio_umidita_2,45.83069751958333,2026-01-27T03:00:00.000Z
sensor.corridoio_umidita_2,45.34816868972222,2026-01-27T04:00:00.000Z
sensor.corridoio_umidita_2,45.11609582580556,2026-01-27T05:00:00.000Z
sensor.corridoio_umidita_2,44.644408790861114,2026-01-27T06:00:00.000Z
sensor.corridoio_umidita_2,44.64043519027778,2026-01-27T07:00:00.000Z
sensor.corridoio_umidita_2,44.26894318025,2026-01-27T08:00:00.000Z
sensor.corridoio_umidita_2,43.68044548491667,2026-01-27T09:00:00.000Z
sensor.corridoio_umidita_2,43.70982507908334,2026-01-27T10:00:00.000Z
sensor.corridoio_umidita_2,43.825934469222226,2026-01-27T11:00:00.000Z
sensor.corridoio_umidita_2,43.93375737938889,2026-01-27T12:00:00.000Z
sensor.corridoio_umidita_2,44.14973732994445,2026-01-27T13:00:00.000Z
sensor.corridoio_umidita_2,43.944997336027775,2026-01-27T14:00:00.000Z
sensor.corridoio_umidita_2,44.17412260038889,2026-01-27T15:00:00.000Z
sensor.corridoio_umidita_2,44.53264413777777,2026-01-27T16:00:00.000Z
sensor.corridoio_umidita_2,45.24441166522222,2026-01-27T17:00:00.000Z
sensor.corridoio_umidita_2,45.55264053475,2026-01-27T18:00:00.000Z
sensor.corridoio_umidita_2,45.93319744827778,2026-01-27T19:00:00.000Z
sensor.corridoio_umidita_2,46.406915989,2026-01-27T20:00:00.000Z
sensor.corridoio_umidita_2,48.084396441555555,2026-01-27T21:00:00.000Z
sensor.corridoio_umidita_2,47.94627430055556,2026-01-27T22:00:00.000Z
sensor.corridoio_umidita_2,48.133555342499996,2026-01-27T23:00:00.000Z
sensor.corridoio_umidita_2,48.12197346566666,2026-01-28T00:00:00.000Z
sensor.corridoio_umidita_2,48.5862421055,2026-01-28T01:00:00.000Z
sensor.corridoio_umidita_2,48.81241280266667,2026-01-28T02:00:00.000Z
sensor.corridoio_umidita_2,49.03308886227777,2026-01-28T03:00:00.000Z
sensor.corridoio_umidita_2,49.14127099094444,2026-01-28T04:00:00.000Z
sensor.corridoio_umidita_2,49.20838830861111,2026-01-28T05:00:00.000Z
sensor.corridoio_umidita_2,49.07757192677778,2026-01-28T06:00:00.000Z
sensor.corridoio_umidita_2,49.36692182616667,2026-01-28T07:00:00.000Z
sensor.corridoio_umidita_2,49.413284352861105,2026-01-28T08:00:00.000Z
sensor.corridoio_umidita_2,48.661654145722224,2026-01-28T09:00:00.000Z
sensor.corridoio_umidita_2,48.274571925194444,2026-01-28T10:00:00.000Z
sensor.corridoio_umidita_2,48.12540313611112,2026-01-28T11:00:00.000Z
sensor.corridoio_umidita_2,48.01767861252778,2026-01-28T12:00:00.000Z
sensor.corridoio_umidita_2,48.048100461416674,2026-01-28T13:00:00.000Z
sensor.corridoio_umidita_2,48.1,2026-01-28T14:00:00.000Z
sensor.corridoio_umidita_2,48.05450266716667,2026-01-28T15:00:00.000Z
sensor.corridoio_umidita_2,48.29637224977778,2026-01-28T16:00:00.000Z
sensor.corridoio_umidita_2,48.853032914833335,2026-01-28T17:00:00.000Z
sensor.corridoio_umidita_2,48.99153147044444,2026-01-28T18:00:00.000Z
sensor.corridoio_umidita_2,48.62017777416667,2026-01-28T19:00:00.000Z
sensor.corridoio_umidita_2,48.808532371388885,2026-01-28T20:00:00.000Z
sensor.corridoio_umidita_2,55.361703583916665,2026-01-28T21:00:00.000Z
sensor.corridoio_umidita_2,50.560074498194446,2026-01-28T22:00:00.000Z
sensor.corridoio_umidita_2,50.150126270583335,2026-01-28T23:00:00.000Z
sensor.corridoio_umidita_2,49.75609544794444,2026-01-29T00:00:00.000Z
sensor.corridoio_umidita_2,49.40838879694444,2026-01-29T01:00:00.000Z
sensor.corridoio_umidita_2,49.67507286372222,2026-01-29T02:00:00.000Z
sensor.corridoio_umidita_2,49.86068259994445,2026-01-29T03:00:00.000Z
sensor.corridoio_umidita_2,49.970968151305556,2026-01-29T04:00:00.000Z
sensor.corridoio_umidita_2,50.079367242194444,2026-01-29T05:00:00.000Z
sensor.corridoio_umidita_2,50.017953737388886,2026-01-29T06:00:00.000Z
sensor.corridoio_umidita_2,50.25555414233333,2026-01-29T07:00:00.000Z
sensor.corridoio_umidita_2,49.903673521,2026-01-29T08:00:00.000Z
sensor.corridoio_umidita_2,49.27647731811111,2026-01-29T09:00:00.000Z
sensor.corridoio_umidita_2,49.03905761558334,2026-01-29T10:00:00.000Z
sensor.corridoio_umidita_2,48.674101732749996,2026-01-29T11:00:00.000Z
sensor.corridoio_umidita_2,48.37579572336111,2026-01-29T12:00:00.000Z
sensor.corridoio_umidita_2,48.15047722486111,2026-01-29T13:00:00.000Z
sensor.corridoio_umidita_2,48.20000000000001,2026-01-29T14:00:00.000Z
sensor.corridoio_umidita_2,48.26429315625,2026-01-29T15:00:00.000Z
sensor.corridoio_umidita_2,48.29999999999999,2026-01-29T16:00:00.000Z
sensor.corridoio_umidita_2,48.31604970736111,2026-01-29T17:00:00.000Z
sensor.corridoio_umidita_2,48.57753524108333,2026-01-29T18:00:00.000Z
sensor.corridoio_umidita_2,47.72164704961111,2026-01-29T19:00:00.000Z
sensor.corridoio_umidita_2,46.98072844675,2026-01-29T20:00:00.000Z
sensor.corridoio_umidita_2,46.29375350783334,2026-01-29T21:00:00.000Z
sensor.corridoio_umidita_2,46.53851965211111,2026-01-29T22:00:00.000Z
sensor.corridoio_umidita_2,46.523032929833334,2026-01-29T23:00:00.000Z
sensor.corridoio_umidita_2,46.64132418980555,2026-01-30T00:00:00.000Z
sensor.corridoio_umidita_2,46.49553282322222,2026-01-30T01:00:00.000Z
sensor.corridoio_umidita_2,46.37550543016667,2026-01-30T02:00:00.000Z
sensor.corridoio_umidita_2,46.22980263955555,2026-01-30T03:00:00.000Z
sensor.corridoio_umidita_2,46.18564311861112,2026-01-30T04:00:00.000Z
sensor.corridoio_umidita_2,46.211703996611114,2026-01-30T05:00:00.000Z
sensor.corridoio_umidita_2,46.52992807133334,2026-01-30T06:00:00.000Z
sensor.corridoio_umidita_2,47.19017319547222,2026-01-30T07:00:00.000Z
sensor.corridoio_umidita_2,47.33650535052778,2026-01-30T08:00:00.000Z
sensor.corridoio_umidita_2,47.29228225069445,2026-01-30T09:00:00.000Z
sensor.corridoio_umidita_2,47.20000000000001,2026-01-30T10:00:00.000Z
sensor.corridoio_umidita_2,47.17445519563889,2026-01-30T11:00:00.000Z
sensor.corridoio_umidita_2,47.066789900611106,2026-01-30T12:00:00.000Z
sensor.corridoio_umidita_2,46.97483089613889,2026-01-30T13:00:00.000Z
sensor.corridoio_umidita_2,47.16105536369444,2026-01-30T14:00:00.000Z
sensor.corridoio_umidita_2,47.71310624011111,2026-01-30T15:00:00.000Z
sensor.corridoio_umidita_2,47.74293254636111,2026-01-30T16:00:00.000Z
sensor.corridoio_umidita_2,47.751680126416666,2026-01-30T17:00:00.000Z
sensor.corridoio_umidita_2,47.51645521908333,2026-01-30T18:00:00.000Z
sensor.corridoio_umidita_2,47.58119895555555,2026-01-30T19:00:00.000Z
sensor.corridoio_umidita_2,47.76106709325,2026-01-30T20:00:00.000Z
sensor.corridoio_umidita_2,47.53289541011111,2026-01-30T21:00:00.000Z
sensor.corridoio_umidita_2,47.79131180347222,2026-01-30T22:00:00.000Z
sensor.corridoio_umidita_2,49.02878958633334,2026-01-30T23:00:00.000Z
sensor.corridoio_umidita_2,49.864367948888884,2026-01-31T00:00:00.000Z
sensor.corridoio_umidita_2,49.60964969391667,2026-01-31T01:00:00.000Z
sensor.corridoio_umidita_2,49.185828132833336,2026-01-31T02:00:00.000Z
sensor.corridoio_umidita_2,49.14194036161111,2026-01-31T03:00:00.000Z
sensor.corridoio_umidita_2,49.066448735444446,2026-01-31T04:00:00.000Z
sensor.corridoio_umidita_2,49.1,2026-01-31T05:00:00.000Z
sensor.corridoio_umidita_2,49.05011516111111,2026-01-31T06:00:00.000Z
sensor.corridoio_umidita_2,49.08279338922222,2026-01-31T07:00:00.000Z
sensor.corridoio_umidita_2,49.405914063194444,2026-01-31T08:00:00.000Z
sensor.corridoio_umidita_2,49.183549797000005,2026-01-31T09:00:00.000Z
sensor.corridoio_umidita_2,48.81262477038889,2026-01-31T10:00:00.000Z
sensor.corridoio_umidita_2,48.63181170822222,2026-01-31T11:00:00.000Z
sensor.corridoio_umidita_2,48.47335864325,2026-01-31T12:00:00.000Z
sensor.corridoio_umidita_2,48.35831907052778,2026-01-31T13:00:00.000Z
sensor.corridoio_umidita_2,48.27575930341666,2026-01-31T14:00:00.000Z
sensor.corridoio_umidita_2,48.20000000000001,2026-01-31T15:00:00.000Z
sensor.corridoio_umidita_2,48.126772192777786,2026-01-31T16:00:00.000Z
sensor.corridoio_umidita_2,48.005195102250006,2026-01-31T17:00:00.000Z
sensor.corridoio_umidita_2,47.81491627213888,2026-01-31T18:00:00.000Z
sensor.corridoio_umidita_2,47.64553344016667,2026-01-31T19:00:00.000Z
sensor.corridoio_umidita_2,47.43037812486111,2026-01-31T20:00:00.000Z
sensor.corridoio_umidita_2,47.16028818472222,2026-01-31T21:00:00.000Z
sensor.corridoio_umidita_2,46.87565388141667,2026-01-31T22:00:00.000Z
sensor.corridoio_umidita_2,46.644775424166674,2026-01-31T23:00:00.000Z
sensor.corridoio_umidita_2,46.39785304269444,2026-02-01T00:00:00.000Z
sensor.corridoio_umidita_2,46.32516424855555,2026-02-01T01:00:00.000Z
sensor.corridoio_umidita_2,46.208907198055556,2026-02-01T02:00:00.000Z
sensor.corridoio_umidita_2,46.018683375222224,2026-02-01T03:00:00.000Z
sensor.corridoio_umidita_2,45.82001785519444,2026-02-01T04:00:00.000Z
sensor.corridoio_umidita_2,45.571020850083336,2026-02-01T05:00:00.000Z
sensor.corridoio_umidita_2,45.610868863,2026-02-01T06:00:00.000Z
sensor.corridoio_umidita_2,45.859835812499995,2026-02-01T07:00:00.000Z
sensor.corridoio_umidita_2,46.016539826055556,2026-02-01T08:00:00.000Z
sensor.corridoio_umidita_2,46.215209800027786,2026-02-01T09:00:00.000Z
sensor.corridoio_umidita_2,46.43064583783333,2026-02-01T10:00:00.000Z
sensor.corridoio_umidita_2,46.65448462388889,2026-02-01T11:00:00.000Z
sensor.corridoio_umidita_2,46.776576136277775,2026-02-01T12:00:00.000Z
sensor.corridoio_umidita_2,46.88428833169444,2026-02-01T13:00:00.000Z
sensor.corridoio_umidita_2,46.9,2026-02-01T14:00:00.000Z
sensor.corridoio_umidita_2,47.14703688858334,2026-02-01T15:00:00.000Z
sensor.corridoio_umidita_2,50.46856593877778,2026-02-01T16:00:00.000Z
sensor.corridoio_umidita_2,57.85663955830555,2026-02-01T17:00:00.000Z
sensor.corridoio_umidita_2,53.66119931561111,2026-02-01T18:00:00.000Z
sensor.corridoio_umidita_2,50.73103626263889,2026-02-01T19:00:00.000Z
sensor.corridoio_umidita_2,49.27237508338889,2026-02-01T20:00:00.000Z
sensor.corridoio_umidita_2,47.779553710250006,2026-02-01T21:00:00.000Z
sensor.corridoio_umidita_2,47.13009695583333,2026-02-01T22:00:00.000Z
sensor.corridoio_umidita_2,47.23847550594444,2026-02-01T23:00:00.000Z
sensor.corridoio_umidita_2,46.95018286994445,2026-02-02T00:00:00.000Z
sensor.corridoio_umidita_2,47.070954325277775,2026-02-02T01:00:00.000Z
sensor.corridoio_umidita_2,47.70343556638889,2026-02-02T02:00:00.000Z
sensor.corridoio_umidita_2,48.00904315636111,2026-02-02T03:00:00.000Z
sensor.corridoio_umidita_2,48.02222447983333,2026-02-02T04:00:00.000Z
sensor.corridoio_umidita_2,48.19348172833333,2026-02-02T05:00:00.000Z
sensor.corridoio_umidita_2,47.88695881675,2026-02-02T06:00:00.000Z
sensor.corridoio_umidita_2,48.23112810316667,2026-02-02T07:00:00.000Z
sensor.corridoio_umidita_2,48.00446295566667,2026-02-02T08:00:00.000Z
sensor.corridoio_umidita_2,47.287136064777776,2026-02-02T09:00:00.000Z
sensor.corridoio_umidita_2,46.86778483730555,2026-02-02T10:00:00.000Z
sensor.corridoio_umidita_2,46.73370781041667,2026-02-02T11:00:00.000Z
sensor.corridoio_umidita_2,46.59227036033334,2026-02-02T12:00:00.000Z
sensor.corridoio_umidita_2,47.07598985738889,2026-02-02T13:00:00.000Z
sensor.corridoio_umidita_2,47.16609220816667,2026-02-02T14:00:00.000Z
sensor.corridoio_umidita_2,46.33246520386111,2026-02-02T15:00:00.000Z
sensor.corridoio_umidita_2,45.86121462933334,2026-02-02T16:00:00.000Z
sensor.corridoio_umidita_2,45.54799073233334,2026-02-02T17:00:00.000Z
sensor.corridoio_umidita_2,45.63525968850001,2026-02-02T18:00:00.000Z
sensor.corridoio_umidita_2,45.55270232305556,2026-02-02T19:00:00.000Z
sensor.corridoio_umidita_2,46.18144609975,2026-02-02T20:00:00.000Z
sensor.corridoio_umidita_2,45.979516079666666,2026-02-02T21:00:00.000Z
sensor.corridoio_umidita_2,46.05034531227778,2026-02-02T22:00:00.000Z
sensor.corridoio_umidita_2,46.37717438586111,2026-02-02T23:00:00.000Z
sensor.corridoio_umidita_2,46.316771872833336,2026-02-03T00:00:00.000Z
sensor.corridoio_umidita_2,46.42719026019444,2026-02-03T01:00:00.000Z
sensor.corridoio_umidita_2,46.62154905663889,2026-02-03T02:00:00.000Z
sensor.corridoio_umidita_2,46.96712907525,2026-02-03T03:00:00.000Z
sensor.corridoio_umidita_2,47.24003067397223,2026-02-03T04:00:00.000Z
sensor.corridoio_umidita_2,47.55296464205555,2026-02-03T05:00:00.000Z
sensor.corridoio_umidita_2,47.08981821122222,2026-02-03T06:00:00.000Z
sensor.corridoio_umidita_2,46.981226536083334,2026-02-03T07:00:00.000Z
sensor.corridoio_umidita_2,46.62386078413889,2026-02-03T08:00:00.000Z
sensor.corridoio_umidita_2,46.28361482227778,2026-02-03T09:00:00.000Z
sensor.corridoio_umidita_2,45.74185460091667,2026-02-03T10:00:00.000Z
sensor.corridoio_umidita_2,45.42307047427778,2026-02-03T11:00:00.000Z
sensor.corridoio_umidita_2,45.39466087919445,2026-02-03T12:00:00.000Z
sensor.corridoio_umidita_2,45.477215737499996,2026-02-03T13:00:00.000Z
sensor.corridoio_umidita_2,45.59437452127778,2026-02-03T14:00:00.000Z
sensor.corridoio_umidita_2,45.834979205694445,2026-02-03T15:00:00.000Z
sensor.corridoio_umidita_2,45.983284852333334,2026-02-03T16:00:00.000Z
sensor.corridoio_umidita_2,46.32354959069445,2026-02-03T17:00:00.000Z
sensor.corridoio_umidita_2,46.351317328499995,2026-02-03T18:00:00.000Z
sensor.corridoio_umidita_2,46.67199806527778,2026-02-03T19:00:00.000Z
sensor.corridoio_umidita_2,47.44714717619445,2026-02-03T20:00:00.000Z
sensor.corridoio_umidita_2,47.19284644411112,2026-02-03T21:00:00.000Z
sensor.corridoio_umidita_2,47.33863422202777,2026-02-03T22:00:00.000Z
sensor.corridoio_umidita_2,47.44515950913888,2026-02-03T23:00:00.000Z
sensor.corridoio_umidita_2,47.88439050038889,2026-02-04T00:00:00.000Z
sensor.corridoio_umidita_2,48.28370315,2026-02-04T01:00:00.000Z
sensor.corridoio_umidita_2,48.58632478375,2026-02-04T02:00:00.000Z
sensor.corridoio_umidita_2,48.67483391933334,2026-02-04T03:00:00.000Z
sensor.corridoio_umidita_2,48.75860142166667,2026-02-04T04:00:00.000Z
sensor.corridoio_umidita_2,48.79161026577777,2026-02-04T05:00:00.000Z
sensor.corridoio_umidita_2,48.635188190250005,2026-02-04T06:00:00.000Z
sensor.corridoio_umidita_2,48.94176542663889,2026-02-04T07:00:00.000Z
sensor.corridoio_umidita_2,48.40644166972222,2026-02-04T08:00:00.000Z
sensor.corridoio_umidita_2,47.94970837211111,2026-02-04T09:00:00.000Z
sensor.corridoio_umidita_2,47.6,2026-02-04T10:00:00.000Z
sensor.corridoio_umidita_2,47.64071184708334,2026-02-04T11:00:00.000Z
sensor.corridoio_umidita_2,47.89810288961112,2026-02-04T12:00:00.000Z
sensor.corridoio_umidita_2,48.130326095111116,2026-02-04T13:00:00.000Z
sensor.corridoio_umidita_2,48.40606018077778,2026-02-04T14:00:00.000Z
sensor.corridoio_umidita_2,48.73014945622222,2026-02-04T15:00:00.000Z
sensor.corridoio_umidita_2,49.101813372361114,2026-02-04T16:00:00.000Z
sensor.corridoio_umidita_2,49.00769657830555,2026-02-04T17:00:00.000Z
sensor.corridoio_umidita_2,49.067563670277785,2026-02-04T18:00:00.000Z
sensor.corridoio_umidita_2,48.91611455155555,2026-02-04T19:00:00.000Z
sensor.corridoio_umidita_2,49.09575583522223,2026-02-04T20:00:00.000Z
sensor.corridoio_umidita_2,49.10771836786111,2026-02-04T21:00:00.000Z
sensor.corridoio_umidita_2,51.87603971902778,2026-02-04T22:00:00.000Z
sensor.corridoio_umidita_2,51.828357352194445,2026-02-04T23:00:00.000Z
sensor.corridoio_umidita_2,51.242455475111115,2026-02-05T00:00:00.000Z
sensor.corridoio_umidita_2,51.1412740215,2026-02-05T01:00:00.000Z
sensor.corridoio_umidita_2,51.12901146447223,2026-02-05T02:00:00.000Z
sensor.corridoio_umidita_2,50.91229442258333,2026-02-05T03:00:00.000Z
sensor.corridoio_umidita_2,50.682024764666664,2026-02-05T04:00:00.000Z
sensor.corridoio_umidita_2,50.5,2026-02-05T05:00:00.000Z
sensor.corridoio_umidita_2,50.40854086433333,2026-02-05T06:00:00.000Z
sensor.corridoio_umidita_2,50.62503805708334,2026-02-05T07:00:00.000Z
sensor.corridoio_umidita_2,49.837916803055556,2026-02-05T08:00:00.000Z
sensor.corridoio_umidita_2,49.191006841277776,2026-02-05T09:00:00.000Z
sensor.corridoio_umidita_2,48.86783237830556,2026-02-05T10:00:00.000Z
sensor.corridoio_umidita_2,48.71269400830556,2026-02-05T11:00:00.000Z
sensor.corridoio_umidita_2,48.81791063097222,2026-02-05T12:00:00.000Z
sensor.corridoio_umidita_2,48.41219156338889,2026-02-05T13:00:00.000Z
sensor.corridoio_umidita_2,48.1451790946389,2026-02-05T14:00:00.000Z
sensor.corridoio_umidita_2,47.86261923619444,2026-02-05T15:00:00.000Z
sensor.corridoio_umidita_2,47.707719035555556,2026-02-05T16:00:00.000Z
sensor.corridoio_umidita_2,47.994383027249995,2026-02-05T17:00:00.000Z
sensor.corridoio_umidita_2,48.33331456347222,2026-02-05T18:00:00.000Z
sensor.corridoio_umidita_2,48.29999999999999,2026-02-05T19:00:00.000Z
sensor.corridoio_umidita_2,48.60334097138889,2026-02-05T20:00:00.000Z
sensor.corridoio_umidita_2,49.048462215722225,2026-02-05T21:00:00.000Z
sensor.corridoio_umidita_2,49.30278297516667,2026-02-05T22:00:00.000Z
sensor.corridoio_umidita_2,49.53954172566667,2026-02-05T23:00:00.000Z
sensor.corridoio_umidita_2,49.92087441616667,2026-02-06T00:00:00.000Z
sensor.corridoio_umidita_2,50.384001437749994,2026-02-06T01:00:00.000Z
sensor.corridoio_umidita_2,50.825178511194444,2026-02-06T02:00:00.000Z
sensor.corridoio_umidita_2,51.202506063777776,2026-02-06T03:00:00.000Z
sensor.corridoio_umidita_2,51.56121115063889,2026-02-06T04:00:00.000Z
sensor.corridoio_umidita_2,51.72459694019444,2026-02-06T05:00:00.000Z
sensor.corridoio_umidita_2,51.67550522572222,2026-02-06T06:00:00.000Z
sensor.corridoio_umidita_2,51.91634252319445,2026-02-06T07:00:00.000Z
sensor.corridoio_umidita_2,51.53977924633333,2026-02-06T08:00:00.000Z
sensor.corridoio_umidita_2,51.15115166486112,2026-02-06T09:00:00.000Z
sensor.corridoio_umidita_2,51.20000000000001,2026-02-06T10:00:00.000Z
sensor.corridoio_umidita_2,51.072740042750006,2026-02-06T11:00:00.000Z
sensor.corridoio_umidita_2,50.85307533202778,2026-02-06T12:00:00.000Z
sensor.corridoio_umidita_2,50.68803228013889,2026-02-06T13:00:00.000Z
sensor.corridoio_umidita_2,50.50189834941667,2026-02-06T14:00:00.000Z
sensor.corridoio_umidita_2,50.31386513266667,2026-02-06T15:00:00.000Z
sensor.corridoio_umidita_2,50.162624956833334,2026-02-06T16:00:00.000Z
sensor.corridoio_umidita_2,50.1,2026-02-06T17:00:00.000Z
sensor.corridoio_umidita_2,50.251474971166665,2026-02-06T18:00:00.000Z
sensor.corridoio_umidita_2,50.963942202944445,2026-02-06T19:00:00.000Z
sensor.corridoio_umidita_2,51.95086220336111,2026-02-06T20:00:00.000Z
sensor.corridoio_umidita_2,52.47953122905556,2026-02-06T21:00:00.000Z
sensor.corridoio_umidita_2,52.3,2026-02-06T22:00:00.000Z
sensor.corridoio_umidita_2,50.8,2026-02-07T06:00:00.000Z
sensor.corridoio_umidita_2,49.942984626388885,2026-02-07T07:00:00.000Z
sensor.corridoio_umidita_2,48.998783239,2026-02-07T08:00:00.000Z
sensor.corridoio_umidita_2,55.0428601678889,2026-03-14T13:00:00.000Z
sensor.corridoio_umidita_2,55.30631112561111,2026-03-14T14:00:00.000Z
sensor.corridoio_umidita_2,55.03986465772223,2026-03-14T15:00:00.000Z
sensor.corridoio_umidita_2,54.50307840316666,2026-03-14T16:00:00.000Z
sensor.corridoio_umidita_2,53.98809244527778,2026-03-14T17:00:00.000Z
sensor.corridoio_umidita_2,53.73157073155556,2026-03-14T18:00:00.000Z
sensor.corridoio_umidita_2,53.477655372583335,2026-03-14T19:00:00.000Z
sensor.corridoio_umidita_2,53.277222223694444,2026-03-14T20:00:00.000Z
sensor.corridoio_umidita_2,53.151440862444446,2026-03-14T21:00:00.000Z
sensor.corridoio_umidita_2,53.26912556316666,2026-03-14T22:00:00.000Z
sensor.corridoio_umidita_2,53.867780604277776,2026-03-14T23:00:00.000Z
sensor.corridoio_umidita_2,54.09061849472223,2026-03-15T00:00:00.000Z
sensor.corridoio_umidita_2,54.297671802111104,2026-03-15T01:00:00.000Z
sensor.corridoio_umidita_2,54.45872292725,2026-03-15T02:00:00.000Z
sensor.corridoio_umidita_2,54.42516696413889,2026-03-15T03:00:00.000Z
sensor.corridoio_umidita_2,54.64117596108334,2026-03-15T04:00:00.000Z
sensor.corridoio_umidita_2,54.67061984683334,2026-03-15T05:00:00.000Z
sensor.corridoio_umidita_2,54.48014394377778,2026-03-15T06:00:00.000Z
sensor.corridoio_umidita_2,54.24027964086111,2026-03-15T07:00:00.000Z
sensor.corridoio_umidita_2,53.68530404263888,2026-03-15T08:00:00.000Z
sensor.corridoio_umidita_2,53.26744963402778,2026-03-15T09:00:00.000Z
sensor.corridoio_umidita_2,52.796886922805555,2026-03-15T10:00:00.000Z
sensor.corridoio_umidita_2,52.23049629411111,2026-03-15T11:00:00.000Z
sensor.corridoio_umidita_2,51.75064472208334,2026-03-15T12:00:00.000Z
sensor.corridoio_umidita_2,51.52439938161111,2026-03-15T13:00:00.000Z
sensor.corridoio_umidita_2,51.570004066416665,2026-03-15T14:00:00.000Z
sensor.corridoio_umidita_2,51.24127489730555,2026-03-15T15:00:00.000Z
sensor.corridoio_umidita_2,51.412441053416664,2026-03-15T16:00:00.000Z
sensor.corridoio_umidita_2,51.786149892277784,2026-03-15T17:00:00.000Z
sensor.corridoio_umidita_2,54.34529389894445,2026-03-15T18:00:00.000Z
sensor.corridoio_umidita_2,56.85673300836111,2026-03-15T19:00:00.000Z
sensor.corridoio_umidita_2,56.88010286233333,2026-03-15T20:00:00.000Z
sensor.corridoio_umidita_2,55.13972419294444,2026-03-15T21:00:00.000Z
sensor.corridoio_umidita_2,54.85806086258333,2026-03-15T22:00:00.000Z
sensor.corridoio_umidita_2,54.92326981038889,2026-03-15T23:00:00.000Z
sensor.corridoio_umidita_2,54.63541053861112,2026-03-16T00:00:00.000Z
sensor.corridoio_umidita_2,54.38226858661111,2026-03-16T01:00:00.000Z
sensor.corridoio_umidita_2,54.24088579672222,2026-03-16T02:00:00.000Z
sensor.corridoio_umidita_2,54.04940356405555,2026-03-16T03:00:00.000Z
sensor.corridoio_umidita_2,53.56765843333333,2026-03-16T04:00:00.000Z
sensor.corridoio_umidita_2,53.41758648688889,2026-03-16T05:00:00.000Z
sensor.corridoio_umidita_2,53.165270014111115,2026-03-16T06:00:00.000Z
sensor.corridoio_umidita_2,53.02516447308333,2026-03-16T07:00:00.000Z
sensor.corridoio_umidita_2,52.79576665719444,2026-03-16T08:00:00.000Z
sensor.corridoio_umidita_2,52.5034790985,2026-03-16T09:00:00.000Z
sensor.corridoio_umidita_2,52.48683102244445,2026-03-16T10:00:00.000Z
sensor.corridoio_umidita_2,52.61158676519445,2026-03-16T11:00:00.000Z
sensor.corridoio_umidita_2,52.47168614619445,2026-03-16T12:00:00.000Z
sensor.corridoio_umidita_2,52.067569926,2026-03-16T13:00:00.000Z
sensor.corridoio_umidita_2,51.46762097311111,2026-03-16T14:00:00.000Z
sensor.corridoio_umidita_2,51.37655249586111,2026-03-16T15:00:00.000Z
sensor.corridoio_umidita_2,50.94687359225,2026-03-16T16:00:00.000Z
sensor.corridoio_umidita_2,48.45841410688889,2026-03-16T17:00:00.000Z
sensor.corridoio_umidita_2,47.31031884063889,2026-03-16T18:00:00.000Z
sensor.corridoio_umidita_2,45.39812787830556,2026-03-16T19:00:00.000Z
sensor.corridoio_umidita_2,43.62282822922222,2026-03-16T20:00:00.000Z
sensor.corridoio_umidita_2,44.25439721083333,2026-03-16T21:00:00.000Z
sensor.corridoio_umidita_2,44.133799152888884,2026-03-16T22:00:00.000Z
sensor.corridoio_umidita_2,43.582878015111106,2026-03-16T23:00:00.000Z
sensor.corridoio_umidita_2,43.202863654611114,2026-03-17T00:00:00.000Z
sensor.corridoio_umidita_2,43.04541801838889,2026-03-17T01:00:00.000Z
sensor.corridoio_umidita_2,43.45183188652778,2026-03-17T02:00:00.000Z
sensor.corridoio_umidita_2,43.58910014263889,2026-03-17T03:00:00.000Z
sensor.corridoio_umidita_2,43.31392683405556,2026-03-17T04:00:00.000Z
sensor.corridoio_umidita_2,43.707428923583336,2026-03-17T05:00:00.000Z
sensor.corridoio_umidita_2,44.403191614722225,2026-03-17T06:00:00.000Z
sensor.corridoio_umidita_2,45.500025997638886,2026-03-17T07:00:00.000Z
sensor.corridoio_umidita_2,46.313459565694444,2026-03-17T08:00:00.000Z
sensor.corridoio_umidita_2,46.791282929666664,2026-03-17T09:00:00.000Z
sensor.corridoio_umidita_2,47.82963714299999,2026-03-17T10:00:00.000Z
sensor.corridoio_umidita_2,47.62138532983334,2026-03-17T11:00:00.000Z
sensor.corridoio_umidita_2,47.130962001722224,2026-03-17T12:00:00.000Z
sensor.corridoio_umidita_2,46.629906062416666,2026-03-17T13:00:00.000Z
sensor.corridoio_umidita_2,46.422019099,2026-03-17T14:00:00.000Z
sensor.corridoio_umidita_2,46.156982883194445,2026-03-17T15:00:00.000Z
sensor.corridoio_umidita_2,45.96655280177777,2026-03-17T16:00:00.000Z
sensor.corridoio_umidita_2,46.06911847530555,2026-03-17T17:00:00.000Z
sensor.corridoio_umidita_2,46.073558993,2026-03-17T18:00:00.000Z
sensor.corridoio_umidita_2,48.00208816997222,2026-03-17T19:00:00.000Z
sensor.corridoio_umidita_2,50.51964459036111,2026-03-17T20:00:00.000Z
sensor.corridoio_umidita_2,49.5862432178611,2026-03-17T21:00:00.000Z
sensor.corridoio_umidita_2,48.17640520888889,2026-03-17T22:00:00.000Z
sensor.corridoio_umidita_2,47.52683250583333,2026-03-17T23:00:00.000Z
sensor.corridoio_umidita_2,47.55871692741667,2026-03-18T00:00:00.000Z
sensor.corridoio_umidita_2,47.570396014138886,2026-03-18T01:00:00.000Z
sensor.corridoio_umidita_2,47.733553076,2026-03-18T02:00:00.000Z
sensor.corridoio_umidita_2,47.667115263583334,2026-03-18T03:00:00.000Z
sensor.corridoio_umidita_2,48.13355707627778,2026-03-18T04:00:00.000Z
sensor.corridoio_umidita_2,47.858105297722226,2026-03-18T05:00:00.000Z
sensor.corridoio_umidita_2,47.404868539333336,2026-03-18T06:00:00.000Z
sensor.corridoio_umidita_2,46.97806367766666,2026-03-18T07:00:00.000Z
sensor.corridoio_umidita_2,47.15773311736111,2026-03-18T08:00:00.000Z
sensor.corridoio_umidita_2,46.53404227411111,2026-03-18T09:00:00.000Z
sensor.corridoio_umidita_2,46.172874329694444,2026-03-18T10:00:00.000Z
sensor.corridoio_umidita_2,45.791497918999994,2026-03-18T11:00:00.000Z
sensor.corridoio_umidita_2,45.352379470888884,2026-03-18T12:00:00.000Z
sensor.corridoio_umidita_2,45.02866423494444,2026-03-18T13:00:00.000Z
sensor.corridoio_umidita_2,44.897724810722224,2026-03-18T14:00:00.000Z
sensor.corridoio_umidita_2,44.74626581138889,2026-03-18T15:00:00.000Z
sensor.corridoio_umidita_2,44.14777458463889,2026-03-18T16:00:00.000Z
sensor.corridoio_umidita_2,43.68683775786112,2026-03-18T17:00:00.000Z
sensor.corridoio_umidita_2,43.602805376388886,2026-03-18T18:00:00.000Z
sensor.corridoio_umidita_2,43.88670826197222,2026-03-18T19:00:00.000Z
sensor.corridoio_umidita_2,44.02658333344444,2026-03-18T20:00:00.000Z
sensor.corridoio_umidita_2,44.645862809444445,2026-03-18T21:00:00.000Z
sensor.corridoio_umidita_2,44.96240785444444,2026-03-18T22:00:00.000Z
sensor.corridoio_umidita_2,45.319575147416664,2026-03-18T23:00:00.000Z
sensor.corridoio_umidita_2,45.525165287111115,2026-03-19T00:00:00.000Z
sensor.corridoio_umidita_2,45.59172476411111,2026-03-19T01:00:00.000Z
sensor.corridoio_umidita_2,45.50176738527778,2026-03-19T02:00:00.000Z
sensor.corridoio_umidita_2,45.35155773411111,2026-03-19T03:00:00.000Z
sensor.corridoio_umidita_2,45.27483527080556,2026-03-19T04:00:00.000Z
sensor.corridoio_umidita_2,45.36711008955555,2026-03-19T05:00:00.000Z
sensor.corridoio_umidita_2,45.156770917833335,2026-03-19T06:00:00.000Z
sensor.corridoio_umidita_2,45.49283101430555,2026-03-19T07:00:00.000Z
sensor.corridoio_umidita_2,45.569660348888895,2026-03-19T08:00:00.000Z
sensor.corridoio_umidita_2,46.03866151491667,2026-03-19T09:00:00.000Z
sensor.corridoio_umidita_2,46.018893495444445,2026-03-19T10:00:00.000Z
sensor.corridoio_umidita_2,45.78751064666667,2026-03-19T11:00:00.000Z
sensor.corridoio_umidita_2,44.59190179530555,2026-03-19T12:00:00.000Z
sensor.corridoio_umidita_2,44.26597128405555,2026-03-19T13:00:00.000Z
sensor.corridoio_umidita_2,44.158163976138894,2026-03-19T14:00:00.000Z
sensor.corridoio_umidita_2,43.96644483977778,2026-03-19T15:00:00.000Z
sensor.corridoio_umidita_2,44.07125103166666,2026-03-19T16:00:00.000Z
sensor.corridoio_umidita_2,44.365029559444444,2026-03-19T17:00:00.000Z
sensor.corridoio_umidita_2,44.36919509538888,2026-03-19T18:00:00.000Z
sensor.corridoio_umidita_2,44.35189659077778,2026-03-19T19:00:00.000Z
sensor.corridoio_umidita_2,44.42020339608333,2026-03-19T20:00:00.000Z
sensor.corridoio_umidita_2,44.618021918416666,2026-03-19T21:00:00.000Z
sensor.corridoio_umidita_2,48.38101975611111,2026-03-19T22:00:00.000Z
sensor.corridoio_umidita_2,48.33806567291666,2026-03-19T23:00:00.000Z
sensor.corridoio_umidita_2,46.93035487894445,2026-03-20T00:00:00.000Z
sensor.corridoio_umidita_2,45.831819020888894,2026-03-20T01:00:00.000Z
sensor.corridoio_umidita_2,45.24489020575,2026-03-20T02:00:00.000Z
sensor.corridoio_umidita_2,44.88296195844444,2026-03-20T03:00:00.000Z
sensor.corridoio_umidita_2,44.56107484294444,2026-03-20T04:00:00.000Z
sensor.corridoio_umidita_2,44.284758836694444,2026-03-20T05:00:00.000Z
sensor.corridoio_umidita_2,44.28389602336111,2026-03-20T06:00:00.000Z
sensor.corridoio_umidita_2,44.5492088075,2026-03-20T07:00:00.000Z
sensor.corridoio_umidita_2,44.57482924641667,2026-03-20T08:00:00.000Z
sensor.corridoio_umidita_2,44.17757684141667,2026-03-20T09:00:00.000Z
sensor.corridoio_umidita_2,42.64376176519445,2026-03-20T10:00:00.000Z
sensor.corridoio_umidita_2,40.416883852194445,2026-03-20T11:00:00.000Z
sensor.corridoio_umidita_2,36.83513794202778,2026-03-20T12:00:00.000Z
sensor.corridoio_umidita_2,37.33968359833333,2026-03-20T13:00:00.000Z
sensor.corridoio_umidita_2,39.60180405525,2026-03-20T14:00:00.000Z
sensor.corridoio_umidita_2,40.09249583733334,2026-03-20T15:00:00.000Z
sensor.corridoio_umidita_2,40.44142135111111,2026-03-20T16:00:00.000Z
sensor.corridoio_umidita_2,40.80662362252778,2026-03-20T17:00:00.000Z
sensor.corridoio_umidita_2,40.93875545327778,2026-03-20T18:00:00.000Z
sensor.corridoio_umidita_2,41.24128525394445,2026-03-20T19:00:00.000Z
sensor.corridoio_umidita_2,42.05016722808333,2026-03-20T20:00:00.000Z
sensor.corridoio_umidita_2,42.556659011305555,2026-03-20T21:00:00.000Z
sensor.corridoio_umidita_2,42.74560638216667,2026-03-20T22:00:00.000Z
sensor.corridoio_umidita_2,42.89474765883333,2026-03-20T23:00:00.000Z
sensor.corridoio_umidita_2,43.05280785641667,2026-03-21T00:00:00.000Z
sensor.corridoio_umidita_2,43.35887703541667,2026-03-21T01:00:00.000Z
sensor.corridoio_umidita_2,43.5,2026-03-21T02:00:00.000Z
sensor.corridoio_umidita_2,43.61137422369445,2026-03-21T03:00:00.000Z
sensor.corridoio_umidita_2,44,2026-03-21T04:00:00.000Z
sensor.corridoio_umidita_2,44.17530324844444,2026-03-21T05:00:00.000Z
sensor.corridoio_umidita_2,44.08475750577778,2026-03-21T06:00:00.000Z
sensor.corridoio_umidita_2,43.74126666102777,2026-03-21T07:00:00.000Z
sensor.corridoio_umidita_2,42.92273330927778,2026-03-21T08:00:00.000Z
sensor.corridoio_umidita_2,43.09316548736111,2026-03-21T09:00:00.000Z
sensor.corridoio_umidita_2,42.80355844886111,2026-03-21T10:00:00.000Z
sensor.corridoio_umidita_2,42.33072290811111,2026-03-21T11:00:00.000Z
sensor.corridoio_umidita_2,41.04761777438889,2026-03-21T12:00:00.000Z
sensor.corridoio_umidita_2,40.68272519161111,2026-03-21T13:00:00.000Z
sensor.corridoio_umidita_2,40.88006395516667,2026-03-21T14:00:00.000Z
sensor.corridoio_umidita_2,41.17550530747222,2026-03-21T15:00:00.000Z
sensor.corridoio_umidita_2,41.192281811444445,2026-03-21T16:00:00.000Z
sensor.corridoio_umidita_2,41.01659473097222,2026-03-21T17:00:00.000Z
sensor.corridoio_umidita_2,41.346577757944445,2026-03-21T18:00:00.000Z
sensor.corridoio_umidita_2,41.73782629138889,2026-03-21T19:00:00.000Z
sensor.corridoio_umidita_2,41.83699092394444,2026-03-21T20:00:00.000Z
sensor.corridoio_umidita_2,41.97798289275,2026-03-21T21:00:00.000Z
sensor.corridoio_umidita_2,42.15774818236111,2026-03-21T22:00:00.000Z
sensor.corridoio_umidita_2,42.44585238247222,2026-03-21T23:00:00.000Z
sensor.corridoio_umidita_2,42.325732551555554,2026-03-22T00:00:00.000Z
sensor.corridoio_umidita_2,42.46711945058333,2026-03-22T01:00:00.000Z
sensor.corridoio_umidita_2,42.65033200669445,2026-03-22T02:00:00.000Z
sensor.corridoio_umidita_2,42.669596365,2026-03-22T03:00:00.000Z
sensor.corridoio_umidita_2,43.03720246583333,2026-03-22T04:00:00.000Z
sensor.corridoio_umidita_2,43.24185236952778,2026-03-22T05:00:00.000Z
sensor.corridoio_umidita_2,43.29082309958333,2026-03-22T06:00:00.000Z
sensor.corridoio_umidita_2,43.27014427586111,2026-03-22T07:00:00.000Z
sensor.corridoio_umidita_2,43.18590987508333,2026-03-22T08:00:00.000Z
sensor.corridoio_umidita_2,42.74560290483333,2026-03-22T09:00:00.000Z
sensor.corridoio_umidita_2,42.09140819575,2026-03-22T10:00:00.000Z
sensor.corridoio_umidita_2,41.586678299388886,2026-03-22T11:00:00.000Z
sensor.corridoio_umidita_2,45.437550056944445,2026-03-22T12:00:00.000Z
sensor.corridoio_umidita_2,43.169128440166666,2026-03-22T13:00:00.000Z
sensor.corridoio_umidita_2,42.324533676638886,2026-03-22T14:00:00.000Z
sensor.corridoio_umidita_2,43.03963639008333,2026-03-22T15:00:00.000Z
sensor.corridoio_umidita_2,42.960602829472215,2026-03-22T16:00:00.000Z
sensor.corridoio_umidita_2,43.25128168147222,2026-03-22T17:00:00.000Z
sensor.corridoio_umidita_2,43.11611171586111,2026-03-22T18:00:00.000Z
sensor.corridoio_umidita_2,43.150734179388884,2026-03-22T19:00:00.000Z
sensor.corridoio_umidita_2,43.47548685458333,2026-03-22T20:00:00.000Z
sensor.corridoio_umidita_2,47.21487107163889,2026-03-22T21:00:00.000Z
sensor.corridoio_umidita_2,47.235184072833334,2026-03-22T22:00:00.000Z
sensor.corridoio_umidita_2,46.24864213061111,2026-03-22T23:00:00.000Z
sensor.corridoio_umidita_2,45.808129245416666,2026-03-23T00:00:00.000Z
sensor.corridoio_umidita_2,45.81571263777778,2026-03-23T01:00:00.000Z
sensor.corridoio_umidita_2,45.961382927500004,2026-03-23T02:00:00.000Z
sensor.corridoio_umidita_2,46.17375722097222,2026-03-23T03:00:00.000Z
sensor.corridoio_umidita_2,46.11851488655555,2026-03-23T04:00:00.000Z
sensor.corridoio_umidita_2,45.77218906136111,2026-03-23T05:00:00.000Z
sensor.corridoio_umidita_2,45.64190806344445,2026-03-23T06:00:00.000Z
sensor.corridoio_umidita_2,45.851027398027774,2026-03-23T07:00:00.000Z
sensor.corridoio_umidita_2,45.511082937805554,2026-03-23T08:00:00.000Z
sensor.corridoio_umidita_2,45.14159864469445,2026-03-23T09:00:00.000Z
sensor.corridoio_umidita_2,44.776842805027776,2026-03-23T10:00:00.000Z
sensor.corridoio_umidita_2,44.74127897580556,2026-03-23T11:00:00.000Z
sensor.corridoio_umidita_2,44.34554011463889,2026-03-23T12:00:00.000Z
sensor.corridoio_umidita_2,43.83690375455555,2026-03-23T13:00:00.000Z
sensor.corridoio_umidita_2,43.71163641061111,2026-03-23T14:00:00.000Z
sensor.corridoio_umidita_2,43.455672436638885,2026-03-23T15:00:00.000Z
sensor.corridoio_umidita_2,43.33612729272222,2026-03-23T16:00:00.000Z
sensor.corridoio_umidita_2,42.901803215722225,2026-03-23T17:00:00.000Z
sensor.corridoio_umidita_2,42.52373749736111,2026-03-23T18:00:00.000Z
sensor.corridoio_umidita_2,42.41620490188889,2026-03-23T19:00:00.000Z
sensor.corridoio_umidita_2,42.74070429444444,2026-03-23T20:00:00.000Z
sensor.corridoio_umidita_2,43.16777062552777,2026-03-23T21:00:00.000Z
sensor.corridoio_umidita_2,43.48159866038889,2026-03-23T22:00:00.000Z
sensor.corridoio_umidita_2,43.85365950802778,2026-03-23T23:00:00.000Z
sensor.corridoio_umidita_2,44.51546350541667,2026-03-24T00:00:00.000Z
sensor.corridoio_umidita_2,44.66270820525,2026-03-24T01:00:00.000Z
sensor.corridoio_umidita_2,44.82743297277778,2026-03-24T02:00:00.000Z
sensor.corridoio_umidita_2,44.949659206722224,2026-03-24T03:00:00.000Z
sensor.corridoio_umidita_2,44.76750843386111,2026-03-24T04:00:00.000Z
sensor.corridoio_umidita_2,44.63463340375,2026-03-24T05:00:00.000Z
sensor.corridoio_umidita_2,43.196995893722224,2026-03-24T06:00:00.000Z
sensor.corridoio_umidita_2,43.901080399222224,2026-03-24T07:00:00.000Z
sensor.corridoio_umidita_2,44.076692886361116,2026-03-24T08:00:00.000Z
sensor.corridoio_umidita_2,44.19747118158333,2026-03-24T09:00:00.000Z
sensor.corridoio_umidita_2,44.6989307295,2026-03-24T10:00:00.000Z
sensor.corridoio_umidita_2,43.715488658472225,2026-03-24T11:00:00.000Z
sensor.corridoio_umidita_2,43.042607419444444,2026-03-24T12:00:00.000Z
sensor.corridoio_umidita_2,43.795096329694445,2026-03-24T13:00:00.000Z
sensor.corridoio_umidita_2,46.49237388652778,2026-03-24T14:00:00.000Z
sensor.corridoio_umidita_2,45.42459278988889,2026-03-24T15:00:00.000Z
sensor.corridoio_umidita_2,44.426390589111115,2026-03-24T16:00:00.000Z
sensor.corridoio_umidita_2,43.87878131177778,2026-03-24T17:00:00.000Z
sensor.corridoio_umidita_2,43.76490439669445,2026-03-24T18:00:00.000Z
sensor.corridoio_umidita_2,43.77418825744444,2026-03-24T19:00:00.000Z
sensor.corridoio_umidita_2,43.8668421165,2026-03-24T20:00:00.000Z
sensor.corridoio_umidita_2,44.189587769333336,2026-03-24T21:00:00.000Z
sensor.corridoio_umidita_2,44.34854871552778,2026-03-24T22:00:00.000Z
sensor.corridoio_umidita_2,44.57719961125,2026-03-24T23:00:00.000Z
sensor.corridoio_umidita_2,44.86681032977777,2026-03-25T00:00:00.000Z
sensor.corridoio_umidita_2,45,2026-03-25T01:00:00.000Z
sensor.corridoio_umidita_2,45.18746414119445,2026-03-25T02:00:00.000Z
sensor.corridoio_umidita_2,45.50327562141666,2026-03-25T03:00:00.000Z
sensor.corridoio_umidita_2,45.62516718625,2026-03-25T04:00:00.000Z
sensor.corridoio_umidita_2,45.54772474525,2026-03-25T05:00:00.000Z
sensor.corridoio_umidita_2,45.448395114777774,2026-03-25T06:00:00.000Z
sensor.corridoio_umidita_2,45.45872567305556,2026-03-25T07:00:00.000Z
sensor.corridoio_umidita_2,45.182148433916666,2026-03-25T08:00:00.000Z
sensor.corridoio_umidita_2,44.95729512083333,2026-03-25T09:00:00.000Z
sensor.corridoio_umidita_2,45.00361246916666,2026-03-25T10:00:00.000Z
sensor.corridoio_umidita_2,44.63010967480556,2026-03-25T11:00:00.000Z
sensor.corridoio_umidita_2,44.13353808675,2026-03-25T12:00:00.000Z
sensor.corridoio_umidita_2,44.160262457250006,2026-03-25T13:00:00.000Z
sensor.corridoio_umidita_2,44.531067273194445,2026-03-25T14:00:00.000Z
sensor.corridoio_umidita_2,44.96180965716667,2026-03-25T15:00:00.000Z
sensor.corridoio_umidita_2,45.35797234497222,2026-03-25T16:00:00.000Z
sensor.corridoio_umidita_2,45.65487732863889,2026-03-25T17:00:00.000Z
sensor.corridoio_umidita_2,46.02453654441667,2026-03-25T18:00:00.000Z
sensor.corridoio_umidita_2,46.336093591,2026-03-25T19:00:00.000Z
sensor.corridoio_umidita_2,46.39214380261111,2026-03-25T20:00:00.000Z
sensor.corridoio_umidita_2,46.542077949083335,2026-03-25T21:00:00.000Z
sensor.corridoio_umidita_2,46.06476606830555,2026-03-25T22:00:00.000Z
sensor.corridoio_umidita_2,44.68856268405556,2026-03-25T23:00:00.000Z
sensor.corridoio_umidita_2,43.44299471652778,2026-03-26T00:00:00.000Z
sensor.corridoio_umidita_2,42.49864175044444,2026-03-26T01:00:00.000Z
sensor.corridoio_umidita_2,41.87020397330556,2026-03-26T02:00:00.000Z
sensor.corridoio_umidita_2,41.3616091225,2026-03-26T03:00:00.000Z
sensor.corridoio_umidita_2,41.102228393694446,2026-03-26T04:00:00.000Z
sensor.corridoio_umidita_2,40.849670937027774,2026-03-26T05:00:00.000Z
sensor.corridoio_umidita_2,40.83980838,2026-03-26T06:00:00.000Z
sensor.corridoio_umidita_2,40.29935291244444,2026-03-26T07:00:00.000Z
sensor.corridoio_umidita_2,39.3489854535,2026-03-26T08:00:00.000Z
sensor.corridoio_umidita_2,38.10471881397222,2026-03-26T09:00:00.000Z
sensor.corridoio_umidita_2,37.451894895694444,2026-03-26T10:00:00.000Z
sensor.corridoio_umidita_2,37.09504717022222,2026-03-26T11:00:00.000Z
sensor.corridoio_umidita_2,36.6185980045,2026-03-26T12:00:00.000Z
sensor.corridoio_umidita_2,35.724891486388884,2026-03-26T13:00:00.000Z
sensor.corridoio_umidita_2,35.32508876563889,2026-03-26T14:00:00.000Z
sensor.corridoio_umidita_2,35.045514652416664,2026-03-26T15:00:00.000Z
sensor.corridoio_umidita_2,34.946104182305554,2026-03-26T16:00:00.000Z
sensor.corridoio_umidita_2,33.753624116,2026-03-26T17:00:00.000Z
sensor.corridoio_umidita_2,32.95792747902778,2026-03-26T18:00:00.000Z
sensor.corridoio_umidita_2,33.31404543713889,2026-03-26T19:00:00.000Z
sensor.corridoio_umidita_2,33.82176758005556,2026-03-26T20:00:00.000Z
sensor.corridoio_umidita_2,34.69323997119445,2026-03-26T21:00:00.000Z
sensor.corridoio_umidita_2,38.179866305666664,2026-03-26T22:00:00.000Z
sensor.corridoio_umidita_2,36.755395420027774,2026-03-26T23:00:00.000Z
sensor.corridoio_umidita_2,36.09964572136111,2026-03-27T00:00:00.000Z
sensor.corridoio_umidita_2,35.641586360750004,2026-03-27T01:00:00.000Z
sensor.corridoio_umidita_2,35.34492667977778,2026-03-27T02:00:00.000Z
sensor.corridoio_umidita_2,35.15466630786111,2026-03-27T03:00:00.000Z
sensor.corridoio_umidita_2,34.78689845505556,2026-03-27T04:00:00.000Z
sensor.corridoio_umidita_2,34.845335321499995,2026-03-27T05:00:00.000Z
sensor.corridoio_umidita_2,34.70433796736111,2026-03-27T06:00:00.000Z
sensor.corridoio_umidita_2,35.18775266330555,2026-03-27T07:00:00.000Z
sensor.corridoio_umidita_2,34.89180591391666,2026-03-27T08:00:00.000Z
sensor.corridoio_umidita_2,34.80005251377778,2026-03-27T09:00:00.000Z
sensor.corridoio_umidita_2,34.840508944166665,2026-03-27T10:00:00.000Z
sensor.corridoio_umidita_2,34.31654429988889,2026-03-27T11:00:00.000Z
sensor.corridoio_umidita_2,35.32024225688889,2026-03-27T12:00:00.000Z
sensor.corridoio_umidita_2,35.36582489058333,2026-03-27T13:00:00.000Z
sensor.corridoio_umidita_2,35.389658087916665,2026-03-27T14:00:00.000Z
sensor.corridoio_umidita_2,34.378058456,2026-03-27T15:00:00.000Z
sensor.corridoio_umidita_2,34.02011744036111,2026-03-27T16:00:00.000Z
sensor.corridoio_umidita_2,33.778176956749995,2026-03-27T17:00:00.000Z
sensor.corridoio_umidita_2,34.48799909875,2026-03-27T18:00:00.000Z
sensor.corridoio_umidita_2,35.84890861486111,2026-03-27T19:00:00.000Z
sensor.corridoio_umidita_2,34.84317828313889,2026-03-27T20:00:00.000Z
sensor.corridoio_umidita_2,34.8,2026-03-27T21:00:00.000Z
sensor.corridoio_umidita_2,34.91935478269444,2026-03-27T22:00:00.000Z
sensor.corridoio_umidita_2,35.09113836363889,2026-03-27T23:00:00.000Z
sensor.corridoio_umidita_2,35.41468519625,2026-03-28T00:00:00.000Z
sensor.corridoio_umidita_2,35.892945037527774,2026-03-28T01:00:00.000Z
sensor.corridoio_umidita_2,36.26320408947222,2026-03-28T02:00:00.000Z
sensor.corridoio_umidita_2,36.522411515083334,2026-03-28T03:00:00.000Z
sensor.corridoio_umidita_2,36.902150012861114,2026-03-28T04:00:00.000Z
sensor.corridoio_umidita_2,37.18805883430556,2026-03-28T05:00:00.000Z
sensor.corridoio_umidita_2,37.4851521375,2026-03-28T06:00:00.000Z
sensor.corridoio_umidita_2,37.882011974722225,2026-03-28T07:00:00.000Z
sensor.corridoio_umidita_2,37.251250443694445,2026-03-28T08:00:00.000Z
sensor.corridoio_umidita_2,37.01149289261111,2026-03-28T09:00:00.000Z
sensor.corridoio_umidita_2,37.27108697808333,2026-03-28T10:00:00.000Z
sensor.corridoio_umidita_2,37.65002145388889,2026-03-28T11:00:00.000Z
sensor.corridoio_umidita_2,36.94100037088889,2026-03-28T12:00:00.000Z
sensor.corridoio_umidita_2,37.08020232416667,2026-03-28T13:00:00.000Z
sensor.corridoio_umidita_2,37.075989953333334,2026-03-28T14:00:00.000Z
sensor.corridoio_umidita_2,36.85588089411111,2026-03-28T15:00:00.000Z
sensor.corridoio_umidita_2,37.03910438208333,2026-03-28T16:00:00.000Z
sensor.corridoio_umidita_2,37.22243590486111,2026-03-28T17:00:00.000Z
sensor.corridoio_umidita_2,37.227003812944446,2026-03-28T18:00:00.000Z
sensor.corridoio_umidita_2,36.90000624783333,2026-03-28T19:00:00.000Z
sensor.corridoio_umidita_2,36.77638418283333,2026-03-28T20:00:00.000Z
sensor.corridoio_umidita_2,37.137324994000004,2026-03-28T21:00:00.000Z
sensor.corridoio_umidita_2,37.55367231569445,2026-03-28T22:00:00.000Z
sensor.corridoio_umidita_2,38.552743743166666,2026-03-28T23:00:00.000Z
sensor.corridoio_umidita_2,38.79206526825,2026-03-29T00:00:00.000Z
sensor.corridoio_umidita_2,38.63512644855556,2026-03-29T01:00:00.000Z
sensor.corridoio_umidita_2,38.35078642497222,2026-03-29T02:00:00.000Z
sensor.corridoio_umidita_2,38.4,2026-03-29T03:00:00.000Z
sensor.corridoio_umidita_2,38.56680865297222,2026-03-29T04:00:00.000Z
sensor.corridoio_umidita_2,38.61989800036111,2026-03-29T05:00:00.000Z
sensor.corridoio_umidita_2,38.60394005716667,2026-03-29T06:00:00.000Z
sensor.corridoio_umidita_2,38.514009953027774,2026-03-29T07:00:00.000Z
sensor.corridoio_umidita_2,38.68669649258333,2026-03-29T08:00:00.000Z
sensor.corridoio_umidita_2,38.757309650055554,2026-03-29T09:00:00.000Z
sensor.corridoio_umidita_2,38.20972009836111,2026-03-29T10:00:00.000Z
sensor.corridoio_umidita_2,37.63040058191667,2026-03-29T11:00:00.000Z
sensor.corridoio_umidita_2,37.667790344000004,2026-03-29T12:00:00.000Z
sensor.corridoio_umidita_2,37.11883630036111,2026-03-29T13:00:00.000Z
sensor.corridoio_umidita_2,36.754814251305554,2026-03-29T14:00:00.000Z
sensor.corridoio_umidita_2,36.34901408236111,2026-03-29T15:00:00.000Z
sensor.corridoio_umidita_2,36.3405808455,2026-03-29T16:00:00.000Z
sensor.corridoio_umidita_2,36.12302011697222,2026-03-29T17:00:00.000Z
sensor.corridoio_umidita_2,36.21413586594444,2026-03-29T18:00:00.000Z
sensor.corridoio_umidita_2,36.370708636555555,2026-03-29T19:00:00.000Z
sensor.corridoio_umidita_2,36.40294269016666,2026-03-29T20:00:00.000Z
sensor.corridoio_umidita_2,36.763040225666664,2026-03-29T21:00:00.000Z
sensor.corridoio_umidita_2,36.91450707530556,2026-03-29T22:00:00.000Z
sensor.corridoio_umidita_2,36.96805076580555,2026-03-29T23:00:00.000Z
sensor.corridoio_umidita_2,37.286318003944444,2026-03-30T00:00:00.000Z
sensor.corridoio_umidita_2,37.416379663444445,2026-03-30T01:00:00.000Z
sensor.corridoio_umidita_2,37.5912145525,2026-03-30T02:00:00.000Z
sensor.corridoio_umidita_2,37.63355627602778,2026-03-30T03:00:00.000Z
sensor.corridoio_umidita_2,37.64793619172222,2026-03-30T04:00:00.000Z
sensor.corridoio_umidita_2,37.78615154486111,2026-03-30T05:00:00.000Z
sensor.corridoio_umidita_2,38.58028349469444,2026-03-30T06:00:00.000Z
sensor.corridoio_umidita_2,38.62510704547223,2026-03-30T07:00:00.000Z
sensor.corridoio_umidita_2,38.19740395527778,2026-03-30T08:00:00.000Z
sensor.corridoio_umidita_2,37.854903487277774,2026-03-30T09:00:00.000Z
sensor.corridoio_umidita_2,37.620728080333336,2026-03-30T10:00:00.000Z
sensor.corridoio_umidita_2,37.489178314638885,2026-03-30T11:00:00.000Z
sensor.corridoio_umidita_2,36.53001206161111,2026-03-30T12:00:00.000Z
sensor.corridoio_umidita_2,36.34243217358333,2026-03-30T13:00:00.000Z
sensor.corridoio_umidita_2,36.439040734694444,2026-03-30T14:00:00.000Z
sensor.corridoio_umidita_2,35.819244521583336,2026-03-30T15:00:00.000Z
sensor.corridoio_umidita_2,35.79345129311111,2026-03-30T16:00:00.000Z
sensor.corridoio_umidita_2,35.18911693938889,2026-03-30T17:00:00.000Z
sensor.corridoio_umidita_2,34.936950061333334,2026-03-30T18:00:00.000Z
sensor.corridoio_umidita_2,34.593125487694444,2026-03-30T19:00:00.000Z
sensor.corridoio_umidita_2,35.52005992766667,2026-03-30T20:00:00.000Z
sensor.corridoio_umidita_2,36.457283618666665,2026-03-30T21:00:00.000Z
sensor.corridoio_umidita_2,36.77335711988889,2026-03-30T22:00:00.000Z
sensor.corridoio_umidita_2,36.89403572547222,2026-03-30T23:00:00.000Z
sensor.corridoio_umidita_2,37.10611710436111,2026-03-31T00:00:00.000Z
sensor.corridoio_umidita_2,37.176572904749996,2026-03-31T01:00:00.000Z
sensor.corridoio_umidita_2,37.12704254033333,2026-03-31T02:00:00.000Z
sensor.corridoio_umidita_2,36.56100028955556,2026-03-31T03:00:00.000Z
sensor.corridoio_umidita_2,36.23595543666667,2026-03-31T04:00:00.000Z
sensor.corridoio_umidita_2,36.076701426916664,2026-03-31T05:00:00.000Z
sensor.corridoio_umidita_2,35.522402943611105,2026-03-31T06:00:00.000Z
sensor.corridoio_umidita_2,35.327636392222225,2026-03-31T07:00:00.000Z
sensor.corridoio_umidita_2,34.89757493169444,2026-03-31T08:00:00.000Z
sensor.corridoio_umidita_2,33.29465697158333,2026-03-31T09:00:00.000Z
sensor.corridoio_umidita_2,32.213767436333335,2026-03-31T10:00:00.000Z
sensor.corridoio_umidita_2,32.96511219111111,2026-03-31T11:00:00.000Z
sensor.corridoio_umidita_2,32.07796886897223,2026-03-31T12:00:00.000Z
sensor.corridoio_umidita_2,30.861978634833335,2026-03-31T13:00:00.000Z
sensor.corridoio_umidita_2,30.692649127583334,2026-03-31T14:00:00.000Z
sensor.corridoio_umidita_2,30.430713341055554,2026-03-31T15:00:00.000Z
sensor.corridoio_umidita_2,31.10372530347222,2026-03-31T16:00:00.000Z
sensor.corridoio_umidita_2,32.16600050252778,2026-03-31T17:00:00.000Z
sensor.corridoio_umidita_2,32.70045392227778,2026-03-31T18:00:00.000Z
sensor.corridoio_umidita_2,32.27630660963889,2026-03-31T19:00:00.000Z
sensor.corridoio_umidita_2,31.730786392138892,2026-03-31T20:00:00.000Z
sensor.corridoio_umidita_2,31.99458723525,2026-03-31T21:00:00.000Z
sensor.corridoio_umidita_2,32.13289056986111,2026-03-31T22:00:00.000Z
sensor.corridoio_umidita_2,32.487800948916664,2026-03-31T23:00:00.000Z
sensor.corridoio_umidita_2,32.73660479438889,2026-04-01T00:00:00.000Z
sensor.corridoio_umidita_2,32.917629892916665,2026-04-01T01:00:00.000Z
sensor.corridoio_umidita_2,33.10943883930556,2026-04-01T02:00:00.000Z
sensor.corridoio_umidita_2,34.06186797238889,2026-04-01T03:00:00.000Z
sensor.corridoio_umidita_2,36.66935380802777,2026-04-01T04:00:00.000Z
sensor.corridoio_umidita_2,35.7526265745,2026-04-01T05:00:00.000Z
sensor.corridoio_umidita_2,35.81496879022222,2026-04-01T06:00:00.000Z
sensor.corridoio_umidita_2,35.48961947411111,2026-04-01T07:00:00.000Z
sensor.corridoio_umidita_2,34.890951798972225,2026-04-01T08:00:00.000Z
sensor.corridoio_umidita_2,34.78753554466667,2026-04-01T09:00:00.000Z
sensor.corridoio_umidita_2,34.361188797,2026-04-01T10:00:00.000Z
sensor.corridoio_umidita_2,34.01095122155555,2026-04-01T11:00:00.000Z
sensor.corridoio_umidita_2,33.77416721352778,2026-04-01T12:00:00.000Z
sensor.corridoio_umidita_2,35.29261469825,2026-04-01T13:00:00.000Z
sensor.corridoio_umidita_2,35.70380424294444,2026-04-01T14:00:00.000Z
sensor.corridoio_umidita_2,35.05667940419445,2026-04-01T15:00:00.000Z
sensor.corridoio_umidita_2,34.35256709388889,2026-04-01T16:00:00.000Z
sensor.corridoio_umidita_2,33.671176421,2026-04-01T17:00:00.000Z
sensor.corridoio_umidita_2,33.42813189205555,2026-04-01T18:00:00.000Z
sensor.corridoio_umidita_2,33.40557088730555,2026-04-01T19:00:00.000Z
sensor.corridoio_umidita_2,33.99510783241667,2026-04-01T20:00:00.000Z
sensor.corridoio_umidita_2,35.53946724916667,2026-04-01T21:00:00.000Z
sensor.corridoio_umidita_2,36.380320882666666,2026-04-01T22:00:00.000Z
sensor.corridoio_umidita_2,37.61153923544445,2026-04-01T23:00:00.000Z
sensor.corridoio_umidita_2,38.41164392236111,2026-04-02T00:00:00.000Z
sensor.corridoio_umidita_2,38.26625122052778,2026-04-02T01:00:00.000Z
sensor.corridoio_umidita_2,37.85148059475,2026-04-02T02:00:00.000Z
sensor.corridoio_umidita_2,37.59469351233333,2026-04-02T03:00:00.000Z
sensor.corridoio_umidita_2,37.49835346952778,2026-04-02T04:00:00.000Z
sensor.corridoio_umidita_2,35.660563988444444,2026-04-02T05:00:00.000Z
sensor.corridoio_umidita_2,36.44661523358334,2026-04-02T06:00:00.000Z
sensor.corridoio_umidita_2,37.551149899638894,2026-04-02T07:00:00.000Z
sensor.corridoio_umidita_2,37.232452576916664,2026-04-02T08:00:00.000Z
sensor.corridoio_umidita_2,37.02498042158334,2026-04-02T09:00:00.000Z
sensor.corridoio_umidita_2,36.78427456088889,2026-04-02T10:00:00.000Z
sensor.corridoio_umidita_2,37.050718708333335,2026-04-02T11:00:00.000Z
sensor.corridoio_umidita_2,37.42256325230556,2026-04-02T12:00:00.000Z
sensor.corridoio_umidita_2,36.80046971261111,2026-04-02T13:00:00.000Z
sensor.corridoio_umidita_2,36.29407282216667,2026-04-02T14:00:00.000Z
sensor.corridoio_umidita_2,36.787851570638885,2026-04-02T15:00:00.000Z
sensor.corridoio_umidita_2,36.70066969111111,2026-04-02T16:00:00.000Z
sensor.corridoio_umidita_2,36.55887131475,2026-04-02T17:00:00.000Z
sensor.corridoio_umidita_2,36.737341414583334,2026-04-02T18:00:00.000Z
sensor.corridoio_umidita_2,37.12821632408333,2026-04-02T19:00:00.000Z
sensor.corridoio_umidita_2,37.53288301655556,2026-04-02T20:00:00.000Z
sensor.corridoio_umidita_2,37.79579938861111,2026-04-02T21:00:00.000Z
sensor.corridoio_umidita_2,38.121857623972225,2026-04-02T22:00:00.000Z
sensor.corridoio_umidita_2,39.064237405027775,2026-04-02T23:00:00.000Z
sensor.corridoio_umidita_2,39.528077439583335,2026-04-03T00:00:00.000Z
sensor.corridoio_umidita_2,39.6,2026-04-03T01:00:00.000Z
sensor.corridoio_umidita_2,39.754161218722224,2026-04-03T02:00:00.000Z
sensor.corridoio_umidita_2,40.04510851430556,2026-04-03T03:00:00.000Z
sensor.corridoio_umidita_2,39.87342726872222,2026-04-03T04:00:00.000Z
sensor.corridoio_umidita_2,39.68364999194444,2026-04-03T05:00:00.000Z
sensor.corridoio_umidita_2,39.566442955333336,2026-04-03T06:00:00.000Z
sensor.corridoio_umidita_2,39.4070533045,2026-04-03T07:00:00.000Z
sensor.corridoio_umidita_2,39.6587464315,2026-04-03T08:00:00.000Z
sensor.corridoio_umidita_2,39.35554473277778,2026-04-03T09:00:00.000Z
sensor.corridoio_umidita_2,38.81693179586111,2026-04-03T10:00:00.000Z
sensor.corridoio_umidita_2,38.58269510588889,2026-04-03T11:00:00.000Z
sensor.corridoio_umidita_2,38.82516340188889,2026-04-03T12:00:00.000Z
sensor.corridoio_umidita_2,38.5688725075,2026-04-03T13:00:00.000Z
sensor.corridoio_umidita_2,37.927633162166664,2026-04-03T14:00:00.000Z
sensor.corridoio_umidita_2,37.60135868119445,2026-04-03T15:00:00.000Z
sensor.corridoio_umidita_2,37.80885865822222,2026-04-03T16:00:00.000Z
sensor.corridoio_umidita_2,38.507759917583336,2026-04-03T17:00:00.000Z
sensor.corridoio_umidita_2,42.36942419858334,2026-04-03T18:00:00.000Z
sensor.corridoio_umidita_2,41.67842421411111,2026-04-03T19:00:00.000Z
sensor.corridoio_umidita_2,40.06373474716667,2026-04-03T20:00:00.000Z
sensor.corridoio_umidita_2,39.288121245444444,2026-04-03T21:00:00.000Z
sensor.corridoio_umidita_2,39.238485569333335,2026-04-03T22:00:00.000Z
sensor.corridoio_umidita_2,39.27483308361111,2026-04-03T23:00:00.000Z
sensor.corridoio_umidita_2,39.35996407958333,2026-04-04T00:00:00.000Z
sensor.corridoio_umidita_2,39.63473329991667,2026-04-04T01:00:00.000Z
sensor.corridoio_umidita_2,39.61905179480556,2026-04-04T02:00:00.000Z
sensor.corridoio_umidita_2,39.544180189083335,2026-04-04T03:00:00.000Z
sensor.corridoio_umidita_2,39.37483506405555,2026-04-04T04:00:00.000Z
sensor.corridoio_umidita_2,39.4,2026-04-04T05:00:00.000Z
sensor.corridoio_umidita_2,39.40282022308333,2026-04-04T06:00:00.000Z
sensor.corridoio_umidita_2,38.83528369111111,2026-04-04T07:00:00.000Z
sensor.corridoio_umidita_2,38.71392430544444,2026-04-04T08:00:00.000Z
sensor.corridoio_umidita_2,38.85872084822222,2026-04-04T09:00:00.000Z
sensor.corridoio_umidita_2,38.79911552438889,2026-04-04T10:00:00.000Z
sensor.corridoio_umidita_2,39.41589911847222,2026-04-04T11:00:00.000Z
sensor.corridoio_umidita_2,40.03568234575,2026-04-04T12:00:00.000Z
sensor.corridoio_umidita_2,40.27879416858333,2026-04-04T13:00:00.000Z
sensor.corridoio_umidita_2,40.02628369777778,2026-04-04T14:00:00.000Z
sensor.corridoio_umidita_2,40.18782017294444,2026-04-04T15:00:00.000Z
sensor.corridoio_umidita_2,40.353511852111104,2026-04-04T16:00:00.000Z
sensor.corridoio_umidita_2,39.868976356666664,2026-04-04T17:00:00.000Z
sensor.corridoio_umidita_2,40.526511991111114,2026-04-04T18:00:00.000Z
sensor.corridoio_umidita_2,40.52283227108333,2026-04-04T19:00:00.000Z
sensor.corridoio_umidita_2,41.32570595055556,2026-04-04T20:00:00.000Z
sensor.corridoio_umidita_2,41.97995904080556,2026-04-04T21:00:00.000Z
sensor.corridoio_umidita_2,42.46509661666666,2026-04-04T22:00:00.000Z
sensor.corridoio_umidita_2,42.686376054444445,2026-04-04T23:00:00.000Z
sensor.corridoio_umidita_2,43.34404893872222,2026-04-05T00:00:00.000Z
sensor.corridoio_umidita_2,43.74085406677778,2026-04-05T01:00:00.000Z
sensor.corridoio_umidita_2,44.11870118188889,2026-04-05T02:00:00.000Z
sensor.corridoio_umidita_2,44.05879586069445,2026-04-05T03:00:00.000Z
sensor.corridoio_umidita_2,43.962047365249994,2026-04-05T04:00:00.000Z
sensor.corridoio_umidita_2,44.09061391383333,2026-04-05T05:00:00.000Z
sensor.corridoio_umidita_2,44,2026-04-05T06:00:00.000Z
sensor.corridoio_umidita_2,44.025168282972224,2026-04-05T07:00:00.000Z
sensor.corridoio_umidita_2,43.918128546944445,2026-04-05T08:00:00.000Z
sensor.corridoio_umidita_2,44.031548062722216,2026-04-05T09:00:00.000Z
sensor.corridoio_umidita_2,43.527522842111104,2026-04-05T10:00:00.000Z
sensor.corridoio_umidita_2,43.38857519197222,2026-04-05T11:00:00.000Z
sensor.corridoio_umidita_2,43.35640963294444,2026-04-05T12:00:00.000Z
sensor.corridoio_umidita_2,43.220481748805554,2026-04-05T13:00:00.000Z
sensor.corridoio_umidita_2,43.02217595686111,2026-04-05T14:00:00.000Z
sensor.corridoio_umidita_2,42.757711656666665,2026-04-05T15:00:00.000Z
sensor.corridoio_umidita_2,42.42616028772222,2026-04-05T16:00:00.000Z
sensor.corridoio_umidita_2,42.42692028222222,2026-04-05T17:00:00.000Z
sensor.corridoio_umidita_2,45.70560592738889,2026-04-05T18:00:00.000Z
sensor.corridoio_umidita_2,46.091521782361106,2026-04-05T19:00:00.000Z
sensor.corridoio_umidita_2,45.15031344947223,2026-04-05T20:00:00.000Z
sensor.corridoio_umidita_2,44.88714997116667,2026-04-05T21:00:00.000Z
sensor.corridoio_umidita_2,44.60329861722223,2026-04-05T22:00:00.000Z
sensor.corridoio_umidita_2,44.55033560922222,2026-04-05T23:00:00.000Z
sensor.corridoio_umidita_2,44.411035904777776,2026-04-06T00:00:00.000Z
sensor.corridoio_umidita_2,44.49668683419444,2026-04-06T01:00:00.000Z
sensor.corridoio_umidita_2,44.67433982266667,2026-04-06T02:00:00.000Z
sensor.corridoio_umidita_2,45.01828868016667,2026-04-06T03:00:00.000Z
sensor.corridoio_umidita_2,45.358239783916666,2026-04-06T04:00:00.000Z
sensor.corridoio_umidita_2,45.63945086794445,2026-04-06T05:00:00.000Z
sensor.corridoio_umidita_2,45.97941191325,2026-04-06T06:00:00.000Z
sensor.corridoio_umidita_2,46.26020253130556,2026-04-06T07:00:00.000Z
sensor.corridoio_umidita_2,46.847969675,2026-04-06T08:00:00.000Z
sensor.corridoio_umidita_2,49.34395200222223,2026-04-06T09:00:00.000Z
sensor.corridoio_umidita_2,48.52761172694445,2026-04-06T10:00:00.000Z
sensor.corridoio_umidita_2,49.29065629247222,2026-04-06T11:00:00.000Z
sensor.corridoio_umidita_2,49.39249797166667,2026-04-06T12:00:00.000Z
sensor.corridoio_umidita_2,49.10588666569445,2026-04-06T13:00:00.000Z
sensor.corridoio_umidita_2,48.74109795769444,2026-04-06T14:00:00.000Z
sensor.corridoio_umidita_2,48.311342132,2026-04-06T15:00:00.000Z
sensor.corridoio_umidita_2,47.823901843555554,2026-04-06T16:00:00.000Z
sensor.corridoio_umidita_2,47.662235692222225,2026-04-06T17:00:00.000Z
sensor.corridoio_umidita_2,47.37968117277777,2026-04-06T18:00:00.000Z
sensor.corridoio_umidita_2,47.08949495058334,2026-04-06T19:00:00.000Z
sensor.corridoio_umidita_2,47.53659909111111,2026-04-06T20:00:00.000Z
sensor.corridoio_umidita_2,49.16636409280556,2026-04-06T21:00:00.000Z
sensor.corridoio_umidita_2,49.93543378872223,2026-04-06T22:00:00.000Z
sensor.corridoio_umidita_2,50.103939097416664,2026-04-06T23:00:00.000Z
sensor.corridoio_umidita_2,49.25819385283333,2026-04-07T00:00:00.000Z
sensor.corridoio_umidita_2,48.96132274427777,2026-04-07T01:00:00.000Z
sensor.corridoio_umidita_2,49.06321560777778,2026-04-07T02:00:00.000Z
sensor.corridoio_umidita_2,49.14958837991667,2026-04-07T03:00:00.000Z
sensor.corridoio_umidita_2,49.29999999999999,2026-04-07T04:00:00.000Z
sensor.corridoio_umidita_2,49.33604851166666,2026-04-07T05:00:00.000Z
sensor.corridoio_umidita_2,49.534213701,2026-04-07T06:00:00.000Z
sensor.corridoio_umidita_2,49.45149265436111,2026-04-07T07:00:00.000Z
sensor.corridoio_umidita_2,50.05813529494444,2026-04-07T08:00:00.000Z
sensor.corridoio_umidita_2,51.79813955819444,2026-04-07T09:00:00.000Z
sensor.corridoio_umidita_2,52.20135266925001,2026-04-07T10:00:00.000Z
sensor.corridoio_umidita_2,51.757386603083326,2026-04-07T11:00:00.000Z
sensor.corridoio_umidita_2,51.23657959827778,2026-04-07T12:00:00.000Z
sensor.corridoio_umidita_2,51.02680505366666,2026-04-07T13:00:00.000Z
sensor.corridoio_umidita_2,50.60919131975,2026-04-07T14:00:00.000Z
sensor.corridoio_umidita_2,50.40768522366667,2026-04-07T15:00:00.000Z
sensor.corridoio_umidita_2,50.279681273083334,2026-04-07T16:00:00.000Z
sensor.corridoio_umidita_2,50.22254807827778,2026-04-07T17:00:00.000Z
sensor.corridoio_umidita_2,50.66987615227777,2026-04-07T18:00:00.000Z
sensor.corridoio_umidita_2,51.84483377613889,2026-04-07T19:00:00.000Z
sensor.corridoio_umidita_2,51.382118735138896,2026-04-07T20:00:00.000Z
sensor.corridoio_umidita_2,52.017250970388886,2026-04-07T21:00:00.000Z
sensor.corridoio_umidita_2,51.35850481683334,2026-04-07T22:00:00.000Z
sensor.corridoio_umidita_2,51.377739225166664,2026-04-07T23:00:00.000Z
sensor.corridoio_umidita_2,51.01075235125,2026-04-08T00:00:00.000Z
sensor.corridoio_umidita_2,51.217897410666666,2026-04-08T01:00:00.000Z
sensor.corridoio_umidita_2,51.57273346219444,2026-04-08T02:00:00.000Z
sensor.corridoio_umidita_2,51.85641746194444,2026-04-08T03:00:00.000Z
sensor.corridoio_umidita_2,51.93734343919444,2026-04-08T04:00:00.000Z
sensor.corridoio_umidita_2,51.93868969283333,2026-04-08T05:00:00.000Z
sensor.corridoio_umidita_2,51.896916083777775,2026-04-08T06:00:00.000Z
sensor.corridoio_umidita_2,51.986358232444445,2026-04-08T07:00:00.000Z
sensor.corridoio_umidita_2,51.65927058966667,2026-04-08T08:00:00.000Z
sensor.corridoio_umidita_2,51.841385240499996,2026-04-08T09:00:00.000Z
sensor.corridoio_umidita_2,51.532485594166666,2026-04-08T10:00:00.000Z
sensor.corridoio_umidita_2,51.233787404277784,2026-04-08T11:00:00.000Z
sensor.corridoio_umidita_2,51.1837383229394,2026-04-08T12:00:00.000Z
sensor.corridoio_umidita_2,51.1788158375,2026-04-08T13:00:00.000Z
sensor.corridoio_umidita_2,51.41103775916667,2026-04-08T14:00:00.000Z
sensor.corridoio_umidita_2,51.61357493994444,2026-04-08T15:00:00.000Z
sensor.corridoio_umidita_2,51.66256674130556,2026-04-08T16:00:00.000Z
sensor.corridoio_umidita_2,51.80703746741667,2026-04-08T17:00:00.000Z
sensor.corridoio_umidita_2,52.023299821,2026-04-08T18:00:00.000Z
sensor.corridoio_umidita_2,52.82048571725,2026-04-08T19:00:00.000Z
sensor.corridoio_umidita_2,53.79458318833333,2026-04-08T20:00:00.000Z
sensor.corridoio_umidita_2,53.42553552569444,2026-04-08T21:00:00.000Z
sensor.corridoio_umidita_2,53.58356327827778,2026-04-08T22:00:00.000Z
sensor.corridoio_umidita_2,52.80866506266667,2026-04-08T23:00:00.000Z
sensor.corridoio_umidita_2,52.826648535138894,2026-04-09T00:00:00.000Z
sensor.corridoio_umidita_2,52.475841261999996,2026-04-09T01:00:00.000Z
sensor.corridoio_umidita_2,51.993141136611115,2026-04-09T02:00:00.000Z
sensor.corridoio_umidita_2,51.341293873388885,2026-04-09T03:00:00.000Z
sensor.corridoio_umidita_2,50.71024918766667,2026-04-09T04:00:00.000Z
sensor.corridoio_umidita_2,50.066352119111116,2026-04-09T05:00:00.000Z
sensor.corridoio_umidita_2,49.97704831411111,2026-04-09T06:00:00.000Z
sensor.corridoio_umidita_2,50.05247167197223,2026-04-09T07:00:00.000Z
sensor.corridoio_umidita_2,49.37788377774999,2026-04-09T08:00:00.000Z
sensor.corridoio_umidita_2,48.28692951091667,2026-04-09T09:00:00.000Z
sensor.corridoio_umidita_2,47.56446631508334,2026-04-09T10:00:00.000Z
sensor.corridoio_umidita_2,47.61738770772222,2026-04-09T11:00:00.000Z
sensor.corridoio_umidita_2,47.73355849855556,2026-04-09T12:00:00.000Z
sensor.corridoio_umidita_2,47.85402362986111,2026-04-09T13:00:00.000Z
sensor.corridoio_umidita_2,48.104126746750005,2026-04-09T14:00:00.000Z
sensor.corridoio_umidita_2,48.26396373394444,2026-04-09T15:00:00.000Z
sensor.corridoio_umidita_2,48.645475686249995,2026-04-09T16:00:00.000Z
sensor.corridoio_umidita_2,48.70000000000001,2026-04-09T17:00:00.000Z
sensor.corridoio_umidita_2,48.74841979686111,2026-04-09T18:00:00.000Z
sensor.corridoio_umidita_2,49.16190680780556,2026-04-09T19:00:00.000Z
sensor.corridoio_umidita_2,49.13297260636111,2026-04-09T20:00:00.000Z
sensor.corridoio_umidita_2,49.10133278880556,2026-04-09T21:00:00.000Z
sensor.corridoio_umidita_2,48.69634601772222,2026-04-09T22:00:00.000Z
sensor.corridoio_umidita_2,48.54185641297223,2026-04-09T23:00:00.000Z
sensor.corridoio_umidita_2,48.757034765777775,2026-04-10T00:00:00.000Z
sensor.corridoio_umidita_2,49.08712980036111,2026-04-10T01:00:00.000Z
sensor.corridoio_umidita_2,49.35660343130555,2026-04-10T02:00:00.000Z
sensor.corridoio_umidita_2,49.42798313833333,2026-04-10T03:00:00.000Z
sensor.corridoio_umidita_2,49.68043894522222,2026-04-10T04:00:00.000Z
sensor.corridoio_umidita_2,49.61596292683333,2026-04-10T05:00:00.000Z
sensor.corridoio_umidita_2,49.53954807213889,2026-04-10T06:00:00.000Z
sensor.corridoio_umidita_2,48.83553748180555,2026-04-10T07:00:00.000Z
sensor.corridoio_umidita_2,48.41156399463889,2026-04-10T08:00:00.000Z
sensor.corridoio_umidita_2,48.17095344305556,2026-04-10T09:00:00.000Z
sensor.corridoio_umidita_2,48.08228044005556,2026-04-10T10:00:00.000Z
sensor.corridoio_umidita_2,47.97483260738889,2026-04-10T11:00:00.000Z
sensor.corridoio_umidita_2,48.29282967877777,2026-04-10T12:00:00.000Z
sensor.corridoio_umidita_2,47.9138345795,2026-04-10T13:00:00.000Z
sensor.corridoio_umidita_2,47.670976884999995,2026-04-10T14:00:00.000Z
sensor.corridoio_umidita_2,47.870698297,2026-04-10T15:00:00.000Z
sensor.corridoio_umidita_2,48.285875268722215,2026-04-10T16:00:00.000Z
sensor.corridoio_umidita_2,48.736626085694446,2026-04-10T17:00:00.000Z
sensor.corridoio_umidita_2,48.84180245030556,2026-04-10T18:00:00.000Z
sensor.corridoio_umidita_2,49.24420187738889,2026-04-10T19:00:00.000Z
sensor.corridoio_umidita_2,49.439276924972226,2026-04-10T20:00:00.000Z
sensor.corridoio_umidita_2,49.48217285105556,2026-04-10T21:00:00.000Z
sensor.corridoio_umidita_2,49.618109452472225,2026-04-10T22:00:00.000Z
sensor.corridoio_umidita_2,49.616777185500005,2026-04-10T23:00:00.000Z
sensor.corridoio_umidita_2,49.73288921797222,2026-04-11T00:00:00.000Z
sensor.corridoio_umidita_2,49.80771058733333,2026-04-11T01:00:00.000Z
sensor.corridoio_umidita_2,49.965772137138885,2026-04-11T02:00:00.000Z
sensor.corridoio_umidita_2,50.107048157388896,2026-04-11T03:00:00.000Z
sensor.corridoio_umidita_2,50.09161274008333,2026-04-11T04:00:00.000Z
sensor.corridoio_umidita_2,49.98084447313889,2026-04-11T05:00:00.000Z
sensor.corridoio_umidita_2,49.65597264772222,2026-04-11T06:00:00.000Z
sensor.corridoio_umidita_2,49.07408884977778,2026-04-11T07:00:00.000Z
sensor.corridoio_umidita_2,48.70348677925,2026-04-11T08:00:00.000Z
sensor.corridoio_umidita_2,47.429643663,2026-04-11T09:00:00.000Z
sensor.corridoio_umidita_2,46.15757743280556,2026-04-11T10:00:00.000Z
sensor.corridoio_umidita_2,46.15977019583334,2026-04-11T11:00:00.000Z
sensor.corridoio_umidita_2,46.37848334461111,2026-04-11T12:00:00.000Z
sensor.corridoio_umidita_2,46.85899968683333,2026-04-11T13:00:00.000Z
sensor.corridoio_umidita_2,48.34719190230555,2026-04-11T14:00:00.000Z
sensor.corridoio_umidita_2,50.37156065594444,2026-04-11T15:00:00.000Z
sensor.corridoio_umidita_2,49.06019177169444,2026-04-11T16:00:00.000Z
sensor.corridoio_umidita_2,48.07625427563889,2026-04-11T17:00:00.000Z
sensor.corridoio_umidita_2,48.25282681094444,2026-04-11T18:00:00.000Z
sensor.corridoio_umidita_2,47.98224624830556,2026-04-11T19:00:00.000Z
sensor.corridoio_umidita_2,47.85376079480556,2026-04-11T20:00:00.000Z
sensor.corridoio_umidita_2,47.91393833625,2026-04-11T21:00:00.000Z
sensor.corridoio_umidita_2,48.12727598311111,2026-04-11T22:00:00.000Z
sensor.corridoio_umidita_2,48.353882490388884,2026-04-11T23:00:00.000Z
sensor.corridoio_umidita_2,48.510609047416665,2026-04-12T00:00:00.000Z
sensor.corridoio_umidita_2,48.894480959111114,2026-04-12T01:00:00.000Z
sensor.corridoio_umidita_2,49.63208976375,2026-04-12T02:00:00.000Z
sensor.corridoio_umidita_2,50.023377634944445,2026-04-12T03:00:00.000Z
sensor.corridoio_umidita_2,50.23881979497222,2026-04-12T04:00:00.000Z
sensor.corridoio_umidita_2,50.38132919275,2026-04-12T05:00:00.000Z
sensor.corridoio_umidita_2,50.438715656027775,2026-04-12T06:00:00.000Z
sensor.corridoio_umidita_2,50.390347744111104,2026-04-12T07:00:00.000Z
sensor.corridoio_umidita_2,50.21684499402778,2026-04-12T08:00:00.000Z
sensor.corridoio_umidita_2,50.11360041311111,2026-04-12T09:00:00.000Z
sensor.corridoio_umidita_2,49.53542209761111,2026-04-12T10:00:00.000Z
sensor.corridoio_umidita_2,48.98768581411111,2026-04-12T11:00:00.000Z
sensor.corridoio_umidita_2,48.463449108583326,2026-04-12T12:00:00.000Z
sensor.corridoio_umidita_2,50.322080881,2026-04-12T13:00:00.000Z
sensor.corridoio_umidita_2,49.957248214416666,2026-04-12T14:00:00.000Z
sensor.corridoio_umidita_2,49.11174982288889,2026-04-12T15:00:00.000Z
sensor.corridoio_umidita_2,48.382712222388896,2026-04-12T16:00:00.000Z
sensor.corridoio_umidita_2,47.938742663999996,2026-04-12T17:00:00.000Z
sensor.corridoio_umidita_2,48.08779945977778,2026-04-12T18:00:00.000Z
sensor.corridoio_umidita_2,48.63129727422222,2026-04-12T19:00:00.000Z
sensor.corridoio_umidita_2,48.92943031138889,2026-04-12T20:00:00.000Z
sensor.corridoio_umidita_2,49.241944106333335,2026-04-12T21:00:00.000Z
sensor.corridoio_umidita_2,49.19449564669444,2026-04-12T22:00:00.000Z
sensor.corridoio_umidita_2,49.83218329125,2026-04-12T23:00:00.000Z
sensor.corridoio_umidita_2,50.95109207611111,2026-04-13T00:00:00.000Z
sensor.corridoio_umidita_2,51.83093732311111,2026-04-13T01:00:00.000Z
sensor.corridoio_umidita_2,52.30221821205556,2026-04-13T02:00:00.000Z
sensor.corridoio_umidita_2,52.466947449416665,2026-04-13T03:00:00.000Z
sensor.corridoio_umidita_2,52.342451882805555,2026-04-13T04:00:00.000Z
sensor.corridoio_umidita_2,52.40353763930555,2026-04-13T05:00:00.000Z
sensor.corridoio_umidita_2,52.93390474866666,2026-04-13T06:00:00.000Z
sensor.corridoio_umidita_2,52.76941745922222,2026-04-13T07:00:00.000Z
sensor.corridoio_umidita_2,52.70207655986112,2026-04-13T08:00:00.000Z
sensor.corridoio_umidita_2,53.07099628952778,2026-04-13T09:00:00.000Z
sensor.corridoio_umidita_2,53.178716074861114,2026-04-13T10:00:00.000Z
sensor.corridoio_umidita_2,53.23354756194445,2026-04-13T11:00:00.000Z
sensor.corridoio_umidita_2,53.20000000000001,2026-04-13T12:00:00.000Z
sensor.corridoio_umidita_2,53.303104124972215,2026-04-13T13:00:00.000Z
sensor.corridoio_umidita_2,53.375390714527775,2026-04-13T14:00:00.000Z
sensor.corridoio_umidita_2,53.5,2026-04-13T15:00:00.000Z
sensor.corridoio_umidita_2,53.76601803722222,2026-04-13T16:00:00.000Z
sensor.corridoio_umidita_2,54.14937404072222,2026-04-13T17:00:00.000Z
sensor.corridoio_umidita_2,53.97697868030556,2026-04-13T18:00:00.000Z
sensor.corridoio_umidita_2,54.352878226416664,2026-04-13T19:00:00.000Z
sensor.corridoio_umidita_2,54.87836131369445,2026-04-13T20:00:00.000Z
sensor.corridoio_umidita_2,55.04475290316666,2026-04-13T21:00:00.000Z
sensor.corridoio_umidita_2,55.008954018666664,2026-04-13T22:00:00.000Z
sensor.corridoio_umidita_2,55.171675484194445,2026-04-13T23:00:00.000Z
sensor.corridoio_umidita_2,55.38224626605555,2026-04-14T00:00:00.000Z
sensor.corridoio_umidita_2,55.71221764641667,2026-04-14T01:00:00.000Z
sensor.corridoio_umidita_2,55.927663716055555,2026-04-14T02:00:00.000Z
sensor.corridoio_umidita_2,56.15149212247223,2026-04-14T03:00:00.000Z
sensor.corridoio_umidita_2,56.23313917047222,2026-04-14T04:00:00.000Z
sensor.corridoio_umidita_2,56.399679452305556,2026-04-14T05:00:00.000Z
sensor.corridoio_umidita_2,56.614459237666665,2026-04-14T06:00:00.000Z
sensor.corridoio_umidita_2,56.50434679511111,2026-04-14T07:00:00.000Z
sensor.corridoio_umidita_2,56.52152480788889,2026-04-14T08:00:00.000Z
sensor.corridoio_umidita_2,58.6974218965,2026-04-14T09:00:00.000Z
sensor.corridoio_umidita_2,61.018458038333335,2026-04-14T10:00:00.000Z
sensor.corridoio_umidita_2,60.16697310355556,2026-04-14T11:00:00.000Z
sensor.corridoio_umidita_2,59.84742455141666,2026-04-14T12:00:00.000Z
sensor.corridoio_umidita_2,58.47318020766667,2026-04-14T13:00:00.000Z
sensor.corridoio_umidita_2,57.97334457866666,2026-04-14T14:00:00.000Z
sensor.corridoio_umidita_2,57.160568929166665,2026-04-14T15:00:00.000Z
sensor.corridoio_umidita_2,56.54051096530555,2026-04-14T16:00:00.000Z
sensor.corridoio_umidita_2,56.25727114725,2026-04-14T17:00:00.000Z
sensor.corridoio_umidita_2,56.689254834083336,2026-04-14T18:00:00.000Z
sensor.corridoio_umidita_2,57.08784685541667,2026-04-14T19:00:00.000Z
sensor.corridoio_umidita_2,57.75236743994444,2026-04-14T20:00:00.000Z
sensor.corridoio_umidita_2,57.75527060886111,2026-04-14T21:00:00.000Z
sensor.corridoio_umidita_2,57.737004268111114,2026-04-14T22:00:00.000Z
sensor.corridoio_umidita_2,57.75393848913888,2026-04-14T23:00:00.000Z
sensor.corridoio_umidita_2,58.11079950069444,2026-04-15T00:00:00.000Z
sensor.corridoio_umidita_2,58.15715927094445,2026-04-15T01:00:00.000Z
sensor.corridoio_umidita_2,58.495497388888886,2026-04-15T02:00:00.000Z
sensor.corridoio_umidita_2,58.91321181855556,2026-04-15T03:00:00.000Z
sensor.corridoio_umidita_2,58.82394951711111,2026-04-15T04:00:00.000Z
sensor.corridoio_umidita_2,58.649280405194446,2026-04-15T05:00:00.000Z
sensor.corridoio_umidita_2,59.03490330766667,2026-04-15T06:00:00.000Z
sensor.corridoio_umidita_2,58.74473840116667,2026-04-15T07:00:00.000Z
sensor.corridoio_umidita_2,58.34952870888889,2026-04-15T08:00:00.000Z
sensor.corridoio_umidita_2,57.94391273005556,2026-04-15T09:00:00.000Z
sensor.corridoio_umidita_2,57.580139664,2026-04-15T10:00:00.000Z
sensor.corridoio_umidita_2,57.35012389683333,2026-04-15T11:00:00.000Z
sensor.corridoio_umidita_2,57.25363284033333,2026-04-15T12:00:00.000Z
sensor.corridoio_umidita_2,57.16891156430555,2026-04-15T13:00:00.000Z
sensor.corridoio_umidita_2,57.133554528194445,2026-04-15T14:00:00.000Z
sensor.corridoio_umidita_2,57.1,2026-04-15T15:00:00.000Z
sensor.corridoio_umidita_2,57.20842292830556,2026-04-15T16:00:00.000Z
sensor.corridoio_umidita_2,56.932823059583335,2026-04-15T17:00:00.000Z
sensor.corridoio_umidita_2,57.54815072808333,2026-04-15T18:00:00.000Z
sensor.corridoio_umidita_2,57.643348170083335,2026-04-15T19:00:00.000Z
sensor.corridoio_umidita_2,57.75532039619444,2026-04-15T20:00:00.000Z
sensor.corridoio_umidita_2,58.74214996483334,2026-04-15T21:00:00.000Z
sensor.corridoio_umidita_2,60.10413809930555,2026-04-15T22:00:00.000Z
sensor.corridoio_umidita_2,59.20682099347223,2026-04-15T23:00:00.000Z
sensor.corridoio_umidita_2,58.7,2026-04-16T00:00:00.000Z
sensor.corridoio_umidita_2,58.38531913360605,2026-04-16T03:00:00.000Z
sensor.corridoio_umidita_2,58.264533952166666,2026-04-16T04:00:00.000Z
sensor.corridoio_umidita_2,58.08347540294445,2026-04-16T05:00:00.000Z
sensor.corridoio_umidita_2,58.23868376655556,2026-04-16T06:00:00.000Z
sensor.corridoio_umidita_2,58.07329534227778,2026-04-16T07:00:00.000Z
sensor.corridoio_umidita_2,58.03649078033334,2026-04-16T08:00:00.000Z
sensor.corridoio_umidita_2,57.72195773594444,2026-04-16T09:00:00.000Z
sensor.corridoio_umidita_2,57.68029568186111,2026-04-16T10:00:00.000Z
sensor.corridoio_umidita_2,57.75446362183333,2026-04-16T11:00:00.000Z
sensor.corridoio_umidita_2,57.774835629361114,2026-04-16T12:00:00.000Z
sensor.corridoio_umidita_2,57.82516511013889,2026-04-16T13:00:00.000Z
sensor.corridoio_umidita_2,57.78155787827777,2026-04-16T14:00:00.000Z
sensor.corridoio_umidita_2,57.606727488888886,2026-04-16T15:00:00.000Z
sensor.corridoio_umidita_2,57.56644511661111,2026-04-16T16:00:00.000Z
sensor.corridoio_umidita_2,57.6,2026-04-16T17:00:00.000Z
sensor.corridoio_umidita_2,57.418449357305555,2026-04-16T18:00:00.000Z
sensor.corridoio_umidita_2,57.29999999999999,2026-04-16T19:00:00.000Z
sensor.corridoio_umidita_2,57.4476952485,2026-04-16T20:00:00.000Z
sensor.corridoio_umidita_2,57.9144416358611,2026-04-16T21:00:00.000Z
sensor.corridoio_umidita_2,58.34302491597222,2026-04-16T22:00:00.000Z
sensor.corridoio_umidita_2,58.40029036147222,2026-04-16T23:00:00.000Z
sensor.corridoio_umidita_2,58.24356615488889,2026-04-17T00:00:00.000Z
sensor.corridoio_umidita_2,58.058723416444444,2026-04-17T01:00:00.000Z
sensor.corridoio_umidita_2,57.96644304391666,2026-04-17T02:00:00.000Z
sensor.corridoio_umidita_2,58,2026-04-17T03:00:00.000Z
sensor.corridoio_umidita_2,57.98249735886111,2026-04-17T04:00:00.000Z
sensor.corridoio_umidita_2,58.03453826627777,2026-04-17T05:00:00.000Z
sensor.corridoio_umidita_2,58.58451005436111,2026-04-17T06:00:00.000Z
sensor.corridoio_umidita_2,58.23861546733334,2026-04-17T07:00:00.000Z
sensor.corridoio_umidita_2,57.778063333027774,2026-04-17T08:00:00.000Z
sensor.corridoio_umidita_2,58.16245907588888,2026-04-17T09:00:00.000Z
sensor.corridoio_umidita_2,57.22113323783333,2026-04-17T10:00:00.000Z
sensor.corridoio_umidita_2,56.15757533391667,2026-04-17T11:00:00.000Z
sensor.corridoio_umidita_2,56.654105427611114,2026-04-17T12:00:00.000Z
sensor.corridoio_umidita_2,56.55863993875,2026-04-17T13:00:00.000Z
sensor.corridoio_umidita_2,56.27793881694444,2026-04-17T14:00:00.000Z
sensor.corridoio_umidita_2,56.32694253675,2026-04-17T15:00:00.000Z
sensor.corridoio_umidita_2,56.33906176802778,2026-04-17T16:00:00.000Z
sensor.corridoio_umidita_2,56.284331096277775,2026-04-17T17:00:00.000Z
sensor.corridoio_umidita_2,56.30816415236111,2026-04-17T18:00:00.000Z
sensor.corridoio_umidita_2,56.14261705436112,2026-04-17T19:00:00.000Z
sensor.corridoio_umidita_2,55.91856519594444,2026-04-17T20:00:00.000Z
sensor.corridoio_umidita_2,56.14667545344444,2026-04-17T21:00:00.000Z
sensor.corridoio_umidita_2,56.452844888250006,2026-04-17T22:00:00.000Z
sensor.corridoio_umidita_2,56.18998462652778,2026-04-17T23:00:00.000Z
sensor.corridoio_umidita_2,56.609659452555555,2026-04-18T00:00:00.000Z
sensor.corridoio_umidita_2,56.55805718827778,2026-04-18T01:00:00.000Z
sensor.corridoio_umidita_2,56.92998660722222,2026-04-18T02:00:00.000Z
sensor.corridoio_umidita_2,56.63911730541667,2026-04-18T03:00:00.000Z
sensor.corridoio_umidita_2,56.67699359183334,2026-04-18T04:00:00.000Z
sensor.corridoio_umidita_2,56.73355619191667,2026-04-18T05:00:00.000Z
sensor.corridoio_umidita_2,56.75049943305555,2026-04-18T06:00:00.000Z
sensor.corridoio_umidita_2,56.833054549416666,2026-04-18T07:00:00.000Z
sensor.corridoio_umidita_2,56.88439018369444,2026-04-18T08:00:00.000Z
sensor.corridoio_umidita_2,56.761734903,2026-04-18T09:00:00.000Z
sensor.corridoio_umidita_2,56.824860836277786,2026-04-18T10:00:00.000Z
sensor.corridoio_umidita_2,56.74424909533334,2026-04-18T11:00:00.000Z
sensor.corridoio_umidita_2,56.6,2026-04-18T12:00:00.000Z
sensor.corridoio_umidita_2,56.595489230333335,2026-04-18T13:00:00.000Z
sensor.corridoio_umidita_2,56.60129087341667,2026-04-18T14:00:00.000Z
sensor.corridoio_umidita_2,56.44456537466667,2026-04-18T15:00:00.000Z
sensor.corridoio_umidita_2,56.55152009736111,2026-04-18T16:00:00.000Z
sensor.corridoio_umidita_2,60.497351808833336,2026-04-18T17:00:00.000Z
sensor.corridoio_umidita_2,57.75557022816667,2026-04-18T18:00:00.000Z
sensor.corridoio_umidita_2,56.16847397916666,2026-04-18T19:00:00.000Z
sensor.corridoio_umidita_2,55.568490112194446,2026-04-18T20:00:00.000Z
sensor.corridoio_umidita_2,56.42721241205555,2026-04-18T21:00:00.000Z
sensor.corridoio_umidita_2,56.464538595666674,2026-04-18T22:00:00.000Z
sensor.corridoio_umidita_2,56.033558619194444,2026-04-18T23:00:00.000Z
sensor.corridoio_umidita_2,56.15992332661111,2026-04-19T00:00:00.000Z
sensor.corridoio_umidita_2,56.45765289933333,2026-04-19T01:00:00.000Z
sensor.corridoio_umidita_2,56.715041588944445,2026-04-19T02:00:00.000Z
sensor.corridoio_umidita_2,56.833559636277776,2026-04-19T03:00:00.000Z
sensor.corridoio_umidita_2,56.77317770816666,2026-04-19T04:00:00.000Z
sensor.corridoio_umidita_2,56.70000000000001,2026-04-19T05:00:00.000Z
sensor.corridoio_umidita_2,56.692274255861115,2026-04-19T06:00:00.000Z
sensor.corridoio_umidita_2,56.92516721925,2026-04-19T07:00:00.000Z
sensor.corridoio_umidita_2,56.823500453777775,2026-04-19T08:00:00.000Z
sensor.corridoio_umidita_2,57.14766226738889,2026-04-19T09:00:00.000Z
sensor.corridoio_umidita_2,57.41223421941667,2026-04-19T10:00:00.000Z
sensor.corridoio_umidita_2,57.503594106138884,2026-04-19T11:00:00.000Z
sensor.corridoio_umidita_2,57.613670049388894,2026-04-19T12:00:00.000Z
sensor.corridoio_umidita_2,57.30477814386111,2026-04-19T13:00:00.000Z
sensor.corridoio_umidita_2,57.07049933463889,2026-04-19T14:00:00.000Z
sensor.corridoio_umidita_2,56.670940963499994,2026-04-19T15:00:00.000Z
sensor.corridoio_umidita_2,56.57501311447222,2026-04-19T16:00:00.000Z
sensor.corridoio_umidita_2,61.53242299413889,2026-04-19T17:00:00.000Z
sensor.corridoio_umidita_2,59.501773732416666,2026-04-19T18:00:00.000Z
sensor.corridoio_umidita_2,56.85654596958333,2026-04-19T19:00:00.000Z
sensor.corridoio_umidita_2,56.42768675419444,2026-04-19T20:00:00.000Z
sensor.corridoio_umidita_2,59.17766150111111,2026-04-19T21:00:00.000Z
sensor.corridoio_umidita_2,58.853615738861116,2026-04-19T22:00:00.000Z
sensor.corridoio_umidita_2,58.90472088475,2026-04-19T23:00:00.000Z
sensor.corridoio_umidita_2,59.09228969216667,2026-04-20T00:00:00.000Z
sensor.corridoio_umidita_2,59.352195664805556,2026-04-20T01:00:00.000Z
sensor.corridoio_umidita_2,59.61665062725,2026-04-20T02:00:00.000Z
sensor.corridoio_umidita_2,59.84565810125,2026-04-20T03:00:00.000Z
sensor.corridoio_umidita_2,59.844213769944446,2026-04-20T04:00:00.000Z
sensor.corridoio_umidita_2,59.29428353227778,2026-04-20T05:00:00.000Z
sensor.corridoio_umidita_2,59.00078024661111,2026-04-20T06:00:00.000Z
sensor.corridoio_umidita_2,58.30148657138889,2026-04-20T07:00:00.000Z
sensor.corridoio_umidita_2,57.994693649249996,2026-04-20T08:00:00.000Z
sensor.corridoio_umidita_2,57.81824980161111,2026-04-20T09:00:00.000Z
sensor.corridoio_umidita_2,57.77483887927777,2026-04-20T10:00:00.000Z
sensor.corridoio_umidita_2,57.92727411572222,2026-04-20T11:00:00.000Z
sensor.corridoio_umidita_2,58,2026-04-20T12:00:00.000Z
sensor.corridoio_umidita_2,57.96285703413889,2026-04-20T13:00:00.000Z
sensor.corridoio_umidita_2,57.737333452277774,2026-04-20T14:00:00.000Z
sensor.corridoio_umidita_2,57.40547198436111,2026-04-20T15:00:00.000Z
sensor.corridoio_umidita_2,57.51640387427778,2026-04-20T16:00:00.000Z
sensor.corridoio_umidita_2,57.98469855022222,2026-04-20T17:00:00.000Z
sensor.corridoio_umidita_2,57.76440994119444,2026-04-20T18:00:00.000Z
sensor.corridoio_umidita_2,57.69082574802778,2026-04-20T19:00:00.000Z
sensor.corridoio_umidita_2,57.78132686302778,2026-04-20T20:00:00.000Z
sensor.corridoio_umidita_2,57.17787116625001,2026-04-20T21:00:00.000Z
sensor.corridoio_umidita_2,56.64284188794445,2026-04-20T22:00:00.000Z
sensor.corridoio_umidita_2,56.65553013155556,2026-04-20T23:00:00.000Z
sensor.corridoio_umidita_2,56.71225063041667,2026-04-21T00:00:00.000Z
sensor.corridoio_umidita_2,56.63290277669444,2026-04-21T01:00:00.000Z
sensor.corridoio_umidita_2,56.648990527749994,2026-04-21T02:00:00.000Z
sensor.corridoio_umidita_2,56.91077642647222,2026-04-21T03:00:00.000Z
sensor.corridoio_umidita_2,57.287620593916664,2026-04-21T04:00:00.000Z
sensor.corridoio_umidita_2,57.31128787933333,2026-04-21T05:00:00.000Z
sensor.corridoio_umidita_2,57.56311046830556,2026-04-21T06:00:00.000Z
sensor.corridoio_umidita_2,56.76484357575,2026-04-21T07:00:00.000Z
sensor.corridoio_umidita_2,56.17831429083333,2026-04-21T08:00:00.000Z
sensor.corridoio_umidita_2,55.65047326297222,2026-04-21T09:00:00.000Z
sensor.corridoio_umidita_2,55.947354047194445,2026-04-21T10:00:00.000Z
sensor.corridoio_umidita_2,55.799312049777775,2026-04-21T11:00:00.000Z
sensor.corridoio_umidita_2,55.45798691661111,2026-04-21T12:00:00.000Z
sensor.corridoio_umidita_2,54.89843748516666,2026-04-21T13:00:00.000Z
sensor.corridoio_umidita_2,54.72517456588889,2026-04-21T14:00:00.000Z
sensor.corridoio_umidita_2,54.73901782683333,2026-04-21T15:00:00.000Z
sensor.corridoio_umidita_2,54.7135576075,2026-04-21T16:00:00.000Z
sensor.corridoio_umidita_2,54.73678536197222,2026-04-21T17:00:00.000Z
sensor.corridoio_umidita_2,54.321325363388894,2026-04-21T18:00:00.000Z
sensor.corridoio_umidita_2,54.33404019538889,2026-04-21T19:00:00.000Z
sensor.corridoio_umidita_2,53.87499076594444,2026-04-21T20:00:00.000Z
sensor.corridoio_umidita_2,53.53854663266667,2026-04-21T21:00:00.000Z
sensor.corridoio_umidita_2,53.34550771916667,2026-04-21T22:00:00.000Z
sensor.corridoio_umidita_2,53.91035840738889,2026-04-21T23:00:00.000Z
sensor.corridoio_umidita_2,54.23355715883333,2026-04-22T00:00:00.000Z
sensor.corridoio_umidita_2,54.29757773591666,2026-04-22T01:00:00.000Z
sensor.corridoio_umidita_2,54.60455338819444,2026-04-22T02:00:00.000Z
sensor.corridoio_umidita_2,54.63999905977778,2026-04-22T03:00:00.000Z
sensor.corridoio_umidita_2,54.79816029255556,2026-04-22T04:00:00.000Z
sensor.corridoio_umidita_2,54.28527952233333,2026-04-22T05:00:00.000Z
sensor.corridoio_umidita_2,53.902156508055555,2026-04-22T06:00:00.000Z
sensor.corridoio_umidita_2,53.24141010436111,2026-04-22T07:00:00.000Z
sensor.corridoio_umidita_2,52.39025701966667,2026-04-22T08:00:00.000Z
sensor.corridoio_umidita_2,51.57908112602778,2026-04-22T09:00:00.000Z
sensor.corridoio_umidita_2,51.08566750875,2026-04-22T10:00:00.000Z
sensor.corridoio_umidita_2,50.75549529777778,2026-04-22T11:00:00.000Z
sensor.corridoio_umidita_2,50.375491230166666,2026-04-22T12:00:00.000Z
sensor.corridoio_umidita_2,50.1045040981389,2026-04-22T13:00:00.000Z
sensor.corridoio_umidita_2,49.832944497,2026-04-22T14:00:00.000Z
sensor.corridoio_umidita_2,49.70350460166667,2026-04-22T15:00:00.000Z
sensor.corridoio_umidita_2,49.91743307033334,2026-04-22T16:00:00.000Z
sensor.corridoio_umidita_2,49.754753560750004,2026-04-22T17:00:00.000Z
sensor.corridoio_umidita_2,49.70653053375,2026-04-22T18:00:00.000Z
sensor.corridoio_umidita_2,49.90786714236111,2026-04-22T19:00:00.000Z
sensor.corridoio_umidita_2,49.88273085883333,2026-04-22T20:00:00.000Z
sensor.corridoio_umidita_2,50.735253368277775,2026-04-22T21:00:00.000Z
sensor.corridoio_umidita_2,52.00921283211111,2026-04-22T22:00:00.000Z
sensor.corridoio_umidita_2,51.89954340305555,2026-04-22T23:00:00.000Z
sensor.corridoio_umidita_2,51.9,2026-04-23T00:00:00.000Z
sensor.corridoio_umidita_2,51.97185318736111,2026-04-23T01:00:00.000Z
sensor.corridoio_umidita_2,51.88074497858333,2026-04-23T02:00:00.000Z
sensor.corridoio_umidita_2,51.90327567180555,2026-04-23T03:00:00.000Z
sensor.corridoio_umidita_2,51.548975890083334,2026-04-23T04:00:00.000Z
sensor.corridoio_umidita_2,51.094914719916666,2026-04-23T05:00:00.000Z
sensor.corridoio_umidita_2,51.07919979425,2026-04-23T06:00:00.000Z
sensor.corridoio_umidita_2,51.18306489613889,2026-04-23T07:00:00.000Z
sensor.corridoio_umidita_2,50.88060960752778,2026-04-23T08:00:00.000Z
sensor.corridoio_umidita_2,50.412153929944445,2026-04-23T09:00:00.000Z
sensor.corridoio_umidita_2,49.53415503302778,2026-04-23T10:00:00.000Z
sensor.corridoio_umidita_2,49.451617802138884,2026-04-23T11:00:00.000Z
sensor.corridoio_umidita_2,49.66917757916667,2026-04-23T12:00:00.000Z
sensor.corridoio_umidita_2,49.682922594,2026-04-23T13:00:00.000Z
sensor.corridoio_umidita_2,49.26600506788889,2026-04-23T14:00:00.000Z
sensor.corridoio_umidita_2,48.70210305011111,2026-04-23T15:00:00.000Z
sensor.corridoio_umidita_2,48.52252855202778,2026-04-23T16:00:00.000Z
sensor.corridoio_umidita_2,48.49949017308333,2026-04-23T17:00:00.000Z
sensor.corridoio_umidita_2,48.11248440111111,2026-04-23T18:00:00.000Z
sensor.corridoio_umidita_2,48.756304912500006,2026-04-23T19:00:00.000Z
sensor.corridoio_umidita_2,48.60178590258334,2026-04-23T20:00:00.000Z
sensor.corridoio_umidita_2,49.019360401722224,2026-04-23T21:00:00.000Z
sensor.corridoio_umidita_2,49.411973544111106,2026-04-23T22:00:00.000Z
sensor.corridoio_umidita_2,50.045350370111116,2026-04-23T23:00:00.000Z
sensor.corridoio_umidita_2,50.908301707499994,2026-04-24T00:00:00.000Z
sensor.corridoio_umidita_2,51.68526300719444,2026-04-24T01:00:00.000Z
sensor.corridoio_umidita_2,52.22917597986111,2026-04-24T02:00:00.000Z
sensor.corridoio_umidita_2,52.456797888194444,2026-04-24T03:00:00.000Z
sensor.corridoio_umidita_2,52.27273354522222,2026-04-24T04:00:00.000Z
sensor.corridoio_umidita_2,52.14909597911111,2026-04-24T05:00:00.000Z
sensor.corridoio_umidita_2,52.15086506261111,2026-04-24T06:00:00.000Z
sensor.corridoio_umidita_2,51.808912174527784,2026-04-24T07:00:00.000Z
sensor.corridoio_umidita_2,51.64340420325001,2026-04-24T08:00:00.000Z
sensor.corridoio_umidita_2,51.32615860105556,2026-04-24T09:00:00.000Z
sensor.corridoio_umidita_2,51.19395474797222,2026-04-24T10:00:00.000Z
sensor.corridoio_umidita_2,51.235880462694446,2026-04-24T11:00:00.000Z
sensor.corridoio_umidita_2,51.02977637577778,2026-04-24T12:00:00.000Z
sensor.corridoio_umidita_2,50.518575386638894,2026-04-24T13:00:00.000Z
sensor.corridoio_umidita_2,49.44328916752778,2026-04-24T14:00:00.000Z
sensor.corridoio_umidita_2,48.572752527,2026-04-24T15:00:00.000Z
sensor.corridoio_umidita_2,47.77602439183334,2026-04-24T16:00:00.000Z
sensor.corridoio_umidita_2,47.93388128975,2026-04-24T17:00:00.000Z
sensor.corridoio_umidita_2,48.816180124111106,2026-04-24T18:00:00.000Z
sensor.corridoio_umidita_2,48.70302491858333,2026-04-24T19:00:00.000Z
sensor.corridoio_umidita_2,48.31764164697222,2026-04-24T20:00:00.000Z
sensor.corridoio_umidita_2,52.72081119069444,2026-04-24T21:00:00.000Z
sensor.corridoio_umidita_2,51.11018706552778,2026-04-24T22:00:00.000Z
sensor.corridoio_umidita_2,50.64015451594444,2026-04-24T23:00:00.000Z
sensor.corridoio_umidita_2,50.75948841316667,2026-04-25T00:00:00.000Z
sensor.corridoio_umidita_2,50.464550236388895,2026-04-25T01:00:00.000Z
sensor.corridoio_umidita_2,50.058170897972225,2026-04-25T02:00:00.000Z
sensor.corridoio_umidita_2,49.922262970055556,2026-04-25T03:00:00.000Z
sensor.corridoio_umidita_2,50.05026769752778,2026-04-25T04:00:00.000Z
sensor.corridoio_umidita_2,49.882092732,2026-04-25T05:00:00.000Z
sensor.corridoio_umidita_2,49.770532278833336,2026-04-25T06:00:00.000Z
sensor.corridoio_umidita_2,49.99077383455556,2026-04-25T07:00:00.000Z
sensor.corridoio_umidita_2,50.220261362916666,2026-04-25T08:00:00.000Z
sensor.corridoio_umidita_2,50.136396443027785,2026-04-25T09:00:00.000Z
sensor.corridoio_umidita_2,49.7348241095,2026-04-25T10:00:00.000Z
sensor.corridoio_umidita_2,49.523188087638886,2026-04-25T11:00:00.000Z
sensor.corridoio_umidita_2,49.44093724241667,2026-04-25T12:00:00.000Z
sensor.corridoio_umidita_2,53.09145368988889,2026-04-25T13:00:00.000Z
sensor.corridoio_umidita_2,50.43921656147222,2026-04-25T14:00:00.000Z
sensor.corridoio_umidita_2,49.79174171677778,2026-04-25T15:00:00.000Z
sensor.corridoio_umidita_2,49.166026415138894,2026-04-25T16:00:00.000Z
sensor.corridoio_umidita_2,48.741195834555555,2026-04-25T17:00:00.000Z
sensor.corridoio_umidita_2,48.53352630994445,2026-04-25T18:00:00.000Z
sensor.corridoio_umidita_2,48.372979937111104,2026-04-25T19:00:00.000Z
sensor.corridoio_umidita_2,50.349872428333335,2026-04-25T20:00:00.000Z
sensor.corridoio_umidita_2,51.90017351236111,2026-04-25T21:00:00.000Z
sensor.corridoio_umidita_2,52.67910837155555,2026-04-25T22:00:00.000Z
sensor.corridoio_umidita_2,52.450892474583334,2026-04-25T23:00:00.000Z
sensor.corridoio_umidita_2,52.14440117658334,2026-04-26T00:00:00.000Z
sensor.corridoio_umidita_2,52.262683394111114,2026-04-26T01:00:00.000Z
sensor.corridoio_umidita_2,52.50812609919444,2026-04-26T02:00:00.000Z
sensor.corridoio_umidita_2,52.89264404794444,2026-04-26T03:00:00.000Z
sensor.corridoio_umidita_2,53.060137151444444,2026-04-26T04:00:00.000Z
sensor.corridoio_umidita_2,53.45074795722223,2026-04-26T05:00:00.000Z
sensor.corridoio_umidita_2,53.45027148208334,2026-04-26T06:00:00.000Z
sensor.corridoio_umidita_2,53.05340615691667,2026-04-26T07:00:00.000Z
sensor.corridoio_umidita_2,53.1702575645,2026-04-26T08:00:00.000Z
sensor.corridoio_umidita_2,53.16178756125,2026-04-26T09:00:00.000Z
sensor.corridoio_umidita_2,53.13660139913889,2026-04-26T10:00:00.000Z
sensor.corridoio_umidita_2,53.380616491944444,2026-04-26T11:00:00.000Z
sensor.corridoio_umidita_2,53.489563359777776,2026-04-26T12:00:00.000Z
sensor.corridoio_umidita_2,53.754455677,2026-04-26T13:00:00.000Z
sensor.corridoio_umidita_2,53.67163420933334,2026-04-26T14:00:00.000Z
sensor.corridoio_umidita_2,53.139323994416664,2026-04-26T15:00:00.000Z
sensor.corridoio_umidita_2,52.52708890922222,2026-04-26T16:00:00.000Z
sensor.corridoio_umidita_2,52.23549688833333,2026-04-26T17:00:00.000Z
sensor.corridoio_umidita_2,51.864796959694445,2026-04-26T18:00:00.000Z
sensor.corridoio_umidita_2,51.96948377375,2026-04-26T19:00:00.000Z
sensor.corridoio_umidita_2,52.69110533438889,2026-04-26T20:00:00.000Z
sensor.corridoio_umidita_2,52.58315165855556,2026-04-26T21:00:00.000Z
sensor.corridoio_umidita_2,53.048787908722225,2026-04-26T22:00:00.000Z
sensor.corridoio_umidita_2,53.593143493722216,2026-04-26T23:00:00.000Z
sensor.corridoio_umidita_2,54.48114154430556,2026-04-27T00:00:00.000Z
sensor.corridoio_umidita_2,54.96503045136111,2026-04-27T01:00:00.000Z
sensor.corridoio_umidita_2,55.378373608333334,2026-04-27T02:00:00.000Z
sensor.corridoio_umidita_2,55.466501964972224,2026-04-27T03:00:00.000Z
sensor.corridoio_umidita_2,55.37722736297223,2026-04-27T04:00:00.000Z
sensor.corridoio_umidita_2,55.14138432988889,2026-04-27T05:00:00.000Z
sensor.corridoio_umidita_2,55.01034820852777,2026-04-27T06:00:00.000Z
sensor.corridoio_umidita_2,54.55951060297222,2026-04-27T07:00:00.000Z
sensor.corridoio_umidita_2,53.96790405327778,2026-04-27T08:00:00.000Z
sensor.corridoio_umidita_2,53.48366136761111,2026-04-27T09:00:00.000Z
sensor.corridoio_umidita_2,53.63121051533333,2026-04-27T10:00:00.000Z
sensor.corridoio_umidita_2,53.438161547861114,2026-04-27T11:00:00.000Z
sensor.corridoio_umidita_2,53.29999999999999,2026-04-27T12:00:00.000Z
sensor.corridoio_umidita_2,53.407271843055554,2026-04-27T13:00:00.000Z
sensor.corridoio_umidita_2,53.55080224775,2026-04-27T14:00:00.000Z
sensor.corridoio_umidita_2,53.15794490561111,2026-04-27T15:00:00.000Z
sensor.corridoio_umidita_2,53.43447602530555,2026-04-27T16:00:00.000Z
sensor.corridoio_umidita_2,53.784679301333334,2026-04-27T17:00:00.000Z
sensor.corridoio_umidita_2,53.59310964377778,2026-04-27T18:00:00.000Z
sensor.corridoio_umidita_2,53.148356850166664,2026-04-27T19:00:00.000Z
sensor.corridoio_umidita_2,53.38264221480555,2026-04-27T20:00:00.000Z
sensor.corridoio_umidita_2,53.76247610122223,2026-04-27T21:00:00.000Z
sensor.corridoio_umidita_2,53.694702169500005,2026-04-27T22:00:00.000Z
sensor.corridoio_umidita_2,53.527255856277776,2026-04-27T23:00:00.000Z
sensor.corridoio_umidita_2,54.098532667305555,2026-04-28T00:00:00.000Z
sensor.corridoio_umidita_2,54.61268189952778,2026-04-28T01:00:00.000Z
sensor.corridoio_umidita_2,54.995868946305556,2026-04-28T02:00:00.000Z
sensor.corridoio_umidita_2,55.40943827391666,2026-04-28T03:00:00.000Z
sensor.corridoio_umidita_2,55.798843851305556,2026-04-28T04:00:00.000Z
sensor.corridoio_umidita_2,56.009552831777775,2026-04-28T05:00:00.000Z
sensor.corridoio_umidita_2,55.56469850561111,2026-04-28T06:00:00.000Z
sensor.corridoio_umidita_2,55.694706391000004,2026-04-28T07:00:00.000Z
sensor.corridoio_umidita_2,55.12331385744445,2026-04-28T08:00:00.000Z
sensor.corridoio_umidita_2,54.33175468763889,2026-04-28T09:00:00.000Z
sensor.corridoio_umidita_2,53.81297866952778,2026-04-28T10:00:00.000Z
sensor.corridoio_umidita_2,53.987032035,2026-04-28T11:00:00.000Z
sensor.corridoio_umidita_2,52.73837845008333,2026-04-28T12:00:00.000Z
sensor.corridoio_umidita_2,52.811066189416664,2026-04-28T13:00:00.000Z
sensor.corridoio_umidita_2,52.822433141333335,2026-04-28T14:00:00.000Z
sensor.corridoio_umidita_2,52.625859264333336,2026-04-28T15:00:00.000Z
sensor.corridoio_umidita_2,52.38213398552778,2026-04-28T16:00:00.000Z
sensor.corridoio_umidita_2,52.13965015544445,2026-04-28T17:00:00.000Z
sensor.corridoio_umidita_2,52.124775459,2026-04-28T18:00:00.000Z
sensor.corridoio_umidita_2,52.47281476947222,2026-04-28T19:00:00.000Z
sensor.corridoio_umidita_2,52.96324341386111,2026-04-28T20:00:00.000Z
sensor.corridoio_umidita_2,53.27338937011111,2026-04-28T21:00:00.000Z
sensor.corridoio_umidita_2,54.074968435555554,2026-04-28T22:00:00.000Z
sensor.corridoio_umidita_2,55.31975940644444,2026-04-28T23:00:00.000Z
sensor.corridoio_umidita_2,56.22942579222222,2026-04-29T00:00:00.000Z
sensor.corridoio_umidita_2,56.783358916,2026-04-29T01:00:00.000Z
sensor.corridoio_umidita_2,57.27955172116666,2026-04-29T02:00:00.000Z
sensor.corridoio_umidita_2,57.435568580638886,2026-04-29T03:00:00.000Z
sensor.corridoio_umidita_2,57.67486754041667,2026-04-29T04:00:00.000Z
sensor.corridoio_umidita_2,57.70000000000001,2026-04-29T05:00:00.000Z
sensor.corridoio_umidita_2,57.80358501488889,2026-04-29T06:00:00.000Z
sensor.corridoio_umidita_2,57.39650077375,2026-04-29T07:00:00.000Z
sensor.corridoio_umidita_2,56.87014692302778,2026-04-29T08:00:00.000Z
sensor.corridoio_umidita_2,56.42457018075,2026-04-29T09:00:00.000Z
sensor.corridoio_umidita_2,56.19160934019445,2026-04-29T10:00:00.000Z
sensor.corridoio_umidita_2,56.11737910022222,2026-04-29T11:00:00.000Z
sensor.corridoio_umidita_2,55.994598298805556,2026-04-29T12:00:00.000Z
sensor.corridoio_umidita_2,55.75627723308333,2026-04-29T13:00:00.000Z
sensor.corridoio_umidita_2,55.419005314972225,2026-04-29T14:00:00.000Z
sensor.corridoio_umidita_2,55.16158051836111,2026-04-29T15:00:00.000Z
sensor.corridoio_umidita_2,55.29285169561111,2026-04-29T16:00:00.000Z
sensor.corridoio_umidita_2,55.29999999999999,2026-04-29T17:00:00.000Z
sensor.corridoio_umidita_2,55.325170938722216,2026-04-29T18:00:00.000Z
sensor.corridoio_umidita_2,56.049152842055555,2026-04-29T19:00:00.000Z
sensor.corridoio_umidita_2,56.085066876666666,2026-04-29T20:00:00.000Z
sensor.corridoio_umidita_2,55.90881311380556,2026-04-29T21:00:00.000Z
sensor.corridoio_umidita_2,55.42877368611111,2026-04-29T22:00:00.000Z
sensor.corridoio_umidita_2,54.99905036463889,2026-04-29T23:00:00.000Z
sensor.corridoio_umidita_2,54.74137494725,2026-04-30T00:00:00.000Z
sensor.corridoio_umidita_2,55.05393252994444,2026-04-30T01:00:00.000Z
sensor.corridoio_umidita_2,55.39709709183333,2026-04-30T02:00:00.000Z
sensor.corridoio_umidita_2,55.6545907915,2026-04-30T03:00:00.000Z
sensor.corridoio_umidita_2,55.67482305083334,2026-04-30T04:00:00.000Z
sensor.corridoio_umidita_2,55.6700491915,2026-04-30T05:00:00.000Z
sensor.corridoio_umidita_2,55.04700783616667,2026-04-30T06:00:00.000Z
sensor.corridoio_umidita_2,54.07574949219444,2026-04-30T07:00:00.000Z
sensor.corridoio_umidita_2,52.819865359472224,2026-04-30T08:00:00.000Z
sensor.corridoio_umidita_2,51.55827630688889,2026-04-30T09:00:00.000Z
sensor.corridoio_umidita_2,50.28019590366667,2026-04-30T10:00:00.000Z
sensor.corridoio_umidita_2,49.177081712138886,2026-04-30T11:00:00.000Z
sensor.corridoio_umidita_2,48.73242486494444,2026-04-30T12:00:00.000Z
sensor.corridoio_umidita_2,48.742008843777775,2026-04-30T13:00:00.000Z
sensor.corridoio_umidita_2,48.32275861261112,2026-04-30T14:00:00.000Z
sensor.corridoio_umidita_2,48.74895436144445,2026-04-30T15:00:00.000Z
sensor.corridoio_umidita_2,48.85243839158333,2026-04-30T16:00:00.000Z
sensor.corridoio_umidita_2,48.68585327369445,2026-04-30T17:00:00.000Z
sensor.corridoio_umidita_2,48.46399513294444,2026-04-30T18:00:00.000Z
sensor.corridoio_umidita_2,48.964407317888885,2026-04-30T19:00:00.000Z
sensor.corridoio_umidita_2,51.762164382277774,2026-04-30T20:00:00.000Z
sensor.corridoio_umidita_2,54.19458433461111,2026-04-30T21:00:00.000Z
sensor.corridoio_umidita_2,51.89243420733334,2026-04-30T22:00:00.000Z
sensor.corridoio_umidita_2,51.03041626075,2026-04-30T23:00:00.000Z
sensor.corridoio_umidita_2,50.69658198441667,2026-05-01T00:00:00.000Z
sensor.corridoio_umidita_2,50.326789737333335,2026-05-01T01:00:00.000Z
sensor.corridoio_umidita_2,49.604213185583326,2026-05-01T02:00:00.000Z
sensor.corridoio_umidita_2,49.32636219658334,2026-05-01T03:00:00.000Z
sensor.corridoio_umidita_2,48.836437792,2026-05-01T04:00:00.000Z
sensor.corridoio_umidita_2,48.45918650755556,2026-05-01T05:00:00.000Z
sensor.corridoio_umidita_2,48.286399581194445,2026-05-01T06:00:00.000Z
sensor.corridoio_umidita_2,48.090153368888885,2026-05-01T07:00:00.000Z
sensor.corridoio_umidita_2,47.66267587602778,2026-05-01T08:00:00.000Z
sensor.corridoio_umidita_2,48.213921722472215,2026-05-01T09:00:00.000Z
sensor.corridoio_umidita_2,49.039386715055564,2026-05-01T10:00:00.000Z
sensor.corridoio_umidita_2,49.381575086111106,2026-05-01T11:00:00.000Z
sensor.corridoio_umidita_2,49.042137338222226,2026-05-01T12:00:00.000Z
sensor.corridoio_umidita_2,48.22832819738889,2026-05-01T13:00:00.000Z
sensor.corridoio_umidita_2,46.001012293777784,2026-05-01T14:00:00.000Z
sensor.corridoio_umidita_2,45.45741326783334,2026-05-01T15:00:00.000Z
sensor.corridoio_umidita_2,45.41675135319445,2026-05-01T16:00:00.000Z
sensor.corridoio_umidita_2,46.744568748805555,2026-05-01T17:00:00.000Z
sensor.corridoio_umidita_2,47.50440918775001,2026-05-01T18:00:00.000Z
sensor.corridoio_umidita_2,46.518956981222225,2026-05-01T19:00:00.000Z
sensor.corridoio_umidita_2,46.519817370472225,2026-05-01T20:00:00.000Z
sensor.corridoio_umidita_2,46.511246102916665,2026-05-01T21:00:00.000Z
sensor.corridoio_umidita_2,46.918422619055555,2026-05-01T22:00:00.000Z
sensor.corridoio_umidita_2,47.04600389797222,2026-05-01T23:00:00.000Z
sensor.corridoio_umidita_2,47.19082917819444,2026-05-02T00:00:00.000Z
sensor.corridoio_umidita_2,47.29999999999999,2026-05-02T01:00:00.000Z
sensor.corridoio_umidita_2,47.32517450894445,2026-05-02T02:00:00.000Z
sensor.corridoio_umidita_2,47.46413486775,2026-05-02T03:00:00.000Z
sensor.corridoio_umidita_2,47.617720045611115,2026-05-02T04:00:00.000Z
sensor.corridoio_umidita_2,47.82641519825,2026-05-02T05:00:00.000Z
sensor.corridoio_umidita_2,47.99121891572222,2026-05-02T06:00:00.000Z
sensor.corridoio_umidita_2,48.25769756294445,2026-05-02T07:00:00.000Z
sensor.corridoio_umidita_2,48.30673080686111,2026-05-02T08:00:00.000Z
sensor.corridoio_umidita_2,48.31232187902777,2026-05-02T09:00:00.000Z
sensor.corridoio_umidita_2,47.541629022861116,2026-05-02T10:00:00.000Z
sensor.corridoio_umidita_2,47.61133843108333,2026-05-02T11:00:00.000Z
sensor.corridoio_umidita_2,47.61044265858334,2026-05-02T12:00:00.000Z
sensor.corridoio_umidita_2,47.80850539188889,2026-05-02T13:00:00.000Z
sensor.corridoio_umidita_2,47.928752501194445,2026-05-02T14:00:00.000Z
sensor.corridoio_umidita_2,47.477748715472224,2026-05-02T15:00:00.000Z
sensor.corridoio_umidita_2,46.51523522058333,2026-05-02T16:00:00.000Z
sensor.corridoio_umidita_2,46.018329826055556,2026-05-02T17:00:00.000Z
sensor.corridoio_umidita_2,45.54703920447222,2026-05-02T18:00:00.000Z
sensor.corridoio_umidita_2,45.49143882102778,2026-05-02T19:00:00.000Z
sensor.corridoio_umidita_2,46.021275427805556,2026-05-02T20:00:00.000Z
sensor.corridoio_umidita_2,46.62383238722222,2026-05-02T21:00:00.000Z
sensor.corridoio_umidita_2,47.18269374086111,2026-05-02T22:00:00.000Z
sensor.corridoio_umidita_2,47.32516834891666,2026-05-02T23:00:00.000Z
sensor.corridoio_umidita_2,47.556830361416665,2026-05-03T00:00:00.000Z
sensor.corridoio_umidita_2,48.43096524697222,2026-05-03T01:00:00.000Z
sensor.corridoio_umidita_2,49.12876004602777,2026-05-03T02:00:00.000Z
sensor.corridoio_umidita_2,49.77968927811111,2026-05-03T03:00:00.000Z
sensor.corridoio_umidita_2,50.052926175416665,2026-05-03T04:00:00.000Z
sensor.corridoio_umidita_2,50.20454813077777,2026-05-03T05:00:00.000Z
sensor.corridoio_umidita_2,50.170230761,2026-05-03T06:00:00.000Z
sensor.corridoio_umidita_2,49.63591554752778,2026-05-03T07:00:00.000Z
sensor.corridoio_umidita_2,49.566903343916664,2026-05-03T08:00:00.000Z
sensor.corridoio_umidita_2,49.46712938611111,2026-05-03T09:00:00.000Z
sensor.corridoio_umidita_2,48.887025368083336,2026-05-03T10:00:00.000Z
sensor.corridoio_umidita_2,48.87550622061111,2026-05-03T11:00:00.000Z
sensor.corridoio_umidita_2,48.403541222166666,2026-05-03T12:00:00.000Z
sensor.corridoio_umidita_2,47.92167370777778,2026-05-03T13:00:00.000Z
sensor.corridoio_umidita_2,47.61141543577778,2026-05-03T14:00:00.000Z
sensor.corridoio_umidita_2,47.4409156485,2026-05-03T15:00:00.000Z
sensor.corridoio_umidita_2,47.18587753011111,2026-05-03T16:00:00.000Z
sensor.corridoio_umidita_2,46.826640721888886,2026-05-03T17:00:00.000Z
sensor.corridoio_umidita_2,47.13984836925,2026-05-03T18:00:00.000Z
sensor.corridoio_umidita_2,47.30464082933333,2026-05-03T19:00:00.000Z
sensor.corridoio_umidita_2,47.15966503433333,2026-05-03T20:00:00.000Z
sensor.corridoio_umidita_2,47.600967727694446,2026-05-03T21:00:00.000Z
sensor.corridoio_umidita_2,47.17539913172222,2026-05-03T22:00:00.000Z
sensor.corridoio_umidita_2,47.330586722944446,2026-05-03T23:00:00.000Z
sensor.corridoio_umidita_2,47.60597858858333,2026-05-04T00:00:00.000Z
sensor.corridoio_umidita_2,47.78811558761111,2026-05-04T01:00:00.000Z
sensor.corridoio_umidita_2,48.04287462122222,2026-05-04T02:00:00.000Z
sensor.corridoio_umidita_2,48.582772016722224,2026-05-04T03:00:00.000Z
sensor.corridoio_umidita_2,48.77482940038889,2026-05-04T04:00:00.000Z
sensor.corridoio_umidita_2,48.879364990166664,2026-05-04T05:00:00.000Z
sensor.corridoio_umidita_2,49.121317666083335,2026-05-04T06:00:00.000Z
sensor.corridoio_umidita_2,48.68814912588889,2026-05-04T07:00:00.000Z
sensor.corridoio_umidita_2,47.826816113916664,2026-05-04T08:00:00.000Z
sensor.corridoio_umidita_2,47.57129805480556,2026-05-04T09:00:00.000Z
sensor.corridoio_umidita_2,47.65261525083334,2026-05-04T10:00:00.000Z
sensor.corridoio_umidita_2,47.38014550525,2026-05-04T11:00:00.000Z
sensor.corridoio_umidita_2,47.308620797416665,2026-05-04T12:00:00.000Z
sensor.corridoio_umidita_2,47.242380536527776,2026-05-04T13:00:00.000Z
sensor.corridoio_umidita_2,47.20000000000001,2026-05-04T14:00:00.000Z
sensor.corridoio_umidita_2,47.137720659416665,2026-05-04T15:00:00.000Z
sensor.corridoio_umidita_2,46.985529978833334,2026-05-04T16:00:00.000Z
sensor.corridoio_umidita_2,47.21308908166667,2026-05-04T17:00:00.000Z
sensor.corridoio_umidita_2,47.304047014388885,2026-05-04T18:00:00.000Z
sensor.corridoio_umidita_2,47.80402206327778,2026-05-04T19:00:00.000Z
sensor.corridoio_umidita_2,48.25113502155556,2026-05-04T20:00:00.000Z
sensor.corridoio_umidita_2,47.84133214027778,2026-05-04T21:00:00.000Z
sensor.corridoio_umidita_2,47.45439031772222,2026-05-04T22:00:00.000Z
sensor.corridoio_umidita_2,47.24128495694445,2026-05-04T23:00:00.000Z
sensor.corridoio_umidita_2,47.469239105583334,2026-05-05T00:00:00.000Z
sensor.corridoio_umidita_2,47.933139585750006,2026-05-05T01:00:00.000Z
sensor.corridoio_umidita_2,48.197742993944445,2026-05-05T02:00:00.000Z
sensor.corridoio_umidita_2,48.531005428444445,2026-05-05T03:00:00.000Z
sensor.corridoio_umidita_2,48.67330341741667,2026-05-05T04:00:00.000Z
sensor.corridoio_umidita_2,48.74476020144445,2026-05-05T05:00:00.000Z
sensor.corridoio_umidita_2,49.23167944936111,2026-05-05T06:00:00.000Z
sensor.corridoio_umidita_2,49.82757005194444,2026-05-05T07:00:00.000Z
sensor.corridoio_umidita_2,50.4002038365,2026-05-05T08:00:00.000Z
sensor.corridoio_umidita_2,50.810479733305556,2026-05-05T09:00:00.000Z
sensor.corridoio_umidita_2,52.259152746888894,2026-05-05T10:00:00.000Z
sensor.corridoio_umidita_2,53.2280317585,2026-05-05T11:00:00.000Z
sensor.corridoio_umidita_2,52.96106124483333,2026-05-05T12:00:00.000Z
sensor.corridoio_umidita_2,53.22634314086111,2026-05-05T13:00:00.000Z
sensor.corridoio_umidita_2,53.28381740230555,2026-05-05T14:00:00.000Z
sensor.corridoio_umidita_2,53.47417204541667,2026-05-05T15:00:00.000Z
sensor.corridoio_umidita_2,53.732915047472225,2026-05-05T16:00:00.000Z
sensor.corridoio_umidita_2,53.868686145944444,2026-05-05T17:00:00.000Z
sensor.corridoio_umidita_2,53.976645853916665,2026-05-05T18:00:00.000Z
sensor.corridoio_umidita_2,54.88483826888889,2026-05-05T19:00:00.000Z
sensor.corridoio_umidita_2,55.26569750744445,2026-05-05T20:00:00.000Z
sensor.corridoio_umidita_2,56.035143034250005,2026-05-05T21:00:00.000Z
sensor.corridoio_umidita_2,55.633962937444444,2026-05-05T22:00:00.000Z
sensor.corridoio_umidita_2,55.56146428325,2026-05-05T23:00:00.000Z
sensor.corridoio_umidita_2,55.784926912277776,2026-05-06T00:00:00.000Z
sensor.corridoio_umidita_2,55.922940072138886,2026-05-06T01:00:00.000Z
sensor.corridoio_umidita_2,55.9,2026-05-06T02:00:00.000Z
sensor.corridoio_umidita_2,55.9,2026-05-06T03:00:00.000Z
sensor.corridoio_umidita_2,55.87535818972222,2026-05-06T04:00:00.000Z
sensor.corridoio_umidita_2,55.91625110944444,2026-05-06T05:00:00.000Z
sensor.corridoio_umidita_2,56.228364432388894,2026-05-06T06:00:00.000Z
sensor.corridoio_umidita_2,56.32760031080556,2026-05-06T07:00:00.000Z
sensor.corridoio_umidita_2,56.03534755916667,2026-05-06T08:00:00.000Z
sensor.corridoio_umidita_2,56.04499490461111,2026-05-06T09:00:00.000Z
sensor.corridoio_umidita_2,56.112841845194446,2026-05-06T10:00:00.000Z
sensor.corridoio_umidita_2,56.40403877552777,2026-05-06T11:00:00.000Z
sensor.corridoio_umidita_2,56.4027744895,2026-05-06T12:00:00.000Z
sensor.corridoio_umidita_2,56.717910933055556,2026-05-06T13:00:00.000Z
sensor.corridoio_umidita_2,57.04539596511111,2026-05-06T14:00:00.000Z
sensor.corridoio_umidita_2,57.12660359433334,2026-05-06T15:00:00.000Z
sensor.corridoio_umidita_2,57.84535939777778,2026-05-06T16:00:00.000Z
sensor.corridoio_umidita_2,57.30980317391666,2026-05-06T17:00:00.000Z
sensor.corridoio_umidita_2,56.778009427,2026-05-06T18:00:00.000Z
sensor.corridoio_umidita_2,56.56121296383333,2026-05-06T19:00:00.000Z
sensor.corridoio_umidita_2,56.42192605052778,2026-05-06T20:00:00.000Z
sensor.corridoio_umidita_2,55.952173509472225,2026-05-06T21:00:00.000Z
sensor.corridoio_umidita_2,55.83352563719444,2026-05-06T22:00:00.000Z
sensor.corridoio_umidita_2,55.699664567305554,2026-05-06T23:00:00.000Z
sensor.corridoio_umidita_2,55.56307937091666,2026-05-07T00:00:00.000Z
sensor.corridoio_umidita_2,55.60606318833334,2026-05-07T01:00:00.000Z
sensor.corridoio_umidita_2,55.84869069841667,2026-05-07T02:00:00.000Z
sensor.corridoio_umidita_2,56.06710970697222,2026-05-07T03:00:00.000Z
sensor.corridoio_umidita_2,56,2026-05-07T04:00:00.000Z
sensor.corridoio_umidita_2,55.974827661,2026-05-07T05:00:00.000Z
sensor.corridoio_umidita_2,56.158761604333336,2026-05-07T06:00:00.000Z
sensor.corridoio_umidita_2,56.14064450922223,2026-05-07T07:00:00.000Z
sensor.corridoio_umidita_2,56.00260901955556,2026-05-07T08:00:00.000Z
sensor.corridoio_umidita_2,56,2026-05-07T09:00:00.000Z
sensor.corridoio_umidita_2,56,2026-05-07T10:00:00.000Z
sensor.corridoio_umidita_2,55.415744716861106,2026-05-07T11:00:00.000Z
sensor.corridoio_umidita_2,55.19421150661111,2026-05-07T12:00:00.000Z
sensor.corridoio_umidita_2,55.0272545425,2026-05-07T13:00:00.000Z
sensor.corridoio_umidita_2,54.49894683916667,2026-05-07T14:00:00.000Z
sensor.corridoio_umidita_2,54.32287843280556,2026-05-07T15:00:00.000Z
sensor.corridoio_umidita_2,54.23007496663889,2026-05-07T16:00:00.000Z
sensor.corridoio_umidita_2,54.4,2026-05-07T17:00:00.000Z
sensor.corridoio_umidita_2,36.08049144355555,2026-05-12T13:00:00.000Z
sensor.corridoio_umidita_2,38.21805507016666,2026-05-12T14:00:00.000Z
sensor.corridoio_umidita_2,39.5371730685,2026-05-12T15:00:00.000Z
sensor.corridoio_umidita_2,39.82279951875,2026-05-12T16:00:00.000Z
sensor.corridoio_umidita_2,39.77482156747222,2026-05-12T17:00:00.000Z
sensor.corridoio_umidita_2,41.36127622916667,2026-05-12T18:00:00.000Z
sensor.corridoio_umidita_2,42.684724638666665,2026-05-12T19:00:00.000Z
sensor.corridoio_umidita_2,48.183997452,2026-05-12T20:00:00.000Z
sensor.corridoio_umidita_2,47.676793786944444,2026-05-12T21:00:00.000Z
sensor.corridoio_umidita_2,50.10386624927778,2026-05-12T22:00:00.000Z
sensor.corridoio_umidita_2,49.06412271652778,2026-05-12T23:00:00.000Z
sensor.corridoio_umidita_2,49.06873045344444,2026-05-13T00:00:00.000Z
sensor.corridoio_umidita_2,49.62817931105556,2026-05-13T01:00:00.000Z
sensor.corridoio_umidita_2,49.48455863025,2026-05-13T02:00:00.000Z
sensor.corridoio_umidita_2,49.31642684847222,2026-05-13T03:00:00.000Z
sensor.corridoio_umidita_2,49.08083199088889,2026-05-13T04:00:00.000Z
sensor.corridoio_umidita_2,48.72494178577778,2026-05-13T05:00:00.000Z
sensor.corridoio_umidita_2,48.17416048505555,2026-05-13T06:00:00.000Z
sensor.corridoio_umidita_2,47.99548403655556,2026-05-13T07:00:00.000Z
sensor.corridoio_umidita_2,47.87194320069444,2026-05-13T08:00:00.000Z
sensor.corridoio_umidita_2,47.700088175750004,2026-05-13T09:00:00.000Z
sensor.corridoio_umidita_2,47.21799412347222,2026-05-13T10:00:00.000Z
sensor.corridoio_umidita_2,47.26306414655556,2026-05-13T11:00:00.000Z
sensor.corridoio_umidita_2,47.389214042,2026-05-13T12:00:00.000Z
sensor.corridoio_umidita_2,47.61439852619444,2026-05-13T13:00:00.000Z
sensor.corridoio_umidita_2,46.79913106888889,2026-05-13T14:00:00.000Z
sensor.corridoio_umidita_2,46.820791667722226,2026-05-13T15:00:00.000Z
sensor.corridoio_umidita_2,47.06944451077778,2026-05-13T16:00:00.000Z
sensor.corridoio_umidita_2,47.50252871291667,2026-05-13T17:00:00.000Z
sensor.corridoio_umidita_2,48.21141438983333,2026-05-13T18:00:00.000Z
sensor.corridoio_umidita_2,49.14178547983334,2026-05-13T19:00:00.000Z
sensor.corridoio_umidita_2,49.14784896155555,2026-05-13T20:00:00.000Z
sensor.corridoio_umidita_2,49.15023473697223,2026-05-13T21:00:00.000Z
sensor.corridoio_umidita_2,49.439473055916665,2026-05-13T22:00:00.000Z
sensor.corridoio_umidita_2,50.01306418922223,2026-05-13T23:00:00.000Z
sensor.corridoio_umidita_2,50.16501393313889,2026-05-14T00:00:00.000Z
sensor.corridoio_umidita_2,50.367880712638886,2026-05-14T01:00:00.000Z
sensor.corridoio_umidita_2,50.691041200027776,2026-05-14T02:00:00.000Z
sensor.corridoio_umidita_2,50.92596557208333,2026-05-14T03:00:00.000Z
sensor.corridoio_umidita_2,51.103081033555554,2026-05-14T04:00:00.000Z
sensor.corridoio_umidita_2,51.45141676025,2026-05-14T05:00:00.000Z
sensor.corridoio_umidita_2,51.75166953763889,2026-05-14T06:00:00.000Z
sensor.corridoio_umidita_2,51.66642462791666,2026-05-14T07:00:00.000Z
sensor.corridoio_umidita_2,51.429425146916664,2026-05-14T08:00:00.000Z
sensor.corridoio_umidita_2,51.24939772752777,2026-05-14T09:00:00.000Z
sensor.corridoio_umidita_2,51.29147674666667,2026-05-14T10:00:00.000Z
sensor.corridoio_umidita_2,51.49960185133333,2026-05-14T11:00:00.000Z
sensor.corridoio_umidita_2,51.53355305958333,2026-05-14T12:00:00.000Z
sensor.corridoio_umidita_2,51.24117115297222,2026-05-14T13:00:00.000Z
sensor.corridoio_umidita_2,50.805765455722224,2026-05-14T14:00:00.000Z
sensor.corridoio_umidita_2,50.51529191458334,2026-05-14T15:00:00.000Z
sensor.corridoio_umidita_2,50.61195562444445,2026-05-14T16:00:00.000Z
sensor.corridoio_umidita_2,51.07931224194444,2026-05-14T17:00:00.000Z
sensor.corridoio_umidita_2,52.01130397858333,2026-05-14T18:00:00.000Z
sensor.corridoio_umidita_2,51.66180365980555,2026-05-14T19:00:00.000Z
sensor.corridoio_umidita_2,51.68752555136111,2026-05-14T20:00:00.000Z
sensor.corridoio_umidita_2,52.06103234613889,2026-05-14T21:00:00.000Z
sensor.corridoio_umidita_2,52.40925132061111,2026-05-14T22:00:00.000Z
sensor.corridoio_umidita_2,52.87261580575,2026-05-14T23:00:00.000Z
sensor.corridoio_umidita_2,53.17247718308334,2026-05-15T00:00:00.000Z
sensor.corridoio_umidita_2,53.51995996430556,2026-05-15T01:00:00.000Z
sensor.corridoio_umidita_2,53.75085409713889,2026-05-15T02:00:00.000Z
sensor.corridoio_umidita_2,53.95871866688889,2026-05-15T03:00:00.000Z
sensor.corridoio_umidita_2,53.803513581805554,2026-05-15T04:00:00.000Z
sensor.corridoio_umidita_2,53.67192605569445,2026-05-15T05:00:00.000Z
sensor.corridoio_umidita_2,53.52228238413889,2026-05-15T06:00:00.000Z
sensor.corridoio_umidita_2,53.362016240611105,2026-05-15T07:00:00.000Z
sensor.corridoio_umidita_2,53.012356940055554,2026-05-15T08:00:00.000Z
sensor.corridoio_umidita_2,53.33331163855556,2026-05-15T09:00:00.000Z
sensor.corridoio_umidita_2,54.09529674672223,2026-05-15T10:00:00.000Z
sensor.corridoio_umidita_2,54.23490578338889,2026-05-15T11:00:00.000Z
sensor.corridoio_umidita_2,53.86948038027777,2026-05-15T12:00:00.000Z
sensor.corridoio_umidita_2,53.57796497519445,2026-05-15T13:00:00.000Z
sensor.corridoio_umidita_2,53.44384693888889,2026-05-15T14:00:00.000Z
sensor.corridoio_umidita_2,53.29741005386111,2026-05-15T15:00:00.000Z
sensor.corridoio_umidita_2,53.22516044266666,2026-05-15T16:00:00.000Z
sensor.corridoio_umidita_2,53.11228915330556,2026-05-15T17:00:00.000Z
sensor.corridoio_umidita_2,52.967858477305555,2026-05-15T18:00:00.000Z
sensor.corridoio_umidita_2,52.69958640477778,2026-05-15T19:00:00.000Z
sensor.corridoio_umidita_2,52.566445381444446,2026-05-15T20:00:00.000Z
sensor.corridoio_umidita_2,52.85629332558333,2026-05-15T21:00:00.000Z
sensor.corridoio_umidita_2,53.14407446413889,2026-05-15T22:00:00.000Z
sensor.corridoio_umidita_2,53.45046331844444,2026-05-15T23:00:00.000Z
sensor.corridoio_umidita_2,53.81473728963889,2026-05-16T00:00:00.000Z
sensor.corridoio_umidita_2,54.30283742525,2026-05-16T01:00:00.000Z
sensor.corridoio_umidita_2,54.67801870355555,2026-05-16T02:00:00.000Z
sensor.corridoio_umidita_2,54.8949821045,2026-05-16T03:00:00.000Z
sensor.corridoio_umidita_2,55,2026-05-16T04:00:00.000Z
sensor.corridoio_umidita_2,55.088103248416665,2026-05-16T05:00:00.000Z
sensor.corridoio_umidita_2,55.14419675516667,2026-05-16T06:00:00.000Z
sensor.corridoio_umidita_2,55.436188693944445,2026-05-16T07:00:00.000Z
sensor.corridoio_umidita_2,54.89310832202778,2026-05-16T08:00:00.000Z
sensor.corridoio_umidita_2,54.40926159177778,2026-05-16T09:00:00.000Z
sensor.corridoio_umidita_2,54.37130377002777,2026-05-16T10:00:00.000Z
sensor.corridoio_umidita_2,54.64193655761111,2026-05-16T11:00:00.000Z
sensor.corridoio_umidita_2,56.45184915322222,2026-05-16T12:00:00.000Z
sensor.corridoio_umidita_2,59.76605499869444,2026-05-16T13:00:00.000Z
sensor.corridoio_umidita_2,56.70436214561111,2026-05-16T14:00:00.000Z
sensor.corridoio_umidita_2,55.89854049233333,2026-05-16T15:00:00.000Z
sensor.corridoio_umidita_2,58.96213168244444,2026-05-16T16:00:00.000Z
sensor.corridoio_umidita_2,55.62069282336111,2026-05-16T17:00:00.000Z
sensor.corridoio_umidita_2,54.053156040805554,2026-05-16T18:00:00.000Z
sensor.corridoio_umidita_2,53.8347449195,2026-05-16T19:00:00.000Z
sensor.corridoio_umidita_2,53.488266010500006,2026-05-16T20:00:00.000Z
sensor.corridoio_umidita_2,53.26644452022222,2026-05-16T21:00:00.000Z
sensor.corridoio_umidita_2,53.12588976183333,2026-05-16T22:00:00.000Z
sensor.corridoio_umidita_2,52.82517430708333,2026-05-16T23:00:00.000Z
sensor.corridoio_umidita_2,53.168654353444445,2026-05-17T00:00:00.000Z
sensor.corridoio_umidita_2,53.56564165444445,2026-05-17T01:00:00.000Z
sensor.corridoio_umidita_2,53.814543025249996,2026-05-17T02:00:00.000Z
sensor.corridoio_umidita_2,54.057201066138894,2026-05-17T03:00:00.000Z
sensor.corridoio_umidita_2,54.08387985102778,2026-05-17T04:00:00.000Z
sensor.corridoio_umidita_2,53.681983570944446,2026-05-17T05:00:00.000Z
sensor.corridoio_umidita_2,53.399301901305556,2026-05-17T06:00:00.000Z
sensor.corridoio_umidita_2,53.22095852036111,2026-05-17T07:00:00.000Z
sensor.corridoio_umidita_2,53.219400040055554,2026-05-17T08:00:00.000Z
sensor.corridoio_umidita_2,52.59200767727777,2026-05-17T09:00:00.000Z
sensor.corridoio_umidita_2,51.61478239791666,2026-05-17T10:00:00.000Z
sensor.corridoio_umidita_2,52.01785434469445,2026-05-17T11:00:00.000Z
sensor.corridoio_umidita_2,51.81304321775,2026-05-17T12:00:00.000Z
sensor.corridoio_umidita_2,51.617025549472224,2026-05-17T13:00:00.000Z
sensor.corridoio_umidita_2,51.41497973044445,2026-05-17T14:00:00.000Z
sensor.corridoio_umidita_2,51.429420996,2026-05-17T15:00:00.000Z
sensor.corridoio_umidita_2,51.170970131055554,2026-05-17T16:00:00.000Z
sensor.corridoio_umidita_2,51.019369105277775,2026-05-17T17:00:00.000Z
sensor.corridoio_umidita_2,51.188494528,2026-05-17T18:00:00.000Z
sensor.corridoio_umidita_2,51.029630628861106,2026-05-17T19:00:00.000Z
sensor.corridoio_umidita_2,51.23178048241667,2026-05-17T20:00:00.000Z
sensor.corridoio_umidita_2,50.56398466863889,2026-05-17T21:00:00.000Z
sensor.corridoio_umidita_2,49.59295696238889,2026-05-17T22:00:00.000Z
sensor.corridoio_umidita_2,51.18241883572222,2026-05-17T23:00:00.000Z
sensor.corridoio_umidita_2,51.72833677025,2026-05-18T00:00:00.000Z
sensor.corridoio_umidita_2,51.95873516094445,2026-05-18T01:00:00.000Z
sensor.corridoio_umidita_2,51.9,2026-05-18T02:00:00.000Z
sensor.corridoio_umidita_2,52.14551959505555,2026-05-18T03:00:00.000Z
sensor.corridoio_umidita_2,52.35652353563889,2026-05-18T04:00:00.000Z
sensor.corridoio_umidita_2,52.279910012583336,2026-05-18T05:00:00.000Z
sensor.corridoio_umidita_2,52.420741342444444,2026-05-18T06:00:00.000Z
sensor.corridoio_umidita_2,52.281270786,2026-05-18T07:00:00.000Z
sensor.corridoio_umidita_2,52.25871793505556,2026-05-18T08:00:00.000Z
sensor.corridoio_umidita_2,52.062757036666675,2026-05-18T09:00:00.000Z
sensor.corridoio_umidita_2,51.62349027083334,2026-05-18T10:00:00.000Z
sensor.corridoio_umidita_2,51.15903520191667,2026-05-18T11:00:00.000Z
sensor.corridoio_umidita_2,50.91526866522222,2026-05-18T12:00:00.000Z
sensor.corridoio_umidita_2,50.88303503255555,2026-05-18T13:00:00.000Z
sensor.corridoio_umidita_2,50.85872888986111,2026-05-18T14:00:00.000Z
sensor.corridoio_umidita_2,50.57706568088889,2026-05-18T15:00:00.000Z
sensor.corridoio_umidita_2,50.57356834536111,2026-05-18T16:00:00.000Z
sensor.corridoio_umidita_2,50.70966226250001,2026-05-18T17:00:00.000Z
sensor.corridoio_umidita_2,51.216002025111116,2026-05-18T18:00:00.000Z
sensor.corridoio_umidita_2,51.96353232919444,2026-05-18T19:00:00.000Z
sensor.corridoio_umidita_2,52.441048533250004,2026-05-18T20:00:00.000Z
sensor.corridoio_umidita_2,52.96824872863889,2026-05-18T21:00:00.000Z
sensor.corridoio_umidita_2,54.01464374822223,2026-05-18T22:00:00.000Z
sensor.corridoio_umidita_2,54.232894803499995,2026-05-18T23:00:00.000Z
sensor.corridoio_umidita_2,54.47878205396667,2026-05-19T00:00:00.000Z
sensor.corridoio_umidita_2,54.820573296750005,2026-05-19T01:00:00.000Z
sensor.corridoio_umidita_2,55.27662858038889,2026-05-19T02:00:00.000Z
sensor.corridoio_umidita_2,55.60966299994445,2026-05-19T03:00:00.000Z
sensor.corridoio_umidita_2,55.70000000000001,2026-05-19T04:00:00.000Z
sensor.corridoio_umidita_2,55.75052126333333,2026-05-19T05:00:00.000Z
sensor.corridoio_umidita_2,56.04127138213889,2026-05-19T06:00:00.000Z
sensor.corridoio_umidita_2,55.83157952972223,2026-05-19T07:00:00.000Z
sensor.corridoio_umidita_2,56.10839884938889,2026-05-19T08:00:00.000Z
sensor.corridoio_umidita_2,55.964196495,2026-05-19T09:00:00.000Z
sensor.corridoio_umidita_2,56.029001097805555,2026-05-19T10:00:00.000Z
sensor.corridoio_umidita_2,56.16363154222222,2026-05-19T11:00:00.000Z
sensor.corridoio_umidita_2,55.191009281166664,2026-05-19T12:00:00.000Z
sensor.corridoio_umidita_2,54.99924730944445,2026-05-19T13:00:00.000Z
sensor.corridoio_umidita_2,54.9178179105,2026-05-19T14:00:00.000Z
sensor.corridoio_umidita_2,54.795910694972214,2026-05-19T15:00:00.000Z
sensor.corridoio_umidita_2,54.644423515277786,2026-05-19T16:00:00.000Z
sensor.corridoio_umidita_2,54.418500843611106,2026-05-19T17:00:00.000Z
sensor.corridoio_umidita_2,54.212202164500006,2026-05-19T18:00:00.000Z
sensor.corridoio_umidita_2,54.456229298694446,2026-05-19T19:00:00.000Z
sensor.corridoio_umidita_2,54.689044016666664,2026-05-19T20:00:00.000Z
sensor.corridoio_umidita_2,54.81489355563889,2026-05-19T21:00:00.000Z
sensor.corridoio_umidita_2,54.58253177038889,2026-05-19T22:00:00.000Z
sensor.corridoio_umidita_2,55.300758111861114,2026-05-19T23:00:00.000Z
sensor.corridoio_umidita_2,55.46615018422222,2026-05-20T00:00:00.000Z
sensor.corridoio_umidita_2,54.91629985538889,2026-05-20T01:00:00.000Z
sensor.corridoio_umidita_2,55.032133340527785,2026-05-20T02:00:00.000Z
sensor.corridoio_umidita_2,54.95739077197222,2026-05-20T03:00:00.000Z
sensor.corridoio_umidita_2,55.30982784111111,2026-05-20T04:00:00.000Z
sensor.corridoio_umidita_2,55.47855707047222,2026-05-20T05:00:00.000Z
sensor.corridoio_umidita_2,56.031187734638884,2026-05-20T06:00:00.000Z
sensor.corridoio_umidita_2,55.84924064711111,2026-05-20T07:00:00.000Z
sensor.corridoio_umidita_2,55.84373430666667,2026-05-20T08:00:00.000Z
sensor.corridoio_umidita_2,55.769404614888884,2026-05-20T09:00:00.000Z
sensor.corridoio_umidita_2,55.661121462611106,2026-05-20T10:00:00.000Z
sensor.corridoio_umidita_2,55.59228201702778,2026-05-20T11:00:00.000Z
sensor.corridoio_umidita_2,55.44090399494445,2026-05-20T12:00:00.000Z
sensor.corridoio_umidita_2,55.292091765722226,2026-05-20T13:00:00.000Z
sensor.corridoio_umidita_2,55.150955016833336,2026-05-20T14:00:00.000Z
sensor.corridoio_umidita_2,55.1,2026-05-20T15:00:00.000Z
sensor.corridoio_umidita_2,55.29924724661111,2026-05-20T16:00:00.000Z
sensor.corridoio_umidita_2,55.32201386633333,2026-05-20T17:00:00.000Z
sensor.corridoio_umidita_2,55.26644366586111,2026-05-20T18:00:00.000Z
sensor.corridoio_umidita_2,55.35033329133333,2026-05-20T19:00:00.000Z
sensor.corridoio_umidita_2,55.38261641738888,2026-05-20T20:00:00.000Z
sensor.corridoio_umidita_2,55.94152146783333,2026-05-20T21:00:00.000Z
sensor.corridoio_umidita_2,56.26646782705556,2026-05-20T22:00:00.000Z
sensor.corridoio_umidita_2,56.85892929636111,2026-05-20T23:00:00.000Z
sensor.corridoio_umidita_2,57.194460430166664,2026-05-21T00:00:00.000Z
sensor.corridoio_umidita_2,57.73376629316667,2026-05-21T01:00:00.000Z
sensor.corridoio_umidita_2,57.65168914038889,2026-05-21T02:00:00.000Z
sensor.corridoio_umidita_2,57.086276165777775,2026-05-21T03:00:00.000Z
sensor.corridoio_umidita_2,56.46578523322222,2026-05-21T04:00:00.000Z
sensor.corridoio_umidita_2,56.616483259472226,2026-05-21T05:00:00.000Z
sensor.corridoio_umidita_2,57.55810801097223,2026-05-21T06:00:00.000Z
sensor.corridoio_umidita_2,57.21901214955556,2026-05-21T07:00:00.000Z
sensor.corridoio_umidita_2,57.29234996169444,2026-05-21T08:00:00.000Z
sensor.corridoio_umidita_2,57.19435914761112,2026-05-21T09:00:00.000Z
sensor.corridoio_umidita_2,56.85931487277778,2026-05-21T10:00:00.000Z
sensor.corridoio_umidita_2,56.62152270463889,2026-05-21T11:00:00.000Z
sensor.corridoio_umidita_2,56.457230173805556,2026-05-21T12:00:00.000Z
sensor.corridoio_umidita_2,56.29901299769444,2026-05-21T13:00:00.000Z
sensor.corridoio_umidita_2,56.174839998083336,2026-05-21T14:00:00.000Z
sensor.corridoio_umidita_2,56.20000000000001,2026-05-21T15:00:00.000Z
sensor.corridoio_umidita_2,56.02752126708333,2026-05-21T16:00:00.000Z
sensor.corridoio_umidita_2,55.91862129458334,2026-05-21T17:00:00.000Z
sensor.corridoio_umidita_2,55.83606572091666,2026-05-21T18:00:00.000Z
sensor.corridoio_umidita_2,55.68254576266667,2026-05-21T19:00:00.000Z
sensor.corridoio_umidita_2,57.5700576275,2026-05-21T20:00:00.000Z
sensor.corridoio_umidita_2,58.42966529722222,2026-05-21T21:00:00.000Z
sensor.corridoio_umidita_2,62.04367369725,2026-05-21T22:00:00.000Z
sensor.corridoio_umidita_2,60.26631136325,2026-05-21T23:00:00.000Z
sensor.corridoio_umidita_2,60.116910430055555,2026-05-22T00:00:00.000Z
sensor.corridoio_umidita_2,59.56238718130555,2026-05-22T01:00:00.000Z
sensor.corridoio_umidita_2,59.325044896777776,2026-05-22T02:00:00.000Z
sensor.corridoio_umidita_2,59.242982592777786,2026-05-22T03:00:00.000Z
sensor.corridoio_umidita_2,58.91141582294444,2026-05-22T04:00:00.000Z
sensor.corridoio_umidita_2,58.73711995052778,2026-05-22T05:00:00.000Z
sensor.corridoio_umidita_2,58.90206683508333,2026-05-22T06:00:00.000Z
sensor.corridoio_umidita_2,58.57135889366666,2026-05-22T07:00:00.000Z
sensor.corridoio_umidita_2,58.51942071988889,2026-05-22T08:00:00.000Z
sensor.corridoio_umidita_2,58.15071894394444,2026-05-22T09:00:00.000Z
sensor.corridoio_umidita_2,57.88214639333333,2026-05-22T10:00:00.000Z
sensor.corridoio_umidita_2,57.619966011,2026-05-22T11:00:00.000Z
sensor.corridoio_umidita_2,57.34579042102777,2026-05-22T12:00:00.000Z
sensor.corridoio_umidita_2,57.28229199652778,2026-05-22T13:00:00.000Z
sensor.corridoio_umidita_2,57.283890405305556,2026-05-22T14:00:00.000Z
sensor.corridoio_umidita_2,57.20000000000001,2026-05-22T15:00:00.000Z
sensor.corridoio_umidita_2,57.18192728825,2026-05-22T16:00:00.000Z
sensor.corridoio_umidita_2,57.11935294,2026-05-22T17:00:00.000Z
sensor.corridoio_umidita_2,56.99618786380555,2026-05-22T18:00:00.000Z
sensor.corridoio_umidita_2,56.86644333011111,2026-05-22T19:00:00.000Z
sensor.corridoio_umidita_2,56.93799142308333,2026-05-22T20:00:00.000Z
sensor.corridoio_umidita_2,57.01302032286111,2026-05-22T21:00:00.000Z
sensor.corridoio_umidita_2,57.04882875475,2026-05-22T22:00:00.000Z
sensor.corridoio_umidita_2,57.227186928,2026-05-22T23:00:00.000Z
sensor.corridoio_umidita_2,57.91021470147222,2026-05-23T00:00:00.000Z
sensor.corridoio_umidita_2,58.48609634169444,2026-05-23T01:00:00.000Z
sensor.corridoio_umidita_2,58.65915332202778,2026-05-23T02:00:00.000Z
sensor.corridoio_umidita_2,58.64989590783333,2026-05-23T03:00:00.000Z
sensor.corridoio_umidita_2,58.625160800777785,2026-05-23T04:00:00.000Z
sensor.corridoio_umidita_2,58.672365193944444,2026-05-23T05:00:00.000Z
sensor.corridoio_umidita_2,58.88779781847222,2026-05-23T06:00:00.000Z
sensor.corridoio_umidita_2,59.25941186252778,2026-05-23T07:00:00.000Z
sensor.corridoio_umidita_2,59.16356432055556,2026-05-23T08:00:00.000Z
sensor.corridoio_umidita_2,58.57786723844444,2026-05-23T09:00:00.000Z
sensor.corridoio_umidita_2,58.010319789166665,2026-05-23T10:00:00.000Z
sensor.corridoio_umidita_2,57.56265984136112,2026-05-23T11:00:00.000Z
sensor.corridoio_umidita_2,57.4,2026-05-23T12:00:00.000Z
sensor.corridoio_umidita_2,57.42654675147222,2026-05-23T13:00:00.000Z
sensor.corridoio_umidita_2,57.576813053083335,2026-05-23T14:00:00.000Z
sensor.corridoio_umidita_2,57.70000000000001,2026-05-23T15:00:00.000Z
sensor.corridoio_umidita_2,57.70000000000001,2026-05-23T16:00:00.000Z
sensor.corridoio_umidita_2,57.65947931158334,2026-05-23T17:00:00.000Z
sensor.corridoio_umidita_2,57.6,2026-05-23T18:00:00.000Z
sensor.corridoio_umidita_2,57.62517448561112,2026-05-23T19:00:00.000Z
sensor.corridoio_umidita_2,57.6,2026-05-23T20:00:00.000Z
sensor.corridoio_umidita_2,57.6,2026-05-23T21:00:00.000Z
sensor.corridoio_umidita_2,57.741455279388894,2026-05-23T22:00:00.000Z
sensor.corridoio_umidita_2,58.002339999250005,2026-05-23T23:00:00.000Z
sensor.corridoio_umidita_2,58.42976194136111,2026-05-24T00:00:00.000Z
sensor.corridoio_umidita_2,58.645202783916666,2026-05-24T01:00:00.000Z
sensor.corridoio_umidita_2,58.817742410194434,2026-05-24T02:00:00.000Z
sensor.corridoio_umidita_2,58.96740849494444,2026-05-24T03:00:00.000Z
sensor.corridoio_umidita_2,59.04157154158333,2026-05-24T04:00:00.000Z
sensor.corridoio_umidita_2,59.1,2026-05-24T05:00:00.000Z
sensor.corridoio_umidita_2,59.21901159569444,2026-05-24T06:00:00.000Z
sensor.corridoio_umidita_2,59.592283001055556,2026-05-24T07:00:00.000Z
sensor.corridoio_umidita_2,59.31846693908333,2026-05-24T08:00:00.000Z
sensor.corridoio_umidita_2,59.134262937555555,2026-05-24T09:00:00.000Z
sensor.corridoio_umidita_2,59.18790349255556,2026-05-24T10:00:00.000Z
sensor.corridoio_umidita_2,59.084242429166665,2026-05-24T11:00:00.000Z
sensor.corridoio_umidita_2,59.053013527500006,2026-05-24T12:00:00.000Z
sensor.corridoio_umidita_2,59.139923510555555,2026-05-24T13:00:00.000Z
sensor.corridoio_umidita_2,58.98187263086111,2026-05-24T14:00:00.000Z
sensor.corridoio_umidita_2,58.9,2026-05-24T15:00:00.000Z
sensor.corridoio_umidita_2,58.83296970063889,2026-05-24T16:00:00.000Z
sensor.corridoio_umidita_2,58.64127249313889,2026-05-24T17:00:00.000Z
sensor.corridoio_umidita_2,58.69420291338889,2026-05-24T18:00:00.000Z
sensor.corridoio_umidita_2,58.439432893611105,2026-05-24T19:00:00.000Z
sensor.corridoio_umidita_2,60.317251419861115,2026-05-24T20:00:00.000Z
sensor.corridoio_umidita_2,61.315392775722216,2026-05-24T21:00:00.000Z
sensor.corridoio_umidita_2,61.55587094844444,2026-05-24T22:00:00.000Z
sensor.corridoio_umidita_2,62.003214153250006,2026-05-24T23:00:00.000Z
sensor.corridoio_umidita_2,62.38245098844445,2026-05-25T00:00:00.000Z
sensor.corridoio_umidita_2,62.59479277636111,2026-05-25T01:00:00.000Z
sensor.corridoio_umidita_2,62.52517130144445,2026-05-25T02:00:00.000Z
sensor.corridoio_umidita_2,62.405854521138885,2026-05-25T03:00:00.000Z
sensor.corridoio_umidita_2,62.20718573758333,2026-05-25T04:00:00.000Z
sensor.corridoio_umidita_2,62.09200986472222,2026-05-25T05:00:00.000Z
sensor.corridoio_umidita_2,61.85219806772222,2026-05-25T06:00:00.000Z
sensor.corridoio_umidita_2,61.49055519225001,2026-05-25T07:00:00.000Z
sensor.corridoio_umidita_2,61.22757238633333,2026-05-25T08:00:00.000Z
sensor.corridoio_umidita_2,60.855289900416665,2026-05-25T09:00:00.000Z
sensor.corridoio_umidita_2,60.467656384777776,2026-05-25T10:00:00.000Z
sensor.corridoio_umidita_2,59.912271117833335,2026-05-25T11:00:00.000Z
sensor.corridoio_umidita_2,59.39202991408333,2026-05-25T12:00:00.000Z
sensor.corridoio_umidita_2,59.277251762805555,2026-05-25T13:00:00.000Z
sensor.corridoio_umidita_2,59.15413106325,2026-05-25T14:00:00.000Z
sensor.corridoio_umidita_2,58.70959538466667,2026-05-25T15:00:00.000Z
sensor.corridoio_umidita_2,58.77733718838889,2026-05-25T16:00:00.000Z
sensor.corridoio_umidita_2,59.07626650188889,2026-05-25T17:00:00.000Z
sensor.corridoio_umidita_2,58.39414936361111,2026-05-25T18:00:00.000Z
sensor.corridoio_umidita_2,57.78003068925,2026-05-25T19:00:00.000Z
sensor.corridoio_umidita_2,57.58426303788889,2026-05-25T20:00:00.000Z
sensor.corridoio_umidita_2,57.94485615191667,2026-05-25T21:00:00.000Z
sensor.corridoio_umidita_2,58.432157301888886,2026-05-25T22:00:00.000Z
sensor.corridoio_umidita_2,58.52918306508334,2026-05-25T23:00:00.000Z
sensor.corridoio_umidita_2,58.88014981791667,2026-05-26T00:00:00.000Z
sensor.corridoio_umidita_2,59.45971821116667,2026-05-26T01:00:00.000Z
sensor.corridoio_umidita_2,59.613092013472226,2026-05-26T02:00:00.000Z
sensor.corridoio_umidita_2,59.786146447722224,2026-05-26T03:00:00.000Z
sensor.corridoio_umidita_2,59.9,2026-05-26T04:00:00.000Z
sensor.corridoio_umidita_2,59.80792935816666,2026-05-26T05:00:00.000Z
sensor.corridoio_umidita_2,59.95760628683333,2026-05-26T06:00:00.000Z
sensor.corridoio_umidita_2,59.84530387130555,2026-05-26T07:00:00.000Z
sensor.corridoio_umidita_2,59.595521333111115,2026-05-26T08:00:00.000Z
sensor.corridoio_umidita_2,59.258021972555554,2026-05-26T09:00:00.000Z
sensor.corridoio_umidita_2,58.878846079388886,2026-05-26T10:00:00.000Z
sensor.corridoio_umidita_2,58.712394130805556,2026-05-26T11:00:00.000Z
sensor.corridoio_umidita_2,58.61863004138889,2026-05-26T12:00:00.000Z
sensor.corridoio_umidita_2,58.42835927005555,2026-05-26T13:00:00.000Z
sensor.corridoio_umidita_2,58.11064128263889,2026-05-26T14:00:00.000Z
sensor.corridoio_umidita_2,57.9571213315,2026-05-26T15:00:00.000Z
sensor.corridoio_umidita_2,57.41074064897222,2026-05-26T16:00:00.000Z
sensor.corridoio_umidita_2,56.85007993330555,2026-05-26T17:00:00.000Z
sensor.corridoio_umidita_2,56.709816626611115,2026-05-26T18:00:00.000Z
sensor.corridoio_umidita_2,56.71397186127778,2026-05-26T19:00:00.000Z
sensor.corridoio_umidita_2,56.84076538074999,2026-05-26T20:00:00.000Z
sensor.corridoio_umidita_2,57.65261037744444,2026-05-26T21:00:00.000Z
sensor.corridoio_umidita_2,57.11488997675,2026-05-26T22:00:00.000Z
sensor.corridoio_umidita_2,58.09307529025,2026-05-26T23:00:00.000Z
sensor.corridoio_umidita_2,58.16418705011111,2026-05-27T00:00:00.000Z
sensor.corridoio_umidita_2,58.27334818883333,2026-05-27T01:00:00.000Z
sensor.corridoio_umidita_2,58.59227244936111,2026-05-27T02:00:00.000Z
sensor.corridoio_umidita_2,58.54315412100001,2026-05-27T03:00:00.000Z
sensor.corridoio_umidita_2,58.65981604075,2026-05-27T04:00:00.000Z
sensor.corridoio_umidita_2,58.76656342705556,2026-05-27T05:00:00.000Z
sensor.corridoio_umidita_2,58.901349868500006,2026-05-27T06:00:00.000Z
sensor.corridoio_umidita_2,58.70000000000001,2026-05-27T07:00:00.000Z
sensor.corridoio_umidita_2,58.351992896388886,2026-05-27T08:00:00.000Z
sensor.corridoio_umidita_2,57.50717298011111,2026-05-27T09:00:00.000Z
sensor.corridoio_umidita_2,55.89267286905555,2026-05-27T10:00:00.000Z
sensor.corridoio_umidita_2,55.04714872386111,2026-05-27T11:00:00.000Z
sensor.corridoio_umidita_2,53.90562753408333,2026-05-27T12:00:00.000Z
sensor.corridoio_umidita_2,53.30160731288888,2026-05-27T13:00:00.000Z
sensor.corridoio_umidita_2,52.80498488469445,2026-05-27T14:00:00.000Z
sensor.corridoio_umidita_2,52.134472062111115,2026-05-27T15:00:00.000Z
sensor.corridoio_umidita_2,52.120726085166666,2026-05-27T16:00:00.000Z
sensor.corridoio_umidita_2,51.227511816749995,2026-05-27T17:00:00.000Z
sensor.corridoio_umidita_2,53.2546936645,2026-05-27T18:00:00.000Z
sensor.corridoio_umidita_2,54.32116511591666,2026-05-27T19:00:00.000Z
sensor.corridoio_umidita_2,54.841587262249995,2026-05-27T20:00:00.000Z
sensor.corridoio_umidita_2,54.479230306333335,2026-05-27T21:00:00.000Z
sensor.corridoio_umidita_2,54.96578911719445,2026-05-27T22:00:00.000Z
sensor.corridoio_umidita_2,55.33941604961111,2026-05-27T23:00:00.000Z
sensor.corridoio_umidita_2,55.73780618999999,2026-05-28T00:00:00.000Z
sensor.corridoio_umidita_2,55.67190937580556,2026-05-28T01:00:00.000Z
sensor.corridoio_umidita_2,55.6,2026-05-28T02:00:00.000Z
sensor.corridoio_umidita_2,55.63675136872222,2026-05-28T03:00:00.000Z
sensor.corridoio_umidita_2,55.97054788186111,2026-05-28T04:00:00.000Z
sensor.corridoio_umidita_2,56.36098192302777,2026-05-28T05:00:00.000Z
sensor.corridoio_umidita_2,56.73315371263889,2026-05-28T06:00:00.000Z
sensor.corridoio_umidita_2,57.21661429405555,2026-05-28T07:00:00.000Z
sensor.corridoio_umidita_2,56.98615242927778,2026-05-28T08:00:00.000Z
sensor.corridoio_umidita_2,57.02930368497223,2026-05-28T09:00:00.000Z
sensor.corridoio_umidita_2,56.87236332441666,2026-05-28T10:00:00.000Z
sensor.corridoio_umidita_2,56.58701500363889,2026-05-28T11:00:00.000Z
sensor.corridoio_umidita_2,56.5,2026-05-28T12:00:00.000Z
sensor.corridoio_umidita_2,56.454931545305556,2026-05-28T13:00:00.000Z
sensor.corridoio_umidita_2,56.37482885269444,2026-05-28T14:00:00.000Z
sensor.corridoio_umidita_2,56.36644326247222,2026-05-28T15:00:00.000Z
sensor.corridoio_umidita_2,56.4,2026-05-28T16:00:00.000Z
sensor.corridoio_umidita_2,56.45102099011111,2026-05-28T17:00:00.000Z
sensor.corridoio_umidita_2,56.94232042430556,2026-05-28T18:00:00.000Z
sensor.corridoio_umidita_2,57.320548906027774,2026-05-28T19:00:00.000Z
sensor.corridoio_umidita_2,58.08101706916667,2026-05-28T20:00:00.000Z
sensor.corridoio_umidita_2,59.27742947652778,2026-05-28T21:00:00.000Z
sensor.corridoio_umidita_2,59.91696315566667,2026-05-28T22:00:00.000Z
sensor.corridoio_umidita_2,60.532318463555555,2026-05-28T23:00:00.000Z
sensor.corridoio_umidita_2,60.92231740441667,2026-05-29T00:00:00.000Z
sensor.corridoio_umidita_2,61.07822995108334,2026-05-29T01:00:00.000Z
sensor.corridoio_umidita_2,61.236291589277776,2026-05-29T02:00:00.000Z
sensor.corridoio_umidita_2,61.443550983555554,2026-05-29T03:00:00.000Z
sensor.corridoio_umidita_2,61.1965574975,2026-05-29T04:00:00.000Z
sensor.corridoio_umidita_2,60.80549207730556,2026-05-29T05:00:00.000Z
sensor.corridoio_umidita_2,60.376062470305556,2026-05-29T06:00:00.000Z
sensor.corridoio_umidita_2,59.95329015922223,2026-05-29T07:00:00.000Z
sensor.corridoio_umidita_2,59.311261636194445,2026-05-29T08:00:00.000Z
sensor.corridoio_umidita_2,58.48785497483333,2026-05-29T09:00:00.000Z
sensor.corridoio_umidita_2,57.44355387227778,2026-05-29T10:00:00.000Z
sensor.corridoio_umidita_2,56.88530928205555,2026-05-29T11:00:00.000Z
sensor.corridoio_umidita_2,56.36372078308333,2026-05-29T12:00:00.000Z
sensor.corridoio_umidita_2,56.20281353497222,2026-05-29T13:00:00.000Z
sensor.corridoio_umidita_2,56.26430049477778,2026-05-29T14:00:00.000Z
sensor.corridoio_umidita_2,56.02086925291667,2026-05-29T15:00:00.000Z
sensor.corridoio_umidita_2,56.000008560805554,2026-05-29T16:00:00.000Z
sensor.corridoio_umidita_2,55.9409779085,2026-05-29T17:00:00.000Z
sensor.corridoio_umidita_2,55.899636311083334,2026-05-29T18:00:00.000Z
sensor.corridoio_umidita_2,55.543357515694446,2026-05-29T19:00:00.000Z
sensor.corridoio_umidita_2,55.91051355886111,2026-05-29T20:00:00.000Z
sensor.corridoio_umidita_2,56.93536246308333,2026-05-29T21:00:00.000Z
sensor.corridoio_umidita_2,57.23038352691666,2026-05-29T22:00:00.000Z
sensor.corridoio_umidita_2,57.21157094413889,2026-05-29T23:00:00.000Z
sensor.corridoio_umidita_2,57.13417072983333,2026-05-30T00:00:00.000Z
sensor.corridoio_umidita_2,56.50713409519444,2026-05-30T01:00:00.000Z
sensor.corridoio_umidita_2,55.97359185222222,2026-05-30T02:00:00.000Z
sensor.corridoio_umidita_2,56.19668774127778,2026-05-30T03:00:00.000Z
sensor.corridoio_umidita_2,56.319848133166666,2026-05-30T04:00:00.000Z
sensor.corridoio_umidita_2,56.19758522380556,2026-05-30T05:00:00.000Z
sensor.corridoio_umidita_2,55.5300531295,2026-05-30T06:00:00.000Z
sensor.corridoio_umidita_2,54.83137051416667,2026-05-30T07:00:00.000Z
sensor.corridoio_umidita_2,53.86843714225,2026-05-30T08:00:00.000Z
sensor.corridoio_umidita_2,53.10730471608333,2026-05-30T09:00:00.000Z
sensor.corridoio_umidita_2,52.83276543347222,2026-05-30T10:00:00.000Z
sensor.corridoio_umidita_2,53.30559236975,2026-05-30T11:00:00.000Z
sensor.corridoio_umidita_2,53.589743668416666,2026-05-30T12:00:00.000Z
sensor.corridoio_umidita_2,53.839534026361115,2026-05-30T13:00:00.000Z
sensor.corridoio_umidita_2,54.278427067888884,2026-05-30T14:00:00.000Z
sensor.corridoio_umidita_2,53.71533080836111,2026-05-30T15:00:00.000Z
sensor.corridoio_umidita_2,53.37352610966667,2026-05-30T16:00:00.000Z
sensor.corridoio_umidita_2,53.90502954541666,2026-05-30T17:00:00.000Z
sensor.corridoio_umidita_2,54.33618913041667,2026-05-30T18:00:00.000Z
sensor.corridoio_umidita_2,55.04124242847222,2026-05-30T19:00:00.000Z
sensor.corridoio_umidita_2,55.828520450305554,2026-05-30T20:00:00.000Z
sensor.corridoio_umidita_2,57.64056721950001,2026-05-30T21:00:00.000Z
sensor.corridoio_umidita_2,58.37084780897222,2026-05-30T22:00:00.000Z
sensor.corridoio_umidita_2,57.91721828788889,2026-05-30T23:00:00.000Z
sensor.corridoio_umidita_2,56.56225908163889,2026-05-31T00:00:00.000Z
sensor.corridoio_umidita_2,55.48692676897222,2026-05-31T01:00:00.000Z
sensor.corridoio_umidita_2,54.12658319319445,2026-05-31T02:00:00.000Z
sensor.corridoio_umidita_2,53.82782288822222,2026-05-31T03:00:00.000Z
sensor.corridoio_umidita_2,54.12517384875,2026-05-31T04:00:00.000Z
sensor.corridoio_umidita_2,54.15285112827778,2026-05-31T05:00:00.000Z
sensor.corridoio_umidita_2,54.29999999999999,2026-05-31T06:00:00.000Z
sensor.corridoio_umidita_2,54.417080999472226,2026-05-31T07:00:00.000Z
sensor.corridoio_umidita_2,54.973942098416664,2026-05-31T08:00:00.000Z
sensor.corridoio_umidita_2,54.81060619661111,2026-05-31T09:00:00.000Z
sensor.corridoio_umidita_2,54.986742495444446,2026-05-31T10:00:00.000Z
sensor.corridoio_umidita_2,55.78016109880556,2026-05-31T11:00:00.000Z
sensor.corridoio_umidita_2,56.703980403416665,2026-05-31T12:00:00.000Z
sensor.corridoio_umidita_2,57.61295539058333,2026-05-31T13:00:00.000Z
sensor.corridoio_umidita_2,57.36901512422222,2026-05-31T14:00:00.000Z
sensor.corridoio_umidita_2,57.36874715472222,2026-05-31T15:00:00.000Z
sensor.corridoio_umidita_2,56.717656915166664,2026-05-31T16:00:00.000Z
sensor.corridoio_umidita_2,56.46201761380556,2026-05-31T17:00:00.000Z
sensor.corridoio_umidita_2,56.85463398086111,2026-05-31T18:00:00.000Z
sensor.corridoio_umidita_2,56.806775361583334,2026-05-31T19:00:00.000Z
sensor.corridoio_umidita_2,56.799943384138885,2026-05-31T20:00:00.000Z
sensor.corridoio_umidita_2,57.412324529361115,2026-05-31T21:00:00.000Z
sensor.corridoio_umidita_2,57.015535066388885,2026-05-31T22:00:00.000Z
sensor.corridoio_umidita_2,55.98293013361111,2026-05-31T23:00:00.000Z
sensor.corridoio_umidita_2,55.199329028444446,2026-06-01T00:00:00.000Z
sensor.corridoio_umidita_2,55.38859673016666,2026-06-01T01:00:00.000Z
sensor.corridoio_umidita_2,55.48388977241667,2026-06-01T02:00:00.000Z
sensor.corridoio_umidita_2,55.44199852222223,2026-06-01T03:00:00.000Z
sensor.corridoio_umidita_2,54.83020859319444,2026-06-01T04:00:00.000Z
sensor.corridoio_umidita_2,54.70771974730555,2026-06-01T05:00:00.000Z
sensor.corridoio_umidita_2,54.84459801152778,2026-06-01T06:00:00.000Z
sensor.corridoio_umidita_2,55.11231456961111,2026-06-01T07:00:00.000Z
sensor.corridoio_umidita_2,55.508393413305555,2026-06-01T08:00:00.000Z
sensor.corridoio_umidita_2,55.541240750444445,2026-06-01T09:00:00.000Z
sensor.corridoio_umidita_2,56.013493446527775,2026-06-01T10:00:00.000Z
sensor.corridoio_umidita_2,56.63566249516666,2026-06-01T11:00:00.000Z
sensor.corridoio_umidita_2,56.36853539877777,2026-06-01T12:00:00.000Z
sensor.corridoio_umidita_2,56.348146426388894,2026-06-01T13:00:00.000Z
sensor.corridoio_umidita_2,55.906038352888885,2026-06-01T14:00:00.000Z
sensor.corridoio_umidita_2,55.65859627533334,2026-06-01T15:00:00.000Z
sensor.corridoio_umidita_2,53.92206601480555,2026-06-01T16:00:00.000Z
sensor.corridoio_umidita_2,52.927029155444444,2026-06-01T17:00:00.000Z
sensor.corridoio_umidita_2,53.37361111136111,2026-06-01T18:00:00.000Z
sensor.corridoio_umidita_2,54.994635827222226,2026-06-01T19:00:00.000Z
sensor.corridoio_umidita_2,55.48546473797222,2026-06-01T20:00:00.000Z
sensor.corridoio_umidita_2,56.24447709327777,2026-06-01T21:00:00.000Z
sensor.corridoio_umidita_2,58.02622353297222,2026-06-01T22:00:00.000Z
sensor.corridoio_umidita_2,57.28651502644445,2026-06-01T23:00:00.000Z
sensor.corridoio_umidita_2,56.820607093444444,2026-06-02T00:00:00.000Z
sensor.corridoio_umidita_2,57.719907955749996,2026-06-02T01:00:00.000Z
sensor.corridoio_umidita_2,57.70545736136111,2026-06-02T02:00:00.000Z
sensor.corridoio_umidita_2,57.27455470583334,2026-06-02T03:00:00.000Z
sensor.corridoio_umidita_2,57.20206587563889,2026-06-02T04:00:00.000Z
sensor.corridoio_umidita_2,57.74790122308334,2026-06-02T05:00:00.000Z
sensor.corridoio_umidita_2,58.29419999738889,2026-06-02T06:00:00.000Z
sensor.corridoio_umidita_2,58.23041964066667,2026-06-02T07:00:00.000Z
sensor.corridoio_umidita_2,58.21742024588889,2026-06-02T08:00:00.000Z
sensor.corridoio_umidita_2,57.99963688830556,2026-06-02T09:00:00.000Z
sensor.corridoio_umidita_2,56.97027888658334,2026-06-02T10:00:00.000Z
sensor.corridoio_umidita_2,56.61797445283333,2026-06-02T11:00:00.000Z
sensor.corridoio_umidita_2,57.18179157652778,2026-06-02T12:00:00.000Z
sensor.corridoio_umidita_2,57.773467066138885,2026-06-02T13:00:00.000Z
sensor.corridoio_umidita_2,57.90963680136111,2026-06-02T14:00:00.000Z
sensor.corridoio_umidita_2,57.62039441641667,2026-06-02T15:00:00.000Z
sensor.corridoio_umidita_2,57.899223557166664,2026-06-02T16:00:00.000Z
sensor.corridoio_umidita_2,58.052895040638894,2026-06-02T17:00:00.000Z
sensor.corridoio_umidita_2,58.23610911683334,2026-06-02T18:00:00.000Z
sensor.corridoio_umidita_2,58.080084344,2026-06-02T19:00:00.000Z
sensor.corridoio_umidita_2,58.1443028385,2026-06-02T20:00:00.000Z
sensor.corridoio_umidita_2,58.29999999999999,2026-06-02T21:00:00.000Z
sensor.corridoio_umidita_2,55.475081951090914,2026-06-05T08:00:00.000Z
sensor.corridoio_umidita_2,55.00799508475,2026-06-05T09:00:00.000Z
sensor.corridoio_umidita_2,55.13207856180555,2026-06-05T10:00:00.000Z
sensor.corridoio_umidita_2,55.390278899,2026-06-05T11:00:00.000Z
sensor.corridoio_umidita_2,55.78055241277778,2026-06-05T12:00:00.000Z
sensor.corridoio_umidita_2,55.98268491258333,2026-06-05T13:00:00.000Z
sensor.corridoio_umidita_2,55.99360784480555,2026-06-05T14:00:00.000Z
sensor.corridoio_umidita_2,55.82043064172222,2026-06-05T15:00:00.000Z
sensor.corridoio_umidita_2,55.75170004922222,2026-06-05T16:00:00.000Z
sensor.corridoio_umidita_2,55.63990797441667,2026-06-05T17:00:00.000Z
sensor.corridoio_umidita_2,55.53212651561111,2026-06-05T18:00:00.000Z
sensor.corridoio_umidita_2,55.63171819005555,2026-06-05T19:00:00.000Z
sensor.corridoio_umidita_2,55.718033153166665,2026-06-05T20:00:00.000Z
sensor.corridoio_umidita_2,55.67472843616667,2026-06-05T21:00:00.000Z
sensor.corridoio_umidita_2,55.77565902608333,2026-06-05T22:00:00.000Z
sensor.corridoio_umidita_2,56.15754887175,2026-06-05T23:00:00.000Z
sensor.corridoio_umidita_2,56.535802645888886,2026-06-06T00:00:00.000Z
sensor.corridoio_umidita_2,57.25828436822221,2026-06-06T01:00:00.000Z
sensor.corridoio_umidita_2,57.014232238666665,2026-06-06T02:00:00.000Z
sensor.corridoio_umidita_2,56.955744579944444,2026-06-06T03:00:00.000Z
sensor.corridoio_umidita_2,56.9,2026-06-06T04:00:00.000Z
sensor.corridoio_umidita_2,56.9,2026-06-06T05:00:00.000Z
sensor.corridoio_umidita_2,56.89979413836111,2026-06-06T06:00:00.000Z
sensor.corridoio_umidita_2,56.77576430497222,2026-06-06T07:00:00.000Z
sensor.corridoio_umidita_2,56.67209840433333,2026-06-06T08:00:00.000Z
sensor.corridoio_umidita_2,56.78136289391667,2026-06-06T09:00:00.000Z
sensor.corridoio_umidita_2,56.531094295416665,2026-06-06T10:00:00.000Z
sensor.corridoio_umidita_2,56.63355511611112,2026-06-06T11:00:00.000Z
sensor.corridoio_umidita_2,56.77316640097222,2026-06-06T12:00:00.000Z
sensor.corridoio_umidita_2,56.80825876355556,2026-06-06T13:00:00.000Z
sensor.corridoio_umidita_2,56.82722020861112,2026-06-06T14:00:00.000Z
sensor.corridoio_umidita_2,56.972861015666666,2026-06-06T15:00:00.000Z
sensor.corridoio_umidita_2,56.485175902444446,2026-06-06T16:00:00.000Z
sensor.corridoio_umidita_2,56.14397087325,2026-06-06T17:00:00.000Z
sensor.corridoio_umidita_2,55.9,2026-06-06T18:00:00.000Z
sensor.corridoio_umidita_2,55.80779719191667,2026-06-06T19:00:00.000Z
sensor.corridoio_umidita_2,55.74127569572223,2026-06-06T20:00:00.000Z
sensor.corridoio_umidita_2,56.251340160333335,2026-06-06T21:00:00.000Z
sensor.corridoio_umidita_2,57.09761724333333,2026-06-06T22:00:00.000Z
sensor.corridoio_umidita_2,57.5272667985,2026-06-06T23:00:00.000Z
sensor.corridoio_umidita_2,57.44471094027778,2026-06-07T00:00:00.000Z
sensor.corridoio_umidita_2,57.31593087294444,2026-06-07T01:00:00.000Z
sensor.corridoio_umidita_2,57.26233806386111,2026-06-07T02:00:00.000Z
sensor.corridoio_umidita_2,57.17074531813889,2026-06-07T03:00:00.000Z
sensor.corridoio_umidita_2,56.79476003088889,2026-06-07T04:00:00.000Z
sensor.corridoio_umidita_2,56.61449193969444,2026-06-07T05:00:00.000Z
sensor.corridoio_umidita_2,56.470351607333335,2026-06-07T06:00:00.000Z
sensor.corridoio_umidita_2,56.16558929775001,2026-06-07T07:00:00.000Z
sensor.corridoio_umidita_2,56.33466380955556,2026-06-07T08:00:00.000Z
sensor.corridoio_umidita_2,56.26128784461111,2026-06-07T09:00:00.000Z
sensor.corridoio_umidita_2,55.842329616694435,2026-06-07T10:00:00.000Z
sensor.corridoio_umidita_2,55.665140533111106,2026-06-07T11:00:00.000Z
sensor.corridoio_umidita_2,55.72919684425,2026-06-07T12:00:00.000Z
sensor.corridoio_umidita_2,54.68649176783333,2026-06-07T13:00:00.000Z
sensor.corridoio_umidita_2,53.237793989388884,2026-06-07T14:00:00.000Z
sensor.corridoio_umidita_2,53.13693642263889,2026-06-07T15:00:00.000Z
sensor.corridoio_umidita_2,53.485971464222224,2026-06-07T16:00:00.000Z
sensor.corridoio_umidita_2,53.430015964111114,2026-06-07T17:00:00.000Z
sensor.corridoio_umidita_2,52.96206450988888,2026-06-07T18:00:00.000Z
sensor.corridoio_umidita_2,53.059285948749995,2026-06-07T19:00:00.000Z
sensor.corridoio_umidita_2,54.00188262816667,2026-06-07T20:00:00.000Z
sensor.corridoio_umidita_2,55.65154755255555,2026-06-07T21:00:00.000Z
sensor.corridoio_umidita_2,56.78184612238889,2026-06-07T22:00:00.000Z
sensor.corridoio_umidita_2,57.05601428252778,2026-06-07T23:00:00.000Z
sensor.corridoio_umidita_2,57.291381001249995,2026-06-08T00:00:00.000Z
sensor.corridoio_umidita_2,57.70000000000001,2026-06-08T01:00:00.000Z
sensor.corridoio_umidita_2,57.70000000000001,2026-06-08T02:00:00.000Z
sensor.corridoio_umidita_2,57.58726787116667,2026-06-08T03:00:00.000Z
sensor.corridoio_umidita_2,57.53826537530555,2026-06-08T04:00:00.000Z
sensor.corridoio_umidita_2,57.41747403297222,2026-06-08T05:00:00.000Z
sensor.corridoio_umidita_2,57.304017160166666,2026-06-08T06:00:00.000Z
sensor.corridoio_umidita_2,57.61374786555555,2026-06-08T07:00:00.000Z
sensor.corridoio_umidita_2,57.51274965033334,2026-06-08T08:00:00.000Z
sensor.corridoio_umidita_2,57.30001897975,2026-06-08T09:00:00.000Z
sensor.corridoio_umidita_2,57.21743575111111,2026-06-08T10:00:00.000Z
sensor.corridoio_umidita_2,57.02882007661111,2026-06-08T11:00:00.000Z
sensor.corridoio_umidita_2,56.9,2026-06-08T12:00:00.000Z
sensor.corridoio_umidita_2,56.810715951166664,2026-06-08T13:00:00.000Z
sensor.corridoio_umidita_2,56.79999999999999,2026-06-08T14:00:00.000Z
sensor.corridoio_umidita_2,56.8068474945,2026-06-08T15:00:00.000Z
sensor.corridoio_umidita_2,56.90220879291667,2026-06-08T16:00:00.000Z
sensor.corridoio_umidita_2,56.64063434972223,2026-06-08T17:00:00.000Z
sensor.corridoio_umidita_2,56.504932649333334,2026-06-08T18:00:00.000Z
sensor.corridoio_umidita_2,56.65881835455556,2026-06-08T19:00:00.000Z
sensor.corridoio_umidita_2,57.08530827297222,2026-06-08T20:00:00.000Z
sensor.corridoio_umidita_2,57.82203112599999,2026-06-08T21:00:00.000Z
sensor.corridoio_umidita_2,58.538811416638886,2026-06-08T22:00:00.000Z
sensor.corridoio_umidita_2,58.954143413222226,2026-06-08T23:00:00.000Z
sensor.corridoio_umidita_2,58.70224155066666,2026-06-09T00:00:00.000Z
sensor.corridoio_umidita_2,58.827073731722216,2026-06-09T01:00:00.000Z
sensor.corridoio_umidita_2,58.98379621375,2026-06-09T02:00:00.000Z
sensor.corridoio_umidita_2,59.25610224630555,2026-06-09T03:00:00.000Z
sensor.corridoio_umidita_2,59.57820182713889,2026-06-09T04:00:00.000Z
sensor.corridoio_umidita_2,59.55603019702778,2026-06-09T05:00:00.000Z
sensor.corridoio_umidita_2,59.18842600547222,2026-06-09T06:00:00.000Z
sensor.corridoio_umidita_2,58.504276258666664,2026-06-09T07:00:00.000Z
sensor.corridoio_umidita_2,57.878108126166666,2026-06-09T08:00:00.000Z
sensor.corridoio_umidita_2,57.09622553002777,2026-06-09T09:00:00.000Z
sensor.corridoio_umidita_2,56.874833811916666,2026-06-09T10:00:00.000Z
sensor.corridoio_umidita_2,56.96995394538889,2026-06-09T11:00:00.000Z
sensor.corridoio_umidita_2,57.1,2026-06-09T12:00:00.000Z
sensor.corridoio_umidita_2,57.183887058138886,2026-06-09T13:00:00.000Z
sensor.corridoio_umidita_2,56.921533699166666,2026-06-09T14:00:00.000Z
sensor.corridoio_umidita_2,56.89506740547222,2026-06-09T15:00:00.000Z
sensor.corridoio_umidita_2,56.83289108086111,2026-06-09T16:00:00.000Z
sensor.corridoio_umidita_2,56.804874441972224,2026-06-09T17:00:00.000Z
sensor.corridoio_umidita_2,56.79379538072222,2026-06-09T18:00:00.000Z
sensor.corridoio_umidita_2,56.84127431202777,2026-06-09T19:00:00.000Z
sensor.corridoio_umidita_2,56.998358053749996,2026-06-09T20:00:00.000Z
sensor.corridoio_umidita_2,57.62489285230556,2026-06-09T21:00:00.000Z
sensor.corridoio_umidita_2,57.47887472208333,2026-06-09T22:00:00.000Z
sensor.corridoio_umidita_2,57.11511772869445,2026-06-09T23:00:00.000Z
sensor.corridoio_umidita_2,56.71979362372222,2026-06-10T00:00:00.000Z
sensor.corridoio_umidita_2,56.54093281061111,2026-06-10T01:00:00.000Z
sensor.corridoio_umidita_2,56.61711709913889,2026-06-10T02:00:00.000Z
sensor.corridoio_umidita_2,56.52146634491667,2026-06-10T03:00:00.000Z
sensor.corridoio_umidita_2,56.45568767238888,2026-06-10T04:00:00.000Z
sensor.corridoio_umidita_2,56.393171059555556,2026-06-10T05:00:00.000Z
sensor.corridoio_umidita_2,56.177172733249996,2026-06-10T06:00:00.000Z
sensor.corridoio_umidita_2,55.998951141111114,2026-06-10T07:00:00.000Z
sensor.corridoio_umidita_2,57.13868252933333,2026-06-10T08:00:00.000Z
sensor.corridoio_umidita_2,57.55077632788889,2026-06-10T09:00:00.000Z
sensor.corridoio_umidita_2,58.02803917913889,2026-06-10T10:00:00.000Z
sensor.corridoio_umidita_2,57.93112102763889,2026-06-10T11:00:00.000Z
sensor.corridoio_umidita_2,58.24947454161111,2026-06-10T12:00:00.000Z
sensor.corridoio_umidita_2,57.833551685555555,2026-06-10T13:00:00.000Z
sensor.corridoio_umidita_2,57.59202854491667,2026-06-10T14:00:00.000Z
sensor.corridoio_umidita_2,57.321435454833335,2026-06-10T15:00:00.000Z
sensor.corridoio_umidita_2,57.21371736708334,2026-06-10T16:00:00.000Z
sensor.corridoio_umidita_2,57.49206748973334,2026-06-10T17:00:00.000Z
sensor.corridoio_umidita_2,57.99896450083333,2026-06-10T18:00:00.000Z
sensor.corridoio_umidita_2,57.30053852152778,2026-06-10T19:00:00.000Z
sensor.corridoio_umidita_2,55.490680704666666,2026-06-10T20:00:00.000Z
sensor.corridoio_umidita_2,53.24552014391667,2026-06-10T21:00:00.000Z
sensor.corridoio_umidita_2,52.60020298830556,2026-06-10T22:00:00.000Z
sensor.corridoio_umidita_2,52.58357927141666,2026-06-10T23:00:00.000Z
sensor.corridoio_umidita_2,52.16098497313889,2026-06-11T00:00:00.000Z
sensor.corridoio_umidita_2,52.028295329722226,2026-06-11T01:00:00.000Z
sensor.corridoio_umidita_2,51.87483882008333,2026-06-11T02:00:00.000Z
sensor.corridoio_umidita_2,51.86643519486111,2026-06-11T03:00:00.000Z
sensor.corridoio_umidita_2,51.715426195388886,2026-06-11T04:00:00.000Z
sensor.corridoio_umidita_2,51.57723018227778,2026-06-11T05:00:00.000Z
sensor.corridoio_umidita_2,50.94539233236111,2026-06-11T06:00:00.000Z
sensor.corridoio_umidita_2,50.100054138500006,2026-06-11T07:00:00.000Z
sensor.corridoio_umidita_2,49.35706088166666,2026-06-11T08:00:00.000Z
sensor.corridoio_umidita_2,48.48333507569444,2026-06-11T09:00:00.000Z
sensor.corridoio_umidita_2,47.00506145588889,2026-06-11T10:00:00.000Z
sensor.corridoio_umidita_2,47.26693827366666,2026-06-11T11:00:00.000Z
sensor.corridoio_umidita_2,47.56508329944444,2026-06-11T12:00:00.000Z
sensor.corridoio_umidita_2,47.671756453027776,2026-06-11T13:00:00.000Z
sensor.corridoio_umidita_2,46.90229695513889,2026-06-11T14:00:00.000Z
sensor.corridoio_umidita_2,46.11858487241667,2026-06-11T15:00:00.000Z
sensor.corridoio_umidita_2,47.174000322944444,2026-06-11T16:00:00.000Z
sensor.corridoio_umidita_2,47.655225496250004,2026-06-11T17:00:00.000Z
sensor.corridoio_umidita_2,48.158568496916665,2026-06-11T18:00:00.000Z
sensor.corridoio_umidita_2,50.91703964727778,2026-06-11T19:00:00.000Z
sensor.corridoio_umidita_2,49.79011695211111,2026-06-11T20:00:00.000Z
sensor.corridoio_umidita_2,50.165564339111114,2026-06-11T21:00:00.000Z
sensor.corridoio_umidita_2,49.966442141305556,2026-06-11T22:00:00.000Z
sensor.corridoio_umidita_2,49.48680439052777,2026-06-11T23:00:00.000Z
sensor.corridoio_umidita_2,49.349872018305554,2026-06-12T00:00:00.000Z
sensor.corridoio_umidita_2,49.48388700536111,2026-06-12T01:00:00.000Z
sensor.corridoio_umidita_2,49.340036853027776,2026-06-12T02:00:00.000Z
sensor.corridoio_umidita_2,48.79762615725,2026-06-12T03:00:00.000Z
sensor.corridoio_umidita_2,48.37166509280556,2026-06-12T04:00:00.000Z
sensor.corridoio_umidita_2,48.398325096777775,2026-06-12T05:00:00.000Z
sensor.corridoio_umidita_2,48.71758842008333,2026-06-12T06:00:00.000Z
sensor.corridoio_umidita_2,48.62307580227778,2026-06-12T07:00:00.000Z
sensor.corridoio_umidita_2,48.561997775583336,2026-06-12T08:00:00.000Z
sensor.corridoio_umidita_2,48.47096253688889,2026-06-12T09:00:00.000Z
sensor.corridoio_umidita_2,48.403494588499996,2026-06-12T10:00:00.000Z
sensor.corridoio_umidita_2,48.72506046819444,2026-06-12T11:00:00.000Z
sensor.corridoio_umidita_2,48.69887605644445,2026-06-12T12:00:00.000Z
sensor.corridoio_umidita_2,48.881948282222226,2026-06-12T13:00:00.000Z
sensor.corridoio_umidita_2,48.97930335322223,2026-06-12T14:00:00.000Z
sensor.corridoio_umidita_2,48.94095367472223,2026-06-12T15:00:00.000Z
sensor.corridoio_umidita_2,48.52092182502778,2026-06-12T16:00:00.000Z
sensor.corridoio_umidita_2,48.58569045102777,2026-06-12T17:00:00.000Z
sensor.corridoio_umidita_2,48.86669446483334,2026-06-12T18:00:00.000Z
sensor.corridoio_umidita_2,48.71173280794445,2026-06-12T19:00:00.000Z
sensor.corridoio_umidita_2,49.86171888788889,2026-06-12T20:00:00.000Z
sensor.corridoio_umidita_2,50.32897901830555,2026-06-12T21:00:00.000Z
sensor.corridoio_umidita_2,50.65529641166666,2026-06-12T22:00:00.000Z
sensor.corridoio_umidita_2,50.92678332063889,2026-06-12T23:00:00.000Z
sensor.corridoio_umidita_2,51.491425184444445,2026-06-13T00:00:00.000Z
sensor.corridoio_umidita_2,51.82359290036111,2026-06-13T01:00:00.000Z
sensor.corridoio_umidita_2,52.186345260361115,2026-06-13T02:00:00.000Z
sensor.corridoio_umidita_2,52.4123111655,2026-06-13T03:00:00.000Z
sensor.corridoio_umidita_2,52.5,2026-06-13T04:00:00.000Z
sensor.corridoio_umidita_2,52.60964004425,2026-06-13T05:00:00.000Z
sensor.corridoio_umidita_2,52.78313626152778,2026-06-13T06:00:00.000Z
sensor.corridoio_umidita_2,52.29374779475,2026-06-13T07:00:00.000Z
sensor.corridoio_umidita_2,52.106231477777776,2026-06-13T08:00:00.000Z
sensor.corridoio_umidita_2,52.794813729333335,2026-06-13T09:00:00.000Z
sensor.corridoio_umidita_2,52.72626526227777,2026-06-13T10:00:00.000Z
sensor.corridoio_umidita_2,52.817214689333326,2026-06-13T11:00:00.000Z
sensor.corridoio_umidita_2,52.69937568186111,2026-06-13T12:00:00.000Z
sensor.corridoio_umidita_2,52.59251138827778,2026-06-13T13:00:00.000Z
sensor.corridoio_umidita_2,52.429292075333336,2026-06-13T14:00:00.000Z
sensor.corridoio_umidita_2,51.80700778802778,2026-06-13T15:00:00.000Z
sensor.corridoio_umidita_2,50.92806836552777,2026-06-13T16:00:00.000Z
sensor.corridoio_umidita_2,50.602805523527785,2026-06-13T17:00:00.000Z
sensor.corridoio_umidita_2,49.738597447,2026-06-13T18:00:00.000Z
sensor.corridoio_umidita_2,49.273386836111115,2026-06-13T19:00:00.000Z
sensor.corridoio_umidita_2,49.88026002302778,2026-06-13T20:00:00.000Z
sensor.corridoio_umidita_2,51.5030732225,2026-06-13T21:00:00.000Z
sensor.corridoio_umidita_2,52.14462691213888,2026-06-13T22:00:00.000Z
sensor.corridoio_umidita_2,52.08311134075001,2026-06-13T23:00:00.000Z
sensor.corridoio_umidita_2,51.849544349194446,2026-06-14T00:00:00.000Z
sensor.corridoio_umidita_2,51.699337727944446,2026-06-14T01:00:00.000Z
sensor.corridoio_umidita_2,51.85752049183333,2026-06-14T02:00:00.000Z
sensor.corridoio_umidita_2,51.704286802333336,2026-06-14T03:00:00.000Z
sensor.corridoio_umidita_2,51.560589611333334,2026-06-14T04:00:00.000Z
sensor.corridoio_umidita_2,51.55552097494444,2026-06-14T05:00:00.000Z
sensor.corridoio_umidita_2,51.70195459511111,2026-06-14T06:00:00.000Z
sensor.corridoio_umidita_2,52.049644866083334,2026-06-14T07:00:00.000Z
sensor.corridoio_umidita_2,51.947174207333326,2026-06-14T08:00:00.000Z
sensor.corridoio_umidita_2,52.05016545125,2026-06-14T09:00:00.000Z
sensor.corridoio_umidita_2,50.98508702522222,2026-06-14T10:00:00.000Z
sensor.corridoio_umidita_2,51.727545551805555,2026-06-14T11:00:00.000Z
sensor.corridoio_umidita_2,52.15948959627778,2026-06-14T12:00:00.000Z
sensor.corridoio_umidita_2,52.56395371352778,2026-06-14T13:00:00.000Z
sensor.corridoio_umidita_2,52.99922771852778,2026-06-14T14:00:00.000Z
sensor.corridoio_umidita_2,53,2026-06-14T15:00:00.000Z
sensor.corridoio_umidita_2,52.96923077052778,2026-06-14T16:00:00.000Z
sensor.corridoio_umidita_2,53.010541787722225,2026-06-14T17:00:00.000Z
sensor.corridoio_umidita_2,53.100157370805555,2026-06-14T18:00:00.000Z
sensor.corridoio_umidita_2,53.50735239169444,2026-06-14T19:00:00.000Z
sensor.corridoio_umidita_2,53.78682259991667,2026-06-14T20:00:00.000Z
sensor.corridoio_umidita_2,56.80053194291667,2026-06-14T21:00:00.000Z
sensor.corridoio_umidita_2,56.00066518625,2026-06-14T22:00:00.000Z
sensor.corridoio_umidita_2,55.71170784588889,2026-06-14T23:00:00.000Z
sensor.corridoio_umidita_2,55.415327220638886,2026-06-15T00:00:00.000Z
sensor.corridoio_umidita_2,54.93355437933334,2026-06-15T01:00:00.000Z
sensor.corridoio_umidita_2,54.58467956688889,2026-06-15T02:00:00.000Z
sensor.corridoio_umidita_2,54.377631770305555,2026-06-15T03:00:00.000Z
sensor.corridoio_umidita_2,54.28562416636111,2026-06-15T04:00:00.000Z
sensor.corridoio_umidita_2,54.20000000000001,2026-06-15T05:00:00.000Z
sensor.corridoio_umidita_2,54.30624932369444,2026-06-15T06:00:00.000Z
sensor.corridoio_umidita_2,54.671757760388886,2026-06-15T07:00:00.000Z
sensor.corridoio_umidita_2,54.70213669902778,2026-06-15T08:00:00.000Z
sensor.corridoio_umidita_2,54.39583024177778,2026-06-15T09:00:00.000Z
sensor.corridoio_umidita_2,53.45732781494444,2026-06-15T10:00:00.000Z
sensor.corridoio_umidita_2,52.24525251852777,2026-06-15T11:00:00.000Z
sensor.corridoio_umidita_2,51.18775592225,2026-06-15T12:00:00.000Z
sensor.corridoio_umidita_2,50.24908243177777,2026-06-15T13:00:00.000Z
sensor.corridoio_umidita_2,49.6945506905,2026-06-15T14:00:00.000Z
sensor.corridoio_umidita_2,49.44544331191667,2026-06-15T15:00:00.000Z
sensor.corridoio_umidita_2,49.50891899436112,2026-06-15T16:00:00.000Z
sensor.corridoio_umidita_2,49.32748349841666,2026-06-15T17:00:00.000Z
sensor.corridoio_umidita_2,49.01453060602778,2026-06-15T18:00:00.000Z
sensor.corridoio_umidita_2,48.87187852397222,2026-06-15T19:00:00.000Z
sensor.corridoio_umidita_2,48.75600386047222,2026-06-15T20:00:00.000Z
sensor.corridoio_umidita_2,48.79048379961111,2026-06-15T21:00:00.000Z
sensor.corridoio_umidita_2,48.941716149027776,2026-06-15T22:00:00.000Z
sensor.corridoio_umidita_2,49.91386317661111,2026-06-15T23:00:00.000Z
sensor.corridoio_umidita_2,51.248690816861114,2026-06-16T00:00:00.000Z
sensor.corridoio_umidita_2,52.115374843722215,2026-06-16T01:00:00.000Z
sensor.corridoio_umidita_2,52.73767990247222,2026-06-16T02:00:00.000Z
sensor.corridoio_umidita_2,53.1306411065,2026-06-16T03:00:00.000Z
sensor.corridoio_umidita_2,53.3544789835,2026-06-16T04:00:00.000Z
sensor.corridoio_umidita_2,53.531098568972226,2026-06-16T05:00:00.000Z
sensor.corridoio_umidita_2,53.466446483,2026-06-16T06:00:00.000Z
sensor.corridoio_umidita_2,53.65492538875,2026-06-16T07:00:00.000Z
sensor.corridoio_umidita_2,53.620048247666666,2026-06-16T08:00:00.000Z
sensor.corridoio_umidita_2,54.045949295583334,2026-06-16T09:00:00.000Z
sensor.corridoio_umidita_2,54.02064408569444,2026-06-16T10:00:00.000Z
sensor.corridoio_umidita_2,53.814841990055555,2026-06-16T11:00:00.000Z
sensor.corridoio_umidita_2,53.885089429805554,2026-06-16T12:00:00.000Z
sensor.corridoio_umidita_2,54.18441864161111,2026-06-16T13:00:00.000Z
sensor.corridoio_umidita_2,54.274707475638884,2026-06-16T14:00:00.000Z
sensor.corridoio_umidita_2,54.12126730013889,2026-06-16T15:00:00.000Z
sensor.corridoio_umidita_2,53.85178594861111,2026-06-16T16:00:00.000Z
sensor.corridoio_umidita_2,53.88670824691667,2026-06-16T17:00:00.000Z
sensor.corridoio_umidita_2,54.880892868555556,2026-06-16T18:00:00.000Z
sensor.corridoio_umidita_2,55.48235207002778,2026-06-16T19:00:00.000Z
sensor.corridoio_umidita_2,53.967188631055556,2026-06-16T20:00:00.000Z
sensor.corridoio_umidita_2,54.059142012861116,2026-06-16T21:00:00.000Z
sensor.corridoio_umidita_2,54.04490142205555,2026-06-16T22:00:00.000Z
sensor.corridoio_umidita_2,54.08803070066667,2026-06-16T23:00:00.000Z
sensor.corridoio_umidita_2,54.29999999999999,2026-06-17T00:00:00.000Z
sensor.corridoio_umidita_2,54.367210811444444,2026-06-17T01:00:00.000Z
sensor.corridoio_umidita_2,54.5,2026-06-17T02:00:00.000Z
sensor.corridoio_umidita_2,54.565827193,2026-06-17T03:00:00.000Z
sensor.corridoio_umidita_2,54.53288805216667,2026-06-17T04:00:00.000Z
sensor.corridoio_umidita_2,54.689667232972226,2026-06-17T05:00:00.000Z
sensor.corridoio_umidita_2,54.70511086613889,2026-06-17T06:00:00.000Z
sensor.corridoio_umidita_2,54.871555744666665,2026-06-17T07:00:00.000Z
sensor.corridoio_umidita_2,54.92055560011111,2026-06-17T08:00:00.000Z
sensor.corridoio_umidita_2,55.266272809777774,2026-06-17T09:00:00.000Z
sensor.corridoio_umidita_2,54.62203942452778,2026-06-17T10:00:00.000Z
sensor.corridoio_umidita_2,54.20000000000001,2026-06-17T11:00:00.000Z
sensor.corridoio_umidita_2,54.276496694611104,2026-06-17T12:00:00.000Z
sensor.corridoio_umidita_2,54.401325014222216,2026-06-17T13:00:00.000Z
sensor.corridoio_umidita_2,54.5,2026-06-17T14:00:00.000Z
sensor.corridoio_umidita_2,54.33478311522222,2026-06-17T15:00:00.000Z
sensor.corridoio_umidita_2,54.19489272511112,2026-06-17T16:00:00.000Z
sensor.corridoio_umidita_2,53.94014626705555,2026-06-17T17:00:00.000Z
sensor.corridoio_umidita_2,53.98632967569444,2026-06-17T18:00:00.000Z
sensor.corridoio_umidita_2,54.09272005380556,2026-06-17T19:00:00.000Z
sensor.corridoio_umidita_2,54.270852314416665,2026-06-17T20:00:00.000Z
sensor.corridoio_umidita_2,54.319854756388885,2026-06-17T21:00:00.000Z
sensor.corridoio_umidita_2,54.402413054499995,2026-06-17T22:00:00.000Z
sensor.corridoio_umidita_2,54.718467585444444,2026-06-17T23:00:00.000Z
sensor.corridoio_umidita_2,55.126916154583334,2026-06-18T00:00:00.000Z
sensor.corridoio_umidita_2,55.19310996194445,2026-06-18T01:00:00.000Z
sensor.corridoio_umidita_2,55.29999999999999,2026-06-18T02:00:00.000Z
sensor.corridoio_umidita_2,55.29999999999999,2026-06-18T03:00:00.000Z
sensor.corridoio_umidita_2,55.429718321222225,2026-06-18T05:00:00.000Z
sensor.corridoio_umidita_2,55.441269871611105,2026-06-18T06:00:00.000Z
sensor.corridoio_umidita_2,55.60585045491667,2026-06-18T07:00:00.000Z
sensor.corridoio_umidita_2,55.612260305333336,2026-06-18T08:00:00.000Z
sensor.corridoio_umidita_2,55.470977325250004,2026-06-18T09:00:00.000Z
sensor.corridoio_umidita_2,55.89360343355556,2026-06-18T10:00:00.000Z
sensor.corridoio_umidita_2,55.59403278780556,2026-06-18T11:00:00.000Z
sensor.corridoio_umidita_2,55.861483315444445,2026-06-18T12:00:00.000Z
sensor.corridoio_umidita_2,56.07864977883333,2026-06-18T13:00:00.000Z
sensor.corridoio_umidita_2,56.02516504691667,2026-06-18T14:00:00.000Z
sensor.corridoio_umidita_2,55.675743465388884,2026-06-18T15:00:00.000Z
sensor.corridoio_umidita_2,55.217805141250004,2026-06-18T16:00:00.000Z
sensor.corridoio_umidita_2,54.729182422444445,2026-06-18T17:00:00.000Z
sensor.corridoio_umidita_2,55.02016923666667,2026-06-18T18:00:00.000Z
sensor.corridoio_umidita_2,54.9298680596111,2026-06-18T19:00:00.000Z
sensor.corridoio_umidita_2,55.28185623394444,2026-06-18T20:00:00.000Z
sensor.corridoio_umidita_2,55.25805954952778,2026-06-18T21:00:00.000Z
sensor.corridoio_umidita_2,54.934561209777776,2026-06-18T22:00:00.000Z
sensor.corridoio_umidita_2,54.68555774733334,2026-06-18T23:00:00.000Z
sensor.corridoio_umidita_2,54.54359975502778,2026-06-19T00:00:00.000Z
sensor.corridoio_umidita_2,54.508131290305556,2026-06-19T01:00:00.000Z
sensor.corridoio_umidita_2,54.995020842222225,2026-06-19T02:00:00.000Z
sensor.corridoio_umidita_2,55.27605573086111,2026-06-19T03:00:00.000Z
sensor.corridoio_umidita_2,55.533555621972226,2026-06-19T04:00:00.000Z
sensor.corridoio_umidita_2,55.5,2026-06-19T05:00:00.000Z
sensor.corridoio_umidita_2,55.5,2026-06-19T06:00:00.000Z
sensor.corridoio_umidita_2,55.58543702488888,2026-06-19T08:00:00.000Z
sensor.corridoio_umidita_2,55.65311460880556,2026-06-19T09:00:00.000Z
sensor.corridoio_umidita_2,55.00613532827777,2026-06-19T10:00:00.000Z
sensor.corridoio_umidita_2,55.582110662750004,2026-06-19T11:00:00.000Z
sensor.corridoio_umidita_2,55.78306623063889,2026-06-19T12:00:00.000Z
sensor.corridoio_umidita_2,55.92519406030556,2026-06-19T13:00:00.000Z
sensor.corridoio_umidita_2,55.958833789972225,2026-06-19T14:00:00.000Z
sensor.corridoio_umidita_2,55.92515985472222,2026-06-19T15:00:00.000Z
sensor.corridoio_umidita_2,55.536344834000005,2026-06-19T16:00:00.000Z
sensor.corridoio_umidita_2,55.42020527225,2026-06-19T17:00:00.000Z
sensor.corridoio_umidita_2,55.57689383713889,2026-06-19T18:00:00.000Z
sensor.corridoio_umidita_2,55.21186408477778,2026-06-19T19:00:00.000Z
sensor.corridoio_umidita_2,55.596820543027775,2026-06-19T20:00:00.000Z
sensor.corridoio_umidita_2,55.88483394725,2026-06-19T21:00:00.000Z
sensor.corridoio_umidita_2,55.975108994833334,2026-06-19T22:00:00.000Z
sensor.corridoio_umidita_2,56.14966738280555,2026-06-19T23:00:00.000Z
sensor.corridoio_umidita_2,56.29001030011111,2026-06-20T00:00:00.000Z
sensor.corridoio_umidita_2,56.5,2026-06-20T01:00:00.000Z
sensor.corridoio_umidita_2,56.5,2026-06-20T02:00:00.000Z
sensor.corridoio_umidita_2,56.52454139233333,2026-06-20T04:00:00.000Z
sensor.corridoio_umidita_2,56.61547923105556,2026-06-20T05:00:00.000Z
sensor.corridoio_umidita_2,56.70000000000001,2026-06-20T06:00:00.000Z
sensor.corridoio_umidita_2,56.66068211383333,2026-06-20T07:00:00.000Z
sensor.corridoio_umidita_2,56.6,2026-06-20T08:00:00.000Z
sensor.corridoio_umidita_2,56.37654193658333,2026-06-20T09:00:00.000Z
sensor.corridoio_umidita_2,56.125166058805554,2026-06-20T10:00:00.000Z
sensor.corridoio_umidita_2,56.1,2026-06-20T11:00:00.000Z
sensor.corridoio_umidita_2,55.89734420533333,2026-06-20T12:00:00.000Z
sensor.corridoio_umidita_2,55.64478422297222,2026-06-20T13:00:00.000Z
sensor.corridoio_umidita_2,55.994460107277774,2026-06-20T14:00:00.000Z
sensor.corridoio_umidita_2,56.31099541947222,2026-06-20T15:00:00.000Z
sensor.corridoio_umidita_2,55.773489510527774,2026-06-20T16:00:00.000Z
sensor.corridoio_umidita_2,55.298192917305556,2026-06-20T17:00:00.000Z
sensor.corridoio_umidita_2,55.18013519458333,2026-06-20T18:00:00.000Z
sensor.corridoio_umidita_2,54.715887698500005,2026-06-20T19:00:00.000Z
sensor.corridoio_umidita_2,54.51611805963889,2026-06-20T20:00:00.000Z
sensor.corridoio_umidita_2,54.68030888063888,2026-06-20T21:00:00.000Z
sensor.corridoio_umidita_2,55.424855722833335,2026-06-20T22:00:00.000Z
sensor.corridoio_umidita_2,56.63204316852778,2026-06-20T23:00:00.000Z
sensor.corridoio_umidita_2,57.194384805277785,2026-06-21T00:00:00.000Z
sensor.corridoio_umidita_2,57.248809543861114,2026-06-21T01:00:00.000Z
sensor.corridoio_umidita_2,56.6630048925,2026-06-21T02:00:00.000Z
sensor.corridoio_umidita_2,57.281589095305556,2026-06-21T03:00:00.000Z
sensor.corridoio_umidita_2,57.4,2026-06-21T04:00:00.000Z
sensor.corridoio_umidita_2,57.4,2026-06-21T05:00:00.000Z
sensor.corridoio_umidita_2,57.4241727855,2026-06-21T07:00:00.000Z
sensor.corridoio_umidita_2,56.61074413672222,2026-06-21T08:00:00.000Z
sensor.corridoio_umidita_2,57.00130729255556,2026-06-21T09:00:00.000Z
sensor.corridoio_umidita_2,56.20235508755555,2026-06-21T10:00:00.000Z
sensor.corridoio_umidita_2,56.49297014444445,2026-06-21T11:00:00.000Z
sensor.corridoio_umidita_2,57.12633299336111,2026-06-21T12:00:00.000Z
sensor.corridoio_umidita_2,57.72153297102778,2026-06-21T13:00:00.000Z
sensor.corridoio_umidita_2,57.81122865505555,2026-06-21T14:00:00.000Z
sensor.corridoio_umidita_2,57.15077179144444,2026-06-21T15:00:00.000Z
sensor.corridoio_umidita_2,55.28335140463889,2026-06-21T16:00:00.000Z
sensor.corridoio_umidita_2,55.06263247858333,2026-06-21T17:00:00.000Z
sensor.corridoio_umidita_2,52.17300607055555,2026-06-21T18:00:00.000Z
sensor.corridoio_umidita_2,52.926538368555555,2026-06-21T19:00:00.000Z
sensor.corridoio_umidita_2,56.113252913055554,2026-06-21T20:00:00.000Z
sensor.corridoio_umidita_2,56.31706765663889,2026-06-21T21:00:00.000Z
sensor.corridoio_umidita_2,50.696811196472225,2026-06-21T22:00:00.000Z
sensor.corridoio_umidita_2,53.92088837127778,2026-06-21T23:00:00.000Z
sensor.corridoio_umidita_2,56.205048605277774,2026-06-22T00:00:00.000Z
sensor.corridoio_umidita_2,57.25416741,2026-06-22T01:00:00.000Z
sensor.corridoio_umidita_2,56.874545880666666,2026-06-22T02:00:00.000Z
sensor.corridoio_umidita_2,54.119801057249994,2026-06-22T03:00:00.000Z
sensor.corridoio_umidita_2,50.611158887972216,2026-06-22T04:00:00.000Z
sensor.corridoio_umidita_2,52.03515008916667,2026-06-22T05:00:00.000Z
sensor.corridoio_umidita_2,53.49822735811111,2026-06-22T06:00:00.000Z
sensor.corridoio_umidita_2,54.37617322908333,2026-06-22T07:00:00.000Z
sensor.corridoio_umidita_2,54.194702293999995,2026-06-22T08:00:00.000Z
sensor.corridoio_umidita_2,54.64369324091666,2026-06-22T09:00:00.000Z
sensor.corridoio_umidita_2,54.99514406075,2026-06-22T10:00:00.000Z
sensor.corridoio_umidita_2,55.910289478500005,2026-06-22T11:00:00.000Z
sensor.corridoio_umidita_2,55.87859907025,2026-06-22T12:00:00.000Z
sensor.corridoio_umidita_2,55.755919810777776,2026-06-22T13:00:00.000Z
sensor.corridoio_umidita_2,55.0536742365,2026-06-22T14:00:00.000Z
sensor.corridoio_umidita_2,55.00861136877777,2026-06-22T15:00:00.000Z
sensor.corridoio_umidita_2,55.53606141280001,2026-06-22T16:00:00.000Z
sensor.corridoio_umidita_2,51.497370589285715,2026-06-29T13:00:00.000Z
sensor.corridoio_umidita_2,52.23053198475,2026-06-29T14:00:00.000Z
sensor.corridoio_umidita_2,52.539429291194445,2026-06-29T15:00:00.000Z
sensor.corridoio_umidita_2,52.43858462694445,2026-06-29T16:00:00.000Z
sensor.corridoio_umidita_2,53.05051739022222,2026-06-29T17:00:00.000Z
sensor.corridoio_umidita_2,52.88972375005556,2026-06-29T18:00:00.000Z
sensor.corridoio_umidita_2,52.419933320055556,2026-06-29T19:00:00.000Z
sensor.corridoio_umidita_2,53.3902038,2026-06-29T20:00:00.000Z
sensor.corridoio_umidita_2,53.68552758291667,2026-06-29T21:00:00.000Z
sensor.corridoio_umidita_2,53.71221961738889,2026-06-29T22:00:00.000Z
sensor.corridoio_umidita_2,52.62789848594445,2026-06-29T23:00:00.000Z
sensor.corridoio_umidita_2,52.3498629615,2026-06-30T00:00:00.000Z
sensor.corridoio_umidita_2,52.39184807466666,2026-06-30T01:00:00.000Z
sensor.corridoio_umidita_2,51.617171429361115,2026-06-30T02:00:00.000Z
sensor.corridoio_umidita_2,51.10852859791667,2026-06-30T03:00:00.000Z
sensor.corridoio_umidita_2,51,2026-06-30T04:00:00.000Z
sensor.corridoio_umidita_2,50.749432894111116,2026-06-30T05:00:00.000Z
sensor.corridoio_umidita_2,51.19957754611111,2026-06-30T06:00:00.000Z
sensor.corridoio_umidita_2,52.79991931622222,2026-06-30T07:00:00.000Z
sensor.corridoio_umidita_2,53.18643411077778,2026-06-30T08:00:00.000Z
sensor.corridoio_umidita_2,54.52199075783333,2026-06-30T09:00:00.000Z
sensor.corridoio_umidita_2,54.081735018888885,2026-06-30T10:00:00.000Z
sensor.corridoio_umidita_2,54.21054575997223,2026-06-30T11:00:00.000Z
sensor.corridoio_umidita_2,53.73901873241667,2026-06-30T12:00:00.000Z
sensor.corridoio_umidita_2,53.15022563288889,2026-06-30T13:00:00.000Z
sensor.corridoio_umidita_2,53.04257537466666,2026-06-30T14:00:00.000Z
sensor.corridoio_umidita_2,52.95609442013889,2026-06-30T15:00:00.000Z
sensor.corridoio_umidita_2,53.12527645461111,2026-06-30T16:00:00.000Z
sensor.corridoio_umidita_2,53.1,2026-06-30T17:00:00.000Z
sensor.corridoio_umidita_2,53.137871028444444,2026-06-30T18:00:00.000Z
sensor.corridoio_umidita_2,53.274408954694444,2026-06-30T19:00:00.000Z
sensor.corridoio_umidita_2,53.63731940108334,2026-06-30T20:00:00.000Z
sensor.corridoio_umidita_2,53.06577598263889,2026-06-30T21:00:00.000Z
sensor.corridoio_umidita_2,53.022071329166664,2026-06-30T22:00:00.000Z
sensor.corridoio_umidita_2,53.75198621047222,2026-06-30T23:00:00.000Z
sensor.corridoio_umidita_2,53.30191881080555,2026-07-01T00:00:00.000Z
sensor.corridoio_umidita_2,52.776121980027774,2026-07-01T01:00:00.000Z
sensor.corridoio_umidita_2,52.033867428444445,2026-07-01T02:00:00.000Z
sensor.corridoio_umidita_2,51.66770550844444,2026-07-01T03:00:00.000Z
sensor.corridoio_umidita_2,52.98602084633333,2026-07-01T04:00:00.000Z
sensor.corridoio_umidita_2,53.77740915077778,2026-07-01T05:00:00.000Z
sensor.corridoio_umidita_2,54.53017288958333,2026-07-01T06:00:00.000Z
sensor.corridoio_umidita_2,54.432222193166666,2026-07-01T07:00:00.000Z
sensor.corridoio_umidita_2,54.48470324052778,2026-07-01T08:00:00.000Z
sensor.corridoio_umidita_2,54.45632702719445,2026-07-01T09:00:00.000Z
sensor.corridoio_umidita_2,54.24299999380556,2026-07-01T10:00:00.000Z
sensor.corridoio_umidita_2,54.948578664,2026-07-01T11:00:00.000Z
sensor.corridoio_umidita_2,55.170428627722224,2026-07-01T12:00:00.000Z
sensor.corridoio_umidita_2,54.153071716805556,2026-07-01T13:00:00.000Z
sensor.corridoio_umidita_2,49.75427309888889,2026-07-01T14:00:00.000Z
sensor.corridoio_umidita_2,46.616862730722225,2026-07-01T15:00:00.000Z
sensor.corridoio_umidita_2,48.04331899666666,2026-07-01T16:00:00.000Z
sensor.corridoio_umidita_2,48.71489433794445,2026-07-01T17:00:00.000Z
sensor.corridoio_umidita_2,49.58031489497222,2026-07-01T18:00:00.000Z
sensor.corridoio_umidita_2,49.91144287319444,2026-07-01T19:00:00.000Z
sensor.corridoio_umidita_2,50.946967985777775,2026-07-01T20:00:00.000Z
sensor.corridoio_umidita_2,51.578610400722226,2026-07-01T21:00:00.000Z
sensor.corridoio_umidita_2,50.85582459577778,2026-07-01T22:00:00.000Z
sensor.corridoio_umidita_2,50.87735963627778,2026-07-01T23:00:00.000Z
sensor.corridoio_umidita_2,51.08388468105556,2026-07-02T00:00:00.000Z
sensor.corridoio_umidita_2,51.23285335208334,2026-07-02T01:00:00.000Z
sensor.corridoio_umidita_2,51.64541121683333,2026-07-02T02:00:00.000Z
sensor.corridoio_umidita_2,52.22590572758333,2026-07-02T03:00:00.000Z
sensor.corridoio_umidita_2,52.654464489750005,2026-07-02T04:00:00.000Z
sensor.corridoio_umidita_2,52.63075663736112,2026-07-02T05:00:00.000Z
sensor.corridoio_umidita_2,52.229960152194444,2026-07-02T06:00:00.000Z
sensor.corridoio_umidita_2,51.70730229702778,2026-07-02T07:00:00.000Z
sensor.corridoio_umidita_2,50.97571151708333,2026-07-02T08:00:00.000Z
sensor.corridoio_umidita_2,50.229491587194445,2026-07-02T09:00:00.000Z
sensor.corridoio_umidita_2,49.37484813394445,2026-07-02T10:00:00.000Z
sensor.corridoio_umidita_2,49.25398719947222,2026-07-02T11:00:00.000Z
sensor.corridoio_umidita_2,48.815760265499996,2026-07-02T12:00:00.000Z
sensor.corridoio_umidita_2,49.01262172163889,2026-07-02T13:00:00.000Z
sensor.corridoio_umidita_2,49.18171073333334,2026-07-02T14:00:00.000Z
sensor.corridoio_umidita_2,49.04386374261111,2026-07-02T15:00:00.000Z
sensor.corridoio_umidita_2,48.47661781744444,2026-07-02T16:00:00.000Z
sensor.corridoio_umidita_2,47.71242630094445,2026-07-02T17:00:00.000Z
sensor.corridoio_umidita_2,47.43433304708333,2026-07-02T18:00:00.000Z
sensor.corridoio_umidita_2,47.59442784752778,2026-07-02T19:00:00.000Z
sensor.corridoio_umidita_2,47.798195573138884,2026-07-02T20:00:00.000Z
sensor.corridoio_umidita_2,47.42248615763889,2026-07-02T21:00:00.000Z
sensor.corridoio_umidita_2,46.892346319750004,2026-07-02T22:00:00.000Z
sensor.corridoio_umidita_2,47.1,2026-07-02T23:00:00.000Z
sensor.corridoio_umidita_2,47.576763075,2026-07-03T00:00:00.000Z
sensor.corridoio_umidita_2,48.179305318249995,2026-07-03T01:00:00.000Z
sensor.corridoio_umidita_2,48.49408585041667,2026-07-03T02:00:00.000Z
sensor.corridoio_umidita_2,48.69074378591667,2026-07-03T03:00:00.000Z
sensor.corridoio_umidita_2,48.99669261258333,2026-07-03T04:00:00.000Z
sensor.corridoio_umidita_2,49.483876642527775,2026-07-03T05:00:00.000Z
sensor.corridoio_umidita_2,49.543504364722224,2026-07-03T06:00:00.000Z
sensor.corridoio_umidita_2,48.616053988861104,2026-07-03T07:00:00.000Z
sensor.corridoio_umidita_2,48.122748092861116,2026-07-03T08:00:00.000Z
sensor.corridoio_umidita_2,48.24992666833333,2026-07-03T09:00:00.000Z
sensor.corridoio_umidita_2,47.66237381513889,2026-07-03T10:00:00.000Z
sensor.corridoio_umidita_2,47.60015629077778,2026-07-03T11:00:00.000Z
sensor.corridoio_umidita_2,47.767107783027775,2026-07-03T12:00:00.000Z
sensor.corridoio_umidita_2,47.68492066819445,2026-07-03T13:00:00.000Z
sensor.corridoio_umidita_2,47.73788679236111,2026-07-03T14:00:00.000Z
sensor.corridoio_umidita_2,47.720071327166664,2026-07-03T15:00:00.000Z
sensor.corridoio_umidita_2,47.411057634749994,2026-07-03T16:00:00.000Z
sensor.corridoio_umidita_2,47.136250998,2026-07-03T17:00:00.000Z
sensor.corridoio_umidita_2,46.83774253366667,2026-07-03T18:00:00.000Z
sensor.corridoio_umidita_2,46.423078238138885,2026-07-03T19:00:00.000Z
sensor.corridoio_umidita_2,46.60652565986111,2026-07-03T20:00:00.000Z
sensor.corridoio_umidita_2,46.81053864030556,2026-07-03T21:00:00.000Z
sensor.corridoio_umidita_2,47.29689544694444,2026-07-03T22:00:00.000Z
sensor.corridoio_umidita_2,48.03488296838889,2026-07-03T23:00:00.000Z
sensor.corridoio_umidita_2,47.686228217444445,2026-07-04T00:00:00.000Z
sensor.corridoio_umidita_2,46.98746091308333,2026-07-04T01:00:00.000Z
sensor.corridoio_umidita_2,46.60189312419445,2026-07-04T02:00:00.000Z
sensor.corridoio_umidita_2,46.278745554472216,2026-07-04T03:00:00.000Z
sensor.corridoio_umidita_2,45.9813426493611,2026-07-04T04:00:00.000Z
sensor.corridoio_umidita_2,45.832888745527775,2026-07-04T05:00:00.000Z
sensor.corridoio_umidita_2,45.9,2026-07-04T06:00:00.000Z
sensor.corridoio_umidita_2,46.29431481966666,2026-07-04T07:00:00.000Z
sensor.corridoio_umidita_2,47.748456232861116,2026-07-04T08:00:00.000Z
sensor.corridoio_umidita_2,48.342817612333334,2026-07-04T09:00:00.000Z
sensor.corridoio_umidita_2,48.872287587277775,2026-07-04T10:00:00.000Z
sensor.corridoio_umidita_2,49.47585277369444,2026-07-04T11:00:00.000Z
sensor.corridoio_umidita_2,49.90325890702778,2026-07-04T12:00:00.000Z
sensor.corridoio_umidita_2,49.57571040680555,2026-07-04T13:00:00.000Z
sensor.corridoio_umidita_2,47.86425185144444,2026-07-04T14:00:00.000Z
sensor.corridoio_umidita_2,47.85472618780556,2026-07-04T15:00:00.000Z
sensor.corridoio_umidita_2,47.67469531733334,2026-07-04T16:00:00.000Z
sensor.corridoio_umidita_2,46.85902127241667,2026-07-04T17:00:00.000Z
sensor.corridoio_umidita_2,44.87182071677778,2026-07-04T18:00:00.000Z
sensor.corridoio_umidita_2,46.115908766249994,2026-07-04T19:00:00.000Z
sensor.corridoio_umidita_2,46.42546784463889,2026-07-04T20:00:00.000Z
sensor.corridoio_umidita_2,47.21850437741667,2026-07-04T21:00:00.000Z
sensor.corridoio_umidita_2,48.52432602044444,2026-07-04T22:00:00.000Z
sensor.corridoio_umidita_2,50.19279678377777,2026-07-04T23:00:00.000Z
sensor.corridoio_umidita_2,50.99249535730556,2026-07-05T00:00:00.000Z
sensor.corridoio_umidita_2,50.27658087838889,2026-07-05T01:00:00.000Z
sensor.corridoio_umidita_2,50.00903877513889,2026-07-05T02:00:00.000Z
sensor.corridoio_umidita_2,49.822245673,2026-07-05T03:00:00.000Z
sensor.corridoio_umidita_2,49.420042911888885,2026-07-05T04:00:00.000Z
sensor.corridoio_umidita_2,49.4,2026-07-05T05:00:00.000Z
sensor.corridoio_umidita_2,49.4,2026-07-05T06:00:00.000Z
sensor.corridoio_umidita_2,38.61228107833333,2026-07-05T17:00:00.000Z
sensor.corridoio_umidita_2,36.69564425591667,2026-07-05T18:00:00.000Z
sensor.corridoio_umidita_2,35.66232366119444,2026-07-05T19:00:00.000Z
sensor.corridoio_umidita_2,37.288139459916664,2026-07-05T20:00:00.000Z
sensor.corridoio_umidita_2,40.20565704116667,2026-07-05T21:00:00.000Z
sensor.corridoio_umidita_2,42.63331581925,2026-07-05T22:00:00.000Z
sensor.corridoio_umidita_2,43.832556352055555,2026-07-05T23:00:00.000Z
sensor.corridoio_umidita_2,44.10535980291667,2026-07-06T00:00:00.000Z
sensor.corridoio_umidita_2,44.147636736972224,2026-07-06T01:00:00.000Z
sensor.corridoio_umidita_2,43.89728094327777,2026-07-06T02:00:00.000Z
sensor.corridoio_umidita_2,44.74411316147222,2026-07-06T03:00:00.000Z
sensor.corridoio_umidita_2,45.92343256463889,2026-07-06T04:00:00.000Z
sensor.corridoio_umidita_2,48.47201402766667,2026-07-06T05:00:00.000Z
sensor.corridoio_umidita_2,50.20682393130556,2026-07-06T06:00:00.000Z
sensor.corridoio_umidita_2,51.232503519111106,2026-07-06T07:00:00.000Z
sensor.corridoio_umidita_2,51.34348792466667,2026-07-06T08:00:00.000Z
sensor.corridoio_umidita_2,51.07464501944444,2026-07-06T09:00:00.000Z
sensor.corridoio_umidita_2,50.35043164816667,2026-07-06T10:00:00.000Z
sensor.corridoio_umidita_2,50.041270221472224,2026-07-06T11:00:00.000Z
sensor.corridoio_umidita_2,50.184001974944444,2026-07-06T12:00:00.000Z
sensor.corridoio_umidita_2,50.329906411694445,2026-07-06T13:00:00.000Z
sensor.corridoio_umidita_2,50.20000000000001,2026-07-06T14:00:00.000Z
sensor.corridoio_umidita_2,50.06166300691667,2026-07-06T15:00:00.000Z
sensor.corridoio_umidita_2,50.22930310122222,2026-07-06T16:00:00.000Z
sensor.corridoio_umidita_2,49.986661928194444,2026-07-06T17:00:00.000Z
sensor.corridoio_umidita_2,49.38931769352778,2026-07-06T18:00:00.000Z
sensor.corridoio_umidita_2,48.63381245322222,2026-07-06T19:00:00.000Z
sensor.corridoio_umidita_2,48.50711592297222,2026-07-06T20:00:00.000Z
sensor.corridoio_umidita_2,49.01424611227778,2026-07-06T21:00:00.000Z
sensor.corridoio_umidita_2,49.945620191138886,2026-07-06T22:00:00.000Z
sensor.corridoio_umidita_2,50.44531678905556,2026-07-06T23:00:00.000Z
sensor.corridoio_umidita_2,50.04405266705555,2026-07-07T00:00:00.000Z
sensor.corridoio_umidita_2,49.50738310641666,2026-07-07T01:00:00.000Z
sensor.corridoio_umidita_2,49.670886056722225,2026-07-07T02:00:00.000Z
sensor.corridoio_umidita_2,49.29066405161111,2026-07-07T03:00:00.000Z
sensor.corridoio_umidita_2,49.274837411499995,2026-07-07T04:00:00.000Z
sensor.corridoio_umidita_2,50.42287899644444,2026-07-07T05:00:00.000Z
sensor.corridoio_umidita_2,51.414429993361104,2026-07-07T06:00:00.000Z
sensor.corridoio_umidita_2,50.35607159072222,2026-07-07T07:00:00.000Z
sensor.corridoio_umidita_2,50.60504098058333,2026-07-07T08:00:00.000Z
sensor.corridoio_umidita_2,50.67120767972222,2026-07-07T09:00:00.000Z
sensor.corridoio_umidita_2,49.998836764,2026-07-07T10:00:00.000Z
sensor.corridoio_umidita_2,50.65120274058334,2026-07-07T11:00:00.000Z
sensor.corridoio_umidita_2,50.78028067833333,2026-07-07T12:00:00.000Z
sensor.corridoio_umidita_2,50.89212202733333,2026-07-07T13:00:00.000Z
sensor.corridoio_umidita_2,50.77797987961111,2026-07-07T14:00:00.000Z
sensor.corridoio_umidita_2,49.62837043761112,2026-07-07T15:00:00.000Z
sensor.corridoio_umidita_2,48.860130598666665,2026-07-07T16:00:00.000Z
sensor.corridoio_umidita_2,48.36772204238889,2026-07-07T17:00:00.000Z
sensor.corridoio_umidita_2,48.166443565777776,2026-07-07T18:00:00.000Z
sensor.corridoio_umidita_2,48.07382764575001,2026-07-07T19:00:00.000Z
sensor.corridoio_umidita_2,48.265793781888895,2026-07-07T20:00:00.000Z
sensor.corridoio_umidita_2,48.44127661636111,2026-07-07T21:00:00.000Z
sensor.corridoio_umidita_2,48.18920809627778,2026-07-07T22:00:00.000Z
sensor.corridoio_umidita_2,47.33461951527778,2026-07-07T23:00:00.000Z
sensor.corridoio_umidita_2,46.403488120388886,2026-07-08T00:00:00.000Z
sensor.corridoio_umidita_2,46.170415300833334,2026-07-08T01:00:00.000Z
sensor.corridoio_umidita_2,46.007606347777774,2026-07-08T02:00:00.000Z
sensor.corridoio_umidita_2,46.23178640402778,2026-07-08T03:00:00.000Z
sensor.corridoio_umidita_2,46.77840293166667,2026-07-08T04:00:00.000Z
sensor.corridoio_umidita_2,47.76548435108333,2026-07-08T05:00:00.000Z
sensor.corridoio_umidita_2,48.85075685983333,2026-07-08T06:00:00.000Z
sensor.corridoio_umidita_2,49.16197971919445,2026-07-08T07:00:00.000Z
sensor.corridoio_umidita_2,48.49261682958333,2026-07-08T08:00:00.000Z
sensor.corridoio_umidita_2,47.978034113666666,2026-07-08T09:00:00.000Z
sensor.corridoio_umidita_2,47.4247273035,2026-07-08T10:00:00.000Z
sensor.corridoio_umidita_2,47.845228740833335,2026-07-08T11:00:00.000Z
sensor.corridoio_umidita_2,47.582213390944446,2026-07-08T12:00:00.000Z
sensor.corridoio_umidita_2,47.42099796758333,2026-07-08T13:00:00.000Z
sensor.corridoio_umidita_2,46.748369869250006,2026-07-08T14:00:00.000Z
sensor.corridoio_umidita_2,46.30489321291666,2026-07-08T15:00:00.000Z
sensor.corridoio_umidita_2,45.99373583836111,2026-07-08T16:00:00.000Z
sensor.corridoio_umidita_2,45.76600777488889,2026-07-08T17:00:00.000Z
sensor.corridoio_umidita_2,45.43748005236111,2026-07-08T18:00:00.000Z
sensor.corridoio_umidita_2,44.81495215247222,2026-07-08T19:00:00.000Z
sensor.corridoio_umidita_2,44.03436768805556,2026-07-08T20:00:00.000Z
sensor.corridoio_umidita_2,42.58364074991666,2026-07-08T21:00:00.000Z
sensor.corridoio_umidita_2,40.039047766749995,2026-07-08T22:00:00.000Z
sensor.corridoio_umidita_2,42.28344887427778,2026-07-08T23:00:00.000Z
sensor.corridoio_umidita_2,51.54750033925,2026-07-09T00:00:00.000Z
sensor.corridoio_umidita_2,52.29739967805556,2026-07-09T01:00:00.000Z
sensor.corridoio_umidita_2,52.86800181094444,2026-07-09T02:00:00.000Z
sensor.corridoio_umidita_2,52.70000000000001,2026-07-09T03:00:00.000Z
sensor.corridoio_umidita_2,52.57343918919444,2026-07-09T04:00:00.000Z
sensor.corridoio_umidita_2,52.50461818066666,2026-07-09T05:00:00.000Z
sensor.corridoio_umidita_2,54.97814529138889,2026-07-09T06:00:00.000Z
sensor.corridoio_umidita_2,55.74205462,2026-07-09T07:00:00.000Z
sensor.corridoio_umidita_2,53.590134905250004,2026-07-09T08:00:00.000Z
sensor.corridoio_umidita_2,52.247507803944444,2026-07-09T09:00:00.000Z
sensor.corridoio_umidita_2,51.725533449472216,2026-07-09T10:00:00.000Z
sensor.corridoio_umidita_2,52.11300722133333,2026-07-09T11:00:00.000Z
sensor.corridoio_umidita_2,51.99263577180556,2026-07-09T12:00:00.000Z
sensor.corridoio_umidita_2,50.63865674377778,2026-07-09T13:00:00.000Z
sensor.corridoio_umidita_2,48.700927585166674,2026-07-09T14:00:00.000Z
sensor.corridoio_umidita_2,47.09313847233333,2026-07-09T15:00:00.000Z
sensor.corridoio_umidita_2,47.71599038772222,2026-07-09T16:00:00.000Z
sensor.corridoio_umidita_2,49.357933903777784,2026-07-09T17:00:00.000Z
sensor.corridoio_umidita_2,48.11596307994444,2026-07-09T18:00:00.000Z
sensor.corridoio_umidita_2,48.140812049472224,2026-07-09T19:00:00.000Z
sensor.corridoio_umidita_2,48.78386654477777,2026-07-09T20:00:00.000Z
sensor.corridoio_umidita_2,49.951528845000006,2026-07-09T21:00:00.000Z
sensor.corridoio_umidita_2,50.36529202611111,2026-07-09T22:00:00.000Z
sensor.corridoio_umidita_2,49.73890001805555,2026-07-09T23:00:00.000Z
sensor.corridoio_umidita_2,48.78314705058333,2026-07-10T00:00:00.000Z
sensor.corridoio_umidita_2,47.969967171777775,2026-07-10T01:00:00.000Z
sensor.corridoio_umidita_2,48.16082135241667,2026-07-10T02:00:00.000Z
sensor.corridoio_umidita_2,48.3371464585,2026-07-10T03:00:00.000Z
sensor.corridoio_umidita_2,48.55663595577778,2026-07-10T04:00:00.000Z
sensor.corridoio_umidita_2,49.15397926505556,2026-07-10T05:00:00.000Z
sensor.corridoio_umidita_2,49.97132569536111,2026-07-10T06:00:00.000Z
sensor.corridoio_umidita_2,50.487425996333336,2026-07-10T07:00:00.000Z
sensor.corridoio_umidita_2,49.60970085544445,2026-07-10T08:00:00.000Z
sensor.corridoio_umidita_2,47.79999999999999,2026-07-10T09:00:00.000Z
sensor.corridoio_umidita_2,47.964210249055554,2026-07-10T10:00:00.000Z
sensor.corridoio_umidita_2,48.38804761869445,2026-07-10T11:00:00.000Z
sensor.corridoio_umidita_2,48.334598776222215,2026-07-10T12:00:00.000Z
sensor.corridoio_umidita_2,47.97802914397223,2026-07-10T13:00:00.000Z
sensor.corridoio_umidita_2,47.97549929383334,2026-07-10T14:00:00.000Z
sensor.corridoio_umidita_2,48.020637048333334,2026-07-10T15:00:00.000Z
sensor.corridoio_umidita_2,48.49679649452778,2026-07-10T16:00:00.000Z
sensor.corridoio_umidita_2,48.56099427922222,2026-07-10T17:00:00.000Z
sensor.corridoio_umidita_2,49.761518994666666,2026-07-10T18:00:00.000Z
sensor.corridoio_umidita_2,51.72581843580556,2026-07-10T19:00:00.000Z
sensor.corridoio_umidita_2,51.25338539030556,2026-07-10T20:00:00.000Z
sensor.corridoio_umidita_2,51.65113842272223,2026-07-10T21:00:00.000Z
sensor.corridoio_umidita_2,52.84219548294445,2026-07-10T22:00:00.000Z
sensor.corridoio_umidita_2,52.66032040775,2026-07-10T23:00:00.000Z
sensor.corridoio_umidita_2,52.76977212919444,2026-07-11T00:00:00.000Z
sensor.corridoio_umidita_2,53.07056984588889,2026-07-11T01:00:00.000Z
sensor.corridoio_umidita_2,52.00150735986111,2026-07-11T02:00:00.000Z
sensor.corridoio_umidita_2,51.678106621000005,2026-07-11T03:00:00.000Z
sensor.corridoio_umidita_2,49.61379428325,2026-07-11T04:00:00.000Z
sensor.corridoio_umidita_2,50.09906942491667,2026-07-11T05:00:00.000Z
sensor.corridoio_umidita_2,52.368009855888886,2026-07-11T06:00:00.000Z
sensor.corridoio_umidita_2,54.675147024527774,2026-07-11T07:00:00.000Z
sensor.corridoio_umidita_2,55.72253420111111,2026-07-11T08:00:00.000Z
sensor.corridoio_umidita_2,57.10366678141667,2026-07-11T09:00:00.000Z
sensor.corridoio_umidita_2,57.87444964341666,2026-07-11T10:00:00.000Z
sensor.corridoio_umidita_2,55.322775375249996,2026-07-11T11:00:00.000Z
sensor.corridoio_umidita_2,52.475597610305556,2026-07-11T12:00:00.000Z
sensor.corridoio_umidita_2,51.63746880316666,2026-07-11T13:00:00.000Z
sensor.corridoio_umidita_2,49.96492385511112,2026-07-11T14:00:00.000Z
sensor.corridoio_umidita_2,49.789258931666666,2026-07-11T15:00:00.000Z
sensor.corridoio_umidita_2,47.70046210483333,2026-07-11T16:00:00.000Z
sensor.corridoio_umidita_2,46.09125658691667,2026-07-11T17:00:00.000Z
sensor.corridoio_umidita_2,45.442003742055554,2026-07-11T18:00:00.000Z
sensor.corridoio_umidita_2,46.783199081805556,2026-07-11T19:00:00.000Z
sensor.corridoio_umidita_2,48.297621626722226,2026-07-11T20:00:00.000Z
sensor.corridoio_umidita_2,49.38220182519444,2026-07-11T21:00:00.000Z
sensor.corridoio_umidita_2,50.60051894158334,2026-07-11T22:00:00.000Z
sensor.corridoio_umidita_2,50.992252573638886,2026-07-11T23:00:00.000Z
sensor.corridoio_umidita_2,50.67180366202778,2026-07-12T00:00:00.000Z
sensor.corridoio_umidita_2,51.146388829555555,2026-07-12T01:00:00.000Z
sensor.corridoio_umidita_2,51.356375742333334,2026-07-12T02:00:00.000Z
sensor.corridoio_umidita_2,50.427424038055555,2026-07-12T03:00:00.000Z
sensor.corridoio_umidita_2,51.994475868972216,2026-07-12T04:00:00.000Z
sensor.corridoio_umidita_2,51.71632253586111,2026-07-12T05:00:00.000Z
sensor.corridoio_umidita_2,52.52330520236111,2026-07-12T06:00:00.000Z
sensor.corridoio_umidita_2,53.32517146572223,2026-07-12T07:00:00.000Z
sensor.corridoio_umidita_2,54.97209450227778,2026-07-12T08:00:00.000Z
sensor.corridoio_umidita_2,55.44967131652778,2026-07-12T09:00:00.000Z
sensor.corridoio_umidita_2,55.34329642569444,2026-07-12T10:00:00.000Z
sensor.corridoio_umidita_2,54.36644493538889,2026-07-12T11:00:00.000Z
sensor.corridoio_umidita_2,54.47111319230556,2026-07-12T12:00:00.000Z
sensor.corridoio_umidita_2,53.73411927438889,2026-07-12T13:00:00.000Z
sensor.corridoio_umidita_2,52.84260731716666,2026-07-12T14:00:00.000Z
sensor.corridoio_umidita_2,52.833821877944445,2026-07-12T15:00:00.000Z
sensor.corridoio_umidita_2,52.53143375338889,2026-07-12T16:00:00.000Z
sensor.corridoio_umidita_2,52.461233685111104,2026-07-12T17:00:00.000Z
sensor.corridoio_umidita_2,51.93735178230556,2026-07-12T18:00:00.000Z
sensor.corridoio_umidita_2,52.16337816419445,2026-07-12T19:00:00.000Z
sensor.corridoio_umidita_2,54.16251239941667,2026-07-12T20:00:00.000Z
sensor.corridoio_umidita_2,54.58126494663889,2026-07-12T21:00:00.000Z
sensor.corridoio_umidita_2,55.014089571166664,2026-07-12T22:00:00.000Z
sensor.corridoio_umidita_2,55.15032387072222,2026-07-12T23:00:00.000Z
sensor.corridoio_umidita_2,55.56446379402778,2026-07-13T00:00:00.000Z
sensor.corridoio_umidita_2,55.545602452555556,2026-07-13T01:00:00.000Z
sensor.corridoio_umidita_2,55.090555658499994,2026-07-13T02:00:00.000Z
sensor.corridoio_umidita_2,55.536927990638894,2026-07-13T03:00:00.000Z
sensor.corridoio_umidita_2,55.61083655758333,2026-07-13T04:00:00.000Z
sensor.corridoio_umidita_2,55.14201412633333,2026-07-13T05:00:00.000Z
sensor.corridoio_umidita_2,57.307605531722224,2026-07-13T06:00:00.000Z
sensor.corridoio_umidita_2,59.64851336444445,2026-07-13T07:00:00.000Z
sensor.corridoio_umidita_2,58.800167835222226,2026-07-13T08:00:00.000Z
sensor.corridoio_umidita_2,55.643952984833334,2026-07-13T09:00:00.000Z
sensor.corridoio_umidita_2,53.62851738713889,2026-07-13T10:00:00.000Z
sensor.corridoio_umidita_2,52.44683764475,2026-07-13T11:00:00.000Z
sensor.corridoio_umidita_2,52.940887087944446,2026-07-13T12:00:00.000Z
sensor.corridoio_umidita_2,53.20905369219444,2026-07-13T13:00:00.000Z
sensor.corridoio_umidita_2,53.26775415411111,2026-07-13T14:00:00.000Z
sensor.corridoio_umidita_2,52.95535814555556,2026-07-13T15:00:00.000Z
sensor.corridoio_umidita_2,54.27403466511112,2026-07-13T16:00:00.000Z
sensor.corridoio_umidita_2,53.84565433011111,2026-07-13T17:00:00.000Z
sensor.corridoio_umidita_2,53.84094997522222,2026-07-13T18:00:00.000Z
sensor.corridoio_umidita_2,54.12099056883333,2026-07-13T19:00:00.000Z
sensor.corridoio_umidita_2,53.30340809430555,2026-07-13T20:00:00.000Z
sensor.corridoio_umidita_2,53.95037255355555,2026-07-13T21:00:00.000Z
sensor.corridoio_umidita_2,55.50825436388889,2026-07-13T22:00:00.000Z
sensor.corridoio_umidita_2,56.15770380611111,2026-07-13T23:00:00.000Z
sensor.corridoio_umidita_2,56.30771213744444,2026-07-14T00:00:00.000Z
sensor.corridoio_umidita_2,56.596463802500004,2026-07-14T01:00:00.000Z
sensor.corridoio_umidita_2,57.191257880861116,2026-07-14T02:00:00.000Z
sensor.corridoio_umidita_2,58.192685484416664,2026-07-14T03:00:00.000Z
sensor.corridoio_umidita_2,58.452527234305556,2026-07-14T04:00:00.000Z
sensor.corridoio_umidita_2,58.41645700322223,2026-07-14T05:00:00.000Z
sensor.corridoio_umidita_2,59.91881107933333,2026-07-14T06:00:00.000Z
sensor.corridoio_umidita_2,58.458233075083335,2026-07-14T07:00:00.000Z
sensor.corridoio_umidita_2,57.39543389227777,2026-07-14T08:00:00.000Z
sensor.corridoio_umidita_2,55.312632496944445,2026-07-14T09:00:00.000Z
sensor.corridoio_umidita_2,52.787632042000006,2026-07-14T10:00:00.000Z
sensor.corridoio_umidita_2,53.195525937527776,2026-07-14T11:00:00.000Z
sensor.corridoio_umidita_2,53.704240763722225,2026-07-14T12:00:00.000Z
sensor.corridoio_umidita_2,53.599965538944446,2026-07-14T13:00:00.000Z
sensor.corridoio_umidita_2,53.19360461647222,2026-07-14T14:00:00.000Z
sensor.corridoio_umidita_2,53.17856947002778,2026-07-14T15:00:00.000Z
sensor.corridoio_umidita_2,53.32100044927778,2026-07-14T16:00:00.000Z
sensor.corridoio_umidita_2,53.00173377438889,2026-07-14T17:00:00.000Z
sensor.corridoio_umidita_2,50.98812729469444,2026-07-14T18:00:00.000Z
sensor.corridoio_umidita_2,49.70038849061111,2026-07-14T19:00:00.000Z
sensor.corridoio_umidita_2,50.69813594983333,2026-07-14T20:00:00.000Z
sensor.corridoio_umidita_2,51.13267257105556,2026-07-14T21:00:00.000Z
sensor.corridoio_umidita_2,51.405146424083334,2026-07-14T22:00:00.000Z
sensor.corridoio_umidita_2,52.67141199666667,2026-07-14T23:00:00.000Z
sensor.corridoio_umidita_2,52.02296424097222,2026-07-15T00:00:00.000Z
sensor.corridoio_umidita_2,51.53515575805556,2026-07-15T01:00:00.000Z
sensor.corridoio_umidita_2,50.98950713175,2026-07-15T02:00:00.000Z
sensor.corridoio_umidita_2,51.2643879805,2026-07-15T03:00:00.000Z
sensor.corridoio_umidita_2,51.69041598641667,2026-07-15T04:00:00.000Z
sensor.corridoio_umidita_2,52.39929759238888,2026-07-15T05:00:00.000Z
sensor.corridoio_umidita_2,54.01763055677778,2026-07-15T06:00:00.000Z
sensor.corridoio_umidita_2,54.37406411222222,2026-07-15T07:00:00.000Z
sensor.corridoio_umidita_2,54.37482568266666,2026-07-15T08:00:00.000Z
sensor.corridoio_umidita_2,53.90608489252778,2026-07-15T09:00:00.000Z
sensor.corridoio_umidita_2,53.697398139027776,2026-07-15T10:00:00.000Z
sensor.corridoio_umidita_2,54.15209922961111,2026-07-15T11:00:00.000Z
sensor.corridoio_umidita_2,54.69867576977777,2026-07-15T12:00:00.000Z
sensor.corridoio_umidita_2,54.99388256508333,2026-07-15T13:00:00.000Z
sensor.corridoio_umidita_2,54.923335791361104,2026-07-15T14:00:00.000Z
sensor.corridoio_umidita_2,56.20819208172222,2026-07-15T15:00:00.000Z
sensor.corridoio_umidita_2,55.99309929708334,2026-07-15T16:00:00.000Z
sensor.corridoio_umidita_2,55.46232795369445,2026-07-15T17:00:00.000Z
sensor.corridoio_umidita_2,55.092386646444446,2026-07-15T18:00:00.000Z
sensor.corridoio_umidita_2,55.0527762365,2026-07-15T19:00:00.000Z
sensor.corridoio_umidita_2,55.79974697313889,2026-07-15T20:00:00.000Z
sensor.corridoio_umidita_2,56.581680400638895,2026-07-15T21:00:00.000Z
sensor.corridoio_umidita_2,57.363137784277775,2026-07-15T22:00:00.000Z
sensor.corridoio_umidita_2,57.79599744941667,2026-07-15T23:00:00.000Z
sensor.corridoio_umidita_2,57.657779189361115,2026-07-16T00:00:00.000Z
sensor.corridoio_umidita_2,57.23834902169444,2026-07-16T01:00:00.000Z
sensor.corridoio_umidita_2,57.17320790097222,2026-07-16T02:00:00.000Z
sensor.corridoio_umidita_2,57.21268381938889,2026-07-16T03:00:00.000Z
sensor.corridoio_umidita_2,56.78170005311111,2026-07-16T04:00:00.000Z
sensor.corridoio_umidita_2,55.96768670047222,2026-07-16T05:00:00.000Z
sensor.corridoio_umidita_2,55.60259987105556,2026-07-16T06:00:00.000Z
sensor.corridoio_umidita_2,54.66804239366667,2026-07-16T07:00:00.000Z
sensor.corridoio_umidita_2,54.07002628422222,2026-07-16T08:00:00.000Z
sensor.corridoio_umidita_2,53.8,2026-07-16T09:00:00.000Z
sensor.corridoio_umidita_2,54.1,2026-07-16T10:00:00.000Z
sensor.corridoio_umidita_2,54.074839272750005,2026-07-16T11:00:00.000Z
sensor.corridoio_umidita_2,54.13355529547223,2026-07-16T12:00:00.000Z
sensor.corridoio_umidita_2,53.87349118683333,2026-07-16T13:00:00.000Z
sensor.corridoio_umidita_2,54.42177447183334,2026-07-16T14:00:00.000Z
sensor.corridoio_umidita_2,54.76644147547222,2026-07-16T15:00:00.000Z
sensor.corridoio_umidita_2,54.675146413111115,2026-07-16T16:00:00.000Z
sensor.corridoio_umidita_2,54.42740231944445,2026-07-16T17:00:00.000Z
sensor.corridoio_umidita_2,55.855569349722224,2026-07-16T18:00:00.000Z
sensor.corridoio_umidita_2,57.242762679083334,2026-07-16T19:00:00.000Z
sensor.corridoio_umidita_2,57.51442211380556,2026-07-16T20:00:00.000Z
sensor.corridoio_umidita_2,58.15859479608333,2026-07-16T21:00:00.000Z
sensor.corridoio_umidita_2,59.049674206388886,2026-07-16T22:00:00.000Z
sensor.corridoio_umidita_2,59.26778174347222,2026-07-16T23:00:00.000Z
sensor.corridoio_umidita_2,59.12349850888889,2026-07-17T00:00:00.000Z
sensor.corridoio_umidita_2,58.91573389102778,2026-07-17T01:00:00.000Z
sensor.corridoio_umidita_2,58.70772973180556,2026-07-17T02:00:00.000Z
sensor.corridoio_umidita_2,58.962508045805556,2026-07-17T03:00:00.000Z
sensor.corridoio_umidita_2,56.44964713658334,2026-07-17T04:00:00.000Z
sensor.corridoio_umidita_2,56.40244323336111,2026-07-17T05:00:00.000Z
sensor.corridoio_umidita_2,59.140100622527775,2026-07-17T06:00:00.000Z
sensor.corridoio_umidita_2,59.70204774583333,2026-07-17T07:00:00.000Z
sensor.corridoio_umidita_2,59.49691278275,2026-07-17T08:00:00.000Z
sensor.corridoio_umidita_2,57.848091701916665,2026-07-17T09:00:00.000Z
sensor.corridoio_umidita_2,56.56783686672222,2026-07-17T10:00:00.000Z
sensor.corridoio_umidita_2,55.945878950444445,2026-07-17T11:00:00.000Z
sensor.corridoio_umidita_2,56.66095645977777,2026-07-17T12:00:00.000Z
sensor.corridoio_umidita_2,56.98535456844445,2026-07-17T13:00:00.000Z
sensor.corridoio_umidita_2,56.733314199194446,2026-07-17T14:00:00.000Z
sensor.corridoio_umidita_2,56.62394161702778,2026-07-17T15:00:00.000Z
sensor.corridoio_umidita_2,57.18322670094445,2026-07-17T16:00:00.000Z
sensor.corridoio_umidita_2,57.81195209911112,2026-07-17T17:00:00.000Z
sensor.corridoio_umidita_2,59.17626582105556,2026-07-17T18:00:00.000Z
sensor.corridoio_umidita_2,60.15127306013889,2026-07-17T19:00:00.000Z
sensor.corridoio_umidita_2,60.76005611263889,2026-07-17T20:00:00.000Z
sensor.corridoio_umidita_2,60.32217448569444,2026-07-17T21:00:00.000Z
sensor.corridoio_umidita_2,60.091281989916666,2026-07-17T22:00:00.000Z
sensor.corridoio_umidita_2,60.56644142738889,2026-07-17T23:00:00.000Z
sensor.corridoio_umidita_2,60.42733615452778,2026-07-18T00:00:00.000Z
sensor.corridoio_umidita_2,60.35239854713888,2026-07-18T01:00:00.000Z
sensor.corridoio_umidita_2,59.981783906222226,2026-07-18T02:00:00.000Z
sensor.corridoio_umidita_2,60.29402406383333,2026-07-18T03:00:00.000Z
sensor.corridoio_umidita_2,60.74448961666666,2026-07-18T04:00:00.000Z
sensor.corridoio_umidita_2,59.98394831597222,2026-07-18T05:00:00.000Z
sensor.corridoio_umidita_2,59.130701365,2026-07-18T06:00:00.000Z
sensor.corridoio_umidita_2,59.12437679152777,2026-07-18T07:00:00.000Z
sensor.corridoio_umidita_2,60.06720498072222,2026-07-18T08:00:00.000Z
sensor.corridoio_umidita_2,60.35143000961111,2026-07-18T09:00:00.000Z
sensor.corridoio_umidita_2,59.94798198355556,2026-07-18T10:00:00.000Z
sensor.corridoio_umidita_2,59.239177052972224,2026-07-18T11:00:00.000Z
sensor.corridoio_umidita_2,59.34742056161111,2026-07-18T12:00:00.000Z
sensor.corridoio_umidita_2,56.73177557047222,2026-07-18T13:00:00.000Z
sensor.corridoio_umidita_2,53.39984848205555,2026-07-18T14:00:00.000Z
sensor.corridoio_umidita_2,49.769761025583335,2026-07-18T15:00:00.000Z
sensor.corridoio_umidita_2,49.655842182305555,2026-07-18T16:00:00.000Z
sensor.corridoio_umidita_2,47.723274523305555,2026-07-18T17:00:00.000Z
sensor.corridoio_umidita_2,47.08628896072222,2026-07-18T18:00:00.000Z
sensor.corridoio_umidita_2,49.008448254,2026-07-18T19:00:00.000Z
sensor.corridoio_umidita_2,50.104923453472225,2026-07-18T20:00:00.000Z
sensor.corridoio_umidita_2,53.52319918897222,2026-07-18T21:00:00.000Z
sensor.corridoio_umidita_2,55.24637734344444,2026-07-18T22:00:00.000Z
sensor.corridoio_umidita_2,53.673709351666666,2026-07-18T23:00:00.000Z
sensor.corridoio_umidita_2,49.320022128000005,2026-07-19T00:00:00.000Z
sensor.corridoio_umidita_2,48.57876881544445,2026-07-19T01:00:00.000Z
sensor.corridoio_umidita_2,49.81156630433333,2026-07-19T02:00:00.000Z
sensor.corridoio_umidita_2,51.444161325083336,2026-07-19T03:00:00.000Z
sensor.corridoio_umidita_2,52.287582433527774,2026-07-19T04:00:00.000Z
sensor.corridoio_umidita_2,53.24616491094444,2026-07-19T05:00:00.000Z
sensor.corridoio_umidita_2,54.202049227222226,2026-07-19T06:00:00.000Z
sensor.corridoio_umidita_2,54.73349661955555,2026-07-19T07:00:00.000Z
sensor.corridoio_umidita_2,55.067164462833325,2026-07-19T08:00:00.000Z
sensor.corridoio_umidita_2,54.91057998661111,2026-07-19T09:00:00.000Z
sensor.corridoio_umidita_2,53.199763988361106,2026-07-19T10:00:00.000Z
sensor.corridoio_umidita_2,53.16175342941667,2026-07-19T11:00:00.000Z
sensor.corridoio_umidita_2,53.14330020872222,2026-07-19T12:00:00.000Z
sensor.corridoio_umidita_2,52.879862552,2026-07-19T13:00:00.000Z
sensor.corridoio_umidita_2,51.80061317033333,2026-07-19T14:00:00.000Z
sensor.corridoio_umidita_2,49.29105258847222,2026-07-19T15:00:00.000Z
sensor.corridoio_umidita_2,49.936294623722226,2026-07-19T16:00:00.000Z
sensor.corridoio_umidita_2,49.84538501294444,2026-07-19T17:00:00.000Z
sensor.corridoio_umidita_2,46.59970897922222,2026-07-19T18:00:00.000Z
sensor.corridoio_umidita_2,47.68868199911111,2026-07-19T19:00:00.000Z
sensor.corridoio_umidita_2,51.19923904055556,2026-07-19T20:00:00.000Z
sensor.corridoio_umidita_2,53.025946727694446,2026-07-19T21:00:00.000Z
sensor.corridoio_umidita_2,53.289530270305555,2026-07-19T22:00:00.000Z
sensor.corridoio_umidita_2,52.94861277888888,2026-07-19T23:00:00.000Z
sensor.corridoio_umidita_2,53.55922833555555,2026-07-20T00:00:00.000Z
sensor.corridoio_umidita_2,54.30658135252778,2026-07-20T01:00:00.000Z
sensor.corridoio_umidita_2,56.07334105955556,2026-07-20T02:00:00.000Z
sensor.corridoio_umidita_2,57.89781581441667,2026-07-20T03:00:00.000Z
sensor.corridoio_umidita_2,58.60990185875,2026-07-20T04:00:00.000Z
sensor.corridoio_umidita_2,57.890257476555554,2026-07-20T05:00:00.000Z
sensor.corridoio_umidita_2,58.745963348222226,2026-07-20T06:00:00.000Z
sensor.corridoio_umidita_2,58.36740595483334,2026-07-20T07:00:00.000Z
sensor.corridoio_umidita_2,58.15395942502778,2026-07-20T08:00:00.000Z
sensor.corridoio_umidita_2,57.557112901194444,2026-07-20T09:00:00.000Z
sensor.corridoio_umidita_2,56.07794233477778,2026-07-20T10:00:00.000Z
sensor.corridoio_umidita_2,55.324118695138885,2026-07-20T11:00:00.000Z
sensor.corridoio_umidita_2,54.85702265266667,2026-07-20T12:00:00.000Z
sensor.corridoio_umidita_2,54.33083611194444,2026-07-20T13:00:00.000Z
sensor.corridoio_umidita_2,54.07342066125,2026-07-20T14:00:00.000Z
sensor.corridoio_umidita_2,54.04910178080556,2026-07-20T15:00:00.000Z
sensor.corridoio_umidita_2,54.258727497888884,2026-07-20T16:00:00.000Z
sensor.corridoio_umidita_2,54.09484107583334,2026-07-20T17:00:00.000Z
sensor.corridoio_umidita_2,54.04510015633334,2026-07-20T18:00:00.000Z
sensor.corridoio_umidita_2,54.00522286416666,2026-07-20T19:00:00.000Z
sensor.corridoio_umidita_2,54.270275608,2026-07-20T20:00:00.000Z
sensor.corridoio_umidita_2,54.99977764402777,2026-07-20T21:00:00.000Z
sensor.corridoio_umidita_2,55.40728544736111,2026-07-20T22:00:00.000Z
sensor.corridoio_umidita_2,54.949901249444444,2026-07-20T23:00:00.000Z
sensor.corridoio_umidita_2,54.8335554618611,2026-07-21T00:00:00.000Z
sensor.corridoio_umidita_2,54.76760806027778,2026-07-21T01:00:00.000Z
sensor.corridoio_umidita_2,53.36592202658333,2026-07-21T02:00:00.000Z
sensor.corridoio_umidita_2,51.263406659611114,2026-07-21T03:00:00.000Z
sensor.corridoio_umidita_2,50.87524666475,2026-07-21T04:00:00.000Z
sensor.corridoio_umidita_2,51.730590514027774,2026-07-21T05:00:00.000Z
sensor.corridoio_umidita_2,54.28062193083334,2026-07-21T06:00:00.000Z
sensor.corridoio_umidita_2,54.526424135888895,2026-07-21T07:00:00.000Z
sensor.corridoio_umidita_2,54.33922080288889,2026-07-21T08:00:00.000Z
sensor.corridoio_umidita_2,54.01994673094445,2026-07-21T09:00:00.000Z
sensor.corridoio_umidita_2,53.99612726633333,2026-07-21T10:00:00.000Z
sensor.corridoio_umidita_2,54.02388050852778,2026-07-21T11:00:00.000Z
sensor.corridoio_umidita_2,54.11080196311111,2026-07-21T12:00:00.000Z
sensor.corridoio_umidita_2,54.225145397138895,2026-07-21T13:00:00.000Z
sensor.corridoio_umidita_2,54.233555832,2026-07-21T14:00:00.000Z
sensor.corridoio_umidita_2,54.174838535166664,2026-07-21T15:00:00.000Z
sensor.corridoio_umidita_2,54.43342385988888,2026-07-21T16:00:00.000Z
sensor.corridoio_umidita_2,54.507719819500004,2026-07-21T17:00:00.000Z
sensor.corridoio_umidita_2,54.65702427422223,2026-07-21T18:00:00.000Z
sensor.corridoio_umidita_2,54.64966910419445,2026-07-21T19:00:00.000Z
sensor.corridoio_umidita_2,54.65643440608333,2026-07-21T20:00:00.000Z
sensor.corridoio_umidita_2,53.62928693036111,2026-07-21T21:00:00.000Z
sensor.corridoio_umidita_2,53.50466902844445,2026-07-21T22:00:00.000Z
sensor.corridoio_umidita_2,52.74641222175,2026-07-21T23:00:00.000Z
sensor.corridoio_umidita_2,51.63155875166667,2026-07-22T00:00:00.000Z
sensor.corridoio_umidita_2,51.99664055444445,2026-07-22T01:00:00.000Z
sensor.corridoio_umidita_2,52.078842018888885,2026-07-22T02:00:00.000Z
sensor.corridoio_umidita_2,51.52727506888888,2026-07-22T03:00:00.000Z
sensor.corridoio_umidita_2,52.50910092755555,2026-07-22T04:00:00.000Z
sensor.corridoio_umidita_2,52.68260502891667,2026-07-22T05:00:00.000Z
sensor.corridoio_umidita_2,53.18509660205556,2026-07-22T06:00:00.000Z
sensor.corridoio_umidita_2,53.80246846897222,2026-07-22T07:00:00.000Z
sensor.corridoio_umidita_2,54.05144284725,2026-07-22T08:00:00.000Z
sensor.corridoio_umidita_2,54.079012775916674,2026-07-22T09:00:00.000Z
sensor.corridoio_umidita_2,53.11038140791666,2026-07-22T10:00:00.000Z
sensor.corridoio_umidita_2,52.72960535613888,2026-07-22T11:00:00.000Z
sensor.corridoio_umidita_2,52.08415447680556,2026-07-22T12:00:00.000Z
sensor.corridoio_umidita_2,51.79999999999999,2026-07-22T13:00:00.000Z
sensor.corridoio_umidita_2,51.77898753644445,2026-07-22T14:00:00.000Z
sensor.corridoio_umidita_2,51.06469353075,2026-07-22T15:00:00.000Z
sensor.corridoio_umidita_2,50.18912791922222,2026-07-22T16:00:00.000Z
sensor.corridoio_umidita_2,49.75076804488889,2026-07-22T17:00:00.000Z
sensor.corridoio_umidita_2,49.66586080286111,2026-07-22T18:00:00.000Z
sensor.corridoio_umidita_2,49.61600168313888,2026-07-22T19:00:00.000Z
sensor.corridoio_umidita_2,49.68561748286111,2026-07-22T20:00:00.000Z
sensor.corridoio_umidita_2,49.40734628291667,2026-07-22T21:00:00.000Z
sensor.corridoio_umidita_2,49.629527347722224,2026-07-22T22:00:00.000Z
sensor.corridoio_umidita_2,49.97752206336111,2026-07-22T23:00:00.000Z
sensor.corridoio_umidita_2,50.686600506388885,2026-07-23T00:00:00.000Z
sensor.corridoio_umidita_2,51.13290946161111,2026-07-23T01:00:00.000Z
sensor.corridoio_umidita_2,51.26328948222223,2026-07-23T02:00:00.000Z
sensor.corridoio_umidita_2,50.61334677180556,2026-07-23T03:00:00.000Z
sensor.corridoio_umidita_2,50.175140993750006,2026-07-23T04:00:00.000Z
sensor.corridoio_umidita_2,50.54993899383334,2026-07-23T05:00:00.000Z
sensor.corridoio_umidita_2,50.99733526536111,2026-07-23T06:00:00.000Z
sensor.corridoio_umidita_2,51.45001016888889,2026-07-23T07:00:00.000Z
sensor.corridoio_umidita_2,49.818047179833336,2026-07-23T08:00:00.000Z
sensor.corridoio_umidita_2,48.295210493111114,2026-07-23T09:00:00.000Z
sensor.corridoio_umidita_2,47.656603372444444,2026-07-23T10:00:00.000Z
sensor.corridoio_umidita_2,49.07948667775,2026-07-23T11:00:00.000Z
sensor.corridoio_umidita_2,49.462980574944446,2026-07-23T12:00:00.000Z
sensor.corridoio_umidita_2,49.209820049166666,2026-07-23T13:00:00.000Z
sensor.corridoio_umidita_2,49.52536708322222,2026-07-23T14:00:00.000Z
sensor.corridoio_umidita_2,49.919711353555556,2026-07-23T15:00:00.000Z
sensor.corridoio_umidita_2,50.1,2026-07-23T16:00:00.000Z
sensor.corridoio_umidita_2,50.04952909116667,2026-07-23T17:00:00.000Z
sensor.corridoio_umidita_2,50.12476248925,2026-07-23T18:00:00.000Z
sensor.corridoio_umidita_2,50.48880221552778,2026-07-23T19:00:00.000Z
sensor.corridoio_umidita_2,50.62517024686111,2026-07-23T20:00:00.000Z
sensor.corridoio_umidita_2,50.86418719622222,2026-07-23T21:00:00.000Z
sensor.corridoio_umidita_2,52.04036824380555,2026-07-23T22:00:00.000Z
sensor.corridoio_umidita_2,50.775792514888884,2026-07-23T23:00:00.000Z
sensor.corridoio_umidita_2,49.04832229786111,2026-07-24T00:00:00.000Z
sensor.corridoio_umidita_2,47.92493135108333,2026-07-24T01:00:00.000Z
sensor.corridoio_umidita_2,46.52427352772222,2026-07-24T02:00:00.000Z
sensor.corridoio_umidita_2,47.1931447755,2026-07-24T03:00:00.000Z
sensor.corridoio_umidita_2,49.379651893638886,2026-07-24T04:00:00.000Z
sensor.corridoio_umidita_2,49.04337708305556,2026-07-24T05:00:00.000Z
sensor.corridoio_umidita_2,50.40385365725,2026-07-24T06:00:00.000Z
sensor.corridoio_umidita_2,51.48170441283333,2026-07-24T07:00:00.000Z
sensor.corridoio_umidita_2,51.68919084769445,2026-07-24T08:00:00.000Z
sensor.corridoio_umidita_2,52.365121425944444,2026-07-24T09:00:00.000Z
sensor.corridoio_umidita_2,52.511442341944445,2026-07-24T10:00:00.000Z
sensor.corridoio_umidita_2,52.81591171213889,2026-07-24T11:00:00.000Z
sensor.corridoio_umidita_2,53.05833477194445,2026-07-24T12:00:00.000Z
sensor.corridoio_umidita_2,52.69600504080555,2026-07-24T13:00:00.000Z
sensor.corridoio_umidita_2,52.202307700333336,2026-07-24T14:00:00.000Z
sensor.corridoio_umidita_2,51.11463366152778,2026-07-24T15:00:00.000Z
sensor.corridoio_umidita_2,50.35775101386111,2026-07-24T16:00:00.000Z
sensor.corridoio_umidita_2,49.938742212305556,2026-07-24T17:00:00.000Z
sensor.corridoio_umidita_2,50.079798944555556,2026-07-24T18:00:00.000Z
sensor.corridoio_umidita_2,49.94538777508333,2026-07-24T19:00:00.000Z
sensor.corridoio_umidita_2,50.41835506797222,2026-07-24T20:00:00.000Z
sensor.corridoio_umidita_2,50.54272283463889,2026-07-24T21:00:00.000Z
sensor.corridoio_umidita_2,49.44676106147222,2026-07-24T22:00:00.000Z
sensor.corridoio_umidita_2,49.39522001772222,2026-07-24T23:00:00.000Z
sensor.corridoio_umidita_2,49.33380688755556,2026-07-25T00:00:00.000Z
sensor.corridoio_umidita_2,48.468431353611116,2026-07-25T01:00:00.000Z
sensor.corridoio_umidita_2,47.542833051722226,2026-07-25T02:00:00.000Z
sensor.corridoio_umidita_2,46.91895111158333,2026-07-25T03:00:00.000Z
sensor.corridoio_umidita_2,46.86019033847222,2026-07-25T04:00:00.000Z
sensor.corridoio_umidita_2,47.548147026638894,2026-07-25T05:00:00.000Z
sensor.corridoio_umidita_2,47.82409061208333,2026-07-25T06:00:00.000Z
sensor.corridoio_umidita_2,48.411408473416664,2026-07-25T07:00:00.000Z
sensor.corridoio_umidita_2,45.34129389458334,2026-07-25T08:00:00.000Z
sensor.corridoio_umidita_2,42.45019909966667,2026-07-25T09:00:00.000Z
sensor.corridoio_umidita_2,41.13506113288889,2026-07-25T10:00:00.000Z
sensor.corridoio_umidita_2,42.41029864555555,2026-07-25T11:00:00.000Z
sensor.corridoio_umidita_2,42.40987277925,2026-07-25T12:00:00.000Z
sensor.corridoio_umidita_2,42.69951958458333,2026-07-25T13:00:00.000Z
sensor.corridoio_umidita_2,43.14755105616666,2026-07-25T14:00:00.000Z
sensor.corridoio_umidita_2,44.085057069583335,2026-07-25T15:00:00.000Z
sensor.corridoio_umidita_2,44.83732753761111,2026-07-25T16:00:00.000Z
sensor.corridoio_umidita_2,45.31834322441667,2026-07-25T17:00:00.000Z
sensor.corridoio_umidita_2,45.86057623925,2026-07-25T18:00:00.000Z
sensor.corridoio_umidita_2,46.26846117161111,2026-07-25T19:00:00.000Z
sensor.corridoio_umidita_2,46.47230968308333,2026-07-25T20:00:00.000Z
sensor.corridoio_umidita_2,47.855221715472226,2026-07-25T21:00:00.000Z
sensor.corridoio_umidita_2,48.842472251083336,2026-07-25T22:00:00.000Z
sensor.corridoio_umidita_2,48.38224164547222,2026-07-25T23:00:00.000Z
sensor.corridoio_umidita_2,48.936820869722226,2026-07-26T00:00:00.000Z
sensor.corridoio_umidita_2,50.382187560000006,2026-07-26T01:00:00.000Z
sensor.corridoio_umidita_2,50.97427841694445,2026-07-26T02:00:00.000Z
sensor.corridoio_umidita_2,50.91984235672222,2026-07-26T03:00:00.000Z
sensor.corridoio_umidita_2,51.12398581661111,2026-07-26T04:00:00.000Z
sensor.corridoio_umidita_2,51.88404573641666,2026-07-26T05:00:00.000Z
sensor.corridoio_umidita_2,52.70609967111111,2026-07-26T06:00:00.000Z
sensor.corridoio_umidita_2,52.53040857063889,2026-07-26T07:00:00.000Z
sensor.corridoio_umidita_2,52.22665055769445,2026-07-26T08:00:00.000Z
sensor.corridoio_umidita_2,52.3330289655,2026-07-26T09:00:00.000Z
sensor.corridoio_umidita_2,53.45702995719444,2026-07-26T10:00:00.000Z
sensor.corridoio_umidita_2,52.431601398999995,2026-07-26T11:00:00.000Z
sensor.corridoio_umidita_2,52.169724057361115,2026-07-26T12:00:00.000Z
sensor.corridoio_umidita_2,52.26632314275,2026-07-26T13:00:00.000Z
sensor.corridoio_umidita_2,52.589388837083334,2026-07-26T14:00:00.000Z
sensor.corridoio_umidita_2,52.24428142422223,2026-07-26T15:00:00.000Z
sensor.corridoio_umidita_2,50.78381995541667,2026-07-26T16:00:00.000Z
sensor.corridoio_umidita_2,49.90587216397222,2026-07-26T17:00:00.000Z
sensor.corridoio_umidita_2,52.03762414736111,2026-07-26T18:00:00.000Z
sensor.corridoio_umidita_2,53.356725802,2026-07-26T19:00:00.000Z
sensor.corridoio_umidita_2,53.22250269455555,2026-07-26T20:00:00.000Z
sensor.corridoio_umidita_2,53.11165440211111,2026-07-26T21:00:00.000Z
sensor.corridoio_umidita_2,53.330571484249994,2026-07-26T22:00:00.000Z
sensor.corridoio_umidita_2,53.85612754930556,2026-07-26T23:00:00.000Z
sensor.corridoio_umidita_2,54.47944587388889,2026-07-27T00:00:00.000Z
sensor.corridoio_umidita_2,54.995839687166665,2026-07-27T01:00:00.000Z
sensor.corridoio_umidita_2,54.71227160141667,2026-07-27T02:00:00.000Z
sensor.corridoio_umidita_2,54.57980027058333,2026-07-27T03:00:00.000Z
sensor.corridoio_umidita_2,54.45363186133333,2026-07-27T04:00:00.000Z
sensor.corridoio_umidita_2,54.36096963116666,2026-07-27T05:00:00.000Z
sensor.corridoio_umidita_2,55.41395347336111,2026-07-27T06:00:00.000Z
sensor.corridoio_umidita_2,55.49720847174999,2026-07-27T07:00:00.000Z
sensor.corridoio_umidita_2,55.61918882258334,2026-07-27T08:00:00.000Z
sensor.corridoio_umidita_2,55.887025654944445,2026-07-27T09:00:00.000Z
sensor.corridoio_umidita_2,56.56622282125,2026-07-27T10:00:00.000Z
sensor.corridoio_umidita_2,56.32327571188889,2026-07-27T11:00:00.000Z
sensor.corridoio_umidita_2,55.99120060855555,2026-07-27T12:00:00.000Z
sensor.corridoio_umidita_2,55.258768012805554,2026-07-27T13:00:00.000Z
sensor.corridoio_umidita_2,52.24686446475,2026-07-27T14:00:00.000Z
sensor.corridoio_umidita_2,48.7223700305,2026-07-27T15:00:00.000Z
sensor.corridoio_umidita_2,46.632548805333336,2026-07-27T16:00:00.000Z
sensor.corridoio_umidita_2,45.0146146685,2026-07-27T17:00:00.000Z
sensor.corridoio_umidita_2,43.34295419166667,2026-07-27T18:00:00.000Z
sensor.corridoio_umidita_2,43.232095608083334,2026-07-27T19:00:00.000Z
sensor.corridoio_umidita_2,44.42355658788889,2026-07-27T20:00:00.000Z
sensor.corridoio_umidita_2,48.40529860494445,2026-07-27T21:00:00.000Z
sensor.corridoio_umidita_2,52.47624671069445,2026-07-27T22:00:00.000Z
sensor.corridoio_umidita_2,54.506387275388896,2026-07-27T23:00:00.000Z
sensor.corridoio_umidita_2,55.45408490927778,2026-07-28T00:00:00.000Z
sensor.corridoio_umidita_2,55.155497075361104,2026-07-28T01:00:00.000Z
sensor.corridoio_umidita_2,55.46682772841667,2026-07-28T02:00:00.000Z
sensor.corridoio_umidita_2,56.048405038111106,2026-07-28T03:00:00.000Z
sensor.corridoio_umidita_2,56.40376084033334,2026-07-28T04:00:00.000Z
sensor.corridoio_umidita_2,55.60077185336112,2026-07-28T05:00:00.000Z
sensor.corridoio_umidita_2,55.624208705361106,2026-07-28T06:00:00.000Z
sensor.corridoio_umidita_2,57.231784705972224,2026-07-28T07:00:00.000Z
sensor.corridoio_umidita_2,59.06705293261111,2026-07-28T08:00:00.000Z
sensor.corridoio_umidita_2,59.88023257325,2026-07-28T09:00:00.000Z
sensor.corridoio_umidita_2,59.935862885472226,2026-07-28T10:00:00.000Z
sensor.corridoio_umidita_2,59.30304855327778,2026-07-28T11:00:00.000Z
sensor.corridoio_umidita_2,58.91012280727778,2026-07-28T12:00:00.000Z
sensor.corridoio_umidita_2,58.27238998802778,2026-07-28T13:00:00.000Z
sensor.corridoio_umidita_2,57.59090132363889,2026-07-28T14:00:00.000Z
sensor.corridoio_umidita_2,57.37830242538889,2026-07-28T15:00:00.000Z
sensor.corridoio_umidita_2,56.05500817083333,2026-07-28T16:00:00.000Z
sensor.corridoio_umidita_2,55.76562890191667,2026-07-28T17:00:00.000Z
sensor.corridoio_umidita_2,55.36987130663889,2026-07-28T18:00:00.000Z
sensor.corridoio_umidita_2,56.34487947011112,2026-07-28T19:00:00.000Z
sensor.corridoio_umidita_2,56.71078336652778,2026-07-28T20:00:00.000Z
sensor.corridoio_umidita_2,56.41058611013889,2026-07-28T21:00:00.000Z
sensor.corridoio_umidita_2,56.144672751861116,2026-07-28T22:00:00.000Z
sensor.corridoio_umidita_2,56.293592915111105,2026-07-28T23:00:00.000Z
sensor.corridoio_umidita_2,56.594508748416665,2026-07-29T00:00:00.000Z
sensor.corridoio_umidita_2,57.20087813402778,2026-07-29T01:00:00.000Z
sensor.corridoio_umidita_2,57.59126671250001,2026-07-29T02:00:00.000Z
sensor.corridoio_umidita_2,57.75355559827778,2026-07-29T03:00:00.000Z
sensor.corridoio_umidita_2,57.85853167822222,2026-07-29T04:00:00.000Z
sensor.corridoio_umidita_2,58.03388904122222,2026-07-29T05:00:00.000Z
sensor.corridoio_umidita_2,58.70380347527777,2026-07-29T06:00:00.000Z
sensor.corridoio_umidita_2,59.53369806483334,2026-07-29T07:00:00.000Z
sensor.corridoio_umidita_2,58.47715260180556,2026-07-29T08:00:00.000Z
sensor.corridoio_umidita_2,57.83448882663888,2026-07-29T09:00:00.000Z
sensor.corridoio_umidita_2,57.70363976294445,2026-07-29T10:00:00.000Z
sensor.corridoio_umidita_2,58.17953758083333,2026-07-29T11:00:00.000Z
sensor.corridoio_umidita_2,58.29130808083334,2026-07-29T12:00:00.000Z
sensor.corridoio_umidita_2,58.09132823252778,2026-07-29T13:00:00.000Z
sensor.corridoio_umidita_2,57.94882412411112,2026-07-29T14:00:00.000Z
sensor.corridoio_umidita_2,57.53014794991666,2026-07-29T15:00:00.000Z
sensor.corridoio_umidita_2,56.92961640816667,2026-07-29T16:00:00.000Z
sensor.corridoio_umidita_2,56.79317626675,2026-07-29T17:00:00.000Z
sensor.corridoio_umidita_2,56.75016739263889,2026-07-29T18:00:00.000Z
sensor.corridoio_umidita_2,56.451100900861114,2026-07-29T19:00:00.000Z
sensor.corridoio_umidita_2,56.843063359333335,2026-07-29T20:00:00.000Z
sensor.corridoio_umidita_2,57.929035440916664,2026-07-29T21:00:00.000Z
sensor.corridoio_umidita_2,58.22720940833333,2026-07-29T22:00:00.000Z
sensor.corridoio_umidita_2,57.872253747916666,2026-07-29T23:00:00.000Z
sensor.corridoio_umidita_2,58.55791574363889,2026-07-30T00:00:00.000Z
sensor.corridoio_umidita_2,58.95841507088889,2026-07-30T01:00:00.000Z
sensor.corridoio_umidita_2,55.96690999555556,2026-07-30T02:00:00.000Z
sensor.corridoio_umidita_2,54.769799069638886,2026-07-30T03:00:00.000Z
sensor.corridoio_umidita_2,57.28412856044444,2026-07-30T04:00:00.000Z
sensor.corridoio_umidita_2,57.26283658216666,2026-07-30T05:00:00.000Z
sensor.corridoio_umidita_2,58.86771080630555,2026-07-30T06:00:00.000Z
sensor.corridoio_umidita_2,59.86381391483334,2026-07-30T07:00:00.000Z
sensor.corridoio_umidita_2,59.30745651666666,2026-07-30T08:00:00.000Z
sensor.corridoio_umidita_2,58.84093339511111,2026-07-30T09:00:00.000Z
sensor.corridoio_umidita_2,58.61645528886112,2026-07-30T10:00:00.000Z
sensor.corridoio_umidita_2,58.64132802016667,2026-07-30T11:00:00.000Z
sensor.corridoio_umidita_2,58.70000000000001,2026-07-30T12:00:00.000Z
sensor.corridoio_umidita_2,58.65933918655556,2026-07-30T13:00:00.000Z
sensor.corridoio_umidita_2,58.6,2026-07-30T14:00:00.000Z
sensor.corridoio_umidita_2,57.860156876,2026-07-30T15:00:00.000Z
sensor.corridoio_umidita_2,57.71203108261111,2026-07-30T16:00:00.000Z
sensor.corridoio_umidita_2,57.70000000000001,2026-07-30T17:00:00.000Z
sensor.corridoio_umidita_2,57.73344533472223,2026-07-30T18:00:00.000Z
sensor.corridoio_umidita_2,57.74690478113889,2026-07-30T19:00:00.000Z
sensor.corridoio_umidita_2,58.18700610055556,2026-07-30T20:00:00.000Z
sensor.corridoio_umidita_2,58.343058888083334,2026-07-30T21:00:00.000Z
sensor.corridoio_umidita_2,58.98438653080556,2026-07-30T22:00:00.000Z
sensor.corridoio_umidita_2,57.651210944333336,2026-07-30T23:00:00.000Z
sensor.corridoio_umidita_2,57.20880681511111,2026-07-31T00:00:00.000Z
sensor.corridoio_umidita_2,57.44487898916666,2026-07-31T01:00:00.000Z
sensor.corridoio_umidita_2,57.21872819127778,2026-07-31T02:00:00.000Z
sensor.corridoio_umidita_2,56.909154905444446,2026-07-31T03:00:00.000Z
sensor.corridoio_umidita_2,56.217252995749995,2026-07-31T04:00:00.000Z
sensor.corridoio_umidita_2,56.37485113172222,2026-07-31T05:00:00.000Z
sensor.corridoio_umidita_2,56.245286858305555,2026-07-31T06:00:00.000Z
sensor.corridoio_umidita_2,56.74190607119444,2026-07-31T07:00:00.000Z
sensor.corridoio_umidita_2,55.73673465713889,2026-07-31T08:00:00.000Z
sensor.corridoio_umidita_2,57.22538046388889,2026-07-31T09:00:00.000Z
sensor.corridoio_umidita_2,58.40958943705556,2026-07-31T10:00:00.000Z
sensor.corridoio_umidita_2,58.841928248888884,2026-07-31T11:00:00.000Z
sensor.corridoio_umidita_2,57.858492522305546,2026-07-31T12:00:00.000Z
sensor.corridoio_umidita_2,57.255256096083336,2026-07-31T13:00:00.000Z
sensor.corridoio_umidita_2,56.56705139733333,2026-07-31T14:00:00.000Z
sensor.corridoio_umidita_2,56.117440443,2026-07-31T15:00:00.000Z
sensor.corridoio_umidita_2,53.247652772694444,2026-07-31T16:00:00.000Z
sensor.corridoio_umidita_2,51.14516255544444,2026-07-31T17:00:00.000Z
sensor.corridoio_umidita_2,50.439375283222226,2026-07-31T18:00:00.000Z
sensor.corridoio_umidita_2,51.74119843202777,2026-07-31T19:00:00.000Z
sensor.corridoio_umidita_2,52.57410330352778,2026-07-31T20:00:00.000Z
sensor.corridoio_umidita_2,52.3186388,2026-07-31T21:00:00.000Z
sensor.corridoio_umidita_2,53.031034706250004,2026-07-31T22:00:00.000Z
sensor.corridoio_umidita_2,53.53193163225,2026-07-31T23:00:00.000Z
sensor.corridoio_umidita_2,53.696138563111106,2026-08-01T00:00:00.000Z
sensor.corridoio_umidita_2,53.80573792386111,2026-08-01T01:00:00.000Z
sensor.corridoio_umidita_2,54.309737367361116,2026-08-01T02:00:00.000Z
sensor.corridoio_umidita_2,53.25688565252778,2026-08-01T03:00:00.000Z
sensor.corridoio_umidita_2,53.87559065833333,2026-08-01T04:00:00.000Z
sensor.corridoio_umidita_2,54.515218149,2026-08-01T05:00:00.000Z
sensor.corridoio_umidita_2,55.83997247880556,2026-08-01T06:00:00.000Z
sensor.corridoio_umidita_2,56.33773778666667,2026-08-01T07:00:00.000Z
sensor.corridoio_umidita_2,56.49196906933333,2026-08-01T08:00:00.000Z
sensor.corridoio_umidita_2,56.307846640916665,2026-08-01T09:00:00.000Z
sensor.corridoio_umidita_2,58.207104671222226,2026-08-01T10:00:00.000Z
sensor.corridoio_umidita_2,58.072641879555555,2026-08-01T11:00:00.000Z
sensor.corridoio_umidita_2,57.450136409277775,2026-08-01T12:00:00.000Z
sensor.corridoio_umidita_2,57.06435850077778,2026-08-01T13:00:00.000Z
sensor.corridoio_umidita_2,56.66934666080556,2026-08-01T14:00:00.000Z
sensor.corridoio_umidita_2,56.421878411444446,2026-08-01T15:00:00.000Z
sensor.corridoio_umidita_2,55.98201906552777,2026-08-01T16:00:00.000Z
sensor.corridoio_umidita_2,55.56655525430556,2026-08-01T17:00:00.000Z
sensor.corridoio_umidita_2,55.54449784219444,2026-08-01T18:00:00.000Z
sensor.corridoio_umidita_2,55.57689684072222,2026-08-01T19:00:00.000Z
sensor.corridoio_umidita_2,55.85057764355556,2026-08-01T20:00:00.000Z
sensor.corridoio_umidita_2,55.43692482961111,2026-08-01T21:00:00.000Z
sensor.corridoio_umidita_2,55.04198619536111,2026-08-01T22:00:00.000Z
sensor.corridoio_umidita_2,54.94147622091666,2026-08-01T23:00:00.000Z
sensor.corridoio_umidita_2,54.91031730044444,2026-08-02T00:00:00.000Z
sensor.corridoio_umidita_2,54.64995773913889,2026-08-02T01:00:00.000Z
sensor.corridoio_umidita_2,54.359592381611115,2026-08-02T02:00:00.000Z
sensor.corridoio_umidita_2,54.07756322694445,2026-08-02T03:00:00.000Z
sensor.corridoio_umidita_2,53.88467865933333,2026-08-02T04:00:00.000Z
sensor.corridoio_umidita_2,54,2026-08-02T05:00:00.000Z
sensor.corridoio_umidita_2,53.89829098488889,2026-08-02T06:00:00.000Z
sensor.corridoio_umidita_2,53.81700432369444,2026-08-02T07:00:00.000Z
sensor.corridoio_umidita_2,54.100575449805554,2026-08-02T08:00:00.000Z
sensor.corridoio_umidita_2,54.182626275500006,2026-08-02T09:00:00.000Z
sensor.corridoio_umidita_2,54.29999999999999,2026-08-02T10:00:00.000Z
sensor.corridoio_umidita_2,54.062513020055555,2026-08-02T11:00:00.000Z
sensor.corridoio_umidita_2,53.68742882986111,2026-08-02T12:00:00.000Z
sensor.corridoio_umidita_2,53.60639551380556,2026-08-02T13:00:00.000Z
sensor.corridoio_umidita_2,53.94392037041666,2026-08-02T14:00:00.000Z
sensor.corridoio_umidita_2,53.85178807413889,2026-08-02T15:00:00.000Z
sensor.corridoio_umidita_2,53.344470324861106,2026-08-02T16:00:00.000Z
sensor.corridoio_umidita_2,53.006050786972224,2026-08-02T17:00:00.000Z
sensor.corridoio_umidita_2,52.85248832233333,2026-08-02T18:00:00.000Z
sensor.corridoio_umidita_2,52.52427300619445,2026-08-02T19:00:00.000Z
sensor.corridoio_umidita_2,52.37557896302778,2026-08-02T20:00:00.000Z
sensor.corridoio_umidita_2,52.27491272891666,2026-08-02T21:00:00.000Z
sensor.corridoio_umidita_2,52.666599913472226,2026-08-02T22:00:00.000Z
sensor.corridoio_umidita_2,53.04144857255556,2026-08-02T23:00:00.000Z
sensor.corridoio_umidita_2,53.1,2026-08-03T00:00:00.000Z
sensor.corridoio_umidita_2,53.135368401305556,2026-08-03T01:00:00.000Z
sensor.corridoio_umidita_2,53.276809499555554,2026-08-03T02:00:00.000Z
sensor.corridoio_umidita_2,53.37644609072222,2026-08-03T03:00:00.000Z
sensor.corridoio_umidita_2,53.47602908252778,2026-08-03T04:00:00.000Z
sensor.corridoio_umidita_2,53.59278589122223,2026-08-03T05:00:00.000Z
sensor.corridoio_umidita_2,53.775306245361115,2026-08-03T06:00:00.000Z
sensor.corridoio_umidita_2,53.79999999999999,2026-08-03T07:00:00.000Z
sensor.corridoio_umidita_2,53.79244253008333,2026-08-03T08:00:00.000Z
sensor.corridoio_umidita_2,53.70000000000001,2026-08-03T09:00:00.000Z
sensor.corridoio_umidita_2,53.70000000000001,2026-08-03T10:00:00.000Z
sensor.corridoio_umidita_2,53.57910171380556,2026-08-03T12:00:00.000Z
sensor.corridoio_umidita_2,53.452464947277775,2026-08-03T13:00:00.000Z
sensor.corridoio_umidita_2,53.241765493083335,2026-08-03T14:00:00.000Z
sensor.corridoio_umidita_2,52.984593510361115,2026-08-03T15:00:00.000Z
sensor.corridoio_umidita_2,52.55152678383333,2026-08-03T16:00:00.000Z
sensor.corridoio_umidita_2,52.12873847372222,2026-08-03T17:00:00.000Z
sensor.corridoio_umidita_2,51.92945545138889,2026-08-03T18:00:00.000Z
sensor.corridoio_umidita_2,52.048648714694444,2026-08-03T19:00:00.000Z
sensor.corridoio_umidita_2,52.23599098477778,2026-08-03T20:00:00.000Z
sensor.corridoio_umidita_2,52.61289810983334,2026-08-03T21:00:00.000Z
sensor.corridoio_umidita_2,52.86556988391666,2026-08-03T22:00:00.000Z
sensor.corridoio_umidita_2,52.852845116999994,2026-08-03T23:00:00.000Z
sensor.corridoio_umidita_2,52.62399435397222,2026-08-04T00:00:00.000Z
sensor.corridoio_umidita_2,52.75964760411111,2026-08-04T01:00:00.000Z
sensor.corridoio_umidita_2,52.79999999999999,2026-08-04T02:00:00.000Z
sensor.corridoio_umidita_2,52.76710987080555,2026-08-04T03:00:00.000Z
sensor.corridoio_umidita_2,52.60058046961111,2026-08-04T04:00:00.000Z
sensor.corridoio_umidita_2,52.6,2026-08-04T05:00:00.000Z
sensor.corridoio_umidita_2,52.55989044769444,2026-08-04T06:00:00.000Z
sensor.corridoio_umidita_2,52.466530177694445,2026-08-04T07:00:00.000Z
sensor.corridoio_umidita_2,52.39632718852778,2026-08-04T08:00:00.000Z
sensor.corridoio_umidita_2,52.27249801494444,2026-08-04T09:00:00.000Z
sensor.corridoio_umidita_2,51.98479426416666,2026-08-04T10:00:00.000Z
sensor.corridoio_umidita_2,51.73750779080556,2026-08-04T11:00:00.000Z
sensor.corridoio_umidita_2,52.09184895188889,2026-08-04T12:00:00.000Z
sensor.corridoio_umidita_2,52.36794673833333,2026-08-04T13:00:00.000Z
sensor.corridoio_umidita_2,52.28661293813889,2026-08-04T14:00:00.000Z
sensor.corridoio_umidita_2,51.63160160127777,2026-08-04T15:00:00.000Z
sensor.corridoio_umidita_2,50.89560301222222,2026-08-04T16:00:00.000Z
sensor.corridoio_umidita_2,50.508021500888894,2026-08-04T17:00:00.000Z
sensor.corridoio_umidita_2,50.635090183555555,2026-08-04T18:00:00.000Z
sensor.corridoio_umidita_2,50.819673467722225,2026-08-04T19:00:00.000Z
sensor.corridoio_umidita_2,51.04496098713889,2026-08-04T20:00:00.000Z
sensor.corridoio_umidita_2,51.20000000000001,2026-08-04T21:00:00.000Z
sensor.corridoio_umidita_2,51.25096470983334,2026-08-04T22:00:00.000Z
sensor.corridoio_umidita_2,51.61713143933333,2026-08-04T23:00:00.000Z
sensor.corridoio_umidita_2,51.432292664500004,2026-08-05T00:00:00.000Z
sensor.corridoio_umidita_2,51.78957514286111,2026-08-05T01:00:00.000Z
sensor.corridoio_umidita_2,51.87489441611111,2026-08-05T02:00:00.000Z
sensor.corridoio_umidita_2,51.866554502583334,2026-08-05T03:00:00.000Z
sensor.corridoio_umidita_2,51.9,2026-08-05T04:00:00.000Z
sensor.corridoio_umidita_2,51.9,2026-08-05T05:00:00.000Z
sensor.corridoio_umidita_2,51.79394047891666,2026-08-05T06:00:00.000Z
sensor.corridoio_umidita_2,51.79999999999999,2026-08-05T07:00:00.000Z
sensor.corridoio_umidita_2,51.690102838499996,2026-08-05T08:00:00.000Z
sensor.corridoio_umidita_2,51.779794354500005,2026-08-05T09:00:00.000Z
sensor.corridoio_umidita_2,52.15779264238889,2026-08-05T10:00:00.000Z
sensor.corridoio_umidita_2,52.40722371138889,2026-08-05T11:00:00.000Z
sensor.corridoio_umidita_2,52.75471600094445,2026-08-05T12:00:00.000Z
sensor.corridoio_umidita_2,52.83305413886111,2026-08-05T13:00:00.000Z
sensor.corridoio_umidita_2,52.84758142855555,2026-08-05T14:00:00.000Z
sensor.corridoio_umidita_2,52.66890335688888,2026-08-05T15:00:00.000Z
sensor.corridoio_umidita_2,52.32828859505556,2026-08-05T16:00:00.000Z
sensor.corridoio_umidita_2,51.91242611969444,2026-08-05T17:00:00.000Z
sensor.corridoio_umidita_2,51.85763106947223,2026-08-05T18:00:00.000Z
sensor.corridoio_umidita_2,51.89220030675,2026-08-05T19:00:00.000Z
sensor.corridoio_umidita_2,51.95000206325,2026-08-05T20:00:00.000Z
sensor.corridoio_umidita_2,52.00778424958333,2026-08-05T21:00:00.000Z
sensor.corridoio_umidita_2,52.1,2026-08-05T22:00:00.000Z
sensor.corridoio_umidita_2,52.067940473722224,2026-08-05T23:00:00.000Z
sensor.corridoio_umidita_2,51.926493162638884,2026-08-06T00:00:00.000Z
sensor.corridoio_umidita_2,51.97920845313889,2026-08-06T01:00:00.000Z
sensor.corridoio_umidita_2,52.1,2026-08-06T02:00:00.000Z
sensor.corridoio_umidita_2,52.1,2026-08-06T03:00:00.000Z
sensor.corridoio_umidita_2,52.0949657115,2026-08-06T04:00:00.000Z
sensor.corridoio_umidita_2,52,2026-08-06T05:00:00.000Z
sensor.corridoio_umidita_2,51.91207626977778,2026-08-06T06:00:00.000Z
sensor.corridoio_umidita_2,51.91225304486111,2026-08-06T07:00:00.000Z
sensor.corridoio_umidita_2,52.05853091038889,2026-08-06T08:00:00.000Z
sensor.corridoio_umidita_2,52.07563391541667,2026-08-06T09:00:00.000Z
sensor.corridoio_umidita_2,51.77597319127778,2026-08-06T10:00:00.000Z
sensor.corridoio_umidita_2,51.35605346505556,2026-08-06T11:00:00.000Z
sensor.corridoio_umidita_2,51.32843758819444,2026-08-06T12:00:00.000Z
sensor.corridoio_umidita_2,51.42344263363889,2026-08-06T13:00:00.000Z
sensor.corridoio_umidita_2,51.306269887722216,2026-08-06T14:00:00.000Z
sensor.corridoio_umidita_2,51.141422003555554,2026-08-06T15:00:00.000Z
sensor.corridoio_umidita_2,51.11627027933334,2026-08-06T16:00:00.000Z
sensor.corridoio_umidita_2,51.1,2026-08-06T17:00:00.000Z
sensor.corridoio_umidita_2,51.2741213225,2026-08-06T18:00:00.000Z
sensor.corridoio_umidita_2,51.43992642277777,2026-08-06T19:00:00.000Z
sensor.corridoio_umidita_2,51.54033661813889,2026-08-06T20:00:00.000Z
sensor.corridoio_umidita_2,51.71522996252778,2026-08-06T21:00:00.000Z
sensor.corridoio_umidita_2,51.66046850291667,2026-08-06T22:00:00.000Z
sensor.corridoio_umidita_2,51.54410898594444,2026-08-06T23:00:00.000Z
sensor.corridoio_umidita_2,51.55019408988889,2026-08-07T00:00:00.000Z
sensor.corridoio_umidita_2,51.596951321194446,2026-08-07T01:00:00.000Z
sensor.corridoio_umidita_2,51.67984100105556,2026-08-07T02:00:00.000Z
sensor.corridoio_umidita_2,51.78786461133333,2026-08-07T03:00:00.000Z
sensor.corridoio_umidita_2,51.79999999999999,2026-08-07T04:00:00.000Z
sensor.corridoio_umidita_2,51.79999999999999,2026-08-07T05:00:00.000Z
sensor.corridoio_umidita_2,51.781274359916665,2026-08-07T09:00:00.000Z
sensor.corridoio_umidita_2,51.73508568613889,2026-08-07T10:00:00.000Z
sensor.corridoio_umidita_2,51.79999999999999,2026-08-07T11:00:00.000Z
sensor.corridoio_umidita_2,51.706240766444445,2026-08-07T12:00:00.000Z
sensor.corridoio_umidita_2,51.38892051275,2026-08-07T13:00:00.000Z
sensor.corridoio_umidita_2,51.040277055888886,2026-08-07T14:00:00.000Z
sensor.corridoio_umidita_2,50.56650167797222,2026-08-07T15:00:00.000Z
sensor.corridoio_umidita_2,50.705678039805555,2026-08-07T16:00:00.000Z
sensor.corridoio_umidita_2,50.9,2026-08-07T17:00:00.000Z
sensor.corridoio_umidita_2,50.99025704761112,2026-08-07T18:00:00.000Z
sensor.corridoio_umidita_2,50.92685366730555,2026-08-07T19:00:00.000Z
sensor.corridoio_umidita_2,50.95595123361111,2026-08-07T20:00:00.000Z
sensor.corridoio_umidita_2,51.013752941444444,2026-08-07T21:00:00.000Z
sensor.corridoio_umidita_2,51.074921352,2026-08-07T22:00:00.000Z
sensor.corridoio_umidita_2,51.25137033880555,2026-08-07T23:00:00.000Z
sensor.corridoio_umidita_2,51.29999999999999,2026-08-08T00:00:00.000Z
sensor.corridoio_umidita_2,51.29999999999999,2026-08-08T01:00:00.000Z
sensor.corridoio_umidita_2,51.167574049916674,2026-08-08T02:00:00.000Z
sensor.corridoio_umidita_2,51.161669619250006,2026-08-08T03:00:00.000Z
sensor.corridoio_umidita_2,51.22510672375,2026-08-08T04:00:00.000Z
sensor.corridoio_umidita_2,51.20000000000001,2026-08-08T05:00:00.000Z
sensor.corridoio_umidita_2,51.20000000000001,2026-08-08T06:00:00.000Z
sensor.corridoio_umidita_2,51.336283905361114,2026-08-08T08:00:00.000Z
sensor.corridoio_umidita_2,51.585784404777776,2026-08-08T09:00:00.000Z
sensor.corridoio_umidita_2,51.566047790805555,2026-08-08T10:00:00.000Z
sensor.corridoio_umidita_2,51.44977075166667,2026-08-08T11:00:00.000Z
sensor.corridoio_umidita_2,51.4,2026-08-08T12:00:00.000Z
sensor.corridoio_umidita_2,51.4,2026-08-08T13:00:00.000Z
sensor.corridoio_umidita_2,51.31005267594444,2026-08-08T16:00:00.000Z
sensor.corridoio_umidita_2,51.28577027902778,2026-08-08T17:00:00.000Z
sensor.corridoio_umidita_2,51.20000000000001,2026-08-08T18:00:00.000Z
sensor.corridoio_umidita_2,51.285371942333335,2026-08-08T19:00:00.000Z
sensor.corridoio_umidita_2,51.463228276555554,2026-08-08T20:00:00.000Z
sensor.corridoio_umidita_2,51.54600545797222,2026-08-08T21:00:00.000Z
sensor.corridoio_umidita_2,51.546023499361105,2026-08-08T22:00:00.000Z
sensor.corridoio_umidita_2,51.5,2026-08-08T23:00:00.000Z
sensor.corridoio_umidita_2,51.5,2026-08-09T00:00:00.000Z
sensor.corridoio_umidita_2,51.472298501972226,2026-08-09T01:00:00.000Z
sensor.corridoio_umidita_2,51.33690752575,2026-08-09T02:00:00.000Z
sensor.corridoio_umidita_2,51.20000000000001,2026-08-09T03:00:00.000Z
sensor.corridoio_umidita_2,51.20000000000001,2026-08-09T04:00:00.000Z
sensor.corridoio_umidita_2,51.21730952330555,2026-08-09T06:00:00.000Z
sensor.corridoio_umidita_2,51.29999999999999,2026-08-09T07:00:00.000Z
sensor.corridoio_umidita_2,51.34997361127778,2026-08-09T08:00:00.000Z
sensor.corridoio_umidita_2,51.425105356694445,2026-08-09T09:00:00.000Z
sensor.corridoio_umidita_2,51.284826809083334,2026-08-09T10:00:00.000Z
sensor.corridoio_umidita_2,51.13438570519444,2026-08-09T11:00:00.000Z
sensor.corridoio_umidita_2,51.00127575872222,2026-08-09T12:00:00.000Z
sensor.corridoio_umidita_2,51.01466935077778,2026-08-09T13:00:00.000Z
sensor.corridoio_umidita_2,51.1,2026-08-09T14:00:00.000Z
sensor.corridoio_umidita_2,51.06102054713889,2026-08-09T15:00:00.000Z
sensor.corridoio_umidita_2,50.97492048,2026-08-09T16:00:00.000Z
sensor.corridoio_umidita_2,50.91152067005555,2026-08-09T17:00:00.000Z
sensor.corridoio_umidita_2,50.98809044977778,2026-08-09T18:00:00.000Z
sensor.corridoio_umidita_2,51,2026-08-09T19:00:00.000Z
sensor.corridoio_umidita_2,51.12826949280555,2026-08-09T20:00:00.000Z
sensor.corridoio_umidita_2,51.345170803083334,2026-08-09T21:00:00.000Z
sensor.corridoio_umidita_2,51.47828047363888,2026-08-09T22:00:00.000Z
sensor.corridoio_umidita_2,51.5,2026-08-09T23:00:00.000Z
sensor.corridoio_umidita_2,51.57970251288889,2026-08-10T00:00:00.000Z
sensor.corridoio_umidita_2,51.72689235069444,2026-08-10T01:00:00.000Z
sensor.corridoio_umidita_2,51.790190438888885,2026-08-10T02:00:00.000Z
sensor.corridoio_umidita_2,51.70000000000001,2026-08-10T03:00:00.000Z
sensor.corridoio_umidita_2,51.72564280363889,2026-08-10T04:00:00.000Z
sensor.corridoio_umidita_2,51.79999999999999,2026-08-10T05:00:00.000Z
sensor.corridoio_umidita_2,51.82475116422222,2026-08-10T06:00:00.000Z
sensor.corridoio_umidita_2,51.90761231216666,2026-08-10T07:00:00.000Z
sensor.corridoio_umidita_2,52.015590013250005,2026-08-10T08:00:00.000Z
sensor.corridoio_umidita_2,52.157058118138885,2026-08-10T09:00:00.000Z
sensor.corridoio_umidita_2,52.17488097805556,2026-08-10T10:00:00.000Z
sensor.corridoio_umidita_2,52.20000000000001,2026-08-10T11:00:00.000Z
sensor.corridoio_umidita_2,52.029632503555554,2026-08-10T12:00:00.000Z
sensor.corridoio_umidita_2,52,2026-08-10T13:00:00.000Z
sensor.corridoio_umidita_2,52.06347847275,2026-08-10T14:00:00.000Z
sensor.corridoio_umidita_2,52.07885981766666,2026-08-10T15:00:00.000Z
sensor.corridoio_umidita_2,51.90852215783334,2026-08-10T16:00:00.000Z
sensor.corridoio_umidita_2,51.76307963166667,2026-08-10T17:00:00.000Z
sensor.corridoio_umidita_2,51.70000000000001,2026-08-10T18:00:00.000Z
sensor.corridoio_umidita_2,51.68890950363889,2026-08-10T19:00:00.000Z
sensor.corridoio_umidita_2,51.6,2026-08-10T20:00:00.000Z
sensor.corridoio_umidita_2,51.574882712833336,2026-08-10T21:00:00.000Z
sensor.corridoio_umidita_2,51.6,2026-08-10T22:00:00.000Z
sensor.corridoio_umidita_2,51.73593069891667,2026-08-10T23:00:00.000Z
sensor.corridoio_umidita_2,51.79999999999999,2026-08-11T00:00:00.000Z
sensor.corridoio_umidita_2,51.79999999999999,2026-08-11T01:00:00.000Z
sensor.corridoio_umidita_2,51.71649926977778,2026-08-11T02:00:00.000Z
sensor.corridoio_umidita_2,51.56721591797222,2026-08-11T03:00:00.000Z
sensor.corridoio_umidita_2,51.45066378005556,2026-08-11T04:00:00.000Z
sensor.corridoio_umidita_2,51.27690766683333,2026-08-11T05:00:00.000Z
sensor.corridoio_umidita_2,51.20000000000001,2026-08-11T06:00:00.000Z
sensor.corridoio_umidita_2,51.231500468250005,2026-08-11T07:00:00.000Z
sensor.corridoio_umidita_2,51.353813853,2026-08-11T08:00:00.000Z
sensor.corridoio_umidita_2,51.41071508691667,2026-08-11T09:00:00.000Z
sensor.corridoio_umidita_2,51.44700268427778,2026-08-11T10:00:00.000Z
sensor.corridoio_umidita_2,51.44026262980555,2026-08-11T11:00:00.000Z
sensor.corridoio_umidita_2,51.29999999999999,2026-08-11T12:00:00.000Z
sensor.corridoio_umidita_2,51.245854145416665,2026-08-11T13:00:00.000Z
sensor.corridoio_umidita_2,51.20350805138889,2026-08-11T14:00:00.000Z
sensor.corridoio_umidita_2,51.23833069838889,2026-08-11T15:00:00.000Z
sensor.corridoio_umidita_2,51.130325688472226,2026-08-11T16:00:00.000Z
sensor.corridoio_umidita_2,50.969739410138885,2026-08-11T17:00:00.000Z
sensor.corridoio_umidita_2,50.935478647055554,2026-08-11T18:00:00.000Z
sensor.corridoio_umidita_2,51.130397912777774,2026-08-11T19:00:00.000Z
sensor.corridoio_umidita_2,51.38489616166667,2026-08-11T20:00:00.000Z
sensor.corridoio_umidita_2,51.4,2026-08-11T21:00:00.000Z
sensor.corridoio_umidita_2,51.459315994,2026-08-11T22:00:00.000Z
sensor.corridoio_umidita_2,51.566659937666664,2026-08-11T23:00:00.000Z
sensor.corridoio_umidita_2,51.57475370408333,2026-08-12T00:00:00.000Z
sensor.corridoio_umidita_2,51.65855899261111,2026-08-12T01:00:00.000Z
sensor.corridoio_umidita_2,51.618130209888896,2026-08-12T02:00:00.000Z
sensor.corridoio_umidita_2,51.468270834,2026-08-12T03:00:00.000Z
sensor.corridoio_umidita_2,51.28712846302778,2026-08-12T04:00:00.000Z
sensor.corridoio_umidita_2,51.11885416383333,2026-08-12T05:00:00.000Z
sensor.corridoio_umidita_2,51.1,2026-08-12T06:00:00.000Z
sensor.corridoio_umidita_2,51.1,2026-08-12T07:00:00.000Z
sensor.corridoio_umidita_2,51.17611522558334,2026-08-12T08:00:00.000Z
sensor.corridoio_umidita_2,51.29999999999999,2026-08-12T09:00:00.000Z
sensor.corridoio_umidita_2,51.229275119,2026-08-12T10:00:00.000Z
sensor.corridoio_umidita_2,51.20000000000001,2026-08-12T11:00:00.000Z
sensor.corridoio_umidita_2,51.20000000000001,2026-08-12T12:00:00.000Z
sensor.corridoio_umidita_2,51.236029366749996,2026-08-12T13:00:00.000Z
sensor.corridoio_umidita_2,51.29999999999999,2026-08-12T14:00:00.000Z
sensor.corridoio_umidita_2,51.38366800391666,2026-08-12T15:00:00.000Z
sensor.corridoio_umidita_2,51.29743865716666,2026-08-12T16:00:00.000Z
sensor.corridoio_umidita_2,51.11582203025,2026-08-12T17:00:00.000Z
sensor.corridoio_umidita_2,50.974409105444444,2026-08-12T18:00:00.000Z
sensor.corridoio_umidita_2,50.866272841833336,2026-08-12T19:00:00.000Z
sensor.corridoio_umidita_2,50.70000000000001,2026-08-12T20:00:00.000Z
sensor.corridoio_umidita_2,50.79139483327777,2026-08-12T21:00:00.000Z
sensor.corridoio_umidita_2,50.766499780194444,2026-08-12T22:00:00.000Z
sensor.corridoio_umidita_2,50.79999999999999,2026-08-12T23:00:00.000Z
sensor.corridoio_umidita_2,50.87347931463889,2026-08-13T00:00:00.000Z
sensor.corridoio_umidita_2,50.9,2026-08-13T01:00:00.000Z
sensor.corridoio_umidita_2,50.80216370411111,2026-08-13T02:00:00.000Z
sensor.corridoio_umidita_2,50.84728025352778,2026-08-13T03:00:00.000Z
sensor.corridoio_umidita_2,50.86652844008333,2026-08-13T04:00:00.000Z
sensor.corridoio_umidita_2,50.82855011222222,2026-08-13T05:00:00.000Z
sensor.corridoio_umidita_2,50.79999999999999,2026-08-13T06:00:00.000Z
sensor.corridoio_umidita_2,50.837116983638886,2026-08-13T07:00:00.000Z
sensor.corridoio_umidita_2,50.94505116394444,2026-08-13T08:00:00.000Z
sensor.corridoio_umidita_2,50.816013573750006,2026-08-13T09:00:00.000Z
sensor.corridoio_umidita_2,50.52579516111111,2026-08-13T10:00:00.000Z
sensor.corridoio_umidita_2,50.31265408549999,2026-08-13T11:00:00.000Z
sensor.corridoio_umidita_2,50.20000000000001,2026-08-13T12:00:00.000Z
sensor.corridoio_umidita_2,50.251200609305556,2026-08-13T13:00:00.000Z
sensor.corridoio_umidita_2,50.29999999999999,2026-08-13T14:00:00.000Z
sensor.corridoio_umidita_2,50.383783932499995,2026-08-13T15:00:00.000Z
sensor.corridoio_umidita_2,50.4,2026-08-13T16:00:00.000Z
sensor.corridoio_umidita_2,50.4,2026-08-13T17:00:00.000Z
sensor.corridoio_umidita_2,50.46492324983333,2026-08-13T20:00:00.000Z
sensor.corridoio_umidita_2,50.53106224213889,2026-08-13T21:00:00.000Z
sensor.corridoio_umidita_2,50.38539712036111,2026-08-13T22:00:00.000Z
sensor.corridoio_umidita_2,50.327345489138885,2026-08-13T23:00:00.000Z
sensor.corridoio_umidita_2,50.45855928869444,2026-08-14T00:00:00.000Z
sensor.corridoio_umidita_2,50.362219016333334,2026-08-14T01:00:00.000Z
sensor.corridoio_umidita_2,50.15438264322222,2026-08-14T02:00:00.000Z
sensor.corridoio_umidita_2,50.07044536280555,2026-08-14T03:00:00.000Z
sensor.corridoio_umidita_2,50.125115763361116,2026-08-14T04:00:00.000Z
sensor.corridoio_umidita_2,50.15283536916667,2026-08-14T05:00:00.000Z
sensor.corridoio_umidita_2,50.26482084447222,2026-08-14T06:00:00.000Z
sensor.corridoio_umidita_2,47.6068367813611,2026-08-14T07:00:00.000Z
sensor.corridoio_umidita_2,45.528623057527774,2026-08-14T08:00:00.000Z
sensor.corridoio_umidita_2,45.83094113352778,2026-08-14T09:00:00.000Z
sensor.corridoio_umidita_2,46.89851535361111,2026-08-14T10:00:00.000Z
sensor.corridoio_umidita_2,47.33419459216666,2026-08-14T11:00:00.000Z
sensor.corridoio_umidita_2,47.20848810702778,2026-08-14T12:00:00.000Z
sensor.corridoio_umidita_2,47.61147501022222,2026-08-14T13:00:00.000Z
sensor.corridoio_umidita_2,48.197124270888885,2026-08-14T14:00:00.000Z
sensor.corridoio_umidita_2,48.422203629083334,2026-08-14T15:00:00.000Z
sensor.corridoio_umidita_2,48.39532509230555,2026-08-14T16:00:00.000Z
sensor.corridoio_umidita_2,48.27491301544444,2026-08-14T17:00:00.000Z
sensor.corridoio_umidita_2,48.38080659305555,2026-08-14T18:00:00.000Z
sensor.corridoio_umidita_2,48.4854271085,2026-08-14T19:00:00.000Z
sensor.corridoio_umidita_2,48.64931358994445,2026-08-14T20:00:00.000Z
sensor.corridoio_umidita_2,48.353914927333335,2026-08-14T21:00:00.000Z
sensor.corridoio_umidita_2,47.59271183816667,2026-08-14T22:00:00.000Z
sensor.corridoio_umidita_2,47.78747225777778,2026-08-14T23:00:00.000Z
sensor.corridoio_umidita_2,48.22918082222222,2026-08-15T00:00:00.000Z
sensor.corridoio_umidita_2,48.5360884875,2026-08-15T01:00:00.000Z
sensor.corridoio_umidita_2,48.61900717777778,2026-08-15T02:00:00.000Z
sensor.corridoio_umidita_2,46.150280960416666,2026-08-15T03:00:00.000Z
sensor.corridoio_umidita_2,44.64348451888889,2026-08-15T04:00:00.000Z
sensor.corridoio_umidita_2,44.29240828802778,2026-08-15T05:00:00.000Z
sensor.corridoio_umidita_2,44.80218373883333,2026-08-15T06:00:00.000Z
sensor.corridoio_umidita_2,48.778013184277775,2026-08-15T07:00:00.000Z
sensor.corridoio_umidita_2,49.08614915211111,2026-08-15T08:00:00.000Z
sensor.corridoio_umidita_2,47.62545114136111,2026-08-15T09:00:00.000Z
sensor.corridoio_umidita_2,47.715313368277776,2026-08-15T10:00:00.000Z
sensor.corridoio_umidita_2,47.39204582688888,2026-08-15T11:00:00.000Z
sensor.corridoio_umidita_2,46.83504229816666,2026-08-15T12:00:00.000Z
sensor.corridoio_umidita_2,48.59370853944444,2026-08-15T13:00:00.000Z
sensor.corridoio_umidita_2,48.85170876888889,2026-08-15T14:00:00.000Z
sensor.corridoio_umidita_2,48.70000000000001,2026-08-15T15:00:00.000Z
sensor.corridoio_umidita_2,48.605662390750005,2026-08-15T16:00:00.000Z
sensor.corridoio_umidita_2,48.46994706036111,2026-08-15T17:00:00.000Z
sensor.corridoio_umidita_2,48.26084026108333,2026-08-15T18:00:00.000Z
sensor.corridoio_umidita_2,47.97038197891666,2026-08-15T19:00:00.000Z
sensor.corridoio_umidita_2,47.69583014441667,2026-08-15T20:00:00.000Z
sensor.corridoio_umidita_2,47.874831795472225,2026-08-15T21:00:00.000Z
sensor.corridoio_umidita_2,48.84200699438889,2026-08-15T22:00:00.000Z
sensor.corridoio_umidita_2,48.78596270486111,2026-08-15T23:00:00.000Z
sensor.corridoio_umidita_2,48.647552237583334,2026-08-16T00:00:00.000Z
sensor.corridoio_umidita_2,48.6,2026-08-16T01:00:00.000Z
sensor.corridoio_umidita_2,48.52321457711111,2026-08-16T02:00:00.000Z
sensor.corridoio_umidita_2,48.4,2026-08-16T02:29:12.914Z
sensor.corridoio_umidita_2,48.5,2026-08-16T03:54:34.728Z
sensor.corridoio_umidita_2,48.6,2026-08-16T04:29:42.896Z
sensor.corridoio_umidita_2,48.7,2026-08-16T05:04:50.766Z
sensor.corridoio_umidita_2,48.8,2026-08-16T05:44:59.797Z
sensor.corridoio_umidita_2,48.9,2026-08-16T07:10:17.874Z
sensor.corridoio_umidita_2,48.8,2026-08-16T07:25:20.748Z
sensor.corridoio_umidita_2,48.6,2026-08-16T07:45:25.743Z
sensor.corridoio_umidita_2,48.5,2026-08-16T08:05:29.769Z
sensor.corridoio_umidita_2,48.4,2026-08-16T08:35:37.745Z
sensor.corridoio_umidita_2,48.3,2026-08-16T08:55:41.734Z
sensor.corridoio_umidita_2,48.1,2026-08-16T09:30:48.874Z
sensor.corridoio_umidita_2,47.9,2026-08-16T09:45:51.772Z
sensor.corridoio_umidita_2,47.8,2026-08-16T10:00:54.881Z
sensor.corridoio_umidita_2,47.7,2026-08-16T10:41:02.973Z
sensor.corridoio_umidita_2,47.8,2026-08-16T12:11:22.865Z
sensor.corridoio_umidita_2,47.7,2026-08-16T12:46:30.748Z
sensor.corridoio_umidita_2,47.8,2026-08-16T13:06:34.733Z
sensor.corridoio_umidita_2,47.9,2026-08-16T13:21:37.860Z
sensor.corridoio_umidita_2,48.0,2026-08-16T14:16:50.756Z
sensor.corridoio_umidita_2,48.1,2026-08-16T14:51:58.865Z
sensor.corridoio_umidita_2,47.9,2026-08-16T16:07:14.726Z
sensor.corridoio_umidita_2,47.8,2026-08-16T16:22:17.872Z
sensor.corridoio_umidita_2,47.6,2026-08-16T16:57:24.757Z
sensor.corridoio_umidita_2,47.8,2026-08-16T17:37:34.785Z
sensor.corridoio_umidita_2,48.2,2026-08-16T17:52:38.898Z
sensor.corridoio_umidita_2,48.0,2026-08-16T19:22:59.967Z
sensor.corridoio_umidita_2,47.9,2026-08-16T19:43:05.918Z
sensor.corridoio_umidita_2,47.8,2026-08-16T19:58:08.770Z
sensor.corridoio_umidita_2,48.1,2026-08-16T20:18:13.755Z
sensor.corridoio_umidita_2,48.6,2026-08-16T20:33:16.882Z
sensor.corridoio_umidita_2,49.1,2026-08-16T20:53:20.904Z
sensor.corridoio_umidita_2,49.4,2026-08-16T21:13:24.898Z
sensor.corridoio_umidita_2,49.7,2026-08-16T21:28:28.744Z
sensor.corridoio_umidita_2,49.9,2026-08-16T21:43:32.899Z
sensor.corridoio_umidita_2,50.1,2026-08-16T22:03:36.920Z
sensor.corridoio_umidita_2,50.3,2026-08-16T22:23:40.952Z
sensor.corridoio_umidita_2,50.4,2026-08-16T22:38:44.741Z
sensor.corridoio_umidita_2,50.5,2026-08-16T23:13:52.892Z
sensor.corridoio_umidita_2,50.4,2026-08-16T23:33:56.907Z
sensor.corridoio_umidita_2,50.5,2026-08-16T23:49:00.758Z
sensor.corridoio_umidita_2,50.6,2026-08-17T00:09:05.734Z
sensor.corridoio_umidita_2,50.8,2026-08-17T00:44:12.944Z
sensor.corridoio_umidita_2,50.9,2026-08-17T01:04:17.998Z
sensor.corridoio_umidita_2,51.0,2026-08-17T01:24:23.856Z
sensor.corridoio_umidita_2,51.1,2026-08-17T01:39:27.767Z
sensor.corridoio_umidita_2,51.3,2026-08-17T01:54:31.868Z
sensor.corridoio_umidita_2,51.5,2026-08-17T02:14:35.945Z
sensor.corridoio_umidita_2,51.6,2026-08-17T02:29:40.752Z
sensor.corridoio_umidita_2,51.7,2026-08-17T05:25:22.910Z
sensor.corridoio_umidita_2,51.8,2026-08-17T06:15:34.868Z
sensor.corridoio_umidita_2,51.9,2026-08-17T06:30:37.756Z
sensor.corridoio_umidita_2,52.1,2026-08-17T07:55:57.923Z
sensor.corridoio_umidita_2,52.0,2026-08-17T08:11:00.753Z
sensor.corridoio_umidita_2,51.9,2026-08-17T08:46:08.904Z
sensor.corridoio_umidita_2,52.0,2026-08-17T09:41:20.756Z
sensor.corridoio_umidita_2,51.9,2026-08-17T10:01:24.739Z
sensor.corridoio_umidita_2,51.8,2026-08-17T10:16:28.866Z
sensor.corridoio_umidita_2,51.7,2026-08-17T10:31:31.740Z
sensor.corridoio_umidita_2,51.5,2026-08-17T10:46:34.901Z
sensor.corridoio_umidita_2,51.4,2026-08-17T11:01:37.722Z
sensor.corridoio_umidita_2,51.3,2026-08-17T11:16:40.880Z
sensor.corridoio_umidita_2,51.0,2026-08-17T11:36:44.884Z
sensor.corridoio_umidita_2,50.9,2026-08-17T11:56:48.855Z
sensor.corridoio_umidita_2,50.8,2026-08-17T12:11:52.747Z
sensor.corridoio_umidita_2,50.7,2026-08-17T12:31:58.778Z
sensor.corridoio_umidita_2,50.6,2026-08-17T12:47:05.950Z
sensor.corridoio_umidita_2,50.4,2026-08-17T13:22:14.721Z
sensor.corridoio_umidita_2,50.5,2026-08-17T13:57:22.936Z
sensor.corridoio_umidita_2,50.3,2026-08-17T14:47:34.920Z
sensor.corridoio_umidita_2,50.2,2026-08-17T15:02:37.721Z
sensor.corridoio_umidita_2,50.0,2026-08-17T15:22:42.769Z
sensor.corridoio_umidita_2,49.5,2026-08-17T15:37:45.934Z
sensor.corridoio_umidita_2,48.7,2026-08-17T15:57:50.884Z
sensor.corridoio_umidita_2,48.2,2026-08-17T16:17:54.886Z
sensor.corridoio_umidita_2,48.1,2026-08-17T16:32:58.748Z
sensor.corridoio_umidita_2,47.7,2026-08-17T16:53:04.762Z
sensor.corridoio_umidita_2,47.5,2026-08-17T17:13:09.749Z
sensor.corridoio_umidita_2,47.4,2026-08-17T17:28:12.928Z
sensor.corridoio_umidita_2,47.2,2026-08-17T17:43:16.767Z
sensor.corridoio_umidita_2,47.1,2026-08-17T18:03:22.735Z
sensor.corridoio_umidita_2,46.9,2026-08-17T18:23:27.757Z
sensor.corridoio_umidita_2,46.8,2026-08-17T18:38:31.888Z
sensor.corridoio_umidita_2,47.1,2026-08-17T19:28:44.888Z
sensor.corridoio_umidita_2,47.0,2026-08-17T21:44:22.732Z
sensor.corridoio_umidita_2,46.9,2026-08-17T22:19:31.911Z
sensor.corridoio_umidita_2,47.2,2026-08-17T22:34:34.799Z
sensor.corridoio_umidita_2,47.3,2026-08-17T22:49:38.877Z
sensor.corridoio_umidita_2,47.1,2026-08-17T23:39:50.905Z
sensor.corridoio_umidita_2,46.9,2026-08-17T23:59:55.874Z
sensor.corridoio_umidita_2,46.8,2026-08-18T00:14:58.766Z
sensor.corridoio_umidita_2,46.6,2026-08-18T00:30:01.958Z
sensor.corridoio_umidita_2,46.7,2026-08-18T01:05:10.762Z
sensor.corridoio_umidita_2,46.8,2026-08-18T01:25:14.720Z
sensor.corridoio_umidita_2,46.9,2026-08-18T01:40:17.943Z
sensor.corridoio_umidita_2,47.2,2026-08-18T02:00:22.891Z
sensor.corridoio_umidita_2,47.5,2026-08-18T02:15:26.763Z
sensor.corridoio_umidita_2,47.7,2026-08-18T02:35:35.751Z
sensor.corridoio_umidita_2,47.9,2026-08-18T02:50:38.894Z
sensor.corridoio_umidita_2,48.1,2026-08-18T03:05:42.753Z
sensor.corridoio_umidita_2,48.2,2026-08-18T03:25:46.742Z
sensor.corridoio_umidita_2,48.4,2026-08-18T03:45:51.738Z
sensor.corridoio_umidita_2,48.6,2026-08-18T04:00:54.899Z
sensor.corridoio_umidita_2,48.4,2026-08-18T04:36:02.772Z
sensor.corridoio_umidita_2,48.3,2026-08-18T04:51:06.880Z
sensor.corridoio_umidita_2,48.1,2026-08-18T05:26:13.730Z
sensor.corridoio_umidita_2,48.0,2026-08-18T05:46:18.749Z
sensor.corridoio_umidita_2,47.9,2026-08-18T06:16:27.761Z
sensor.corridoio_umidita_2,48.1,2026-08-18T06:51:37.901Z
sensor.corridoio_umidita_2,48.3,2026-08-18T07:11:42.896Z
sensor.corridoio_umidita_2,48.5,2026-08-18T07:26:45.742Z
sensor.corridoio_umidita_2,48.6,2026-08-18T07:41:48.903Z
sensor.corridoio_umidita_2,48.7,2026-08-18T08:52:06.979Z
sensor.corridoio_umidita_2,48.8,2026-08-18T09:27:16.772Z
sensor.corridoio_umidita_2,48.9,2026-08-18T09:47:23.681Z
sensor.corridoio_umidita_2,49.1,2026-08-18T10:42:38.054Z
sensor.corridoio_umidita_2,49.2,2026-08-18T11:02:42.909Z
sensor.corridoio_umidita_2,49.3,2026-08-18T11:17:49.753Z
sensor.corridoio_umidita_2,49.2,2026-08-18T12:13:03.951Z
sensor.corridoio_umidita_2,49.3,2026-08-18T12:33:08.920Z
sensor.corridoio_umidita_2,49.2,2026-08-18T12:48:12.717Z
sensor.corridoio_umidita_2,49.3,2026-08-18T13:03:15.987Z
sensor.corridoio_umidita_2,48.9,2026-08-18T13:23:21.917Z
sensor.corridoio_umidita_2,48.5,2026-08-18T13:38:25.758Z
sensor.corridoio_umidita_2,48.4,2026-08-18T13:58:31.810Z
sensor.corridoio_umidita_2,48.1,2026-08-18T14:18:45.763Z
sensor.corridoio_umidita_2,47.8,2026-08-18T14:38:50.747Z
sensor.corridoio_umidita_2,47.6,2026-08-18T14:58:55.765Z
sensor.corridoio_umidita_2,47.4,2026-08-18T15:13:59.944Z
sensor.corridoio_umidita_2,47.2,2026-08-18T15:29:04.744Z
sensor.corridoio_umidita_2,47.1,2026-08-18T15:44:07.917Z
sensor.corridoio_umidita_2,46.8,2026-08-18T15:59:10.762Z
sensor.corridoio_umidita_2,46.6,2026-08-18T16:19:14.753Z
sensor.corridoio_umidita_2,46.3,2026-08-18T16:39:19.747Z
sensor.corridoio_umidita_2,46.2,2026-08-18T16:54:22.897Z
sensor.corridoio_umidita_2,46.1,2026-08-18T17:14:27.932Z
sensor.corridoio_umidita_2,46.0,2026-08-18T18:24:45.914Z
sensor.corridoio_umidita_2,45.9,2026-08-18T18:39:49.797Z
sensor.corridoio_umidita_2,46.0,2026-08-18T18:59:53.727Z
sensor.corridoio_umidita_2,46.1,2026-08-18T19:19:57.761Z
sensor.corridoio_umidita_2,46.3,2026-08-18T19:55:06.891Z
sensor.corridoio_umidita_2,46.4,2026-08-18T20:15:11.925Z
sensor.corridoio_umidita_2,46.3,2026-08-18T20:30:16.747Z
sensor.corridoio_umidita_2,46.4,2026-08-18T21:05:24.938Z
sensor.corridoio_umidita_2,46.6,2026-08-18T21:25:30.911Z
sensor.corridoio_umidita_2,46.9,2026-08-18T21:40:34.770Z
sensor.corridoio_umidita_2,47.1,2026-08-18T22:10:41.772Z
sensor.corridoio_umidita_2,47.2,2026-08-18T22:30:47.790Z
sensor.corridoio_umidita_2,47.3,2026-08-18T23:00:55.787Z
sensor.corridoio_umidita_2,47.4,2026-08-18T23:20:59.771Z
sensor.corridoio_umidita_2,47.5,2026-08-19T00:01:11.793Z
sensor.corridoio_umidita_2,47.6,2026-08-19T00:16:14.978Z
sensor.corridoio_umidita_2,47.7,2026-08-19T00:51:25.751Z
sensor.corridoio_umidita_2,47.8,2026-08-19T02:01:50.747Z
sensor.corridoio_umidita_2,47.7,2026-08-19T02:31:58.757Z
sensor.corridoio_umidita_2,47.8,2026-08-19T03:47:18.976Z
sensor.corridoio_umidita_2,47.9,2026-08-19T04:02:23.783Z
sensor.corridoio_umidita_2,48.1,2026-08-19T04:17:28.000Z
sensor.corridoio_umidita_2,48.4,2026-08-19T04:37:33.912Z
sensor.corridoio_umidita_2,48.7,2026-08-19T04:52:37.796Z
sensor.corridoio_umidita_2,49.0,2026-08-19T05:12:42.772Z
sensor.corridoio_umidita_2,49.2,2026-08-19T05:27:45.918Z
sensor.corridoio_umidita_2,49.4,2026-08-19T05:47:50.903Z
sensor.corridoio_umidita_2,49.6,2026-08-19T06:02:54.787Z
sensor.corridoio_umidita_2,49.8,2026-08-19T06:17:57.972Z
sensor.corridoio_umidita_2,49.9,2026-08-19T06:33:01.774Z
sensor.corridoio_umidita_2,50.1,2026-08-19T06:53:07.773Z
sensor.corridoio_umidita_2,50.0,2026-08-19T07:13:13.770Z
sensor.corridoio_umidita_2,50.1,2026-08-19T07:28:17.990Z
sensor.corridoio_umidita_2,50.2,2026-08-19T07:43:22.797Z
sensor.corridoio_umidita_2,50.3,2026-08-19T08:03:27.825Z
sensor.corridoio_umidita_2,50.6,2026-08-19T08:43:38.774Z
sensor.corridoio_umidita_2,50.8,2026-08-19T08:58:41.901Z
sensor.corridoio_umidita_2,51.0,2026-08-19T09:33:48.747Z
sensor.corridoio_umidita_2,51.3,2026-08-19T09:48:51.937Z
sensor.corridoio_umidita_2,51.7,2026-08-19T10:08:57.955Z
sensor.corridoio_umidita_2,51.8,2026-08-19T10:24:02.799Z
sensor.corridoio_umidita_2,51.6,2026-08-19T10:59:11.928Z
sensor.corridoio_umidita_2,51.7,2026-08-19T11:39:23.918Z
sensor.corridoio_umidita_2,51.6,2026-08-19T11:54:26.774Z
sensor.corridoio_umidita_2,51.5,2026-08-19T12:09:30.934Z
sensor.corridoio_umidita_2,51.6,2026-08-19T12:29:36.941Z
sensor.corridoio_umidita_2,51.5,2026-08-19T13:55:02.942Z
sensor.corridoio_umidita_2,51.6,2026-08-19T15:00:21.982Z
sensor.corridoio_umidita_2,51.7,2026-08-19T16:10:41.356Z
sensor.corridoio_umidita_2,51.8,2026-08-19T16:25:45.789Z
sensor.corridoio_umidita_2,51.9,2026-08-19T16:45:50.756Z
sensor.corridoio_umidita_2,51.8,2026-08-19T17:36:04.773Z
sensor.corridoio_umidita_2,51.9,2026-08-19T17:51:08.933Z
sensor.corridoio_umidita_2,52.0,2026-08-19T18:31:20.936Z
sensor.corridoio_umidita_2,52.1,2026-08-19T18:46:25.791Z
sensor.corridoio_umidita_2,52.2,2026-08-19T19:41:38.974Z
sensor.corridoio_umidita_2,52.3,2026-08-19T20:11:46.921Z
sensor.corridoio_umidita_2,52.4,2026-08-19T20:46:56.773Z
sensor.corridoio_umidita_2,52.5,2026-08-19T21:07:02.786Z
sensor.corridoio_umidita_2,52.4,2026-08-19T21:27:08.779Z
sensor.corridoio_umidita_2,52.2,2026-08-19T21:47:13.755Z
sensor.corridoio_umidita_2,52.1,2026-08-19T22:22:27.983Z
sensor.corridoio_umidita_2,52.2,2026-08-19T22:37:32.787Z
sensor.corridoio_umidita_2,52.3,2026-08-19T23:32:49.018Z
sensor.corridoio_umidita_2,52.4,2026-08-19T23:47:53.795Z
sensor.corridoio_umidita_2,52.5,2026-08-20T00:07:58.789Z
sensor.corridoio_umidita_2,52.6,2026-08-20T00:23:02.983Z
sensor.corridoio_umidita_2,52.5,2026-08-20T00:43:08.931Z
sensor.corridoio_umidita_2,52.6,2026-08-20T01:13:17.982Z
sensor.corridoio_umidita_2,52.5,2026-08-20T01:53:28.886Z
sensor.corridoio_umidita_2,52.8,2026-08-20T02:28:35.767Z
sensor.corridoio_umidita_2,52.7,2026-08-20T02:48:40.766Z
sensor.corridoio_umidita_2,52.6,2026-08-20T03:23:48.906Z
sensor.corridoio_umidita_2,52.4,2026-08-20T03:43:53.962Z
sensor.corridoio_umidita_2,52.5,2026-08-20T05:09:18.750Z
sensor.corridoio_umidita_2,52.4,2026-08-20T05:59:31.757Z
sensor.corridoio_umidita_2,52.3,2026-08-20T06:34:40.890Z
sensor.corridoio_umidita_2,52.2,2026-08-20T06:54:45.994Z
sensor.corridoio_umidita_2,52.1,2026-08-20T07:29:56.779Z
sensor.corridoio_umidita_2,52.0,2026-08-20T07:45:00.929Z
sensor.corridoio_umidita_2,51.9,2026-08-20T08:00:06.787Z
sensor.corridoio_umidita_2,52.1,2026-08-20T10:20:46.764Z
sensor.corridoio_umidita_2,52.3,2026-08-20T10:55:55.916Z
sensor.corridoio_umidita_2,52.4,2026-08-20T11:10:58.796Z
sensor.corridoio_umidita_2,52.5,2026-08-20T11:26:01.909Z
sensor.corridoio_umidita_2,52.6,2026-08-20T11:41:04.785Z
sensor.corridoio_umidita_2,52.7,2026-08-20T12:01:10.782Z
sensor.corridoio_umidita_2,52.8,2026-08-20T12:16:14.911Z
sensor.corridoio_umidita_2,53.0,2026-08-20T12:36:18.910Z
sensor.corridoio_umidita_2,53.1,2026-08-20T13:11:26.781Z
sensor.corridoio_umidita_2,52.9,2026-08-20T14:22:15.768Z
sensor.corridoio_umidita_2,52.7,2026-08-20T14:37:19.919Z
sensor.corridoio_umidita_2,52.8,2026-08-20T14:52:23.753Z
sensor.corridoio_umidita_2,53.1,2026-08-20T15:12:28.768Z
sensor.corridoio_umidita_2,53.2,2026-08-20T15:32:33.824Z
sensor.corridoio_umidita_2,53.4,2026-08-20T15:47:36.982Z
sensor.corridoio_umidita_2,53.6,2026-08-20T16:17:43.917Z
sensor.corridoio_umidita_2,53.7,2026-08-20T16:52:51.763Z
sensor.corridoio_umidita_2,53.3,2026-08-20T17:12:56.789Z
sensor.corridoio_umidita_2,53.6,2026-08-20T17:33:02.795Z
sensor.corridoio_umidita_2,53.8,2026-08-20T17:48:06.929Z
sensor.corridoio_umidita_2,53.9,2026-08-20T18:08:12.914Z
sensor.corridoio_umidita_2,53.7,2026-08-20T18:28:17.920Z
sensor.corridoio_umidita_2,53.6,2026-08-20T18:48:22.907Z
sensor.corridoio_umidita_2,53.5,2026-08-20T19:03:25.819Z
sensor.corridoio_umidita_2,53.4,2026-08-20T19:58:39.992Z
sensor.corridoio_umidita_2,53.2,2026-08-20T20:48:53.983Z
sensor.corridoio_umidita_2,53.0,2026-08-20T21:09:00.009Z
sensor.corridoio_umidita_2,52.9,2026-08-20T21:24:04.883Z
sensor.corridoio_umidita_2,52.8,2026-08-20T21:39:09.026Z
sensor.corridoio_umidita_2,52.7,2026-08-20T22:34:25.866Z
sensor.corridoio_umidita_2,52.8,2026-08-20T23:24:40.880Z
sensor.corridoio_umidita_2,52.7,2026-08-20T23:44:46.878Z
sensor.corridoio_umidita_2,52.6,2026-08-21T00:35:02.932Z
sensor.corridoio_umidita_2,52.5,2026-08-21T01:15:15.900Z
sensor.corridoio_umidita_2,52.4,2026-08-21T02:10:33.044Z
sensor.corridoio_umidita_2,52.3,2026-08-21T02:25:37.886Z
sensor.corridoio_umidita_2,52.2,2026-08-21T03:00:49.126Z
sensor.corridoio_umidita_2,52.1,2026-08-21T03:20:55.084Z
sensor.corridoio_umidita_2,52.0,2026-08-21T04:06:09.895Z
sensor.corridoio_umidita_2,51.9,2026-08-21T05:31:35.047Z
sensor.corridoio_umidita_2,51.8,2026-08-21T05:51:42.052Z
sensor.corridoio_umidita_2,51.7,2026-08-21T06:06:46.931Z
sensor.corridoio_umidita_2,51.8,2026-08-21T06:41:59.020Z
sensor.corridoio_umidita_2,51.9,2026-08-21T07:02:05.121Z
sensor.corridoio_umidita_2,52.1,2026-08-21T07:22:12.065Z
sensor.corridoio_umidita_2,52.2,2026-08-21T07:37:16.920Z
sensor.corridoio_umidita_2,52.3,2026-08-21T07:52:21.052Z
sensor.corridoio_umidita_2,52.4,2026-08-21T08:07:26.907Z
sensor.corridoio_umidita_2,52.6,2026-08-21T08:47:35.757Z
sensor.corridoio_umidita_2,52.5,2026-08-21T09:32:52.922Z
sensor.corridoio_umidita_2,52.6,2026-08-21T09:52:57.929Z
sensor.corridoio_umidita_2,52.5,2026-08-21T10:28:07.840Z
sensor.corridoio_umidita_2,52.7,2026-08-21T10:43:10.981Z
sensor.corridoio_umidita_2,52.9,2026-08-21T11:18:20.826Z
sensor.corridoio_umidita_2,53.0,2026-08-21T11:53:27.942Z
sensor.corridoio_umidita_2,53.3,2026-08-21T12:33:39.909Z
sensor.corridoio_umidita_2,53.5,2026-08-21T12:53:44.912Z
sensor.corridoio_umidita_2,53.7,2026-08-21T13:08:48.766Z
sensor.corridoio_umidita_2,53.8,2026-08-21T13:28:54.792Z
sensor.corridoio_umidita_2,54.0,2026-08-21T13:43:58.903Z
sensor.corridoio_umidita_2,53.9,2026-08-21T14:04:03.925Z
sensor.corridoio_umidita_2,54.0,2026-08-21T14:19:08.768Z
sensor.corridoio_umidita_2,54.1,2026-08-21T14:54:19.986Z
sensor.corridoio_umidita_2,54.0,2026-08-21T15:14:24.908Z
sensor.corridoio_umidita_2,54.2,2026-08-21T15:49:33.834Z
sensor.corridoio_umidita_2,54.3,2026-08-21T16:09:39.794Z
sensor.corridoio_umidita_2,54.5,2026-08-21T16:44:47.927Z
sensor.corridoio_umidita_2,54.4,2026-08-21T18:10:12.823Z
sensor.corridoio_umidita_2,54.2,2026-08-21T18:30:18.787Z
sensor.corridoio_umidita_2,54.1,2026-08-21T18:45:22.932Z
sensor.corridoio_umidita_2,54.0,2026-08-21T19:20:32.769Z
sensor.corridoio_umidita_2,53.9,2026-08-21T19:35:37.014Z
sensor.corridoio_umidita_2,53.8,2026-08-21T19:55:41.922Z
sensor.corridoio_umidita_2,53.6,2026-08-21T20:30:51.797Z
sensor.corridoio_umidita_2,53.5,2026-08-21T21:11:01.751Z
sensor.corridoio_umidita_2,53.4,2026-08-21T21:26:05.973Z
sensor.corridoio_umidita_2,53.3,2026-08-21T21:41:09.771Z
sensor.corridoio_umidita_2,53.2,2026-08-21T21:56:13.926Z
sensor.corridoio_umidita_2,53.1,2026-08-21T22:16:19.975Z
sensor.corridoio_umidita_2,53.0,2026-08-21T22:31:24.763Z
sensor.corridoio_umidita_2,52.9,2026-08-21T22:51:29.778Z
sensor.corridoio_umidita_2,52.8,2026-08-21T23:11:33.744Z
sensor.corridoio_umidita_2,52.7,2026-08-21T23:26:36.902Z
sensor.corridoio_umidita_2,52.6,2026-08-22T01:12:04.778Z
sensor.corridoio_umidita_2,52.5,2026-08-22T01:47:13.898Z
sensor.corridoio_umidita_2,52.4,2026-08-22T02:07:18.904Z
sensor.corridoio_umidita_2,52.3,2026-08-22T02:22:22.761Z
sensor.corridoio_umidita_2,52.2,2026-08-22T03:37:39.970Z
sensor.corridoio_umidita_2,52.1,2026-08-22T04:27:52.986Z
sensor.corridoio_umidita_2,52.0,2026-08-22T04:42:57.764Z
sensor.corridoio_umidita_2,52.1,2026-08-22T05:53:14.801Z
sensor.corridoio_umidita_2,52.2,2026-08-22T06:43:25.784Z
sensor.corridoio_umidita_2,52.3,2026-08-22T06:58:29.893Z
sensor.corridoio_umidita_2,52.4,2026-08-22T07:33:39.760Z
sensor.corridoio_umidita_2,52.5,2026-08-22T07:53:44.787Z
sensor.corridoio_umidita_2,52.6,2026-08-22T08:08:48.967Z
sensor.corridoio_umidita_2,52.7,2026-08-22T08:28:54.945Z
sensor.corridoio_umidita_2,52.6,2026-08-22T09:39:14.931Z
sensor.corridoio_umidita_2,52.4,2026-08-22T10:14:24.784Z
sensor.corridoio_umidita_2,52.3,2026-08-22T10:29:29.003Z
sensor.corridoio_umidita_2,52.2,2026-08-22T11:39:47.933Z
sensor.corridoio_umidita_2,52.1,2026-08-22T11:54:52.800Z
sensor.corridoio_umidita_2,52.2,2026-08-22T12:30:02.413Z
sensor.corridoio_umidita_2,52.1,2026-08-22T12:45:06.798Z
sensor.corridoio_umidita_2,52.0,2026-08-22T13:05:12.759Z
sensor.corridoio_umidita_2,51.9,2026-08-22T13:20:24.923Z
sensor.corridoio_umidita_2,51.6,2026-08-22T13:40:29.954Z
sensor.corridoio_umidita_2,51.5,2026-08-22T14:00:34.965Z
sensor.corridoio_umidita_2,51.4,2026-08-22T14:15:39.787Z
sensor.corridoio_umidita_2,51.2,2026-08-22T14:35:44.766Z
sensor.corridoio_umidita_2,50.9,2026-08-22T14:50:47.914Z
sensor.corridoio_umidita_2,50.6,2026-08-22T15:10:56.965Z
sensor.corridoio_umidita_2,50.5,2026-08-22T15:46:06.796Z
sensor.corridoio_umidita_2,50.3,2026-08-22T16:06:11.802Z
sensor.corridoio_umidita_2,50.2,2026-08-22T16:21:15.896Z
sensor.corridoio_umidita_2,50.0,2026-08-22T16:41:20.961Z
sensor.corridoio_umidita_2,49.8,2026-08-22T16:56:25.781Z
sensor.corridoio_umidita_2,49.6,2026-08-22T17:16:31.755Z
sensor.corridoio_umidita_2,49.5,2026-08-22T17:31:36.037Z
sensor.corridoio_umidita_2,49.2,2026-08-22T17:51:41.963Z
sensor.corridoio_umidita_2,49.1,2026-08-22T18:06:46.793Z
sensor.corridoio_umidita_2,49.2,2026-08-22T19:02:00.035Z
sensor.corridoio_umidita_2,49.5,2026-08-22T19:22:05.913Z
sensor.corridoio_umidita_2,49.8,2026-08-22T19:42:09.920Z
sensor.corridoio_umidita_2,49.9,2026-08-22T19:57:13.756Z
sensor.corridoio_umidita_2,50.0,2026-08-22T20:17:17.798Z
sensor.corridoio_umidita_2,50.3,2026-08-22T20:47:24.754Z
sensor.corridoio_umidita_2,50.6,2026-08-22T21:07:30.756Z
sensor.corridoio_umidita_2,50.7,2026-08-22T21:22:34.956Z
sensor.corridoio_umidita_2,50.6,2026-08-22T21:42:40.896Z
sensor.corridoio_umidita_2,50.5,2026-08-22T23:43:16.956Z
sensor.corridoio_umidita_2,50.4,2026-08-23T00:48:31.776Z
sensor.corridoio_umidita_2,50.3,2026-08-23T02:18:55.760Z
sensor.corridoio_umidita_2,50.4,2026-08-23T02:49:03.765Z
sensor.corridoio_umidita_2,50.5,2026-08-23T03:09:08.758Z
sensor.corridoio_umidita_2,50.6,2026-08-23T03:29:14.768Z
sensor.corridoio_umidita_2,50.7,2026-08-23T03:49:20.767Z
sensor.corridoio_umidita_2,50.8,2026-08-23T04:24:32.997Z
sensor.corridoio_umidita_2,50.9,2026-08-23T04:54:41.966Z
sensor.corridoio_umidita_2,51.1,2026-08-23T05:14:47.928Z
sensor.corridoio_umidita_2,51.2,2026-08-23T05:34:53.988Z
sensor.corridoio_umidita_2,51.1,2026-08-23T06:10:05.761Z
sensor.corridoio_umidita_2,51.2,2026-08-23T08:40:45.767Z
sensor.corridoio_umidita_2,51.3,2026-08-23T10:36:18.885Z
sensor.corridoio_umidita_2,51.4,2026-08-23T11:16:28.887Z
sensor.corridoio_umidita_2,51.5,2026-08-23T12:41:49.778Z
sensor.corridoio_umidita_2,51.6,2026-08-23T15:22:43.753Z
sensor.corridoio_umidita_2,51.5,2026-08-23T16:17:59.028Z
sensor.corridoio_umidita_2,51.6,2026-08-23T17:13:14.761Z
sensor.corridoio_umidita_2,51.7,2026-08-23T19:18:47.986Z
sensor.corridoio_umidita_2,51.6,2026-08-23T19:33:51.807Z
sensor.corridoio_umidita_2,51.7,2026-08-23T20:08:58.925Z
sensor.corridoio_umidita_2,51.8,2026-08-23T20:59:13.932Z
sensor.corridoio_umidita_2,51.9,2026-08-23T21:34:24.788Z
sensor.corridoio_umidita_2,52.0,2026-08-23T21:54:29.770Z
sensor.corridoio_umidita_2,52.1,2026-08-23T22:29:37.977Z
sensor.corridoio_umidita_2,52.2,2026-08-23T22:49:42.931Z
sensor.corridoio_umidita_2,52.3,2026-08-23T23:04:47.777Z
sensor.corridoio_umidita_2,52.4,2026-08-23T23:39:56.905Z
sensor.corridoio_umidita_2,52.6,2026-08-23T23:54:59.778Z
sensor.corridoio_umidita_2,52.5,2026-08-24T00:25:08.768Z
sensor.corridoio_umidita_2,52.6,2026-08-24T00:45:13.805Z
sensor.corridoio_umidita_2,52.5,2026-08-24T01:20:23.016Z
sensor.corridoio_umidita_2,52.6,2026-08-24T02:25:38.785Z
sensor.corridoio_umidita_2,52.5,2026-08-24T03:20:53.928Z
sensor.corridoio_umidita_2,52.6,2026-08-24T03:40:59.928Z
sensor.corridoio_umidita_2,52.5,2026-08-24T03:56:04.771Z
sensor.corridoio_umidita_2,52.6,2026-08-24T05:16:26.819Z
sensor.corridoio_umidita_2,52.5,2026-08-24T05:36:32.783Z
sensor.corridoio_umidita_2,52.4,2026-08-24T05:51:36.938Z
sensor.corridoio_umidita_2,52.5,2026-08-24T06:46:51.811Z
sensor.corridoio_umidita_2,52.6,2026-08-24T08:52:26.990Z
sensor.corridoio_umidita_2,52.7,2026-08-24T09:47:41.816Z
sensor.corridoio_umidita_2,52.9,2026-08-24T10:48:12.779Z
sensor.corridoio_umidita_2,53.2,2026-08-24T11:08:18.782Z
sensor.corridoio_umidita_2,53.3,2026-08-24T11:28:24.788Z
sensor.corridoio_umidita_2,53.4,2026-08-24T11:43:28.998Z
sensor.corridoio_umidita_2,53.2,2026-08-24T12:03:34.957Z
sensor.corridoio_umidita_2,53.3,2026-08-24T12:38:45.778Z
sensor.corridoio_umidita_2,53.2,2026-08-24T13:49:06.782Z
sensor.corridoio_umidita_2,53.1,2026-08-24T14:24:15.924Z
sensor.corridoio_umidita_2,53.0,2026-08-24T14:44:21.916Z
sensor.corridoio_umidita_2,52.9,2026-08-24T14:59:25.800Z
sensor.corridoio_umidita_2,52.8,2026-08-24T15:19:29.784Z
sensor.corridoio_umidita_2,52.7,2026-08-24T15:54:36.933Z
sensor.corridoio_umidita_2,52.6,2026-08-24T16:14:42.939Z
sensor.corridoio_umidita_2,52.5,2026-08-24T16:34:48.963Z
sensor.corridoio_umidita_2,52.4,2026-08-24T16:49:53.789Z
sensor.corridoio_umidita_2,52.3,2026-08-24T17:09:59.782Z
sensor.corridoio_umidita_2,52.2,2026-08-24T18:00:14.789Z
sensor.corridoio_umidita_2,52.3,2026-08-24T21:26:28.019Z
sensor.corridoio_umidita_2,52.4,2026-08-24T22:01:39.773Z
sensor.corridoio_umidita_2,52.5,2026-08-24T22:36:49.931Z
sensor.corridoio_umidita_2,52.6,2026-08-24T23:12:00.783Z
sensor.corridoio_umidita_2,52.7,2026-08-25T00:07:15.931Z
sensor.corridoio_umidita_2,52.8,2026-08-25T00:42:25.782Z
sensor.corridoio_umidita_2,52.9,2026-08-25T00:57:29.920Z
sensor.corridoio_umidita_2,53.0,2026-08-25T01:37:39.942Z
sensor.corridoio_umidita_2,53.1,2026-08-25T01:52:44.767Z
sensor.corridoio_umidita_2,53.2,2026-08-25T02:22:52.756Z
sensor.corridoio_umidita_2,53.3,2026-08-25T03:18:06.916Z
sensor.corridoio_umidita_2,53.1,2026-08-25T06:03:49.824Z
sensor.corridoio_umidita_2,53.0,2026-08-25T07:19:07.957Z
sensor.corridoio_umidita_2,53.1,2026-08-25T08:14:23.795Z
sensor.corridoio_umidita_2,53.2,2026-08-25T08:49:32.948Z
sensor.corridoio_umidita_2,53.4,2026-08-25T09:24:43.781Z
sensor.corridoio_umidita_2,53.5,2026-08-25T10:19:57.972Z
sensor.corridoio_umidita_2,53.7,2026-08-25T11:40:20.957Z
sensor.corridoio_umidita_2,53.8,2026-08-25T12:15:30.767Z
sensor.corridoio_umidita_2,53.9,2026-08-25T12:50:42.918Z
sensor.corridoio_umidita_2,54.0,2026-08-25T14:01:03.191Z
sensor.corridoio_umidita_2,54.1,2026-08-25T16:31:40.912Z
sensor.corridoio_umidita_2,54.2,2026-08-25T17:06:50.805Z
sensor.corridoio_umidita_2,54.3,2026-08-25T17:47:02.809Z
sensor.corridoio_umidita_2,54.4,2026-08-25T18:37:15.796Z
sensor.corridoio_umidita_2,54.5,2026-08-25T19:47:35.788Z
sensor.corridoio_umidita_2,54.7,2026-08-25T21:28:03.791Z
sensor.corridoio_umidita_2,54.8,2026-08-25T21:43:06.911Z
sensor.corridoio_umidita_2,54.9,2026-08-25T22:18:15.776Z
sensor.corridoio_umidita_2,55.0,2026-08-25T22:53:24.891Z
sensor.corridoio_umidita_2,55.1,2026-08-25T23:48:40.774Z
sensor.corridoio_umidita_2,55.2,2026-08-26T00:03:45.007Z
sensor.corridoio_umidita_2,55.3,2026-08-26T00:23:49.969Z
sensor.corridoio_umidita_2,55.4,2026-08-26T01:19:03.757Z
sensor.corridoio_umidita_2,55.5,2026-08-26T01:34:06.975Z
sensor.corridoio_umidita_2,55.6,2026-08-26T01:49:11.784Z
sensor.corridoio_umidita_2,55.7,2026-08-26T02:09:17.792Z
sensor.corridoio_umidita_2,55.6,2026-08-26T02:24:21.996Z
sensor.corridoio_umidita_2,55.7,2026-08-26T03:39:45.769Z
sensor.corridoio_umidita_2,55.6,2026-08-26T04:29:59.786Z
sensor.corridoio_umidita_2,55.5,2026-08-26T05:00:08.790Z
sensor.corridoio_umidita_2,55.9,2026-08-26T05:20:14.781Z
sensor.corridoio_umidita_2,55.6,2026-08-26T05:35:19.013Z
sensor.corridoio_umidita_2,55.8,2026-08-26T06:10:28.782Z
sensor.corridoio_umidita_2,55.5,2026-08-26T06:45:38.995Z
sensor.corridoio_umidita_2,55.7,2026-08-26T07:00:43.838Z
sensor.corridoio_umidita_2,55.5,2026-08-26T07:20:49.791Z
sensor.corridoio_umidita_2,55.4,2026-08-26T07:50:58.799Z
sensor.corridoio_umidita_2,55.6,2026-08-26T08:06:03.038Z
sensor.corridoio_umidita_2,55.5,2026-08-26T08:26:08.997Z
sensor.corridoio_umidita_2,55.4,2026-08-26T08:41:13.810Z
sensor.corridoio_umidita_2,55.5,2026-08-26T08:56:18.018Z
sensor.corridoio_umidita_2,55.4,2026-08-26T10:11:39.809Z
sensor.corridoio_umidita_2,55.5,2026-08-26T11:57:40.004Z
sensor.corridoio_riscaldamento,unavailable,2026-08-01T08:24:38.487Z
sensor.corridoio_riscaldamento_2,31.739902251666667,2025-12-31T23:00:00.000Z
sensor.corridoio_riscaldamento_2,27.330292728611113,2026-01-01T00:00:00.000Z
sensor.corridoio_riscaldamento_2,34.770700992500004,2026-01-01T01:00:00.000Z
sensor.corridoio_riscaldamento_2,48.15304106,2026-01-01T02:00:00.000Z
sensor.corridoio_riscaldamento_2,64.92751030083333,2026-01-01T03:00:00.000Z
sensor.corridoio_riscaldamento_2,90.66849854944445,2026-01-01T04:00:00.000Z
sensor.corridoio_riscaldamento_2,100,2026-01-01T05:00:00.000Z
sensor.corridoio_riscaldamento_2,100,2026-01-01T06:00:00.000Z
sensor.corridoio_riscaldamento_2,99.91611526361112,2026-01-01T12:00:00.000Z
sensor.corridoio_riscaldamento_2,90.32798063138888,2026-01-01T13:00:00.000Z
sensor.corridoio_riscaldamento_2,66.60065723027778,2026-01-01T14:00:00.000Z
sensor.corridoio_riscaldamento_2,96.09417497333334,2026-01-01T15:00:00.000Z
sensor.corridoio_riscaldamento_2,100,2026-01-01T16:00:00.000Z
sensor.corridoio_riscaldamento_2,100,2026-01-01T17:00:00.000Z
sensor.corridoio_riscaldamento_2,3.2758330277777783,2026-01-01T21:00:00.000Z
sensor.corridoio_riscaldamento_2,0,2026-01-01T22:00:00.000Z
sensor.corridoio_riscaldamento_2,0,2026-01-01T23:00:00.000Z
sensor.corridoio_riscaldamento_2,91.41882352777777,2026-01-02T06:00:00.000Z
sensor.corridoio_riscaldamento_2,100,2026-01-02T07:00:00.000Z
sensor.corridoio_riscaldamento_2,75.31920762138888,2026-01-02T08:00:00.000Z
sensor.corridoio_riscaldamento_2,43.31685041027777,2026-01-02T09:00:00.000Z
sensor.corridoio_riscaldamento_2,16.683761643333334,2026-01-02T10:00:00.000Z
sensor.corridoio_riscaldamento_2,0,2026-01-02T11:00:00.000Z
sensor.corridoio_riscaldamento_2,0,2026-01-02T12:00:00.000Z
sensor.corridoio_riscaldamento_2,62.63488999361112,2026-01-02T15:00:00.000Z
sensor.corridoio_riscaldamento_2,100,2026-01-02T16:00:00.000Z
sensor.corridoio_riscaldamento_2,100,2026-01-02T17:00:00.000Z
sensor.corridoio_riscaldamento_2,9.171564481944445,2026-01-02T21:00:00.000Z
sensor.corridoio_riscaldamento_2,0,2026-01-02T22:00:00.000Z
sensor.corridoio_riscaldamento_2,0,2026-01-02T23:00:00.000Z
sensor.corridoio_riscaldamento_2,94.27819527777778,2026-01-03T08:00:00.000Z
sensor.corridoio_riscaldamento_2,100,2026-01-03T09:00:00.000Z
sensor.corridoio_riscaldamento_2,100,2026-01-03T10:00:00.000Z
sensor.corridoio_riscaldamento_2,71.22463052166667,2026-01-03T11:00:00.000Z
sensor.corridoio_riscaldamento_2,91.61131261666667,2026-01-03T12:00:00.000Z
sensor.corridoio_riscaldamento_2,100,2026-01-03T13:00:00.000Z
sensor.corridoio_riscaldamento_2,100,2026-01-03T14:00:00.000Z
sensor.corridoio_riscaldamento_2,35.01203659222222,2026-01-03T19:00:00.000Z
sensor.corridoio_riscaldamento_2,0,2026-01-03T20:00:00.000Z
sensor.corridoio_riscaldamento_2,0,2026-01-03T21:00:00.000Z
sensor.corridoio_riscaldamento_2,88.31228480555556,2026-01-04T08:00:00.000Z
sensor.corridoio_riscaldamento_2,100,2026-01-04T09:00:00.000Z
sensor.corridoio_riscaldamento_2,100,2026-01-04T10:00:00.000Z
sensor.corridoio_riscaldamento_2,3.6049310833333337,2026-01-04T21:00:00.000Z
sensor.corridoio_riscaldamento_2,0,2026-01-04T22:00:00.000Z
sensor.corridoio_riscaldamento_2,0,2026-01-04T23:00:00.000Z
sensor.corridoio_riscaldamento_2,90.38417641944444,2026-01-05T06:00:00.000Z
sensor.corridoio_riscaldamento_2,100,2026-01-05T07:00:00.000Z
sensor.corridoio_riscaldamento_2,68.04651378472222,2026-01-05T08:00:00.000Z
sensor.corridoio_riscaldamento_2,26.759419044166666,2026-01-05T09:00:00.000Z
sensor.corridoio_riscaldamento_2,1.077408881111111,2026-01-05T10:00:00.000Z
sensor.corridoio_riscaldamento_2,0,2026-01-05T11:00:00.000Z
sensor.corridoio_riscaldamento_2,0,2026-01-05T12:00:00.000Z
sensor.corridoio_riscaldamento_2,60.971910611111106,2026-01-05T15:00:00.000Z
sensor.corridoio_riscaldamento_2,100,2026-01-05T16:00:00.000Z
sensor.corridoio_riscaldamento_2,100,2026-01-05T17:00:00.000Z
sensor.corridoio_riscaldamento_2,10.469115667777778,2026-01-05T21:00:00.000Z
sensor.corridoio_riscaldamento_2,0,2026-01-05T22:00:00.000Z
sensor.corridoio_riscaldamento_2,0,2026-01-05T23:00:00.000Z
sensor.corridoio_riscaldamento_2,93.69265016666667,2026-01-06T06:00:00.000Z
sensor.corridoio_riscaldamento_2,100,2026-01-06T07:00:00.000Z
sensor.corridoio_riscaldamento_2,80.59793288694445,2026-01-06T08:00:00.000Z
sensor.corridoio_riscaldamento_2,58.03598915555555,2026-01-06T09:00:00.000Z
sensor.corridoio_riscaldamento_2,15.830213486944444,2026-01-06T10:00:00.000Z
sensor.corridoio_riscaldamento_2,0,2026-01-06T11:00:00.000Z
sensor.corridoio_riscaldamento_2,0,2026-01-06T12:00:00.000Z
sensor.corridoio_riscaldamento_2,81.00953833805555,2026-01-06T15:00:00.000Z
sensor.corridoio_riscaldamento_2,100,2026-01-06T16:00:00.000Z
sensor.corridoio_riscaldamento_2,100,2026-01-06T17:00:00.000Z
sensor.corridoio_riscaldamento_2,8.395734791666667,2026-01-06T21:00:00.000Z
sensor.corridoio_riscaldamento_2,0,2026-01-06T22:00:00.000Z
sensor.corridoio_riscaldamento_2,0,2026-01-06T23:00:00.000Z
sensor.corridoio_riscaldamento_2,94.8604805488889,2026-01-07T06:00:00.000Z
sensor.corridoio_riscaldamento_2,100,2026-01-07T07:00:00.000Z
sensor.corridoio_riscaldamento_2,88.05901210833333,2026-01-07T08:00:00.000Z
sensor.corridoio_riscaldamento_2,73.62537480277778,2026-01-07T09:00:00.000Z
sensor.corridoio_riscaldamento_2,60.714498865555555,2026-01-07T10:00:00.000Z
sensor.corridoio_riscaldamento_2,50.31117865611111,2026-01-07T11:00:00.000Z
sensor.corridoio_riscaldamento_2,38.89997886527778,2026-01-07T12:00:00.000Z
sensor.corridoio_riscaldamento_2,25.159586754444444,2026-01-07T13:00:00.000Z
sensor.corridoio_riscaldamento_2,2.3623485541666667,2026-01-07T14:00:00.000Z
sensor.corridoio_riscaldamento_2,96.71360768111111,2026-01-07T15:00:00.000Z
sensor.corridoio_riscaldamento_2,100,2026-01-07T16:00:00.000Z
sensor.corridoio_riscaldamento_2,100,2026-01-07T17:00:00.000Z
sensor.corridoio_riscaldamento_2,9.550460906944446,2026-01-07T21:00:00.000Z
sensor.corridoio_riscaldamento_2,0,2026-01-07T22:00:00.000Z
sensor.corridoio_riscaldamento_2,0,2026-01-07T23:00:00.000Z
sensor.corridoio_riscaldamento_2,88.53179552777777,2026-01-08T06:00:00.000Z
sensor.corridoio_riscaldamento_2,100,2026-01-08T07:00:00.000Z
sensor.corridoio_riscaldamento_2,100,2026-01-08T08:00:00.000Z
sensor.corridoio_riscaldamento_2,99.75197059472221,2026-01-08T14:00:00.000Z
sensor.corridoio_riscaldamento_2,99.91247614416666,2026-01-08T15:00:00.000Z
sensor.corridoio_riscaldamento_2,100,2026-01-08T16:00:00.000Z
sensor.corridoio_riscaldamento_2,100,2026-01-08T17:00:00.000Z
sensor.corridoio_riscaldamento_2,4.775201256666667,2026-01-08T21:00:00.000Z
sensor.corridoio_riscaldamento_2,0,2026-01-08T22:00:00.000Z
sensor.corridoio_riscaldamento_2,0,2026-01-08T23:00:00.000Z
sensor.corridoio_riscaldamento_2,90.22140011111111,2026-01-09T06:00:00.000Z
sensor.corridoio_riscaldamento_2,100,2026-01-09T07:00:00.000Z
sensor.corridoio_riscaldamento_2,86.04802171555555,2026-01-09T08:00:00.000Z
sensor.corridoio_riscaldamento_2,71.22113906583333,2026-01-09T09:00:00.000Z
sensor.corridoio_riscaldamento_2,60.66284626361111,2026-01-09T10:00:00.000Z
sensor.corridoio_riscaldamento_2,55.52378687972222,2026-01-09T11:00:00.000Z
sensor.corridoio_riscaldamento_2,54.38724157444444,2026-01-09T12:00:00.000Z
sensor.corridoio_riscaldamento_2,57.41888020111111,2026-01-09T13:00:00.000Z
sensor.corridoio_riscaldamento_2,61.00689678,2026-01-09T14:00:00.000Z
sensor.corridoio_riscaldamento_2,97.14222171111112,2026-01-09T15:00:00.000Z
sensor.corridoio_riscaldamento_2,100,2026-01-09T16:00:00.000Z
sensor.corridoio_riscaldamento_2,100,2026-01-09T17:00:00.000Z
sensor.corridoio_riscaldamento_2,4.787655450833333,2026-01-09T21:00:00.000Z
sensor.corridoio_riscaldamento_2,0,2026-01-09T22:00:00.000Z
sensor.corridoio_riscaldamento_2,0,2026-01-09T23:00:00.000Z
sensor.corridoio_riscaldamento_2,90.36158169444445,2026-01-10T08:00:00.000Z
sensor.corridoio_riscaldamento_2,100,2026-01-10T09:00:00.000Z
sensor.corridoio_riscaldamento_2,100,2026-01-10T10:00:00.000Z
sensor.corridoio_riscaldamento_2,9.615456,2026-01-10T21:00:00.000Z
sensor.corridoio_riscaldamento_2,0,2026-01-10T22:00:00.000Z
sensor.corridoio_riscaldamento_2,0,2026-01-10T23:00:00.000Z
sensor.corridoio_riscaldamento_2,92.27244186111112,2026-01-11T08:00:00.000Z
sensor.corridoio_riscaldamento_2,100,2026-01-11T09:00:00.000Z
sensor.corridoio_riscaldamento_2,100,2026-01-11T10:00:00.000Z
sensor.corridoio_riscaldamento_2,99.5817827888889,2026-01-11T13:00:00.000Z
sensor.corridoio_riscaldamento_2,91.67826919138889,2026-01-11T14:00:00.000Z
sensor.corridoio_riscaldamento_2,62.86103963083334,2026-01-11T15:00:00.000Z
sensor.corridoio_riscaldamento_2,25.246211674999998,2026-01-11T16:00:00.000Z
sensor.corridoio_riscaldamento_2,0,2026-01-11T17:00:00.000Z
sensor.corridoio_riscaldamento_2,0,2026-01-11T18:00:00.000Z
sensor.corridoio_riscaldamento_2,0.45827708055555555,2026-01-11T20:00:00.000Z
sensor.corridoio_riscaldamento_2,0.38060376805555557,2026-01-11T21:00:00.000Z
sensor.corridoio_riscaldamento_2,0,2026-01-11T22:00:00.000Z
sensor.corridoio_riscaldamento_2,0,2026-01-11T23:00:00.000Z
sensor.corridoio_riscaldamento_2,85.30584390027778,2026-01-12T06:00:00.000Z
sensor.corridoio_riscaldamento_2,100,2026-01-12T07:00:00.000Z
sensor.corridoio_riscaldamento_2,35.442651671944446,2026-01-12T08:00:00.000Z
sensor.corridoio_riscaldamento_2,0,2026-01-12T09:00:00.000Z
sensor.corridoio_riscaldamento_2,0,2026-01-12T10:00:00.000Z
sensor.corridoio_riscaldamento_2,90.14244957388888,2026-01-12T15:00:00.000Z
sensor.corridoio_riscaldamento_2,100,2026-01-12T16:00:00.000Z
sensor.corridoio_riscaldamento_2,100,2026-01-12T17:00:00.000Z
sensor.corridoio_riscaldamento_2,62.62684263666667,2026-01-12T20:00:00.000Z
sensor.corridoio_riscaldamento_2,4.539425632777777,2026-01-12T21:00:00.000Z
sensor.corridoio_riscaldamento_2,0,2026-01-12T22:00:00.000Z
sensor.corridoio_riscaldamento_2,0,2026-01-12T23:00:00.000Z
sensor.corridoio_riscaldamento_2,90.58069326666667,2026-01-13T06:00:00.000Z
sensor.corridoio_riscaldamento_2,100,2026-01-13T07:00:00.000Z
sensor.corridoio_riscaldamento_2,52.66125318027778,2026-01-13T08:00:00.000Z
sensor.corridoio_riscaldamento_2,4.393492618333334,2026-01-13T09:00:00.000Z
sensor.corridoio_riscaldamento_2,0,2026-01-13T10:00:00.000Z
sensor.corridoio_riscaldamento_2,0,2026-01-13T11:00:00.000Z
sensor.corridoio_riscaldamento_2,88.00415997222223,2026-01-13T15:00:00.000Z
sensor.corridoio_riscaldamento_2,100,2026-01-13T16:00:00.000Z
sensor.corridoio_riscaldamento_2,100,2026-01-13T17:00:00.000Z
sensor.corridoio_riscaldamento_2,4.031323222222222,2026-01-13T21:00:00.000Z
sensor.corridoio_riscaldamento_2,0,2026-01-13T22:00:00.000Z
sensor.corridoio_riscaldamento_2,0,2026-01-13T23:00:00.000Z
sensor.corridoio_riscaldamento_2,80.48906232805555,2026-01-14T06:00:00.000Z
sensor.corridoio_riscaldamento_2,100,2026-01-14T07:00:00.000Z
sensor.corridoio_riscaldamento_2,30.15795573277778,2026-01-14T08:00:00.000Z
sensor.corridoio_riscaldamento_2,0,2026-01-14T09:00:00.000Z
sensor.corridoio_riscaldamento_2,0,2026-01-14T10:00:00.000Z
sensor.corridoio_riscaldamento_2,90.92940598444444,2026-01-14T15:00:00.000Z
sensor.corridoio_riscaldamento_2,100,2026-01-14T16:00:00.000Z
sensor.corridoio_riscaldamento_2,100,2026-01-14T17:00:00.000Z
sensor.corridoio_riscaldamento_2,55.93717279416666,2026-01-14T20:00:00.000Z
sensor.corridoio_riscaldamento_2,1.4331614122222225,2026-01-14T21:00:00.000Z
sensor.corridoio_riscaldamento_2,0,2026-01-14T22:00:00.000Z
sensor.corridoio_riscaldamento_2,0,2026-01-14T23:00:00.000Z
sensor.corridoio_riscaldamento_2,78.23816993666667,2026-01-15T06:00:00.000Z
sensor.corridoio_riscaldamento_2,100,2026-01-15T07:00:00.000Z
sensor.corridoio_riscaldamento_2,15.875006901388888,2026-01-15T08:00:00.000Z
sensor.corridoio_riscaldamento_2,0,2026-01-15T09:00:00.000Z
sensor.corridoio_riscaldamento_2,0,2026-01-15T10:00:00.000Z
sensor.corridoio_riscaldamento_2,82.05800295805555,2026-01-15T15:00:00.000Z
sensor.corridoio_riscaldamento_2,100,2026-01-15T16:00:00.000Z
sensor.corridoio_riscaldamento_2,100,2026-01-15T17:00:00.000Z
sensor.corridoio_riscaldamento_2,3.062501472222222,2026-01-15T21:00:00.000Z
sensor.corridoio_riscaldamento_2,0,2026-01-15T22:00:00.000Z
sensor.corridoio_riscaldamento_2,0,2026-01-15T23:00:00.000Z
sensor.corridoio_riscaldamento_2,80.36269684611112,2026-01-16T06:00:00.000Z
sensor.corridoio_riscaldamento_2,100,2026-01-16T07:00:00.000Z
sensor.corridoio_riscaldamento_2,21.30216717638889,2026-01-16T08:00:00.000Z
sensor.corridoio_riscaldamento_2,0,2026-01-16T09:00:00.000Z
sensor.corridoio_riscaldamento_2,0,2026-01-16T10:00:00.000Z
sensor.corridoio_riscaldamento_2,86.27695247916667,2026-01-16T15:00:00.000Z
sensor.corridoio_riscaldamento_2,100,2026-01-16T16:00:00.000Z
sensor.corridoio_riscaldamento_2,100,2026-01-16T17:00:00.000Z
sensor.corridoio_riscaldamento_2,2.423020944444444,2026-01-16T21:00:00.000Z
sensor.corridoio_riscaldamento_2,0,2026-01-16T22:00:00.000Z
sensor.corridoio_riscaldamento_2,0,2026-01-16T23:00:00.000Z
sensor.corridoio_riscaldamento_2,86.52000271055556,2026-01-17T08:00:00.000Z
sensor.corridoio_riscaldamento_2,100,2026-01-17T09:00:00.000Z
sensor.corridoio_riscaldamento_2,100,2026-01-17T10:00:00.000Z
sensor.corridoio_riscaldamento_2,95.30194094833332,2026-01-17T13:00:00.000Z
sensor.corridoio_riscaldamento_2,100,2026-01-17T14:00:00.000Z
sensor.corridoio_riscaldamento_2,100,2026-01-17T15:00:00.000Z
sensor.corridoio_riscaldamento_2,99.97282277166666,2026-01-17T16:00:00.000Z
sensor.corridoio_riscaldamento_2,86.18488426916667,2026-01-17T17:00:00.000Z
sensor.corridoio_riscaldamento_2,40.827555116666666,2026-01-17T18:00:00.000Z
sensor.corridoio_riscaldamento_2,0.7935989325,2026-01-17T19:00:00.000Z
sensor.corridoio_riscaldamento_2,0,2026-01-17T20:00:00.000Z
sensor.corridoio_riscaldamento_2,0,2026-01-17T21:00:00.000Z
sensor.corridoio_riscaldamento_2,19.419612576944445,2026-01-18T08:00:00.000Z
sensor.corridoio_riscaldamento_2,35.796218698333334,2026-01-18T09:00:00.000Z
sensor.corridoio_riscaldamento_2,21.339767661944446,2026-01-18T10:00:00.000Z
sensor.corridoio_riscaldamento_2,0,2026-01-18T11:00:00.000Z
sensor.corridoio_riscaldamento_2,0,2026-01-18T12:00:00.000Z
sensor.corridoio_riscaldamento_2,19.916092541666668,2026-01-19T15:00:00.000Z
sensor.corridoio_riscaldamento_2,45.63318109972223,2026-01-19T16:00:00.000Z
sensor.corridoio_riscaldamento_2,71.45996573194445,2026-01-19T17:00:00.000Z
sensor.corridoio_riscaldamento_2,95.6032084025,2026-01-19T18:00:00.000Z
sensor.corridoio_riscaldamento_2,94.03143030666666,2026-01-19T19:00:00.000Z
sensor.corridoio_riscaldamento_2,59.84935971027778,2026-01-19T20:00:00.000Z
sensor.corridoio_riscaldamento_2,3.0892149066666668,2026-01-19T21:00:00.000Z
sensor.corridoio_riscaldamento_2,0,2026-01-19T22:00:00.000Z
sensor.corridoio_riscaldamento_2,0,2026-01-19T23:00:00.000Z
sensor.corridoio_riscaldamento_2,20.281224872777777,2026-01-20T06:00:00.000Z
sensor.corridoio_riscaldamento_2,47.71524291166667,2026-01-20T07:00:00.000Z
sensor.corridoio_riscaldamento_2,5.674158464722222,2026-01-20T08:00:00.000Z
sensor.corridoio_riscaldamento_2,0,2026-01-20T09:00:00.000Z
sensor.corridoio_riscaldamento_2,0,2026-01-20T10:00:00.000Z
sensor.corridoio_riscaldamento_2,56.88642025527778,2026-01-20T15:00:00.000Z
sensor.corridoio_riscaldamento_2,98.45575599527778,2026-01-20T16:00:00.000Z
sensor.corridoio_riscaldamento_2,100,2026-01-20T17:00:00.000Z
sensor.corridoio_riscaldamento_2,100,2026-01-20T18:00:00.000Z
sensor.corridoio_riscaldamento_2,9.007890777777778,2026-01-20T21:00:00.000Z
sensor.corridoio_riscaldamento_2,0,2026-01-20T22:00:00.000Z
sensor.corridoio_riscaldamento_2,0,2026-01-20T23:00:00.000Z
sensor.corridoio_riscaldamento_2,74.83972353,2026-01-21T06:00:00.000Z
sensor.corridoio_riscaldamento_2,100,2026-01-21T07:00:00.000Z
sensor.corridoio_riscaldamento_2,18.524494907777775,2026-01-21T08:00:00.000Z
sensor.corridoio_riscaldamento_2,0,2026-01-21T09:00:00.000Z
sensor.corridoio_riscaldamento_2,0,2026-01-21T10:00:00.000Z
sensor.corridoio_riscaldamento_2,71.34103784,2026-01-21T15:00:00.000Z
sensor.corridoio_riscaldamento_2,100,2026-01-21T16:00:00.000Z
sensor.corridoio_riscaldamento_2,100,2026-01-21T17:00:00.000Z
sensor.corridoio_riscaldamento_2,8.286113777777778,2026-01-21T21:00:00.000Z
sensor.corridoio_riscaldamento_2,0,2026-01-21T22:00:00.000Z
sensor.corridoio_riscaldamento_2,0,2026-01-21T23:00:00.000Z
sensor.corridoio_riscaldamento_2,78.66774044611111,2026-01-22T06:00:00.000Z
sensor.corridoio_riscaldamento_2,100,2026-01-22T07:00:00.000Z
sensor.corridoio_riscaldamento_2,21.745297045,2026-01-22T08:00:00.000Z
sensor.corridoio_riscaldamento_2,0,2026-01-22T09:00:00.000Z
sensor.corridoio_riscaldamento_2,0,2026-01-22T10:00:00.000Z
sensor.corridoio_riscaldamento_2,81.14359391277777,2026-01-22T15:00:00.000Z
sensor.corridoio_riscaldamento_2,100,2026-01-22T16:00:00.000Z
sensor.corridoio_riscaldamento_2,100,2026-01-22T17:00:00.000Z
sensor.corridoio_riscaldamento_2,7.677740749999999,2026-01-22T21:00:00.000Z
sensor.corridoio_riscaldamento_2,0,2026-01-22T22:00:00.000Z
sensor.corridoio_riscaldamento_2,0,2026-01-22T23:00:00.000Z
sensor.corridoio_riscaldamento_2,89.48808487166667,2026-01-23T06:00:00.000Z
sensor.corridoio_riscaldamento_2,100,2026-01-23T07:00:00.000Z
sensor.corridoio_riscaldamento_2,34.41878905527778,2026-01-23T08:00:00.000Z
sensor.corridoio_riscaldamento_2,0,2026-01-23T09:00:00.000Z
sensor.corridoio_riscaldamento_2,0,2026-01-23T10:00:00.000Z
sensor.corridoio_riscaldamento_2,91.7365161186111,2026-01-23T15:00:00.000Z
sensor.corridoio_riscaldamento_2,100,2026-01-23T16:00:00.000Z
sensor.corridoio_riscaldamento_2,100,2026-01-23T17:00:00.000Z
sensor.corridoio_riscaldamento_2,58.91124715777778,2026-01-23T20:00:00.000Z
sensor.corridoio_riscaldamento_2,0.84787363,2026-01-23T21:00:00.000Z
sensor.corridoio_riscaldamento_2,0,2026-01-23T22:00:00.000Z
sensor.corridoio_riscaldamento_2,0,2026-01-23T23:00:00.000Z
sensor.corridoio_riscaldamento_2,81.07058268888889,2026-01-24T08:00:00.000Z
sensor.corridoio_riscaldamento_2,100,2026-01-24T09:00:00.000Z
sensor.corridoio_riscaldamento_2,100,2026-01-24T10:00:00.000Z
sensor.corridoio_riscaldamento_2,91.7927661988889,2026-01-24T12:00:00.000Z
sensor.corridoio_riscaldamento_2,55.186619790277774,2026-01-24T13:00:00.000Z
sensor.corridoio_riscaldamento_2,6.995585578055555,2026-01-24T14:00:00.000Z
sensor.corridoio_riscaldamento_2,0,2026-01-24T15:00:00.000Z
sensor.corridoio_riscaldamento_2,0,2026-01-24T16:00:00.000Z
sensor.corridoio_riscaldamento_2,1.5300019383333332,2026-01-24T19:00:00.000Z
sensor.corridoio_riscaldamento_2,18.000175898055556,2026-01-24T20:00:00.000Z
sensor.corridoio_riscaldamento_2,2.0302866311111107,2026-01-24T21:00:00.000Z
sensor.corridoio_riscaldamento_2,0,2026-01-24T22:00:00.000Z
sensor.corridoio_riscaldamento_2,0,2026-01-24T23:00:00.000Z
sensor.corridoio_riscaldamento_2,75.33847543722221,2026-01-25T08:00:00.000Z
sensor.corridoio_riscaldamento_2,100,2026-01-25T09:00:00.000Z
sensor.corridoio_riscaldamento_2,100,2026-01-25T10:00:00.000Z
sensor.corridoio_riscaldamento_2,85.37917796194444,2026-01-25T12:00:00.000Z
sensor.corridoio_riscaldamento_2,47.41661741972222,2026-01-25T13:00:00.000Z
sensor.corridoio_riscaldamento_2,3.3645475130555553,2026-01-25T14:00:00.000Z
sensor.corridoio_riscaldamento_2,0,2026-01-25T15:00:00.000Z
sensor.corridoio_riscaldamento_2,0,2026-01-25T16:00:00.000Z
sensor.corridoio_riscaldamento_2,20.333514341388888,2026-01-26T06:00:00.000Z
sensor.corridoio_riscaldamento_2,46.07951174361111,2026-01-26T07:00:00.000Z
sensor.corridoio_riscaldamento_2,3.3046243183333335,2026-01-26T08:00:00.000Z
sensor.corridoio_riscaldamento_2,0,2026-01-26T09:00:00.000Z
sensor.corridoio_riscaldamento_2,0,2026-01-26T10:00:00.000Z
sensor.corridoio_riscaldamento_2,24.075272780277782,2026-01-26T15:00:00.000Z
sensor.corridoio_riscaldamento_2,61.675626745277775,2026-01-26T16:00:00.000Z
sensor.corridoio_riscaldamento_2,95.38848126388889,2026-01-26T17:00:00.000Z
sensor.corridoio_riscaldamento_2,100,2026-01-26T18:00:00.000Z
sensor.corridoio_riscaldamento_2,100,2026-01-26T19:00:00.000Z
sensor.corridoio_riscaldamento_2,6.014266027777778,2026-01-26T21:00:00.000Z
sensor.corridoio_riscaldamento_2,0,2026-01-26T22:00:00.000Z
sensor.corridoio_riscaldamento_2,0,2026-01-26T23:00:00.000Z
sensor.corridoio_riscaldamento_2,74.73920042083334,2026-01-27T06:00:00.000Z
sensor.corridoio_riscaldamento_2,100,2026-01-27T07:00:00.000Z
sensor.corridoio_riscaldamento_2,32.969982540277776,2026-01-27T08:00:00.000Z
sensor.corridoio_riscaldamento_2,0,2026-01-27T09:00:00.000Z
sensor.corridoio_riscaldamento_2,0,2026-01-27T10:00:00.000Z
sensor.corridoio_riscaldamento_2,86.629384645,2026-01-27T15:00:00.000Z
sensor.corridoio_riscaldamento_2,100,2026-01-27T16:00:00.000Z
sensor.corridoio_riscaldamento_2,100,2026-01-27T17:00:00.000Z
sensor.corridoio_riscaldamento_2,5.283853527777778,2026-01-27T21:00:00.000Z
sensor.corridoio_riscaldamento_2,0,2026-01-27T22:00:00.000Z
sensor.corridoio_riscaldamento_2,0,2026-01-27T23:00:00.000Z
sensor.corridoio_riscaldamento_2,89.2366405088889,2026-01-28T06:00:00.000Z
sensor.corridoio_riscaldamento_2,100,2026-01-28T07:00:00.000Z
sensor.corridoio_riscaldamento_2,39.365698933055555,2026-01-28T08:00:00.000Z
sensor.corridoio_riscaldamento_2,0,2026-01-28T09:00:00.000Z
sensor.corridoio_riscaldamento_2,0,2026-01-28T10:00:00.000Z
sensor.corridoio_riscaldamento_2,76.79395622083334,2026-01-28T15:00:00.000Z
sensor.corridoio_riscaldamento_2,100,2026-01-28T16:00:00.000Z
sensor.corridoio_riscaldamento_2,100,2026-01-28T17:00:00.000Z
sensor.corridoio_riscaldamento_2,6.897952333333333,2026-01-28T21:00:00.000Z
sensor.corridoio_riscaldamento_2,0,2026-01-28T22:00:00.000Z
sensor.corridoio_riscaldamento_2,0,2026-01-28T23:00:00.000Z
sensor.corridoio_riscaldamento_2,80.53279775333333,2026-01-29T06:00:00.000Z
sensor.corridoio_riscaldamento_2,100,2026-01-29T07:00:00.000Z
sensor.corridoio_riscaldamento_2,19.544122106666666,2026-01-29T08:00:00.000Z
sensor.corridoio_riscaldamento_2,0,2026-01-29T09:00:00.000Z
sensor.corridoio_riscaldamento_2,0,2026-01-29T10:00:00.000Z
sensor.corridoio_riscaldamento_2,85.42208055750001,2026-01-29T15:00:00.000Z
sensor.corridoio_riscaldamento_2,100,2026-01-29T16:00:00.000Z
sensor.corridoio_riscaldamento_2,100,2026-01-29T17:00:00.000Z
sensor.corridoio_riscaldamento_2,6.309297722222222,2026-01-29T21:00:00.000Z
sensor.corridoio_riscaldamento_2,0,2026-01-29T22:00:00.000Z
sensor.corridoio_riscaldamento_2,0,2026-01-29T23:00:00.000Z
sensor.corridoio_riscaldamento_2,79.13257000694445,2026-01-30T06:00:00.000Z
sensor.corridoio_riscaldamento_2,100,2026-01-30T07:00:00.000Z
sensor.corridoio_riscaldamento_2,26.563743144722224,2026-01-30T08:00:00.000Z
sensor.corridoio_riscaldamento_2,0,2026-01-30T09:00:00.000Z
sensor.corridoio_riscaldamento_2,0,2026-01-30T10:00:00.000Z
sensor.corridoio_riscaldamento_2,66.94793350249999,2026-01-30T15:00:00.000Z
sensor.corridoio_riscaldamento_2,100,2026-01-30T16:00:00.000Z
sensor.corridoio_riscaldamento_2,100,2026-01-30T17:00:00.000Z
sensor.corridoio_riscaldamento_2,100.0,2026-08-04T12:32:39.974Z
binary_sensor.corridoio_potenza,unavailable,2026-08-01T08:24:38.484Z
binary_sensor.corridoio_connettivita,unavailable,2026-08-01T08:24:38.484Z
binary_sensor.corridoio_sovrapponi,unavailable,2026-08-01T08:24:38.484Z
binary_sensor.corridoio_finestra,unavailable,2026-08-01T08:24:38.484Z
binary_sensor.corridoio_inizio_anticipato,unavailable,2026-08-01T08:24:38.484Z
sensor.corridoio_modalita_tado,unavailable,2026-08-01T08:24:38.486Z
binary_sensor.corridoio_potenza_2,on,2026-08-04T12:32:39.964Z
binary_sensor.corridoio_connettivita_2,on,2026-08-04T12:32:39.964Z
binary_sensor.corridoio_sovrapponi_2,off,2026-08-04T12:32:39.964Z
binary_sensor.corridoio_finestra_2,off,2026-08-04T12:32:39.964Z
binary_sensor.corridoio_inizio_anticipato_2,off,2026-08-04T12:32:39.964Z
sensor.corridoio_modalita_tado_2,HOME,2026-08-04T12:32:39.974Z
