entity_id,state,last_changed,current_temperature,hvac_action,target_temp_high,target_temp_low,temperature
climate.soggiorno_mts200b_main_channel,auto,2026-08-16T03:26:54.210Z,31.3,cooling,,,18
climate.soggiorno_mts200b_main_channel,auto,2026-08-16T03:30:10.298Z,31.3,cooling,,,21
climate.soggiorno_mts200b_main_channel,auto,2026-08-16T05:47:59.668Z,31.2,cooling,,,21
climate.soggiorno_mts200b_main_channel,auto,2026-08-16T06:00:13.919Z,31.2,cooling,,,20
climate.soggiorno_mts200b_main_channel,auto,2026-08-16T08:56:37.962Z,31.3,cooling,,,20
climate.soggiorno_mts200b_main_channel,auto,2026-08-16T10:49:08.924Z,31.4,cooling,,,20
climate.soggiorno_mts200b_main_channel,auto,2026-08-16T13:30:55.765Z,31.5,cooling,,,20
climate.soggiorno_mts200b_main_channel,auto,2026-08-16T17:15:58.690Z,31.6,cooling,,,20
climate.soggiorno_mts200b_main_channel,auto,2026-08-16T19:30:11.066Z,31.6,cooling,,,18
climate.soggiorno_mts200b_main_channel,auto,2026-08-16T19:53:48.444Z,31.5,cooling,,,18
climate.soggiorno_mts200b_main_channel,auto,2026-08-16T20:45:12.353Z,31.4,cooling,,,18
climate.soggiorno_mts200b_main_channel,auto,2026-08-16T22:27:38.237Z,31.3,cooling,,,18
climate.soggiorno_mts200b_main_channel,auto,2026-08-16T23:58:19.717Z,31.2,cooling,,,18
climate.soggiorno_mts200b_main_channel,auto,2026-08-17T01:25:40.227Z,31.1,cooling,,,18
climate.soggiorno_mts200b_main_channel,auto,2026-08-17T03:11:29.083Z,31,cooling,,,18
climate.soggiorno_mts200b_main_channel,auto,2026-08-17T03:30:11.409Z,31,cooling,,,21
climate.soggiorno_mts200b_main_channel,auto,2026-08-17T05:09:27.131Z,30.9,cooling,,,21
climate.soggiorno_mts200b_main_channel,auto,2026-08-17T06:00:15.515Z,30.9,cooling,,,20
climate.soggiorno_mts200b_main_channel,auto,2026-08-17T09:53:13.100Z,31,cooling,,,20
climate.soggiorno_mts200b_main_channel,auto,2026-08-17T12:21:00.701Z,31.1,cooling,,,20
climate.soggiorno_mts200b_main_channel,auto,2026-08-17T15:14:00.723Z,31.2,cooling,,,20
climate.soggiorno_mts200b_main_channel,auto,2026-08-17T19:30:13.181Z,31.2,cooling,,,18
climate.soggiorno_mts200b_main_channel,auto,2026-08-17T20:32:28.337Z,31.1,cooling,,,18
climate.soggiorno_mts200b_main_channel,auto,2026-08-17T22:45:09.576Z,31,cooling,,,18
climate.soggiorno_mts200b_main_channel,auto,2026-08-18T00:55:57.861Z,30.9,cooling,,,18
climate.soggiorno_mts200b_main_channel,unavailable,2026-08-18T01:48:29.442Z
climate.soggiorno_mts200b_main_channel,auto,2026-08-18T01:50:29.370Z,30.9,cooling,,,18
climate.soggiorno_mts200b_main_channel,auto,2026-08-18T03:23:45.476Z,30.8,cooling,,,18
climate.soggiorno_mts200b_main_channel,auto,2026-08-18T03:30:13.549Z,30.8,cooling,,,21
climate.soggiorno_mts200b_main_channel,auto,2026-08-18T04:37:30.748Z,30.7,cooling,,,21
climate.soggiorno_mts200b_main_channel,auto,2026-08-18T06:00:16.807Z,30.7,cooling,,,20
climate.soggiorno_mts200b_main_channel,auto,2026-08-18T06:40:24.872Z,30.6,cooling,,,20
climate.soggiorno_mts200b_main_channel,auto,2026-08-18T07:58:06.219Z,30.7,cooling,,,20
climate.soggiorno_mts200b_main_channel,auto,2026-08-18T09:33:48.898Z,30.8,cooling,,,20
climate.soggiorno_mts200b_main_channel,auto,2026-08-18T11:26:13.863Z,30.9,cooling,,,20
climate.soggiorno_mts200b_main_channel,auto,2026-08-18T14:08:13.680Z,31,cooling,,,20
climate.soggiorno_mts200b_main_channel,auto,2026-08-18T19:30:15.309Z,31,cooling,,,18
climate.soggiorno_mts200b_main_channel,auto,2026-08-18T21:13:35.098Z,30.9,cooling,,,18
climate.soggiorno_mts200b_main_channel,auto,2026-08-19T00:03:13.056Z,30.8,cooling,,,18
climate.soggiorno_mts200b_main_channel,unavailable,2026-08-19T00:14:39.235Z
climate.soggiorno_mts200b_main_channel,auto,2026-08-19T00:16:39.368Z,30.8,cooling,,,18
climate.soggiorno_mts200b_main_channel,auto,2026-08-19T02:51:33.004Z,30.7,cooling,,,18
climate.soggiorno_mts200b_main_channel,auto,2026-08-19T03:30:15.664Z,30.7,cooling,,,21
climate.soggiorno_mts200b_main_channel,auto,2026-08-19T04:00:17.187Z,30.6,cooling,,,21
climate.soggiorno_mts200b_main_channel,auto,2026-08-19T06:00:17.804Z,30.6,cooling,,,20
climate.soggiorno_mts200b_main_channel,auto,2026-08-19T08:13:04.608Z,30.7,cooling,,,20
climate.soggiorno_mts200b_main_channel,auto,2026-08-19T09:42:05.153Z,30.8,cooling,,,20
climate.soggiorno_mts200b_main_channel,auto,2026-08-19T11:36:20.161Z,30.9,cooling,,,20
climate.soggiorno_mts200b_main_channel,auto,2026-08-19T13:59:59.645Z,31,cooling,,,20
climate.soggiorno_mts200b_main_channel,auto,2026-08-19T19:30:16.423Z,31,cooling,,,18
climate.soggiorno_mts200b_main_channel,auto,2026-08-19T23:37:38.724Z,30.9,cooling,,,18
climate.soggiorno_mts200b_main_channel,auto,2026-08-20T03:30:03.177Z,30.9,cooling,,,21
climate.soggiorno_mts200b_main_channel,auto,2026-08-20T03:56:04.227Z,30.8,cooling,,,21
climate.soggiorno_mts200b_main_channel,auto,2026-08-20T06:00:09.263Z,30.8,cooling,,,20
climate.soggiorno_mts200b_main_channel,auto,2026-08-20T07:08:45.622Z,30.7,cooling,,,20
climate.soggiorno_mts200b_main_channel,auto,2026-08-20T08:45:32.300Z,30.8,cooling,,,20
climate.soggiorno_mts200b_main_channel,auto,2026-08-20T11:38:17.324Z,30.9,cooling,,,20
climate.soggiorno_mts200b_main_channel,auto,2026-08-20T14:04:25.864Z,31,cooling,,,20
climate.soggiorno_mts200b_main_channel,auto,2026-08-20T14:05:06.920Z,30.9,cooling,,,20
climate.soggiorno_mts200b_main_channel,auto,2026-08-20T17:02:44.990Z,30.8,cooling,,,20
climate.soggiorno_mts200b_main_channel,auto,2026-08-20T18:08:57.144Z,30.7,cooling,,,20
climate.soggiorno_mts200b_main_channel,auto,2026-08-20T19:30:05.576Z,30.7,cooling,,,18
climate.soggiorno_mts200b_main_channel,auto,2026-08-20T19:33:31.669Z,30.6,cooling,,,18
climate.soggiorno_mts200b_main_channel,auto,2026-08-20T20:42:23.835Z,30.5,cooling,,,18
climate.soggiorno_mts200b_main_channel,auto,2026-08-20T22:31:36.770Z,30.4,cooling,,,18
climate.soggiorno_mts200b_main_channel,auto,2026-08-21T00:12:24.478Z,30.3,cooling,,,18
climate.soggiorno_mts200b_main_channel,auto,2026-08-21T02:03:16.417Z,30.2,cooling,,,18
climate.soggiorno_mts200b_main_channel,auto,2026-08-21T03:30:03.993Z,30.2,cooling,,,21
climate.soggiorno_mts200b_main_channel,auto,2026-08-21T03:52:01.298Z,30.1,cooling,,,21
climate.soggiorno_mts200b_main_channel,auto,2026-08-21T05:46:16.330Z,30,cooling,,,21
climate.soggiorno_mts200b_main_channel,auto,2026-08-21T06:00:11.573Z,30,cooling,,,20
climate.soggiorno_mts200b_main_channel,auto,2026-08-21T09:56:27.669Z,29.9,cooling,,,20
climate.soggiorno_mts200b_main_channel,auto,2026-08-21T13:51:38.768Z,29.8,cooling,,,20
climate.soggiorno_mts200b_main_channel,auto,2026-08-21T15:19:01.301Z,29.9,cooling,,,20
climate.soggiorno_mts200b_main_channel,auto,2026-08-21T19:17:33.433Z,29.8,cooling,,,20
climate.soggiorno_mts200b_main_channel,auto,2026-08-21T19:30:07.103Z,29.8,cooling,,,18
climate.soggiorno_mts200b_main_channel,auto,2026-08-21T20:25:38.760Z,29.7,cooling,,,18
climate.soggiorno_mts200b_main_channel,auto,2026-08-21T21:56:22.196Z,29.6,cooling,,,18
climate.soggiorno_mts200b_main_channel,auto,2026-08-21T23:30:27.809Z,29.5,cooling,,,18
climate.soggiorno_mts200b_main_channel,auto,2026-08-22T00:57:18.324Z,29.4,cooling,,,18
climate.soggiorno_mts200b_main_channel,auto,2026-08-22T02:28:41.002Z,29.3,cooling,,,18
climate.soggiorno_mts200b_main_channel,auto,2026-08-22T03:30:06.001Z,29.3,cooling,,,21
climate.soggiorno_mts200b_main_channel,auto,2026-08-22T03:58:46.492Z,29.2,cooling,,,21
climate.soggiorno_mts200b_main_channel,auto,2026-08-22T05:16:04.833Z,29.1,cooling,,,21
climate.soggiorno_mts200b_main_channel,auto,2026-08-22T06:00:12.916Z,29.1,cooling,,,20
climate.soggiorno_mts200b_main_channel,auto,2026-08-22T09:52:03.621Z,29.2,cooling,,,20
climate.soggiorno_mts200b_main_channel,auto,2026-08-22T10:55:54.721Z,29.3,cooling,,,20
climate.soggiorno_mts200b_main_channel,auto,2026-08-22T12:21:35.383Z,29.4,cooling,,,20
climate.soggiorno_mts200b_main_channel,auto,2026-08-22T15:12:45.834Z,29.5,cooling,,,20
climate.soggiorno_mts200b_main_channel,auto,2026-08-22T19:30:07.571Z,29.5,cooling,,,18
climate.soggiorno_mts200b_main_channel,auto,2026-08-22T20:25:25.117Z,29.4,cooling,,,18
climate.soggiorno_mts200b_main_channel,auto,2026-08-22T22:23:01.993Z,29.3,cooling,,,18
climate.soggiorno_mts200b_main_channel,auto,2026-08-22T23:41:59.344Z,29.2,cooling,,,18
climate.soggiorno_mts200b_main_channel,auto,2026-08-23T01:00:56.720Z,29.1,cooling,,,18
climate.soggiorno_mts200b_main_channel,auto,2026-08-23T02:46:47.564Z,29,cooling,,,18
climate.soggiorno_mts200b_main_channel,auto,2026-08-23T03:30:08.307Z,29,cooling,,,21
climate.soggiorno_mts200b_main_channel,auto,2026-08-23T06:00:13.554Z,29,cooling,,,20
climate.soggiorno_mts200b_main_channel,auto,2026-08-23T12:00:16.144Z,29.1,cooling,,,20
climate.soggiorno_mts200b_main_channel,auto,2026-08-23T15:03:31.367Z,29.2,cooling,,,20
climate.soggiorno_mts200b_main_channel,auto,2026-08-23T19:30:09.012Z,29.2,cooling,,,18
climate.soggiorno_mts200b_main_channel,auto,2026-08-23T21:10:02.726Z,29.3,cooling,,,18
climate.soggiorno_mts200b_main_channel,auto,2026-08-23T22:31:23.158Z,29.2,cooling,,,18
climate.soggiorno_mts200b_main_channel,auto,2026-08-23T23:42:27.346Z,29.1,cooling,,,18
climate.soggiorno_mts200b_main_channel,auto,2026-08-24T01:46:47.564Z,29,cooling,,,18
climate.soggiorno_mts200b_main_channel,auto,2026-08-24T03:30:10.318Z,29,cooling,,,21
climate.soggiorno_mts200b_main_channel,auto,2026-08-24T06:00:15.757Z,29,cooling,,,20
climate.soggiorno_mts200b_main_channel,auto,2026-08-24T12:18:18.910Z,29.1,cooling,,,20
climate.soggiorno_mts200b_main_channel,auto,2026-08-24T15:08:01.099Z,29.2,cooling,,,20
climate.soggiorno_mts200b_main_channel,auto,2026-08-24T17:57:42.310Z,29.3,cooling,,,20
climate.soggiorno_mts200b_main_channel,auto,2026-08-24T19:06:35.562Z,29.2,cooling,,,20
climate.soggiorno_mts200b_main_channel,auto,2026-08-24T19:30:10.993Z,29.2,cooling,,,18
climate.soggiorno_mts200b_main_channel,auto,2026-08-24T20:32:28.221Z,29.3,cooling,,,18
climate.soggiorno_mts200b_main_channel,auto,2026-08-24T21:09:26.995Z,29.2,cooling,,,18
climate.soggiorno_mts200b_main_channel,auto,2026-08-24T21:21:11.943Z,29.1,cooling,,,18
climate.soggiorno_mts200b_main_channel,auto,2026-08-24T21:26:14.041Z,29.2,cooling,,,18
climate.soggiorno_mts200b_main_channel,auto,2026-08-25T00:56:36.773Z,29.1,cooling,,,18
climate.soggiorno_mts200b_main_channel,auto,2026-08-25T02:17:16.284Z,29,cooling,,,18
climate.soggiorno_mts200b_main_channel,auto,2026-08-25T03:30:11.643Z,29,cooling,,,21
climate.soggiorno_mts200b_main_channel,auto,2026-08-25T06:00:16.182Z,29,cooling,,,20
climate.soggiorno_mts200b_main_channel,auto,2026-08-25T07:47:56.451Z,28.9,cooling,,,20
climate.soggiorno_mts200b_main_channel,auto,2026-08-25T15:58:57.602Z,29,cooling,,,20
climate.soggiorno_mts200b_main_channel,auto,2026-08-25T17:01:06.768Z,29.1,cooling,,,20
climate.soggiorno_mts200b_main_channel,auto,2026-08-25T17:26:19.236Z,29,cooling,,,20
climate.soggiorno_mts200b_main_channel,auto,2026-08-25T19:30:12.590Z,29,cooling,,,18
climate.soggiorno_mts200b_main_channel,auto,2026-08-25T23:45:35.353Z,28.9,cooling,,,18
climate.soggiorno_mts200b_main_channel,auto,2026-08-26T03:10:34.142Z,28.8,cooling,,,18
climate.soggiorno_mts200b_main_channel,auto,2026-08-26T03:30:13.496Z,28.8,cooling,,,21
climate.soggiorno_mts200b_main_channel,auto,2026-08-26T06:00:17.377Z,28.8,cooling,,,20
climate.soggiorno_mts200b_main_channel,auto,2026-08-26T06:10:25.395Z,28.9,cooling,,,20
climate.soggiorno_mts200b_main_channel,auto,2026-08-26T06:40:39.918Z,28.8,cooling,,,20
climate.soggiorno_mts200b_main_channel,auto,2026-08-26T08:13:04.569Z,28.9,cooling,,,20
sensor.meross_temperature_soggiorno,18.27411049288889,2025-12-31T23:00:00.000Z
sensor.meross_temperature_soggiorno,18.029998691027778,2026-01-01T00:00:00.000Z
sensor.meross_temperature_soggiorno,17.829479459555554,2026-01-01T01:00:00.000Z
sensor.meross_temperature_soggiorno,17.967168664194443,2026-01-01T02:00:00.000Z
sensor.meross_temperature_soggiorno,17.9149728605,2026-01-01T03:00:00.000Z
sensor.meross_temperature_soggiorno,18.165522629194445,2026-01-01T04:00:00.000Z
sensor.meross_temperature_soggiorno,17.97890245011111,2026-01-01T05:00:00.000Z
sensor.meross_temperature_soggiorno,18.640865548805554,2026-01-01T06:00:00.000Z
sensor.meross_temperature_soggiorno,18.921568812055554,2026-01-01T07:00:00.000Z
sensor.meross_temperature_soggiorno,19.16649864561111,2026-01-01T08:00:00.000Z
sensor.meross_temperature_soggiorno,20.014101999444446,2026-01-01T09:00:00.000Z
sensor.meross_temperature_soggiorno,20.250901228222222,2026-01-01T10:00:00.000Z
sensor.meross_temperature_soggiorno,20.45750001011111,2026-01-01T11:00:00.000Z
sensor.meross_temperature_soggiorno,20.637661134944445,2026-01-01T12:00:00.000Z
sensor.meross_temperature_soggiorno,21.1191682165,2026-01-01T13:00:00.000Z
sensor.meross_temperature_soggiorno,21.414059208555557,2026-01-01T14:00:00.000Z
sensor.meross_temperature_soggiorno,21.700270298805552,2026-01-01T15:00:00.000Z
sensor.meross_temperature_soggiorno,21.94900978311111,2026-01-01T16:00:00.000Z
sensor.meross_temperature_soggiorno,22.03353263697222,2026-01-01T17:00:00.000Z
sensor.meross_temperature_soggiorno,22.208599101083333,2026-01-01T18:00:00.000Z
sensor.meross_temperature_soggiorno,22.263545347361113,2026-01-01T19:00:00.000Z
sensor.meross_temperature_soggiorno,22.34077148236111,2026-01-01T20:00:00.000Z
sensor.meross_temperature_soggiorno,22.53277825416667,2026-01-01T21:00:00.000Z
sensor.meross_temperature_soggiorno,22.384699572972224,2026-01-01T22:00:00.000Z
sensor.meross_temperature_soggiorno,21.63777329005556,2026-01-01T23:00:00.000Z
sensor.meross_temperature_soggiorno,21.11271734041667,2026-01-02T00:00:00.000Z
sensor.meross_temperature_soggiorno,20.69719085102778,2026-01-02T01:00:00.000Z
sensor.meross_temperature_soggiorno,20.269298111555553,2026-01-02T02:00:00.000Z
sensor.meross_temperature_soggiorno,19.980165264222222,2026-01-02T03:00:00.000Z
sensor.meross_temperature_soggiorno,19.73286663536111,2026-01-02T04:00:00.000Z
sensor.meross_temperature_soggiorno,19.54594576325,2026-01-02T05:00:00.000Z
sensor.meross_temperature_soggiorno,20.053245791694444,2026-01-02T06:00:00.000Z
sensor.meross_temperature_soggiorno,20.36794896602778,2026-01-02T07:00:00.000Z
sensor.meross_temperature_soggiorno,20.183026233305554,2026-01-02T08:00:00.000Z
sensor.meross_temperature_soggiorno,19.819223626166668,2026-01-02T09:00:00.000Z
sensor.meross_temperature_soggiorno,19.838823001138888,2026-01-02T10:00:00.000Z
sensor.meross_temperature_soggiorno,20.58362062547222,2026-01-02T11:00:00.000Z
sensor.meross_temperature_soggiorno,21.218440584805556,2026-01-02T12:00:00.000Z
sensor.meross_temperature_soggiorno,21.08382986547222,2026-01-02T13:00:00.000Z
sensor.meross_temperature_soggiorno,21.776419580305557,2026-01-02T14:00:00.000Z
sensor.meross_temperature_soggiorno,22.025587120055558,2026-01-02T15:00:00.000Z
sensor.meross_temperature_soggiorno,21.79034099427778,2026-01-02T16:00:00.000Z
sensor.meross_temperature_soggiorno,21.33433303977778,2026-01-02T17:00:00.000Z
sensor.meross_temperature_soggiorno,21.046562216861112,2026-01-02T18:00:00.000Z
sensor.meross_temperature_soggiorno,20.830516296416665,2026-01-02T19:00:00.000Z
sensor.meross_temperature_soggiorno,20.566368994416667,2026-01-02T20:00:00.000Z
sensor.meross_temperature_soggiorno,20.4,2026-01-02T21:00:00.000Z
sensor.meross_temperature_soggiorno,20.279296247999998,2026-01-02T22:00:00.000Z
sensor.meross_temperature_soggiorno,20.11186515688889,2026-01-02T23:00:00.000Z
sensor.meross_temperature_soggiorno,19.92451225086111,2026-01-03T00:00:00.000Z
sensor.meross_temperature_soggiorno,19.62352521502778,2026-01-03T01:00:00.000Z
sensor.meross_temperature_soggiorno,19.45811620122222,2026-01-03T02:00:00.000Z
sensor.meross_temperature_soggiorno,19.25343840663889,2026-01-03T03:00:00.000Z
sensor.meross_temperature_soggiorno,19.05761029761111,2026-01-03T04:00:00.000Z
sensor.meross_temperature_soggiorno,19.027498138,2026-01-03T05:00:00.000Z
sensor.meross_temperature_soggiorno,19.599306444777778,2026-01-03T06:00:00.000Z
sensor.meross_temperature_soggiorno,19.875804093777777,2026-01-03T07:00:00.000Z
sensor.meross_temperature_soggiorno,20.038887252888888,2026-01-03T08:00:00.000Z
sensor.meross_temperature_soggiorno,20.19646744727778,2026-01-03T09:00:00.000Z
sensor.meross_temperature_soggiorno,20.569720108416664,2026-01-03T10:00:00.000Z
sensor.meross_temperature_soggiorno,21.072676335694442,2026-01-03T11:00:00.000Z
sensor.meross_temperature_soggiorno,21.102273798722223,2026-01-03T12:00:00.000Z
sensor.meross_temperature_soggiorno,20.826225276861113,2026-01-03T13:00:00.000Z
sensor.meross_temperature_soggiorno,20.655670210444445,2026-01-03T14:00:00.000Z
sensor.meross_temperature_soggiorno,20.131167089083334,2026-01-03T15:00:00.000Z
sensor.meross_temperature_soggiorno,20.092412062611114,2026-01-03T16:00:00.000Z
sensor.meross_temperature_soggiorno,20.015046934027776,2026-01-03T17:00:00.000Z
sensor.meross_temperature_soggiorno,20.08371125925,2026-01-03T18:00:00.000Z
sensor.meross_temperature_soggiorno,19.79372244588889,2026-01-03T19:00:00.000Z
sensor.meross_temperature_soggiorno,20.128163226555554,2026-01-03T20:00:00.000Z
sensor.meross_temperature_soggiorno,19.870138557694446,2026-01-03T21:00:00.000Z
sensor.meross_temperature_soggiorno,19.619296472916666,2026-01-03T22:00:00.000Z
sensor.meross_temperature_soggiorno,19.467745206805557,2026-01-03T23:00:00.000Z
sensor.meross_temperature_soggiorno,19.27958885902778,2026-01-04T00:00:00.000Z
sensor.meross_temperature_soggiorno,19.090843662472224,2026-01-04T01:00:00.000Z
sensor.meross_temperature_soggiorno,18.966526314305554,2026-01-04T02:00:00.000Z
sensor.meross_temperature_soggiorno,18.80132411911111,2026-01-04T03:00:00.000Z
sensor.meross_temperature_soggiorno,18.63281029422222,2026-01-04T04:00:00.000Z
sensor.meross_temperature_soggiorno,18.55143949611111,2026-01-04T05:00:00.000Z
sensor.meross_temperature_soggiorno,19.186012200694446,2026-01-04T06:00:00.000Z
sensor.meross_temperature_soggiorno,19.471381301166666,2026-01-04T07:00:00.000Z
sensor.meross_temperature_soggiorno,19.670844624249998,2026-01-04T08:00:00.000Z
sensor.meross_temperature_soggiorno,19.841328506805556,2026-01-04T09:00:00.000Z
sensor.meross_temperature_soggiorno,20.042681385027777,2026-01-04T10:00:00.000Z
sensor.meross_temperature_soggiorno,20.122746323111112,2026-01-04T11:00:00.000Z
sensor.meross_temperature_soggiorno,20.075561156472222,2026-01-04T12:00:00.000Z
sensor.meross_temperature_soggiorno,20.357793875000002,2026-01-04T13:00:00.000Z
sensor.meross_temperature_soggiorno,20.980588774416667,2026-01-04T14:00:00.000Z
sensor.meross_temperature_soggiorno,21.38158404561111,2026-01-04T15:00:00.000Z
sensor.meross_temperature_soggiorno,21.50141054713889,2026-01-04T16:00:00.000Z
sensor.meross_temperature_soggiorno,21.807034239444445,2026-01-04T17:00:00.000Z
sensor.meross_temperature_soggiorno,21.7159571215,2026-01-04T18:00:00.000Z
sensor.meross_temperature_soggiorno,21.260219283583336,2026-01-04T19:00:00.000Z
sensor.meross_temperature_soggiorno,20.978330437444445,2026-01-04T20:00:00.000Z
sensor.meross_temperature_soggiorno,20.729082286527778,2026-01-04T21:00:00.000Z
sensor.meross_temperature_soggiorno,20.337339038444444,2026-01-04T22:00:00.000Z
sensor.meross_temperature_soggiorno,20.013212211833334,2026-01-04T23:00:00.000Z
sensor.meross_temperature_soggiorno,19.754043944166668,2026-01-05T00:00:00.000Z
sensor.meross_temperature_soggiorno,19.484263582583335,2026-01-05T01:00:00.000Z
sensor.meross_temperature_soggiorno,19.243682753138888,2026-01-05T02:00:00.000Z
sensor.meross_temperature_soggiorno,19.018516233,2026-01-05T03:00:00.000Z
sensor.meross_temperature_soggiorno,18.826967680333333,2026-01-05T04:00:00.000Z
sensor.meross_temperature_soggiorno,18.66490382575,2026-01-05T05:00:00.000Z
sensor.meross_temperature_soggiorno,19.250936459305557,2026-01-05T06:00:00.000Z
sensor.meross_temperature_soggiorno,19.55746650958333,2026-01-05T07:00:00.000Z
sensor.meross_temperature_soggiorno,19.72935153411111,2026-01-05T08:00:00.000Z
sensor.meross_temperature_soggiorno,20.01943045586111,2026-01-05T09:00:00.000Z
sensor.meross_temperature_soggiorno,20.119936756138888,2026-01-05T10:00:00.000Z
sensor.meross_temperature_soggiorno,19.929445924694445,2026-01-05T11:00:00.000Z
sensor.meross_temperature_soggiorno,20.128589102638887,2026-01-05T12:00:00.000Z
sensor.meross_temperature_soggiorno,20,2026-01-05T13:00:00.000Z
sensor.meross_temperature_soggiorno,19.978215575416666,2026-01-05T14:00:00.000Z
sensor.meross_temperature_soggiorno,19.87354893508333,2026-01-05T15:00:00.000Z
sensor.meross_temperature_soggiorno,19.8,2026-01-05T16:00:00.000Z
sensor.meross_temperature_soggiorno,19.79956162113889,2026-01-05T17:00:00.000Z
sensor.meross_temperature_soggiorno,20.068914594972224,2026-01-05T18:00:00.000Z
sensor.meross_temperature_soggiorno,19.95510076863889,2026-01-05T19:00:00.000Z
sensor.meross_temperature_soggiorno,19.86768183338889,2026-01-05T20:00:00.000Z
sensor.meross_temperature_soggiorno,19.74078830488889,2026-01-05T21:00:00.000Z
sensor.meross_temperature_soggiorno,19.77161356213889,2026-01-05T22:00:00.000Z
sensor.meross_temperature_soggiorno,19.58861374397222,2026-01-05T23:00:00.000Z
sensor.meross_temperature_soggiorno,19.405562129944446,2026-01-06T00:00:00.000Z
sensor.meross_temperature_soggiorno,19.175520454333334,2026-01-06T01:00:00.000Z
sensor.meross_temperature_soggiorno,19.00064288561111,2026-01-06T02:00:00.000Z
sensor.meross_temperature_soggiorno,18.831596536583334,2026-01-06T03:00:00.000Z
sensor.meross_temperature_soggiorno,18.62510077241667,2026-01-06T04:00:00.000Z
sensor.meross_temperature_soggiorno,18.539963201027778,2026-01-06T05:00:00.000Z
sensor.meross_temperature_soggiorno,19.18461810263889,2026-01-06T06:00:00.000Z
sensor.meross_temperature_soggiorno,19.45213353336111,2026-01-06T07:00:00.000Z
sensor.meross_temperature_soggiorno,19.687797062333335,2026-01-06T08:00:00.000Z
sensor.meross_temperature_soggiorno,20.20929719911111,2026-01-06T09:00:00.000Z
sensor.meross_temperature_soggiorno,20.376305425055556,2026-01-06T10:00:00.000Z
sensor.meross_temperature_soggiorno,20.92488585986111,2026-01-06T11:00:00.000Z
sensor.meross_temperature_soggiorno,21.27902681186111,2026-01-06T12:00:00.000Z
sensor.meross_temperature_soggiorno,21.438819734305554,2026-01-06T13:00:00.000Z
sensor.meross_temperature_soggiorno,21.789636199361112,2026-01-06T14:00:00.000Z
sensor.meross_temperature_soggiorno,21.604092174277778,2026-01-06T15:00:00.000Z
sensor.meross_temperature_soggiorno,21.17973186972222,2026-01-06T16:00:00.000Z
sensor.meross_temperature_soggiorno,20.97678114602778,2026-01-06T17:00:00.000Z
sensor.meross_temperature_soggiorno,20.669666865388887,2026-01-06T18:00:00.000Z
sensor.meross_temperature_soggiorno,20.511579137777776,2026-01-06T19:00:00.000Z
sensor.meross_temperature_soggiorno,20.274796491,2026-01-06T20:00:00.000Z
sensor.meross_temperature_soggiorno,20.28147631952778,2026-01-06T21:00:00.000Z
sensor.meross_temperature_soggiorno,20.016011347833334,2026-01-06T22:00:00.000Z
sensor.meross_temperature_soggiorno,19.70106071377778,2026-01-06T23:00:00.000Z
sensor.meross_temperature_soggiorno,19.463206262166665,2026-01-07T00:00:00.000Z
sensor.meross_temperature_soggiorno,19.209150987472224,2026-01-07T01:00:00.000Z
sensor.meross_temperature_soggiorno,19.0181016885,2026-01-07T02:00:00.000Z
sensor.meross_temperature_soggiorno,18.848919731555554,2026-01-07T03:00:00.000Z
sensor.meross_temperature_soggiorno,18.627515754833333,2026-01-07T04:00:00.000Z
sensor.meross_temperature_soggiorno,18.526953033083334,2026-01-07T05:00:00.000Z
sensor.meross_temperature_soggiorno,19.145007976805555,2026-01-07T06:00:00.000Z
sensor.meross_temperature_soggiorno,19.462553941194443,2026-01-07T07:00:00.000Z
sensor.meross_temperature_soggiorno,19.580502403277777,2026-01-07T08:00:00.000Z
sensor.meross_temperature_soggiorno,19.77261385197222,2026-01-07T09:00:00.000Z
sensor.meross_temperature_soggiorno,19.966776758305553,2026-01-07T10:00:00.000Z
sensor.meross_temperature_soggiorno,20.208116045361113,2026-01-07T11:00:00.000Z
sensor.meross_temperature_soggiorno,19.903197901555554,2026-01-07T12:00:00.000Z
sensor.meross_temperature_soggiorno,19.8,2026-01-07T13:00:00.000Z
sensor.meross_temperature_soggiorno,19.86449095825,2026-01-07T14:00:00.000Z
sensor.meross_temperature_soggiorno,19.867784511472223,2026-01-07T15:00:00.000Z
sensor.meross_temperature_soggiorno,20.144565865166665,2026-01-07T16:00:00.000Z
sensor.meross_temperature_soggiorno,19.9,2026-01-07T17:00:00.000Z
sensor.meross_temperature_soggiorno,19.871962834722222,2026-01-07T18:00:00.000Z
sensor.meross_temperature_soggiorno,19.807008459,2026-01-07T19:00:00.000Z
sensor.meross_temperature_soggiorno,19.935675898833335,2026-01-07T20:00:00.000Z
sensor.meross_temperature_soggiorno,20.213834086,2026-01-07T21:00:00.000Z
sensor.meross_temperature_soggiorno,19.77636251927778,2026-01-07T22:00:00.000Z
sensor.meross_temperature_soggiorno,19.458896901583334,2026-01-07T23:00:00.000Z
sensor.meross_temperature_soggiorno,19.200245584944444,2026-01-08T00:00:00.000Z
sensor.meross_temperature_soggiorno,18.982319202583334,2026-01-08T01:00:00.000Z
sensor.meross_temperature_soggiorno,18.779401146083334,2026-01-08T02:00:00.000Z
sensor.meross_temperature_soggiorno,18.543975073305557,2026-01-08T03:00:00.000Z
sensor.meross_temperature_soggiorno,18.40558195536111,2026-01-08T04:00:00.000Z
sensor.meross_temperature_soggiorno,18.26916752647222,2026-01-08T05:00:00.000Z
sensor.meross_temperature_soggiorno,18.81606774133333,2026-01-08T06:00:00.000Z
sensor.meross_temperature_soggiorno,19.069592992083333,2026-01-08T07:00:00.000Z
sensor.meross_temperature_soggiorno,19.22656815736111,2026-01-08T08:00:00.000Z
sensor.meross_temperature_soggiorno,19.403950186194443,2026-01-08T09:00:00.000Z
sensor.meross_temperature_soggiorno,19.574522486916667,2026-01-08T10:00:00.000Z
sensor.meross_temperature_soggiorno,19.760919768555556,2026-01-08T11:00:00.000Z
sensor.meross_temperature_soggiorno,19.921029497555555,2026-01-08T12:00:00.000Z
sensor.meross_temperature_soggiorno,20.170489538916666,2026-01-08T13:00:00.000Z
sensor.meross_temperature_soggiorno,19.912383001416668,2026-01-08T14:00:00.000Z
sensor.meross_temperature_soggiorno,20.093054059666667,2026-01-08T15:00:00.000Z
sensor.meross_temperature_soggiorno,20.042909412527777,2026-01-08T16:00:00.000Z
sensor.meross_temperature_soggiorno,19.986121862277777,2026-01-08T17:00:00.000Z
sensor.meross_temperature_soggiorno,19.824283423305555,2026-01-08T18:00:00.000Z
sensor.meross_temperature_soggiorno,19.906595112138888,2026-01-08T19:00:00.000Z
sensor.meross_temperature_soggiorno,20.718228971861112,2026-01-08T20:00:00.000Z
sensor.meross_temperature_soggiorno,21.117316709222223,2026-01-08T21:00:00.000Z
sensor.meross_temperature_soggiorno,21.370965408944443,2026-01-08T22:00:00.000Z
sensor.meross_temperature_soggiorno,20.890834768777776,2026-01-08T23:00:00.000Z
sensor.meross_temperature_soggiorno,20.340971288833334,2026-01-09T00:00:00.000Z
sensor.meross_temperature_soggiorno,19.96399893902778,2026-01-09T01:00:00.000Z
sensor.meross_temperature_soggiorno,19.652137984972224,2026-01-09T02:00:00.000Z
sensor.meross_temperature_soggiorno,19.414847370805557,2026-01-09T03:00:00.000Z
sensor.meross_temperature_soggiorno,19.156451831972223,2026-01-09T04:00:00.000Z
sensor.meross_temperature_soggiorno,19.032903153777777,2026-01-09T05:00:00.000Z
sensor.meross_temperature_soggiorno,19.61262396063889,2026-01-09T06:00:00.000Z
sensor.meross_temperature_soggiorno,19.957858037027776,2026-01-09T07:00:00.000Z
sensor.meross_temperature_soggiorno,20.07726092286111,2026-01-09T08:00:00.000Z
sensor.meross_temperature_soggiorno,20.18991649261111,2026-01-09T09:00:00.000Z
sensor.meross_temperature_soggiorno,19.90912845736111,2026-01-09T10:00:00.000Z
sensor.meross_temperature_soggiorno,20.11300607425,2026-01-09T11:00:00.000Z
sensor.meross_temperature_soggiorno,19.856164914833332,2026-01-09T12:00:00.000Z
sensor.meross_temperature_soggiorno,20.159272519222224,2026-01-09T13:00:00.000Z
sensor.meross_temperature_soggiorno,20.036429323194444,2026-01-09T14:00:00.000Z
sensor.meross_temperature_soggiorno,20.0537492185,2026-01-09T15:00:00.000Z
sensor.meross_temperature_soggiorno,19.80233416077778,2026-01-09T16:00:00.000Z
sensor.meross_temperature_soggiorno,20.21383731622222,2026-01-09T17:00:00.000Z
sensor.meross_temperature_soggiorno,19.936925484166665,2026-01-09T18:00:00.000Z
sensor.meross_temperature_soggiorno,19.877278592805556,2026-01-09T19:00:00.000Z
sensor.meross_temperature_soggiorno,20.772672278083334,2026-01-09T20:00:00.000Z
sensor.meross_temperature_soggiorno,21.058604334722222,2026-01-09T21:00:00.000Z
sensor.meross_temperature_soggiorno,21.23278740363889,2026-01-09T22:00:00.000Z
sensor.meross_temperature_soggiorno,20.770025174194444,2026-01-09T23:00:00.000Z
sensor.meross_temperature_soggiorno,20.212655391055556,2026-01-10T00:00:00.000Z
sensor.meross_temperature_soggiorno,19.902062803944442,2026-01-10T01:00:00.000Z
sensor.meross_temperature_soggiorno,19.61918729425,2026-01-10T02:00:00.000Z
sensor.meross_temperature_soggiorno,19.38070504338889,2026-01-10T03:00:00.000Z
sensor.meross_temperature_soggiorno,19.086898161527778,2026-01-10T04:00:00.000Z
sensor.meross_temperature_soggiorno,18.96258301036111,2026-01-10T05:00:00.000Z
sensor.meross_temperature_soggiorno,19.45631346277778,2026-01-10T06:00:00.000Z
sensor.meross_temperature_soggiorno,19.691393949416668,2026-01-10T07:00:00.000Z
sensor.meross_temperature_soggiorno,19.8,2026-01-10T08:00:00.000Z
sensor.meross_temperature_soggiorno,20.06891418788889,2026-01-10T09:00:00.000Z
sensor.meross_temperature_soggiorno,20.33871962422222,2026-01-10T10:00:00.000Z
sensor.meross_temperature_soggiorno,20.69179756152778,2026-01-10T11:00:00.000Z
sensor.meross_temperature_soggiorno,20.913958214805557,2026-01-10T12:00:00.000Z
sensor.meross_temperature_soggiorno,21.310292111444443,2026-01-10T13:00:00.000Z
sensor.meross_temperature_soggiorno,21.4812343645,2026-01-10T14:00:00.000Z
sensor.meross_temperature_soggiorno,21.7635353905,2026-01-10T15:00:00.000Z
sensor.meross_temperature_soggiorno,21.679882021555557,2026-01-10T16:00:00.000Z
sensor.meross_temperature_soggiorno,21.755976454749998,2026-01-10T17:00:00.000Z
sensor.meross_temperature_soggiorno,21.606199659472225,2026-01-10T18:00:00.000Z
sensor.meross_temperature_soggiorno,21.5126878165,2026-01-10T19:00:00.000Z
sensor.meross_temperature_soggiorno,21.486415245666667,2026-01-10T20:00:00.000Z
sensor.meross_temperature_soggiorno,21.31956109777778,2026-01-10T21:00:00.000Z
sensor.meross_temperature_soggiorno,21.009256198583333,2026-01-10T22:00:00.000Z
sensor.meross_temperature_soggiorno,20.65590932713889,2026-01-10T23:00:00.000Z
sensor.meross_temperature_soggiorno,20.318797422388887,2026-01-11T00:00:00.000Z
sensor.meross_temperature_soggiorno,20.019871333361113,2026-01-11T01:00:00.000Z
sensor.meross_temperature_soggiorno,19.851033214944444,2026-01-11T02:00:00.000Z
sensor.meross_temperature_soggiorno,19.602238893555555,2026-01-11T03:00:00.000Z
sensor.meross_temperature_soggiorno,19.45827574147222,2026-01-11T04:00:00.000Z
sensor.meross_temperature_soggiorno,19.29870818383333,2026-01-11T05:00:00.000Z
sensor.meross_temperature_soggiorno,19.866857590333336,2026-01-11T06:00:00.000Z
sensor.meross_temperature_soggiorno,20.16897778138889,2026-01-11T07:00:00.000Z
sensor.meross_temperature_soggiorno,19.989095310861114,2026-01-11T08:00:00.000Z
sensor.meross_temperature_soggiorno,20.33941041997222,2026-01-11T09:00:00.000Z
sensor.meross_temperature_soggiorno,20.978346559111113,2026-01-11T10:00:00.000Z
sensor.meross_temperature_soggiorno,21.62209551663889,2026-01-11T11:00:00.000Z
sensor.meross_temperature_soggiorno,22.204180625361108,2026-01-11T12:00:00.000Z
sensor.meross_temperature_soggiorno,22.693990436444448,2026-01-11T13:00:00.000Z
sensor.meross_temperature_soggiorno,22.899999999999995,2026-01-11T14:00:00.000Z
sensor.meross_temperature_soggiorno,22.976942515583332,2026-01-11T15:00:00.000Z
sensor.meross_temperature_soggiorno,23.05248784433333,2026-01-11T16:00:00.000Z
sensor.meross_temperature_soggiorno,22.99024705686111,2026-01-11T17:00:00.000Z
sensor.meross_temperature_soggiorno,22.851430707333332,2026-01-11T18:00:00.000Z
sensor.meross_temperature_soggiorno,22.260654941444443,2026-01-11T19:00:00.000Z
sensor.meross_temperature_soggiorno,21.843174812416667,2026-01-11T20:00:00.000Z
sensor.meross_temperature_soggiorno,21.430504417444443,2026-01-11T21:00:00.000Z
sensor.meross_temperature_soggiorno,21.177499887805556,2026-01-11T22:00:00.000Z
sensor.meross_temperature_soggiorno,20.81696717911111,2026-01-11T23:00:00.000Z
sensor.meross_temperature_soggiorno,20.39984267033333,2026-01-12T00:00:00.000Z
sensor.meross_temperature_soggiorno,20.061339758027778,2026-01-12T01:00:00.000Z
sensor.meross_temperature_soggiorno,19.831703054416668,2026-01-12T02:00:00.000Z
sensor.meross_temperature_soggiorno,19.559978541944446,2026-01-12T03:00:00.000Z
sensor.meross_temperature_soggiorno,19.37271831172222,2026-01-12T04:00:00.000Z
sensor.meross_temperature_soggiorno,19.192613426833333,2026-01-12T05:00:00.000Z
sensor.meross_temperature_soggiorno,19.758591915333334,2026-01-12T06:00:00.000Z
sensor.meross_temperature_soggiorno,20.04511165655556,2026-01-12T07:00:00.000Z
sensor.meross_temperature_soggiorno,20.179415118055555,2026-01-12T08:00:00.000Z
sensor.meross_temperature_soggiorno,19.892474164416665,2026-01-12T09:00:00.000Z
sensor.meross_temperature_soggiorno,20.175715875583332,2026-01-12T10:00:00.000Z
sensor.meross_temperature_soggiorno,20.021182118333332,2026-01-12T11:00:00.000Z
sensor.meross_temperature_soggiorno,20.20119697513889,2026-01-12T12:00:00.000Z
sensor.meross_temperature_soggiorno,20.420060914583335,2026-01-12T13:00:00.000Z
sensor.meross_temperature_soggiorno,20.32358292838889,2026-01-12T14:00:00.000Z
sensor.meross_temperature_soggiorno,20.23300341113889,2026-01-12T15:00:00.000Z
sensor.meross_temperature_soggiorno,20.177324174833334,2026-01-12T16:00:00.000Z
sensor.meross_temperature_soggiorno,20.01094520213889,2026-01-12T17:00:00.000Z
sensor.meross_temperature_soggiorno,20,2026-01-12T18:00:00.000Z
sensor.meross_temperature_soggiorno,19.921060348916665,2026-01-12T19:00:00.000Z
sensor.meross_temperature_soggiorno,19.9,2026-01-12T20:00:00.000Z
sensor.meross_temperature_soggiorno,19.87954960372222,2026-01-12T21:00:00.000Z
sensor.meross_temperature_soggiorno,19.709815802416667,2026-01-12T22:00:00.000Z
sensor.meross_temperature_soggiorno,19.521732309222223,2026-01-12T23:00:00.000Z
sensor.meross_temperature_soggiorno,19.44471446786111,2026-01-13T00:00:00.000Z
sensor.meross_temperature_soggiorno,19.282951604277777,2026-01-13T01:00:00.000Z
sensor.meross_temperature_soggiorno,19.148633244666666,2026-01-13T02:00:00.000Z
sensor.meross_temperature_soggiorno,19.015956833583335,2026-01-13T03:00:00.000Z
sensor.meross_temperature_soggiorno,18.95455244988889,2026-01-13T04:00:00.000Z
sensor.meross_temperature_soggiorno,18.900992169583333,2026-01-13T05:00:00.000Z
sensor.meross_temperature_soggiorno,19.546131441944443,2026-01-13T06:00:00.000Z
sensor.meross_temperature_soggiorno,19.943063328666664,2026-01-13T07:00:00.000Z
sensor.meross_temperature_soggiorno,20.167628442305556,2026-01-13T08:00:00.000Z
sensor.meross_temperature_soggiorno,19.87693982863889,2026-01-13T09:00:00.000Z
sensor.meross_temperature_soggiorno,20.146450303527775,2026-01-13T10:00:00.000Z
sensor.meross_temperature_soggiorno,19.86765783613889,2026-01-13T11:00:00.000Z
sensor.meross_temperature_soggiorno,20.108156566,2026-01-13T12:00:00.000Z
sensor.meross_temperature_soggiorno,19.80357206263889,2026-01-13T13:00:00.000Z
sensor.meross_temperature_soggiorno,20.15808771325,2026-01-13T14:00:00.000Z
sensor.meross_temperature_soggiorno,19.97918354061111,2026-01-13T15:00:00.000Z
sensor.meross_temperature_soggiorno,19.85503565197222,2026-01-13T16:00:00.000Z
sensor.meross_temperature_soggiorno,20.73910613936111,2026-01-13T17:00:00.000Z
sensor.meross_temperature_soggiorno,21.25039663158333,2026-01-13T18:00:00.000Z
sensor.meross_temperature_soggiorno,21.547151076972224,2026-01-13T19:00:00.000Z
sensor.meross_temperature_soggiorno,21.85092412952778,2026-01-13T20:00:00.000Z
sensor.meross_temperature_soggiorno,22.06097695036111,2026-01-13T21:00:00.000Z
sensor.meross_temperature_soggiorno,21.97870948072222,2026-01-13T22:00:00.000Z
sensor.meross_temperature_soggiorno,21.348873145,2026-01-13T23:00:00.000Z
sensor.meross_temperature_soggiorno,20.939115147527776,2026-01-14T00:00:00.000Z
sensor.meross_temperature_soggiorno,20.601978200666668,2026-01-14T01:00:00.000Z
sensor.meross_temperature_soggiorno,20.27460627697222,2026-01-14T02:00:00.000Z
sensor.meross_temperature_soggiorno,20.033992823222224,2026-01-14T03:00:00.000Z
sensor.meross_temperature_soggiorno,19.890800875666667,2026-01-14T04:00:00.000Z
sensor.meross_temperature_soggiorno,19.74341008972222,2026-01-14T05:00:00.000Z
sensor.meross_temperature_soggiorno,20.341451993694445,2026-01-14T06:00:00.000Z
sensor.meross_temperature_soggiorno,20.67383650972222,2026-01-14T07:00:00.000Z
sensor.meross_temperature_soggiorno,20.38771857847222,2026-01-14T08:00:00.000Z
sensor.meross_temperature_soggiorno,19.924721573361108,2026-01-14T09:00:00.000Z
sensor.meross_temperature_soggiorno,19.800406593055556,2026-01-14T10:00:00.000Z
sensor.meross_temperature_soggiorno,19.8,2026-01-14T11:00:00.000Z
sensor.meross_temperature_soggiorno,19.84879681311111,2026-01-14T12:00:00.000Z
sensor.meross_temperature_soggiorno,20.181616687944445,2026-01-14T13:00:00.000Z
sensor.meross_temperature_soggiorno,19.92558470122222,2026-01-14T14:00:00.000Z
sensor.meross_temperature_soggiorno,19.9,2026-01-14T15:00:00.000Z
sensor.meross_temperature_soggiorno,19.82250826325,2026-01-14T16:00:00.000Z
sensor.meross_temperature_soggiorno,20.316634783444446,2026-01-14T17:00:00.000Z
sensor.meross_temperature_soggiorno,20.011502175527777,2026-01-14T18:00:00.000Z
sensor.meross_temperature_soggiorno,20.470763490805556,2026-01-14T19:00:00.000Z
sensor.meross_temperature_soggiorno,21.103840130416668,2026-01-14T20:00:00.000Z
sensor.meross_temperature_soggiorno,21.50374608313889,2026-01-14T21:00:00.000Z
sensor.meross_temperature_soggiorno,21.627073414027777,2026-01-14T22:00:00.000Z
sensor.meross_temperature_soggiorno,21.05695462313889,2026-01-14T23:00:00.000Z
sensor.meross_temperature_soggiorno,20.64020403411111,2026-01-15T00:00:00.000Z
sensor.meross_temperature_soggiorno,20.268846405138888,2026-01-15T01:00:00.000Z
sensor.meross_temperature_soggiorno,20.02168091488889,2026-01-15T02:00:00.000Z
sensor.meross_temperature_soggiorno,19.851320099805555,2026-01-15T03:00:00.000Z
sensor.meross_temperature_soggiorno,19.651137468666665,2026-01-15T04:00:00.000Z
sensor.meross_temperature_soggiorno,19.550903035194445,2026-01-15T05:00:00.000Z
sensor.meross_temperature_soggiorno,20.22837740783333,2026-01-15T06:00:00.000Z
sensor.meross_temperature_soggiorno,20.627924818527777,2026-01-15T07:00:00.000Z
sensor.meross_temperature_soggiorno,20.35148829541667,2026-01-15T08:00:00.000Z
sensor.meross_temperature_soggiorno,19.868998152583334,2026-01-15T09:00:00.000Z
sensor.meross_temperature_soggiorno,19.780385177305558,2026-01-15T10:00:00.000Z
sensor.meross_temperature_soggiorno,20.19488168811111,2026-01-15T11:00:00.000Z
sensor.meross_temperature_soggiorno,20.00396530947222,2026-01-15T12:00:00.000Z
sensor.meross_temperature_soggiorno,19.948369080555555,2026-01-15T13:00:00.000Z
sensor.meross_temperature_soggiorno,19.853455286083335,2026-01-15T14:00:00.000Z
sensor.meross_temperature_soggiorno,19.890417414555554,2026-01-15T15:00:00.000Z
sensor.meross_temperature_soggiorno,19.84520843475,2026-01-15T16:00:00.000Z
sensor.meross_temperature_soggiorno,20.275846444333336,2026-01-15T17:00:00.000Z
sensor.meross_temperature_soggiorno,20.016840679583336,2026-01-15T18:00:00.000Z
sensor.meross_temperature_soggiorno,19.937901554388887,2026-01-15T19:00:00.000Z
sensor.meross_temperature_soggiorno,19.949286097055555,2026-01-15T20:00:00.000Z
sensor.meross_temperature_soggiorno,20,2026-01-15T21:00:00.000Z
sensor.meross_temperature_soggiorno,19.952689987333333,2026-01-15T22:00:00.000Z
sensor.meross_temperature_soggiorno,19.8241040205,2026-01-15T23:00:00.000Z
sensor.meross_temperature_soggiorno,19.663582374527778,2026-01-16T00:00:00.000Z
sensor.meross_temperature_soggiorno,19.57116643577778,2026-01-16T01:00:00.000Z
sensor.meross_temperature_soggiorno,19.3,2026-01-16T03:00:00.000Z
sensor.meross_temperature_soggiorno,19.200106734055556,2026-01-16T04:00:00.000Z
sensor.meross_temperature_soggiorno,19.129623986833334,2026-01-16T05:00:00.000Z
sensor.meross_temperature_soggiorno,19.79943137388889,2026-01-16T06:00:00.000Z
sensor.meross_temperature_soggiorno,20.25533791897222,2026-01-16T07:00:00.000Z
sensor.meross_temperature_soggiorno,20.073450710388887,2026-01-16T08:00:00.000Z
sensor.meross_temperature_soggiorno,20.050561259138888,2026-01-16T09:00:00.000Z
sensor.meross_temperature_soggiorno,19.95070757636111,2026-01-16T10:00:00.000Z
sensor.meross_temperature_soggiorno,19.88651001388889,2026-01-16T11:00:00.000Z
sensor.meross_temperature_soggiorno,20.165467624194445,2026-01-16T12:00:00.000Z
sensor.meross_temperature_soggiorno,19.825980901972223,2026-01-16T13:00:00.000Z
sensor.meross_temperature_soggiorno,19.781300734416664,2026-01-16T14:00:00.000Z
sensor.meross_temperature_soggiorno,20.24472923752778,2026-01-16T15:00:00.000Z
sensor.meross_temperature_soggiorno,19.93910559777778,2026-01-16T16:00:00.000Z
sensor.meross_temperature_soggiorno,19.79046596486111,2026-01-16T17:00:00.000Z
sensor.meross_temperature_soggiorno,20.704639695388888,2026-01-16T18:00:00.000Z
sensor.meross_temperature_soggiorno,21.157754961722222,2026-01-16T19:00:00.000Z
sensor.meross_temperature_soggiorno,21.590672227722223,2026-01-16T20:00:00.000Z
sensor.meross_temperature_soggiorno,21.94630849447222,2026-01-16T21:00:00.000Z
sensor.meross_temperature_soggiorno,21.54239638402778,2026-01-16T22:00:00.000Z
sensor.meross_temperature_soggiorno,21.07110395913889,2026-01-16T23:00:00.000Z
sensor.meross_temperature_soggiorno,20.759405473527778,2026-01-17T00:00:00.000Z
sensor.meross_temperature_soggiorno,20.443092241166667,2026-01-17T01:00:00.000Z
sensor.meross_temperature_soggiorno,20.227133658750002,2026-01-17T02:00:00.000Z
sensor.meross_temperature_soggiorno,20.029473393583334,2026-01-17T03:00:00.000Z
sensor.meross_temperature_soggiorno,19.943344111416668,2026-01-17T04:00:00.000Z
sensor.meross_temperature_soggiorno,19.839405185500002,2026-01-17T05:00:00.000Z
sensor.meross_temperature_soggiorno,20.533274182,2026-01-17T06:00:00.000Z
sensor.meross_temperature_soggiorno,20.89325035983333,2026-01-17T07:00:00.000Z
sensor.meross_temperature_soggiorno,20.674385004444442,2026-01-17T08:00:00.000Z
sensor.meross_temperature_soggiorno,20.331997838305558,2026-01-17T09:00:00.000Z
sensor.meross_temperature_soggiorno,21.045102155194446,2026-01-17T10:00:00.000Z
sensor.meross_temperature_soggiorno,21.532297553305554,2026-01-17T11:00:00.000Z
sensor.meross_temperature_soggiorno,21.958725689805558,2026-01-17T12:00:00.000Z
sensor.meross_temperature_soggiorno,22.03350930686111,2026-01-17T13:00:00.000Z
sensor.meross_temperature_soggiorno,21.4585977465,2026-01-17T14:00:00.000Z
sensor.meross_temperature_soggiorno,21.131363386694446,2026-01-17T15:00:00.000Z
sensor.meross_temperature_soggiorno,21.185803469055557,2026-01-17T16:00:00.000Z
sensor.meross_temperature_soggiorno,21.852211717972224,2026-01-17T17:00:00.000Z
sensor.meross_temperature_soggiorno,22.284628884527777,2026-01-17T18:00:00.000Z
sensor.meross_temperature_soggiorno,22.460545635749998,2026-01-17T19:00:00.000Z
sensor.meross_temperature_soggiorno,22.55179220138889,2026-01-17T20:00:00.000Z
sensor.meross_temperature_soggiorno,22.74217996972222,2026-01-17T21:00:00.000Z
sensor.meross_temperature_soggiorno,22.82921710975,2026-01-17T22:00:00.000Z
sensor.meross_temperature_soggiorno,22.604573046805555,2026-01-17T23:00:00.000Z
sensor.meross_temperature_soggiorno,21.882451695916668,2026-01-18T00:00:00.000Z
sensor.meross_temperature_soggiorno,21.416182457027777,2026-01-18T01:00:00.000Z
sensor.meross_temperature_soggiorno,21.06502807847222,2026-01-18T02:00:00.000Z
sensor.meross_temperature_soggiorno,20.797666823,2026-01-18T03:00:00.000Z
sensor.meross_temperature_soggiorno,20.51417596275,2026-01-18T04:00:00.000Z
sensor.meross_temperature_soggiorno,20.366556381944445,2026-01-18T05:00:00.000Z
sensor.meross_temperature_soggiorno,20.982897558222223,2026-01-18T06:00:00.000Z
sensor.meross_temperature_soggiorno,21.077062295166666,2026-01-18T07:00:00.000Z
sensor.meross_temperature_soggiorno,20.63706166705556,2026-01-18T08:00:00.000Z
sensor.meross_temperature_soggiorno,20.905757844472223,2026-01-18T09:00:00.000Z
sensor.meross_temperature_soggiorno,21.491465702472222,2026-01-18T10:00:00.000Z
sensor.meross_temperature_soggiorno,22.03016601325,2026-01-18T11:00:00.000Z
sensor.meross_temperature_soggiorno,22.488628297555554,2026-01-18T12:00:00.000Z
sensor.meross_temperature_soggiorno,22.716352262333334,2026-01-18T13:00:00.000Z
sensor.meross_temperature_soggiorno,22.910496758055555,2026-01-18T14:00:00.000Z
sensor.meross_temperature_soggiorno,23.02363853397222,2026-01-18T15:00:00.000Z
sensor.meross_temperature_soggiorno,23.146667047111112,2026-01-18T16:00:00.000Z
sensor.meross_temperature_soggiorno,23.333851734972225,2026-01-18T17:00:00.000Z
sensor.meross_temperature_soggiorno,23.498906126944444,2026-01-18T18:00:00.000Z
sensor.meross_temperature_soggiorno,23.47128124872222,2026-01-18T19:00:00.000Z
sensor.meross_temperature_soggiorno,23.599709130916665,2026-01-18T20:00:00.000Z
sensor.meross_temperature_soggiorno,23.40172128427778,2026-01-18T21:00:00.000Z
sensor.meross_temperature_soggiorno,22.619149779083333,2026-01-18T22:00:00.000Z
sensor.meross_temperature_soggiorno,22.046378816055554,2026-01-18T23:00:00.000Z
sensor.meross_temperature_soggiorno,21.620622725027776,2026-01-19T00:00:00.000Z
sensor.meross_temperature_soggiorno,21.35113224025,2026-01-19T01:00:00.000Z
sensor.meross_temperature_soggiorno,21.06959267736111,2026-01-19T02:00:00.000Z
sensor.meross_temperature_soggiorno,20.88817951975,2026-01-19T03:00:00.000Z
sensor.meross_temperature_soggiorno,20.637802798055557,2026-01-19T04:00:00.000Z
sensor.meross_temperature_soggiorno,20.493981080222223,2026-01-19T05:00:00.000Z
sensor.meross_temperature_soggiorno,21.106726073333334,2026-01-19T06:00:00.000Z
sensor.meross_temperature_soggiorno,20.855737522027777,2026-01-19T07:00:00.000Z
sensor.meross_temperature_soggiorno,20.892525253055556,2026-01-19T08:00:00.000Z
sensor.meross_temperature_soggiorno,20.587972237749998,2026-01-19T09:00:00.000Z
sensor.meross_temperature_soggiorno,20.5,2026-01-19T10:00:00.000Z
sensor.meross_temperature_soggiorno,20.43782000325,2026-01-19T11:00:00.000Z
sensor.meross_temperature_soggiorno,20.4,2026-01-19T12:00:00.000Z
sensor.meross_temperature_soggiorno,20.345325239361113,2026-01-19T13:00:00.000Z
sensor.meross_temperature_soggiorno,20.289590174,2026-01-19T14:00:00.000Z
sensor.meross_temperature_soggiorno,20.13548088802778,2026-01-19T15:00:00.000Z
sensor.meross_temperature_soggiorno,20.160428091444444,2026-01-19T16:00:00.000Z
sensor.meross_temperature_soggiorno,20,2026-01-19T17:00:00.000Z
sensor.meross_temperature_soggiorno,20.24142118297222,2026-01-19T18:00:00.000Z
sensor.meross_temperature_soggiorno,21.081349126305554,2026-01-19T19:00:00.000Z
sensor.meross_temperature_soggiorno,21.602264122888887,2026-01-19T20:00:00.000Z
sensor.meross_temperature_soggiorno,21.877699536916666,2026-01-19T21:00:00.000Z
sensor.meross_temperature_soggiorno,21.987488414944448,2026-01-19T22:00:00.000Z
sensor.meross_temperature_soggiorno,22.022891442111113,2026-01-19T23:00:00.000Z
sensor.meross_temperature_soggiorno,21.393546079055554,2026-01-20T00:00:00.000Z
sensor.meross_temperature_soggiorno,20.930597628944444,2026-01-20T01:00:00.000Z
sensor.meross_temperature_soggiorno,20.565340469555554,2026-01-20T02:00:00.000Z
sensor.meross_temperature_soggiorno,20.233279440166665,2026-01-20T03:00:00.000Z
sensor.meross_temperature_soggiorno,20.023560955555556,2026-01-20T04:00:00.000Z
sensor.meross_temperature_soggiorno,19.94111964772222,2026-01-20T05:00:00.000Z
sensor.meross_temperature_soggiorno,20.575743282277777,2026-01-20T06:00:00.000Z
sensor.meross_temperature_soggiorno,20.888712268694444,2026-01-20T07:00:00.000Z
sensor.meross_temperature_soggiorno,20.68012232511111,2026-01-20T08:00:00.000Z
sensor.meross_temperature_soggiorno,20.123510341777777,2026-01-20T09:00:00.000Z
sensor.meross_temperature_soggiorno,20.153117964555555,2026-01-20T10:00:00.000Z
sensor.meross_temperature_soggiorno,20.2,2026-01-20T11:00:00.000Z
sensor.meross_temperature_soggiorno,20.208883337527777,2026-01-20T12:00:00.000Z
sensor.meross_temperature_soggiorno,20.233860655111112,2026-01-20T13:00:00.000Z
sensor.meross_temperature_soggiorno,20.07189092616667,2026-01-20T14:00:00.000Z
sensor.meross_temperature_soggiorno,20,2026-01-20T15:00:00.000Z
sensor.meross_temperature_soggiorno,20,2026-01-20T16:00:00.000Z
sensor.meross_temperature_soggiorno,20.095707460722224,2026-01-20T17:00:00.000Z
sensor.meross_temperature_soggiorno,20.1,2026-01-20T18:00:00.000Z
sensor.meross_temperature_soggiorno,20.036026795416667,2026-01-20T19:00:00.000Z
sensor.meross_temperature_soggiorno,20,2026-01-20T20:00:00.000Z
sensor.meross_temperature_soggiorno,19.83026495786111,2026-01-20T21:00:00.000Z
sensor.meross_temperature_soggiorno,19.64613210802778,2026-01-20T22:00:00.000Z
sensor.meross_temperature_soggiorno,19.421438754555556,2026-01-20T23:00:00.000Z
sensor.meross_temperature_soggiorno,19.226220730416667,2026-01-21T00:00:00.000Z
sensor.meross_temperature_soggiorno,19.04862158141667,2026-01-21T01:00:00.000Z
sensor.meross_temperature_soggiorno,18.970073714888887,2026-01-21T02:00:00.000Z
sensor.meross_temperature_soggiorno,18.808391604444445,2026-01-21T03:00:00.000Z
sensor.meross_temperature_soggiorno,18.635566884027778,2026-01-21T04:00:00.000Z
sensor.meross_temperature_soggiorno,18.532402456361112,2026-01-21T05:00:00.000Z
sensor.meross_temperature_soggiorno,19.32979225277778,2026-01-21T06:00:00.000Z
sensor.meross_temperature_soggiorno,19.956007740194444,2026-01-21T07:00:00.000Z
sensor.meross_temperature_soggiorno,20.163168181944446,2026-01-21T08:00:00.000Z
sensor.meross_temperature_soggiorno,20.010319558194443,2026-01-21T09:00:00.000Z
sensor.meross_temperature_soggiorno,20.14098124186111,2026-01-21T10:00:00.000Z
sensor.meross_temperature_soggiorno,20.14102032538889,2026-01-21T11:00:00.000Z
sensor.meross_temperature_soggiorno,20.14283538086111,2026-01-21T12:00:00.000Z
sensor.meross_temperature_soggiorno,20.2,2026-01-21T13:00:00.000Z
sensor.meross_temperature_soggiorno,20.167420003166665,2026-01-21T14:00:00.000Z
sensor.meross_temperature_soggiorno,20.1,2026-01-21T15:00:00.000Z
sensor.meross_temperature_soggiorno,19.994333046305556,2026-01-21T16:00:00.000Z
sensor.meross_temperature_soggiorno,19.9,2026-01-21T17:00:00.000Z
sensor.meross_temperature_soggiorno,20.01763965188889,2026-01-21T18:00:00.000Z
sensor.meross_temperature_soggiorno,20.760592289416667,2026-01-21T19:00:00.000Z
sensor.meross_temperature_soggiorno,21.138905951972223,2026-01-21T20:00:00.000Z
sensor.meross_temperature_soggiorno,21.520019677694446,2026-01-21T21:00:00.000Z
sensor.meross_temperature_soggiorno,21.34999224327778,2026-01-21T22:00:00.000Z
sensor.meross_temperature_soggiorno,20.7516916105,2026-01-21T23:00:00.000Z
sensor.meross_temperature_soggiorno,20.232084062694444,2026-01-22T00:00:00.000Z
sensor.meross_temperature_soggiorno,19.934564374166666,2026-01-22T01:00:00.000Z
sensor.meross_temperature_soggiorno,19.64176768891667,2026-01-22T02:00:00.000Z
sensor.meross_temperature_soggiorno,19.43123706338889,2026-01-22T03:00:00.000Z
sensor.meross_temperature_soggiorno,19.191089586083333,2026-01-22T04:00:00.000Z
sensor.meross_temperature_soggiorno,19.0395504115,2026-01-22T05:00:00.000Z
sensor.meross_temperature_soggiorno,19.648999618722222,2026-01-22T06:00:00.000Z
sensor.meross_temperature_soggiorno,19.899325038749996,2026-01-22T07:00:00.000Z
sensor.meross_temperature_soggiorno,19.971764009805554,2026-01-22T08:00:00.000Z
sensor.meross_temperature_soggiorno,20.17866288966667,2026-01-22T09:00:00.000Z
sensor.meross_temperature_soggiorno,19.885603520388887,2026-01-22T10:00:00.000Z
sensor.meross_temperature_soggiorno,20.1712681765,2026-01-22T11:00:00.000Z
sensor.meross_temperature_soggiorno,19.957089329499997,2026-01-22T12:00:00.000Z
sensor.meross_temperature_soggiorno,19.9,2026-01-22T13:00:00.000Z
sensor.meross_temperature_soggiorno,19.97900221088889,2026-01-22T14:00:00.000Z
sensor.meross_temperature_soggiorno,19.92930759025,2026-01-22T15:00:00.000Z
sensor.meross_temperature_soggiorno,19.82461849583333,2026-01-22T16:00:00.000Z
sensor.meross_temperature_soggiorno,20.229540883916666,2026-01-22T17:00:00.000Z
sensor.meross_temperature_soggiorno,19.972435684333334,2026-01-22T18:00:00.000Z
sensor.meross_temperature_soggiorno,19.854875550583333,2026-01-22T19:00:00.000Z
sensor.meross_temperature_soggiorno,20.238907622499998,2026-01-22T20:00:00.000Z
sensor.meross_temperature_soggiorno,19.933733948833332,2026-01-22T21:00:00.000Z
sensor.meross_temperature_soggiorno,19.74308242347222,2026-01-22T22:00:00.000Z
sensor.meross_temperature_soggiorno,19.522622115444445,2026-01-22T23:00:00.000Z
sensor.meross_temperature_soggiorno,19.35933614863889,2026-01-23T00:00:00.000Z
sensor.meross_temperature_soggiorno,19.172618736333334,2026-01-23T01:00:00.000Z
sensor.meross_temperature_soggiorno,19.00681625463889,2026-01-23T02:00:00.000Z
sensor.meross_temperature_soggiorno,18.939688725944443,2026-01-23T03:00:00.000Z
sensor.meross_temperature_soggiorno,18.773209903027777,2026-01-23T04:00:00.000Z
sensor.meross_temperature_soggiorno,18.71212800947222,2026-01-23T05:00:00.000Z
sensor.meross_temperature_soggiorno,19.42663873488889,2026-01-23T06:00:00.000Z
sensor.meross_temperature_soggiorno,19.77372275322222,2026-01-23T07:00:00.000Z
sensor.meross_temperature_soggiorno,19.9,2026-01-23T08:00:00.000Z
sensor.meross_temperature_soggiorno,20.00621486972222,2026-01-23T09:00:00.000Z
sensor.meross_temperature_soggiorno,20.167696015555556,2026-01-23T10:00:00.000Z
sensor.meross_temperature_soggiorno,19.880081478333334,2026-01-23T11:00:00.000Z
sensor.meross_temperature_soggiorno,20.144960695416668,2026-01-23T12:00:00.000Z
sensor.meross_temperature_soggiorno,19.855851958944445,2026-01-23T13:00:00.000Z
sensor.meross_temperature_soggiorno,19.250489679555557,2026-01-23T14:00:00.000Z
sensor.meross_temperature_soggiorno,20.227254716944444,2026-01-23T15:00:00.000Z
sensor.meross_temperature_soggiorno,19.892528350444444,2026-01-23T16:00:00.000Z
sensor.meross_temperature_soggiorno,19.858375601055556,2026-01-23T17:00:00.000Z
sensor.meross_temperature_soggiorno,20.038408524805554,2026-01-23T18:00:00.000Z
sensor.meross_temperature_soggiorno,20.766820747472224,2026-01-23T19:00:00.000Z
sensor.meross_temperature_soggiorno,21.269544047388887,2026-01-23T20:00:00.000Z
sensor.meross_temperature_soggiorno,21.64120957961111,2026-01-23T21:00:00.000Z
sensor.meross_temperature_soggiorno,21.43754939058333,2026-01-23T22:00:00.000Z
sensor.meross_temperature_soggiorno,20.934179593694445,2026-01-23T23:00:00.000Z
sensor.meross_temperature_soggiorno,20.55079656727778,2026-01-24T00:00:00.000Z
sensor.meross_temperature_soggiorno,20.180687279805557,2026-01-24T01:00:00.000Z
sensor.meross_temperature_soggiorno,19.957142781444443,2026-01-24T02:00:00.000Z
sensor.meross_temperature_soggiorno,19.727473357277777,2026-01-24T03:00:00.000Z
sensor.meross_temperature_soggiorno,19.526608956305555,2026-01-24T04:00:00.000Z
sensor.meross_temperature_soggiorno,19.453083927916666,2026-01-24T05:00:00.000Z
sensor.meross_temperature_soggiorno,20.00806262286111,2026-01-24T06:00:00.000Z
sensor.meross_temperature_soggiorno,20.29359124288889,2026-01-24T07:00:00.000Z
sensor.meross_temperature_soggiorno,20.497059054527778,2026-01-24T08:00:00.000Z
sensor.meross_temperature_soggiorno,20.878056016722223,2026-01-24T09:00:00.000Z
sensor.meross_temperature_soggiorno,21.315334484805554,2026-01-24T10:00:00.000Z
sensor.meross_temperature_soggiorno,21.585517734277776,2026-01-24T11:00:00.000Z
sensor.meross_temperature_soggiorno,22.08333167113889,2026-01-24T12:00:00.000Z
sensor.meross_temperature_soggiorno,22.48488071827778,2026-01-24T13:00:00.000Z
sensor.meross_temperature_soggiorno,22.55595021236111,2026-01-24T14:00:00.000Z
sensor.meross_temperature_soggiorno,22.493429009250004,2026-01-24T15:00:00.000Z
sensor.meross_temperature_soggiorno,21.76767421263889,2026-01-24T16:00:00.000Z
sensor.meross_temperature_soggiorno,21.57230370775,2026-01-24T17:00:00.000Z
sensor.meross_temperature_soggiorno,21.277810300305557,2026-01-24T18:00:00.000Z
sensor.meross_temperature_soggiorno,21.010753989972223,2026-01-24T19:00:00.000Z
sensor.meross_temperature_soggiorno,20.77633014027778,2026-01-24T20:00:00.000Z
sensor.meross_temperature_soggiorno,20.49219209875,2026-01-24T21:00:00.000Z
sensor.meross_temperature_soggiorno,20.289757152,2026-01-24T22:00:00.000Z
sensor.meross_temperature_soggiorno,20.101402918333335,2026-01-24T23:00:00.000Z
sensor.meross_temperature_soggiorno,20,2026-01-25T00:00:00.000Z
sensor.meross_temperature_soggiorno,19.887793983277778,2026-01-25T01:00:00.000Z
sensor.meross_temperature_soggiorno,19.728508545555556,2026-01-25T02:00:00.000Z
sensor.meross_temperature_soggiorno,19.535092237416666,2026-01-25T03:00:00.000Z
sensor.meross_temperature_soggiorno,19.48641417175,2026-01-25T04:00:00.000Z
sensor.meross_temperature_soggiorno,19.402739333083332,2026-01-25T05:00:00.000Z
sensor.meross_temperature_soggiorno,20.010454197333335,2026-01-25T06:00:00.000Z
sensor.meross_temperature_soggiorno,20.346416941111112,2026-01-25T07:00:00.000Z
sensor.meross_temperature_soggiorno,20.32793134988889,2026-01-25T08:00:00.000Z
sensor.meross_temperature_soggiorno,20.729036292361112,2026-01-25T09:00:00.000Z
sensor.meross_temperature_soggiorno,21.22659918525,2026-01-25T10:00:00.000Z
sensor.meross_temperature_soggiorno,21.58252970022222,2026-01-25T11:00:00.000Z
sensor.meross_temperature_soggiorno,21.478825703833333,2026-01-25T12:00:00.000Z
sensor.meross_temperature_soggiorno,22.083038861666665,2026-01-25T13:00:00.000Z
sensor.meross_temperature_soggiorno,22.45100518077778,2026-01-25T14:00:00.000Z
sensor.meross_temperature_soggiorno,22.639697224777777,2026-01-25T15:00:00.000Z
sensor.meross_temperature_soggiorno,22.775591845333334,2026-01-25T16:00:00.000Z
sensor.meross_temperature_soggiorno,22.919205576583334,2026-01-25T17:00:00.000Z
sensor.meross_temperature_soggiorno,23,2026-01-25T18:00:00.000Z
sensor.meross_temperature_soggiorno,23,2026-01-25T19:00:00.000Z
sensor.meross_temperature_soggiorno,22.951934888166665,2026-01-25T20:00:00.000Z
sensor.meross_temperature_soggiorno,22.797973115722225,2026-01-25T21:00:00.000Z
sensor.meross_temperature_soggiorno,22.116965940333333,2026-01-25T22:00:00.000Z
sensor.meross_temperature_soggiorno,21.538469512666666,2026-01-25T23:00:00.000Z
sensor.meross_temperature_soggiorno,21.13941504897222,2026-01-26T00:00:00.000Z
sensor.meross_temperature_soggiorno,20.857099256944444,2026-01-26T01:00:00.000Z
sensor.meross_temperature_soggiorno,20.550509991,2026-01-26T02:00:00.000Z
sensor.meross_temperature_soggiorno,20.278938935194443,2026-01-26T03:00:00.000Z
sensor.meross_temperature_soggiorno,20.043192842305555,2026-01-26T04:00:00.000Z
sensor.meross_temperature_soggiorno,19.97424491561111,2026-01-26T05:00:00.000Z
sensor.meross_temperature_soggiorno,20.659325642722223,2026-01-26T06:00:00.000Z
sensor.meross_temperature_soggiorno,20.94783164125,2026-01-26T07:00:00.000Z
sensor.meross_temperature_soggiorno,20.676223211777778,2026-01-26T08:00:00.000Z
sensor.meross_temperature_soggiorno,20.149715248944446,2026-01-26T09:00:00.000Z
sensor.meross_temperature_soggiorno,20.157409653694444,2026-01-26T10:00:00.000Z
sensor.meross_temperature_soggiorno,20.427087211472223,2026-01-26T11:00:00.000Z
sensor.meross_temperature_soggiorno,20.474681625527776,2026-01-26T12:00:00.000Z
sensor.meross_temperature_soggiorno,20.4,2026-01-26T13:00:00.000Z
sensor.meross_temperature_soggiorno,20.4,2026-01-26T14:00:00.000Z
sensor.meross_temperature_soggiorno,20.38390980533333,2026-01-26T15:00:00.000Z
sensor.meross_temperature_soggiorno,20.217538671222222,2026-01-26T16:00:00.000Z
sensor.meross_temperature_soggiorno,20.077580297500003,2026-01-26T17:00:00.000Z
sensor.meross_temperature_soggiorno,20.1,2026-01-26T18:00:00.000Z
sensor.meross_temperature_soggiorno,20.05804668491667,2026-01-26T19:00:00.000Z
sensor.meross_temperature_soggiorno,20,2026-01-26T20:00:00.000Z
sensor.meross_temperature_soggiorno,20.088858926555556,2026-01-26T21:00:00.000Z
sensor.meross_temperature_soggiorno,20.067269001416665,2026-01-26T22:00:00.000Z
sensor.meross_temperature_soggiorno,19.949104745083332,2026-01-26T23:00:00.000Z
sensor.meross_temperature_soggiorno,19.762367733361113,2026-01-27T00:00:00.000Z
sensor.meross_temperature_soggiorno,19.576234991555555,2026-01-27T01:00:00.000Z
sensor.meross_temperature_soggiorno,19.46764092838889,2026-01-27T02:00:00.000Z
sensor.meross_temperature_soggiorno,19.309054745027776,2026-01-27T03:00:00.000Z
sensor.meross_temperature_soggiorno,19.122395343111112,2026-01-27T04:00:00.000Z
sensor.meross_temperature_soggiorno,19.04864594125,2026-01-27T05:00:00.000Z
sensor.meross_temperature_soggiorno,19.69299995347222,2026-01-27T06:00:00.000Z
sensor.meross_temperature_soggiorno,19.950858714305554,2026-01-27T07:00:00.000Z
sensor.meross_temperature_soggiorno,20.11257687363889,2026-01-27T08:00:00.000Z
sensor.meross_temperature_soggiorno,20.037274811916667,2026-01-27T09:00:00.000Z
sensor.meross_temperature_soggiorno,20.056798625166667,2026-01-27T10:00:00.000Z
sensor.meross_temperature_soggiorno,20.007197863888887,2026-01-27T11:00:00.000Z
sensor.meross_temperature_soggiorno,19.9,2026-01-27T12:00:00.000Z
sensor.meross_temperature_soggiorno,19.875072604333333,2026-01-27T13:00:00.000Z
sensor.meross_temperature_soggiorno,20.1727955305,2026-01-27T14:00:00.000Z
sensor.meross_temperature_soggiorno,20.855632739111112,2026-01-27T15:00:00.000Z
sensor.meross_temperature_soggiorno,21.22153259725,2026-01-27T16:00:00.000Z
sensor.meross_temperature_soggiorno,21.531089715611113,2026-01-27T17:00:00.000Z
sensor.meross_temperature_soggiorno,21.605982540722223,2026-01-27T18:00:00.000Z
sensor.meross_temperature_soggiorno,21.22066040238889,2026-01-27T19:00:00.000Z
sensor.meross_temperature_soggiorno,20.817297966166667,2026-01-27T20:00:00.000Z
sensor.meross_temperature_soggiorno,20.591397720722224,2026-01-27T21:00:00.000Z
sensor.meross_temperature_soggiorno,20.3602054135,2026-01-27T22:00:00.000Z
sensor.meross_temperature_soggiorno,20.050224067305557,2026-01-27T23:00:00.000Z
sensor.meross_temperature_soggiorno,19.905156092694444,2026-01-28T00:00:00.000Z
sensor.meross_temperature_soggiorno,19.70949088177778,2026-01-28T01:00:00.000Z
sensor.meross_temperature_soggiorno,19.54305121861111,2026-01-28T02:00:00.000Z
sensor.meross_temperature_soggiorno,19.478279332583334,2026-01-28T03:00:00.000Z
sensor.meross_temperature_soggiorno,19.34554563958333,2026-01-28T04:00:00.000Z
sensor.meross_temperature_soggiorno,19.269463834638888,2026-01-28T05:00:00.000Z
sensor.meross_temperature_soggiorno,19.923560342972223,2026-01-28T06:00:00.000Z
sensor.meross_temperature_soggiorno,20.327491941027777,2026-01-28T07:00:00.000Z
sensor.meross_temperature_soggiorno,20.109026048361113,2026-01-28T08:00:00.000Z
sensor.meross_temperature_soggiorno,19.98210256638889,2026-01-28T09:00:00.000Z
sensor.meross_temperature_soggiorno,19.971678232583333,2026-01-28T10:00:00.000Z
sensor.meross_temperature_soggiorno,20.046974149472224,2026-01-28T11:00:00.000Z
sensor.meross_temperature_soggiorno,19.959578982222222,2026-01-28T12:00:00.000Z
sensor.meross_temperature_soggiorno,19.8,2026-01-28T13:00:00.000Z
sensor.meross_temperature_soggiorno,19.8,2026-01-28T14:00:00.000Z
sensor.meross_temperature_soggiorno,19.80050542425,2026-01-28T16:00:00.000Z
sensor.meross_temperature_soggiorno,20.32622457461111,2026-01-28T17:00:00.000Z
sensor.meross_temperature_soggiorno,19.96150601447222,2026-01-28T18:00:00.000Z
sensor.meross_temperature_soggiorno,19.874528687555554,2026-01-28T19:00:00.000Z
sensor.meross_temperature_soggiorno,20.544001335222223,2026-01-28T20:00:00.000Z
sensor.meross_temperature_soggiorno,21.220951408833333,2026-01-28T21:00:00.000Z
sensor.meross_temperature_soggiorno,21.383976305833333,2026-01-28T22:00:00.000Z
sensor.meross_temperature_soggiorno,20.87519646175,2026-01-28T23:00:00.000Z
sensor.meross_temperature_soggiorno,20.44072281936111,2026-01-29T00:00:00.000Z
sensor.meross_temperature_soggiorno,20.114602324388887,2026-01-29T01:00:00.000Z
sensor.meross_temperature_soggiorno,19.95146792961111,2026-01-29T02:00:00.000Z
sensor.meross_temperature_soggiorno,19.76550626125,2026-01-29T03:00:00.000Z
sensor.meross_temperature_soggiorno,19.571677875694444,2026-01-29T04:00:00.000Z
sensor.meross_temperature_soggiorno,19.533363037527778,2026-01-29T05:00:00.000Z
sensor.meross_temperature_soggiorno,20.133336609972222,2026-01-29T06:00:00.000Z
sensor.meross_temperature_soggiorno,20.495791735166666,2026-01-29T07:00:00.000Z
sensor.meross_temperature_soggiorno,20.274678047583333,2026-01-29T08:00:00.000Z
sensor.meross_temperature_soggiorno,19.84441642986111,2026-01-29T09:00:00.000Z
sensor.meross_temperature_soggiorno,19.8,2026-01-29T10:00:00.000Z
sensor.meross_temperature_soggiorno,19.8,2026-01-29T11:00:00.000Z
sensor.meross_temperature_soggiorno,19.803327512,2026-01-29T13:00:00.000Z
sensor.meross_temperature_soggiorno,20.40074486713889,2026-01-29T14:00:00.000Z
sensor.meross_temperature_soggiorno,20.035480095694442,2026-01-29T15:00:00.000Z
sensor.meross_temperature_soggiorno,20,2026-01-29T16:00:00.000Z
sensor.meross_temperature_soggiorno,19.837203586444442,2026-01-29T17:00:00.000Z
sensor.meross_temperature_soggiorno,20.292659331555555,2026-01-29T18:00:00.000Z
sensor.meross_temperature_soggiorno,21.23943392283333,2026-01-29T19:00:00.000Z
sensor.meross_temperature_soggiorno,21.563811476472225,2026-01-29T20:00:00.000Z
sensor.meross_temperature_soggiorno,21.571576212833335,2026-01-29T21:00:00.000Z
sensor.meross_temperature_soggiorno,20.993106112222222,2026-01-29T22:00:00.000Z
sensor.meross_temperature_soggiorno,20.562242661055556,2026-01-29T23:00:00.000Z
sensor.meross_temperature_soggiorno,20.207169943555556,2026-01-30T00:00:00.000Z
sensor.meross_temperature_soggiorno,19.983100309444442,2026-01-30T01:00:00.000Z
sensor.meross_temperature_soggiorno,19.802998505305556,2026-01-30T02:00:00.000Z
sensor.meross_temperature_soggiorno,19.5768271315,2026-01-30T03:00:00.000Z
sensor.meross_temperature_soggiorno,19.47820558936111,2026-01-30T04:00:00.000Z
sensor.meross_temperature_soggiorno,19.378798858,2026-01-30T05:00:00.000Z
sensor.meross_temperature_soggiorno,19.981753983,2026-01-30T06:00:00.000Z
sensor.meross_temperature_soggiorno,20.42553616183333,2026-01-30T07:00:00.000Z
sensor.meross_temperature_soggiorno,20.231186014305557,2026-01-30T08:00:00.000Z
sensor.meross_temperature_soggiorno,19.842770647972223,2026-01-30T09:00:00.000Z
sensor.meross_temperature_soggiorno,20.176610136555556,2026-01-30T10:00:00.000Z
sensor.meross_temperature_soggiorno,19.94459458586111,2026-01-30T11:00:00.000Z
sensor.meross_temperature_soggiorno,20.078271204722224,2026-01-30T12:00:00.000Z
sensor.meross_temperature_soggiorno,20.1,2026-01-30T13:00:00.000Z
sensor.meross_temperature_soggiorno,20.136454246916667,2026-01-30T14:00:00.000Z
sensor.meross_temperature_soggiorno,20.024538957583335,2026-01-30T15:00:00.000Z
sensor.meross_temperature_soggiorno,19.872310172166667,2026-01-30T16:00:00.000Z
sensor.meross_temperature_soggiorno,19.8,2026-01-30T17:00:00.000Z
sensor.meross_temperature_soggiorno,19.863145580944444,2026-01-30T18:00:00.000Z
sensor.meross_temperature_soggiorno,20.132328845444444,2026-01-30T19:00:00.000Z
sensor.meross_temperature_soggiorno,19.9,2026-01-30T20:00:00.000Z
sensor.meross_temperature_soggiorno,19.898096980194442,2026-01-30T21:00:00.000Z
sensor.meross_temperature_soggiorno,19.759476426694444,2026-01-30T22:00:00.000Z
sensor.meross_temperature_soggiorno,19.623994755055556,2026-01-30T23:00:00.000Z
sensor.meross_temperature_soggiorno,19.501239593444442,2026-01-31T00:00:00.000Z
sensor.meross_temperature_soggiorno,19.44475326536111,2026-01-31T01:00:00.000Z
sensor.meross_temperature_soggiorno,19.31388471763889,2026-01-31T02:00:00.000Z
sensor.meross_temperature_soggiorno,19.194179913194443,2026-01-31T03:00:00.000Z
sensor.meross_temperature_soggiorno,19.074293780555557,2026-01-31T04:00:00.000Z
sensor.meross_temperature_soggiorno,19.050886111361113,2026-01-31T05:00:00.000Z
sensor.meross_temperature_soggiorno,19.736404789999998,2026-01-31T06:00:00.000Z
sensor.meross_temperature_soggiorno,20.09536287938889,2026-01-31T07:00:00.000Z
sensor.meross_temperature_soggiorno,20.054843503055555,2026-01-31T08:00:00.000Z
sensor.meross_temperature_soggiorno,19.497874251611112,2026-01-31T09:00:00.000Z
sensor.meross_temperature_soggiorno,19.324148079555556,2026-01-31T10:00:00.000Z
sensor.meross_temperature_soggiorno,19.193062224,2026-01-31T11:00:00.000Z
sensor.meross_temperature_soggiorno,19.1,2026-01-31T12:00:00.000Z
sensor.meross_temperature_soggiorno,19.018066980305555,2026-01-31T13:00:00.000Z
sensor.meross_temperature_soggiorno,19,2026-01-31T14:00:00.000Z
sensor.meross_temperature_soggiorno,19,2026-01-31T15:00:00.000Z
sensor.meross_temperature_soggiorno,18.986395645666665,2026-01-31T16:00:00.000Z
sensor.meross_temperature_soggiorno,18.9,2026-01-31T17:00:00.000Z
sensor.meross_temperature_soggiorno,18.82037896688889,2026-01-31T18:00:00.000Z
sensor.meross_temperature_soggiorno,18.72035232463889,2026-01-31T19:00:00.000Z
sensor.meross_temperature_soggiorno,18.623937777166667,2026-01-31T20:00:00.000Z
sensor.meross_temperature_soggiorno,18.522105030444447,2026-01-31T21:00:00.000Z
sensor.meross_temperature_soggiorno,18.5,2026-01-31T22:00:00.000Z
sensor.meross_temperature_soggiorno,18.426858627722222,2026-01-31T23:00:00.000Z
sensor.meross_temperature_soggiorno,18.32146942288889,2026-02-01T00:00:00.000Z
sensor.meross_temperature_soggiorno,18.25328534275,2026-02-01T01:00:00.000Z
sensor.meross_temperature_soggiorno,18.165456728694444,2026-02-01T02:00:00.000Z
sensor.meross_temperature_soggiorno,18.072043040916668,2026-02-01T03:00:00.000Z
sensor.meross_temperature_soggiorno,18,2026-02-01T04:00:00.000Z
sensor.meross_temperature_soggiorno,18,2026-02-01T05:00:00.000Z
sensor.meross_temperature_soggiorno,17.901136771444442,2026-02-01T06:00:00.000Z
sensor.meross_temperature_soggiorno,17.836480577194447,2026-02-01T07:00:00.000Z
sensor.meross_temperature_soggiorno,17.8,2026-02-01T08:00:00.000Z
sensor.meross_temperature_soggiorno,18.118992790472223,2026-02-01T09:00:00.000Z
sensor.meross_temperature_soggiorno,18.051492254805556,2026-02-01T10:00:00.000Z
sensor.meross_temperature_soggiorno,17.92684415411111,2026-02-01T11:00:00.000Z
sensor.meross_temperature_soggiorno,17.9,2026-02-01T12:00:00.000Z
sensor.meross_temperature_soggiorno,17.850991962333335,2026-02-01T13:00:00.000Z
sensor.meross_temperature_soggiorno,17.868887975277776,2026-02-01T14:00:00.000Z
sensor.meross_temperature_soggiorno,18.649685902805555,2026-02-01T15:00:00.000Z
sensor.meross_temperature_soggiorno,19.150518027527777,2026-02-01T16:00:00.000Z
sensor.meross_temperature_soggiorno,19.58026491275,2026-02-01T17:00:00.000Z
sensor.meross_temperature_soggiorno,20.283140431611113,2026-02-01T18:00:00.000Z
sensor.meross_temperature_soggiorno,20.3407920165,2026-02-01T19:00:00.000Z
sensor.meross_temperature_soggiorno,20.67215616813889,2026-02-01T20:00:00.000Z
sensor.meross_temperature_soggiorno,20.949135037777776,2026-02-01T21:00:00.000Z
sensor.meross_temperature_soggiorno,20.862795344694444,2026-02-01T22:00:00.000Z
sensor.meross_temperature_soggiorno,20.161658783916668,2026-02-01T23:00:00.000Z
sensor.meross_temperature_soggiorno,19.78368039072222,2026-02-02T00:00:00.000Z
sensor.meross_temperature_soggiorno,19.48920277611111,2026-02-02T01:00:00.000Z
sensor.meross_temperature_soggiorno,19.250524716694443,2026-02-02T02:00:00.000Z
sensor.meross_temperature_soggiorno,19.038559986722223,2026-02-02T03:00:00.000Z
sensor.meross_temperature_soggiorno,18.921580152999997,2026-02-02T04:00:00.000Z
sensor.meross_temperature_soggiorno,18.81631711613889,2026-02-02T05:00:00.000Z
sensor.meross_temperature_soggiorno,19.466165842888888,2026-02-02T06:00:00.000Z
sensor.meross_temperature_soggiorno,19.76249609611111,2026-02-02T07:00:00.000Z
sensor.meross_temperature_soggiorno,19.959350377416666,2026-02-02T08:00:00.000Z
sensor.meross_temperature_soggiorno,20.420526702305555,2026-02-02T09:00:00.000Z
sensor.meross_temperature_soggiorno,20.637141294166668,2026-02-02T10:00:00.000Z
sensor.meross_temperature_soggiorno,20.975067863,2026-02-02T11:00:00.000Z
sensor.meross_temperature_soggiorno,21.363421030694443,2026-02-02T12:00:00.000Z
sensor.meross_temperature_soggiorno,21.626857555138887,2026-02-02T13:00:00.000Z
sensor.meross_temperature_soggiorno,21.85892118897222,2026-02-02T14:00:00.000Z
sensor.meross_temperature_soggiorno,21.978319880972222,2026-02-02T15:00:00.000Z
sensor.meross_temperature_soggiorno,22.1262962205,2026-02-02T16:00:00.000Z
sensor.meross_temperature_soggiorno,22.359376496333336,2026-02-02T17:00:00.000Z
sensor.meross_temperature_soggiorno,22.620072533583336,2026-02-02T18:00:00.000Z
sensor.meross_temperature_soggiorno,22.38526578672222,2026-02-02T19:00:00.000Z
sensor.meross_temperature_soggiorno,22.64040679675,2026-02-02T20:00:00.000Z
sensor.meross_temperature_soggiorno,22.0186086635,2026-02-02T21:00:00.000Z
sensor.meross_temperature_soggiorno,21.538735795194444,2026-02-02T22:00:00.000Z
sensor.meross_temperature_soggiorno,21.096624186083336,2026-02-02T23:00:00.000Z
sensor.meross_temperature_soggiorno,20.737009219444445,2026-02-03T00:00:00.000Z
sensor.meross_temperature_soggiorno,20.413450508583335,2026-02-03T01:00:00.000Z
sensor.meross_temperature_soggiorno,20.149744982138888,2026-02-03T02:00:00.000Z
sensor.meross_temperature_soggiorno,20,2026-02-03T03:00:00.000Z
sensor.meross_temperature_soggiorno,19.836053525416666,2026-02-03T04:00:00.000Z
sensor.meross_temperature_soggiorno,19.68697311588889,2026-02-03T05:00:00.000Z
sensor.meross_temperature_soggiorno,20.308209251277777,2026-02-03T06:00:00.000Z
sensor.meross_temperature_soggiorno,20.700557585972224,2026-02-03T07:00:00.000Z
sensor.meross_temperature_soggiorno,20.386743084583333,2026-02-03T08:00:00.000Z
sensor.meross_temperature_soggiorno,19.87602410897222,2026-02-03T09:00:00.000Z
sensor.meross_temperature_soggiorno,19.848104181222222,2026-02-03T10:00:00.000Z
sensor.meross_temperature_soggiorno,20.14313717813889,2026-02-03T11:00:00.000Z
sensor.meross_temperature_soggiorno,19.793670915416666,2026-02-03T12:00:00.000Z
sensor.meross_temperature_soggiorno,20.189706444194446,2026-02-03T13:00:00.000Z
sensor.meross_temperature_soggiorno,19.9410003075,2026-02-03T14:00:00.000Z
sensor.meross_temperature_soggiorno,19.8,2026-02-03T15:00:00.000Z
sensor.meross_temperature_soggiorno,19.796311927222224,2026-02-03T16:00:00.000Z
sensor.meross_temperature_soggiorno,20.294533724694446,2026-02-03T17:00:00.000Z
sensor.meross_temperature_soggiorno,19.98417476936111,2026-02-03T18:00:00.000Z
sensor.meross_temperature_soggiorno,19.9,2026-02-03T19:00:00.000Z
sensor.meross_temperature_soggiorno,20.471747388361113,2026-02-03T20:00:00.000Z
sensor.meross_temperature_soggiorno,20.912118904416666,2026-02-03T21:00:00.000Z
sensor.meross_temperature_soggiorno,20.48070599661111,2026-02-03T22:00:00.000Z
sensor.meross_temperature_soggiorno,20.106277814,2026-02-03T23:00:00.000Z
sensor.meross_temperature_soggiorno,19.954203010833332,2026-02-04T00:00:00.000Z
sensor.meross_temperature_soggiorno,19.787842151416665,2026-02-04T01:00:00.000Z
sensor.meross_temperature_soggiorno,19.608183868500003,2026-02-04T02:00:00.000Z
sensor.meross_temperature_soggiorno,19.5,2026-02-04T03:00:00.000Z
sensor.meross_temperature_soggiorno,19.372316181055556,2026-02-04T04:00:00.000Z
sensor.meross_temperature_soggiorno,19.29947953438889,2026-02-04T05:00:00.000Z
sensor.meross_temperature_soggiorno,19.928517546444443,2026-02-04T06:00:00.000Z
sensor.meross_temperature_soggiorno,20.322006662444444,2026-02-04T07:00:00.000Z
sensor.meross_temperature_soggiorno,20.105527319777778,2026-02-04T08:00:00.000Z
sensor.meross_temperature_soggiorno,19.955949398,2026-02-04T09:00:00.000Z
sensor.meross_temperature_soggiorno,19.997961820472224,2026-02-04T10:00:00.000Z
sensor.meross_temperature_soggiorno,19.982198347083333,2026-02-04T11:00:00.000Z
sensor.meross_temperature_soggiorno,20.03491268852778,2026-02-04T12:00:00.000Z
sensor.meross_temperature_soggiorno,19.92170899525,2026-02-04T13:00:00.000Z
sensor.meross_temperature_soggiorno,20.21020717661111,2026-02-04T14:00:00.000Z
sensor.meross_temperature_soggiorno,20,2026-02-04T15:00:00.000Z
sensor.meross_temperature_soggiorno,19.944762446305557,2026-02-04T16:00:00.000Z
sensor.meross_temperature_soggiorno,19.8,2026-02-04T17:00:00.000Z
sensor.meross_temperature_soggiorno,19.875421994777778,2026-02-04T18:00:00.000Z
sensor.meross_temperature_soggiorno,20.162148548833333,2026-02-04T19:00:00.000Z
sensor.meross_temperature_soggiorno,19.909805551305556,2026-02-04T20:00:00.000Z
sensor.meross_temperature_soggiorno,20.081010135916667,2026-02-04T21:00:00.000Z
sensor.meross_temperature_soggiorno,20.134593172611112,2026-02-04T22:00:00.000Z
sensor.meross_temperature_soggiorno,19.948670343527777,2026-02-04T23:00:00.000Z
sensor.meross_temperature_soggiorno,19.78586809275,2026-02-05T00:00:00.000Z
sensor.meross_temperature_soggiorno,19.595844668111113,2026-02-05T01:00:00.000Z
sensor.meross_temperature_soggiorno,19.5,2026-02-05T02:00:00.000Z
sensor.meross_temperature_soggiorno,19.431170113777778,2026-02-05T03:00:00.000Z
sensor.meross_temperature_soggiorno,19.291461605888887,2026-02-05T04:00:00.000Z
sensor.meross_temperature_soggiorno,19.250241524555555,2026-02-05T05:00:00.000Z
sensor.meross_temperature_soggiorno,19.911312811972223,2026-02-05T06:00:00.000Z
sensor.meross_temperature_soggiorno,20.288441744944446,2026-02-05T07:00:00.000Z
sensor.meross_temperature_soggiorno,20.09896762138889,2026-02-05T08:00:00.000Z
sensor.meross_temperature_soggiorno,20.00604450388889,2026-02-05T09:00:00.000Z
sensor.meross_temperature_soggiorno,19.985594761015292,2026-02-05T10:00:00.000Z
sensor.meross_temperature_soggiorno,19.800133549694447,2026-02-05T11:00:00.000Z
sensor.meross_temperature_soggiorno,19.950698159027777,2026-02-05T12:00:00.000Z
sensor.meross_temperature_soggiorno,20,2026-02-05T13:00:00.000Z
sensor.meross_temperature_soggiorno,20,2026-02-05T14:00:00.000Z
sensor.meross_temperature_soggiorno,19.962638739611112,2026-02-05T15:00:00.000Z
sensor.meross_temperature_soggiorno,19.839438733916666,2026-02-05T16:00:00.000Z
sensor.meross_temperature_soggiorno,19.871396408166664,2026-02-05T17:00:00.000Z
sensor.meross_temperature_soggiorno,19.84928314144444,2026-02-05T18:00:00.000Z
sensor.meross_temperature_soggiorno,19.86554806775,2026-02-05T19:00:00.000Z
sensor.meross_temperature_soggiorno,20.246939194194443,2026-02-05T20:00:00.000Z
sensor.meross_temperature_soggiorno,19.972315611027778,2026-02-05T21:00:00.000Z
sensor.meross_temperature_soggiorno,19.83958594602778,2026-02-05T22:00:00.000Z
sensor.meross_temperature_soggiorno,19.77126366722222,2026-02-05T23:00:00.000Z
sensor.meross_temperature_soggiorno,19.62199383975,2026-02-06T00:00:00.000Z
sensor.meross_temperature_soggiorno,19.5,2026-02-06T01:00:00.000Z
sensor.meross_temperature_soggiorno,19.40755325661111,2026-02-06T02:00:00.000Z
sensor.meross_temperature_soggiorno,19.302968559583334,2026-02-06T03:00:00.000Z
sensor.meross_temperature_soggiorno,19.2,2026-02-06T04:00:00.000Z
sensor.meross_temperature_soggiorno,19.167487905722222,2026-02-06T05:00:00.000Z
sensor.meross_temperature_soggiorno,19.893794923083334,2026-02-06T06:00:00.000Z
sensor.meross_temperature_soggiorno,20.327106722055557,2026-02-06T07:00:00.000Z
sensor.meross_temperature_soggiorno,20.1691485345,2026-02-06T08:00:00.000Z
sensor.meross_temperature_soggiorno,19.83651438558333,2026-02-06T09:00:00.000Z
sensor.meross_temperature_soggiorno,19.78482010047222,2026-02-06T10:00:00.000Z
sensor.meross_temperature_soggiorno,20.246078962888888,2026-02-06T11:00:00.000Z
sensor.meross_temperature_soggiorno,20.1,2026-02-06T12:00:00.000Z
sensor.meross_temperature_soggiorno,20.1,2026-02-06T13:00:00.000Z
sensor.meross_temperature_soggiorno,20.072528016777778,2026-02-06T14:00:00.000Z
sensor.meross_temperature_soggiorno,20,2026-02-06T15:00:00.000Z
sensor.meross_temperature_soggiorno,19.915346125583334,2026-02-06T16:00:00.000Z
sensor.meross_temperature_soggiorno,19.9,2026-02-06T17:00:00.000Z
sensor.meross_temperature_soggiorno,19.9,2026-02-06T18:00:00.000Z
sensor.meross_temperature_soggiorno,19.889564822027776,2026-02-06T21:00:00.000Z
sensor.meross_temperature_soggiorno,19.9,2026-02-07T06:00:00.000Z
sensor.meross_temperature_soggiorno,20.45098322011111,2026-02-07T07:00:00.000Z
sensor.meross_temperature_soggiorno,20.932204306916667,2026-02-07T08:00:00.000Z
sensor.meross_temperature_soggiorno,20.54447607180556,2026-02-07T09:00:00.000Z
sensor.meross_temperature_soggiorno,21.066394505944444,2026-02-07T10:00:00.000Z
sensor.meross_temperature_soggiorno,21.420453163305556,2026-02-07T11:00:00.000Z
sensor.meross_temperature_soggiorno,21.801806773166664,2026-02-07T12:00:00.000Z
sensor.meross_temperature_soggiorno,22.05027922316667,2026-02-07T13:00:00.000Z
sensor.meross_temperature_soggiorno,22.045974192583333,2026-02-07T14:00:00.000Z
sensor.meross_temperature_soggiorno,21.53888992513889,2026-02-07T15:00:00.000Z
sensor.meross_temperature_soggiorno,21.247756909638888,2026-02-07T16:00:00.000Z
sensor.meross_temperature_soggiorno,20.60167325207435,2026-02-07T17:00:00.000Z
sensor.meross_temperature_soggiorno,20.664769300694445,2026-02-07T18:00:00.000Z
sensor.meross_temperature_soggiorno,20.475744852555554,2026-02-07T19:00:00.000Z
sensor.meross_temperature_soggiorno,20.308703108333333,2026-02-07T20:00:00.000Z
sensor.meross_temperature_soggiorno,20.2,2026-02-07T21:00:00.000Z
sensor.meross_temperature_soggiorno,20.12143349202778,2026-02-07T22:00:00.000Z
sensor.meross_temperature_soggiorno,20,2026-02-07T23:00:00.000Z
sensor.meross_temperature_soggiorno,19.92421712261111,2026-02-08T00:00:00.000Z
sensor.meross_temperature_soggiorno,19.77005602838889,2026-02-08T01:00:00.000Z
sensor.meross_temperature_soggiorno,19.608327285305556,2026-02-08T02:00:00.000Z
sensor.meross_temperature_soggiorno,19.5,2026-02-08T03:00:00.000Z
sensor.meross_temperature_soggiorno,19.399634876194444,2026-02-08T04:00:00.000Z
sensor.meross_temperature_soggiorno,19.317435054694446,2026-02-08T05:00:00.000Z
sensor.meross_temperature_soggiorno,19.829799380388888,2026-02-08T06:00:00.000Z
sensor.meross_temperature_soggiorno,19.9,2026-02-08T07:00:00.000Z
sensor.meross_temperature_soggiorno,20.019416871083333,2026-02-08T08:00:00.000Z
sensor.meross_temperature_soggiorno,20.19287556263889,2026-02-08T09:00:00.000Z
sensor.meross_temperature_soggiorno,19.831242447416667,2026-02-08T10:00:00.000Z
sensor.meross_temperature_soggiorno,20.291869579555556,2026-02-08T11:00:00.000Z
sensor.meross_temperature_soggiorno,20.765319225833334,2026-02-08T12:00:00.000Z
sensor.meross_temperature_soggiorno,21.25741015686111,2026-02-08T13:00:00.000Z
sensor.meross_temperature_soggiorno,21.539905212833332,2026-02-08T14:00:00.000Z
sensor.meross_temperature_soggiorno,21.694803077722224,2026-02-08T15:00:00.000Z
sensor.meross_temperature_soggiorno,21.777049160444445,2026-02-08T16:00:00.000Z
sensor.meross_temperature_soggiorno,21.560619104972222,2026-02-08T17:00:00.000Z
sensor.meross_temperature_soggiorno,21.078728784194443,2026-02-08T18:00:00.000Z
sensor.meross_temperature_soggiorno,20.769862969972223,2026-02-08T19:00:00.000Z
sensor.meross_temperature_soggiorno,20.510353117833333,2026-02-08T20:00:00.000Z
sensor.meross_temperature_soggiorno,20.251983118027777,2026-02-08T21:00:00.000Z
sensor.meross_temperature_soggiorno,20.017873679805557,2026-02-08T22:00:00.000Z
sensor.meross_temperature_soggiorno,19.964639077305556,2026-02-08T23:00:00.000Z
sensor.meross_temperature_soggiorno,19.8245374525,2026-02-09T00:00:00.000Z
sensor.meross_temperature_soggiorno,19.61288755525,2026-02-09T01:00:00.000Z
sensor.meross_temperature_soggiorno,19.44808109661111,2026-02-09T02:00:00.000Z
sensor.meross_temperature_soggiorno,19.267158086,2026-02-09T03:00:00.000Z
sensor.meross_temperature_soggiorno,19.133656600833334,2026-02-09T04:00:00.000Z
sensor.meross_temperature_soggiorno,19.0523385825,2026-02-09T05:00:00.000Z
sensor.meross_temperature_soggiorno,19.643693775388886,2026-02-09T06:00:00.000Z
sensor.meross_temperature_soggiorno,19.818625243444444,2026-02-09T07:00:00.000Z
sensor.meross_temperature_soggiorno,19.9,2026-02-09T08:00:00.000Z
sensor.meross_temperature_soggiorno,19.9,2026-02-09T09:00:00.000Z
sensor.meross_temperature_soggiorno,19.920176931249998,2026-02-09T11:00:00.000Z
sensor.meross_temperature_soggiorno,20.089334605333335,2026-02-09T12:00:00.000Z
sensor.meross_temperature_soggiorno,20.01156076422222,2026-02-09T13:00:00.000Z
sensor.meross_temperature_soggiorno,20.04548587,2026-02-09T14:00:00.000Z
sensor.meross_temperature_soggiorno,20.010586911666667,2026-02-09T15:00:00.000Z
sensor.meross_temperature_soggiorno,20,2026-02-09T16:00:00.000Z
sensor.meross_temperature_soggiorno,20.01758599872222,2026-02-09T17:00:00.000Z
sensor.meross_temperature_soggiorno,20.122854449305557,2026-02-09T18:00:00.000Z
sensor.meross_temperature_soggiorno,20.197192259694443,2026-02-09T19:00:00.000Z
sensor.meross_temperature_soggiorno,20.17945121916667,2026-02-09T20:00:00.000Z
sensor.meross_temperature_soggiorno,19.737433572333334,2026-02-09T21:00:00.000Z
sensor.meross_temperature_soggiorno,19.343920557111108,2026-02-09T22:00:00.000Z
sensor.meross_temperature_soggiorno,19.11013149286111,2026-02-09T23:00:00.000Z
sensor.meross_temperature_soggiorno,18.854072702083332,2026-02-10T00:00:00.000Z
sensor.meross_temperature_soggiorno,18.614443126111112,2026-02-10T01:00:00.000Z
sensor.meross_temperature_soggiorno,18.5,2026-02-10T02:00:00.000Z
sensor.meross_temperature_soggiorno,18.429049485555556,2026-02-10T03:00:00.000Z
sensor.meross_temperature_soggiorno,18.32438188361111,2026-02-10T04:00:00.000Z
sensor.meross_temperature_soggiorno,18.28979497483333,2026-02-10T05:00:00.000Z
sensor.meross_temperature_soggiorno,18.883142779249997,2026-02-10T06:00:00.000Z
sensor.meross_temperature_soggiorno,19.149419538055557,2026-02-10T07:00:00.000Z
sensor.meross_temperature_soggiorno,19.33544529025,2026-02-10T08:00:00.000Z
sensor.meross_temperature_soggiorno,19.483316165583332,2026-02-10T09:00:00.000Z
sensor.meross_temperature_soggiorno,19.781042344638887,2026-02-10T10:00:00.000Z
sensor.meross_temperature_soggiorno,20.025828827444446,2026-02-10T11:00:00.000Z
sensor.meross_temperature_soggiorno,20.145946635833333,2026-02-10T12:00:00.000Z
sensor.meross_temperature_soggiorno,19.879724951444445,2026-02-10T13:00:00.000Z
sensor.meross_temperature_soggiorno,20.182127668,2026-02-10T14:00:00.000Z
sensor.meross_temperature_soggiorno,19.931035725916665,2026-02-10T15:00:00.000Z
sensor.meross_temperature_soggiorno,19.98401409675,2026-02-10T16:00:00.000Z
sensor.meross_temperature_soggiorno,20.28912427813889,2026-02-10T17:00:00.000Z
sensor.meross_temperature_soggiorno,20.497200995694445,2026-02-10T18:00:00.000Z
sensor.meross_temperature_soggiorno,21.14331238522222,2026-02-10T19:00:00.000Z
sensor.meross_temperature_soggiorno,21.780614240749998,2026-02-10T20:00:00.000Z
sensor.meross_temperature_soggiorno,22.022005376055557,2026-02-10T21:00:00.000Z
sensor.meross_temperature_soggiorno,21.606010363166664,2026-02-10T22:00:00.000Z
sensor.meross_temperature_soggiorno,21.178864485555554,2026-02-10T23:00:00.000Z
sensor.meross_temperature_soggiorno,20.881994956916667,2026-02-11T00:00:00.000Z
sensor.meross_temperature_soggiorno,20.568301231944446,2026-02-11T01:00:00.000Z
sensor.meross_temperature_soggiorno,20.303081358555556,2026-02-11T02:00:00.000Z
sensor.meross_temperature_soggiorno,20.076908995666667,2026-02-11T03:00:00.000Z
sensor.meross_temperature_soggiorno,19.98098141138889,2026-02-11T04:00:00.000Z
sensor.meross_temperature_soggiorno,19.898272176555555,2026-02-11T05:00:00.000Z
sensor.meross_temperature_soggiorno,20.58076362488889,2026-02-11T06:00:00.000Z
sensor.meross_temperature_soggiorno,20.96325997811111,2026-02-11T07:00:00.000Z
sensor.meross_temperature_soggiorno,20.767277021027777,2026-02-11T08:00:00.000Z
sensor.meross_temperature_soggiorno,20.149974507305554,2026-02-11T09:00:00.000Z
sensor.meross_temperature_soggiorno,20.09476946963889,2026-02-11T10:00:00.000Z
sensor.meross_temperature_soggiorno,20,2026-02-11T11:00:00.000Z
sensor.meross_temperature_soggiorno,20,2026-02-11T12:00:00.000Z
sensor.meross_temperature_soggiorno,19.979772653805554,2026-02-11T17:00:00.000Z
sensor.meross_temperature_soggiorno,19.9,2026-02-11T18:00:00.000Z
sensor.meross_temperature_soggiorno,19.90655414197222,2026-02-11T19:00:00.000Z
sensor.meross_temperature_soggiorno,20,2026-02-11T20:00:00.000Z
sensor.meross_temperature_soggiorno,19.901399712388887,2026-02-11T21:00:00.000Z
sensor.meross_temperature_soggiorno,19.9,2026-02-11T22:00:00.000Z
sensor.meross_temperature_soggiorno,19.823965391972223,2026-02-11T23:00:00.000Z
sensor.meross_temperature_soggiorno,19.646521062361114,2026-02-12T00:00:00.000Z
sensor.meross_temperature_soggiorno,19.52445992563889,2026-02-12T01:00:00.000Z
sensor.meross_temperature_soggiorno,19.5,2026-02-12T02:00:00.000Z
sensor.meross_temperature_soggiorno,19.413071223916663,2026-02-12T03:00:00.000Z
sensor.meross_temperature_soggiorno,19.308403693861113,2026-02-12T04:00:00.000Z
sensor.meross_temperature_soggiorno,19.301066576027775,2026-02-12T05:00:00.000Z
sensor.meross_temperature_soggiorno,19.99664037638889,2026-02-12T06:00:00.000Z
sensor.meross_temperature_soggiorno,20.534041611694445,2026-02-12T07:00:00.000Z
sensor.meross_temperature_soggiorno,20.342884048888887,2026-02-12T08:00:00.000Z
sensor.meross_temperature_soggiorno,19.947642315,2026-02-12T09:00:00.000Z
sensor.meross_temperature_soggiorno,19.890628012138887,2026-02-12T10:00:00.000Z
sensor.meross_temperature_soggiorno,19.8,2026-02-12T11:00:00.000Z
sensor.meross_temperature_soggiorno,19.8,2026-02-12T12:00:00.000Z
sensor.meross_temperature_soggiorno,19.84696231166667,2026-02-12T13:00:00.000Z
sensor.meross_temperature_soggiorno,19.83714540088889,2026-02-12T14:00:00.000Z
sensor.meross_temperature_soggiorno,20.142391098416667,2026-02-12T15:00:00.000Z
sensor.meross_temperature_soggiorno,20.08608360877778,2026-02-12T16:00:00.000Z
sensor.meross_temperature_soggiorno,19.98063370638889,2026-02-12T17:00:00.000Z
sensor.meross_temperature_soggiorno,19.9,2026-02-12T18:00:00.000Z
sensor.meross_temperature_soggiorno,19.9,2026-02-12T19:00:00.000Z
sensor.meross_temperature_soggiorno,19.82390180988889,2026-02-12T23:00:00.000Z
sensor.meross_temperature_soggiorno,19.637811032055556,2026-02-13T00:00:00.000Z
sensor.meross_temperature_soggiorno,19.5,2026-02-13T01:00:00.000Z
sensor.meross_temperature_soggiorno,19.421598444194444,2026-02-13T02:00:00.000Z
sensor.meross_temperature_soggiorno,19.289954731194445,2026-02-13T03:00:00.000Z
sensor.meross_temperature_soggiorno,19.159945315944444,2026-02-13T04:00:00.000Z
sensor.meross_temperature_soggiorno,19.129574421555557,2026-02-13T05:00:00.000Z
sensor.meross_temperature_soggiorno,19.80008125247222,2026-02-13T06:00:00.000Z
sensor.meross_temperature_soggiorno,20.204894307333333,2026-02-13T07:00:00.000Z
sensor.meross_temperature_soggiorno,20.053207027027778,2026-02-13T08:00:00.000Z
sensor.meross_temperature_soggiorno,19.874515931833333,2026-02-13T09:00:00.000Z
sensor.meross_temperature_soggiorno,20,2026-02-13T10:00:00.000Z
sensor.meross_temperature_soggiorno,20,2026-02-13T11:00:00.000Z
sensor.meross_temperature_soggiorno,20.114422707305554,2026-02-13T12:00:00.000Z
sensor.meross_temperature_soggiorno,20.274769938027777,2026-02-13T13:00:00.000Z
sensor.meross_temperature_soggiorno,20.252979567222223,2026-02-13T14:00:00.000Z
sensor.meross_temperature_soggiorno,20.142700186305557,2026-02-13T15:00:00.000Z
sensor.meross_temperature_soggiorno,20.024029226805556,2026-02-13T16:00:00.000Z
sensor.meross_temperature_soggiorno,20,2026-02-13T17:00:00.000Z
sensor.meross_temperature_soggiorno,19.86855849088889,2026-02-13T18:00:00.000Z
sensor.meross_temperature_soggiorno,20.5037912925,2026-02-13T19:00:00.000Z
sensor.meross_temperature_soggiorno,20.27874191525,2026-02-13T20:00:00.000Z
sensor.meross_temperature_soggiorno,20.22092672461111,2026-02-13T21:00:00.000Z
sensor.meross_temperature_soggiorno,20.1053968935,2026-02-13T22:00:00.000Z
sensor.meross_temperature_soggiorno,19.950852170527778,2026-02-13T23:00:00.000Z
sensor.meross_temperature_soggiorno,19.797955175166667,2026-02-14T00:00:00.000Z
sensor.meross_temperature_soggiorno,19.64149077027778,2026-02-14T01:00:00.000Z
sensor.meross_temperature_soggiorno,19.52337528711111,2026-02-14T02:00:00.000Z
sensor.meross_temperature_soggiorno,19.490924382666666,2026-02-14T03:00:00.000Z
sensor.meross_temperature_soggiorno,19.4,2026-02-14T04:00:00.000Z
sensor.meross_temperature_soggiorno,19.344632131388888,2026-02-14T05:00:00.000Z
sensor.meross_temperature_soggiorno,19.907157916944445,2026-02-14T06:00:00.000Z
sensor.meross_temperature_soggiorno,20.072070867361113,2026-02-14T07:00:00.000Z
sensor.meross_temperature_soggiorno,20.165251101666666,2026-02-14T08:00:00.000Z
sensor.meross_temperature_soggiorno,20.419868833111114,2026-02-14T09:00:00.000Z
sensor.meross_temperature_soggiorno,21.01990320036111,2026-02-14T10:00:00.000Z
sensor.meross_temperature_soggiorno,21.43708921038889,2026-02-14T11:00:00.000Z
sensor.meross_temperature_soggiorno,21.716961776083334,2026-02-14T12:00:00.000Z
sensor.meross_temperature_soggiorno,21.814004846999996,2026-02-14T13:00:00.000Z
sensor.meross_temperature_soggiorno,22.046935712694445,2026-02-14T14:00:00.000Z
sensor.meross_temperature_soggiorno,22.279394831055555,2026-02-14T15:00:00.000Z
sensor.meross_temperature_soggiorno,22.72628886588889,2026-02-14T16:00:00.000Z
sensor.meross_temperature_soggiorno,22.944208073583336,2026-02-14T17:00:00.000Z
sensor.meross_temperature_soggiorno,22.964545103666666,2026-02-14T18:00:00.000Z
sensor.meross_temperature_soggiorno,23.038587333305557,2026-02-14T19:00:00.000Z
sensor.meross_temperature_soggiorno,22.259028257249998,2026-02-14T20:00:00.000Z
sensor.meross_temperature_soggiorno,21.78562778563889,2026-02-14T21:00:00.000Z
sensor.meross_temperature_soggiorno,21.546636864638888,2026-02-14T22:00:00.000Z
sensor.meross_temperature_soggiorno,21.312288423777776,2026-02-14T23:00:00.000Z
sensor.meross_temperature_soggiorno,21.00390950508333,2026-02-15T00:00:00.000Z
sensor.meross_temperature_soggiorno,20.796134192166665,2026-02-15T01:00:00.000Z
sensor.meross_temperature_soggiorno,20.572336530250002,2026-02-15T02:00:00.000Z
sensor.meross_temperature_soggiorno,20.349653939499998,2026-02-15T03:00:00.000Z
sensor.meross_temperature_soggiorno,20.146305795805556,2026-02-15T04:00:00.000Z
sensor.meross_temperature_soggiorno,20.051356016222222,2026-02-15T05:00:00.000Z
sensor.meross_temperature_soggiorno,20.67100328072222,2026-02-15T06:00:00.000Z
sensor.meross_temperature_soggiorno,20.8,2026-02-15T07:00:00.000Z
sensor.meross_temperature_soggiorno,20.3937538445,2026-02-15T08:00:00.000Z
sensor.meross_temperature_soggiorno,20.771537279,2026-02-15T09:00:00.000Z
sensor.meross_temperature_soggiorno,21.415837037,2026-02-15T10:00:00.000Z
sensor.meross_temperature_soggiorno,21.88375512611111,2026-02-15T11:00:00.000Z
sensor.meross_temperature_soggiorno,22.333766099861112,2026-02-15T12:00:00.000Z
sensor.meross_temperature_soggiorno,22.520027347944445,2026-02-15T13:00:00.000Z
sensor.meross_temperature_soggiorno,22.57115741713889,2026-02-15T14:00:00.000Z
sensor.meross_temperature_soggiorno,22.866959543638888,2026-02-15T15:00:00.000Z
sensor.meross_temperature_soggiorno,22.56254963266667,2026-02-15T16:00:00.000Z
sensor.meross_temperature_soggiorno,22.013211994569833,2026-02-15T17:00:00.000Z
sensor.meross_temperature_soggiorno,21.629930208138887,2026-02-15T18:00:00.000Z
sensor.meross_temperature_soggiorno,21.398534412583334,2026-02-15T19:00:00.000Z
sensor.meross_temperature_soggiorno,21.22837951986111,2026-02-15T20:00:00.000Z
sensor.meross_temperature_soggiorno,21.025873394277777,2026-02-15T21:00:00.000Z
sensor.meross_temperature_soggiorno,20.932939272027777,2026-02-15T22:00:00.000Z
sensor.meross_temperature_soggiorno,20.66504707211111,2026-02-15T23:00:00.000Z
sensor.meross_temperature_soggiorno,20.44000247936111,2026-02-16T00:00:00.000Z
sensor.meross_temperature_soggiorno,20.251330318,2026-02-16T01:00:00.000Z
sensor.meross_temperature_soggiorno,20.05403722713889,2026-02-16T02:00:00.000Z
sensor.meross_temperature_soggiorno,19.950998957055557,2026-02-16T03:00:00.000Z
sensor.meross_temperature_soggiorno,19.8407192705,2026-02-16T04:00:00.000Z
sensor.meross_temperature_soggiorno,19.746124619361108,2026-02-16T05:00:00.000Z
sensor.meross_temperature_soggiorno,20.249979180222223,2026-02-16T06:00:00.000Z
sensor.meross_temperature_soggiorno,20.48661685158333,2026-02-16T07:00:00.000Z
sensor.meross_temperature_soggiorno,20.11070791811111,2026-02-16T08:00:00.000Z
sensor.meross_temperature_soggiorno,19.96244360658333,2026-02-16T09:00:00.000Z
sensor.meross_temperature_soggiorno,19.98931664722222,2026-02-16T10:00:00.000Z
sensor.meross_temperature_soggiorno,19.949811209055557,2026-02-16T11:00:00.000Z
sensor.meross_temperature_soggiorno,20.21176201675,2026-02-16T12:00:00.000Z
sensor.meross_temperature_soggiorno,19.859687132555553,2026-02-16T13:00:00.000Z
sensor.meross_temperature_soggiorno,20.096229369499998,2026-02-16T14:00:00.000Z
sensor.meross_temperature_soggiorno,19.90215141511111,2026-02-16T15:00:00.000Z
sensor.meross_temperature_soggiorno,20.058684695527777,2026-02-16T16:00:00.000Z
sensor.meross_temperature_soggiorno,20.15707749597222,2026-02-16T17:00:00.000Z
sensor.meross_temperature_soggiorno,19.842284183,2026-02-16T18:00:00.000Z
sensor.meross_temperature_soggiorno,20.308233656777777,2026-02-16T19:00:00.000Z
sensor.meross_temperature_soggiorno,20.369157543472223,2026-02-16T20:00:00.000Z
sensor.meross_temperature_soggiorno,20.279075943472222,2026-02-16T21:00:00.000Z
sensor.meross_temperature_soggiorno,19.926984462194344,2026-02-16T22:00:00.000Z
sensor.meross_temperature_soggiorno,19.651289962,2026-02-16T23:00:00.000Z
sensor.meross_temperature_soggiorno,19.467502193416667,2026-02-17T00:00:00.000Z
sensor.meross_temperature_soggiorno,19.28077160436111,2026-02-17T01:00:00.000Z
sensor.meross_temperature_soggiorno,19.100916962916667,2026-02-17T02:00:00.000Z
sensor.meross_temperature_soggiorno,18.993903243861112,2026-02-17T03:00:00.000Z
sensor.meross_temperature_soggiorno,18.869619894083332,2026-02-17T04:00:00.000Z
sensor.meross_temperature_soggiorno,18.818613635916666,2026-02-17T05:00:00.000Z
sensor.meross_temperature_soggiorno,19.391447816555555,2026-02-17T06:00:00.000Z
sensor.meross_temperature_soggiorno,19.716934524916667,2026-02-17T07:00:00.000Z
sensor.meross_temperature_soggiorno,19.912407246944444,2026-02-17T08:00:00.000Z
sensor.meross_temperature_soggiorno,20.174508863416666,2026-02-17T09:00:00.000Z
sensor.meross_temperature_soggiorno,19.452197949305553,2026-02-17T10:00:00.000Z
sensor.meross_temperature_soggiorno,18.313683697916666,2026-02-17T11:00:00.000Z
sensor.meross_temperature_soggiorno,20.34938689275,2026-02-17T12:00:00.000Z
sensor.meross_temperature_soggiorno,20.452150059027776,2026-02-17T13:00:00.000Z
sensor.meross_temperature_soggiorno,20.57827052130556,2026-02-17T14:00:00.000Z
sensor.meross_temperature_soggiorno,20.6,2026-02-17T15:00:00.000Z
sensor.meross_temperature_soggiorno,20.527345065972224,2026-02-17T16:00:00.000Z
sensor.meross_temperature_soggiorno,20.57096000236111,2026-02-17T17:00:00.000Z
sensor.meross_temperature_soggiorno,20.7636417965,2026-02-17T18:00:00.000Z
sensor.meross_temperature_soggiorno,21.31978996608333,2026-02-17T19:00:00.000Z
sensor.meross_temperature_soggiorno,21.537593200361112,2026-02-17T20:00:00.000Z
sensor.meross_temperature_soggiorno,21.447801837638888,2026-02-17T21:00:00.000Z
sensor.meross_temperature_soggiorno,20.956187571166666,2026-02-17T22:00:00.000Z
sensor.meross_temperature_soggiorno,20.62109987463889,2026-02-17T23:00:00.000Z
sensor.meross_temperature_soggiorno,20.34752651222222,2026-02-18T00:00:00.000Z
sensor.meross_temperature_soggiorno,20.094527887055555,2026-02-18T01:00:00.000Z
sensor.meross_temperature_soggiorno,19.922816245305555,2026-02-18T02:00:00.000Z
sensor.meross_temperature_soggiorno,19.690503268805557,2026-02-18T03:00:00.000Z
sensor.meross_temperature_soggiorno,19.518744719333334,2026-02-18T04:00:00.000Z
sensor.meross_temperature_soggiorno,19.443445395444442,2026-02-18T05:00:00.000Z
sensor.meross_temperature_soggiorno,19.93243229061111,2026-02-18T06:00:00.000Z
sensor.meross_temperature_soggiorno,20.131348976861112,2026-02-18T07:00:00.000Z
sensor.meross_temperature_soggiorno,20.20964500922222,2026-02-18T08:00:00.000Z
sensor.meross_temperature_soggiorno,20.060365773333334,2026-02-18T09:00:00.000Z
sensor.meross_temperature_soggiorno,19.9,2026-02-18T10:00:00.000Z
sensor.meross_temperature_soggiorno,19.9,2026-02-18T11:00:00.000Z
sensor.meross_temperature_soggiorno,19.99705686911111,2026-02-18T12:00:00.000Z
sensor.meross_temperature_soggiorno,20.153854723694444,2026-02-18T13:00:00.000Z
sensor.meross_temperature_soggiorno,20.2,2026-02-18T14:00:00.000Z
sensor.meross_temperature_soggiorno,20.123977658305556,2026-02-18T15:00:00.000Z
sensor.meross_temperature_soggiorno,20,2026-02-18T16:00:00.000Z
sensor.meross_temperature_soggiorno,20.17460489488889,2026-02-18T17:00:00.000Z
sensor.meross_temperature_soggiorno,20.865985061527777,2026-02-18T18:00:00.000Z
sensor.meross_temperature_soggiorno,21.158073410055554,2026-02-18T19:00:00.000Z
sensor.meross_temperature_soggiorno,20.874920384055553,2026-02-18T20:00:00.000Z
sensor.meross_temperature_soggiorno,20.64040938966667,2026-02-18T21:00:00.000Z
sensor.meross_temperature_soggiorno,20.45988492075,2026-02-18T22:00:00.000Z
sensor.meross_temperature_soggiorno,20.17591772463889,2026-02-18T23:00:00.000Z
sensor.meross_temperature_soggiorno,20,2026-02-19T00:00:00.000Z
sensor.meross_temperature_soggiorno,19.883186211861112,2026-02-19T01:00:00.000Z
sensor.meross_temperature_soggiorno,19.757749921833334,2026-02-19T02:00:00.000Z
sensor.meross_temperature_soggiorno,19.644664058222222,2026-02-19T03:00:00.000Z
sensor.meross_temperature_soggiorno,19.506348624222223,2026-02-19T04:00:00.000Z
sensor.meross_temperature_soggiorno,19.483140364611113,2026-02-19T05:00:00.000Z
sensor.meross_temperature_soggiorno,20.014295342,2026-02-19T06:00:00.000Z
sensor.meross_temperature_soggiorno,20.202177100138886,2026-02-19T07:00:00.000Z
sensor.meross_temperature_soggiorno,20.02098228997222,2026-02-19T08:00:00.000Z
sensor.meross_temperature_soggiorno,20.07681669061111,2026-02-19T09:00:00.000Z
sensor.meross_temperature_soggiorno,19.853224505,2026-02-19T10:00:00.000Z
sensor.meross_temperature_soggiorno,20.162299259666668,2026-02-19T11:00:00.000Z
sensor.meross_temperature_soggiorno,19.84807156058333,2026-02-19T12:00:00.000Z
sensor.meross_temperature_soggiorno,20.056759526305555,2026-02-19T13:00:00.000Z
sensor.meross_temperature_soggiorno,19.95995725425,2026-02-19T14:00:00.000Z
sensor.meross_temperature_soggiorno,19.933894562194443,2026-02-19T15:00:00.000Z
sensor.meross_temperature_soggiorno,20.11760944752778,2026-02-19T16:00:00.000Z
sensor.meross_temperature_soggiorno,19.852824407055554,2026-02-19T17:00:00.000Z
sensor.meross_temperature_soggiorno,20.126620604833334,2026-02-19T18:00:00.000Z
sensor.meross_temperature_soggiorno,19.879248791805555,2026-02-19T19:00:00.000Z
sensor.meross_temperature_soggiorno,20.125501134083333,2026-02-19T20:00:00.000Z
sensor.meross_temperature_soggiorno,19.87129644,2026-02-19T21:00:00.000Z
sensor.meross_temperature_soggiorno,19.636439878722225,2026-02-19T22:00:00.000Z
sensor.meross_temperature_soggiorno,19.424444702916666,2026-02-19T23:00:00.000Z
sensor.meross_temperature_soggiorno,19.280922955,2026-02-20T00:00:00.000Z
sensor.meross_temperature_soggiorno,19.154861689333334,2026-02-20T01:00:00.000Z
sensor.meross_temperature_soggiorno,19.030577972083332,2026-02-20T02:00:00.000Z
sensor.meross_temperature_soggiorno,18.993931572250002,2026-02-20T03:00:00.000Z
sensor.meross_temperature_soggiorno,18.861228753805555,2026-02-20T04:00:00.000Z
sensor.meross_temperature_soggiorno,18.800804565583334,2026-02-20T05:00:00.000Z
sensor.meross_temperature_soggiorno,19.375660663083334,2026-02-20T06:00:00.000Z
sensor.meross_temperature_soggiorno,19.512842443666667,2026-02-20T07:00:00.000Z
sensor.meross_temperature_soggiorno,19.711290965444444,2026-02-20T08:00:00.000Z
sensor.meross_temperature_soggiorno,20.028211819944445,2026-02-20T09:00:00.000Z
sensor.meross_temperature_soggiorno,20.15578694838889,2026-02-20T10:00:00.000Z
sensor.meross_temperature_soggiorno,19.817868055416668,2026-02-20T11:00:00.000Z
sensor.meross_temperature_soggiorno,20.065291881194444,2026-02-20T12:00:00.000Z
sensor.meross_temperature_soggiorno,20.279935662611113,2026-02-20T13:00:00.000Z
sensor.meross_temperature_soggiorno,20.34953755725,2026-02-20T14:00:00.000Z
sensor.meross_temperature_soggiorno,20.393505437916666,2026-02-20T15:00:00.000Z
sensor.meross_temperature_soggiorno,20.242770269055555,2026-02-20T16:00:00.000Z
sensor.meross_temperature_soggiorno,20.105242451722223,2026-02-20T17:00:00.000Z
sensor.meross_temperature_soggiorno,20,2026-02-20T18:00:00.000Z
sensor.meross_temperature_soggiorno,20,2026-02-20T19:00:00.000Z
sensor.meross_temperature_soggiorno,19.908140375833334,2026-02-20T20:00:00.000Z
sensor.meross_temperature_soggiorno,19.97285122975,2026-02-20T21:00:00.000Z
sensor.meross_temperature_soggiorno,19.96200568738889,2026-02-20T22:00:00.000Z
sensor.meross_temperature_soggiorno,19.81673522813889,2026-02-20T23:00:00.000Z
sensor.meross_temperature_soggiorno,19.593813477666668,2026-02-21T00:00:00.000Z
sensor.meross_temperature_soggiorno,19.5,2026-02-21T01:00:00.000Z
sensor.meross_temperature_soggiorno,19.48071051263889,2026-02-21T02:00:00.000Z
sensor.meross_temperature_soggiorno,19.37472254788889,2026-02-21T03:00:00.000Z
sensor.meross_temperature_soggiorno,19.235835703722223,2026-02-21T04:00:00.000Z
sensor.meross_temperature_soggiorno,19.158883482305555,2026-02-21T05:00:00.000Z
sensor.meross_temperature_soggiorno,19.794518864305555,2026-02-21T06:00:00.000Z
sensor.meross_temperature_soggiorno,20.064072947611113,2026-02-21T07:00:00.000Z
sensor.meross_temperature_soggiorno,20.128625424777777,2026-02-21T08:00:00.000Z
sensor.meross_temperature_soggiorno,19.87381391388889,2026-02-21T09:00:00.000Z
sensor.meross_temperature_soggiorno,20.747365847083334,2026-02-21T10:00:00.000Z
sensor.meross_temperature_soggiorno,21.389602709194445,2026-02-21T11:00:00.000Z
sensor.meross_temperature_soggiorno,21.882542987277777,2026-02-21T12:00:00.000Z
sensor.meross_temperature_soggiorno,22.17808731136111,2026-02-21T13:00:00.000Z
sensor.meross_temperature_soggiorno,22.432730866833335,2026-02-21T14:00:00.000Z
sensor.meross_temperature_soggiorno,22.543278613444443,2026-02-21T15:00:00.000Z
sensor.meross_temperature_soggiorno,22.664783472916668,2026-02-21T16:00:00.000Z
sensor.meross_temperature_soggiorno,22.7,2026-02-21T17:00:00.000Z
sensor.meross_temperature_soggiorno,22.71815497158333,2026-02-21T18:00:00.000Z
sensor.meross_temperature_soggiorno,22.892950329666665,2026-02-21T19:00:00.000Z
sensor.meross_temperature_soggiorno,22.899999999999995,2026-02-21T20:00:00.000Z
sensor.meross_temperature_soggiorno,22.899999999999995,2026-02-21T21:00:00.000Z
sensor.meross_temperature_soggiorno,22.785313986055556,2026-02-21T22:00:00.000Z
sensor.meross_temperature_soggiorno,22.086231141138885,2026-02-21T23:00:00.000Z
sensor.meross_temperature_soggiorno,21.54497963647222,2026-02-22T00:00:00.000Z
sensor.meross_temperature_soggiorno,21.174158848722225,2026-02-22T01:00:00.000Z
sensor.meross_temperature_soggiorno,20.934908758416665,2026-02-22T02:00:00.000Z
sensor.meross_temperature_soggiorno,20.661746060722223,2026-02-22T03:00:00.000Z
sensor.meross_temperature_soggiorno,20.391734077527776,2026-02-22T04:00:00.000Z
sensor.meross_temperature_soggiorno,20.231018860055553,2026-02-22T05:00:00.000Z
sensor.meross_temperature_soggiorno,20.878480732527777,2026-02-22T06:00:00.000Z
sensor.meross_temperature_soggiorno,21.138626036166666,2026-02-22T07:00:00.000Z
sensor.meross_temperature_soggiorno,20.97376672972222,2026-02-22T08:00:00.000Z
sensor.meross_temperature_soggiorno,20.7,2026-02-22T09:00:00.000Z
sensor.meross_temperature_soggiorno,20.820113518305558,2026-02-22T10:00:00.000Z
sensor.meross_temperature_soggiorno,20.919309346416664,2026-02-22T11:00:00.000Z
sensor.meross_temperature_soggiorno,21.012807549666665,2026-02-22T12:00:00.000Z
sensor.meross_temperature_soggiorno,21.047987306472223,2026-02-22T13:00:00.000Z
sensor.meross_temperature_soggiorno,21,2026-02-22T14:00:00.000Z
sensor.meross_temperature_soggiorno,21,2026-02-22T15:00:00.000Z
sensor.meross_temperature_soggiorno,20.920536297555554,2026-02-22T17:00:00.000Z
sensor.meross_temperature_soggiorno,21.205411956638887,2026-02-22T18:00:00.000Z
sensor.meross_temperature_soggiorno,21.72922343577778,2026-02-22T19:00:00.000Z
sensor.meross_temperature_soggiorno,21.93331721075,2026-02-22T20:00:00.000Z
sensor.meross_temperature_soggiorno,21.54713243822222,2026-02-22T21:00:00.000Z
sensor.meross_temperature_soggiorno,21.245405066222222,2026-02-22T22:00:00.000Z
sensor.meross_temperature_soggiorno,20.95224539786111,2026-02-22T23:00:00.000Z
sensor.meross_temperature_soggiorno,20.699112928,2026-02-23T00:00:00.000Z
sensor.meross_temperature_soggiorno,20.472165077472223,2026-02-23T01:00:00.000Z
sensor.meross_temperature_soggiorno,20.257156451916668,2026-02-23T02:00:00.000Z
sensor.meross_temperature_soggiorno,20.08219084497222,2026-02-23T03:00:00.000Z
sensor.meross_temperature_soggiorno,19.995527685083335,2026-02-23T04:00:00.000Z
sensor.meross_temperature_soggiorno,19.931611880972223,2026-02-23T05:00:00.000Z
sensor.meross_temperature_soggiorno,20.65440694175,2026-02-23T06:00:00.000Z
sensor.meross_temperature_soggiorno,20.947924932361108,2026-02-23T07:00:00.000Z
sensor.meross_temperature_soggiorno,20.742938254194446,2026-02-23T08:00:00.000Z
sensor.meross_temperature_soggiorno,20.4,2026-02-23T09:00:00.000Z
sensor.meross_temperature_soggiorno,20.479430356666665,2026-02-23T10:00:00.000Z
sensor.meross_temperature_soggiorno,20.52613597541667,2026-02-23T11:00:00.000Z
sensor.meross_temperature_soggiorno,20.6,2026-02-23T12:00:00.000Z
sensor.meross_temperature_soggiorno,20.61943670338889,2026-02-23T13:00:00.000Z
sensor.meross_temperature_soggiorno,20.7,2026-02-23T14:00:00.000Z
sensor.meross_temperature_soggiorno,20.60782626138889,2026-02-23T15:00:00.000Z
sensor.meross_temperature_soggiorno,20.545195584000002,2026-02-23T16:00:00.000Z
sensor.meross_temperature_soggiorno,20.460407164805556,2026-02-23T17:00:00.000Z
sensor.meross_temperature_soggiorno,20.5,2026-02-23T18:00:00.000Z
sensor.meross_temperature_soggiorno,20.85528956572222,2026-02-23T19:00:00.000Z
sensor.meross_temperature_soggiorno,21.588054091416666,2026-02-23T20:00:00.000Z
sensor.meross_temperature_soggiorno,21.872997664361108,2026-02-23T21:00:00.000Z
sensor.meross_temperature_soggiorno,21.638162807333334,2026-02-23T22:00:00.000Z
sensor.meross_temperature_soggiorno,21.23533367825,2026-02-23T23:00:00.000Z
sensor.meross_temperature_soggiorno,20.87890862647222,2026-02-24T00:00:00.000Z
sensor.meross_temperature_soggiorno,20.597750248555556,2026-02-24T01:00:00.000Z
sensor.meross_temperature_soggiorno,20.329847251555556,2026-02-24T02:00:00.000Z
sensor.meross_temperature_soggiorno,20.09597874527778,2026-02-24T03:00:00.000Z
sensor.meross_temperature_soggiorno,19.971164133694444,2026-02-24T04:00:00.000Z
sensor.meross_temperature_soggiorno,19.887121299555556,2026-02-24T05:00:00.000Z
sensor.meross_temperature_soggiorno,20.55431019586111,2026-02-24T06:00:00.000Z
sensor.meross_temperature_soggiorno,20.89195748986111,2026-02-24T07:00:00.000Z
sensor.meross_temperature_soggiorno,20.74742807152778,2026-02-24T08:00:00.000Z
sensor.meross_temperature_soggiorno,20.445305223138888,2026-02-24T09:00:00.000Z
sensor.meross_temperature_soggiorno,20.519407179111113,2026-02-24T10:00:00.000Z
sensor.meross_temperature_soggiorno,20.61323716988889,2026-02-24T11:00:00.000Z
sensor.meross_temperature_soggiorno,20.712318995166665,2026-02-24T12:00:00.000Z
sensor.meross_temperature_soggiorno,20.8,2026-02-24T13:00:00.000Z
sensor.meross_temperature_soggiorno,20.78493332788889,2026-02-24T14:00:00.000Z
sensor.meross_temperature_soggiorno,20.57397652636111,2026-02-24T15:00:00.000Z
sensor.meross_temperature_soggiorno,20.30851602336111,2026-02-24T16:00:00.000Z
sensor.meross_temperature_soggiorno,20.26662707280556,2026-02-24T17:00:00.000Z
sensor.meross_temperature_soggiorno,20.537352559916666,2026-02-24T18:00:00.000Z
sensor.meross_temperature_soggiorno,21.234339761194445,2026-02-24T19:00:00.000Z
sensor.meross_temperature_soggiorno,21.75006172794761,2026-02-24T20:00:00.000Z
sensor.meross_temperature_soggiorno,21.979322983111114,2026-02-24T21:00:00.000Z
sensor.meross_temperature_soggiorno,21.96261629430556,2026-02-24T22:00:00.000Z
sensor.meross_temperature_soggiorno,21.444097124333336,2026-02-24T23:00:00.000Z
sensor.meross_temperature_soggiorno,21.047365328972223,2026-02-25T00:00:00.000Z
sensor.meross_temperature_soggiorno,20.78349403127778,2026-02-25T01:00:00.000Z
sensor.meross_temperature_soggiorno,20.513021557111113,2026-02-25T02:00:00.000Z
sensor.meross_temperature_soggiorno,20.311634282416666,2026-02-25T03:00:00.000Z
sensor.meross_temperature_soggiorno,20.141300578944445,2026-02-25T04:00:00.000Z
sensor.meross_temperature_soggiorno,20.051968210694444,2026-02-25T05:00:00.000Z
sensor.meross_temperature_soggiorno,20.796995794333334,2026-02-25T06:00:00.000Z
sensor.meross_temperature_soggiorno,21.147016755777777,2026-02-25T07:00:00.000Z
sensor.meross_temperature_soggiorno,20.977724053055557,2026-02-25T08:00:00.000Z
sensor.meross_temperature_soggiorno,20.49728771711111,2026-02-25T09:00:00.000Z
sensor.meross_temperature_soggiorno,20.315077744444444,2026-02-25T10:00:00.000Z
sensor.meross_temperature_soggiorno,20.367165890777777,2026-02-25T11:00:00.000Z
sensor.meross_temperature_soggiorno,20.32813950763889,2026-02-25T12:00:00.000Z
sensor.meross_temperature_soggiorno,20.3,2026-02-25T13:00:00.000Z
sensor.meross_temperature_soggiorno,20.352824117777775,2026-02-25T14:00:00.000Z
sensor.meross_temperature_soggiorno,20.4,2026-02-25T15:00:00.000Z
sensor.meross_temperature_soggiorno,20.339564819083332,2026-02-25T16:00:00.000Z
sensor.meross_temperature_soggiorno,20.251680159583334,2026-02-25T17:00:00.000Z
sensor.meross_temperature_soggiorno,20.10561472938889,2026-02-25T18:00:00.000Z
sensor.meross_temperature_soggiorno,20.23084222575,2026-02-25T19:00:00.000Z
sensor.meross_temperature_soggiorno,20.108699309805555,2026-02-25T20:00:00.000Z
sensor.meross_temperature_soggiorno,20.111225896083337,2026-02-25T21:00:00.000Z
sensor.meross_temperature_soggiorno,19.961937108805554,2026-02-25T22:00:00.000Z
sensor.meross_temperature_soggiorno,20,2026-02-25T23:00:00.000Z
sensor.meross_temperature_soggiorno,19.967220835333332,2026-02-26T00:00:00.000Z
sensor.meross_temperature_soggiorno,19.816662289555556,2026-02-26T01:00:00.000Z
sensor.meross_temperature_soggiorno,19.652247056083336,2026-02-26T02:00:00.000Z
sensor.meross_temperature_soggiorno,19.532882086833336,2026-02-26T03:00:00.000Z
sensor.meross_temperature_soggiorno,19.485481177083333,2026-02-26T04:00:00.000Z
sensor.meross_temperature_soggiorno,19.435631682555556,2026-02-26T05:00:00.000Z
sensor.meross_temperature_soggiorno,20.057147078,2026-02-26T06:00:00.000Z
sensor.meross_temperature_soggiorno,20.453072502277777,2026-02-26T07:00:00.000Z
sensor.meross_temperature_soggiorno,20.30112805077778,2026-02-26T08:00:00.000Z
sensor.meross_temperature_soggiorno,20.018124645777778,2026-02-26T09:00:00.000Z
sensor.meross_temperature_soggiorno,20.10820328577778,2026-02-26T10:00:00.000Z
sensor.meross_temperature_soggiorno,20.215594229277777,2026-02-26T11:00:00.000Z
sensor.meross_temperature_soggiorno,20.34271162,2026-02-26T12:00:00.000Z
sensor.meross_temperature_soggiorno,20.44615574511111,2026-02-26T13:00:00.000Z
sensor.meross_temperature_soggiorno,20.5,2026-02-26T14:00:00.000Z
sensor.meross_temperature_soggiorno,20.5,2026-02-26T15:00:00.000Z
sensor.meross_temperature_soggiorno,20.437204034055554,2026-02-26T16:00:00.000Z
sensor.meross_temperature_soggiorno,20.512134812972224,2026-02-26T17:00:00.000Z
sensor.meross_temperature_soggiorno,20.5,2026-02-26T18:00:00.000Z
sensor.meross_temperature_soggiorno,20.92502025811111,2026-02-26T19:00:00.000Z
sensor.meross_temperature_soggiorno,21.518885487305553,2026-02-26T20:00:00.000Z
sensor.meross_temperature_soggiorno,21.876924744916664,2026-02-26T21:00:00.000Z
sensor.meross_temperature_soggiorno,21.50520760908333,2026-02-26T22:00:00.000Z
sensor.meross_temperature_soggiorno,21.11130968522222,2026-02-26T23:00:00.000Z
sensor.meross_temperature_soggiorno,20.86777031811111,2026-02-27T00:00:00.000Z
sensor.meross_temperature_soggiorno,20.589661530444445,2026-02-27T01:00:00.000Z
sensor.meross_temperature_soggiorno,20.37674097261111,2026-02-27T02:00:00.000Z
sensor.meross_temperature_soggiorno,20.203778553666666,2026-02-27T03:00:00.000Z
sensor.meross_temperature_soggiorno,20.0359971375,2026-02-27T04:00:00.000Z
sensor.meross_temperature_soggiorno,20.03327192563889,2026-02-27T05:00:00.000Z
sensor.meross_temperature_soggiorno,20.756322385166666,2026-02-27T06:00:00.000Z
sensor.meross_temperature_soggiorno,21.122862674388887,2026-02-27T07:00:00.000Z
sensor.meross_temperature_soggiorno,21.006879180055556,2026-02-27T08:00:00.000Z
sensor.meross_temperature_soggiorno,20.567956399194447,2026-02-27T09:00:00.000Z
sensor.meross_temperature_soggiorno,20.341304219972223,2026-02-27T10:00:00.000Z
sensor.meross_temperature_soggiorno,20.169183597305555,2026-02-27T11:00:00.000Z
sensor.meross_temperature_soggiorno,20.59517837488889,2026-02-27T12:00:00.000Z
sensor.meross_temperature_soggiorno,20.66074478133333,2026-02-27T13:00:00.000Z
sensor.meross_temperature_soggiorno,20.7,2026-02-27T14:00:00.000Z
sensor.meross_temperature_soggiorno,20.7,2026-02-27T15:00:00.000Z
sensor.meross_temperature_soggiorno,20.664507269416667,2026-02-27T16:00:00.000Z
sensor.meross_temperature_soggiorno,20.57755000413889,2026-02-27T17:00:00.000Z
sensor.meross_temperature_soggiorno,20.461573953,2026-02-27T18:00:00.000Z
sensor.meross_temperature_soggiorno,20.4,2026-02-27T19:00:00.000Z
sensor.meross_temperature_soggiorno,20.4,2026-02-27T20:00:00.000Z
sensor.meross_temperature_soggiorno,20.395447577666665,2026-02-27T22:00:00.000Z
sensor.meross_temperature_soggiorno,20.235709442333334,2026-02-27T23:00:00.000Z
sensor.meross_temperature_soggiorno,20.068000427388892,2026-02-28T00:00:00.000Z
sensor.meross_temperature_soggiorno,20,2026-02-28T01:00:00.000Z
sensor.meross_temperature_soggiorno,19.94693463522222,2026-02-28T02:00:00.000Z
sensor.meross_temperature_soggiorno,19.9,2026-02-28T03:00:00.000Z
sensor.meross_temperature_soggiorno,19.810482768194444,2026-02-28T04:00:00.000Z
sensor.meross_temperature_soggiorno,19.817859638861112,2026-02-28T05:00:00.000Z
sensor.meross_temperature_soggiorno,20.343115172583335,2026-02-28T06:00:00.000Z
sensor.meross_temperature_soggiorno,20.93673438847222,2026-02-28T07:00:00.000Z
sensor.meross_temperature_soggiorno,20.965688671166667,2026-02-28T08:00:00.000Z
sensor.meross_temperature_soggiorno,20.49011772272222,2026-02-28T09:00:00.000Z
sensor.meross_temperature_soggiorno,20.4,2026-02-28T10:00:00.000Z
sensor.meross_temperature_soggiorno,20.334916602638888,2026-02-28T11:00:00.000Z
sensor.meross_temperature_soggiorno,20.441508219444444,2026-02-28T12:00:00.000Z
sensor.meross_temperature_soggiorno,20.6,2026-02-28T13:00:00.000Z
sensor.meross_temperature_soggiorno,20.6,2026-02-28T14:00:00.000Z
sensor.meross_temperature_soggiorno,20.49902354958333,2026-02-28T16:00:00.000Z
sensor.meross_temperature_soggiorno,20.371297461861108,2026-02-28T17:00:00.000Z
sensor.meross_temperature_soggiorno,20.252598772555555,2026-02-28T18:00:00.000Z
sensor.meross_temperature_soggiorno,20.2,2026-02-28T19:00:00.000Z
sensor.meross_temperature_soggiorno,20.279185321,2026-02-28T20:00:00.000Z
sensor.meross_temperature_soggiorno,20.3,2026-02-28T21:00:00.000Z
sensor.meross_temperature_soggiorno,20.3,2026-02-28T22:00:00.000Z
sensor.meross_temperature_soggiorno,20.28422667825,2026-02-28T23:00:00.000Z
sensor.meross_temperature_soggiorno,20.0623697665,2026-03-01T00:00:00.000Z
sensor.meross_temperature_soggiorno,20,2026-03-01T01:00:00.000Z
sensor.meross_temperature_soggiorno,19.934466446583333,2026-03-01T02:00:00.000Z
sensor.meross_temperature_soggiorno,19.85500229722222,2026-03-01T03:00:00.000Z
sensor.meross_temperature_soggiorno,19.761560777083336,2026-03-01T04:00:00.000Z
sensor.meross_temperature_soggiorno,19.745514680027778,2026-03-01T05:00:00.000Z
sensor.meross_temperature_soggiorno,20.479034854194445,2026-03-01T06:00:00.000Z
sensor.meross_temperature_soggiorno,20.903938716305557,2026-03-01T07:00:00.000Z
sensor.meross_temperature_soggiorno,20.836849547277776,2026-03-01T08:00:00.000Z
sensor.meross_temperature_soggiorno,20.36981265225,2026-03-01T09:00:00.000Z
sensor.meross_temperature_soggiorno,20.20000024633333,2026-03-01T10:00:00.000Z
sensor.meross_temperature_soggiorno,20.2,2026-03-01T11:00:00.000Z
sensor.meross_temperature_soggiorno,19.993212501805555,2026-03-01T12:00:00.000Z
sensor.meross_temperature_soggiorno,20.508788496416667,2026-03-01T13:00:00.000Z
sensor.meross_temperature_soggiorno,20.328760121194446,2026-03-01T14:00:00.000Z
sensor.meross_temperature_soggiorno,20.25515751413889,2026-03-01T15:00:00.000Z
sensor.meross_temperature_soggiorno,20.45564457027778,2026-03-01T16:00:00.000Z
sensor.meross_temperature_soggiorno,21.232862960083335,2026-03-01T17:00:00.000Z
sensor.meross_temperature_soggiorno,21.850158358055555,2026-03-01T18:00:00.000Z
sensor.meross_temperature_soggiorno,22.200257631472223,2026-03-01T19:00:00.000Z
sensor.meross_temperature_soggiorno,22.336637275083334,2026-03-01T20:00:00.000Z
sensor.meross_temperature_soggiorno,22.44411076305555,2026-03-01T21:00:00.000Z
sensor.meross_temperature_soggiorno,22.019134006305553,2026-03-01T22:00:00.000Z
sensor.meross_temperature_soggiorno,21.60102328169444,2026-03-01T23:00:00.000Z
sensor.meross_temperature_soggiorno,21.344898609444442,2026-03-02T00:00:00.000Z
sensor.meross_temperature_soggiorno,21.077872057833336,2026-03-02T01:00:00.000Z
sensor.meross_temperature_soggiorno,20.94742542208333,2026-03-02T02:00:00.000Z
sensor.meross_temperature_soggiorno,20.76032084088889,2026-03-02T03:00:00.000Z
sensor.meross_temperature_soggiorno,20.590189692972224,2026-03-02T04:00:00.000Z
sensor.meross_temperature_soggiorno,20.531110031972222,2026-03-02T05:00:00.000Z
sensor.meross_temperature_soggiorno,21.156088842027778,2026-03-02T06:00:00.000Z
sensor.meross_temperature_soggiorno,20.97731568377778,2026-03-02T07:00:00.000Z
sensor.meross_temperature_soggiorno,20.808677022277777,2026-03-02T08:00:00.000Z
sensor.meross_temperature_soggiorno,20.685861444972222,2026-03-02T09:00:00.000Z
sensor.meross_temperature_soggiorno,20.552747365277778,2026-03-02T10:00:00.000Z
sensor.meross_temperature_soggiorno,20.454137934749998,2026-03-02T11:00:00.000Z
sensor.meross_temperature_soggiorno,20.37750739383333,2026-03-02T12:00:00.000Z
sensor.meross_temperature_soggiorno,20.3,2026-03-02T13:00:00.000Z
sensor.meross_temperature_soggiorno,20.3,2026-03-02T14:00:00.000Z
sensor.meross_temperature_soggiorno,20.216341776305555,2026-03-02T16:00:00.000Z
sensor.meross_temperature_soggiorno,20.982608322388888,2026-03-02T17:00:00.000Z
sensor.meross_temperature_soggiorno,21.619891659305555,2026-03-02T18:00:00.000Z
sensor.meross_temperature_soggiorno,21.957052715083336,2026-03-02T19:00:00.000Z
sensor.meross_temperature_soggiorno,22.322373057388887,2026-03-02T20:00:00.000Z
sensor.meross_temperature_soggiorno,22.55812793252778,2026-03-02T21:00:00.000Z
sensor.meross_temperature_soggiorno,22.662851311055558,2026-03-02T22:00:00.000Z
sensor.meross_temperature_soggiorno,22.465878953083333,2026-03-02T23:00:00.000Z
sensor.meross_temperature_soggiorno,21.866181483916666,2026-03-03T00:00:00.000Z
sensor.meross_temperature_soggiorno,21.496279340138887,2026-03-03T01:00:00.000Z
sensor.meross_temperature_soggiorno,21.227401055083334,2026-03-03T02:00:00.000Z
sensor.meross_temperature_soggiorno,21.00262199202778,2026-03-03T03:00:00.000Z
sensor.meross_temperature_soggiorno,20.832879625,2026-03-03T04:00:00.000Z
sensor.meross_temperature_soggiorno,20.718397006444444,2026-03-03T05:00:00.000Z
sensor.meross_temperature_soggiorno,21.166905652444445,2026-03-03T06:00:00.000Z
sensor.meross_temperature_soggiorno,20.878827908916666,2026-03-03T07:00:00.000Z
sensor.meross_temperature_soggiorno,21.09304172975,2026-03-03T08:00:00.000Z
sensor.meross_temperature_soggiorno,20.903429288166667,2026-03-03T09:00:00.000Z
sensor.meross_temperature_soggiorno,20.9,2026-03-03T10:00:00.000Z
sensor.meross_temperature_soggiorno,20.9,2026-03-03T11:00:00.000Z
sensor.meross_temperature_soggiorno,20.980671123555556,2026-03-03T14:00:00.000Z
sensor.meross_temperature_soggiorno,21,2026-03-03T15:00:00.000Z
sensor.meross_temperature_soggiorno,20.95812123761111,2026-03-03T16:00:00.000Z
sensor.meross_temperature_soggiorno,20.9,2026-03-03T17:00:00.000Z
sensor.meross_temperature_soggiorno,20.87090540452778,2026-03-03T18:00:00.000Z
sensor.meross_temperature_soggiorno,20.8,2026-03-03T19:00:00.000Z
sensor.meross_temperature_soggiorno,20.7775769845,2026-03-03T20:00:00.000Z
sensor.meross_temperature_soggiorno,20.8,2026-03-03T21:00:00.000Z
sensor.meross_temperature_soggiorno,20.745654962777778,2026-03-03T22:00:00.000Z
sensor.meross_temperature_soggiorno,20.579145746277778,2026-03-03T23:00:00.000Z
sensor.meross_temperature_soggiorno,20.44674112413889,2026-03-04T00:00:00.000Z
sensor.meross_temperature_soggiorno,20.322459228694445,2026-03-04T01:00:00.000Z
sensor.meross_temperature_soggiorno,20.23079543952778,2026-03-04T02:00:00.000Z
sensor.meross_temperature_soggiorno,20.113861681972224,2026-03-04T03:00:00.000Z
sensor.meross_temperature_soggiorno,20,2026-03-04T04:00:00.000Z
sensor.meross_temperature_soggiorno,20.036377866694444,2026-03-04T05:00:00.000Z
sensor.meross_temperature_soggiorno,20.745812574194442,2026-03-04T06:00:00.000Z
sensor.meross_temperature_soggiorno,21.134250528833334,2026-03-04T07:00:00.000Z
sensor.meross_temperature_soggiorno,21.006694638611112,2026-03-04T08:00:00.000Z
sensor.meross_temperature_soggiorno,20.486122631,2026-03-04T09:00:00.000Z
sensor.meross_temperature_soggiorno,20.35445335086111,2026-03-04T10:00:00.000Z
sensor.meross_temperature_soggiorno,20.31114654938889,2026-03-04T11:00:00.000Z
sensor.meross_temperature_soggiorno,20.4,2026-03-04T12:00:00.000Z
sensor.meross_temperature_soggiorno,20.484889560833334,2026-03-04T13:00:00.000Z
sensor.meross_temperature_soggiorno,20.540926178888892,2026-03-04T14:00:00.000Z
sensor.meross_temperature_soggiorno,20.479883433833333,2026-03-04T15:00:00.000Z
sensor.meross_temperature_soggiorno,20.463046243527778,2026-03-04T16:00:00.000Z
sensor.meross_temperature_soggiorno,20.319509848638887,2026-03-04T17:00:00.000Z
sensor.meross_temperature_soggiorno,20.29955137102778,2026-03-04T18:00:00.000Z
sensor.meross_temperature_soggiorno,20.479062643944445,2026-03-04T19:00:00.000Z
sensor.meross_temperature_soggiorno,20.918615068444442,2026-03-04T20:00:00.000Z
sensor.meross_temperature_soggiorno,21.505147712277775,2026-03-04T21:00:00.000Z
sensor.meross_temperature_soggiorno,21.50052826752778,2026-03-04T22:00:00.000Z
sensor.meross_temperature_soggiorno,21.1020274225,2026-03-04T23:00:00.000Z
sensor.meross_temperature_soggiorno,20.833502601305558,2026-03-05T00:00:00.000Z
sensor.meross_temperature_soggiorno,20.59832050830556,2026-03-05T01:00:00.000Z
sensor.meross_temperature_soggiorno,20.41048915922222,2026-03-05T02:00:00.000Z
sensor.meross_temperature_soggiorno,20.240825372444444,2026-03-05T03:00:00.000Z
sensor.meross_temperature_soggiorno,20.113735276222222,2026-03-05T04:00:00.000Z
sensor.meross_temperature_soggiorno,20.08136639838889,2026-03-05T05:00:00.000Z
sensor.meross_temperature_soggiorno,20.842712699666667,2026-03-05T06:00:00.000Z
sensor.meross_temperature_soggiorno,21.176743366055558,2026-03-05T07:00:00.000Z
sensor.meross_temperature_soggiorno,20.710846434833332,2026-03-05T08:00:00.000Z
sensor.meross_temperature_soggiorno,20.364971542055553,2026-03-05T09:00:00.000Z
sensor.meross_temperature_soggiorno,20.220829140555555,2026-03-05T10:00:00.000Z
sensor.meross_temperature_soggiorno,20.270072011805556,2026-03-05T11:00:00.000Z
sensor.meross_temperature_soggiorno,20.180154918805556,2026-03-05T12:00:00.000Z
sensor.meross_temperature_soggiorno,20.1,2026-03-05T13:00:00.000Z
sensor.meross_temperature_soggiorno,20.060738500750002,2026-03-05T14:00:00.000Z
sensor.meross_temperature_soggiorno,20.032895141833333,2026-03-05T15:00:00.000Z
sensor.meross_temperature_soggiorno,20.539381033972223,2026-03-05T16:00:00.000Z
sensor.meross_temperature_soggiorno,21.329257743194443,2026-03-05T17:00:00.000Z
sensor.meross_temperature_soggiorno,21.76270709261111,2026-03-05T18:00:00.000Z
sensor.meross_temperature_soggiorno,21.973791069333334,2026-03-05T19:00:00.000Z
sensor.meross_temperature_soggiorno,22.130391646583334,2026-03-05T20:00:00.000Z
sensor.meross_temperature_soggiorno,22.229247280194443,2026-03-05T21:00:00.000Z
sensor.meross_temperature_soggiorno,21.766318344527775,2026-03-05T22:00:00.000Z
sensor.meross_temperature_soggiorno,21.42869537275,2026-03-05T23:00:00.000Z
sensor.meross_temperature_soggiorno,21.170471745611113,2026-03-06T00:00:00.000Z
sensor.meross_temperature_soggiorno,20.965614788527777,2026-03-06T01:00:00.000Z
sensor.meross_temperature_soggiorno,20.77702338688889,2026-03-06T02:00:00.000Z
sensor.meross_temperature_soggiorno,20.562026195222224,2026-03-06T03:00:00.000Z
sensor.meross_temperature_soggiorno,20.376584607805555,2026-03-06T04:00:00.000Z
sensor.meross_temperature_soggiorno,20.29193804197222,2026-03-06T05:00:00.000Z
sensor.meross_temperature_soggiorno,20.987677374277776,2026-03-06T06:00:00.000Z
sensor.meross_temperature_soggiorno,21.046506368555555,2026-03-06T07:00:00.000Z
sensor.meross_temperature_soggiorno,20.71447020311111,2026-03-06T08:00:00.000Z
sensor.meross_temperature_soggiorno,20.508667357666667,2026-03-06T09:00:00.000Z
sensor.meross_temperature_soggiorno,20.4,2026-03-06T10:00:00.000Z
sensor.meross_temperature_soggiorno,20.46940623661111,2026-03-06T11:00:00.000Z
sensor.meross_temperature_soggiorno,20.547652333972223,2026-03-06T12:00:00.000Z
sensor.meross_temperature_soggiorno,20.5,2026-03-06T13:00:00.000Z
sensor.meross_temperature_soggiorno,20.5,2026-03-06T14:00:00.000Z
sensor.meross_temperature_soggiorno,20.44985330952778,2026-03-06T15:00:00.000Z
sensor.meross_temperature_soggiorno,20.333988573444444,2026-03-06T16:00:00.000Z
sensor.meross_temperature_soggiorno,20.296563813583333,2026-03-06T17:00:00.000Z
sensor.meross_temperature_soggiorno,20.315366753916667,2026-03-06T18:00:00.000Z
sensor.meross_temperature_soggiorno,21.14174970225,2026-03-06T19:00:00.000Z
sensor.meross_temperature_soggiorno,21.619646065666668,2026-03-06T20:00:00.000Z
sensor.meross_temperature_soggiorno,21.886947566722224,2026-03-06T21:00:00.000Z
sensor.meross_temperature_soggiorno,21.85189646422222,2026-03-06T22:00:00.000Z
sensor.meross_temperature_soggiorno,21.360767002527776,2026-03-06T23:00:00.000Z
sensor.meross_temperature_soggiorno,20.98680538877778,2026-03-07T00:00:00.000Z
sensor.meross_temperature_soggiorno,20.72697101311111,2026-03-07T01:00:00.000Z
sensor.meross_temperature_soggiorno,20.481914420472222,2026-03-07T02:00:00.000Z
sensor.meross_temperature_soggiorno,20.260076027222222,2026-03-07T03:00:00.000Z
sensor.meross_temperature_soggiorno,20.06246727627778,2026-03-07T04:00:00.000Z
sensor.meross_temperature_soggiorno,20.030229380055555,2026-03-07T05:00:00.000Z
sensor.meross_temperature_soggiorno,20.7232793555,2026-03-07T06:00:00.000Z
sensor.meross_temperature_soggiorno,20.991122184916666,2026-03-07T07:00:00.000Z
sensor.meross_temperature_soggiorno,20.997409422805557,2026-03-07T08:00:00.000Z
sensor.meross_temperature_soggiorno,21.448250156444445,2026-03-07T09:00:00.000Z
sensor.meross_temperature_soggiorno,22.078452625805554,2026-03-07T10:00:00.000Z
sensor.meross_temperature_soggiorno,22.674381640472223,2026-03-07T11:00:00.000Z
sensor.meross_temperature_soggiorno,23.11172492002778,2026-03-07T12:00:00.000Z
sensor.meross_temperature_soggiorno,23.408775837527774,2026-03-07T13:00:00.000Z
sensor.meross_temperature_soggiorno,23.381429054694447,2026-03-07T14:00:00.000Z
sensor.meross_temperature_soggiorno,23,2026-03-07T15:00:00.000Z
sensor.meross_temperature_soggiorno,22.695786253444442,2026-03-07T16:00:00.000Z
sensor.meross_temperature_soggiorno,22.24061528247222,2026-03-07T17:00:00.000Z
sensor.meross_temperature_soggiorno,22.073259653416667,2026-03-07T18:00:00.000Z
sensor.meross_temperature_soggiorno,21.884417167611108,2026-03-07T19:00:00.000Z
sensor.meross_temperature_soggiorno,21.56809647077778,2026-03-07T20:00:00.000Z
sensor.meross_temperature_soggiorno,21.372826157166667,2026-03-07T21:00:00.000Z
sensor.meross_temperature_soggiorno,21.148693881694445,2026-03-07T22:00:00.000Z
sensor.meross_temperature_soggiorno,20.983121905833332,2026-03-07T23:00:00.000Z
sensor.meross_temperature_soggiorno,20.85211471352778,2026-03-08T00:00:00.000Z
sensor.meross_temperature_soggiorno,20.683673942166667,2026-03-08T01:00:00.000Z
sensor.meross_temperature_soggiorno,20.51334952013889,2026-03-08T02:00:00.000Z
sensor.meross_temperature_soggiorno,20.33789270225,2026-03-08T03:00:00.000Z
sensor.meross_temperature_soggiorno,20.174148387694444,2026-03-08T04:00:00.000Z
sensor.meross_temperature_soggiorno,20.10295618175,2026-03-08T05:00:00.000Z
sensor.meross_temperature_soggiorno,20.884229113583334,2026-03-08T06:00:00.000Z
sensor.meross_temperature_soggiorno,21.18596638486111,2026-03-08T07:00:00.000Z
sensor.meross_temperature_soggiorno,20.700254894166665,2026-03-08T08:00:00.000Z
sensor.meross_temperature_soggiorno,21.136472841055554,2026-03-08T09:00:00.000Z
sensor.meross_temperature_soggiorno,21.940889281694442,2026-03-08T10:00:00.000Z
sensor.meross_temperature_soggiorno,22.594363292583335,2026-03-08T11:00:00.000Z
sensor.meross_temperature_soggiorno,22.92548503438889,2026-03-08T12:00:00.000Z
sensor.meross_temperature_soggiorno,23.30957838763889,2026-03-08T13:00:00.000Z
sensor.meross_temperature_soggiorno,23.58515304788889,2026-03-08T14:00:00.000Z
sensor.meross_temperature_soggiorno,23.614349193333336,2026-03-08T15:00:00.000Z
sensor.meross_temperature_soggiorno,23.37607240727778,2026-03-08T16:00:00.000Z
sensor.meross_temperature_soggiorno,22.817567965444443,2026-03-08T17:00:00.000Z
sensor.meross_temperature_soggiorno,22.35346175711111,2026-03-08T18:00:00.000Z
sensor.meross_temperature_soggiorno,22.050033074555557,2026-03-08T19:00:00.000Z
sensor.meross_temperature_soggiorno,21.897010301583332,2026-03-08T20:00:00.000Z
sensor.meross_temperature_soggiorno,21.694347561,2026-03-08T21:00:00.000Z
sensor.meross_temperature_soggiorno,21.476982463472222,2026-03-08T22:00:00.000Z
sensor.meross_temperature_soggiorno,21.2324686315,2026-03-08T23:00:00.000Z
sensor.meross_temperature_soggiorno,21.03292315936111,2026-03-09T00:00:00.000Z
sensor.meross_temperature_soggiorno,20.930256279972223,2026-03-09T01:00:00.000Z
sensor.meross_temperature_soggiorno,20.75579362336111,2026-03-09T02:00:00.000Z
sensor.meross_temperature_soggiorno,20.617508675194447,2026-03-09T03:00:00.000Z
sensor.meross_temperature_soggiorno,20.47394297088889,2026-03-09T04:00:00.000Z
sensor.meross_temperature_soggiorno,20.469081113888887,2026-03-09T05:00:00.000Z
sensor.meross_temperature_soggiorno,21.12140374461111,2026-03-09T06:00:00.000Z
sensor.meross_temperature_soggiorno,20.85292878583333,2026-03-09T07:00:00.000Z
sensor.meross_temperature_soggiorno,20.957717540694443,2026-03-09T08:00:00.000Z
sensor.meross_temperature_soggiorno,20.75214779566667,2026-03-09T09:00:00.000Z
sensor.meross_temperature_soggiorno,20.7,2026-03-09T10:00:00.000Z
sensor.meross_temperature_soggiorno,20.7,2026-03-09T11:00:00.000Z
sensor.meross_temperature_soggiorno,20.750665658166668,2026-03-09T12:00:00.000Z
sensor.meross_temperature_soggiorno,20.860972833277778,2026-03-09T13:00:00.000Z
sensor.meross_temperature_soggiorno,20.9,2026-03-09T14:00:00.000Z
sensor.meross_temperature_soggiorno,20.9,2026-03-09T15:00:00.000Z
sensor.meross_temperature_soggiorno,20.886629200999998,2026-03-09T16:00:00.000Z
sensor.meross_temperature_soggiorno,20.87346928683333,2026-03-09T17:00:00.000Z
sensor.meross_temperature_soggiorno,20.954270684138887,2026-03-09T18:00:00.000Z
sensor.meross_temperature_soggiorno,21.574440993249997,2026-03-09T19:00:00.000Z
sensor.meross_temperature_soggiorno,22.100697783749997,2026-03-09T20:00:00.000Z
sensor.meross_temperature_soggiorno,22.46840471952778,2026-03-09T21:00:00.000Z
sensor.meross_temperature_soggiorno,22.134685984694443,2026-03-09T22:00:00.000Z
sensor.meross_temperature_soggiorno,21.663436930388887,2026-03-09T23:00:00.000Z
sensor.meross_temperature_soggiorno,21.404115297916665,2026-03-10T00:00:00.000Z
sensor.meross_temperature_soggiorno,21.142026010250003,2026-03-10T01:00:00.000Z
sensor.meross_temperature_soggiorno,20.988029613111113,2026-03-10T02:00:00.000Z
sensor.meross_temperature_soggiorno,20.844712648277778,2026-03-10T03:00:00.000Z
sensor.meross_temperature_soggiorno,20.66603303622222,2026-03-10T04:00:00.000Z
sensor.meross_temperature_soggiorno,20.57804779013889,2026-03-10T05:00:00.000Z
sensor.meross_temperature_soggiorno,21.170249981833333,2026-03-10T06:00:00.000Z
sensor.meross_temperature_soggiorno,20.91406690247222,2026-03-10T07:00:00.000Z
sensor.meross_temperature_soggiorno,20.893762938583333,2026-03-10T08:00:00.000Z
sensor.meross_temperature_soggiorno,20.83672161125,2026-03-10T09:00:00.000Z
sensor.meross_temperature_soggiorno,20.13252772127778,2026-03-10T10:00:00.000Z
sensor.meross_temperature_soggiorno,19.511904892,2026-03-10T11:00:00.000Z
sensor.meross_temperature_soggiorno,20.232817531027777,2026-03-10T12:00:00.000Z
sensor.meross_temperature_soggiorno,20.571946575500004,2026-03-10T13:00:00.000Z
sensor.meross_temperature_soggiorno,20.6,2026-03-10T14:00:00.000Z
sensor.meross_temperature_soggiorno,20.62220461863889,2026-03-10T15:00:00.000Z
sensor.meross_temperature_soggiorno,20.6501786645,2026-03-10T16:00:00.000Z
sensor.meross_temperature_soggiorno,20.828319949305556,2026-03-10T17:00:00.000Z
sensor.meross_temperature_soggiorno,21.431481145055557,2026-03-10T18:00:00.000Z
sensor.meross_temperature_soggiorno,21.75075517297222,2026-03-10T19:00:00.000Z
sensor.meross_temperature_soggiorno,22.22132241583333,2026-03-10T20:00:00.000Z
sensor.meross_temperature_soggiorno,22.517649898583333,2026-03-10T21:00:00.000Z
sensor.meross_temperature_soggiorno,22.025812521000002,2026-03-10T22:00:00.000Z
sensor.meross_temperature_soggiorno,21.64547840522222,2026-03-10T23:00:00.000Z
sensor.meross_temperature_soggiorno,21.431442779444442,2026-03-11T00:00:00.000Z
sensor.meross_temperature_soggiorno,21.236531101305555,2026-03-11T01:00:00.000Z
sensor.meross_temperature_soggiorno,21.039745144944444,2026-03-11T02:00:00.000Z
sensor.meross_temperature_soggiorno,20.950110633944444,2026-03-11T03:00:00.000Z
sensor.meross_temperature_soggiorno,20.796418777166668,2026-03-11T04:00:00.000Z
sensor.meross_temperature_soggiorno,20.741571688888886,2026-03-11T05:00:00.000Z
sensor.meross_temperature_soggiorno,21.188024436972224,2026-03-11T06:00:00.000Z
sensor.meross_temperature_soggiorno,21,2026-03-11T07:00:00.000Z
sensor.meross_temperature_soggiorno,21,2026-03-11T08:00:00.000Z
sensor.meross_temperature_soggiorno,20.958344715472222,2026-03-11T09:00:00.000Z
sensor.meross_temperature_soggiorno,20.874905595916665,2026-03-11T10:00:00.000Z
sensor.meross_temperature_soggiorno,20.8,2026-03-11T11:00:00.000Z
sensor.meross_temperature_soggiorno,20.8,2026-03-11T12:00:00.000Z
sensor.meross_temperature_soggiorno,20.790694117055555,2026-03-11T14:00:00.000Z
sensor.meross_temperature_soggiorno,20.7,2026-03-11T15:00:00.000Z
sensor.meross_temperature_soggiorno,20.64210002891667,2026-03-11T16:00:00.000Z
sensor.meross_temperature_soggiorno,20.6,2026-03-11T17:00:00.000Z
sensor.meross_temperature_soggiorno,20.546733636916667,2026-03-11T18:00:00.000Z
sensor.meross_temperature_soggiorno,20.6,2026-03-11T19:00:00.000Z
sensor.meross_temperature_soggiorno,20.6,2026-03-11T20:00:00.000Z
sensor.meross_temperature_soggiorno,20.558695007166666,2026-03-11T21:00:00.000Z
sensor.meross_temperature_soggiorno,20.454389377305557,2026-03-11T22:00:00.000Z
sensor.meross_temperature_soggiorno,20.4,2026-03-11T23:00:00.000Z
sensor.meross_temperature_soggiorno,20.359060398694442,2026-03-12T00:00:00.000Z
sensor.meross_temperature_soggiorno,20.251587581,2026-03-12T01:00:00.000Z
sensor.meross_temperature_soggiorno,20.14130815325,2026-03-12T02:00:00.000Z
sensor.meross_temperature_soggiorno,20.045922069750002,2026-03-12T03:00:00.000Z
sensor.meross_temperature_soggiorno,20,2026-03-12T04:00:00.000Z
sensor.meross_temperature_soggiorno,20.042408532861113,2026-03-12T05:00:00.000Z
sensor.meross_temperature_soggiorno,20.81767861175,2026-03-12T06:00:00.000Z
sensor.meross_temperature_soggiorno,21.140671047555557,2026-03-12T07:00:00.000Z
sensor.meross_temperature_soggiorno,20.667825165333333,2026-03-12T08:00:00.000Z
sensor.meross_temperature_soggiorno,20.540402116611112,2026-03-12T09:00:00.000Z
sensor.meross_temperature_soggiorno,20.5,2026-03-12T10:00:00.000Z
sensor.meross_temperature_soggiorno,20.5,2026-03-12T11:00:00.000Z
sensor.meross_temperature_soggiorno,20.555954041083336,2026-03-12T12:00:00.000Z
sensor.meross_temperature_soggiorno,20.6,2026-03-12T13:00:00.000Z
sensor.meross_temperature_soggiorno,20.679349457388888,2026-03-12T14:00:00.000Z
sensor.meross_temperature_soggiorno,20.7,2026-03-12T15:00:00.000Z
sensor.meross_temperature_soggiorno,20.69447830372222,2026-03-12T16:00:00.000Z
sensor.meross_temperature_soggiorno,20.561745507916665,2026-03-12T17:00:00.000Z
sensor.meross_temperature_soggiorno,20.582155563472224,2026-03-12T18:00:00.000Z
sensor.meross_temperature_soggiorno,20.532764986194447,2026-03-12T19:00:00.000Z
sensor.meross_temperature_soggiorno,20.54767976088889,2026-03-12T20:00:00.000Z
sensor.meross_temperature_soggiorno,20.5,2026-03-12T21:00:00.000Z
sensor.meross_temperature_soggiorno,20.39688776411111,2026-03-12T22:00:00.000Z
sensor.meross_temperature_soggiorno,20.240583365416665,2026-03-12T23:00:00.000Z
sensor.meross_temperature_soggiorno,20.123817818555555,2026-03-13T00:00:00.000Z
sensor.meross_temperature_soggiorno,20.00514639188889,2026-03-13T01:00:00.000Z
sensor.meross_temperature_soggiorno,20,2026-03-13T02:00:00.000Z
sensor.meross_temperature_soggiorno,19.938238232944443,2026-03-13T03:00:00.000Z
sensor.meross_temperature_soggiorno,19.86721856938889,2026-03-13T04:00:00.000Z
sensor.meross_temperature_soggiorno,19.837383075694444,2026-03-13T05:00:00.000Z
sensor.meross_temperature_soggiorno,20.604179495694442,2026-03-13T06:00:00.000Z
sensor.meross_temperature_soggiorno,21.041988775527777,2026-03-13T07:00:00.000Z
sensor.meross_temperature_soggiorno,20.979458478138888,2026-03-13T08:00:00.000Z
sensor.meross_temperature_soggiorno,20.527304082527777,2026-03-13T09:00:00.000Z
sensor.meross_temperature_soggiorno,20.47087109313889,2026-03-13T10:00:00.000Z
sensor.meross_temperature_soggiorno,20.5,2026-03-13T11:00:00.000Z
sensor.meross_temperature_soggiorno,20.401165224416665,2026-03-13T12:00:00.000Z
sensor.meross_temperature_soggiorno,20.57114358877778,2026-03-13T13:00:00.000Z
sensor.meross_temperature_soggiorno,20.6,2026-03-13T14:00:00.000Z
sensor.meross_temperature_soggiorno,20.6,2026-03-13T15:00:00.000Z
sensor.meross_temperature_soggiorno,20.55236753475,2026-03-13T16:00:00.000Z
sensor.meross_temperature_soggiorno,20.4651332045,2026-03-13T17:00:00.000Z
sensor.meross_temperature_soggiorno,20.5,2026-03-13T18:00:00.000Z
sensor.meross_temperature_soggiorno,20.407998845416667,2026-03-13T19:00:00.000Z
sensor.meross_temperature_soggiorno,20.4,2026-03-13T20:00:00.000Z
sensor.meross_temperature_soggiorno,20.383995248416664,2026-03-13T21:00:00.000Z
sensor.meross_temperature_soggiorno,20.23164826863889,2026-03-13T22:00:00.000Z
sensor.meross_temperature_soggiorno,20.13248557013889,2026-03-13T23:00:00.000Z
sensor.meross_temperature_soggiorno,20,2026-03-14T00:00:00.000Z
sensor.meross_temperature_soggiorno,20,2026-03-14T01:00:00.000Z
sensor.meross_temperature_soggiorno,19.932654444972222,2026-03-14T02:00:00.000Z
sensor.meross_temperature_soggiorno,19.9,2026-03-14T03:00:00.000Z
sensor.meross_temperature_soggiorno,19.814901724,2026-03-14T04:00:00.000Z
sensor.meross_temperature_soggiorno,19.809853388277777,2026-03-14T05:00:00.000Z
sensor.meross_temperature_soggiorno,20.615100210583332,2026-03-14T06:00:00.000Z
sensor.meross_temperature_soggiorno,21.054888524638887,2026-03-14T07:00:00.000Z
sensor.meross_temperature_soggiorno,21.10479329502778,2026-03-14T08:00:00.000Z
sensor.meross_temperature_soggiorno,20.789727081861113,2026-03-14T09:00:00.000Z
sensor.meross_temperature_soggiorno,20.600367945250003,2026-03-14T10:00:00.000Z
sensor.meross_temperature_soggiorno,20.460677892499998,2026-03-14T11:00:00.000Z
sensor.meross_temperature_soggiorno,20.399173443722223,2026-03-14T12:00:00.000Z
sensor.meross_temperature_soggiorno,20.5,2026-03-14T13:00:00.000Z
sensor.meross_temperature_soggiorno,21.02026801313889,2026-03-14T14:00:00.000Z
sensor.meross_temperature_soggiorno,21.61084187786111,2026-03-14T15:00:00.000Z
sensor.meross_temperature_soggiorno,21.98510919063889,2026-03-14T16:00:00.000Z
sensor.meross_temperature_soggiorno,22.23683080441667,2026-03-14T17:00:00.000Z
sensor.meross_temperature_soggiorno,22.426918824861108,2026-03-14T18:00:00.000Z
sensor.meross_temperature_soggiorno,22.773959379527778,2026-03-14T19:00:00.000Z
sensor.meross_temperature_soggiorno,22.85945624588889,2026-03-14T20:00:00.000Z
sensor.meross_temperature_soggiorno,22.934641047416665,2026-03-14T21:00:00.000Z
sensor.meross_temperature_soggiorno,22.395302685694446,2026-03-14T22:00:00.000Z
sensor.meross_temperature_soggiorno,21.91719360652778,2026-03-14T23:00:00.000Z
sensor.meross_temperature_soggiorno,21.568488449361112,2026-03-15T00:00:00.000Z
sensor.meross_temperature_soggiorno,21.34818974325,2026-03-15T01:00:00.000Z
sensor.meross_temperature_soggiorno,21.113672050055555,2026-03-15T02:00:00.000Z
sensor.meross_temperature_soggiorno,20.97086900847222,2026-03-15T03:00:00.000Z
sensor.meross_temperature_soggiorno,20.83048792013889,2026-03-15T04:00:00.000Z
sensor.meross_temperature_soggiorno,20.724445183222223,2026-03-15T05:00:00.000Z
sensor.meross_temperature_soggiorno,21.16190451688889,2026-03-15T06:00:00.000Z
sensor.meross_temperature_soggiorno,20.92155679433333,2026-03-15T07:00:00.000Z
sensor.meross_temperature_soggiorno,20.9,2026-03-15T08:00:00.000Z
sensor.meross_temperature_soggiorno,21.28056034952778,2026-03-15T09:00:00.000Z
sensor.meross_temperature_soggiorno,21.956076821527777,2026-03-15T10:00:00.000Z
sensor.meross_temperature_soggiorno,22.31900406838889,2026-03-15T11:00:00.000Z
sensor.meross_temperature_soggiorno,22.608455546305553,2026-03-15T12:00:00.000Z
sensor.meross_temperature_soggiorno,22.92795282161111,2026-03-15T13:00:00.000Z
sensor.meross_temperature_soggiorno,23.256451978416667,2026-03-15T14:00:00.000Z
sensor.meross_temperature_soggiorno,23.37454291738889,2026-03-15T15:00:00.000Z
sensor.meross_temperature_soggiorno,23.452182751055556,2026-03-15T16:00:00.000Z
sensor.meross_temperature_soggiorno,23.11487849013889,2026-03-15T17:00:00.000Z
sensor.meross_temperature_soggiorno,22.803139966444444,2026-03-15T18:00:00.000Z
sensor.meross_temperature_soggiorno,22.51360631961111,2026-03-15T19:00:00.000Z
sensor.meross_temperature_soggiorno,22.190382062833333,2026-03-15T20:00:00.000Z
sensor.meross_temperature_soggiorno,22.018049096111113,2026-03-15T21:00:00.000Z
sensor.meross_temperature_soggiorno,21.872203509722222,2026-03-15T22:00:00.000Z
sensor.meross_temperature_soggiorno,21.551294275388887,2026-03-15T23:00:00.000Z
sensor.meross_temperature_soggiorno,21.39536530008333,2026-03-16T00:00:00.000Z
sensor.meross_temperature_soggiorno,21.205623352055557,2026-03-16T01:00:00.000Z
sensor.meross_temperature_soggiorno,21.04253104527778,2026-03-16T02:00:00.000Z
sensor.meross_temperature_soggiorno,20.973819818916667,2026-03-16T03:00:00.000Z
sensor.meross_temperature_soggiorno,20.844339719027776,2026-03-16T04:00:00.000Z
sensor.meross_temperature_soggiorno,20.763556069055554,2026-03-16T05:00:00.000Z
sensor.meross_temperature_soggiorno,21.163432575444446,2026-03-16T06:00:00.000Z
sensor.meross_temperature_soggiorno,20.869769233555555,2026-03-16T07:00:00.000Z
sensor.meross_temperature_soggiorno,20.854987672611113,2026-03-16T08:00:00.000Z
sensor.meross_temperature_soggiorno,20.911168319694443,2026-03-16T09:00:00.000Z
sensor.meross_temperature_soggiorno,21,2026-03-16T10:00:00.000Z
sensor.meross_temperature_soggiorno,21,2026-03-16T11:00:00.000Z
sensor.meross_temperature_soggiorno,21.089659705888888,2026-03-16T12:00:00.000Z
sensor.meross_temperature_soggiorno,21.1,2026-03-16T13:00:00.000Z
sensor.meross_temperature_soggiorno,21.22246418402778,2026-03-16T14:00:00.000Z
sensor.meross_temperature_soggiorno,21.3,2026-03-16T15:00:00.000Z
sensor.meross_temperature_soggiorno,21.255153719805556,2026-03-16T16:00:00.000Z
sensor.meross_temperature_soggiorno,21.05150587125,2026-03-16T17:00:00.000Z
sensor.meross_temperature_soggiorno,21.001375782694442,2026-03-16T18:00:00.000Z
sensor.meross_temperature_soggiorno,21.04115136375,2026-03-16T19:00:00.000Z
sensor.meross_temperature_soggiorno,21.060794402777777,2026-03-16T20:00:00.000Z
sensor.meross_temperature_soggiorno,21.1,2026-03-16T21:00:00.000Z
sensor.meross_temperature_soggiorno,21.02057891061111,2026-03-16T22:00:00.000Z
sensor.meross_temperature_soggiorno,20.957785460194444,2026-03-16T23:00:00.000Z
sensor.meross_temperature_soggiorno,20.759085897194442,2026-03-17T00:00:00.000Z
sensor.meross_temperature_soggiorno,20.605851513361113,2026-03-17T01:00:00.000Z
sensor.meross_temperature_soggiorno,20.466961766805557,2026-03-17T02:00:00.000Z
sensor.meross_temperature_soggiorno,20.34542642483333,2026-03-17T03:00:00.000Z
sensor.meross_temperature_soggiorno,20.22114343025,2026-03-17T04:00:00.000Z
sensor.meross_temperature_soggiorno,20.16198143475,2026-03-17T05:00:00.000Z
sensor.meross_temperature_soggiorno,20.958767752527777,2026-03-17T06:00:00.000Z
sensor.meross_temperature_soggiorno,21.116510018166668,2026-03-17T07:00:00.000Z
sensor.meross_temperature_soggiorno,20.8,2026-03-17T08:00:00.000Z
sensor.meross_temperature_soggiorno,20.880654660666664,2026-03-17T09:00:00.000Z
sensor.meross_temperature_soggiorno,20.9,2026-03-17T10:00:00.000Z
sensor.meross_temperature_soggiorno,20.9,2026-03-17T11:00:00.000Z
sensor.meross_temperature_soggiorno,20.747194267972223,2026-03-17T12:00:00.000Z
sensor.meross_temperature_soggiorno,20.868577216666665,2026-03-17T13:00:00.000Z
sensor.meross_temperature_soggiorno,20.9,2026-03-17T14:00:00.000Z
sensor.meross_temperature_soggiorno,20.9,2026-03-17T15:00:00.000Z
sensor.meross_temperature_soggiorno,20.89137732488889,2026-03-17T16:00:00.000Z
sensor.meross_temperature_soggiorno,20.880588495555553,2026-03-17T17:00:00.000Z
sensor.meross_temperature_soggiorno,20.9,2026-03-17T18:00:00.000Z
sensor.meross_temperature_soggiorno,20.860738719055554,2026-03-17T19:00:00.000Z
sensor.meross_temperature_soggiorno,20.859758737333333,2026-03-17T20:00:00.000Z
sensor.meross_temperature_soggiorno,20.8,2026-03-17T21:00:00.000Z
sensor.meross_temperature_soggiorno,20.782267991055555,2026-03-17T22:00:00.000Z
sensor.meross_temperature_soggiorno,20.61874679930556,2026-03-17T23:00:00.000Z
sensor.meross_temperature_soggiorno,20.44687097211111,2026-03-18T00:00:00.000Z
sensor.meross_temperature_soggiorno,20.31975592341667,2026-03-18T01:00:00.000Z
sensor.meross_temperature_soggiorno,20.209473837833333,2026-03-18T02:00:00.000Z
sensor.meross_temperature_soggiorno,20.097084756083333,2026-03-18T03:00:00.000Z
sensor.meross_temperature_soggiorno,20,2026-03-18T04:00:00.000Z
sensor.meross_temperature_soggiorno,20.03899833147222,2026-03-18T05:00:00.000Z
sensor.meross_temperature_soggiorno,20.786459621805555,2026-03-18T06:00:00.000Z
sensor.meross_temperature_soggiorno,21.188895917388887,2026-03-18T07:00:00.000Z
sensor.meross_temperature_soggiorno,20.87464568975,2026-03-18T08:00:00.000Z
sensor.meross_temperature_soggiorno,20.733795457333333,2026-03-18T09:00:00.000Z
sensor.meross_temperature_soggiorno,20.7,2026-03-18T10:00:00.000Z
sensor.meross_temperature_soggiorno,20.702807389777778,2026-03-18T11:00:00.000Z
sensor.meross_temperature_soggiorno,20.7,2026-03-18T12:00:00.000Z
sensor.meross_temperature_soggiorno,20.625856598333332,2026-03-18T13:00:00.000Z
sensor.meross_temperature_soggiorno,20.6,2026-03-18T14:00:00.000Z
sensor.meross_temperature_soggiorno,20.538887739527777,2026-03-18T15:00:00.000Z
sensor.meross_temperature_soggiorno,20.456533445055555,2026-03-18T16:00:00.000Z
sensor.meross_temperature_soggiorno,20.315415262972223,2026-03-18T17:00:00.000Z
sensor.meross_temperature_soggiorno,20.429086022333333,2026-03-18T18:00:00.000Z
sensor.meross_temperature_soggiorno,20.494519202833335,2026-03-18T19:00:00.000Z
sensor.meross_temperature_soggiorno,20.45959549927778,2026-03-18T20:00:00.000Z
sensor.meross_temperature_soggiorno,20.36179239936111,2026-03-18T21:00:00.000Z
sensor.meross_temperature_soggiorno,20.208722475888887,2026-03-18T22:00:00.000Z
sensor.meross_temperature_soggiorno,20.068797948166665,2026-03-18T23:00:00.000Z
sensor.meross_temperature_soggiorno,20,2026-03-19T00:00:00.000Z
sensor.meross_temperature_soggiorno,19.931206424055556,2026-03-19T01:00:00.000Z
sensor.meross_temperature_soggiorno,19.820927473972223,2026-03-19T02:00:00.000Z
sensor.meross_temperature_soggiorno,19.71129893036111,2026-03-19T03:00:00.000Z
sensor.meross_temperature_soggiorno,19.588060890361113,2026-03-19T04:00:00.000Z
sensor.meross_temperature_soggiorno,19.549275649277778,2026-03-19T05:00:00.000Z
sensor.meross_temperature_soggiorno,20.243852872277778,2026-03-19T06:00:00.000Z
sensor.meross_temperature_soggiorno,20.77242641788889,2026-03-19T07:00:00.000Z
sensor.meross_temperature_soggiorno,20.724533103055556,2026-03-19T08:00:00.000Z
sensor.meross_temperature_soggiorno,20.561641595472224,2026-03-19T09:00:00.000Z
sensor.meross_temperature_soggiorno,20.6,2026-03-19T10:00:00.000Z
sensor.meross_temperature_soggiorno,20.561312114305554,2026-03-19T11:00:00.000Z
sensor.meross_temperature_soggiorno,20.554607533055556,2026-03-19T12:00:00.000Z
sensor.meross_temperature_soggiorno,20.63329443252778,2026-03-19T13:00:00.000Z
sensor.meross_temperature_soggiorno,20.7,2026-03-19T14:00:00.000Z
sensor.meross_temperature_soggiorno,20.61808787375,2026-03-19T15:00:00.000Z
sensor.meross_temperature_soggiorno,20.82813447808333,2026-03-19T16:00:00.000Z
sensor.meross_temperature_soggiorno,21.018830948861112,2026-03-19T17:00:00.000Z
sensor.meross_temperature_soggiorno,20.810166076305556,2026-03-19T18:00:00.000Z
sensor.meross_temperature_soggiorno,20.677051064444445,2026-03-19T19:00:00.000Z
sensor.meross_temperature_soggiorno,20.583580681972222,2026-03-19T20:00:00.000Z
sensor.meross_temperature_soggiorno,20.450686168,2026-03-19T21:00:00.000Z
sensor.meross_temperature_soggiorno,20.368439333777776,2026-03-19T22:00:00.000Z
sensor.meross_temperature_soggiorno,20.26724540825,2026-03-19T23:00:00.000Z
sensor.meross_temperature_soggiorno,20.150908525000002,2026-03-20T00:00:00.000Z
sensor.meross_temperature_soggiorno,20.016825543417433,2026-03-20T01:00:00.000Z
sensor.meross_temperature_soggiorno,20,2026-03-20T02:00:00.000Z
sensor.meross_temperature_soggiorno,19.962192944555557,2026-03-20T03:00:00.000Z
sensor.meross_temperature_soggiorno,19.899929249055553,2026-03-20T04:00:00.000Z
sensor.meross_temperature_soggiorno,19.844294467388888,2026-03-20T05:00:00.000Z
sensor.meross_temperature_soggiorno,20.624414179333332,2026-03-20T06:00:00.000Z
sensor.meross_temperature_soggiorno,21.033630075305556,2026-03-20T07:00:00.000Z
sensor.meross_temperature_soggiorno,20.993998082055555,2026-03-20T08:00:00.000Z
sensor.meross_temperature_soggiorno,20.610913766694445,2026-03-20T09:00:00.000Z
sensor.meross_temperature_soggiorno,20.582180015555554,2026-03-20T10:00:00.000Z
sensor.meross_temperature_soggiorno,20.00176427627778,2026-03-20T11:00:00.000Z
sensor.meross_temperature_soggiorno,20.18279758411111,2026-03-20T12:00:00.000Z
sensor.meross_temperature_soggiorno,20.01508554163889,2026-03-20T13:00:00.000Z
sensor.meross_temperature_soggiorno,20.455575831833333,2026-03-20T14:00:00.000Z
sensor.meross_temperature_soggiorno,20.5,2026-03-20T15:00:00.000Z
sensor.meross_temperature_soggiorno,20.481353807555553,2026-03-20T16:00:00.000Z
sensor.meross_temperature_soggiorno,20.426897839583333,2026-03-20T17:00:00.000Z
sensor.meross_temperature_soggiorno,20.598392476583335,2026-03-20T18:00:00.000Z
sensor.meross_temperature_soggiorno,20.572466007750002,2026-03-20T19:00:00.000Z
sensor.meross_temperature_soggiorno,20.535035140305556,2026-03-20T20:00:00.000Z
sensor.meross_temperature_soggiorno,20.56188190075,2026-03-20T21:00:00.000Z
sensor.meross_temperature_soggiorno,20.442794224916664,2026-03-20T22:00:00.000Z
sensor.meross_temperature_soggiorno,20.323854262555557,2026-03-20T23:00:00.000Z
sensor.meross_temperature_soggiorno,20.155856257694445,2026-03-21T00:00:00.000Z
sensor.meross_temperature_soggiorno,20.04557644077778,2026-03-21T01:00:00.000Z
sensor.meross_temperature_soggiorno,20,2026-03-21T02:00:00.000Z
sensor.meross_temperature_soggiorno,19.95722190113889,2026-03-21T03:00:00.000Z
sensor.meross_temperature_soggiorno,19.9,2026-03-21T04:00:00.000Z
sensor.meross_temperature_soggiorno,19.856279683805557,2026-03-21T05:00:00.000Z
sensor.meross_temperature_soggiorno,20.67808210077778,2026-03-21T06:00:00.000Z
sensor.meross_temperature_soggiorno,21.327531758555555,2026-03-21T07:00:00.000Z
sensor.meross_temperature_soggiorno,21.728824802833334,2026-03-21T08:00:00.000Z
sensor.meross_temperature_soggiorno,22.151734317944445,2026-03-21T09:00:00.000Z
sensor.meross_temperature_soggiorno,22.561197629166667,2026-03-21T10:00:00.000Z
sensor.meross_temperature_soggiorno,22.886997555555556,2026-03-21T11:00:00.000Z
sensor.meross_temperature_soggiorno,23.042037289166668,2026-03-21T12:00:00.000Z
sensor.meross_temperature_soggiorno,23.412074037472223,2026-03-21T13:00:00.000Z
sensor.meross_temperature_soggiorno,23.802798186361112,2026-03-21T14:00:00.000Z
sensor.meross_temperature_soggiorno,24.0308980515,2026-03-21T15:00:00.000Z
sensor.meross_temperature_soggiorno,23.831595794805555,2026-03-21T16:00:00.000Z
sensor.meross_temperature_soggiorno,23.16947170797222,2026-03-21T17:00:00.000Z
sensor.meross_temperature_soggiorno,22.775832612416664,2026-03-21T18:00:00.000Z
sensor.meross_temperature_soggiorno,22.521822894,2026-03-21T19:00:00.000Z
sensor.meross_temperature_soggiorno,22.2383415715,2026-03-21T20:00:00.000Z
sensor.meross_temperature_soggiorno,22.029076466027778,2026-03-21T21:00:00.000Z
sensor.meross_temperature_soggiorno,21.91102134888889,2026-03-21T22:00:00.000Z
sensor.meross_temperature_soggiorno,21.72124310225,2026-03-21T23:00:00.000Z
sensor.meross_temperature_soggiorno,21.514807301444446,2026-03-22T00:00:00.000Z
sensor.meross_temperature_soggiorno,21.319525070222223,2026-03-22T01:00:00.000Z
sensor.meross_temperature_soggiorno,21.12697453886111,2026-03-22T02:00:00.000Z
sensor.meross_temperature_soggiorno,21,2026-03-22T03:00:00.000Z
sensor.meross_temperature_soggiorno,20.922366612083334,2026-03-22T04:00:00.000Z
sensor.meross_temperature_soggiorno,20.78159185538889,2026-03-22T05:00:00.000Z
sensor.meross_temperature_soggiorno,21.19848853422222,2026-03-22T06:00:00.000Z
sensor.meross_temperature_soggiorno,21.01899045688889,2026-03-22T07:00:00.000Z
sensor.meross_temperature_soggiorno,21.212495514222223,2026-03-22T08:00:00.000Z
sensor.meross_temperature_soggiorno,21.813091729277776,2026-03-22T09:00:00.000Z
sensor.meross_temperature_soggiorno,22.687524081916667,2026-03-22T10:00:00.000Z
sensor.meross_temperature_soggiorno,23.097250000666666,2026-03-22T11:00:00.000Z
sensor.meross_temperature_soggiorno,23.370919491194442,2026-03-22T12:00:00.000Z
sensor.meross_temperature_soggiorno,22.83624631361111,2026-03-22T13:00:00.000Z
sensor.meross_temperature_soggiorno,22.55992846038889,2026-03-22T14:00:00.000Z
sensor.meross_temperature_soggiorno,22.28491356975,2026-03-22T15:00:00.000Z
sensor.meross_temperature_soggiorno,22.109585771583337,2026-03-22T16:00:00.000Z
sensor.meross_temperature_soggiorno,21.927460209694445,2026-03-22T17:00:00.000Z
sensor.meross_temperature_soggiorno,21.650662054527775,2026-03-22T18:00:00.000Z
sensor.meross_temperature_soggiorno,21.399999999999995,2026-03-22T19:00:00.000Z
sensor.meross_temperature_soggiorno,21.399999999999995,2026-03-22T20:00:00.000Z
sensor.meross_temperature_soggiorno,21.324874180944445,2026-03-22T22:00:00.000Z
sensor.meross_temperature_soggiorno,21.09025655155556,2026-03-22T23:00:00.000Z
sensor.meross_temperature_soggiorno,21,2026-03-23T00:00:00.000Z
sensor.meross_temperature_soggiorno,20.92462304697222,2026-03-23T01:00:00.000Z
sensor.meross_temperature_soggiorno,20.797563136472224,2026-03-23T02:00:00.000Z
sensor.meross_temperature_soggiorno,20.67849974788889,2026-03-23T03:00:00.000Z
sensor.meross_temperature_soggiorno,20.554215431305554,2026-03-23T04:00:00.000Z
sensor.meross_temperature_soggiorno,20.496663246388888,2026-03-23T05:00:00.000Z
sensor.meross_temperature_soggiorno,21.092720750833333,2026-03-23T06:00:00.000Z
sensor.meross_temperature_soggiorno,20.876072485222224,2026-03-23T07:00:00.000Z
sensor.meross_temperature_soggiorno,21.22244778525,2026-03-23T08:00:00.000Z
sensor.meross_temperature_soggiorno,21,2026-03-23T09:00:00.000Z
sensor.meross_temperature_soggiorno,21.005612834527778,2026-03-23T10:00:00.000Z
sensor.meross_temperature_soggiorno,21,2026-03-23T11:00:00.000Z
sensor.meross_temperature_soggiorno,21,2026-03-23T12:00:00.000Z
sensor.meross_temperature_soggiorno,20.861323102527777,2026-03-23T20:00:00.000Z
sensor.meross_temperature_soggiorno,20.77841333438889,2026-03-23T21:00:00.000Z
sensor.meross_temperature_soggiorno,20.670911815083333,2026-03-23T22:00:00.000Z
sensor.meross_temperature_soggiorno,20.526988654694446,2026-03-23T23:00:00.000Z
sensor.meross_temperature_soggiorno,20.370079867833333,2026-03-24T00:00:00.000Z
sensor.meross_temperature_soggiorno,20.24576877747222,2026-03-24T01:00:00.000Z
sensor.meross_temperature_soggiorno,20.160216880555556,2026-03-24T02:00:00.000Z
sensor.meross_temperature_soggiorno,20.033681325222222,2026-03-24T03:00:00.000Z
sensor.meross_temperature_soggiorno,20,2026-03-24T04:00:00.000Z
sensor.meross_temperature_soggiorno,19.959218000194443,2026-03-24T05:00:00.000Z
sensor.meross_temperature_soggiorno,20.71336945713889,2026-03-24T06:00:00.000Z
sensor.meross_temperature_soggiorno,21.148655407444444,2026-03-24T07:00:00.000Z
sensor.meross_temperature_soggiorno,20.833066298583333,2026-03-24T08:00:00.000Z
sensor.meross_temperature_soggiorno,20.77225865761111,2026-03-24T09:00:00.000Z
sensor.meross_temperature_soggiorno,20.630060069527776,2026-03-24T10:00:00.000Z
sensor.meross_temperature_soggiorno,20.513965405694446,2026-03-24T11:00:00.000Z
sensor.meross_temperature_soggiorno,20.66252844475,2026-03-24T12:00:00.000Z
sensor.meross_temperature_soggiorno,20.94286690583333,2026-03-24T13:00:00.000Z
sensor.meross_temperature_soggiorno,21,2026-03-24T14:00:00.000Z
sensor.meross_temperature_soggiorno,21,2026-03-24T15:00:00.000Z
sensor.meross_temperature_soggiorno,21.056044337444444,2026-03-24T18:00:00.000Z
sensor.meross_temperature_soggiorno,21,2026-03-24T19:00:00.000Z
sensor.meross_temperature_soggiorno,21,2026-03-24T20:00:00.000Z
sensor.meross_temperature_soggiorno,20.934593803444443,2026-03-24T22:00:00.000Z
sensor.meross_temperature_soggiorno,20.7732522905,2026-03-24T23:00:00.000Z
sensor.meross_temperature_soggiorno,20.630844466694445,2026-03-25T00:00:00.000Z
sensor.meross_temperature_soggiorno,20.480560016000002,2026-03-25T01:00:00.000Z
sensor.meross_temperature_soggiorno,20.355271740472222,2026-03-25T02:00:00.000Z
sensor.meross_temperature_soggiorno,20.24499217188889,2026-03-25T03:00:00.000Z
sensor.meross_temperature_soggiorno,20.124375427444445,2026-03-25T04:00:00.000Z
sensor.meross_temperature_soggiorno,20.085838859083335,2026-03-25T05:00:00.000Z
sensor.meross_temperature_soggiorno,20.892618786666667,2026-03-25T06:00:00.000Z
sensor.meross_temperature_soggiorno,21.135935372222225,2026-03-25T07:00:00.000Z
sensor.meross_temperature_soggiorno,20.8,2026-03-25T08:00:00.000Z
sensor.meross_temperature_soggiorno,20.8,2026-03-25T09:00:00.000Z
sensor.meross_temperature_soggiorno,20.83440681833333,2026-03-25T12:00:00.000Z
sensor.meross_temperature_soggiorno,20.9,2026-03-25T13:00:00.000Z
sensor.meross_temperature_soggiorno,20.9,2026-03-25T14:00:00.000Z
sensor.meross_temperature_soggiorno,20.865541587888888,2026-03-25T15:00:00.000Z
sensor.meross_temperature_soggiorno,20.78607672227778,2026-03-25T16:00:00.000Z
sensor.meross_temperature_soggiorno,20.7,2026-03-25T17:00:00.000Z
sensor.meross_temperature_soggiorno,20.592163428583333,2026-03-25T18:00:00.000Z
sensor.meross_temperature_soggiorno,20.560507047194445,2026-03-25T19:00:00.000Z
sensor.meross_temperature_soggiorno,20.562797614722225,2026-03-25T20:00:00.000Z
sensor.meross_temperature_soggiorno,20.597966872611114,2026-03-25T21:00:00.000Z
sensor.meross_temperature_soggiorno,20.526151253194445,2026-03-25T22:00:00.000Z
sensor.meross_temperature_soggiorno,20.417180737694444,2026-03-25T23:00:00.000Z
sensor.meross_temperature_soggiorno,20.24973240013889,2026-03-26T00:00:00.000Z
sensor.meross_temperature_soggiorno,20.062416960222222,2026-03-26T01:00:00.000Z
sensor.meross_temperature_soggiorno,20,2026-03-26T02:00:00.000Z
sensor.meross_temperature_soggiorno,19.949109952916668,2026-03-26T03:00:00.000Z
sensor.meross_temperature_soggiorno,19.85003066697222,2026-03-26T04:00:00.000Z
sensor.meross_temperature_soggiorno,19.84182435688889,2026-03-26T05:00:00.000Z
sensor.meross_temperature_soggiorno,20.602700059472223,2026-03-26T06:00:00.000Z
sensor.meross_temperature_soggiorno,21.05291164052778,2026-03-26T07:00:00.000Z
sensor.meross_temperature_soggiorno,21.020500580833332,2026-03-26T08:00:00.000Z
sensor.meross_temperature_soggiorno,20.51966946975,2026-03-26T09:00:00.000Z
sensor.meross_temperature_soggiorno,20.47127975077778,2026-03-26T10:00:00.000Z
sensor.meross_temperature_soggiorno,20.5,2026-03-26T11:00:00.000Z
sensor.meross_temperature_soggiorno,20.398457950055555,2026-03-26T12:00:00.000Z
sensor.meross_temperature_soggiorno,20.210941589416667,2026-03-26T13:00:00.000Z
sensor.meross_temperature_soggiorno,20.2,2026-03-26T14:00:00.000Z
sensor.meross_temperature_soggiorno,20.15776521311111,2026-03-26T15:00:00.000Z
sensor.meross_temperature_soggiorno,19.940601728916665,2026-03-26T16:00:00.000Z
sensor.meross_temperature_soggiorno,20.31754811144444,2026-03-26T17:00:00.000Z
sensor.meross_temperature_soggiorno,20.263626765583336,2026-03-26T18:00:00.000Z
sensor.meross_temperature_soggiorno,20.274770437944444,2026-03-26T19:00:00.000Z
sensor.meross_temperature_soggiorno,20.262688319694444,2026-03-26T20:00:00.000Z
sensor.meross_temperature_soggiorno,20.25420892316667,2026-03-26T21:00:00.000Z
sensor.meross_temperature_soggiorno,20.13810072102778,2026-03-26T22:00:00.000Z
sensor.meross_temperature_soggiorno,20.030599793361112,2026-03-26T23:00:00.000Z
sensor.meross_temperature_soggiorno,20,2026-03-27T00:00:00.000Z
sensor.meross_temperature_soggiorno,19.93413096322222,2026-03-27T01:00:00.000Z
sensor.meross_temperature_soggiorno,19.853665869305555,2026-03-27T02:00:00.000Z
sensor.meross_temperature_soggiorno,19.76022433672222,2026-03-27T03:00:00.000Z
sensor.meross_temperature_soggiorno,19.655530102833335,2026-03-27T04:00:00.000Z
sensor.meross_temperature_soggiorno,19.63662207277778,2026-03-27T05:00:00.000Z
sensor.meross_temperature_soggiorno,20.36371044075,2026-03-27T06:00:00.000Z
sensor.meross_temperature_soggiorno,20.917629842361112,2026-03-27T07:00:00.000Z
sensor.meross_temperature_soggiorno,20.99965762725,2026-03-27T08:00:00.000Z
sensor.meross_temperature_soggiorno,20.660449108916666,2026-03-27T09:00:00.000Z
sensor.meross_temperature_soggiorno,20.417721652833333,2026-03-27T10:00:00.000Z
sensor.meross_temperature_soggiorno,20.4,2026-03-27T11:00:00.000Z
sensor.meross_temperature_soggiorno,20.4,2026-03-27T12:00:00.000Z
sensor.meross_temperature_soggiorno,20.443800998833336,2026-03-27T13:00:00.000Z
sensor.meross_temperature_soggiorno,20.673520207166668,2026-03-27T14:00:00.000Z
sensor.meross_temperature_soggiorno,20.7,2026-03-27T15:00:00.000Z
sensor.meross_temperature_soggiorno,20.7,2026-03-27T16:00:00.000Z
sensor.meross_temperature_soggiorno,20.915599612055555,2026-03-27T17:00:00.000Z
sensor.meross_temperature_soggiorno,21.775938592777777,2026-03-27T18:00:00.000Z
sensor.meross_temperature_soggiorno,22.49282428536111,2026-03-27T19:00:00.000Z
sensor.meross_temperature_soggiorno,22.599413917861114,2026-03-27T20:00:00.000Z
sensor.meross_temperature_soggiorno,22.587247020944446,2026-03-27T21:00:00.000Z
sensor.meross_temperature_soggiorno,22.001467138916666,2026-03-27T22:00:00.000Z
sensor.meross_temperature_soggiorno,21.614495507055555,2026-03-27T23:00:00.000Z
sensor.meross_temperature_soggiorno,21.305732051583334,2026-03-28T00:00:00.000Z
sensor.meross_temperature_soggiorno,21.031998142722223,2026-03-28T01:00:00.000Z
sensor.meross_temperature_soggiorno,20.872724265805555,2026-03-28T02:00:00.000Z
sensor.meross_temperature_soggiorno,20.669447481444447,2026-03-28T03:00:00.000Z
sensor.meross_temperature_soggiorno,20.46214308625,2026-03-28T04:00:00.000Z
sensor.meross_temperature_soggiorno,20.350191064305555,2026-03-28T05:00:00.000Z
sensor.meross_temperature_soggiorno,21.039195813055557,2026-03-28T06:00:00.000Z
sensor.meross_temperature_soggiorno,21.0962735905,2026-03-28T07:00:00.000Z
sensor.meross_temperature_soggiorno,20.917810683416665,2026-03-28T08:00:00.000Z
sensor.meross_temperature_soggiorno,21,2026-03-28T09:00:00.000Z
sensor.meross_temperature_soggiorno,21,2026-03-28T10:00:00.000Z
sensor.meross_temperature_soggiorno,21.067821500194444,2026-03-28T12:00:00.000Z
sensor.meross_temperature_soggiorno,21.1,2026-03-28T13:00:00.000Z
sensor.meross_temperature_soggiorno,21.17999202675,2026-03-28T14:00:00.000Z
sensor.meross_temperature_soggiorno,21.230842262305554,2026-03-28T15:00:00.000Z
sensor.meross_temperature_soggiorno,21.183529515416666,2026-03-28T16:00:00.000Z
sensor.meross_temperature_soggiorno,21.177501076833334,2026-03-28T17:00:00.000Z
sensor.meross_temperature_soggiorno,21.174967134916667,2026-03-28T18:00:00.000Z
sensor.meross_temperature_soggiorno,21.99172041586111,2026-03-28T19:00:00.000Z
sensor.meross_temperature_soggiorno,22.508387341305554,2026-03-28T20:00:00.000Z
sensor.meross_temperature_soggiorno,22.911145484027774,2026-03-28T21:00:00.000Z
sensor.meross_temperature_soggiorno,23.248711137944444,2026-03-28T22:00:00.000Z
sensor.meross_temperature_soggiorno,23.013118059972225,2026-03-28T23:00:00.000Z
sensor.meross_temperature_soggiorno,22.50246780088889,2026-03-29T00:00:00.000Z
sensor.meross_temperature_soggiorno,22.083122970944444,2026-03-29T01:00:00.000Z
sensor.meross_temperature_soggiorno,21.867494093805558,2026-03-29T02:00:00.000Z
sensor.meross_temperature_soggiorno,21.637589801555553,2026-03-29T03:00:00.000Z
sensor.meross_temperature_soggiorno,21.49346213952778,2026-03-29T04:00:00.000Z
sensor.meross_temperature_soggiorno,21.399999999999995,2026-03-29T05:00:00.000Z
sensor.meross_temperature_soggiorno,21.399999999999995,2026-03-29T06:00:00.000Z
sensor.meross_temperature_soggiorno,21.507646104722223,2026-03-29T09:00:00.000Z
sensor.meross_temperature_soggiorno,21.636426002277776,2026-03-29T10:00:00.000Z
sensor.meross_temperature_soggiorno,21.83359390352778,2026-03-29T11:00:00.000Z
sensor.meross_temperature_soggiorno,21.765351408444445,2026-03-29T12:00:00.000Z
sensor.meross_temperature_soggiorno,21.7,2026-03-29T13:00:00.000Z
sensor.meross_temperature_soggiorno,21.7,2026-03-29T14:00:00.000Z
sensor.meross_temperature_soggiorno,21.716779370694443,2026-03-29T15:00:00.000Z
sensor.meross_temperature_soggiorno,21.8,2026-03-29T16:00:00.000Z
sensor.meross_temperature_soggiorno,21.774770034138886,2026-03-29T17:00:00.000Z
sensor.meross_temperature_soggiorno,21.7438246425,2026-03-29T18:00:00.000Z
sensor.meross_temperature_soggiorno,21.695173429611113,2026-03-29T19:00:00.000Z
sensor.meross_temperature_soggiorno,21.57479812752778,2026-03-29T20:00:00.000Z
sensor.meross_temperature_soggiorno,21.531907194444443,2026-03-29T21:00:00.000Z
sensor.meross_temperature_soggiorno,21.468001845416666,2026-03-29T22:00:00.000Z
sensor.meross_temperature_soggiorno,21.306914252694444,2026-03-29T23:00:00.000Z
sensor.meross_temperature_soggiorno,21.1234772375,2026-03-30T00:00:00.000Z
sensor.meross_temperature_soggiorno,21,2026-03-30T01:00:00.000Z
sensor.meross_temperature_soggiorno,20.94074865775,2026-03-30T02:00:00.000Z
sensor.meross_temperature_soggiorno,20.841666985,2026-03-30T03:00:00.000Z
sensor.meross_temperature_soggiorno,20.79046550772222,2026-03-30T04:00:00.000Z
sensor.meross_temperature_soggiorno,21.22986759675,2026-03-30T05:00:00.000Z
sensor.meross_temperature_soggiorno,20.955582819555556,2026-03-30T06:00:00.000Z
sensor.meross_temperature_soggiorno,20.675756151305556,2026-03-30T07:00:00.000Z
sensor.meross_temperature_soggiorno,20.75511277,2026-03-30T08:00:00.000Z
sensor.meross_temperature_soggiorno,21.116679471944444,2026-03-30T09:00:00.000Z
sensor.meross_temperature_soggiorno,21.3,2026-03-30T10:00:00.000Z
sensor.meross_temperature_soggiorno,21.3,2026-03-30T11:00:00.000Z
sensor.meross_temperature_soggiorno,21.38369053441667,2026-03-30T12:00:00.000Z
sensor.meross_temperature_soggiorno,21.399999999999995,2026-03-30T13:00:00.000Z
sensor.meross_temperature_soggiorno,21.360766330638892,2026-03-30T14:00:00.000Z
sensor.meross_temperature_soggiorno,21.377831593388887,2026-03-30T15:00:00.000Z
sensor.meross_temperature_soggiorno,21.31847273675,2026-03-30T16:00:00.000Z
sensor.meross_temperature_soggiorno,21.371026270194445,2026-03-30T17:00:00.000Z
sensor.meross_temperature_soggiorno,21.27013403847222,2026-03-30T18:00:00.000Z
sensor.meross_temperature_soggiorno,21.19625909211111,2026-03-30T19:00:00.000Z
sensor.meross_temperature_soggiorno,21.02146051377778,2026-03-30T20:00:00.000Z
sensor.meross_temperature_soggiorno,20.95449986494444,2026-03-30T21:00:00.000Z
sensor.meross_temperature_soggiorno,20.838579822333333,2026-03-30T22:00:00.000Z
sensor.meross_temperature_soggiorno,20.736691773527777,2026-03-30T23:00:00.000Z
sensor.meross_temperature_soggiorno,20.609546217194445,2026-03-31T00:00:00.000Z
sensor.meross_temperature_soggiorno,20.522191021333335,2026-03-31T01:00:00.000Z
sensor.meross_temperature_soggiorno,20.385283178305553,2026-03-31T02:00:00.000Z
sensor.meross_temperature_soggiorno,20.287044516416668,2026-03-31T03:00:00.000Z
sensor.meross_temperature_soggiorno,20.263127021777777,2026-03-31T04:00:00.000Z
sensor.meross_temperature_soggiorno,21.066719389027778,2026-03-31T05:00:00.000Z
sensor.meross_temperature_soggiorno,20.888979237305556,2026-03-31T06:00:00.000Z
sensor.meross_temperature_soggiorno,21.056285204083334,2026-03-31T07:00:00.000Z
sensor.meross_temperature_soggiorno,21,2026-03-31T08:00:00.000Z
sensor.meross_temperature_soggiorno,20.905528329055553,2026-03-31T09:00:00.000Z
sensor.meross_temperature_soggiorno,21.02981524038889,2026-03-31T10:00:00.000Z
sensor.meross_temperature_soggiorno,21,2026-03-31T11:00:00.000Z
sensor.meross_temperature_soggiorno,20.845117128000002,2026-03-31T12:00:00.000Z
sensor.meross_temperature_soggiorno,20.9,2026-03-31T13:00:00.000Z
sensor.meross_temperature_soggiorno,20.9,2026-03-31T14:00:00.000Z
sensor.meross_temperature_soggiorno,20.862377922916668,2026-03-31T15:00:00.000Z
sensor.meross_temperature_soggiorno,20.938892657194444,2026-03-31T16:00:00.000Z
sensor.meross_temperature_soggiorno,21,2026-03-31T17:00:00.000Z
sensor.meross_temperature_soggiorno,20.85073203488889,2026-03-31T18:00:00.000Z
sensor.meross_temperature_soggiorno,20.340914703444444,2026-03-31T19:00:00.000Z
sensor.meross_temperature_soggiorno,20.79218735313889,2026-03-31T20:00:00.000Z
sensor.meross_temperature_soggiorno,20.9,2026-03-31T21:00:00.000Z
sensor.meross_temperature_soggiorno,20.831958928833334,2026-03-31T22:00:00.000Z
sensor.meross_temperature_soggiorno,20.68709725363889,2026-03-31T23:00:00.000Z
sensor.meross_temperature_soggiorno,20.557173728416668,2026-04-01T00:00:00.000Z
sensor.meross_temperature_soggiorno,20.42591002963889,2026-04-01T01:00:00.000Z
sensor.meross_temperature_soggiorno,20.275125984194446,2026-04-01T02:00:00.000Z
sensor.meross_temperature_soggiorno,20.161984542833334,2026-04-01T03:00:00.000Z
sensor.meross_temperature_soggiorno,20.18011897738889,2026-04-01T04:00:00.000Z
sensor.meross_temperature_soggiorno,21.03429681313889,2026-04-01T05:00:00.000Z
sensor.meross_temperature_soggiorno,20.97599121763889,2026-04-01T06:00:00.000Z
sensor.meross_temperature_soggiorno,20.782627464472224,2026-04-01T07:00:00.000Z
sensor.meross_temperature_soggiorno,20.524700144666667,2026-04-01T08:00:00.000Z
sensor.meross_temperature_soggiorno,20.5,2026-04-01T09:00:00.000Z
sensor.meross_temperature_soggiorno,20.535482622194447,2026-04-01T10:00:00.000Z
sensor.meross_temperature_soggiorno,20.634564610277778,2026-04-01T11:00:00.000Z
sensor.meross_temperature_soggiorno,20.714029554833335,2026-04-01T12:00:00.000Z
sensor.meross_temperature_soggiorno,20.874793944277776,2026-04-01T13:00:00.000Z
sensor.meross_temperature_soggiorno,20.8653564505,2026-04-01T14:00:00.000Z
sensor.meross_temperature_soggiorno,20.8,2026-04-01T15:00:00.000Z
sensor.meross_temperature_soggiorno,20.75313222338889,2026-04-01T16:00:00.000Z
sensor.meross_temperature_soggiorno,20.7,2026-04-01T17:00:00.000Z
sensor.meross_temperature_soggiorno,20.62415386602778,2026-04-01T18:00:00.000Z
sensor.meross_temperature_soggiorno,20.563547828083333,2026-04-01T19:00:00.000Z
sensor.meross_temperature_soggiorno,20.66926875275,2026-04-01T20:00:00.000Z
sensor.meross_temperature_soggiorno,20.596123416166666,2026-04-01T21:00:00.000Z
sensor.meross_temperature_soggiorno,20.5,2026-04-01T22:00:00.000Z
sensor.meross_temperature_soggiorno,20.41644001738889,2026-04-01T23:00:00.000Z
sensor.meross_temperature_soggiorno,20.311741444916667,2026-04-02T00:00:00.000Z
sensor.meross_temperature_soggiorno,20.22663719627778,2026-04-02T01:00:00.000Z
sensor.meross_temperature_soggiorno,20.110179529833335,2026-04-02T02:00:00.000Z
sensor.meross_temperature_soggiorno,20,2026-04-02T03:00:00.000Z
sensor.meross_temperature_soggiorno,20.030746837861113,2026-04-02T04:00:00.000Z
sensor.meross_temperature_soggiorno,20.76987352147222,2026-04-02T05:00:00.000Z
sensor.meross_temperature_soggiorno,21.12993442075,2026-04-02T06:00:00.000Z
sensor.meross_temperature_soggiorno,21.04852677875,2026-04-02T07:00:00.000Z
sensor.meross_temperature_soggiorno,20.669185577444445,2026-04-02T08:00:00.000Z
sensor.meross_temperature_soggiorno,20.843651753638888,2026-04-02T09:00:00.000Z
sensor.meross_temperature_soggiorno,20.9,2026-04-02T10:00:00.000Z
sensor.meross_temperature_soggiorno,20.645717212277777,2026-04-02T11:00:00.000Z
sensor.meross_temperature_soggiorno,20.864482008527776,2026-04-02T12:00:00.000Z
sensor.meross_temperature_soggiorno,20.783933831444443,2026-04-02T13:00:00.000Z
sensor.meross_temperature_soggiorno,20.969609627277777,2026-04-02T14:00:00.000Z
sensor.meross_temperature_soggiorno,21.226054191388886,2026-04-02T15:00:00.000Z
sensor.meross_temperature_soggiorno,21.238420159833336,2026-04-02T16:00:00.000Z
sensor.meross_temperature_soggiorno,21.10049245936111,2026-04-02T17:00:00.000Z
sensor.meross_temperature_soggiorno,21.121935323194446,2026-04-02T18:00:00.000Z
sensor.meross_temperature_soggiorno,21.034077036333333,2026-04-02T19:00:00.000Z
sensor.meross_temperature_soggiorno,21,2026-04-02T20:00:00.000Z
sensor.meross_temperature_soggiorno,20.97561842397222,2026-04-02T21:00:00.000Z
sensor.meross_temperature_soggiorno,20.89226320875,2026-04-02T22:00:00.000Z
sensor.meross_temperature_soggiorno,20.685502725805556,2026-04-02T23:00:00.000Z
sensor.meross_temperature_soggiorno,20.5268301605,2026-04-03T00:00:00.000Z
sensor.meross_temperature_soggiorno,20.382534551888888,2026-04-03T01:00:00.000Z
sensor.meross_temperature_soggiorno,20.264621188416665,2026-04-03T02:00:00.000Z
sensor.meross_temperature_soggiorno,20.16273314113889,2026-04-03T03:00:00.000Z
sensor.meross_temperature_soggiorno,20.112962099,2026-04-03T04:00:00.000Z
sensor.meross_temperature_soggiorno,20.924342547194446,2026-04-03T05:00:00.000Z
sensor.meross_temperature_soggiorno,21.087702958583332,2026-04-03T06:00:00.000Z
sensor.meross_temperature_soggiorno,20.8,2026-04-03T07:00:00.000Z
sensor.meross_temperature_soggiorno,20.85354486088889,2026-04-03T08:00:00.000Z
sensor.meross_temperature_soggiorno,20.987720226138887,2026-04-03T09:00:00.000Z
sensor.meross_temperature_soggiorno,21.08680046541667,2026-04-03T10:00:00.000Z
sensor.meross_temperature_soggiorno,21.139505149250002,2026-04-03T11:00:00.000Z
sensor.meross_temperature_soggiorno,21.21235810672222,2026-04-03T12:00:00.000Z
sensor.meross_temperature_soggiorno,21.3,2026-04-03T13:00:00.000Z
sensor.meross_temperature_soggiorno,21.3,2026-04-03T14:00:00.000Z
sensor.meross_temperature_soggiorno,21.279140283222223,2026-04-03T15:00:00.000Z
sensor.meross_temperature_soggiorno,21.26759465525,2026-04-03T16:00:00.000Z
sensor.meross_temperature_soggiorno,21.230518324,2026-04-03T17:00:00.000Z
sensor.meross_temperature_soggiorno,21.181645557,2026-04-03T18:00:00.000Z
sensor.meross_temperature_soggiorno,21.3,2026-04-03T19:00:00.000Z
sensor.meross_temperature_soggiorno,21.24447015836111,2026-04-03T20:00:00.000Z
sensor.meross_temperature_soggiorno,21.19059620613889,2026-04-03T21:00:00.000Z
sensor.meross_temperature_soggiorno,21.07895627913889,2026-04-03T22:00:00.000Z
sensor.meross_temperature_soggiorno,21,2026-04-03T23:00:00.000Z
sensor.meross_temperature_soggiorno,20.936252975444443,2026-04-04T00:00:00.000Z
sensor.meross_temperature_soggiorno,20.79556859361111,2026-04-04T01:00:00.000Z
sensor.meross_temperature_soggiorno,20.571709247805558,2026-04-04T02:00:00.000Z
sensor.meross_temperature_soggiorno,20.431672605638887,2026-04-04T03:00:00.000Z
sensor.meross_temperature_soggiorno,20.388918593694445,2026-04-04T04:00:00.000Z
sensor.meross_temperature_soggiorno,21.137765715555556,2026-04-04T05:00:00.000Z
sensor.meross_temperature_soggiorno,21.179797363333332,2026-04-04T06:00:00.000Z
sensor.meross_temperature_soggiorno,22.168156694,2026-04-04T07:00:00.000Z
sensor.meross_temperature_soggiorno,22.98356757088889,2026-04-04T08:00:00.000Z
sensor.meross_temperature_soggiorno,22.955713032361114,2026-04-04T09:00:00.000Z
sensor.meross_temperature_soggiorno,22.46074729986111,2026-04-04T10:00:00.000Z
sensor.meross_temperature_soggiorno,22.272183255777776,2026-04-04T11:00:00.000Z
sensor.meross_temperature_soggiorno,22.258842927388887,2026-04-04T12:00:00.000Z
sensor.meross_temperature_soggiorno,22.3,2026-04-04T13:00:00.000Z
sensor.meross_temperature_soggiorno,22.3,2026-04-04T14:00:00.000Z
sensor.meross_temperature_soggiorno,22.201911379694447,2026-04-04T15:00:00.000Z
sensor.meross_temperature_soggiorno,22.3,2026-04-04T16:00:00.000Z
sensor.meross_temperature_soggiorno,22.30479267436111,2026-04-04T17:00:00.000Z
sensor.meross_temperature_soggiorno,22.11888626336111,2026-04-04T18:00:00.000Z
sensor.meross_temperature_soggiorno,22.007435300694443,2026-04-04T19:00:00.000Z
sensor.meross_temperature_soggiorno,22.065417001166665,2026-04-04T20:00:00.000Z
sensor.meross_temperature_soggiorno,21.87382106852778,2026-04-04T21:00:00.000Z
sensor.meross_temperature_soggiorno,21.69521929619444,2026-04-04T22:00:00.000Z
sensor.meross_temperature_soggiorno,21.55550141377778,2026-04-04T23:00:00.000Z
sensor.meross_temperature_soggiorno,21.5,2026-04-05T00:00:00.000Z
sensor.meross_temperature_soggiorno,21.398781552527776,2026-04-05T01:00:00.000Z
sensor.meross_temperature_soggiorno,21.273581975661447,2026-04-05T02:00:00.000Z
sensor.meross_temperature_soggiorno,21.163787074305557,2026-04-05T03:00:00.000Z
sensor.meross_temperature_soggiorno,21.050508348583335,2026-04-05T04:00:00.000Z
sensor.meross_temperature_soggiorno,21.039711963444443,2026-04-05T05:00:00.000Z
sensor.meross_temperature_soggiorno,21.013553673222223,2026-04-05T06:00:00.000Z
sensor.meross_temperature_soggiorno,21,2026-04-05T07:00:00.000Z
sensor.meross_temperature_soggiorno,21.218961668055556,2026-04-05T08:00:00.000Z
sensor.meross_temperature_soggiorno,21.399999999999995,2026-04-05T09:00:00.000Z
sensor.meross_temperature_soggiorno,21.4854691565,2026-04-05T10:00:00.000Z
sensor.meross_temperature_soggiorno,21.559320738361112,2026-04-05T11:00:00.000Z
sensor.meross_temperature_soggiorno,21.600000000000005,2026-04-05T12:00:00.000Z
sensor.meross_temperature_soggiorno,21.600000000000005,2026-04-05T13:00:00.000Z
sensor.meross_temperature_soggiorno,21.585389755805554,2026-04-05T14:00:00.000Z
sensor.meross_temperature_soggiorno,21.5,2026-04-05T15:00:00.000Z
sensor.meross_temperature_soggiorno,21.600115014222222,2026-04-05T16:00:00.000Z
sensor.meross_temperature_soggiorno,21.8,2026-04-05T17:00:00.000Z
sensor.meross_temperature_soggiorno,21.780533685944444,2026-04-05T18:00:00.000Z
sensor.meross_temperature_soggiorno,21.735386095472222,2026-04-05T19:00:00.000Z
sensor.meross_temperature_soggiorno,21.8,2026-04-05T20:00:00.000Z
sensor.meross_temperature_soggiorno,21.734580660472222,2026-04-05T21:00:00.000Z
sensor.meross_temperature_soggiorno,21.7,2026-04-05T22:00:00.000Z
sensor.meross_temperature_soggiorno,21.63636145691667,2026-04-05T23:00:00.000Z
sensor.meross_temperature_soggiorno,21.56250954188889,2026-04-06T00:00:00.000Z
sensor.meross_temperature_soggiorno,21.5,2026-04-06T01:00:00.000Z
sensor.meross_temperature_soggiorno,21.387346760666663,2026-04-06T02:00:00.000Z
sensor.meross_temperature_soggiorno,21.25298299797222,2026-04-06T03:00:00.000Z
sensor.meross_temperature_soggiorno,21.181381229916667,2026-04-06T04:00:00.000Z
sensor.meross_temperature_soggiorno,21.1,2026-04-06T05:00:00.000Z
sensor.meross_temperature_soggiorno,21.009195343194445,2026-04-06T06:00:00.000Z
sensor.meross_temperature_soggiorno,21.19935428147222,2026-04-06T07:00:00.000Z
sensor.meross_temperature_soggiorno,21.458454940027778,2026-04-06T08:00:00.000Z
sensor.meross_temperature_soggiorno,21.685798383833333,2026-04-06T09:00:00.000Z
sensor.meross_temperature_soggiorno,21.777540633,2026-04-06T10:00:00.000Z
sensor.meross_temperature_soggiorno,21.940897896333336,2026-04-06T11:00:00.000Z
sensor.meross_temperature_soggiorno,22.107970152888885,2026-04-06T12:00:00.000Z
sensor.meross_temperature_soggiorno,22.38578041888889,2026-04-06T13:00:00.000Z
sensor.meross_temperature_soggiorno,22.713577808638888,2026-04-06T14:00:00.000Z
sensor.meross_temperature_soggiorno,22.86567662022222,2026-04-06T15:00:00.000Z
sensor.meross_temperature_soggiorno,22.899999999999995,2026-04-06T16:00:00.000Z
sensor.meross_temperature_soggiorno,22.880389839083332,2026-04-06T17:00:00.000Z
sensor.meross_temperature_soggiorno,22.829916605250002,2026-04-06T18:00:00.000Z
sensor.meross_temperature_soggiorno,22.598075437166667,2026-04-06T19:00:00.000Z
sensor.meross_temperature_soggiorno,22.514003312,2026-04-06T20:00:00.000Z
sensor.meross_temperature_soggiorno,22.372102476444443,2026-04-06T21:00:00.000Z
sensor.meross_temperature_soggiorno,22.224299250805554,2026-04-06T22:00:00.000Z
sensor.meross_temperature_soggiorno,22.106455459777777,2026-04-06T23:00:00.000Z
sensor.meross_temperature_soggiorno,21.980291841,2026-04-07T00:00:00.000Z
sensor.meross_temperature_soggiorno,21.850339549083333,2026-04-07T01:00:00.000Z
sensor.meross_temperature_soggiorno,21.723222187916665,2026-04-07T02:00:00.000Z
sensor.meross_temperature_soggiorno,21.593099501166666,2026-04-07T03:00:00.000Z
sensor.meross_temperature_soggiorno,21.5,2026-04-07T04:00:00.000Z
sensor.meross_temperature_soggiorno,21.455068624000003,2026-04-07T05:00:00.000Z
sensor.meross_temperature_soggiorno,21.399999999999995,2026-04-07T06:00:00.000Z
sensor.meross_temperature_soggiorno,21.389635046861112,2026-04-07T07:00:00.000Z
sensor.meross_temperature_soggiorno,21.676432026444445,2026-04-07T08:00:00.000Z
sensor.meross_temperature_soggiorno,21.926660040666665,2026-04-07T09:00:00.000Z
sensor.meross_temperature_soggiorno,22.071988034527777,2026-04-07T10:00:00.000Z
sensor.meross_temperature_soggiorno,22.202893079305557,2026-04-07T11:00:00.000Z
sensor.meross_temperature_soggiorno,22.438778740805557,2026-04-07T12:00:00.000Z
sensor.meross_temperature_soggiorno,22.3,2026-04-07T13:00:00.000Z
sensor.meross_temperature_soggiorno,22.212067743055556,2026-04-07T14:00:00.000Z
sensor.meross_temperature_soggiorno,22.2,2026-04-07T15:00:00.000Z
sensor.meross_temperature_soggiorno,22.249696437694443,2026-04-07T16:00:00.000Z
sensor.meross_temperature_soggiorno,22.30398722872222,2026-04-07T17:00:00.000Z
sensor.meross_temperature_soggiorno,22.3383147765,2026-04-07T18:00:00.000Z
sensor.meross_temperature_soggiorno,22.399999999999995,2026-04-07T19:00:00.000Z
sensor.meross_temperature_soggiorno,22.34500113313889,2026-04-07T20:00:00.000Z
sensor.meross_temperature_soggiorno,22.257117134944448,2026-04-07T21:00:00.000Z
sensor.meross_temperature_soggiorno,22.186071525666666,2026-04-07T22:00:00.000Z
sensor.meross_temperature_soggiorno,22.044921431000002,2026-04-07T23:00:00.000Z
sensor.meross_temperature_soggiorno,21.982906421888888,2026-04-08T00:00:00.000Z
sensor.meross_temperature_soggiorno,21.847369504472223,2026-04-08T01:00:00.000Z
sensor.meross_temperature_soggiorno,21.717417477194445,2026-04-08T02:00:00.000Z
sensor.meross_temperature_soggiorno,21.60113443402778,2026-04-08T03:00:00.000Z
sensor.meross_temperature_soggiorno,21.5,2026-04-08T04:00:00.000Z
sensor.meross_temperature_soggiorno,21.5,2026-04-08T05:00:00.000Z
sensor.meross_temperature_soggiorno,21.618743550805558,2026-04-08T08:00:00.000Z
sensor.meross_temperature_soggiorno,21.8,2026-04-08T09:00:00.000Z
sensor.meross_temperature_soggiorno,21.891379911499996,2026-04-08T10:00:00.000Z
sensor.meross_temperature_soggiorno,21.899999999999995,2026-04-08T11:00:00.000Z
sensor.meross_temperature_soggiorno,21.899999999999995,2026-04-08T12:00:00.000Z
sensor.meross_temperature_soggiorno,21.9510399375,2026-04-08T15:00:00.000Z
sensor.meross_temperature_soggiorno,22.14285741916667,2026-04-08T16:00:00.000Z
sensor.meross_temperature_soggiorno,22.256043981666664,2026-04-08T17:00:00.000Z
sensor.meross_temperature_soggiorno,22.177604556333332,2026-04-08T18:00:00.000Z
sensor.meross_temperature_soggiorno,22.18035340988889,2026-04-08T19:00:00.000Z
sensor.meross_temperature_soggiorno,22.248764589944443,2026-04-08T20:00:00.000Z
sensor.meross_temperature_soggiorno,22.2,2026-04-08T21:00:00.000Z
sensor.meross_temperature_soggiorno,22.16365329513889,2026-04-08T22:00:00.000Z
sensor.meross_temperature_soggiorno,22.050540224305553,2026-04-08T23:00:00.000Z
sensor.meross_temperature_soggiorno,21.98824648336111,2026-04-09T00:00:00.000Z
sensor.meross_temperature_soggiorno,21.861102215805555,2026-04-09T01:00:00.000Z
sensor.meross_temperature_soggiorno,21.722786121722223,2026-04-09T02:00:00.000Z
sensor.meross_temperature_soggiorno,21.583808933805557,2026-04-09T03:00:00.000Z
sensor.meross_temperature_soggiorno,21.5,2026-04-09T04:00:00.000Z
sensor.meross_temperature_soggiorno,21.496589472583334,2026-04-09T05:00:00.000Z
sensor.meross_temperature_soggiorno,21.399999999999995,2026-04-09T06:00:00.000Z
sensor.meross_temperature_soggiorno,21.399999999999995,2026-04-09T07:00:00.000Z
sensor.meross_temperature_soggiorno,21.58338125413889,2026-04-09T08:00:00.000Z
sensor.meross_temperature_soggiorno,21.766784211083333,2026-04-09T09:00:00.000Z
sensor.meross_temperature_soggiorno,21.84063726686111,2026-04-09T10:00:00.000Z
sensor.meross_temperature_soggiorno,21.899999999999995,2026-04-09T11:00:00.000Z
sensor.meross_temperature_soggiorno,21.899999999999995,2026-04-09T12:00:00.000Z
sensor.meross_temperature_soggiorno,21.94594084411111,2026-04-09T13:00:00.000Z
sensor.meross_temperature_soggiorno,22,2026-04-09T14:00:00.000Z
sensor.meross_temperature_soggiorno,22.01612436227778,2026-04-09T15:00:00.000Z
sensor.meross_temperature_soggiorno,22.154467862444445,2026-04-09T16:00:00.000Z
sensor.meross_temperature_soggiorno,22.2,2026-04-09T17:00:00.000Z
sensor.meross_temperature_soggiorno,22.21623222822222,2026-04-09T18:00:00.000Z
sensor.meross_temperature_soggiorno,22.3,2026-04-09T19:00:00.000Z
sensor.meross_temperature_soggiorno,22.3,2026-04-09T20:00:00.000Z
sensor.meross_temperature_soggiorno,22.206333084416666,2026-04-09T21:00:00.000Z
sensor.meross_temperature_soggiorno,22.121226353194444,2026-04-09T22:00:00.000Z
sensor.meross_temperature_soggiorno,22.04734665836111,2026-04-09T23:00:00.000Z
sensor.meross_temperature_soggiorno,21.993472306472224,2026-04-10T00:00:00.000Z
sensor.meross_temperature_soggiorno,21.801895703166664,2026-04-10T01:00:00.000Z
sensor.meross_temperature_soggiorno,21.653268304583335,2026-04-10T02:00:00.000Z
sensor.meross_temperature_soggiorno,21.533763930055557,2026-04-10T03:00:00.000Z
sensor.meross_temperature_soggiorno,21.5,2026-04-10T04:00:00.000Z
sensor.meross_temperature_soggiorno,21.43365524008333,2026-04-10T05:00:00.000Z
sensor.meross_temperature_soggiorno,21.399999999999995,2026-04-10T06:00:00.000Z
sensor.meross_temperature_soggiorno,21.399999999999995,2026-04-10T07:00:00.000Z
sensor.meross_temperature_soggiorno,21.494209831611112,2026-04-10T08:00:00.000Z
sensor.meross_temperature_soggiorno,21.5,2026-04-10T09:00:00.000Z
sensor.meross_temperature_soggiorno,21.54191485980556,2026-04-10T10:00:00.000Z
sensor.meross_temperature_soggiorno,21.64663759813889,2026-04-10T11:00:00.000Z
sensor.meross_temperature_soggiorno,21.725257309194443,2026-04-10T12:00:00.000Z
sensor.meross_temperature_soggiorno,21.78408571952778,2026-04-10T13:00:00.000Z
sensor.meross_temperature_soggiorno,21.8,2026-04-10T14:00:00.000Z
sensor.meross_temperature_soggiorno,21.8,2026-04-10T15:00:00.000Z
sensor.meross_temperature_soggiorno,21.776462425861112,2026-04-10T18:00:00.000Z
sensor.meross_temperature_soggiorno,21.753261507166666,2026-04-10T19:00:00.000Z
sensor.meross_temperature_soggiorno,21.782584599722224,2026-04-10T20:00:00.000Z
sensor.meross_temperature_soggiorno,21.899999999999995,2026-04-10T21:00:00.000Z
sensor.meross_temperature_soggiorno,21.899999999999995,2026-04-10T22:00:00.000Z
sensor.meross_temperature_soggiorno,21.780858264388886,2026-04-10T23:00:00.000Z
sensor.meross_temperature_soggiorno,21.582639042861114,2026-04-11T00:00:00.000Z
sensor.meross_temperature_soggiorno,21.5,2026-04-11T01:00:00.000Z
sensor.meross_temperature_soggiorno,21.497032896388887,2026-04-11T02:00:00.000Z
sensor.meross_temperature_soggiorno,21.399999999999995,2026-04-11T03:00:00.000Z
sensor.meross_temperature_soggiorno,21.311928150777778,2026-04-11T04:00:00.000Z
sensor.meross_temperature_soggiorno,21.254052685361113,2026-04-11T05:00:00.000Z
sensor.meross_temperature_soggiorno,21.2,2026-04-11T06:00:00.000Z
sensor.meross_temperature_soggiorno,21.231150074444443,2026-04-11T07:00:00.000Z
sensor.meross_temperature_soggiorno,21.498263123666664,2026-04-11T08:00:00.000Z
sensor.meross_temperature_soggiorno,21.7,2026-04-11T09:00:00.000Z
sensor.meross_temperature_soggiorno,21.796344349277778,2026-04-11T10:00:00.000Z
sensor.meross_temperature_soggiorno,21.833796963583335,2026-04-11T11:00:00.000Z
sensor.meross_temperature_soggiorno,21.899999999999995,2026-04-11T12:00:00.000Z
sensor.meross_temperature_soggiorno,21.938583805888886,2026-04-11T13:00:00.000Z
sensor.meross_temperature_soggiorno,22,2026-04-11T14:00:00.000Z
sensor.meross_temperature_soggiorno,22,2026-04-11T15:00:00.000Z
sensor.meross_temperature_soggiorno,22.05099123936111,2026-04-11T17:00:00.000Z
sensor.meross_temperature_soggiorno,22.038700667750003,2026-04-11T18:00:00.000Z
sensor.meross_temperature_soggiorno,21.94710430052778,2026-04-11T19:00:00.000Z
sensor.meross_temperature_soggiorno,21.819946431250003,2026-04-11T20:00:00.000Z
sensor.meross_temperature_soggiorno,21.738344025999996,2026-04-11T21:00:00.000Z
sensor.meross_temperature_soggiorno,21.8,2026-04-11T22:00:00.000Z
sensor.meross_temperature_soggiorno,21.8,2026-04-11T23:00:00.000Z
sensor.meross_temperature_soggiorno,21.663122373583334,2026-04-12T00:00:00.000Z
sensor.meross_temperature_soggiorno,21.51811642586111,2026-04-12T01:00:00.000Z
sensor.meross_temperature_soggiorno,21.5,2026-04-12T02:00:00.000Z
sensor.meross_temperature_soggiorno,21.414807155194442,2026-04-12T03:00:00.000Z
sensor.meross_temperature_soggiorno,21.367211993083334,2026-04-12T04:00:00.000Z
sensor.meross_temperature_soggiorno,21.3,2026-04-12T05:00:00.000Z
sensor.meross_temperature_soggiorno,21.232593383555557,2026-04-12T06:00:00.000Z
sensor.meross_temperature_soggiorno,21.21550037438889,2026-04-12T07:00:00.000Z
sensor.meross_temperature_soggiorno,21.3,2026-04-12T08:00:00.000Z
sensor.meross_temperature_soggiorno,21.36199516825,2026-04-12T09:00:00.000Z
sensor.meross_temperature_soggiorno,21.254841049,2026-04-12T10:00:00.000Z
sensor.meross_temperature_soggiorno,21.393156383444445,2026-04-12T11:00:00.000Z
sensor.meross_temperature_soggiorno,21.462968499805555,2026-04-12T12:00:00.000Z
sensor.meross_temperature_soggiorno,21.600000000000005,2026-04-12T13:00:00.000Z
sensor.meross_temperature_soggiorno,21.687122919666667,2026-04-12T14:00:00.000Z
sensor.meross_temperature_soggiorno,21.7,2026-04-12T15:00:00.000Z
sensor.meross_temperature_soggiorno,21.628662731694448,2026-04-12T16:00:00.000Z
sensor.meross_temperature_soggiorno,21.524285865472223,2026-04-12T17:00:00.000Z
sensor.meross_temperature_soggiorno,21.600000000000005,2026-04-12T18:00:00.000Z
sensor.meross_temperature_soggiorno,21.608391296694446,2026-04-12T19:00:00.000Z
sensor.meross_temperature_soggiorno,21.600000000000005,2026-04-12T20:00:00.000Z
sensor.meross_temperature_soggiorno,21.53172646025,2026-04-12T21:00:00.000Z
sensor.meross_temperature_soggiorno,21.494384414194442,2026-04-12T22:00:00.000Z
sensor.meross_temperature_soggiorno,21.399999999999995,2026-04-12T23:00:00.000Z
sensor.meross_temperature_soggiorno,21.331730155666666,2026-04-13T00:00:00.000Z
sensor.meross_temperature_soggiorno,21.3,2026-04-13T01:00:00.000Z
sensor.meross_temperature_soggiorno,21.224047828416666,2026-04-13T02:00:00.000Z
sensor.meross_temperature_soggiorno,21.2,2026-04-13T03:00:00.000Z
sensor.meross_temperature_soggiorno,21.106228623361112,2026-04-13T04:00:00.000Z
sensor.meross_temperature_soggiorno,21.060766761472223,2026-04-13T05:00:00.000Z
sensor.meross_temperature_soggiorno,21.1,2026-04-13T06:00:00.000Z
sensor.meross_temperature_soggiorno,21.080383129361113,2026-04-13T07:00:00.000Z
sensor.meross_temperature_soggiorno,21.150459854972222,2026-04-13T08:00:00.000Z
sensor.meross_temperature_soggiorno,21.1,2026-04-13T09:00:00.000Z
sensor.meross_temperature_soggiorno,21.09848583366667,2026-04-13T10:00:00.000Z
sensor.meross_temperature_soggiorno,21.028631842194446,2026-04-13T11:00:00.000Z
sensor.meross_temperature_soggiorno,21.113709578944448,2026-04-13T12:00:00.000Z
sensor.meross_temperature_soggiorno,21.2,2026-04-13T13:00:00.000Z
sensor.meross_temperature_soggiorno,21.140474542472223,2026-04-13T14:00:00.000Z
sensor.meross_temperature_soggiorno,21.1,2026-04-13T15:00:00.000Z
sensor.meross_temperature_soggiorno,21.008662262138888,2026-04-13T16:00:00.000Z
sensor.meross_temperature_soggiorno,21,2026-04-13T17:00:00.000Z
sensor.meross_temperature_soggiorno,21.11456537402778,2026-04-13T18:00:00.000Z
sensor.meross_temperature_soggiorno,21.299578028055556,2026-04-13T19:00:00.000Z
sensor.meross_temperature_soggiorno,21.354043956444443,2026-04-13T20:00:00.000Z
sensor.meross_temperature_soggiorno,21.399999999999995,2026-04-13T21:00:00.000Z
sensor.meross_temperature_soggiorno,21.259688251805553,2026-04-13T22:00:00.000Z
sensor.meross_temperature_soggiorno,21.116761748166667,2026-04-13T23:00:00.000Z
sensor.meross_temperature_soggiorno,21.028873750111114,2026-04-14T00:00:00.000Z
sensor.meross_temperature_soggiorno,21,2026-04-14T01:00:00.000Z
sensor.meross_temperature_soggiorno,21,2026-04-14T02:00:00.000Z
sensor.meross_temperature_soggiorno,20.932825862749997,2026-04-14T03:00:00.000Z
sensor.meross_temperature_soggiorno,20.9,2026-04-14T04:00:00.000Z
sensor.meross_temperature_soggiorno,20.93674911158333,2026-04-14T05:00:00.000Z
sensor.meross_temperature_soggiorno,21.025201265805556,2026-04-14T06:00:00.000Z
sensor.meross_temperature_soggiorno,21,2026-04-14T07:00:00.000Z
sensor.meross_temperature_soggiorno,21,2026-04-14T08:00:00.000Z
sensor.meross_temperature_soggiorno,20.91642028472222,2026-04-14T10:00:00.000Z
sensor.meross_temperature_soggiorno,20.77626024313889,2026-04-14T11:00:00.000Z
sensor.meross_temperature_soggiorno,20.84948611522222,2026-04-14T12:00:00.000Z
sensor.meross_temperature_soggiorno,20.9155370995,2026-04-14T13:00:00.000Z
sensor.meross_temperature_soggiorno,21,2026-04-14T14:00:00.000Z
sensor.meross_temperature_soggiorno,21.091914726222225,2026-04-14T15:00:00.000Z
sensor.meross_temperature_soggiorno,21.25204431438889,2026-04-14T16:00:00.000Z
sensor.meross_temperature_soggiorno,21.25793443052778,2026-04-14T17:00:00.000Z
sensor.meross_temperature_soggiorno,21.435735939972222,2026-04-14T18:00:00.000Z
sensor.meross_temperature_soggiorno,21.309198321861114,2026-04-14T19:00:00.000Z
sensor.meross_temperature_soggiorno,21.3,2026-04-14T20:00:00.000Z
sensor.meross_temperature_soggiorno,21.20659001536111,2026-04-14T21:00:00.000Z
sensor.meross_temperature_soggiorno,21.12715840813889,2026-04-14T22:00:00.000Z
sensor.meross_temperature_soggiorno,21,2026-04-14T23:00:00.000Z
sensor.meross_temperature_soggiorno,21,2026-04-15T00:00:00.000Z
sensor.meross_temperature_soggiorno,20.977629446583332,2026-04-15T01:00:00.000Z
sensor.meross_temperature_soggiorno,20.9,2026-04-15T02:00:00.000Z
sensor.meross_temperature_soggiorno,20.893316750083333,2026-04-15T03:00:00.000Z
sensor.meross_temperature_soggiorno,20.8,2026-04-15T04:00:00.000Z
sensor.meross_temperature_soggiorno,20.8,2026-04-15T05:00:00.000Z
sensor.meross_temperature_soggiorno,20.897344771777778,2026-04-15T06:00:00.000Z
sensor.meross_temperature_soggiorno,20.9,2026-04-15T07:00:00.000Z
sensor.meross_temperature_soggiorno,20.99965598188889,2026-04-15T08:00:00.000Z
sensor.meross_temperature_soggiorno,21.1,2026-04-15T09:00:00.000Z
sensor.meross_temperature_soggiorno,21.1,2026-04-15T10:00:00.000Z
sensor.meross_temperature_soggiorno,21.153518831555555,2026-04-15T11:00:00.000Z
sensor.meross_temperature_soggiorno,21.2,2026-04-15T12:00:00.000Z
sensor.meross_temperature_soggiorno,21.265686518694444,2026-04-15T13:00:00.000Z
sensor.meross_temperature_soggiorno,21.3,2026-04-15T14:00:00.000Z
sensor.meross_temperature_soggiorno,21.343594166583333,2026-04-15T15:00:00.000Z
sensor.meross_temperature_soggiorno,21.399999999999995,2026-04-15T16:00:00.000Z
sensor.meross_temperature_soggiorno,21.399999999999995,2026-04-15T17:00:00.000Z
sensor.meross_temperature_soggiorno,21.438865518833335,2026-04-15T19:00:00.000Z
sensor.meross_temperature_soggiorno,21.48775447086111,2026-04-15T20:00:00.000Z
sensor.meross_temperature_soggiorno,21.35780267808333,2026-04-15T21:00:00.000Z
sensor.meross_temperature_soggiorno,21.26433389213889,2026-04-15T22:00:00.000Z
sensor.meross_temperature_soggiorno,21.2,2026-04-15T23:00:00.000Z
sensor.meross_temperature_soggiorno,21.113455319416666,2026-04-16T00:00:00.000Z
sensor.meross_temperature_soggiorno,21.00347622800548,2026-04-16T03:00:00.000Z
sensor.meross_temperature_soggiorno,20.993238183666666,2026-04-16T04:00:00.000Z
sensor.meross_temperature_soggiorno,20.9,2026-04-16T05:00:00.000Z
sensor.meross_temperature_soggiorno,20.959231544555553,2026-04-16T06:00:00.000Z
sensor.meross_temperature_soggiorno,21.37415321788889,2026-04-16T07:00:00.000Z
sensor.meross_temperature_soggiorno,21.30528357163889,2026-04-16T08:00:00.000Z
sensor.meross_temperature_soggiorno,21.399999999999995,2026-04-16T09:00:00.000Z
sensor.meross_temperature_soggiorno,21.399999999999995,2026-04-16T10:00:00.000Z
sensor.meross_temperature_soggiorno,21.436204466305554,2026-04-16T11:00:00.000Z
sensor.meross_temperature_soggiorno,21.5,2026-04-16T12:00:00.000Z
sensor.meross_temperature_soggiorno,21.587633323916666,2026-04-16T13:00:00.000Z
sensor.meross_temperature_soggiorno,21.657169891055556,2026-04-16T14:00:00.000Z
sensor.meross_temperature_soggiorno,21.7,2026-04-16T15:00:00.000Z
sensor.meross_temperature_soggiorno,21.723555399833334,2026-04-16T16:00:00.000Z
sensor.meross_temperature_soggiorno,21.884317660527774,2026-04-16T17:00:00.000Z
sensor.meross_temperature_soggiorno,21.899999999999995,2026-04-16T18:00:00.000Z
sensor.meross_temperature_soggiorno,21.851107258805555,2026-04-16T19:00:00.000Z
sensor.meross_temperature_soggiorno,21.761833591916666,2026-04-16T20:00:00.000Z
sensor.meross_temperature_soggiorno,21.637493897833334,2026-04-16T21:00:00.000Z
sensor.meross_temperature_soggiorno,21.52718726786111,2026-04-16T22:00:00.000Z
sensor.meross_temperature_soggiorno,21.5,2026-04-16T23:00:00.000Z
sensor.meross_temperature_soggiorno,21.5,2026-04-17T00:00:00.000Z
sensor.meross_temperature_soggiorno,21.40618512958333,2026-04-17T01:00:00.000Z
sensor.meross_temperature_soggiorno,21.374372094805555,2026-04-17T02:00:00.000Z
sensor.meross_temperature_soggiorno,21.3,2026-04-17T03:00:00.000Z
sensor.meross_temperature_soggiorno,21.281487605527776,2026-04-17T04:00:00.000Z
sensor.meross_temperature_soggiorno,21.2,2026-04-17T05:00:00.000Z
sensor.meross_temperature_soggiorno,21.26994145777778,2026-04-17T06:00:00.000Z
sensor.meross_temperature_soggiorno,21.3,2026-04-17T07:00:00.000Z
sensor.meross_temperature_soggiorno,21.36763197658333,2026-04-17T08:00:00.000Z
sensor.meross_temperature_soggiorno,21.492833076861114,2026-04-17T09:00:00.000Z
sensor.meross_temperature_soggiorno,21.680441166222224,2026-04-17T10:00:00.000Z
sensor.meross_temperature_soggiorno,21.806945182277776,2026-04-17T11:00:00.000Z
sensor.meross_temperature_soggiorno,21.899999999999995,2026-04-17T12:00:00.000Z
sensor.meross_temperature_soggiorno,21.952261292416665,2026-04-17T13:00:00.000Z
sensor.meross_temperature_soggiorno,22,2026-04-17T14:00:00.000Z
sensor.meross_temperature_soggiorno,22,2026-04-17T15:00:00.000Z
sensor.meross_temperature_soggiorno,21.99876206536111,2026-04-17T20:00:00.000Z
sensor.meross_temperature_soggiorno,21.882842140527774,2026-04-17T21:00:00.000Z
sensor.meross_temperature_soggiorno,21.802807153,2026-04-17T22:00:00.000Z
sensor.meross_temperature_soggiorno,21.753835866805556,2026-04-17T23:00:00.000Z
sensor.meross_temperature_soggiorno,21.7,2026-04-18T00:00:00.000Z
sensor.meross_temperature_soggiorno,21.644446470000002,2026-04-18T01:00:00.000Z
sensor.meross_temperature_soggiorno,21.600000000000005,2026-04-18T02:00:00.000Z
sensor.meross_temperature_soggiorno,21.577096536444444,2026-04-18T03:00:00.000Z
sensor.meross_temperature_soggiorno,21.5,2026-04-18T04:00:00.000Z
sensor.meross_temperature_soggiorno,21.5,2026-04-18T05:00:00.000Z
sensor.meross_temperature_soggiorno,21.649293844222225,2026-04-18T08:00:00.000Z
sensor.meross_temperature_soggiorno,21.915338089722223,2026-04-18T09:00:00.000Z
sensor.meross_temperature_soggiorno,22.020227092444443,2026-04-18T10:00:00.000Z
sensor.meross_temperature_soggiorno,22.164151319555558,2026-04-18T11:00:00.000Z
sensor.meross_temperature_soggiorno,22.284461188222224,2026-04-18T12:00:00.000Z
sensor.meross_temperature_soggiorno,22.399999999999995,2026-04-18T13:00:00.000Z
sensor.meross_temperature_soggiorno,22.369163559555556,2026-04-18T14:00:00.000Z
sensor.meross_temperature_soggiorno,22.399999999999995,2026-04-18T15:00:00.000Z
sensor.meross_temperature_soggiorno,22.365360017055554,2026-04-18T16:00:00.000Z
sensor.meross_temperature_soggiorno,22.3,2026-04-18T17:00:00.000Z
sensor.meross_temperature_soggiorno,22.26576131208333,2026-04-18T18:00:00.000Z
sensor.meross_temperature_soggiorno,22.06220235727778,2026-04-18T19:00:00.000Z
sensor.meross_temperature_soggiorno,22.13646699788889,2026-04-18T20:00:00.000Z
sensor.meross_temperature_soggiorno,22.00413352097222,2026-04-18T21:00:00.000Z
sensor.meross_temperature_soggiorno,22.0123787515,2026-04-18T22:00:00.000Z
sensor.meross_temperature_soggiorno,22,2026-04-18T23:00:00.000Z
sensor.meross_temperature_soggiorno,22,2026-04-19T00:00:00.000Z
sensor.meross_temperature_soggiorno,21.940084703416662,2026-04-19T01:00:00.000Z
sensor.meross_temperature_soggiorno,21.899999999999995,2026-04-19T02:00:00.000Z
sensor.meross_temperature_soggiorno,21.833502866722224,2026-04-19T03:00:00.000Z
sensor.meross_temperature_soggiorno,21.8,2026-04-19T04:00:00.000Z
sensor.meross_temperature_soggiorno,21.745618458472222,2026-04-19T05:00:00.000Z
sensor.meross_temperature_soggiorno,21.7,2026-04-19T06:00:00.000Z
sensor.meross_temperature_soggiorno,21.739208606305557,2026-04-19T07:00:00.000Z
sensor.meross_temperature_soggiorno,21.899999999999995,2026-04-19T08:00:00.000Z
sensor.meross_temperature_soggiorno,21.93789992383333,2026-04-19T09:00:00.000Z
sensor.meross_temperature_soggiorno,22.05134716666667,2026-04-19T10:00:00.000Z
sensor.meross_temperature_soggiorno,22.212077094555557,2026-04-19T11:00:00.000Z
sensor.meross_temperature_soggiorno,22.377545012444443,2026-04-19T12:00:00.000Z
sensor.meross_temperature_soggiorno,22.51276571675,2026-04-19T13:00:00.000Z
sensor.meross_temperature_soggiorno,22.633356517194443,2026-04-19T14:00:00.000Z
sensor.meross_temperature_soggiorno,22.75433926997222,2026-04-19T15:00:00.000Z
sensor.meross_temperature_soggiorno,22.8,2026-04-19T16:00:00.000Z
sensor.meross_temperature_soggiorno,22.8,2026-04-19T17:00:00.000Z
sensor.meross_temperature_soggiorno,22.864755995194443,2026-04-19T18:00:00.000Z
sensor.meross_temperature_soggiorno,22.822785821833335,2026-04-19T19:00:00.000Z
sensor.meross_temperature_soggiorno,22.7,2026-04-19T20:00:00.000Z
sensor.meross_temperature_soggiorno,22.651257600055555,2026-04-19T21:00:00.000Z
sensor.meross_temperature_soggiorno,22.481862223916664,2026-04-19T22:00:00.000Z
sensor.meross_temperature_soggiorno,22.32499931841667,2026-04-19T23:00:00.000Z
sensor.meross_temperature_soggiorno,22.217496917972223,2026-04-20T00:00:00.000Z
sensor.meross_temperature_soggiorno,22.124030858305556,2026-04-20T01:00:00.000Z
sensor.meross_temperature_soggiorno,22.0472311045,2026-04-20T02:00:00.000Z
sensor.meross_temperature_soggiorno,22,2026-04-20T03:00:00.000Z
sensor.meross_temperature_soggiorno,21.97799318983333,2026-04-20T04:00:00.000Z
sensor.meross_temperature_soggiorno,21.899999999999995,2026-04-20T05:00:00.000Z
sensor.meross_temperature_soggiorno,21.843401752777776,2026-04-20T06:00:00.000Z
sensor.meross_temperature_soggiorno,21.888441423333333,2026-04-20T07:00:00.000Z
sensor.meross_temperature_soggiorno,22.021699713666667,2026-04-20T08:00:00.000Z
sensor.meross_temperature_soggiorno,22.182378729083336,2026-04-20T09:00:00.000Z
sensor.meross_temperature_soggiorno,22.2,2026-04-20T10:00:00.000Z
sensor.meross_temperature_soggiorno,22.2805707755,2026-04-20T11:00:00.000Z
sensor.meross_temperature_soggiorno,22.3,2026-04-20T12:00:00.000Z
sensor.meross_temperature_soggiorno,22.383957672055555,2026-04-20T13:00:00.000Z
sensor.meross_temperature_soggiorno,22.399999999999995,2026-04-20T14:00:00.000Z
sensor.meross_temperature_soggiorno,22.399999999999995,2026-04-20T15:00:00.000Z
sensor.meross_temperature_soggiorno,22.482612582194445,2026-04-20T16:00:00.000Z
sensor.meross_temperature_soggiorno,22.600000000000005,2026-04-20T17:00:00.000Z
sensor.meross_temperature_soggiorno,22.600000000000005,2026-04-20T18:00:00.000Z
sensor.meross_temperature_soggiorno,22.47396840261111,2026-04-20T21:00:00.000Z
sensor.meross_temperature_soggiorno,22.346029726861108,2026-04-20T22:00:00.000Z
sensor.meross_temperature_soggiorno,22.252536474055557,2026-04-20T23:00:00.000Z
sensor.meross_temperature_soggiorno,22.14783795697222,2026-04-21T00:00:00.000Z
sensor.meross_temperature_soggiorno,22.082376386694445,2026-04-21T01:00:00.000Z
sensor.meross_temperature_soggiorno,22,2026-04-21T02:00:00.000Z
sensor.meross_temperature_soggiorno,22,2026-04-21T03:00:00.000Z
sensor.meross_temperature_soggiorno,21.944064252055554,2026-04-21T05:00:00.000Z
sensor.meross_temperature_soggiorno,21.899999999999995,2026-04-21T06:00:00.000Z
sensor.meross_temperature_soggiorno,21.930704977694443,2026-04-21T07:00:00.000Z
sensor.meross_temperature_soggiorno,22.044901270500002,2026-04-21T08:00:00.000Z
sensor.meross_temperature_soggiorno,22.077494367694445,2026-04-21T09:00:00.000Z
sensor.meross_temperature_soggiorno,22,2026-04-21T10:00:00.000Z
sensor.meross_temperature_soggiorno,22,2026-04-21T11:00:00.000Z
sensor.meross_temperature_soggiorno,21.900112429638884,2026-04-21T12:00:00.000Z
sensor.meross_temperature_soggiorno,21.871964671055554,2026-04-21T13:00:00.000Z
sensor.meross_temperature_soggiorno,21.990740628222223,2026-04-21T14:00:00.000Z
sensor.meross_temperature_soggiorno,22.019774316055557,2026-04-21T15:00:00.000Z
sensor.meross_temperature_soggiorno,22.06915795377778,2026-04-21T16:00:00.000Z
sensor.meross_temperature_soggiorno,22.14055576102778,2026-04-21T17:00:00.000Z
sensor.meross_temperature_soggiorno,22.132854252472224,2026-04-21T18:00:00.000Z
sensor.meross_temperature_soggiorno,22.132172926583333,2026-04-21T19:00:00.000Z
sensor.meross_temperature_soggiorno,22.089164285472222,2026-04-21T20:00:00.000Z
sensor.meross_temperature_soggiorno,22.100000000000005,2026-04-21T21:00:00.000Z
sensor.meross_temperature_soggiorno,22.002461300694446,2026-04-21T22:00:00.000Z
sensor.meross_temperature_soggiorno,21.911715526638886,2026-04-21T23:00:00.000Z
sensor.meross_temperature_soggiorno,21.857452647888888,2026-04-22T00:00:00.000Z
sensor.meross_temperature_soggiorno,21.7612054145,2026-04-22T01:00:00.000Z
sensor.meross_temperature_soggiorno,21.67890629675,2026-04-22T02:00:00.000Z
sensor.meross_temperature_soggiorno,21.600000000000005,2026-04-22T03:00:00.000Z
sensor.meross_temperature_soggiorno,21.52747835341667,2026-04-22T04:00:00.000Z
sensor.meross_temperature_soggiorno,21.5,2026-04-22T05:00:00.000Z
sensor.meross_temperature_soggiorno,21.511225433472223,2026-04-22T06:00:00.000Z
sensor.meross_temperature_soggiorno,21.5,2026-04-22T07:00:00.000Z
sensor.meross_temperature_soggiorno,21.5,2026-04-22T08:00:00.000Z
sensor.meross_temperature_soggiorno,21.602156120111115,2026-04-22T11:00:00.000Z
sensor.meross_temperature_soggiorno,21.7,2026-04-22T12:00:00.000Z
sensor.meross_temperature_soggiorno,21.7,2026-04-22T13:00:00.000Z
sensor.meross_temperature_soggiorno,21.704463351194445,2026-04-22T15:00:00.000Z
sensor.meross_temperature_soggiorno,21.876455078805552,2026-04-22T16:00:00.000Z
sensor.meross_temperature_soggiorno,21.899999999999995,2026-04-22T17:00:00.000Z
sensor.meross_temperature_soggiorno,21.899999999999995,2026-04-22T18:00:00.000Z
sensor.meross_temperature_soggiorno,21.93035356344444,2026-04-22T19:00:00.000Z
sensor.meross_temperature_soggiorno,22,2026-04-22T20:00:00.000Z
sensor.meross_temperature_soggiorno,22,2026-04-22T21:00:00.000Z
sensor.meross_temperature_soggiorno,21.912099058444444,2026-04-22T22:00:00.000Z
sensor.meross_temperature_soggiorno,21.730309604333332,2026-04-22T23:00:00.000Z
sensor.meross_temperature_soggiorno,21.61438757963889,2026-04-23T00:00:00.000Z
sensor.meross_temperature_soggiorno,21.504109479611113,2026-04-23T01:00:00.000Z
sensor.meross_temperature_soggiorno,21.5,2026-04-23T02:00:00.000Z
sensor.meross_temperature_soggiorno,21.446846164944443,2026-04-23T03:00:00.000Z
sensor.meross_temperature_soggiorno,21.372883229861113,2026-04-23T04:00:00.000Z
sensor.meross_temperature_soggiorno,21.3,2026-04-23T05:00:00.000Z
sensor.meross_temperature_soggiorno,21.3,2026-04-23T06:00:00.000Z
sensor.meross_temperature_soggiorno,21.38271036577778,2026-04-23T07:00:00.000Z
sensor.meross_temperature_soggiorno,21.51660605347222,2026-04-23T08:00:00.000Z
sensor.meross_temperature_soggiorno,21.66581743577778,2026-04-23T09:00:00.000Z
sensor.meross_temperature_soggiorno,21.7,2026-04-23T10:00:00.000Z
sensor.meross_temperature_soggiorno,21.7,2026-04-23T11:00:00.000Z
sensor.meross_temperature_soggiorno,21.956378981333334,2026-04-23T15:00:00.000Z
sensor.meross_temperature_soggiorno,22.333041404166664,2026-04-23T16:00:00.000Z
sensor.meross_temperature_soggiorno,22.15057836777778,2026-04-23T17:00:00.000Z
sensor.meross_temperature_soggiorno,22.100000000000005,2026-04-23T18:00:00.000Z
sensor.meross_temperature_soggiorno,22.100000000000005,2026-04-23T19:00:00.000Z
sensor.meross_temperature_soggiorno,22.085968118,2026-04-23T20:00:00.000Z
sensor.meross_temperature_soggiorno,22.08779917377778,2026-04-23T21:00:00.000Z
sensor.meross_temperature_soggiorno,21.999303559305556,2026-04-23T22:00:00.000Z
sensor.meross_temperature_soggiorno,21.85534834975,2026-04-23T23:00:00.000Z
sensor.meross_temperature_soggiorno,21.739401289444444,2026-04-24T00:00:00.000Z
sensor.meross_temperature_soggiorno,21.62628887286111,2026-04-24T01:00:00.000Z
sensor.meross_temperature_soggiorno,21.50758855536111,2026-04-24T02:00:00.000Z
sensor.meross_temperature_soggiorno,21.487279973916667,2026-04-24T03:00:00.000Z
sensor.meross_temperature_soggiorno,21.392560629083334,2026-04-24T04:00:00.000Z
sensor.meross_temperature_soggiorno,21.3,2026-04-24T05:00:00.000Z
sensor.meross_temperature_soggiorno,21.3,2026-04-24T06:00:00.000Z
sensor.meross_temperature_soggiorno,21.44346505586111,2026-04-24T07:00:00.000Z
sensor.meross_temperature_soggiorno,21.684303639972224,2026-04-24T08:00:00.000Z
sensor.meross_temperature_soggiorno,21.8,2026-04-24T09:00:00.000Z
sensor.meross_temperature_soggiorno,21.8,2026-04-24T10:00:00.000Z
sensor.meross_temperature_soggiorno,21.811649406361113,2026-04-24T13:00:00.000Z
sensor.meross_temperature_soggiorno,21.855150692527776,2026-04-24T14:00:00.000Z
sensor.meross_temperature_soggiorno,21.899999999999995,2026-04-24T15:00:00.000Z
sensor.meross_temperature_soggiorno,21.899999999999995,2026-04-24T16:00:00.000Z
sensor.meross_temperature_soggiorno,21.993916640333335,2026-04-24T17:00:00.000Z
sensor.meross_temperature_soggiorno,22.10978213563889,2026-04-24T18:00:00.000Z
sensor.meross_temperature_soggiorno,22.100000000000005,2026-04-24T19:00:00.000Z
sensor.meross_temperature_soggiorno,22.021941913333336,2026-04-24T20:00:00.000Z
sensor.meross_temperature_soggiorno,22,2026-04-24T21:00:00.000Z
sensor.meross_temperature_soggiorno,21.906652328416666,2026-04-24T22:00:00.000Z
sensor.meross_temperature_soggiorno,21.8,2026-04-24T23:00:00.000Z
sensor.meross_temperature_soggiorno,21.714483996277778,2026-04-25T00:00:00.000Z
sensor.meross_temperature_soggiorno,21.62660253186111,2026-04-25T01:00:00.000Z
sensor.meross_temperature_soggiorno,21.55833322961111,2026-04-25T02:00:00.000Z
sensor.meross_temperature_soggiorno,21.5,2026-04-25T03:00:00.000Z
sensor.meross_temperature_soggiorno,21.5,2026-04-25T04:00:00.000Z
sensor.meross_temperature_soggiorno,21.62456312725,2026-04-25T07:00:00.000Z
sensor.meross_temperature_soggiorno,21.89014456625,2026-04-25T08:00:00.000Z
sensor.meross_temperature_soggiorno,21.978415119222223,2026-04-25T09:00:00.000Z
sensor.meross_temperature_soggiorno,22,2026-04-25T10:00:00.000Z
sensor.meross_temperature_soggiorno,22.08033419863889,2026-04-25T11:00:00.000Z
sensor.meross_temperature_soggiorno,22.21125628125,2026-04-25T12:00:00.000Z
sensor.meross_temperature_soggiorno,22.3,2026-04-25T13:00:00.000Z
sensor.meross_temperature_soggiorno,22.396360230027778,2026-04-25T14:00:00.000Z
sensor.meross_temperature_soggiorno,22.399999999999995,2026-04-25T15:00:00.000Z
sensor.meross_temperature_soggiorno,22.399999999999995,2026-04-25T16:00:00.000Z
sensor.meross_temperature_soggiorno,22.334373602722223,2026-04-25T17:00:00.000Z
sensor.meross_temperature_soggiorno,22.29975400863889,2026-04-25T18:00:00.000Z
sensor.meross_temperature_soggiorno,22.2155476345,2026-04-25T19:00:00.000Z
sensor.meross_temperature_soggiorno,22.92904515711111,2026-04-25T20:00:00.000Z
sensor.meross_temperature_soggiorno,23.608461086083334,2026-04-25T21:00:00.000Z
sensor.meross_temperature_soggiorno,23.76757861463889,2026-04-25T22:00:00.000Z
sensor.meross_temperature_soggiorno,22.99262554261111,2026-04-25T23:00:00.000Z
sensor.meross_temperature_soggiorno,22.67848777847222,2026-04-26T00:00:00.000Z
sensor.meross_temperature_soggiorno,22.49983131027778,2026-04-26T01:00:00.000Z
sensor.meross_temperature_soggiorno,22.356361943916667,2026-04-26T02:00:00.000Z
sensor.meross_temperature_soggiorno,22.229245080416664,2026-04-26T03:00:00.000Z
sensor.meross_temperature_soggiorno,22.105979046138888,2026-04-26T04:00:00.000Z
sensor.meross_temperature_soggiorno,22,2026-04-26T05:00:00.000Z
sensor.meross_temperature_soggiorno,22,2026-04-26T06:00:00.000Z
sensor.meross_temperature_soggiorno,22.121642719694446,2026-04-26T07:00:00.000Z
sensor.meross_temperature_soggiorno,22.38509228622222,2026-04-26T08:00:00.000Z
sensor.meross_temperature_soggiorno,22.57135752663889,2026-04-26T09:00:00.000Z
sensor.meross_temperature_soggiorno,22.600000000000005,2026-04-26T10:00:00.000Z
sensor.meross_temperature_soggiorno,22.660104042972222,2026-04-26T11:00:00.000Z
sensor.meross_temperature_soggiorno,22.697222083,2026-04-26T12:00:00.000Z
sensor.meross_temperature_soggiorno,22.771846989944446,2026-04-26T13:00:00.000Z
sensor.meross_temperature_soggiorno,22.899999999999995,2026-04-26T14:00:00.000Z
sensor.meross_temperature_soggiorno,22.902052680249998,2026-04-26T15:00:00.000Z
sensor.meross_temperature_soggiorno,23.125694469166664,2026-04-26T16:00:00.000Z
sensor.meross_temperature_soggiorno,23.188775796083334,2026-04-26T17:00:00.000Z
sensor.meross_temperature_soggiorno,23.130515614222222,2026-04-26T18:00:00.000Z
sensor.meross_temperature_soggiorno,23.014595731694445,2026-04-26T19:00:00.000Z
sensor.meross_temperature_soggiorno,23,2026-04-26T20:00:00.000Z
sensor.meross_temperature_soggiorno,22.93745166013889,2026-04-26T21:00:00.000Z
sensor.meross_temperature_soggiorno,22.776619167083336,2026-04-26T22:00:00.000Z
sensor.meross_temperature_soggiorno,22.671869595027776,2026-04-26T23:00:00.000Z
sensor.meross_temperature_soggiorno,22.589599160638887,2026-04-27T00:00:00.000Z
sensor.meross_temperature_soggiorno,22.5,2026-04-27T01:00:00.000Z
sensor.meross_temperature_soggiorno,22.40199470788889,2026-04-27T02:00:00.000Z
sensor.meross_temperature_soggiorno,22.308470962166666,2026-04-27T03:00:00.000Z
sensor.meross_temperature_soggiorno,22.220616974194442,2026-04-27T04:00:00.000Z
sensor.meross_temperature_soggiorno,22.137516041972223,2026-04-27T05:00:00.000Z
sensor.meross_temperature_soggiorno,22.063572512916668,2026-04-27T06:00:00.000Z
sensor.meross_temperature_soggiorno,22.23098892463889,2026-04-27T07:00:00.000Z
sensor.meross_temperature_soggiorno,22.47440635713889,2026-04-27T08:00:00.000Z
sensor.meross_temperature_soggiorno,22.600000000000005,2026-04-27T09:00:00.000Z
sensor.meross_temperature_soggiorno,22.600000000000005,2026-04-27T10:00:00.000Z
sensor.meross_temperature_soggiorno,22.698068753277777,2026-04-27T12:00:00.000Z
sensor.meross_temperature_soggiorno,22.7,2026-04-27T13:00:00.000Z
sensor.meross_temperature_soggiorno,22.7,2026-04-27T14:00:00.000Z
sensor.meross_temperature_soggiorno,22.7811399305,2026-04-27T15:00:00.000Z
sensor.meross_temperature_soggiorno,22.88866863611111,2026-04-27T16:00:00.000Z
sensor.meross_temperature_soggiorno,22.980081008805556,2026-04-27T17:00:00.000Z
sensor.meross_temperature_soggiorno,23,2026-04-27T18:00:00.000Z
sensor.meross_temperature_soggiorno,23,2026-04-27T19:00:00.000Z
sensor.meross_temperature_soggiorno,23.041313599694444,2026-04-27T20:00:00.000Z
sensor.meross_temperature_soggiorno,23.0062843015,2026-04-27T21:00:00.000Z
sensor.meross_temperature_soggiorno,22.966774832416665,2026-04-27T22:00:00.000Z
sensor.meross_temperature_soggiorno,22.825629577694443,2026-04-27T23:00:00.000Z
sensor.meross_temperature_soggiorno,22.72245906461111,2026-04-28T00:00:00.000Z
sensor.meross_temperature_soggiorno,22.646551791611113,2026-04-28T01:00:00.000Z
sensor.meross_temperature_soggiorno,22.592289501166665,2026-04-28T02:00:00.000Z
sensor.meross_temperature_soggiorno,22.5,2026-04-28T03:00:00.000Z
sensor.meross_temperature_soggiorno,22.427134872416662,2026-04-28T04:00:00.000Z
sensor.meross_temperature_soggiorno,22.399999999999995,2026-04-28T05:00:00.000Z
sensor.meross_temperature_soggiorno,22.357674964527778,2026-04-28T06:00:00.000Z
sensor.meross_temperature_soggiorno,22.420684550166666,2026-04-28T07:00:00.000Z
sensor.meross_temperature_soggiorno,22.57134932958333,2026-04-28T08:00:00.000Z
sensor.meross_temperature_soggiorno,22.653656230583334,2026-04-28T09:00:00.000Z
sensor.meross_temperature_soggiorno,22.771909896916668,2026-04-28T10:00:00.000Z
sensor.meross_temperature_soggiorno,22.956141484916667,2026-04-28T11:00:00.000Z
sensor.meross_temperature_soggiorno,22.930030559888888,2026-04-28T12:00:00.000Z
sensor.meross_temperature_soggiorno,23,2026-04-28T13:00:00.000Z
sensor.meross_temperature_soggiorno,23,2026-04-28T14:00:00.000Z
sensor.meross_temperature_soggiorno,23.064035882166667,2026-04-28T16:00:00.000Z
sensor.meross_temperature_soggiorno,23.136425244416667,2026-04-28T17:00:00.000Z
sensor.meross_temperature_soggiorno,23.100000000000005,2026-04-28T18:00:00.000Z
sensor.meross_temperature_soggiorno,23.194768348333337,2026-04-28T19:00:00.000Z
sensor.meross_temperature_soggiorno,23.3,2026-04-28T20:00:00.000Z
sensor.meross_temperature_soggiorno,23.22198765091667,2026-04-28T21:00:00.000Z
sensor.meross_temperature_soggiorno,23.01285597363889,2026-04-28T22:00:00.000Z
sensor.meross_temperature_soggiorno,22.962038894027774,2026-04-28T23:00:00.000Z
sensor.meross_temperature_soggiorno,22.862930230166665,2026-04-29T00:00:00.000Z
sensor.meross_temperature_soggiorno,22.780603579055555,2026-04-29T01:00:00.000Z
sensor.meross_temperature_soggiorno,22.7,2026-04-29T02:00:00.000Z
sensor.meross_temperature_soggiorno,22.657183255222222,2026-04-29T03:00:00.000Z
sensor.meross_temperature_soggiorno,22.600000000000005,2026-04-29T04:00:00.000Z
sensor.meross_temperature_soggiorno,22.53318020905556,2026-04-29T05:00:00.000Z
sensor.meross_temperature_soggiorno,22.506439119916667,2026-04-29T06:00:00.000Z
sensor.meross_temperature_soggiorno,22.600000000000005,2026-04-29T07:00:00.000Z
sensor.meross_temperature_soggiorno,22.506643366638887,2026-04-29T08:00:00.000Z
sensor.meross_temperature_soggiorno,22.210902199777777,2026-04-29T09:00:00.000Z
sensor.meross_temperature_soggiorno,22.300389960694446,2026-04-29T10:00:00.000Z
sensor.meross_temperature_soggiorno,22.696085415833334,2026-04-29T11:00:00.000Z
sensor.meross_temperature_soggiorno,22.899999999999995,2026-04-29T12:00:00.000Z
sensor.meross_temperature_soggiorno,22.899999999999995,2026-04-29T13:00:00.000Z
sensor.meross_temperature_soggiorno,23.069170227666664,2026-04-29T16:00:00.000Z
sensor.meross_temperature_soggiorno,23.15756901886111,2026-04-29T17:00:00.000Z
sensor.meross_temperature_soggiorno,23.133148270916667,2026-04-29T18:00:00.000Z
sensor.meross_temperature_soggiorno,23.185940865333333,2026-04-29T19:00:00.000Z
sensor.meross_temperature_soggiorno,23.2,2026-04-29T20:00:00.000Z
sensor.meross_temperature_soggiorno,23.2,2026-04-29T21:00:00.000Z
sensor.meross_temperature_soggiorno,23.143742284222224,2026-04-29T22:00:00.000Z
sensor.meross_temperature_soggiorno,23.02779709175,2026-04-29T23:00:00.000Z
sensor.meross_temperature_soggiorno,23,2026-04-30T00:00:00.000Z
sensor.meross_temperature_soggiorno,22.887062045305555,2026-04-30T01:00:00.000Z
sensor.meross_temperature_soggiorno,22.71974789672222,2026-04-30T02:00:00.000Z
sensor.meross_temperature_soggiorno,22.594405746472223,2026-04-30T03:00:00.000Z
sensor.meross_temperature_soggiorno,22.493684810944444,2026-04-30T04:00:00.000Z
sensor.meross_temperature_soggiorno,22.399999999999995,2026-04-30T05:00:00.000Z
sensor.meross_temperature_soggiorno,22.399999999999995,2026-04-30T06:00:00.000Z
sensor.meross_temperature_soggiorno,22.52695536427778,2026-04-30T09:00:00.000Z
sensor.meross_temperature_soggiorno,22.600000000000005,2026-04-30T10:00:00.000Z
sensor.meross_temperature_soggiorno,22.600000000000005,2026-04-30T11:00:00.000Z
sensor.meross_temperature_soggiorno,22.656512588694444,2026-04-30T13:00:00.000Z
sensor.meross_temperature_soggiorno,22.7,2026-04-30T14:00:00.000Z
sensor.meross_temperature_soggiorno,22.68258463513889,2026-04-30T15:00:00.000Z
sensor.meross_temperature_soggiorno,22.682314777666665,2026-04-30T16:00:00.000Z
sensor.meross_temperature_soggiorno,22.8,2026-04-30T17:00:00.000Z
sensor.meross_temperature_soggiorno,22.840779738444443,2026-04-30T18:00:00.000Z
sensor.meross_temperature_soggiorno,22.899999999999995,2026-04-30T19:00:00.000Z
sensor.meross_temperature_soggiorno,22.816779672666666,2026-04-30T20:00:00.000Z
sensor.meross_temperature_soggiorno,22.899999999999995,2026-04-30T21:00:00.000Z
sensor.meross_temperature_soggiorno,22.801736291472224,2026-04-30T22:00:00.000Z
sensor.meross_temperature_soggiorno,22.741875625000002,2026-04-30T23:00:00.000Z
sensor.meross_temperature_soggiorno,22.565506893944445,2026-05-01T00:00:00.000Z
sensor.meross_temperature_soggiorno,22.446530708666668,2026-05-01T01:00:00.000Z
sensor.meross_temperature_soggiorno,22.343864301555556,2026-05-01T02:00:00.000Z
sensor.meross_temperature_soggiorno,22.244754943111108,2026-05-01T03:00:00.000Z
sensor.meross_temperature_soggiorno,22.148451689777776,2026-05-01T04:00:00.000Z
sensor.meross_temperature_soggiorno,22.054093170861112,2026-05-01T05:00:00.000Z
sensor.meross_temperature_soggiorno,22,2026-05-01T06:00:00.000Z
sensor.meross_temperature_soggiorno,22.204466950305555,2026-05-01T07:00:00.000Z
sensor.meross_temperature_soggiorno,22.532386529694445,2026-05-01T08:00:00.000Z
sensor.meross_temperature_soggiorno,22.65326226061111,2026-05-01T09:00:00.000Z
sensor.meross_temperature_soggiorno,22.551016213083333,2026-05-01T10:00:00.000Z
sensor.meross_temperature_soggiorno,22.190654800666668,2026-05-01T11:00:00.000Z
sensor.meross_temperature_soggiorno,22.15164763802778,2026-05-01T12:00:00.000Z
sensor.meross_temperature_soggiorno,22.198216052777777,2026-05-01T13:00:00.000Z
sensor.meross_temperature_soggiorno,22.356203709694444,2026-05-01T14:00:00.000Z
sensor.meross_temperature_soggiorno,22.367003704499997,2026-05-01T15:00:00.000Z
sensor.meross_temperature_soggiorno,22.500768997250002,2026-05-01T16:00:00.000Z
sensor.meross_temperature_soggiorno,22.7,2026-05-01T17:00:00.000Z
sensor.meross_temperature_soggiorno,22.714185900916664,2026-05-01T18:00:00.000Z
sensor.meross_temperature_soggiorno,22.72606224427778,2026-05-01T19:00:00.000Z
sensor.meross_temperature_soggiorno,22.816811123972226,2026-05-01T20:00:00.000Z
sensor.meross_temperature_soggiorno,22.790570343416665,2026-05-01T21:00:00.000Z
sensor.meross_temperature_soggiorno,22.7,2026-05-01T22:00:00.000Z
sensor.meross_temperature_soggiorno,22.617361040833334,2026-05-01T23:00:00.000Z
sensor.meross_temperature_soggiorno,22.557480913444447,2026-05-02T00:00:00.000Z
sensor.meross_temperature_soggiorno,22.431697569305555,2026-05-02T01:00:00.000Z
sensor.meross_temperature_soggiorno,22.311924944444442,2026-05-02T02:00:00.000Z
sensor.meross_temperature_soggiorno,22.14409267166667,2026-05-02T03:00:00.000Z
sensor.meross_temperature_soggiorno,22.02814469827778,2026-05-02T04:00:00.000Z
sensor.meross_temperature_soggiorno,22,2026-05-02T05:00:00.000Z
sensor.meross_temperature_soggiorno,21.95768345205555,2026-05-02T06:00:00.000Z
sensor.meross_temperature_soggiorno,22.203290676916666,2026-05-02T07:00:00.000Z
sensor.meross_temperature_soggiorno,22.523472493944443,2026-05-02T08:00:00.000Z
sensor.meross_temperature_soggiorno,22.623001336972223,2026-05-02T09:00:00.000Z
sensor.meross_temperature_soggiorno,22.7,2026-05-02T10:00:00.000Z
sensor.meross_temperature_soggiorno,22.704437806972223,2026-05-02T11:00:00.000Z
sensor.meross_temperature_soggiorno,22.8,2026-05-02T12:00:00.000Z
sensor.meross_temperature_soggiorno,22.811076279972223,2026-05-02T13:00:00.000Z
sensor.meross_temperature_soggiorno,22.816960247694443,2026-05-02T14:00:00.000Z
sensor.meross_temperature_soggiorno,22.809266085444445,2026-05-02T15:00:00.000Z
sensor.meross_temperature_soggiorno,22.84677748375,2026-05-02T16:00:00.000Z
sensor.meross_temperature_soggiorno,22.8,2026-05-02T17:00:00.000Z
sensor.meross_temperature_soggiorno,22.885673198472222,2026-05-02T18:00:00.000Z
sensor.meross_temperature_soggiorno,22.899999999999995,2026-05-02T19:00:00.000Z
sensor.meross_temperature_soggiorno,22.899999999999995,2026-05-02T20:00:00.000Z
sensor.meross_temperature_soggiorno,22.843083962166663,2026-05-02T21:00:00.000Z
sensor.meross_temperature_soggiorno,22.791336155083332,2026-05-02T22:00:00.000Z
sensor.meross_temperature_soggiorno,22.718754295444445,2026-05-02T23:00:00.000Z
sensor.meross_temperature_soggiorno,22.61222145175,2026-05-03T00:00:00.000Z
sensor.meross_temperature_soggiorno,22.43067457505555,2026-05-03T01:00:00.000Z
sensor.meross_temperature_soggiorno,22.293999943666666,2026-05-03T02:00:00.000Z
sensor.meross_temperature_soggiorno,22.19413979133333,2026-05-03T03:00:00.000Z
sensor.meross_temperature_soggiorno,22.095363947194446,2026-05-03T04:00:00.000Z
sensor.meross_temperature_soggiorno,22,2026-05-03T05:00:00.000Z
sensor.meross_temperature_soggiorno,22.03647593075,2026-05-03T06:00:00.000Z
sensor.meross_temperature_soggiorno,22.22754006469444,2026-05-03T07:00:00.000Z
sensor.meross_temperature_soggiorno,22.53143553325,2026-05-03T08:00:00.000Z
sensor.meross_temperature_soggiorno,22.666257993333332,2026-05-03T09:00:00.000Z
sensor.meross_temperature_soggiorno,22.7,2026-05-03T10:00:00.000Z
sensor.meross_temperature_soggiorno,22.826173832277778,2026-05-03T11:00:00.000Z
sensor.meross_temperature_soggiorno,22.899999999999995,2026-05-03T12:00:00.000Z
sensor.meross_temperature_soggiorno,22.991758988666664,2026-05-03T13:00:00.000Z
sensor.meross_temperature_soggiorno,23,2026-05-03T14:00:00.000Z
sensor.meross_temperature_soggiorno,23.057188514916664,2026-05-03T15:00:00.000Z
sensor.meross_temperature_soggiorno,23.119616425972225,2026-05-03T16:00:00.000Z
sensor.meross_temperature_soggiorno,23.06079373886111,2026-05-03T17:00:00.000Z
sensor.meross_temperature_soggiorno,23.116810199305558,2026-05-03T18:00:00.000Z
sensor.meross_temperature_soggiorno,23.100000000000005,2026-05-03T19:00:00.000Z
sensor.meross_temperature_soggiorno,23.100000000000005,2026-05-03T20:00:00.000Z
sensor.meross_temperature_soggiorno,23.031817388583335,2026-05-03T21:00:00.000Z
sensor.meross_temperature_soggiorno,22.941182377055554,2026-05-03T22:00:00.000Z
sensor.meross_temperature_soggiorno,22.819680838194444,2026-05-03T23:00:00.000Z
sensor.meross_temperature_soggiorno,22.70092344711111,2026-05-04T00:00:00.000Z
sensor.meross_temperature_soggiorno,22.60462228277778,2026-05-04T01:00:00.000Z
sensor.meross_temperature_soggiorno,22.527353051083335,2026-05-04T02:00:00.000Z
sensor.meross_temperature_soggiorno,22.496125068888887,2026-05-04T03:00:00.000Z
sensor.meross_temperature_soggiorno,22.39256967361111,2026-05-04T04:00:00.000Z
sensor.meross_temperature_soggiorno,22.3,2026-05-04T05:00:00.000Z
sensor.meross_temperature_soggiorno,22.280383641805557,2026-05-04T06:00:00.000Z
sensor.meross_temperature_soggiorno,22.337823472194444,2026-05-04T07:00:00.000Z
sensor.meross_temperature_soggiorno,22.399999999999995,2026-05-04T08:00:00.000Z
sensor.meross_temperature_soggiorno,22.399999999999995,2026-05-04T09:00:00.000Z
sensor.meross_temperature_soggiorno,22.44129261452778,2026-05-04T10:00:00.000Z
sensor.meross_temperature_soggiorno,22.532010724333333,2026-05-04T11:00:00.000Z
sensor.meross_temperature_soggiorno,22.600000000000005,2026-05-04T12:00:00.000Z
sensor.meross_temperature_soggiorno,22.600000000000005,2026-05-04T13:00:00.000Z
sensor.meross_temperature_soggiorno,22.65500651902778,2026-05-04T15:00:00.000Z
sensor.meross_temperature_soggiorno,22.862400803194443,2026-05-04T16:00:00.000Z
sensor.meross_temperature_soggiorno,22.899999999999995,2026-05-04T17:00:00.000Z
sensor.meross_temperature_soggiorno,22.899999999999995,2026-05-04T18:00:00.000Z
sensor.meross_temperature_soggiorno,22.885067236527775,2026-05-04T21:00:00.000Z
sensor.meross_temperature_soggiorno,22.788792258055555,2026-05-04T22:00:00.000Z
sensor.meross_temperature_soggiorno,22.7,2026-05-04T23:00:00.000Z
sensor.meross_temperature_soggiorno,22.614884440861115,2026-05-05T00:00:00.000Z
sensor.meross_temperature_soggiorno,22.56620536247222,2026-05-05T01:00:00.000Z
sensor.meross_temperature_soggiorno,22.5,2026-05-05T02:00:00.000Z
sensor.meross_temperature_soggiorno,22.402245542666666,2026-05-05T03:00:00.000Z
sensor.meross_temperature_soggiorno,22.399999999999995,2026-05-05T04:00:00.000Z
sensor.meross_temperature_soggiorno,22.32348013972222,2026-05-05T05:00:00.000Z
sensor.meross_temperature_soggiorno,22.3,2026-05-05T06:00:00.000Z
sensor.meross_temperature_soggiorno,22.361657655722222,2026-05-05T07:00:00.000Z
sensor.meross_temperature_soggiorno,22.3,2026-05-05T08:00:00.000Z
sensor.meross_temperature_soggiorno,22.24721559713889,2026-05-05T09:00:00.000Z
sensor.meross_temperature_soggiorno,22.2,2026-05-05T10:00:00.000Z
sensor.meross_temperature_soggiorno,22.21738144747222,2026-05-05T11:00:00.000Z
sensor.meross_temperature_soggiorno,22.08493476647222,2026-05-05T12:00:00.000Z
sensor.meross_temperature_soggiorno,22.100000000000005,2026-05-05T13:00:00.000Z
sensor.meross_temperature_soggiorno,22.100000000000005,2026-05-05T14:00:00.000Z
sensor.meross_temperature_soggiorno,22.069185921499997,2026-05-05T15:00:00.000Z
sensor.meross_temperature_soggiorno,22.16165824688889,2026-05-05T16:00:00.000Z
sensor.meross_temperature_soggiorno,22.133649598555554,2026-05-05T17:00:00.000Z
sensor.meross_temperature_soggiorno,22.11389169813889,2026-05-05T18:00:00.000Z
sensor.meross_temperature_soggiorno,22.29710485958333,2026-05-05T19:00:00.000Z
sensor.meross_temperature_soggiorno,22.26744051372222,2026-05-05T20:00:00.000Z
sensor.meross_temperature_soggiorno,22.168332457861112,2026-05-05T21:00:00.000Z
sensor.meross_temperature_soggiorno,22.04680061075,2026-05-05T22:00:00.000Z
sensor.meross_temperature_soggiorno,22,2026-05-05T23:00:00.000Z
sensor.meross_temperature_soggiorno,22,2026-05-06T00:00:00.000Z
sensor.meross_temperature_soggiorno,21.99718295352778,2026-05-06T01:00:00.000Z
sensor.meross_temperature_soggiorno,21.899999999999995,2026-05-06T02:00:00.000Z
sensor.meross_temperature_soggiorno,21.88493299013889,2026-05-06T03:00:00.000Z
sensor.meross_temperature_soggiorno,21.8,2026-05-06T04:00:00.000Z
sensor.meross_temperature_soggiorno,21.789550549083334,2026-05-06T05:00:00.000Z
sensor.meross_temperature_soggiorno,21.683189083,2026-05-06T06:00:00.000Z
sensor.meross_temperature_soggiorno,21.7,2026-05-06T07:00:00.000Z
sensor.meross_temperature_soggiorno,21.76801645302778,2026-05-06T08:00:00.000Z
sensor.meross_temperature_soggiorno,21.8,2026-05-06T09:00:00.000Z
sensor.meross_temperature_soggiorno,21.821304727972223,2026-05-06T10:00:00.000Z
sensor.meross_temperature_soggiorno,21.899999999999995,2026-05-06T11:00:00.000Z
sensor.meross_temperature_soggiorno,21.899999999999995,2026-05-06T12:00:00.000Z
sensor.meross_temperature_soggiorno,21.932603621499997,2026-05-06T15:00:00.000Z
sensor.meross_temperature_soggiorno,22.05321055138889,2026-05-06T16:00:00.000Z
sensor.meross_temperature_soggiorno,21.9389466785,2026-05-06T17:00:00.000Z
sensor.meross_temperature_soggiorno,21.899999999999995,2026-05-06T18:00:00.000Z
sensor.meross_temperature_soggiorno,21.899999999999995,2026-05-06T19:00:00.000Z
sensor.meross_temperature_soggiorno,21.888773546472223,2026-05-06T21:00:00.000Z
sensor.meross_temperature_soggiorno,21.824034409305554,2026-05-06T22:00:00.000Z
sensor.meross_temperature_soggiorno,21.76699325902778,2026-05-06T23:00:00.000Z
sensor.meross_temperature_soggiorno,21.7,2026-05-07T00:00:00.000Z
sensor.meross_temperature_soggiorno,21.646379336166664,2026-05-07T01:00:00.000Z
sensor.meross_temperature_soggiorno,21.544491697166666,2026-05-07T02:00:00.000Z
sensor.meross_temperature_soggiorno,21.5,2026-05-07T03:00:00.000Z
sensor.meross_temperature_soggiorno,21.49687082561111,2026-05-07T04:00:00.000Z
sensor.meross_temperature_soggiorno,21.399999999999995,2026-05-07T05:00:00.000Z
sensor.meross_temperature_soggiorno,21.399999999999995,2026-05-07T06:00:00.000Z
sensor.meross_temperature_soggiorno,21.38052917797222,2026-05-07T08:00:00.000Z
sensor.meross_temperature_soggiorno,21.546442137,2026-05-07T09:00:00.000Z
sensor.meross_temperature_soggiorno,21.627442900250003,2026-05-07T10:00:00.000Z
sensor.meross_temperature_soggiorno,21.656841474833335,2026-05-07T11:00:00.000Z
sensor.meross_temperature_soggiorno,21.9,2026-05-07T17:00:00.000Z
sensor.meross_temperature_soggiorno,21.991666666666664,2026-05-07T18:00:00.000Z
sensor.meross_temperature_soggiorno,22,2026-05-07T19:00:00.000Z
sensor.meross_temperature_soggiorno,22.020226597972222,2026-05-07T20:00:00.000Z
sensor.meross_temperature_soggiorno,22,2026-05-07T21:00:00.000Z
sensor.meross_temperature_soggiorno,21.98555058133333,2026-05-07T22:00:00.000Z
sensor.meross_temperature_soggiorno,21.836009368694445,2026-05-07T23:00:00.000Z
sensor.meross_temperature_soggiorno,21.72570248938889,2026-05-08T00:00:00.000Z
sensor.meross_temperature_soggiorno,21.63151327313889,2026-05-08T01:00:00.000Z
sensor.meross_temperature_soggiorno,21.535234419138888,2026-05-08T02:00:00.000Z
sensor.meross_temperature_soggiorno,21.5,2026-05-08T03:00:00.000Z
sensor.meross_temperature_soggiorno,21.5,2026-05-08T04:00:00.000Z
sensor.meross_temperature_soggiorno,21.458996586111112,2026-05-08T05:00:00.000Z
sensor.meross_temperature_soggiorno,21.423469577166667,2026-05-08T06:00:00.000Z
sensor.meross_temperature_soggiorno,21.599394030083335,2026-05-08T07:00:00.000Z
sensor.meross_temperature_soggiorno,21.628441122194445,2026-05-08T08:00:00.000Z
sensor.meross_temperature_soggiorno,21.7,2026-05-08T09:00:00.000Z
sensor.meross_temperature_soggiorno,21.777091881305555,2026-05-08T10:00:00.000Z
sensor.meross_temperature_soggiorno,21.85375051386111,2026-05-08T11:00:00.000Z
sensor.meross_temperature_soggiorno,22.021715519305555,2026-05-08T12:00:00.000Z
sensor.meross_temperature_soggiorno,22,2026-05-08T13:00:00.000Z
sensor.meross_temperature_soggiorno,22,2026-05-08T14:00:00.000Z
sensor.meross_temperature_soggiorno,22.045214394083334,2026-05-08T16:00:00.000Z
sensor.meross_temperature_soggiorno,22.03270316063889,2026-05-08T17:00:00.000Z
sensor.meross_temperature_soggiorno,22.05515411952778,2026-05-08T18:00:00.000Z
sensor.meross_temperature_soggiorno,22.071809235222222,2026-05-08T19:00:00.000Z
sensor.meross_temperature_soggiorno,22.15196440386111,2026-05-08T20:00:00.000Z
sensor.meross_temperature_soggiorno,22.143701954833332,2026-05-08T21:00:00.000Z
sensor.meross_temperature_soggiorno,22.05392855713889,2026-05-08T22:00:00.000Z
sensor.meross_temperature_soggiorno,22,2026-05-08T23:00:00.000Z
sensor.meross_temperature_soggiorno,21.982773075861115,2026-05-09T00:00:00.000Z
sensor.meross_temperature_soggiorno,21.872497245027777,2026-05-09T01:00:00.000Z
sensor.meross_temperature_soggiorno,21.742541283416667,2026-05-09T02:00:00.000Z
sensor.meross_temperature_soggiorno,21.643459659472224,2026-05-09T03:00:00.000Z
sensor.meross_temperature_soggiorno,21.535958132305556,2026-05-09T04:00:00.000Z
sensor.meross_temperature_soggiorno,21.5,2026-05-09T05:00:00.000Z
sensor.meross_temperature_soggiorno,21.5,2026-05-09T06:00:00.000Z
sensor.meross_temperature_soggiorno,21.715914851916665,2026-05-09T07:00:00.000Z
sensor.meross_temperature_soggiorno,21.97880160838889,2026-05-09T08:00:00.000Z
sensor.meross_temperature_soggiorno,22.13711283352778,2026-05-09T09:00:00.000Z
sensor.meross_temperature_soggiorno,22.428934481611112,2026-05-09T10:00:00.000Z
sensor.meross_temperature_soggiorno,22.438937028305556,2026-05-09T11:00:00.000Z
sensor.meross_temperature_soggiorno,22.5,2026-05-09T12:00:00.000Z
sensor.meross_temperature_soggiorno,22.555021626222224,2026-05-09T13:00:00.000Z
sensor.meross_temperature_soggiorno,22.600000000000005,2026-05-09T14:00:00.000Z
sensor.meross_temperature_soggiorno,22.600000000000005,2026-05-09T15:00:00.000Z
sensor.meross_temperature_soggiorno,22.500914977583335,2026-05-09T17:00:00.000Z
sensor.meross_temperature_soggiorno,22.427423188083335,2026-05-09T18:00:00.000Z
sensor.meross_temperature_soggiorno,22.38997010986111,2026-05-09T19:00:00.000Z
sensor.meross_temperature_soggiorno,22.3,2026-05-09T20:00:00.000Z
sensor.meross_temperature_soggiorno,22.234706239833333,2026-05-09T21:00:00.000Z
sensor.meross_temperature_soggiorno,22.183253928499997,2026-05-09T22:00:00.000Z
sensor.meross_temperature_soggiorno,22.088774563972223,2026-05-09T23:00:00.000Z
sensor.meross_temperature_soggiorno,22.099089380222225,2026-05-10T00:00:00.000Z
sensor.meross_temperature_soggiorno,22,2026-05-10T01:00:00.000Z
sensor.meross_temperature_soggiorno,22,2026-05-10T02:00:00.000Z
sensor.meross_temperature_soggiorno,21.979897517027776,2026-05-10T04:00:00.000Z
sensor.meross_temperature_soggiorno,21.899999999999995,2026-05-10T05:00:00.000Z
sensor.meross_temperature_soggiorno,21.899999999999995,2026-05-10T06:00:00.000Z
sensor.meross_temperature_soggiorno,21.998666796027777,2026-05-10T09:00:00.000Z
sensor.meross_temperature_soggiorno,22.049612194305556,2026-05-10T10:00:00.000Z
sensor.meross_temperature_soggiorno,22,2026-05-10T11:00:00.000Z
sensor.meross_temperature_soggiorno,21.916048883499997,2026-05-10T12:00:00.000Z
sensor.meross_temperature_soggiorno,21.899999999999995,2026-05-10T13:00:00.000Z
sensor.meross_temperature_soggiorno,21.899999999999995,2026-05-10T14:00:00.000Z
sensor.meross_temperature_soggiorno,21.829389674305556,2026-05-10T15:00:00.000Z
sensor.meross_temperature_soggiorno,21.93402145875,2026-05-10T16:00:00.000Z
sensor.meross_temperature_soggiorno,22,2026-05-10T17:00:00.000Z
sensor.meross_temperature_soggiorno,22,2026-05-10T18:00:00.000Z
sensor.meross_temperature_soggiorno,22.04373591738889,2026-05-10T20:00:00.000Z
sensor.meross_temperature_soggiorno,22.100000000000005,2026-05-10T21:00:00.000Z
sensor.meross_temperature_soggiorno,22.021339566555554,2026-05-10T22:00:00.000Z
sensor.meross_temperature_soggiorno,21.94876553027778,2026-05-10T23:00:00.000Z
sensor.meross_temperature_soggiorno,21.82728730827778,2026-05-11T00:00:00.000Z
sensor.meross_temperature_soggiorno,21.764660275194444,2026-05-11T01:00:00.000Z
sensor.meross_temperature_soggiorno,21.7,2026-05-11T02:00:00.000Z
sensor.meross_temperature_soggiorno,21.61881819363889,2026-05-11T03:00:00.000Z
sensor.meross_temperature_soggiorno,21.600000000000005,2026-05-11T04:00:00.000Z
sensor.meross_temperature_soggiorno,21.53435135636111,2026-05-11T05:00:00.000Z
sensor.meross_temperature_soggiorno,21.564729776944446,2026-05-11T06:00:00.000Z
sensor.meross_temperature_soggiorno,21.600000000000005,2026-05-11T07:00:00.000Z
sensor.meross_temperature_soggiorno,21.57967830211111,2026-05-11T08:00:00.000Z
sensor.meross_temperature_soggiorno,21.5,2026-05-11T09:00:00.000Z
sensor.meross_temperature_soggiorno,21.626695141222225,2026-05-11T10:00:00.000Z
sensor.meross_temperature_soggiorno,21.745632687805553,2026-05-11T11:00:00.000Z
sensor.meross_temperature_soggiorno,21.844713216749998,2026-05-11T12:00:00.000Z
sensor.meross_temperature_soggiorno,21.888803150138887,2026-05-11T13:00:00.000Z
sensor.meross_temperature_soggiorno,21.899999999999995,2026-05-11T14:00:00.000Z
sensor.meross_temperature_soggiorno,21.899999999999995,2026-05-11T15:00:00.000Z
sensor.meross_temperature_soggiorno,22.005722257777776,2026-05-11T16:00:00.000Z
sensor.meross_temperature_soggiorno,22.006002051750002,2026-05-11T17:00:00.000Z
sensor.meross_temperature_soggiorno,21.94208513011111,2026-05-11T18:00:00.000Z
sensor.meross_temperature_soggiorno,21.899999999999995,2026-05-11T19:00:00.000Z
sensor.meross_temperature_soggiorno,21.899999999999995,2026-05-11T20:00:00.000Z
sensor.meross_temperature_soggiorno,21.85212583052778,2026-05-11T22:00:00.000Z
sensor.meross_temperature_soggiorno,21.71658825761111,2026-05-11T23:00:00.000Z
sensor.meross_temperature_soggiorno,21.62335593022222,2026-05-12T00:00:00.000Z
sensor.meross_temperature_soggiorno,21.554570728083334,2026-05-12T01:00:00.000Z
sensor.meross_temperature_soggiorno,21.5,2026-05-12T02:00:00.000Z
sensor.meross_temperature_soggiorno,21.5,2026-05-12T03:00:00.000Z
sensor.meross_temperature_soggiorno,21.436598088305555,2026-05-12T04:00:00.000Z
sensor.meross_temperature_soggiorno,21.348408568944446,2026-05-12T05:00:00.000Z
sensor.meross_temperature_soggiorno,21.377308108666668,2026-05-12T06:00:00.000Z
sensor.meross_temperature_soggiorno,21.699739677555556,2026-05-12T07:00:00.000Z
sensor.meross_temperature_soggiorno,21.899999999999995,2026-05-12T08:00:00.000Z
sensor.meross_temperature_soggiorno,21.877867340027777,2026-05-12T09:00:00.000Z
sensor.meross_temperature_soggiorno,21.78558291327778,2026-05-12T10:00:00.000Z
sensor.meross_temperature_soggiorno,21.512726553972225,2026-05-12T11:00:00.000Z
sensor.meross_temperature_soggiorno,21.492560962166667,2026-05-12T12:00:00.000Z
sensor.meross_temperature_soggiorno,21.581354494527776,2026-05-12T13:00:00.000Z
sensor.meross_temperature_soggiorno,21.712840300222222,2026-05-12T14:00:00.000Z
sensor.meross_temperature_soggiorno,21.8,2026-05-12T15:00:00.000Z
sensor.meross_temperature_soggiorno,21.89230835808333,2026-05-12T16:00:00.000Z
sensor.meross_temperature_soggiorno,21.899999999999995,2026-05-12T17:00:00.000Z
sensor.meross_temperature_soggiorno,21.899999999999995,2026-05-12T18:00:00.000Z
sensor.meross_temperature_soggiorno,21.857740748777776,2026-05-12T22:00:00.000Z
sensor.meross_temperature_soggiorno,21.710978103083335,2026-05-12T23:00:00.000Z
sensor.meross_temperature_soggiorno,21.588256612611115,2026-05-13T00:00:00.000Z
sensor.meross_temperature_soggiorno,21.5,2026-05-13T01:00:00.000Z
sensor.meross_temperature_soggiorno,21.470776706027777,2026-05-13T02:00:00.000Z
sensor.meross_temperature_soggiorno,21.399999999999995,2026-05-13T03:00:00.000Z
sensor.meross_temperature_soggiorno,21.333323483194444,2026-05-13T04:00:00.000Z
sensor.meross_temperature_soggiorno,21.26805697302778,2026-05-13T05:00:00.000Z
sensor.meross_temperature_soggiorno,21.250642172833334,2026-05-13T06:00:00.000Z
sensor.meross_temperature_soggiorno,21.307517008222224,2026-05-13T07:00:00.000Z
sensor.meross_temperature_soggiorno,21.399999999999995,2026-05-13T08:00:00.000Z
sensor.meross_temperature_soggiorno,21.497818182499998,2026-05-13T09:00:00.000Z
sensor.meross_temperature_soggiorno,21.5,2026-05-13T10:00:00.000Z
sensor.meross_temperature_soggiorno,21.5,2026-05-13T11:00:00.000Z
sensor.meross_temperature_soggiorno,21.5542729185,2026-05-13T12:00:00.000Z
sensor.meross_temperature_soggiorno,21.608535813444448,2026-05-13T13:00:00.000Z
sensor.meross_temperature_soggiorno,21.7,2026-05-13T14:00:00.000Z
sensor.meross_temperature_soggiorno,21.7,2026-05-13T15:00:00.000Z
sensor.meross_temperature_soggiorno,21.79086023072222,2026-05-13T17:00:00.000Z
sensor.meross_temperature_soggiorno,21.831117412694443,2026-05-13T18:00:00.000Z
sensor.meross_temperature_soggiorno,21.899999999999995,2026-05-13T19:00:00.000Z
sensor.meross_temperature_soggiorno,21.899999999999995,2026-05-13T20:00:00.000Z
sensor.meross_temperature_soggiorno,21.890530323305555,2026-05-13T21:00:00.000Z
sensor.meross_temperature_soggiorno,21.8,2026-05-13T22:00:00.000Z
sensor.meross_temperature_soggiorno,21.8,2026-05-13T23:00:00.000Z
sensor.meross_temperature_soggiorno,21.728742494416664,2026-05-14T00:00:00.000Z
sensor.meross_temperature_soggiorno,21.580672861444445,2026-05-14T01:00:00.000Z
sensor.meross_temperature_soggiorno,21.5,2026-05-14T02:00:00.000Z
sensor.meross_temperature_soggiorno,21.5,2026-05-14T03:00:00.000Z
sensor.meross_temperature_soggiorno,21.42107611483333,2026-05-14T04:00:00.000Z
sensor.meross_temperature_soggiorno,21.399999999999995,2026-05-14T05:00:00.000Z
sensor.meross_temperature_soggiorno,21.399999999999995,2026-05-14T06:00:00.000Z
sensor.meross_temperature_soggiorno,21.53285564377778,2026-05-14T08:00:00.000Z
sensor.meross_temperature_soggiorno,21.531592126194443,2026-05-14T09:00:00.000Z
sensor.meross_temperature_soggiorno,21.600000000000005,2026-05-14T10:00:00.000Z
sensor.meross_temperature_soggiorno,21.604113201944447,2026-05-14T11:00:00.000Z
sensor.meross_temperature_soggiorno,21.66876900405556,2026-05-14T12:00:00.000Z
sensor.meross_temperature_soggiorno,21.600000000000005,2026-05-14T13:00:00.000Z
sensor.meross_temperature_soggiorno,21.584640227944448,2026-05-14T14:00:00.000Z
sensor.meross_temperature_soggiorno,21.5,2026-05-14T15:00:00.000Z
sensor.meross_temperature_soggiorno,21.575209937472223,2026-05-14T16:00:00.000Z
sensor.meross_temperature_soggiorno,21.62388681338889,2026-05-14T17:00:00.000Z
sensor.meross_temperature_soggiorno,21.626024990999998,2026-05-14T18:00:00.000Z
sensor.meross_temperature_soggiorno,21.5,2026-05-14T19:00:00.000Z
sensor.meross_temperature_soggiorno,21.487405848694447,2026-05-14T20:00:00.000Z
sensor.meross_temperature_soggiorno,21.399999999999995,2026-05-14T21:00:00.000Z
sensor.meross_temperature_soggiorno,21.37948656758333,2026-05-14T22:00:00.000Z
sensor.meross_temperature_soggiorno,21.246056522305555,2026-05-14T23:00:00.000Z
sensor.meross_temperature_soggiorno,21.157033956305558,2026-05-15T00:00:00.000Z
sensor.meross_temperature_soggiorno,21.041141450027776,2026-05-15T01:00:00.000Z
sensor.meross_temperature_soggiorno,21,2026-05-15T02:00:00.000Z
sensor.meross_temperature_soggiorno,21,2026-05-15T03:00:00.000Z
sensor.meross_temperature_soggiorno,20.920139924999997,2026-05-15T04:00:00.000Z
sensor.meross_temperature_soggiorno,20.88316241536111,2026-05-15T05:00:00.000Z
sensor.meross_temperature_soggiorno,20.9,2026-05-15T06:00:00.000Z
sensor.meross_temperature_soggiorno,20.9,2026-05-15T07:00:00.000Z
sensor.meross_temperature_soggiorno,20.81539443463889,2026-05-15T08:00:00.000Z
sensor.meross_temperature_soggiorno,20.66522047225,2026-05-15T09:00:00.000Z
sensor.meross_temperature_soggiorno,20.681073197361112,2026-05-15T10:00:00.000Z
sensor.meross_temperature_soggiorno,20.712024125083335,2026-05-15T11:00:00.000Z
sensor.meross_temperature_soggiorno,20.750501910027776,2026-05-15T12:00:00.000Z
sensor.meross_temperature_soggiorno,20.617189769944446,2026-05-15T13:00:00.000Z
sensor.meross_temperature_soggiorno,20.7,2026-05-15T14:00:00.000Z
sensor.meross_temperature_soggiorno,20.70595233822222,2026-05-15T15:00:00.000Z
sensor.meross_temperature_soggiorno,20.89757014575,2026-05-15T16:00:00.000Z
sensor.meross_temperature_soggiorno,20.9,2026-05-15T17:00:00.000Z
sensor.meross_temperature_soggiorno,20.860505616416667,2026-05-15T18:00:00.000Z
sensor.meross_temperature_soggiorno,20.747419946833332,2026-05-15T19:00:00.000Z
sensor.meross_temperature_soggiorno,20.682410946972222,2026-05-15T20:00:00.000Z
sensor.meross_temperature_soggiorno,20.77375006252778,2026-05-15T21:00:00.000Z
sensor.meross_temperature_soggiorno,20.747146484972223,2026-05-15T22:00:00.000Z
sensor.meross_temperature_soggiorno,20.7,2026-05-15T23:00:00.000Z
sensor.meross_temperature_soggiorno,20.656485777555556,2026-05-16T00:00:00.000Z
sensor.meross_temperature_soggiorno,20.6,2026-05-16T01:00:00.000Z
sensor.meross_temperature_soggiorno,20.507891393694447,2026-05-16T02:00:00.000Z
sensor.meross_temperature_soggiorno,20.5,2026-05-16T03:00:00.000Z
sensor.meross_temperature_soggiorno,20.503407703055554,2026-05-16T04:00:00.000Z
sensor.meross_temperature_soggiorno,21.13151024375,2026-05-16T05:00:00.000Z
sensor.meross_temperature_soggiorno,20.913952197527777,2026-05-16T06:00:00.000Z
sensor.meross_temperature_soggiorno,20.946054863472224,2026-05-16T07:00:00.000Z
sensor.meross_temperature_soggiorno,20.8,2026-05-16T08:00:00.000Z
sensor.meross_temperature_soggiorno,20.848751076472222,2026-05-16T09:00:00.000Z
sensor.meross_temperature_soggiorno,20.9,2026-05-16T10:00:00.000Z
sensor.meross_temperature_soggiorno,20.975645855555555,2026-05-16T11:00:00.000Z
sensor.meross_temperature_soggiorno,21.01400336672222,2026-05-16T12:00:00.000Z
sensor.meross_temperature_soggiorno,21.028962372416668,2026-05-16T13:00:00.000Z
sensor.meross_temperature_soggiorno,21.082494322194446,2026-05-16T14:00:00.000Z
sensor.meross_temperature_soggiorno,21.135433728694444,2026-05-16T15:00:00.000Z
sensor.meross_temperature_soggiorno,21.18299549502778,2026-05-16T16:00:00.000Z
sensor.meross_temperature_soggiorno,21.1,2026-05-16T17:00:00.000Z
sensor.meross_temperature_soggiorno,21.006360076805553,2026-05-16T18:00:00.000Z
sensor.meross_temperature_soggiorno,21,2026-05-16T19:00:00.000Z
sensor.meross_temperature_soggiorno,20.907585035027775,2026-05-16T20:00:00.000Z
sensor.meross_temperature_soggiorno,20.843041421805555,2026-05-16T21:00:00.000Z
sensor.meross_temperature_soggiorno,20.754046024361113,2026-05-16T22:00:00.000Z
sensor.meross_temperature_soggiorno,20.69758830238889,2026-05-16T23:00:00.000Z
sensor.meross_temperature_soggiorno,20.6,2026-05-17T00:00:00.000Z
sensor.meross_temperature_soggiorno,20.53218293288889,2026-05-17T01:00:00.000Z
sensor.meross_temperature_soggiorno,20.476924929666666,2026-05-17T02:00:00.000Z
sensor.meross_temperature_soggiorno,20.394703896277775,2026-05-17T03:00:00.000Z
sensor.meross_temperature_soggiorno,20.370317055111112,2026-05-17T04:00:00.000Z
sensor.meross_temperature_soggiorno,20.995161677083335,2026-05-17T05:00:00.000Z
sensor.meross_temperature_soggiorno,21.187315681444442,2026-05-17T06:00:00.000Z
sensor.meross_temperature_soggiorno,20.93487193877778,2026-05-17T07:00:00.000Z
sensor.meross_temperature_soggiorno,20.725015817027778,2026-05-17T08:00:00.000Z
sensor.meross_temperature_soggiorno,20.868916193194444,2026-05-17T09:00:00.000Z
sensor.meross_temperature_soggiorno,20.9,2026-05-17T10:00:00.000Z
sensor.meross_temperature_soggiorno,20.91475866158333,2026-05-17T11:00:00.000Z
sensor.meross_temperature_soggiorno,21.086694449027778,2026-05-17T12:00:00.000Z
sensor.meross_temperature_soggiorno,21.112921480472224,2026-05-17T13:00:00.000Z
sensor.meross_temperature_soggiorno,21.2,2026-05-17T14:00:00.000Z
sensor.meross_temperature_soggiorno,21.239260272805556,2026-05-17T15:00:00.000Z
sensor.meross_temperature_soggiorno,21.2,2026-05-17T16:00:00.000Z
sensor.meross_temperature_soggiorno,21.2,2026-05-17T17:00:00.000Z
sensor.meross_temperature_soggiorno,21.25297987572222,2026-05-17T19:00:00.000Z
sensor.meross_temperature_soggiorno,21.3,2026-05-17T20:00:00.000Z
sensor.meross_temperature_soggiorno,21.18896130063889,2026-05-17T21:00:00.000Z
sensor.meross_temperature_soggiorno,21.01318138925,2026-05-17T22:00:00.000Z
sensor.meross_temperature_soggiorno,21,2026-05-17T23:00:00.000Z
sensor.meross_temperature_soggiorno,20.96330952847222,2026-05-18T00:00:00.000Z
sensor.meross_temperature_soggiorno,20.887541337777776,2026-05-18T01:00:00.000Z
sensor.meross_temperature_soggiorno,20.8,2026-05-18T02:00:00.000Z
sensor.meross_temperature_soggiorno,20.709549006416665,2026-05-18T03:00:00.000Z
sensor.meross_temperature_soggiorno,20.70967119247222,2026-05-18T04:00:00.000Z
sensor.meross_temperature_soggiorno,21.127629343777777,2026-05-18T05:00:00.000Z
sensor.meross_temperature_soggiorno,20.862818858972222,2026-05-18T06:00:00.000Z
sensor.meross_temperature_soggiorno,21.166869249472224,2026-05-18T07:00:00.000Z
sensor.meross_temperature_soggiorno,20.919114569944444,2026-05-18T08:00:00.000Z
sensor.meross_temperature_soggiorno,20.9,2026-05-18T09:00:00.000Z
sensor.meross_temperature_soggiorno,20.9,2026-05-18T10:00:00.000Z
sensor.meross_temperature_soggiorno,20.956734822305553,2026-05-18T11:00:00.000Z
sensor.meross_temperature_soggiorno,21,2026-05-18T12:00:00.000Z
sensor.meross_temperature_soggiorno,21.000715742166665,2026-05-18T13:00:00.000Z
sensor.meross_temperature_soggiorno,21.1,2026-05-18T14:00:00.000Z
sensor.meross_temperature_soggiorno,21.1,2026-05-18T15:00:00.000Z
sensor.meross_temperature_soggiorno,21.187652897944442,2026-05-18T16:00:00.000Z
sensor.meross_temperature_soggiorno,21.2,2026-05-18T17:00:00.000Z
sensor.meross_temperature_soggiorno,21.196609913722224,2026-05-18T18:00:00.000Z
sensor.meross_temperature_soggiorno,20.97486137988889,2026-05-18T19:00:00.000Z
sensor.meross_temperature_soggiorno,21.158943331527777,2026-05-18T20:00:00.000Z
sensor.meross_temperature_soggiorno,21.2,2026-05-18T21:00:00.000Z
sensor.meross_temperature_soggiorno,21.10011817752778,2026-05-18T22:00:00.000Z
sensor.meross_temperature_soggiorno,21,2026-05-18T23:00:00.000Z
sensor.meross_temperature_soggiorno,21,2026-05-19T00:00:00.000Z
sensor.meross_temperature_soggiorno,20.953734756444444,2026-05-19T01:00:00.000Z
sensor.meross_temperature_soggiorno,20.9,2026-05-19T02:00:00.000Z
sensor.meross_temperature_soggiorno,20.825757451305556,2026-05-19T03:00:00.000Z
sensor.meross_temperature_soggiorno,20.780385038416668,2026-05-19T04:00:00.000Z
sensor.meross_temperature_soggiorno,21.14267542325,2026-05-19T05:00:00.000Z
sensor.meross_temperature_soggiorno,21.00300479147222,2026-05-19T06:00:00.000Z
sensor.meross_temperature_soggiorno,21.020887453666667,2026-05-19T07:00:00.000Z
sensor.meross_temperature_soggiorno,21.12419267222222,2026-05-19T08:00:00.000Z
sensor.meross_temperature_soggiorno,21.2,2026-05-19T09:00:00.000Z
sensor.meross_temperature_soggiorno,21.2,2026-05-19T10:00:00.000Z
sensor.meross_temperature_soggiorno,21.259420860000002,2026-05-19T11:00:00.000Z
sensor.meross_temperature_soggiorno,21.349851788166664,2026-05-19T12:00:00.000Z
sensor.meross_temperature_soggiorno,21.37781201647222,2026-05-19T13:00:00.000Z
sensor.meross_temperature_soggiorno,21.399999999999995,2026-05-19T14:00:00.000Z
sensor.meross_temperature_soggiorno,21.399999999999995,2026-05-19T15:00:00.000Z
sensor.meross_temperature_soggiorno,21.443597131999997,2026-05-19T17:00:00.000Z
sensor.meross_temperature_soggiorno,21.517449057388887,2026-05-19T18:00:00.000Z
sensor.meross_temperature_soggiorno,21.600000000000005,2026-05-19T19:00:00.000Z
sensor.meross_temperature_soggiorno,21.600000000000005,2026-05-19T20:00:00.000Z
sensor.meross_temperature_soggiorno,21.512308943305555,2026-05-19T21:00:00.000Z
sensor.meross_temperature_soggiorno,21.479473944055556,2026-05-19T22:00:00.000Z
sensor.meross_temperature_soggiorno,21.399999999999995,2026-05-19T23:00:00.000Z
sensor.meross_temperature_soggiorno,21.336486298666667,2026-05-20T00:00:00.000Z
sensor.meross_temperature_soggiorno,21.296256170750002,2026-05-20T01:00:00.000Z
sensor.meross_temperature_soggiorno,21.2,2026-05-20T02:00:00.000Z
sensor.meross_temperature_soggiorno,21.14763364911111,2026-05-20T03:00:00.000Z
sensor.meross_temperature_soggiorno,21.1,2026-05-20T04:00:00.000Z
sensor.meross_temperature_soggiorno,21.059974164916667,2026-05-20T05:00:00.000Z
sensor.meross_temperature_soggiorno,21.108845994472222,2026-05-20T06:00:00.000Z
sensor.meross_temperature_soggiorno,21.37731217297222,2026-05-20T07:00:00.000Z
sensor.meross_temperature_soggiorno,21.47831061652778,2026-05-20T08:00:00.000Z
sensor.meross_temperature_soggiorno,21.5,2026-05-20T09:00:00.000Z
sensor.meross_temperature_soggiorno,21.58486492938889,2026-05-20T10:00:00.000Z
sensor.meross_temperature_soggiorno,21.650325284722225,2026-05-20T11:00:00.000Z
sensor.meross_temperature_soggiorno,21.7,2026-05-20T12:00:00.000Z
sensor.meross_temperature_soggiorno,21.830542493555555,2026-05-20T13:00:00.000Z
sensor.meross_temperature_soggiorno,21.899999999999995,2026-05-20T14:00:00.000Z
sensor.meross_temperature_soggiorno,21.899999999999995,2026-05-20T15:00:00.000Z
sensor.meross_temperature_soggiorno,21.940369854277776,2026-05-20T16:00:00.000Z
sensor.meross_temperature_soggiorno,22,2026-05-20T17:00:00.000Z
sensor.meross_temperature_soggiorno,22.11257454586111,2026-05-20T18:00:00.000Z
sensor.meross_temperature_soggiorno,22.2,2026-05-20T19:00:00.000Z
sensor.meross_temperature_soggiorno,22.27781890236111,2026-05-20T20:00:00.000Z
sensor.meross_temperature_soggiorno,22.25677538991667,2026-05-20T21:00:00.000Z
sensor.meross_temperature_soggiorno,22.073320259916667,2026-05-20T22:00:00.000Z
sensor.meross_temperature_soggiorno,22,2026-05-20T23:00:00.000Z
sensor.meross_temperature_soggiorno,22,2026-05-21T00:00:00.000Z
sensor.meross_temperature_soggiorno,21.91349185961111,2026-05-21T01:00:00.000Z
sensor.meross_temperature_soggiorno,21.831248402527777,2026-05-21T02:00:00.000Z
sensor.meross_temperature_soggiorno,21.77698573836111,2026-05-21T03:00:00.000Z
sensor.meross_temperature_soggiorno,21.7,2026-05-21T04:00:00.000Z
sensor.meross_temperature_soggiorno,21.614776127805555,2026-05-21T05:00:00.000Z
sensor.meross_temperature_soggiorno,21.701621749,2026-05-21T06:00:00.000Z
sensor.meross_temperature_soggiorno,21.9168398405,2026-05-21T07:00:00.000Z
sensor.meross_temperature_soggiorno,22.063546478166668,2026-05-21T08:00:00.000Z
sensor.meross_temperature_soggiorno,22.100000000000005,2026-05-21T09:00:00.000Z
sensor.meross_temperature_soggiorno,22.100000000000005,2026-05-21T10:00:00.000Z
sensor.meross_temperature_soggiorno,22.143144824333334,2026-05-21T12:00:00.000Z
sensor.meross_temperature_soggiorno,22.2,2026-05-21T13:00:00.000Z
sensor.meross_temperature_soggiorno,22.230109724555557,2026-05-21T14:00:00.000Z
sensor.meross_temperature_soggiorno,22.320799741722222,2026-05-21T15:00:00.000Z
sensor.meross_temperature_soggiorno,22.48381575163889,2026-05-21T16:00:00.000Z
sensor.meross_temperature_soggiorno,22.634921552861112,2026-05-21T17:00:00.000Z
sensor.meross_temperature_soggiorno,22.660794213166668,2026-05-21T18:00:00.000Z
sensor.meross_temperature_soggiorno,22.7,2026-05-21T19:00:00.000Z
sensor.meross_temperature_soggiorno,22.79139502841667,2026-05-21T20:00:00.000Z
sensor.meross_temperature_soggiorno,22.76804085038889,2026-05-21T21:00:00.000Z
sensor.meross_temperature_soggiorno,22.601489135583336,2026-05-21T22:00:00.000Z
sensor.meross_temperature_soggiorno,22.444508152277777,2026-05-21T23:00:00.000Z
sensor.meross_temperature_soggiorno,22.37346310675,2026-05-22T00:00:00.000Z
sensor.meross_temperature_soggiorno,22.3,2026-05-22T01:00:00.000Z
sensor.meross_temperature_soggiorno,22.224812748972223,2026-05-22T02:00:00.000Z
sensor.meross_temperature_soggiorno,22.19577984861111,2026-05-22T03:00:00.000Z
sensor.meross_temperature_soggiorno,22.100000000000005,2026-05-22T04:00:00.000Z
sensor.meross_temperature_soggiorno,22.100000000000005,2026-05-22T05:00:00.000Z
sensor.meross_temperature_soggiorno,22.18445267052778,2026-05-22T06:00:00.000Z
sensor.meross_temperature_soggiorno,22.477589944583332,2026-05-22T07:00:00.000Z
sensor.meross_temperature_soggiorno,22.65783905238889,2026-05-22T08:00:00.000Z
sensor.meross_temperature_soggiorno,22.742915767499998,2026-05-22T09:00:00.000Z
sensor.meross_temperature_soggiorno,22.8,2026-05-22T10:00:00.000Z
sensor.meross_temperature_soggiorno,22.88317458822222,2026-05-22T11:00:00.000Z
sensor.meross_temperature_soggiorno,22.899999999999995,2026-05-22T12:00:00.000Z
sensor.meross_temperature_soggiorno,22.899999999999995,2026-05-22T13:00:00.000Z
sensor.meross_temperature_soggiorno,22.93193060511111,2026-05-22T15:00:00.000Z
sensor.meross_temperature_soggiorno,23.098281911111112,2026-05-22T16:00:00.000Z
sensor.meross_temperature_soggiorno,23.219312639416668,2026-05-22T17:00:00.000Z
sensor.meross_temperature_soggiorno,23.2,2026-05-22T18:00:00.000Z
sensor.meross_temperature_soggiorno,23.2380361955,2026-05-22T19:00:00.000Z
sensor.meross_temperature_soggiorno,23.26438195361111,2026-05-22T20:00:00.000Z
sensor.meross_temperature_soggiorno,23.103615383027776,2026-05-22T21:00:00.000Z
sensor.meross_temperature_soggiorno,23.100000000000005,2026-05-22T22:00:00.000Z
sensor.meross_temperature_soggiorno,23.002589907361113,2026-05-22T23:00:00.000Z
sensor.meross_temperature_soggiorno,22.957219140972224,2026-05-23T00:00:00.000Z
sensor.meross_temperature_soggiorno,22.88895236,2026-05-23T01:00:00.000Z
sensor.meross_temperature_soggiorno,22.8,2026-05-23T02:00:00.000Z
sensor.meross_temperature_soggiorno,22.77670229177778,2026-05-23T03:00:00.000Z
sensor.meross_temperature_soggiorno,22.7,2026-05-23T04:00:00.000Z
sensor.meross_temperature_soggiorno,22.7,2026-05-23T05:00:00.000Z
sensor.meross_temperature_soggiorno,22.72841237511111,2026-05-23T06:00:00.000Z
sensor.meross_temperature_soggiorno,22.995012638333336,2026-05-23T07:00:00.000Z
sensor.meross_temperature_soggiorno,23.25485866011111,2026-05-23T08:00:00.000Z
sensor.meross_temperature_soggiorno,23.3,2026-05-23T09:00:00.000Z
sensor.meross_temperature_soggiorno,23.3,2026-05-23T10:00:00.000Z
sensor.meross_temperature_soggiorno,23.310833617916668,2026-05-23T12:00:00.000Z
sensor.meross_temperature_soggiorno,23.53914281863889,2026-05-23T13:00:00.000Z
sensor.meross_temperature_soggiorno,23.647675693916668,2026-05-23T14:00:00.000Z
sensor.meross_temperature_soggiorno,23.71791504822222,2026-05-23T15:00:00.000Z
sensor.meross_temperature_soggiorno,23.741241219333332,2026-05-23T16:00:00.000Z
sensor.meross_temperature_soggiorno,23.7,2026-05-23T17:00:00.000Z
sensor.meross_temperature_soggiorno,23.628546383916667,2026-05-23T18:00:00.000Z
sensor.meross_temperature_soggiorno,23.685483917444444,2026-05-23T19:00:00.000Z
sensor.meross_temperature_soggiorno,23.73639979477778,2026-05-23T20:00:00.000Z
sensor.meross_temperature_soggiorno,23.623839031472226,2026-05-23T21:00:00.000Z
sensor.meross_temperature_soggiorno,23.600000000000005,2026-05-23T22:00:00.000Z
sensor.meross_temperature_soggiorno,23.600000000000005,2026-05-23T23:00:00.000Z
sensor.meross_temperature_soggiorno,23.54331041311111,2026-05-24T00:00:00.000Z
sensor.meross_temperature_soggiorno,23.483213022694443,2026-05-24T01:00:00.000Z
sensor.meross_temperature_soggiorno,23.399999999999995,2026-05-24T02:00:00.000Z
sensor.meross_temperature_soggiorno,23.323339241944442,2026-05-24T03:00:00.000Z
sensor.meross_temperature_soggiorno,23.3,2026-05-24T04:00:00.000Z
sensor.meross_temperature_soggiorno,23.22609180425,2026-05-24T05:00:00.000Z
sensor.meross_temperature_soggiorno,23.264597893138887,2026-05-24T06:00:00.000Z
sensor.meross_temperature_soggiorno,23.564352483611113,2026-05-24T07:00:00.000Z
sensor.meross_temperature_soggiorno,23.871846245472224,2026-05-24T08:00:00.000Z
sensor.meross_temperature_soggiorno,24.000233156416666,2026-05-24T09:00:00.000Z
sensor.meross_temperature_soggiorno,24.206083462916666,2026-05-24T10:00:00.000Z
sensor.meross_temperature_soggiorno,24.445389703527777,2026-05-24T11:00:00.000Z
sensor.meross_temperature_soggiorno,24.408539734277777,2026-05-24T12:00:00.000Z
sensor.meross_temperature_soggiorno,24.5,2026-05-24T13:00:00.000Z
sensor.meross_temperature_soggiorno,24.553240395111114,2026-05-24T14:00:00.000Z
sensor.meross_temperature_soggiorno,24.5,2026-05-24T15:00:00.000Z
sensor.meross_temperature_soggiorno,24.5,2026-05-24T16:00:00.000Z
sensor.meross_temperature_soggiorno,24.557521848500002,2026-05-24T17:00:00.000Z
sensor.meross_temperature_soggiorno,24.670635445805555,2026-05-24T18:00:00.000Z
sensor.meross_temperature_soggiorno,24.730814848277777,2026-05-24T19:00:00.000Z
sensor.meross_temperature_soggiorno,24.7,2026-05-24T20:00:00.000Z
sensor.meross_temperature_soggiorno,24.663574237361114,2026-05-24T21:00:00.000Z
sensor.meross_temperature_soggiorno,24.522397404,2026-05-24T22:00:00.000Z
sensor.meross_temperature_soggiorno,24.40269949788889,2026-05-24T23:00:00.000Z
sensor.meross_temperature_soggiorno,24.311982019583336,2026-05-25T00:00:00.000Z
sensor.meross_temperature_soggiorno,24.2296540465,2026-05-25T01:00:00.000Z
sensor.meross_temperature_soggiorno,24.159966766055557,2026-05-25T02:00:00.000Z
sensor.meross_temperature_soggiorno,24.100000000000005,2026-05-25T03:00:00.000Z
sensor.meross_temperature_soggiorno,24.067281763527777,2026-05-25T04:00:00.000Z
sensor.meross_temperature_soggiorno,24,2026-05-25T05:00:00.000Z
sensor.meross_temperature_soggiorno,24.08713076875,2026-05-25T06:00:00.000Z
sensor.meross_temperature_soggiorno,24.31499718177778,2026-05-25T07:00:00.000Z
sensor.meross_temperature_soggiorno,24.500848341888886,2026-05-25T08:00:00.000Z
sensor.meross_temperature_soggiorno,24.600000000000005,2026-05-25T09:00:00.000Z
sensor.meross_temperature_soggiorno,24.613643682833338,2026-05-25T10:00:00.000Z
sensor.meross_temperature_soggiorno,24.7,2026-05-25T11:00:00.000Z
sensor.meross_temperature_soggiorno,24.714585582444442,2026-05-25T12:00:00.000Z
sensor.meross_temperature_soggiorno,24.8,2026-05-25T13:00:00.000Z
sensor.meross_temperature_soggiorno,24.8,2026-05-25T14:00:00.000Z
sensor.meross_temperature_soggiorno,24.856761968361113,2026-05-25T15:00:00.000Z
sensor.meross_temperature_soggiorno,24.962205464916664,2026-05-25T16:00:00.000Z
sensor.meross_temperature_soggiorno,25,2026-05-25T17:00:00.000Z
sensor.meross_temperature_soggiorno,25.102437469250003,2026-05-25T18:00:00.000Z
sensor.meross_temperature_soggiorno,25.162395338861113,2026-05-25T19:00:00.000Z
sensor.meross_temperature_soggiorno,25.19358248986111,2026-05-25T20:00:00.000Z
sensor.meross_temperature_soggiorno,25.066422292583336,2026-05-25T21:00:00.000Z
sensor.meross_temperature_soggiorno,25,2026-05-25T22:00:00.000Z
sensor.meross_temperature_soggiorno,25,2026-05-25T23:00:00.000Z
sensor.meross_temperature_soggiorno,24.902575097666666,2026-05-26T00:00:00.000Z
sensor.meross_temperature_soggiorno,24.899999999999995,2026-05-26T01:00:00.000Z
sensor.meross_temperature_soggiorno,24.809886744333337,2026-05-26T02:00:00.000Z
sensor.meross_temperature_soggiorno,24.777992287777778,2026-05-26T03:00:00.000Z
sensor.meross_temperature_soggiorno,24.7,2026-05-26T04:00:00.000Z
sensor.meross_temperature_soggiorno,24.654210437805556,2026-05-26T05:00:00.000Z
sensor.meross_temperature_soggiorno,24.762810218277778,2026-05-26T06:00:00.000Z
sensor.meross_temperature_soggiorno,24.945758157472223,2026-05-26T07:00:00.000Z
sensor.meross_temperature_soggiorno,25.115881708777778,2026-05-26T08:00:00.000Z
sensor.meross_temperature_soggiorno,25.2,2026-05-26T09:00:00.000Z
sensor.meross_temperature_soggiorno,25.2,2026-05-26T10:00:00.000Z
sensor.meross_temperature_soggiorno,25.244362115055555,2026-05-26T11:00:00.000Z
sensor.meross_temperature_soggiorno,25.3,2026-05-26T12:00:00.000Z
sensor.meross_temperature_soggiorno,25.334244664472223,2026-05-26T13:00:00.000Z
sensor.meross_temperature_soggiorno,25.399999999999995,2026-05-26T14:00:00.000Z
sensor.meross_temperature_soggiorno,25.612936574055553,2026-05-26T15:00:00.000Z
sensor.meross_temperature_soggiorno,26.461049631861112,2026-05-26T16:00:00.000Z
sensor.meross_temperature_soggiorno,26.603411864055555,2026-05-26T17:00:00.000Z
sensor.meross_temperature_soggiorno,26.443389619722222,2026-05-26T18:00:00.000Z
sensor.meross_temperature_soggiorno,26.261495522666667,2026-05-26T19:00:00.000Z
sensor.meross_temperature_soggiorno,26.243872553888888,2026-05-26T20:00:00.000Z
sensor.meross_temperature_soggiorno,26.13740008127778,2026-05-26T21:00:00.000Z
sensor.meross_temperature_soggiorno,26.018646093555557,2026-05-26T22:00:00.000Z
sensor.meross_temperature_soggiorno,25.95940976211111,2026-05-26T23:00:00.000Z
sensor.meross_temperature_soggiorno,25.857439358027776,2026-05-27T00:00:00.000Z
sensor.meross_temperature_soggiorno,25.786309950666666,2026-05-27T01:00:00.000Z
sensor.meross_temperature_soggiorno,25.7,2026-05-27T02:00:00.000Z
sensor.meross_temperature_soggiorno,25.632804614305556,2026-05-27T03:00:00.000Z
sensor.meross_temperature_soggiorno,25.600000000000005,2026-05-27T04:00:00.000Z
sensor.meross_temperature_soggiorno,25.557474782222226,2026-05-27T05:00:00.000Z
sensor.meross_temperature_soggiorno,25.653050425611113,2026-05-27T06:00:00.000Z
sensor.meross_temperature_soggiorno,25.882589385305554,2026-05-27T07:00:00.000Z
sensor.meross_temperature_soggiorno,25.962917049305556,2026-05-27T08:00:00.000Z
sensor.meross_temperature_soggiorno,26.136210493638888,2026-05-27T09:00:00.000Z
sensor.meross_temperature_soggiorno,26.20736372661111,2026-05-27T10:00:00.000Z
sensor.meross_temperature_soggiorno,26.37991628297222,2026-05-27T11:00:00.000Z
sensor.meross_temperature_soggiorno,26.50931268875,2026-05-27T12:00:00.000Z
sensor.meross_temperature_soggiorno,26.525339261694445,2026-05-27T13:00:00.000Z
sensor.meross_temperature_soggiorno,26.600000000000005,2026-05-27T14:00:00.000Z
sensor.meross_temperature_soggiorno,26.693676856583334,2026-05-27T15:00:00.000Z
sensor.meross_temperature_soggiorno,27.10111014122222,2026-05-27T16:00:00.000Z
sensor.meross_temperature_soggiorno,27.123725265027776,2026-05-27T17:00:00.000Z
sensor.meross_temperature_soggiorno,27.150957827,2026-05-27T18:00:00.000Z
sensor.meross_temperature_soggiorno,27.61951252016667,2026-05-27T19:00:00.000Z
sensor.meross_temperature_soggiorno,27.121823225833335,2026-05-27T20:00:00.000Z
sensor.meross_temperature_soggiorno,26.96289399163889,2026-05-27T21:00:00.000Z
sensor.meross_temperature_soggiorno,26.816131446805556,2026-05-27T22:00:00.000Z
sensor.meross_temperature_soggiorno,26.68799686908333,2026-05-27T23:00:00.000Z
sensor.meross_temperature_soggiorno,26.585074877249998,2026-05-28T00:00:00.000Z
sensor.meross_temperature_soggiorno,26.485491086083332,2026-05-28T01:00:00.000Z
sensor.meross_temperature_soggiorno,26.399999999999995,2026-05-28T02:00:00.000Z
sensor.meross_temperature_soggiorno,26.314362528916664,2026-05-28T03:00:00.000Z
sensor.meross_temperature_soggiorno,26.3,2026-05-28T04:00:00.000Z
sensor.meross_temperature_soggiorno,26.217866972305554,2026-05-28T05:00:00.000Z
sensor.meross_temperature_soggiorno,26.250482656583333,2026-05-28T06:00:00.000Z
sensor.meross_temperature_soggiorno,26.30694031111111,2026-05-28T07:00:00.000Z
sensor.meross_temperature_soggiorno,26.41880004947222,2026-05-28T08:00:00.000Z
sensor.meross_temperature_soggiorno,26.55158777425,2026-05-28T09:00:00.000Z
sensor.meross_temperature_soggiorno,26.645141149972222,2026-05-28T10:00:00.000Z
sensor.meross_temperature_soggiorno,26.707877998694443,2026-05-28T11:00:00.000Z
sensor.meross_temperature_soggiorno,26.8,2026-05-28T12:00:00.000Z
sensor.meross_temperature_soggiorno,26.828546912500002,2026-05-28T13:00:00.000Z
sensor.meross_temperature_soggiorno,26.899999999999995,2026-05-28T14:00:00.000Z
sensor.meross_temperature_soggiorno,26.91457940408333,2026-05-28T15:00:00.000Z
sensor.meross_temperature_soggiorno,27.461675568555552,2026-05-28T16:00:00.000Z
sensor.meross_temperature_soggiorno,27.382037230611108,2026-05-28T17:00:00.000Z
sensor.meross_temperature_soggiorno,27.235701694055553,2026-05-28T18:00:00.000Z
sensor.meross_temperature_soggiorno,27.14492815836111,2026-05-28T19:00:00.000Z
sensor.meross_temperature_soggiorno,27.074049705694446,2026-05-28T20:00:00.000Z
sensor.meross_temperature_soggiorno,27,2026-05-28T21:00:00.000Z
sensor.meross_temperature_soggiorno,26.948851240555555,2026-05-28T22:00:00.000Z
sensor.meross_temperature_soggiorno,26.83568223586111,2026-05-28T23:00:00.000Z
sensor.meross_temperature_soggiorno,26.76517082466667,2026-05-29T00:00:00.000Z
sensor.meross_temperature_soggiorno,26.7,2026-05-29T01:00:00.000Z
sensor.meross_temperature_soggiorno,26.690975587583335,2026-05-29T02:00:00.000Z
sensor.meross_temperature_soggiorno,26.600000000000005,2026-05-29T03:00:00.000Z
sensor.meross_temperature_soggiorno,26.600000000000005,2026-05-29T04:00:00.000Z
sensor.meross_temperature_soggiorno,26.509489453,2026-05-29T05:00:00.000Z
sensor.meross_temperature_soggiorno,26.561375605583336,2026-05-29T06:00:00.000Z
sensor.meross_temperature_soggiorno,26.76218368286111,2026-05-29T07:00:00.000Z
sensor.meross_temperature_soggiorno,26.899999999999995,2026-05-29T08:00:00.000Z
sensor.meross_temperature_soggiorno,26.899999999999995,2026-05-29T09:00:00.000Z
sensor.meross_temperature_soggiorno,26.96343724977778,2026-05-29T11:00:00.000Z
sensor.meross_temperature_soggiorno,27.174076219944443,2026-05-29T12:00:00.000Z
sensor.meross_temperature_soggiorno,27.3,2026-05-29T13:00:00.000Z
sensor.meross_temperature_soggiorno,27.397428266194442,2026-05-29T14:00:00.000Z
sensor.meross_temperature_soggiorno,27.502163642833334,2026-05-29T15:00:00.000Z
sensor.meross_temperature_soggiorno,27.63908697561111,2026-05-29T16:00:00.000Z
sensor.meross_temperature_soggiorno,27.447459797527774,2026-05-29T17:00:00.000Z
sensor.meross_temperature_soggiorno,27.399071300055553,2026-05-29T18:00:00.000Z
sensor.meross_temperature_soggiorno,27.399999999999995,2026-05-29T19:00:00.000Z
sensor.meross_temperature_soggiorno,27.364312219138885,2026-05-29T20:00:00.000Z
sensor.meross_temperature_soggiorno,27.29593340752778,2026-05-29T21:00:00.000Z
sensor.meross_temperature_soggiorno,27.196769544000002,2026-05-29T22:00:00.000Z
sensor.meross_temperature_soggiorno,27.0836278965,2026-05-29T23:00:00.000Z
sensor.meross_temperature_soggiorno,27,2026-05-30T00:00:00.000Z
sensor.meross_temperature_soggiorno,27,2026-05-30T01:00:00.000Z
sensor.meross_temperature_soggiorno,26.915920007694442,2026-05-30T02:00:00.000Z
sensor.meross_temperature_soggiorno,26.87857818822222,2026-05-30T03:00:00.000Z
sensor.meross_temperature_soggiorno,26.8,2026-05-30T04:00:00.000Z
sensor.meross_temperature_soggiorno,26.76492348686111,2026-05-30T05:00:00.000Z
sensor.meross_temperature_soggiorno,26.549809149777776,2026-05-30T06:00:00.000Z
sensor.meross_temperature_soggiorno,26.876975379138887,2026-05-30T07:00:00.000Z
sensor.meross_temperature_soggiorno,27.037576157444445,2026-05-30T08:00:00.000Z
sensor.meross_temperature_soggiorno,27.249992718083334,2026-05-30T09:00:00.000Z
sensor.meross_temperature_soggiorno,27.33913105313889,2026-05-30T10:00:00.000Z
sensor.meross_temperature_soggiorno,27.539010064638887,2026-05-30T11:00:00.000Z
sensor.meross_temperature_soggiorno,27.660278779166664,2026-05-30T12:00:00.000Z
sensor.meross_temperature_soggiorno,27.788072796611115,2026-05-30T13:00:00.000Z
sensor.meross_temperature_soggiorno,27.899999999999995,2026-05-30T14:00:00.000Z
sensor.meross_temperature_soggiorno,27.84679012875,2026-05-30T15:00:00.000Z
sensor.meross_temperature_soggiorno,27.899999999999995,2026-05-30T16:00:00.000Z
sensor.meross_temperature_soggiorno,27.899999999999995,2026-05-30T17:00:00.000Z
sensor.meross_temperature_soggiorno,28.068073969166665,2026-05-30T18:00:00.000Z
sensor.meross_temperature_soggiorno,28,2026-05-30T19:00:00.000Z
sensor.meross_temperature_soggiorno,28,2026-05-30T20:00:00.000Z
sensor.meross_temperature_soggiorno,27.94082119386111,2026-05-30T21:00:00.000Z
sensor.meross_temperature_soggiorno,27.844463065555555,2026-05-30T22:00:00.000Z
sensor.meross_temperature_soggiorno,27.70774054083333,2026-05-30T23:00:00.000Z
sensor.meross_temperature_soggiorno,27.580064290583334,2026-05-31T00:00:00.000Z
sensor.meross_temperature_soggiorno,27.48228490336111,2026-05-31T01:00:00.000Z
sensor.meross_temperature_soggiorno,27.399999999999995,2026-05-31T02:00:00.000Z
sensor.meross_temperature_soggiorno,27.30282058613889,2026-05-31T03:00:00.000Z
sensor.meross_temperature_soggiorno,27.230024581833334,2026-05-31T04:00:00.000Z
sensor.meross_temperature_soggiorno,27.167982180027778,2026-05-31T05:00:00.000Z
sensor.meross_temperature_soggiorno,27.128375375416667,2026-05-31T06:00:00.000Z
sensor.meross_temperature_soggiorno,27.35529279786111,2026-05-31T07:00:00.000Z
sensor.meross_temperature_soggiorno,27.57388659888889,2026-05-31T08:00:00.000Z
sensor.meross_temperature_soggiorno,27.7,2026-05-31T09:00:00.000Z
sensor.meross_temperature_soggiorno,27.884357113333333,2026-05-31T10:00:00.000Z
sensor.meross_temperature_soggiorno,27.899999999999995,2026-05-31T11:00:00.000Z
sensor.meross_temperature_soggiorno,28.081729579111112,2026-05-31T12:00:00.000Z
sensor.meross_temperature_soggiorno,28.23996646661111,2026-05-31T13:00:00.000Z
sensor.meross_temperature_soggiorno,28.374499126111115,2026-05-31T14:00:00.000Z
sensor.meross_temperature_soggiorno,28.77390159586111,2026-05-31T15:00:00.000Z
sensor.meross_temperature_soggiorno,29,2026-05-31T16:00:00.000Z
sensor.meross_temperature_soggiorno,29,2026-05-31T17:00:00.000Z
sensor.meross_temperature_soggiorno,28.806393751833337,2026-05-31T18:00:00.000Z
sensor.meross_temperature_soggiorno,28.501037712805555,2026-05-31T19:00:00.000Z
sensor.meross_temperature_soggiorno,28.399999999999995,2026-05-31T20:00:00.000Z
sensor.meross_temperature_soggiorno,28.28281100416667,2026-05-31T21:00:00.000Z
sensor.meross_temperature_soggiorno,27.991848728833332,2026-05-31T22:00:00.000Z
sensor.meross_temperature_soggiorno,27.971543339805553,2026-05-31T23:00:00.000Z
sensor.meross_temperature_soggiorno,27.841535816611113,2026-06-01T00:00:00.000Z
sensor.meross_temperature_soggiorno,27.731173804416667,2026-06-01T01:00:00.000Z
sensor.meross_temperature_soggiorno,27.629202449611114,2026-06-01T02:00:00.000Z
sensor.meross_temperature_soggiorno,27.588833705583337,2026-06-01T03:00:00.000Z
sensor.meross_temperature_soggiorno,27.5,2026-06-01T04:00:00.000Z
sensor.meross_temperature_soggiorno,27.399591472305556,2026-06-01T05:00:00.000Z
sensor.meross_temperature_soggiorno,27.381646226805554,2026-06-01T06:00:00.000Z
sensor.meross_temperature_soggiorno,27.38557080222222,2026-06-01T07:00:00.000Z
sensor.meross_temperature_soggiorno,27.41042081938889,2026-06-01T08:00:00.000Z
sensor.meross_temperature_soggiorno,27.424675593527777,2026-06-01T09:00:00.000Z
sensor.meross_temperature_soggiorno,27.60167907013889,2026-06-01T10:00:00.000Z
sensor.meross_temperature_soggiorno,27.759723043833333,2026-06-01T11:00:00.000Z
sensor.meross_temperature_soggiorno,27.892479659666666,2026-06-01T12:00:00.000Z
sensor.meross_temperature_soggiorno,27.999061736861112,2026-06-01T13:00:00.000Z
sensor.meross_temperature_soggiorno,28.154473015555556,2026-06-01T14:00:00.000Z
sensor.meross_temperature_soggiorno,28.192190014972223,2026-06-01T15:00:00.000Z
sensor.meross_temperature_soggiorno,28.177941504416665,2026-06-01T16:00:00.000Z
sensor.meross_temperature_soggiorno,28.28271643816667,2026-06-01T17:00:00.000Z
sensor.meross_temperature_soggiorno,28.245460562555554,2026-06-01T18:00:00.000Z
sensor.meross_temperature_soggiorno,28.05815722513889,2026-06-01T19:00:00.000Z
sensor.meross_temperature_soggiorno,28,2026-06-01T20:00:00.000Z
sensor.meross_temperature_soggiorno,28,2026-06-01T21:00:00.000Z
sensor.meross_temperature_soggiorno,27.969221054194445,2026-06-01T22:00:00.000Z
sensor.meross_temperature_soggiorno,27.85555215225,2026-06-01T23:00:00.000Z
sensor.meross_temperature_soggiorno,27.687545431722224,2026-06-02T00:00:00.000Z
sensor.meross_temperature_soggiorno,27.600000000000005,2026-06-02T01:00:00.000Z
sensor.meross_temperature_soggiorno,27.507599121583336,2026-06-02T02:00:00.000Z
sensor.meross_temperature_soggiorno,27.452753107472223,2026-06-02T03:00:00.000Z
sensor.meross_temperature_soggiorno,27.399999999999995,2026-06-02T04:00:00.000Z
sensor.meross_temperature_soggiorno,27.303686631638886,2026-06-02T05:00:00.000Z
sensor.meross_temperature_soggiorno,27.3,2026-06-02T06:00:00.000Z
sensor.meross_temperature_soggiorno,27.3,2026-06-02T07:00:00.000Z
sensor.meross_temperature_soggiorno,27.291747376027775,2026-06-02T09:00:00.000Z
sensor.meross_temperature_soggiorno,27.05354284811111,2026-06-02T10:00:00.000Z
sensor.meross_temperature_soggiorno,27.02994734388889,2026-06-02T11:00:00.000Z
sensor.meross_temperature_soggiorno,27.062952443527777,2026-06-02T12:00:00.000Z
sensor.meross_temperature_soggiorno,26.722685998916663,2026-06-02T13:00:00.000Z
sensor.meross_temperature_soggiorno,25.895350006555557,2026-06-02T14:00:00.000Z
sensor.meross_temperature_soggiorno,26.267487402527777,2026-06-02T15:00:00.000Z
sensor.meross_temperature_soggiorno,26.53681680861111,2026-06-02T16:00:00.000Z
sensor.meross_temperature_soggiorno,26.72474356686111,2026-06-02T17:00:00.000Z
sensor.meross_temperature_soggiorno,26.798515663611113,2026-06-02T18:00:00.000Z
sensor.meross_temperature_soggiorno,26.723715853,2026-06-02T19:00:00.000Z
sensor.meross_temperature_soggiorno,26.899999999999995,2026-06-02T20:00:00.000Z
sensor.meross_temperature_soggiorno,26.799671092388888,2026-06-02T21:00:00.000Z
sensor.meross_temperature_soggiorno,26.7,2026-06-02T22:00:00.000Z
sensor.meross_temperature_soggiorno,26.617830844916668,2026-06-02T23:00:00.000Z
sensor.meross_temperature_soggiorno,26.563511926,2026-06-03T00:00:00.000Z
sensor.meross_temperature_soggiorno,26.487325976194445,2026-06-03T01:00:00.000Z
sensor.meross_temperature_soggiorno,26.399999999999995,2026-06-03T02:00:00.000Z
sensor.meross_temperature_soggiorno,26.334368260722226,2026-06-03T03:00:00.000Z
sensor.meross_temperature_soggiorno,26.3,2026-06-03T04:00:00.000Z
sensor.meross_temperature_soggiorno,26.20641801777778,2026-06-03T05:00:00.000Z
sensor.meross_temperature_soggiorno,26.237007221583337,2026-06-03T06:00:00.000Z
sensor.meross_temperature_soggiorno,26.534503294583335,2026-06-03T07:00:00.000Z
sensor.meross_temperature_soggiorno,26.696411541055554,2026-06-03T08:00:00.000Z
sensor.meross_temperature_soggiorno,26.8,2026-06-03T09:00:00.000Z
sensor.meross_temperature_soggiorno,26.8,2026-06-03T10:00:00.000Z
sensor.meross_temperature_soggiorno,26.735703273555554,2026-06-03T11:00:00.000Z
sensor.meross_temperature_soggiorno,26.83745538897222,2026-06-03T12:00:00.000Z
sensor.meross_temperature_soggiorno,26.891268922833333,2026-06-03T13:00:00.000Z
sensor.meross_temperature_soggiorno,26.899999999999995,2026-06-03T14:00:00.000Z
sensor.meross_temperature_soggiorno,26.899999999999995,2026-06-03T15:00:00.000Z
sensor.meross_temperature_soggiorno,26.94151854197222,2026-06-03T16:00:00.000Z
sensor.meross_temperature_soggiorno,27.022655971444447,2026-06-03T17:00:00.000Z
sensor.meross_temperature_soggiorno,27,2026-06-03T18:00:00.000Z
sensor.meross_temperature_soggiorno,26.915272780250003,2026-06-03T19:00:00.000Z
sensor.meross_temperature_soggiorno,27.054484623916668,2026-06-03T20:00:00.000Z
sensor.meross_temperature_soggiorno,27.04564661788889,2026-06-03T21:00:00.000Z
sensor.meross_temperature_soggiorno,26.89183835038889,2026-06-03T22:00:00.000Z
sensor.meross_temperature_soggiorno,26.778985325805554,2026-06-03T23:00:00.000Z
sensor.meross_temperature_soggiorno,26.65181188922222,2026-06-04T00:00:00.000Z
sensor.meross_temperature_soggiorno,26.575069768916666,2026-06-04T01:00:00.000Z
sensor.meross_temperature_soggiorno,26.49988350136111,2026-06-04T02:00:00.000Z
sensor.meross_temperature_soggiorno,26.399999999999995,2026-06-04T03:00:00.000Z
sensor.meross_temperature_soggiorno,26.331560415583336,2026-06-04T04:00:00.000Z
sensor.meross_temperature_soggiorno,26.290495103277777,2026-06-04T05:00:00.000Z
sensor.meross_temperature_soggiorno,26.2,2026-06-04T06:00:00.000Z
sensor.meross_temperature_soggiorno,26.246346510888888,2026-06-04T07:00:00.000Z
sensor.meross_temperature_soggiorno,26.320256888444444,2026-06-04T08:00:00.000Z
sensor.meross_temperature_soggiorno,26.436952644472225,2026-06-04T09:00:00.000Z
sensor.meross_temperature_soggiorno,26.52211632163889,2026-06-04T10:00:00.000Z
sensor.meross_temperature_soggiorno,26.61530619652778,2026-06-04T11:00:00.000Z
sensor.meross_temperature_soggiorno,26.7,2026-06-04T12:00:00.000Z
sensor.meross_temperature_soggiorno,26.7,2026-06-04T13:00:00.000Z
sensor.meross_temperature_soggiorno,26.715608632527776,2026-06-04T14:00:00.000Z
sensor.meross_temperature_soggiorno,26.845588763666665,2026-06-04T15:00:00.000Z
sensor.meross_temperature_soggiorno,26.768925627472225,2026-06-04T16:00:00.000Z
sensor.meross_temperature_soggiorno,26.86543917113889,2026-06-04T17:00:00.000Z
sensor.meross_temperature_soggiorno,26.899999999999995,2026-06-04T18:00:00.000Z
sensor.meross_temperature_soggiorno,26.899999999999995,2026-06-04T19:00:00.000Z
sensor.meross_temperature_soggiorno,26.959141927916665,2026-06-04T20:00:00.000Z
sensor.meross_temperature_soggiorno,26.9004732245,2026-06-04T21:00:00.000Z
sensor.meross_temperature_soggiorno,26.770646669388892,2026-06-04T22:00:00.000Z
sensor.meross_temperature_soggiorno,26.64542249677778,2026-06-04T23:00:00.000Z
sensor.meross_temperature_soggiorno,26.526444368138886,2026-06-05T00:00:00.000Z
sensor.meross_temperature_soggiorno,26.434334785638885,2026-06-05T01:00:00.000Z
sensor.meross_temperature_soggiorno,26.382822288083332,2026-06-05T02:00:00.000Z
sensor.meross_temperature_soggiorno,26.289270061944446,2026-06-05T03:00:00.000Z
sensor.meross_temperature_soggiorno,26.186910256999997,2026-06-05T04:00:00.000Z
sensor.meross_temperature_soggiorno,26.03559227988889,2026-06-05T05:00:00.000Z
sensor.meross_temperature_soggiorno,25.729980446722223,2026-06-05T06:00:00.000Z
sensor.meross_temperature_soggiorno,25.87988322363889,2026-06-05T07:00:00.000Z
sensor.meross_temperature_soggiorno,25.94637264686111,2026-06-05T08:00:00.000Z
sensor.meross_temperature_soggiorno,26.063765416472222,2026-06-05T09:00:00.000Z
sensor.meross_temperature_soggiorno,26.100000000000005,2026-06-05T10:00:00.000Z
sensor.meross_temperature_soggiorno,26.180851224138888,2026-06-05T11:00:00.000Z
sensor.meross_temperature_soggiorno,26.293131038416664,2026-06-05T12:00:00.000Z
sensor.meross_temperature_soggiorno,26.29734020963889,2026-06-05T13:00:00.000Z
sensor.meross_temperature_soggiorno,26.246643613444444,2026-06-05T14:00:00.000Z
sensor.meross_temperature_soggiorno,26.351390732499997,2026-06-05T15:00:00.000Z
sensor.meross_temperature_soggiorno,26.55896801766667,2026-06-05T16:00:00.000Z
sensor.meross_temperature_soggiorno,26.600000000000005,2026-06-05T17:00:00.000Z
sensor.meross_temperature_soggiorno,26.600000000000005,2026-06-05T18:00:00.000Z
sensor.meross_temperature_soggiorno,26.562253480166664,2026-06-05T19:00:00.000Z
sensor.meross_temperature_soggiorno,26.49293080836111,2026-06-05T20:00:00.000Z
sensor.meross_temperature_soggiorno,26.399999999999995,2026-06-05T21:00:00.000Z
sensor.meross_temperature_soggiorno,26.369185050916666,2026-06-05T22:00:00.000Z
sensor.meross_temperature_soggiorno,26.328248023833336,2026-06-05T23:00:00.000Z
sensor.meross_temperature_soggiorno,26.20668801113889,2026-06-06T00:00:00.000Z
sensor.meross_temperature_soggiorno,26.124335117750004,2026-06-06T01:00:00.000Z
sensor.meross_temperature_soggiorno,26.0532044415,2026-06-06T02:00:00.000Z
sensor.meross_temperature_soggiorno,26,2026-06-06T03:00:00.000Z
sensor.meross_temperature_soggiorno,26,2026-06-06T04:00:00.000Z
sensor.meross_temperature_soggiorno,25.957656907055554,2026-06-06T05:00:00.000Z
sensor.meross_temperature_soggiorno,25.899999999999995,2026-06-06T06:00:00.000Z
sensor.meross_temperature_soggiorno,25.924412344638885,2026-06-06T07:00:00.000Z
sensor.meross_temperature_soggiorno,25.98744140411111,2026-06-06T08:00:00.000Z
sensor.meross_temperature_soggiorno,26.008421746222222,2026-06-06T09:00:00.000Z
sensor.meross_temperature_soggiorno,26.03314779761111,2026-06-06T10:00:00.000Z
sensor.meross_temperature_soggiorno,26.281444339666667,2026-06-06T11:00:00.000Z
sensor.meross_temperature_soggiorno,26.46790903675,2026-06-06T12:00:00.000Z
sensor.meross_temperature_soggiorno,26.52787033927778,2026-06-06T13:00:00.000Z
sensor.meross_temperature_soggiorno,26.600000000000005,2026-06-06T14:00:00.000Z
sensor.meross_temperature_soggiorno,26.600000000000005,2026-06-06T15:00:00.000Z
sensor.meross_temperature_soggiorno,26.552375401638887,2026-06-06T18:00:00.000Z
sensor.meross_temperature_soggiorno,26.600000000000005,2026-06-06T19:00:00.000Z
sensor.meross_temperature_soggiorno,26.65657151513889,2026-06-06T20:00:00.000Z
sensor.meross_temperature_soggiorno,26.61586703411111,2026-06-06T21:00:00.000Z
sensor.meross_temperature_soggiorno,26.428397219666664,2026-06-06T22:00:00.000Z
sensor.meross_temperature_soggiorno,26.309641704722225,2026-06-06T23:00:00.000Z
sensor.meross_temperature_soggiorno,26.210475615500002,2026-06-07T00:00:00.000Z
sensor.meross_temperature_soggiorno,26.13383003308333,2026-06-07T01:00:00.000Z
sensor.meross_temperature_soggiorno,26.040292373305558,2026-06-07T02:00:00.000Z
sensor.meross_temperature_soggiorno,26,2026-06-07T03:00:00.000Z
sensor.meross_temperature_soggiorno,26,2026-06-07T04:00:00.000Z
sensor.meross_temperature_soggiorno,25.948887307194443,2026-06-07T05:00:00.000Z
sensor.meross_temperature_soggiorno,25.901961417833334,2026-06-07T06:00:00.000Z
sensor.meross_temperature_soggiorno,26.131779198777778,2026-06-07T07:00:00.000Z
sensor.meross_temperature_soggiorno,26.371201489805554,2026-06-07T08:00:00.000Z
sensor.meross_temperature_soggiorno,26.390706482138892,2026-06-07T09:00:00.000Z
sensor.meross_temperature_soggiorno,26.517875868833332,2026-06-07T10:00:00.000Z
sensor.meross_temperature_soggiorno,26.606406567944447,2026-06-07T11:00:00.000Z
sensor.meross_temperature_soggiorno,26.57064688494444,2026-06-07T12:00:00.000Z
sensor.meross_temperature_soggiorno,26.714952101138888,2026-06-07T13:00:00.000Z
sensor.meross_temperature_soggiorno,26.808390769194446,2026-06-07T14:00:00.000Z
sensor.meross_temperature_soggiorno,26.855290337527777,2026-06-07T15:00:00.000Z
sensor.meross_temperature_soggiorno,26.899999999999995,2026-06-07T16:00:00.000Z
sensor.meross_temperature_soggiorno,26.899999999999995,2026-06-07T17:00:00.000Z
sensor.meross_temperature_soggiorno,26.955009857305555,2026-06-07T18:00:00.000Z
sensor.meross_temperature_soggiorno,26.94714666486111,2026-06-07T19:00:00.000Z
sensor.meross_temperature_soggiorno,26.899999999999995,2026-06-07T20:00:00.000Z
sensor.meross_temperature_soggiorno,26.84023999313889,2026-06-07T21:00:00.000Z
sensor.meross_temperature_soggiorno,26.72148462133333,2026-06-07T22:00:00.000Z
sensor.meross_temperature_soggiorno,26.61673391886111,2026-06-07T23:00:00.000Z
sensor.meross_temperature_soggiorno,26.576416897083334,2026-06-08T00:00:00.000Z
sensor.meross_temperature_soggiorno,26.478668233055554,2026-06-08T01:00:00.000Z
sensor.meross_temperature_soggiorno,26.399117493944445,2026-06-08T02:00:00.000Z
sensor.meross_temperature_soggiorno,26.3,2026-06-08T03:00:00.000Z
sensor.meross_temperature_soggiorno,26.27305491963889,2026-06-08T04:00:00.000Z
sensor.meross_temperature_soggiorno,26.2,2026-06-08T05:00:00.000Z
sensor.meross_temperature_soggiorno,26.208467151694446,2026-06-08T06:00:00.000Z
sensor.meross_temperature_soggiorno,26.438069769888887,2026-06-08T07:00:00.000Z
sensor.meross_temperature_soggiorno,26.64055732827778,2026-06-08T08:00:00.000Z
sensor.meross_temperature_soggiorno,26.7,2026-06-08T09:00:00.000Z
sensor.meross_temperature_soggiorno,26.7,2026-06-08T10:00:00.000Z
sensor.meross_temperature_soggiorno,26.788427343333336,2026-06-08T11:00:00.000Z
sensor.meross_temperature_soggiorno,26.8,2026-06-08T12:00:00.000Z
sensor.meross_temperature_soggiorno,26.878337521277775,2026-06-08T13:00:00.000Z
sensor.meross_temperature_soggiorno,26.899999999999995,2026-06-08T14:00:00.000Z
sensor.meross_temperature_soggiorno,26.97323108936111,2026-06-08T15:00:00.000Z
sensor.meross_temperature_soggiorno,27.337023915333333,2026-06-08T16:00:00.000Z
sensor.meross_temperature_soggiorno,27.36977817058333,2026-06-08T17:00:00.000Z
sensor.meross_temperature_soggiorno,27.342121771305557,2026-06-08T18:00:00.000Z
sensor.meross_temperature_soggiorno,27.19585382838889,2026-06-08T19:00:00.000Z
sensor.meross_temperature_soggiorno,27.061435570361112,2026-06-08T20:00:00.000Z
sensor.meross_temperature_soggiorno,27,2026-06-08T21:00:00.000Z
sensor.meross_temperature_soggiorno,27,2026-06-08T22:00:00.000Z
sensor.meross_temperature_soggiorno,26.910426021972217,2026-06-08T23:00:00.000Z
sensor.meross_temperature_soggiorno,26.85469155861111,2026-06-09T00:00:00.000Z
sensor.meross_temperature_soggiorno,26.8,2026-06-09T01:00:00.000Z
sensor.meross_temperature_soggiorno,26.71257104747222,2026-06-09T02:00:00.000Z
sensor.meross_temperature_soggiorno,26.663645569583334,2026-06-09T03:00:00.000Z
sensor.meross_temperature_soggiorno,26.600000000000005,2026-06-09T04:00:00.000Z
sensor.meross_temperature_soggiorno,26.600000000000005,2026-06-09T05:00:00.000Z
sensor.meross_temperature_soggiorno,26.631238297750002,2026-06-09T06:00:00.000Z
sensor.meross_temperature_soggiorno,26.73248638188889,2026-06-09T07:00:00.000Z
sensor.meross_temperature_soggiorno,26.88044410941667,2026-06-09T08:00:00.000Z
sensor.meross_temperature_soggiorno,27.038595979583334,2026-06-09T09:00:00.000Z
sensor.meross_temperature_soggiorno,27.09705517175,2026-06-09T10:00:00.000Z
sensor.meross_temperature_soggiorno,27.27460333213889,2026-06-09T11:00:00.000Z
sensor.meross_temperature_soggiorno,27.393412850666664,2026-06-09T12:00:00.000Z
sensor.meross_temperature_soggiorno,27.48862676641667,2026-06-09T13:00:00.000Z
sensor.meross_temperature_soggiorno,27.649063261055556,2026-06-09T14:00:00.000Z
sensor.meross_temperature_soggiorno,27.706239937833335,2026-06-09T15:00:00.000Z
sensor.meross_temperature_soggiorno,27.738575797638887,2026-06-09T16:00:00.000Z
sensor.meross_temperature_soggiorno,27.7,2026-06-09T17:00:00.000Z
sensor.meross_temperature_soggiorno,27.768866182249997,2026-06-09T18:00:00.000Z
sensor.meross_temperature_soggiorno,27.767171792055553,2026-06-09T19:00:00.000Z
sensor.meross_temperature_soggiorno,27.643889284472223,2026-06-09T20:00:00.000Z
sensor.meross_temperature_soggiorno,27.486392662777778,2026-06-09T21:00:00.000Z
sensor.meross_temperature_soggiorno,27.337279699277776,2026-06-09T22:00:00.000Z
sensor.meross_temperature_soggiorno,27.237364902805556,2026-06-09T23:00:00.000Z
sensor.meross_temperature_soggiorno,27.135421712833335,2026-06-10T00:00:00.000Z
sensor.meross_temperature_soggiorno,27.0474602935,2026-06-10T01:00:00.000Z
sensor.meross_temperature_soggiorno,27,2026-06-10T02:00:00.000Z
sensor.meross_temperature_soggiorno,27,2026-06-10T03:00:00.000Z
sensor.meross_temperature_soggiorno,26.96513168825,2026-06-10T04:00:00.000Z
sensor.meross_temperature_soggiorno,26.899999999999995,2026-06-10T05:00:00.000Z
sensor.meross_temperature_soggiorno,26.899999999999995,2026-06-10T06:00:00.000Z
sensor.meross_temperature_soggiorno,26.846788769138886,2026-06-10T09:00:00.000Z
sensor.meross_temperature_soggiorno,26.899999999999995,2026-06-10T10:00:00.000Z
sensor.meross_temperature_soggiorno,26.726201851138892,2026-06-10T11:00:00.000Z
sensor.meross_temperature_soggiorno,26.869187809166664,2026-06-10T12:00:00.000Z
sensor.meross_temperature_soggiorno,27.06119426402778,2026-06-10T13:00:00.000Z
sensor.meross_temperature_soggiorno,27.100000000000005,2026-06-10T14:00:00.000Z
sensor.meross_temperature_soggiorno,27.040476704750002,2026-06-10T15:00:00.000Z
sensor.meross_temperature_soggiorno,26.894000334527778,2026-06-10T16:00:00.000Z
sensor.meross_temperature_soggiorno,28.262232689845288,2026-06-18T19:00:00.000Z
sensor.meross_temperature_soggiorno,28.27529412347222,2026-06-18T20:00:00.000Z
sensor.meross_temperature_soggiorno,28.15342418938889,2026-06-18T21:00:00.000Z
sensor.meross_temperature_soggiorno,27.981867211111112,2026-06-18T22:00:00.000Z
sensor.meross_temperature_soggiorno,27.773520768111112,2026-06-18T23:00:00.000Z
sensor.meross_temperature_soggiorno,27.58418904891667,2026-06-19T00:00:00.000Z
sensor.meross_temperature_soggiorno,27.489232324944442,2026-06-19T01:00:00.000Z
sensor.meross_temperature_soggiorno,27.886511247277777,2026-06-19T02:00:00.000Z
sensor.meross_temperature_soggiorno,27.899999999999995,2026-06-19T03:00:00.000Z
sensor.meross_temperature_soggiorno,27.93852562672222,2026-06-19T04:00:00.000Z
sensor.meross_temperature_soggiorno,28,2026-06-19T05:00:00.000Z
sensor.meross_temperature_soggiorno,28.036857702055556,2026-06-19T06:00:00.000Z
sensor.meross_temperature_soggiorno,28.21772867425,2026-06-19T07:00:00.000Z
sensor.meross_temperature_soggiorno,28.447903280000002,2026-06-19T08:00:00.000Z
sensor.meross_temperature_soggiorno,28.57923044788889,2026-06-19T09:00:00.000Z
sensor.meross_temperature_soggiorno,28.692428381194446,2026-06-19T10:00:00.000Z
sensor.meross_temperature_soggiorno,28.7,2026-06-19T11:00:00.000Z
sensor.meross_temperature_soggiorno,28.76094738486111,2026-06-19T12:00:00.000Z
sensor.meross_temperature_soggiorno,28.8,2026-06-19T13:00:00.000Z
sensor.meross_temperature_soggiorno,28.83766270725,2026-06-19T14:00:00.000Z
sensor.meross_temperature_soggiorno,28.899999999999995,2026-06-19T15:00:00.000Z
sensor.meross_temperature_soggiorno,28.899999999999995,2026-06-19T16:00:00.000Z
sensor.meross_temperature_soggiorno,28.982048135555555,2026-06-19T17:00:00.000Z
sensor.meross_temperature_soggiorno,29.17939608111111,2026-06-19T18:00:00.000Z
sensor.meross_temperature_soggiorno,29.2,2026-06-19T19:00:00.000Z
sensor.meross_temperature_soggiorno,29.2,2026-06-19T20:00:00.000Z
sensor.meross_temperature_soggiorno,29.141666666666666,2026-06-19T22:00:00.000Z
sensor.meross_temperature_soggiorno,29.100000000000005,2026-06-19T23:00:00.000Z
sensor.meross_temperature_soggiorno,29.004804605361112,2026-06-20T00:00:00.000Z
sensor.meross_temperature_soggiorno,28.96874021686111,2026-06-20T01:00:00.000Z
sensor.meross_temperature_soggiorno,28.899999999999995,2026-06-20T02:00:00.000Z
sensor.meross_temperature_soggiorno,28.85634956252778,2026-06-20T03:00:00.000Z
sensor.meross_temperature_soggiorno,28.8,2026-06-20T04:00:00.000Z
sensor.meross_temperature_soggiorno,28.8,2026-06-20T05:00:00.000Z
sensor.meross_temperature_soggiorno,28.75798784513889,2026-06-20T06:00:00.000Z
sensor.meross_temperature_soggiorno,28.869444060027778,2026-06-20T07:00:00.000Z
sensor.meross_temperature_soggiorno,28.921382641555557,2026-06-20T08:00:00.000Z
sensor.meross_temperature_soggiorno,28.618725822944445,2026-06-20T09:00:00.000Z
sensor.meross_temperature_soggiorno,28.429824374083335,2026-06-20T10:00:00.000Z
sensor.meross_temperature_soggiorno,28.42943648852778,2026-06-20T11:00:00.000Z
sensor.meross_temperature_soggiorno,28.683013649611112,2026-06-20T12:00:00.000Z
sensor.meross_temperature_soggiorno,28.65878580486111,2026-06-20T13:00:00.000Z
sensor.meross_temperature_soggiorno,28.75176521486111,2026-06-20T14:00:00.000Z
sensor.meross_temperature_soggiorno,29.61161164541667,2026-06-20T15:00:00.000Z
sensor.meross_temperature_soggiorno,29.899999999999995,2026-06-20T16:00:00.000Z
sensor.meross_temperature_soggiorno,29.899999999999995,2026-06-20T17:00:00.000Z
sensor.meross_temperature_soggiorno,29.97827405688889,2026-06-20T18:00:00.000Z
sensor.meross_temperature_soggiorno,29.855070322111114,2026-06-20T19:00:00.000Z
sensor.meross_temperature_soggiorno,29.28267313072222,2026-06-20T20:00:00.000Z
sensor.meross_temperature_soggiorno,29.357141760333334,2026-06-20T21:00:00.000Z
sensor.meross_temperature_soggiorno,29.5,2026-06-20T22:00:00.000Z
sensor.meross_temperature_soggiorno,29.42486668513889,2026-06-20T23:00:00.000Z
sensor.meross_temperature_soggiorno,29.33687189486111,2026-06-21T00:00:00.000Z
sensor.meross_temperature_soggiorno,29.22370190197222,2026-06-21T01:00:00.000Z
sensor.meross_temperature_soggiorno,29.2,2026-06-21T02:00:00.000Z
sensor.meross_temperature_soggiorno,29.178498162694442,2026-06-21T03:00:00.000Z
sensor.meross_temperature_soggiorno,29.100000000000005,2026-06-21T04:00:00.000Z
sensor.meross_temperature_soggiorno,29.034599125944442,2026-06-21T05:00:00.000Z
sensor.meross_temperature_soggiorno,29.033807405972222,2026-06-21T06:00:00.000Z
sensor.meross_temperature_soggiorno,29.29463871725,2026-06-21T07:00:00.000Z
sensor.meross_temperature_soggiorno,29.504200263111112,2026-06-21T08:00:00.000Z
sensor.meross_temperature_soggiorno,29.672286557555555,2026-06-21T09:00:00.000Z
sensor.meross_temperature_soggiorno,29.77021628616667,2026-06-21T10:00:00.000Z
sensor.meross_temperature_soggiorno,29.880383575055557,2026-06-21T11:00:00.000Z
sensor.meross_temperature_soggiorno,29.96721008888889,2026-06-21T12:00:00.000Z
sensor.meross_temperature_soggiorno,30.064691164444444,2026-06-21T13:00:00.000Z
sensor.meross_temperature_soggiorno,30.021250833249997,2026-06-21T14:00:00.000Z
sensor.meross_temperature_soggiorno,29.876719309833334,2026-06-21T15:00:00.000Z
sensor.meross_temperature_soggiorno,28.431235833111113,2026-06-21T16:00:00.000Z
sensor.meross_temperature_soggiorno,29.165301083416665,2026-06-21T17:00:00.000Z
sensor.meross_temperature_soggiorno,29.87330078475,2026-06-21T18:00:00.000Z
sensor.meross_temperature_soggiorno,29.899999999999995,2026-06-21T19:00:00.000Z
sensor.meross_temperature_soggiorno,29.899999999999995,2026-06-21T20:00:00.000Z
sensor.meross_temperature_soggiorno,29.882995775805554,2026-06-21T22:00:00.000Z
sensor.meross_temperature_soggiorno,29.8,2026-06-21T23:00:00.000Z
sensor.meross_temperature_soggiorno,29.8,2026-06-22T00:00:00.000Z
sensor.meross_temperature_soggiorno,29.709784324083333,2026-06-22T01:00:00.000Z
sensor.meross_temperature_soggiorno,29.7,2026-06-22T02:00:00.000Z
sensor.meross_temperature_soggiorno,29.636600324805556,2026-06-22T03:00:00.000Z
sensor.meross_temperature_soggiorno,29.492514325194445,2026-06-22T04:00:00.000Z
sensor.meross_temperature_soggiorno,29.399999999999995,2026-06-22T05:00:00.000Z
sensor.meross_temperature_soggiorno,29.399999999999995,2026-06-22T06:00:00.000Z
sensor.meross_temperature_soggiorno,29.56031318536111,2026-06-22T07:00:00.000Z
sensor.meross_temperature_soggiorno,29.770393360499998,2026-06-22T08:00:00.000Z
sensor.meross_temperature_soggiorno,29.872366071027773,2026-06-22T09:00:00.000Z
sensor.meross_temperature_soggiorno,29.899999999999995,2026-06-22T10:00:00.000Z
sensor.meross_temperature_soggiorno,29.899999999999995,2026-06-22T11:00:00.000Z
sensor.meross_temperature_soggiorno,29.823996805222222,2026-06-22T14:00:00.000Z
sensor.meross_temperature_soggiorno,29.813442822472222,2026-06-22T15:00:00.000Z
sensor.meross_temperature_soggiorno,30.018958628666667,2026-06-22T16:00:00.000Z
sensor.meross_temperature_soggiorno,30.20526137061111,2026-06-22T17:00:00.000Z
sensor.meross_temperature_soggiorno,30.283135180166667,2026-06-22T18:00:00.000Z
sensor.meross_temperature_soggiorno,30.233619064833334,2026-06-22T19:00:00.000Z
sensor.meross_temperature_soggiorno,29.81824128202778,2026-06-22T20:00:00.000Z
sensor.meross_temperature_soggiorno,29.443525149166664,2026-06-22T21:00:00.000Z
sensor.meross_temperature_soggiorno,29.854325651555556,2026-06-22T22:00:00.000Z
sensor.meross_temperature_soggiorno,29.899999999999995,2026-06-22T23:00:00.000Z
sensor.meross_temperature_soggiorno,29.899999999999995,2026-06-23T00:00:00.000Z
sensor.meross_temperature_soggiorno,29.873399560472222,2026-06-23T04:00:00.000Z
sensor.meross_temperature_soggiorno,29.8,2026-06-23T05:00:00.000Z
sensor.meross_temperature_soggiorno,29.842769133166666,2026-06-23T06:00:00.000Z
sensor.meross_temperature_soggiorno,29.981258794527776,2026-06-23T07:00:00.000Z
sensor.meross_temperature_soggiorno,30.110448542055554,2026-06-23T08:00:00.000Z
sensor.meross_temperature_soggiorno,30.2,2026-06-23T09:00:00.000Z
sensor.meross_temperature_soggiorno,30.23126313061111,2026-06-23T10:00:00.000Z
sensor.meross_temperature_soggiorno,30.3,2026-06-23T11:00:00.000Z
sensor.meross_temperature_soggiorno,30.3,2026-06-23T12:00:00.000Z
sensor.meross_temperature_soggiorno,30.37366013077778,2026-06-23T13:00:00.000Z
sensor.meross_temperature_soggiorno,30.468434828499998,2026-06-23T14:00:00.000Z
sensor.meross_temperature_soggiorno,30.5,2026-06-23T15:00:00.000Z
sensor.meross_temperature_soggiorno,30.55003814238889,2026-06-23T16:00:00.000Z
sensor.meross_temperature_soggiorno,30.453920339583334,2026-06-23T17:00:00.000Z
sensor.meross_temperature_soggiorno,30.124315312861114,2026-06-23T18:00:00.000Z
sensor.meross_temperature_soggiorno,30.49774871963889,2026-06-23T19:00:00.000Z
sensor.meross_temperature_soggiorno,30.399999999999995,2026-06-23T20:00:00.000Z
sensor.meross_temperature_soggiorno,30.303260410027775,2026-06-23T21:00:00.000Z
sensor.meross_temperature_soggiorno,30,2026-06-23T22:00:00.000Z
sensor.meross_temperature_soggiorno,30,2026-06-23T23:00:00.000Z
sensor.meross_temperature_soggiorno,29.929185327722223,2026-06-24T00:00:00.000Z
sensor.meross_temperature_soggiorno,30.186204849888885,2026-06-24T01:00:00.000Z
sensor.meross_temperature_soggiorno,30.2,2026-06-24T02:00:00.000Z
sensor.meross_temperature_soggiorno,30.10976725275,2026-06-24T03:00:00.000Z
sensor.meross_temperature_soggiorno,30.100000000000005,2026-06-24T04:00:00.000Z
sensor.meross_temperature_soggiorno,30.012242291222222,2026-06-24T05:00:00.000Z
sensor.meross_temperature_soggiorno,30,2026-06-24T06:00:00.000Z
sensor.meross_temperature_soggiorno,30.172016263111114,2026-06-24T07:00:00.000Z
sensor.meross_temperature_soggiorno,30.38661725488889,2026-06-24T08:00:00.000Z
sensor.meross_temperature_soggiorno,30.5,2026-06-24T09:00:00.000Z
sensor.meross_temperature_soggiorno,30.544656875166666,2026-06-24T10:00:00.000Z
sensor.meross_temperature_soggiorno,30.69600442691667,2026-06-24T11:00:00.000Z
sensor.meross_temperature_soggiorno,30.729790261638886,2026-06-24T12:00:00.000Z
sensor.meross_temperature_soggiorno,30.81961702725,2026-06-24T13:00:00.000Z
sensor.meross_temperature_soggiorno,30.750089734805556,2026-06-24T14:00:00.000Z
sensor.meross_temperature_soggiorno,30.438305227305552,2026-06-24T15:00:00.000Z
sensor.meross_temperature_soggiorno,30.787581363416667,2026-06-24T16:00:00.000Z
sensor.meross_temperature_soggiorno,30.86718510891667,2026-06-24T17:00:00.000Z
sensor.meross_temperature_soggiorno,30.600811688666667,2026-06-24T18:00:00.000Z
sensor.meross_temperature_soggiorno,29.746128506833333,2026-06-24T19:00:00.000Z
sensor.meross_temperature_soggiorno,29.269187787083336,2026-06-24T20:00:00.000Z
sensor.meross_temperature_soggiorno,28.904604101777778,2026-06-24T21:00:00.000Z
sensor.meross_temperature_soggiorno,29.539673032777774,2026-06-24T22:00:00.000Z
sensor.meross_temperature_soggiorno,29.899999999999995,2026-06-24T23:00:00.000Z
sensor.meross_temperature_soggiorno,29.980625900611113,2026-06-25T00:00:00.000Z
sensor.meross_temperature_soggiorno,30.046254008305556,2026-06-25T01:00:00.000Z
sensor.meross_temperature_soggiorno,30.100000000000005,2026-06-25T02:00:00.000Z
sensor.meross_temperature_soggiorno,30.100000000000005,2026-06-25T03:00:00.000Z
sensor.meross_temperature_soggiorno,30.03932911275,2026-06-25T04:00:00.000Z
sensor.meross_temperature_soggiorno,30,2026-06-25T05:00:00.000Z
sensor.meross_temperature_soggiorno,30.003346512888886,2026-06-25T06:00:00.000Z
sensor.meross_temperature_soggiorno,30.178907428805555,2026-06-25T07:00:00.000Z
sensor.meross_temperature_soggiorno,30.342855686638888,2026-06-25T08:00:00.000Z
sensor.meross_temperature_soggiorno,30.457720660166668,2026-06-25T09:00:00.000Z
sensor.meross_temperature_soggiorno,30.5,2026-06-25T10:00:00.000Z
sensor.meross_temperature_soggiorno,30.622077547000004,2026-06-25T11:00:00.000Z
sensor.meross_temperature_soggiorno,31.130960668277776,2026-06-25T12:00:00.000Z
sensor.meross_temperature_soggiorno,31.067356408222224,2026-06-25T13:00:00.000Z
sensor.meross_temperature_soggiorno,31.18550459591667,2026-06-25T14:00:00.000Z
sensor.meross_temperature_soggiorno,30.564874596527776,2026-06-25T15:00:00.000Z
sensor.meross_temperature_soggiorno,30.856914279277778,2026-06-25T16:00:00.000Z
sensor.meross_temperature_soggiorno,30.967629336194445,2026-06-25T17:00:00.000Z
sensor.meross_temperature_soggiorno,31.007830448611113,2026-06-25T18:00:00.000Z
sensor.meross_temperature_soggiorno,31.251984473277776,2026-06-25T19:00:00.000Z
sensor.meross_temperature_soggiorno,31.148446077666666,2026-06-25T20:00:00.000Z
sensor.meross_temperature_soggiorno,31,2026-06-25T21:00:00.000Z
sensor.meross_temperature_soggiorno,30.957354975944444,2026-06-25T22:00:00.000Z
sensor.meross_temperature_soggiorno,30.866553308305555,2026-06-25T23:00:00.000Z
sensor.meross_temperature_soggiorno,30.74308977436111,2026-06-26T00:00:00.000Z
sensor.meross_temperature_soggiorno,30.57094563102778,2026-06-26T01:00:00.000Z
sensor.meross_temperature_soggiorno,30.472558088027778,2026-06-26T02:00:00.000Z
sensor.meross_temperature_soggiorno,30.399999999999995,2026-06-26T03:00:00.000Z
sensor.meross_temperature_soggiorno,30.34616390561111,2026-06-26T04:00:00.000Z
sensor.meross_temperature_soggiorno,30.3,2026-06-26T05:00:00.000Z
sensor.meross_temperature_soggiorno,30.251463271166667,2026-06-26T06:00:00.000Z
sensor.meross_temperature_soggiorno,30.200177784194448,2026-06-26T07:00:00.000Z
sensor.meross_temperature_soggiorno,30.45708399188889,2026-06-26T08:00:00.000Z
sensor.meross_temperature_soggiorno,30.59828565277778,2026-06-26T09:00:00.000Z
sensor.meross_temperature_soggiorno,30.635881611000002,2026-06-26T10:00:00.000Z
sensor.meross_temperature_soggiorno,30.7,2026-06-26T11:00:00.000Z
sensor.meross_temperature_soggiorno,30.720258167888886,2026-06-26T12:00:00.000Z
sensor.meross_temperature_soggiorno,30.8,2026-06-26T13:00:00.000Z
sensor.meross_temperature_soggiorno,30.8,2026-06-26T14:00:00.000Z
sensor.meross_temperature_soggiorno,30.88511275111111,2026-06-26T15:00:00.000Z
sensor.meross_temperature_soggiorno,30.914723130333332,2026-06-26T16:00:00.000Z
sensor.meross_temperature_soggiorno,31.097942941611112,2026-06-26T17:00:00.000Z
sensor.meross_temperature_soggiorno,31.083217169388888,2026-06-26T18:00:00.000Z
sensor.meross_temperature_soggiorno,30.75151516288889,2026-06-26T19:00:00.000Z
sensor.meross_temperature_soggiorno,30.063215275944444,2026-06-26T20:00:00.000Z
sensor.meross_temperature_soggiorno,29.890155573361113,2026-06-26T21:00:00.000Z
sensor.meross_temperature_soggiorno,30.36823677263889,2026-06-26T22:00:00.000Z
sensor.meross_temperature_soggiorno,30.427559565916667,2026-06-26T23:00:00.000Z
sensor.meross_temperature_soggiorno,30.5,2026-06-27T00:00:00.000Z
sensor.meross_temperature_soggiorno,30.5,2026-06-27T01:00:00.000Z
sensor.meross_temperature_soggiorno,30.484289718555555,2026-06-27T04:00:00.000Z
sensor.meross_temperature_soggiorno,30.399999999999995,2026-06-27T05:00:00.000Z
sensor.meross_temperature_soggiorno,30.399999999999995,2026-06-27T06:00:00.000Z
sensor.meross_temperature_soggiorno,30.52258075277778,2026-06-27T07:00:00.000Z
sensor.meross_temperature_soggiorno,30.620825444250002,2026-06-27T08:00:00.000Z
sensor.meross_temperature_soggiorno,29.959538136083335,2026-06-27T09:00:00.000Z
sensor.meross_temperature_soggiorno,29.733096318277777,2026-06-27T10:00:00.000Z
sensor.meross_temperature_soggiorno,29.594334427444448,2026-06-27T11:00:00.000Z
sensor.meross_temperature_soggiorno,30.14128610661111,2026-06-27T12:00:00.000Z
sensor.meross_temperature_soggiorno,30.39216283086111,2026-06-27T13:00:00.000Z
sensor.meross_temperature_soggiorno,30.419438154333335,2026-06-27T14:00:00.000Z
sensor.meross_temperature_soggiorno,30.47976162352778,2026-06-27T15:00:00.000Z
sensor.meross_temperature_soggiorno,30.162832849944447,2026-06-27T16:00:00.000Z
sensor.meross_temperature_soggiorno,30.582307876388885,2026-06-27T17:00:00.000Z
sensor.meross_temperature_soggiorno,31.15949847727778,2026-06-27T18:00:00.000Z
sensor.meross_temperature_soggiorno,31.132729481527775,2026-06-27T19:00:00.000Z
sensor.meross_temperature_soggiorno,30.67398922538889,2026-06-27T20:00:00.000Z
sensor.meross_temperature_soggiorno,31.076272508777777,2026-06-27T21:00:00.000Z
sensor.meross_temperature_soggiorno,31.100000000000005,2026-06-27T22:00:00.000Z
sensor.meross_temperature_soggiorno,31.06729759252778,2026-06-27T23:00:00.000Z
sensor.meross_temperature_soggiorno,31,2026-06-28T00:00:00.000Z
sensor.meross_temperature_soggiorno,31,2026-06-28T01:00:00.000Z
sensor.meross_temperature_soggiorno,30.992476767805556,2026-06-28T02:00:00.000Z
sensor.meross_temperature_soggiorno,30.899999999999995,2026-06-28T03:00:00.000Z
sensor.meross_temperature_soggiorno,30.899999999999995,2026-06-28T04:00:00.000Z
sensor.meross_temperature_soggiorno,30.812037887333332,2026-06-28T05:00:00.000Z
sensor.meross_temperature_soggiorno,30.822803077194447,2026-06-28T06:00:00.000Z
sensor.meross_temperature_soggiorno,30.94511397908333,2026-06-28T07:00:00.000Z
sensor.meross_temperature_soggiorno,31.116678168333333,2026-06-28T08:00:00.000Z
sensor.meross_temperature_soggiorno,31.221160109638888,2026-06-28T09:00:00.000Z
sensor.meross_temperature_soggiorno,31.421823120694444,2026-06-28T10:00:00.000Z
sensor.meross_temperature_soggiorno,31.571603686583334,2026-06-28T11:00:00.000Z
sensor.meross_temperature_soggiorno,31.519100507361113,2026-06-28T12:00:00.000Z
sensor.meross_temperature_soggiorno,31.419843637944442,2026-06-28T13:00:00.000Z
sensor.meross_temperature_soggiorno,31.3,2026-06-28T14:00:00.000Z
sensor.meross_temperature_soggiorno,30.97818006741667,2026-06-28T15:00:00.000Z
sensor.meross_temperature_soggiorno,30.717251371499998,2026-06-28T16:00:00.000Z
sensor.meross_temperature_soggiorno,31.304041441055556,2026-06-28T17:00:00.000Z
sensor.meross_temperature_soggiorno,31.263601477055555,2026-06-28T18:00:00.000Z
sensor.meross_temperature_soggiorno,31.144951859583333,2026-06-28T19:00:00.000Z
sensor.meross_temperature_soggiorno,31.246764484249997,2026-06-28T20:00:00.000Z
sensor.meross_temperature_soggiorno,31.20916690927778,2026-06-28T21:00:00.000Z
sensor.meross_temperature_soggiorno,31.124867576916667,2026-06-28T22:00:00.000Z
sensor.meross_temperature_soggiorno,31.100000000000005,2026-06-28T23:00:00.000Z
sensor.meross_temperature_soggiorno,31.046043190083335,2026-06-29T00:00:00.000Z
sensor.meross_temperature_soggiorno,31,2026-06-29T01:00:00.000Z
sensor.meross_temperature_soggiorno,31,2026-06-29T02:00:00.000Z
sensor.meross_temperature_soggiorno,30.94346365497222,2026-06-29T03:00:00.000Z
sensor.meross_temperature_soggiorno,30.899999999999995,2026-06-29T04:00:00.000Z
sensor.meross_temperature_soggiorno,30.81490204933333,2026-06-29T05:00:00.000Z
sensor.meross_temperature_soggiorno,30.71600170811111,2026-06-29T06:00:00.000Z
sensor.meross_temperature_soggiorno,30.835107585111114,2026-06-29T07:00:00.000Z
sensor.meross_temperature_soggiorno,30.759280256305555,2026-06-29T08:00:00.000Z
sensor.meross_temperature_soggiorno,30.816711447194447,2026-06-29T09:00:00.000Z
sensor.meross_temperature_soggiorno,31.186080658055555,2026-06-29T10:00:00.000Z
sensor.meross_temperature_soggiorno,31.63727943597222,2026-06-29T11:00:00.000Z
sensor.meross_temperature_soggiorno,32.0335893115,2026-06-29T12:00:00.000Z
sensor.meross_temperature_soggiorno,32.32810579233333,2026-06-29T13:00:00.000Z
sensor.meross_temperature_soggiorno,30.171463200481494,2026-06-29T20:00:00.000Z
sensor.meross_temperature_soggiorno,30.854344572805555,2026-06-29T21:00:00.000Z
sensor.meross_temperature_soggiorno,31.095857753638892,2026-06-29T22:00:00.000Z
sensor.meross_temperature_soggiorno,31.061466404,2026-06-29T23:00:00.000Z
sensor.meross_temperature_soggiorno,31,2026-06-30T00:00:00.000Z
sensor.meross_temperature_soggiorno,31,2026-06-30T01:00:00.000Z
sensor.meross_temperature_soggiorno,30.925211031361112,2026-06-30T02:00:00.000Z
sensor.meross_temperature_soggiorno,30.892121418472218,2026-06-30T03:00:00.000Z
sensor.meross_temperature_soggiorno,30.8,2026-06-30T04:00:00.000Z
sensor.meross_temperature_soggiorno,30.8,2026-06-30T05:00:00.000Z
sensor.meross_temperature_soggiorno,30.751838657916664,2026-06-30T06:00:00.000Z
sensor.meross_temperature_soggiorno,30.915648639055558,2026-06-30T07:00:00.000Z
sensor.meross_temperature_soggiorno,31.122735002444443,2026-06-30T08:00:00.000Z
sensor.meross_temperature_soggiorno,31.2,2026-06-30T09:00:00.000Z
sensor.meross_temperature_soggiorno,31.204725261611113,2026-06-30T10:00:00.000Z
sensor.meross_temperature_soggiorno,31.3,2026-06-30T11:00:00.000Z
sensor.meross_temperature_soggiorno,31.36290548872222,2026-06-30T12:00:00.000Z
sensor.meross_temperature_soggiorno,31.399999999999995,2026-06-30T13:00:00.000Z
sensor.meross_temperature_soggiorno,31.513137187194445,2026-06-30T14:00:00.000Z
sensor.meross_temperature_soggiorno,31.646269312166666,2026-06-30T15:00:00.000Z
sensor.meross_temperature_soggiorno,31.585893946833334,2026-06-30T16:00:00.000Z
sensor.meross_temperature_soggiorno,31.323025685416667,2026-06-30T17:00:00.000Z
sensor.meross_temperature_soggiorno,31.275785095333333,2026-06-30T18:00:00.000Z
sensor.meross_temperature_soggiorno,31.399999999999995,2026-06-30T19:00:00.000Z
sensor.meross_temperature_soggiorno,31.31033432772222,2026-06-30T20:00:00.000Z
sensor.meross_temperature_soggiorno,31.37628944322222,2026-06-30T21:00:00.000Z
sensor.meross_temperature_soggiorno,31.3,2026-06-30T22:00:00.000Z
sensor.meross_temperature_soggiorno,31.3,2026-06-30T23:00:00.000Z
sensor.meross_temperature_soggiorno,31.22339166077778,2026-07-01T01:00:00.000Z
sensor.meross_temperature_soggiorno,31.129506633250003,2026-07-01T02:00:00.000Z
sensor.meross_temperature_soggiorno,31,2026-07-01T03:00:00.000Z
sensor.meross_temperature_soggiorno,31,2026-07-01T04:00:00.000Z
sensor.meross_temperature_soggiorno,30.94585092466667,2026-07-01T05:00:00.000Z
sensor.meross_temperature_soggiorno,30.789085808472223,2026-07-01T06:00:00.000Z
sensor.meross_temperature_soggiorno,30.95674064355556,2026-07-01T07:00:00.000Z
sensor.meross_temperature_soggiorno,31.109935432361112,2026-07-01T08:00:00.000Z
sensor.meross_temperature_soggiorno,31.24600062661111,2026-07-01T09:00:00.000Z
sensor.meross_temperature_soggiorno,31.3,2026-07-01T10:00:00.000Z
sensor.meross_temperature_soggiorno,31.3,2026-07-01T11:00:00.000Z
sensor.meross_temperature_soggiorno,31.36277764022222,2026-07-01T12:00:00.000Z
sensor.meross_temperature_soggiorno,31.418839366777775,2026-07-01T13:00:00.000Z
sensor.meross_temperature_soggiorno,30.97574893347222,2026-07-01T14:00:00.000Z
sensor.meross_temperature_soggiorno,30.484534476861114,2026-07-01T15:00:00.000Z
sensor.meross_temperature_soggiorno,30.32065066769444,2026-07-01T16:00:00.000Z
sensor.meross_temperature_soggiorno,30.22456352330556,2026-07-01T17:00:00.000Z
sensor.meross_temperature_soggiorno,30.623087794944443,2026-07-01T18:00:00.000Z
sensor.meross_temperature_soggiorno,30.679252495,2026-07-01T19:00:00.000Z
sensor.meross_temperature_soggiorno,30.149201750861113,2026-07-01T20:00:00.000Z
sensor.meross_temperature_soggiorno,29.947536150916665,2026-07-01T21:00:00.000Z
sensor.meross_temperature_soggiorno,30.2,2026-07-01T22:00:00.000Z
sensor.meross_temperature_soggiorno,30.2,2026-07-01T23:00:00.000Z
sensor.meross_temperature_soggiorno,30.126274746888893,2026-07-02T03:00:00.000Z
sensor.meross_temperature_soggiorno,30.100000000000005,2026-07-02T04:00:00.000Z
sensor.meross_temperature_soggiorno,29.92597435838889,2026-07-02T05:00:00.000Z
sensor.meross_temperature_soggiorno,28.69989410525,2026-07-02T06:00:00.000Z
sensor.meross_temperature_soggiorno,29.348501846444446,2026-07-02T07:00:00.000Z
sensor.meross_temperature_soggiorno,29.890554823694444,2026-07-02T08:00:00.000Z
sensor.meross_temperature_soggiorno,29.98919095086111,2026-07-02T09:00:00.000Z
sensor.meross_temperature_soggiorno,30.007776117555554,2026-07-02T10:00:00.000Z
sensor.meross_temperature_soggiorno,30.100000000000005,2026-07-02T11:00:00.000Z
sensor.meross_temperature_soggiorno,30.129640459472224,2026-07-02T12:00:00.000Z
sensor.meross_temperature_soggiorno,30.2,2026-07-02T13:00:00.000Z
sensor.meross_temperature_soggiorno,30.3,2026-07-02T14:00:00.000Z
sensor.meross_temperature_soggiorno,30.3,2026-07-02T15:00:00.000Z
sensor.meross_temperature_soggiorno,30.26380034463889,2026-07-02T16:00:00.000Z
sensor.meross_temperature_soggiorno,30.100000000000005,2026-07-02T17:00:00.000Z
sensor.meross_temperature_soggiorno,30.14171576227778,2026-07-02T18:00:00.000Z
sensor.meross_temperature_soggiorno,30.2073431985,2026-07-02T19:00:00.000Z
sensor.meross_temperature_soggiorno,30.22622247336111,2026-07-02T20:00:00.000Z
sensor.meross_temperature_soggiorno,30.20681096886111,2026-07-02T21:00:00.000Z
sensor.meross_temperature_soggiorno,30.28279845125,2026-07-02T22:00:00.000Z
sensor.meross_temperature_soggiorno,30.2,2026-07-02T23:00:00.000Z
sensor.meross_temperature_soggiorno,30.12836965375,2026-07-03T00:00:00.000Z
sensor.meross_temperature_soggiorno,30.073940748083334,2026-07-03T01:00:00.000Z
sensor.meross_temperature_soggiorno,30,2026-07-03T02:00:00.000Z
sensor.meross_temperature_soggiorno,30,2026-07-03T03:00:00.000Z
sensor.meross_temperature_soggiorno,29.974115856861108,2026-07-03T04:00:00.000Z
sensor.meross_temperature_soggiorno,29.308256944416666,2026-07-03T05:00:00.000Z
sensor.meross_temperature_soggiorno,28.872754993111112,2026-07-03T06:00:00.000Z
sensor.meross_temperature_soggiorno,28.96670020608333,2026-07-03T07:00:00.000Z
sensor.meross_temperature_soggiorno,30.3,2026-07-03T17:00:00.000Z
sensor.meross_temperature_soggiorno,30.280412550611114,2026-07-03T18:00:00.000Z
sensor.meross_temperature_soggiorno,30.339742205944447,2026-07-03T19:00:00.000Z
sensor.meross_temperature_soggiorno,30.261680508222224,2026-07-03T20:00:00.000Z
sensor.meross_temperature_soggiorno,30.2,2026-07-03T21:00:00.000Z
sensor.meross_temperature_soggiorno,30.2,2026-07-03T22:00:00.000Z
sensor.meross_temperature_soggiorno,30.110186776305557,2026-07-04T00:00:00.000Z
sensor.meross_temperature_soggiorno,30.044587253222222,2026-07-04T01:00:00.000Z
sensor.meross_temperature_soggiorno,30,2026-07-04T02:00:00.000Z
sensor.meross_temperature_soggiorno,30,2026-07-04T03:00:00.000Z
sensor.meross_temperature_soggiorno,29.931588632777775,2026-07-04T04:00:00.000Z
sensor.meross_temperature_soggiorno,29.85409685538889,2026-07-04T05:00:00.000Z
sensor.meross_temperature_soggiorno,29.842316075750002,2026-07-04T06:00:00.000Z
sensor.meross_temperature_soggiorno,29.90119135811111,2026-07-04T07:00:00.000Z
sensor.meross_temperature_soggiorno,30.028419911333334,2026-07-04T08:00:00.000Z
sensor.meross_temperature_soggiorno,30.110829558250003,2026-07-04T09:00:00.000Z
sensor.meross_temperature_soggiorno,30.17757684486111,2026-07-04T10:00:00.000Z
sensor.meross_temperature_soggiorno,30.27867961805556,2026-07-04T11:00:00.000Z
sensor.meross_temperature_soggiorno,30.3,2026-07-04T12:00:00.000Z
sensor.meross_temperature_soggiorno,30.347916760222223,2026-07-04T13:00:00.000Z
sensor.meross_temperature_soggiorno,30.464349173333332,2026-07-04T14:00:00.000Z
sensor.meross_temperature_soggiorno,30.54803497963889,2026-07-04T15:00:00.000Z
sensor.meross_temperature_soggiorno,31.01919414675,2026-07-04T16:00:00.000Z
sensor.meross_temperature_soggiorno,31.041984464583333,2026-07-04T17:00:00.000Z
sensor.meross_temperature_soggiorno,30.952704546194443,2026-07-04T18:00:00.000Z
sensor.meross_temperature_soggiorno,30.89546783825,2026-07-04T19:00:00.000Z
sensor.meross_temperature_soggiorno,30.8,2026-07-04T20:00:00.000Z
sensor.meross_temperature_soggiorno,30.887858332916664,2026-07-04T21:00:00.000Z
sensor.meross_temperature_soggiorno,30.807308345694448,2026-07-04T22:00:00.000Z
sensor.meross_temperature_soggiorno,30.789306402916665,2026-07-04T23:00:00.000Z
sensor.meross_temperature_soggiorno,30.664884328416665,2026-07-05T00:00:00.000Z
sensor.meross_temperature_soggiorno,30.543268864694443,2026-07-05T01:00:00.000Z
sensor.meross_temperature_soggiorno,30.469417173833335,2026-07-05T02:00:00.000Z
sensor.meross_temperature_soggiorno,30.378589457638885,2026-07-05T03:00:00.000Z
sensor.meross_temperature_soggiorno,30.3,2026-07-05T04:00:00.000Z
sensor.meross_temperature_soggiorno,30.3,2026-07-05T05:00:00.000Z
sensor.meross_temperature_soggiorno,30.60567754125,2026-07-05T16:00:00.000Z
sensor.meross_temperature_soggiorno,30.974639385583334,2026-07-05T17:00:00.000Z
sensor.meross_temperature_soggiorno,30.753030729333332,2026-07-05T18:00:00.000Z
sensor.meross_temperature_soggiorno,30.645106437888888,2026-07-05T19:00:00.000Z
sensor.meross_temperature_soggiorno,30.633823286944445,2026-07-05T20:00:00.000Z
sensor.meross_temperature_soggiorno,30.727716137749997,2026-07-05T21:00:00.000Z
sensor.meross_temperature_soggiorno,30.664645772722224,2026-07-05T22:00:00.000Z
sensor.meross_temperature_soggiorno,30.66541713166667,2026-07-05T23:00:00.000Z
sensor.meross_temperature_soggiorno,30.6039300315,2026-07-06T00:00:00.000Z
sensor.meross_temperature_soggiorno,30.486713349527776,2026-07-06T01:00:00.000Z
sensor.meross_temperature_soggiorno,30.395912168666666,2026-07-06T02:00:00.000Z
sensor.meross_temperature_soggiorno,30.3,2026-07-06T03:00:00.000Z
sensor.meross_temperature_soggiorno,30.23587044152778,2026-07-06T04:00:00.000Z
sensor.meross_temperature_soggiorno,29.996227197944446,2026-07-06T05:00:00.000Z
sensor.meross_temperature_soggiorno,29.805585725916668,2026-07-06T06:00:00.000Z
sensor.meross_temperature_soggiorno,29.932520914416667,2026-07-06T07:00:00.000Z
sensor.meross_temperature_soggiorno,30.172569202861112,2026-07-06T08:00:00.000Z
sensor.meross_temperature_soggiorno,30.256673953416666,2026-07-06T09:00:00.000Z
sensor.meross_temperature_soggiorno,30.3,2026-07-06T10:00:00.000Z
sensor.meross_temperature_soggiorno,30.3,2026-07-06T11:00:00.000Z
sensor.meross_temperature_soggiorno,30.301151377361112,2026-07-06T12:00:00.000Z
sensor.meross_temperature_soggiorno,30.399999999999995,2026-07-06T13:00:00.000Z
sensor.meross_temperature_soggiorno,30.399999999999995,2026-07-06T14:00:00.000Z
sensor.meross_temperature_soggiorno,30.458740211916666,2026-07-06T15:00:00.000Z
sensor.meross_temperature_soggiorno,30.479322282499997,2026-07-06T16:00:00.000Z
sensor.meross_temperature_soggiorno,30.245986154222223,2026-07-06T17:00:00.000Z
sensor.meross_temperature_soggiorno,30.4853284225,2026-07-06T18:00:00.000Z
sensor.meross_temperature_soggiorno,30.58496839788889,2026-07-06T19:00:00.000Z
sensor.meross_temperature_soggiorno,30.510225976944444,2026-07-06T20:00:00.000Z
sensor.meross_temperature_soggiorno,30.5,2026-07-06T21:00:00.000Z
sensor.meross_temperature_soggiorno,30.456013588944444,2026-07-06T22:00:00.000Z
sensor.meross_temperature_soggiorno,30.468721145944443,2026-07-06T23:00:00.000Z
sensor.meross_temperature_soggiorno,30.399999999999995,2026-07-07T00:00:00.000Z
sensor.meross_temperature_soggiorno,30.30590029033333,2026-07-07T01:00:00.000Z
sensor.meross_temperature_soggiorno,30.248695688972223,2026-07-07T02:00:00.000Z
sensor.meross_temperature_soggiorno,30.19704231030555,2026-07-07T03:00:00.000Z
sensor.meross_temperature_soggiorno,30.100000000000005,2026-07-07T04:00:00.000Z
sensor.meross_temperature_soggiorno,29.835600422333332,2026-07-07T05:00:00.000Z
sensor.meross_temperature_soggiorno,29.600673373277782,2026-07-07T06:00:00.000Z
sensor.meross_temperature_soggiorno,29.943361110888887,2026-07-07T07:00:00.000Z
sensor.meross_temperature_soggiorno,30.13592993,2026-07-07T08:00:00.000Z
sensor.meross_temperature_soggiorno,30.207697427750002,2026-07-07T09:00:00.000Z
sensor.meross_temperature_soggiorno,30.3,2026-07-07T10:00:00.000Z
sensor.meross_temperature_soggiorno,30.3,2026-07-07T11:00:00.000Z
sensor.meross_temperature_soggiorno,30.32778104011111,2026-07-07T12:00:00.000Z
sensor.meross_temperature_soggiorno,30.399999999999995,2026-07-07T13:00:00.000Z
sensor.meross_temperature_soggiorno,30.399999999999995,2026-07-07T14:00:00.000Z
sensor.meross_temperature_soggiorno,30.35002891208333,2026-07-07T16:00:00.000Z
sensor.meross_temperature_soggiorno,30.605696596138888,2026-07-07T17:00:00.000Z
sensor.meross_temperature_soggiorno,30.69441522111111,2026-07-07T18:00:00.000Z
sensor.meross_temperature_soggiorno,30.634692888333333,2026-07-07T19:00:00.000Z
sensor.meross_temperature_soggiorno,30.4822728,2026-07-07T20:00:00.000Z
sensor.meross_temperature_soggiorno,30.49106094561111,2026-07-07T21:00:00.000Z
sensor.meross_temperature_soggiorno,30.5,2026-07-07T22:00:00.000Z
sensor.meross_temperature_soggiorno,30.457679203194445,2026-07-07T23:00:00.000Z
sensor.meross_temperature_soggiorno,30.344487121194444,2026-07-08T00:00:00.000Z
sensor.meross_temperature_soggiorno,30.278827678472222,2026-07-08T01:00:00.000Z
sensor.meross_temperature_soggiorno,30.2,2026-07-08T02:00:00.000Z
sensor.meross_temperature_soggiorno,30.121620166583337,2026-07-08T03:00:00.000Z
sensor.meross_temperature_soggiorno,30.100000000000005,2026-07-08T04:00:00.000Z
sensor.meross_temperature_soggiorno,29.986935804194445,2026-07-08T05:00:00.000Z
sensor.meross_temperature_soggiorno,29.646669643833334,2026-07-08T06:00:00.000Z
sensor.meross_temperature_soggiorno,29.626912713083332,2026-07-08T07:00:00.000Z
sensor.meross_temperature_soggiorno,29.881207333083335,2026-07-08T08:00:00.000Z
sensor.meross_temperature_soggiorno,30.14596453947222,2026-07-08T09:00:00.000Z
sensor.meross_temperature_soggiorno,30.2,2026-07-08T10:00:00.000Z
sensor.meross_temperature_soggiorno,30.2,2026-07-08T11:00:00.000Z
sensor.meross_temperature_soggiorno,30.280030102277777,2026-07-08T12:00:00.000Z
sensor.meross_temperature_soggiorno,30.351269771055556,2026-07-08T13:00:00.000Z
sensor.meross_temperature_soggiorno,30.399999999999995,2026-07-08T14:00:00.000Z
sensor.meross_temperature_soggiorno,30.487859647944443,2026-07-08T15:00:00.000Z
sensor.meross_temperature_soggiorno,30.423090996722223,2026-07-08T16:00:00.000Z
sensor.meross_temperature_soggiorno,30.455930200500003,2026-07-08T17:00:00.000Z
sensor.meross_temperature_soggiorno,30.617850193916667,2026-07-08T18:00:00.000Z
sensor.meross_temperature_soggiorno,30.751242250388888,2026-07-08T19:00:00.000Z
sensor.meross_temperature_soggiorno,30.670619028999997,2026-07-08T20:00:00.000Z
sensor.meross_temperature_soggiorno,30.58809906866667,2026-07-08T21:00:00.000Z
sensor.meross_temperature_soggiorno,30.600000000000005,2026-07-08T22:00:00.000Z
sensor.meross_temperature_soggiorno,30.544219734027777,2026-07-08T23:00:00.000Z
sensor.meross_temperature_soggiorno,30.5,2026-07-09T00:00:00.000Z
sensor.meross_temperature_soggiorno,30.493849419361112,2026-07-09T01:00:00.000Z
sensor.meross_temperature_soggiorno,30.399999999999995,2026-07-09T02:00:00.000Z
sensor.meross_temperature_soggiorno,30.347538977444444,2026-07-09T03:00:00.000Z
sensor.meross_temperature_soggiorno,30.286741023083334,2026-07-09T04:00:00.000Z
sensor.meross_temperature_soggiorno,30.189017317999998,2026-07-09T05:00:00.000Z
sensor.meross_temperature_soggiorno,29.965279312388887,2026-07-09T06:00:00.000Z
sensor.meross_temperature_soggiorno,30.219772464444446,2026-07-09T07:00:00.000Z
sensor.meross_temperature_soggiorno,30.453290715916665,2026-07-09T08:00:00.000Z
sensor.meross_temperature_soggiorno,30.5,2026-07-09T09:00:00.000Z
sensor.meross_temperature_soggiorno,30.5,2026-07-09T10:00:00.000Z
sensor.meross_temperature_soggiorno,30.56159733005556,2026-07-09T11:00:00.000Z
sensor.meross_temperature_soggiorno,30.600000000000005,2026-07-09T12:00:00.000Z
sensor.meross_temperature_soggiorno,30.6740413875,2026-07-09T13:00:00.000Z
sensor.meross_temperature_soggiorno,30.800099171444444,2026-07-09T14:00:00.000Z
sensor.meross_temperature_soggiorno,30.940750655194446,2026-07-09T15:00:00.000Z
sensor.meross_temperature_soggiorno,31.051192289916667,2026-07-09T16:00:00.000Z
sensor.meross_temperature_soggiorno,31.100000000000005,2026-07-09T17:00:00.000Z
sensor.meross_temperature_soggiorno,31.100000000000005,2026-07-09T18:00:00.000Z
sensor.meross_temperature_soggiorno,31.031081558083333,2026-07-09T19:00:00.000Z
sensor.meross_temperature_soggiorno,30.972457757111112,2026-07-09T20:00:00.000Z
sensor.meross_temperature_soggiorno,30.899999999999995,2026-07-09T21:00:00.000Z
sensor.meross_temperature_soggiorno,30.890771603083333,2026-07-09T22:00:00.000Z
sensor.meross_temperature_soggiorno,30.8,2026-07-09T23:00:00.000Z
sensor.meross_temperature_soggiorno,30.73634285336111,2026-07-10T00:00:00.000Z
sensor.meross_temperature_soggiorno,30.634288014083335,2026-07-10T01:00:00.000Z
sensor.meross_temperature_soggiorno,30.54524124438889,2026-07-10T02:00:00.000Z
sensor.meross_temperature_soggiorno,30.457854689,2026-07-10T03:00:00.000Z
sensor.meross_temperature_soggiorno,30.399999999999995,2026-07-10T04:00:00.000Z
sensor.meross_temperature_soggiorno,30.300786070194444,2026-07-10T05:00:00.000Z
sensor.meross_temperature_soggiorno,30.176429454138887,2026-07-10T06:00:00.000Z
sensor.meross_temperature_soggiorno,30.185147635305555,2026-07-10T07:00:00.000Z
sensor.meross_temperature_soggiorno,30.409487874055554,2026-07-10T08:00:00.000Z
sensor.meross_temperature_soggiorno,30.5,2026-07-10T09:00:00.000Z
sensor.meross_temperature_soggiorno,30.5,2026-07-10T10:00:00.000Z
sensor.meross_temperature_soggiorno,30.58272609288889,2026-07-10T11:00:00.000Z
sensor.meross_temperature_soggiorno,30.681946142555557,2026-07-10T12:00:00.000Z
sensor.meross_temperature_soggiorno,30.7,2026-07-10T13:00:00.000Z
sensor.meross_temperature_soggiorno,30.7,2026-07-10T14:00:00.000Z
sensor.meross_temperature_soggiorno,30.716782908027778,2026-07-10T16:00:00.000Z
sensor.meross_temperature_soggiorno,30.7,2026-07-10T17:00:00.000Z
sensor.meross_temperature_soggiorno,30.783339842416666,2026-07-10T18:00:00.000Z
sensor.meross_temperature_soggiorno,30.987976253055553,2026-07-10T19:00:00.000Z
sensor.meross_temperature_soggiorno,30.976246355111112,2026-07-10T20:00:00.000Z
sensor.meross_temperature_soggiorno,30.799419847166664,2026-07-10T21:00:00.000Z
sensor.meross_temperature_soggiorno,30.19513320022222,2026-07-10T22:00:00.000Z
sensor.meross_temperature_soggiorno,29.988428546305556,2026-07-10T23:00:00.000Z
sensor.meross_temperature_soggiorno,29.883126792,2026-07-11T00:00:00.000Z
sensor.meross_temperature_soggiorno,30.100000000000005,2026-07-11T01:00:00.000Z
sensor.meross_temperature_soggiorno,30.129181529888893,2026-07-11T02:00:00.000Z
sensor.meross_temperature_soggiorno,30.2,2026-07-11T03:00:00.000Z
sensor.meross_temperature_soggiorno,30.144374330250002,2026-07-11T04:00:00.000Z
sensor.meross_temperature_soggiorno,30.100000000000005,2026-07-11T05:00:00.000Z
sensor.meross_temperature_soggiorno,30.151178573833334,2026-07-11T06:00:00.000Z
sensor.meross_temperature_soggiorno,30.24929600675,2026-07-11T07:00:00.000Z
sensor.meross_temperature_soggiorno,30.21352480397222,2026-07-11T08:00:00.000Z
sensor.meross_temperature_soggiorno,30.274791596694445,2026-07-11T09:00:00.000Z
sensor.meross_temperature_soggiorno,30.22851573005556,2026-07-11T10:00:00.000Z
sensor.meross_temperature_soggiorno,30.734068368194443,2026-07-11T11:00:00.000Z
sensor.meross_temperature_soggiorno,30.838054029055556,2026-07-11T12:00:00.000Z
sensor.meross_temperature_soggiorno,30.91467678513889,2026-07-11T13:00:00.000Z
sensor.meross_temperature_soggiorno,31.06989342777778,2026-07-11T14:00:00.000Z
sensor.meross_temperature_soggiorno,31.03218428438889,2026-07-11T15:00:00.000Z
sensor.meross_temperature_soggiorno,30.903952726833335,2026-07-11T16:00:00.000Z
sensor.meross_temperature_soggiorno,31.219019827666667,2026-07-11T17:00:00.000Z
sensor.meross_temperature_soggiorno,31.046862057722223,2026-07-11T18:00:00.000Z
sensor.meross_temperature_soggiorno,31.000468921444448,2026-07-11T19:00:00.000Z
sensor.meross_temperature_soggiorno,30.85329723613889,2026-07-11T20:00:00.000Z
sensor.meross_temperature_soggiorno,30.8,2026-07-11T21:00:00.000Z
sensor.meross_temperature_soggiorno,30.8,2026-07-11T22:00:00.000Z
sensor.meross_temperature_soggiorno,30.744938334777775,2026-07-12T00:00:00.000Z
sensor.meross_temperature_soggiorno,30.617704310583335,2026-07-12T01:00:00.000Z
sensor.meross_temperature_soggiorno,30.510092910972222,2026-07-12T02:00:00.000Z
sensor.meross_temperature_soggiorno,30.39379506825,2026-07-12T03:00:00.000Z
sensor.meross_temperature_soggiorno,30.292481946694448,2026-07-12T04:00:00.000Z
sensor.meross_temperature_soggiorno,30.2,2026-07-12T05:00:00.000Z
sensor.meross_temperature_soggiorno,30.203096382805555,2026-07-12T06:00:00.000Z
sensor.meross_temperature_soggiorno,30.40255050811111,2026-07-12T07:00:00.000Z
sensor.meross_temperature_soggiorno,30.457953385944446,2026-07-12T08:00:00.000Z
sensor.meross_temperature_soggiorno,30.399999999999995,2026-07-12T09:00:00.000Z
sensor.meross_temperature_soggiorno,30.418037603722222,2026-07-12T10:00:00.000Z
sensor.meross_temperature_soggiorno,30.5,2026-07-12T11:00:00.000Z
sensor.meross_temperature_soggiorno,30.514866080388888,2026-07-12T12:00:00.000Z
sensor.meross_temperature_soggiorno,30.600000000000005,2026-07-12T13:00:00.000Z
sensor.meross_temperature_soggiorno,30.600000000000005,2026-07-12T14:00:00.000Z
sensor.meross_temperature_soggiorno,30.605356233611115,2026-07-12T17:00:00.000Z
sensor.meross_temperature_soggiorno,30.733622066027777,2026-07-12T18:00:00.000Z
sensor.meross_temperature_soggiorno,30.75777882708333,2026-07-12T19:00:00.000Z
sensor.meross_temperature_soggiorno,30.610267173833336,2026-07-12T20:00:00.000Z
sensor.meross_temperature_soggiorno,30.630006952333332,2026-07-12T21:00:00.000Z
sensor.meross_temperature_soggiorno,30.79828914366667,2026-07-12T22:00:00.000Z
sensor.meross_temperature_soggiorno,30.73327690788889,2026-07-12T23:00:00.000Z
sensor.meross_temperature_soggiorno,30.65364863788889,2026-07-13T00:00:00.000Z
sensor.meross_temperature_soggiorno,30.600000000000005,2026-07-13T01:00:00.000Z
sensor.meross_temperature_soggiorno,30.54401173897222,2026-07-13T02:00:00.000Z
sensor.meross_temperature_soggiorno,30.444787924555555,2026-07-13T03:00:00.000Z
sensor.meross_temperature_soggiorno,30.395360495361107,2026-07-13T04:00:00.000Z
sensor.meross_temperature_soggiorno,30.3,2026-07-13T05:00:00.000Z
sensor.meross_temperature_soggiorno,30.223315118444443,2026-07-13T06:00:00.000Z
sensor.meross_temperature_soggiorno,30.268625301444445,2026-07-13T07:00:00.000Z
sensor.meross_temperature_soggiorno,30.3,2026-07-13T08:00:00.000Z
sensor.meross_temperature_soggiorno,30.33472059886111,2026-07-13T09:00:00.000Z
sensor.meross_temperature_soggiorno,30.399999999999995,2026-07-13T10:00:00.000Z
sensor.meross_temperature_soggiorno,30.412378612833333,2026-07-13T11:00:00.000Z
sensor.meross_temperature_soggiorno,30.42260398061111,2026-07-13T12:00:00.000Z
sensor.meross_temperature_soggiorno,30.52562335572222,2026-07-13T13:00:00.000Z
sensor.meross_temperature_soggiorno,30.84743217997222,2026-07-13T14:00:00.000Z
sensor.meross_temperature_soggiorno,30.8,2026-07-13T15:00:00.000Z
sensor.meross_temperature_soggiorno,30.8,2026-07-13T16:00:00.000Z
sensor.meross_temperature_soggiorno,30.941436716916666,2026-07-13T17:00:00.000Z
sensor.meross_temperature_soggiorno,30.925230178333333,2026-07-13T18:00:00.000Z
sensor.meross_temperature_soggiorno,30.929230028916663,2026-07-13T19:00:00.000Z
sensor.meross_temperature_soggiorno,30.982131447361112,2026-07-13T20:00:00.000Z
sensor.meross_temperature_soggiorno,30.95223546211111,2026-07-13T21:00:00.000Z
sensor.meross_temperature_soggiorno,30.94918762486111,2026-07-13T22:00:00.000Z
sensor.meross_temperature_soggiorno,30.849937955166666,2026-07-13T23:00:00.000Z
sensor.meross_temperature_soggiorno,30.8,2026-07-14T00:00:00.000Z
sensor.meross_temperature_soggiorno,30.779505199,2026-07-14T01:00:00.000Z
sensor.meross_temperature_soggiorno,30.7,2026-07-14T02:00:00.000Z
sensor.meross_temperature_soggiorno,30.697875922305556,2026-07-14T03:00:00.000Z
sensor.meross_temperature_soggiorno,30.600000000000005,2026-07-14T04:00:00.000Z
sensor.meross_temperature_soggiorno,30.51386754788889,2026-07-14T05:00:00.000Z
sensor.meross_temperature_soggiorno,30.3,2026-07-14T06:00:00.000Z
sensor.meross_temperature_soggiorno,30.39753783783333,2026-07-14T07:00:00.000Z
sensor.meross_temperature_soggiorno,30.55334751938889,2026-07-14T08:00:00.000Z
sensor.meross_temperature_soggiorno,30.630176033694443,2026-07-14T09:00:00.000Z
sensor.meross_temperature_soggiorno,30.7,2026-07-14T10:00:00.000Z
sensor.meross_temperature_soggiorno,30.744791203583333,2026-07-14T11:00:00.000Z
sensor.meross_temperature_soggiorno,30.602170630888892,2026-07-14T12:00:00.000Z
sensor.meross_temperature_soggiorno,30.7943366125,2026-07-14T13:00:00.000Z
sensor.meross_temperature_soggiorno,31.008827739,2026-07-14T14:00:00.000Z
sensor.meross_temperature_soggiorno,31.150032248722223,2026-07-14T15:00:00.000Z
sensor.meross_temperature_soggiorno,31.151844785583336,2026-07-14T16:00:00.000Z
sensor.meross_temperature_soggiorno,31.062476632750002,2026-07-14T17:00:00.000Z
sensor.meross_temperature_soggiorno,31.100000000000005,2026-07-14T18:00:00.000Z
sensor.meross_temperature_soggiorno,31.083347774361112,2026-07-14T19:00:00.000Z
sensor.meross_temperature_soggiorno,31,2026-07-14T20:00:00.000Z
sensor.meross_temperature_soggiorno,31.00689764975,2026-07-14T21:00:00.000Z
sensor.meross_temperature_soggiorno,31.100000000000005,2026-07-14T22:00:00.000Z
sensor.meross_temperature_soggiorno,31.05473416838889,2026-07-14T23:00:00.000Z
sensor.meross_temperature_soggiorno,30.996748796166667,2026-07-15T00:00:00.000Z
sensor.meross_temperature_soggiorno,30.899999999999995,2026-07-15T01:00:00.000Z
sensor.meross_temperature_soggiorno,30.81153243213889,2026-07-15T02:00:00.000Z
sensor.meross_temperature_soggiorno,30.773886307305556,2026-07-15T03:00:00.000Z
sensor.meross_temperature_soggiorno,30.7,2026-07-15T04:00:00.000Z
sensor.meross_temperature_soggiorno,30.628116893361113,2026-07-15T05:00:00.000Z
sensor.meross_temperature_soggiorno,30.332916528777776,2026-07-15T06:00:00.000Z
sensor.meross_temperature_soggiorno,30.318575800583332,2026-07-15T07:00:00.000Z
sensor.meross_temperature_soggiorno,30.502917908694446,2026-07-15T08:00:00.000Z
sensor.meross_temperature_soggiorno,30.66605859197222,2026-07-15T09:00:00.000Z
sensor.meross_temperature_soggiorno,30.748493992055558,2026-07-15T10:00:00.000Z
sensor.meross_temperature_soggiorno,30.860699554027775,2026-07-15T11:00:00.000Z
sensor.meross_temperature_soggiorno,31,2026-07-15T12:00:00.000Z
sensor.meross_temperature_soggiorno,31.126516166388893,2026-07-15T13:00:00.000Z
sensor.meross_temperature_soggiorno,31.2,2026-07-15T14:00:00.000Z
sensor.meross_temperature_soggiorno,31.2,2026-07-15T15:00:00.000Z
sensor.meross_temperature_soggiorno,31.12650836463889,2026-07-15T16:00:00.000Z
sensor.meross_temperature_soggiorno,31.100000000000005,2026-07-15T17:00:00.000Z
sensor.meross_temperature_soggiorno,30.938985078083334,2026-07-15T18:00:00.000Z
sensor.meross_temperature_soggiorno,30.612185659416667,2026-07-15T19:00:00.000Z
sensor.meross_temperature_soggiorno,30.8,2026-07-15T20:00:00.000Z
sensor.meross_temperature_soggiorno,30.896346847805557,2026-07-15T21:00:00.000Z
sensor.meross_temperature_soggiorno,30.86079458488889,2026-07-15T22:00:00.000Z
sensor.meross_temperature_soggiorno,30.853111637083334,2026-07-15T23:00:00.000Z
sensor.meross_temperature_soggiorno,30.8,2026-07-16T00:00:00.000Z
sensor.meross_temperature_soggiorno,30.710520665222223,2026-07-16T01:00:00.000Z
sensor.meross_temperature_soggiorno,30.678509123888887,2026-07-16T02:00:00.000Z
sensor.meross_temperature_soggiorno,30.600000000000005,2026-07-16T03:00:00.000Z
sensor.meross_temperature_soggiorno,30.510099132611114,2026-07-16T04:00:00.000Z
sensor.meross_temperature_soggiorno,30.452973453305557,2026-07-16T05:00:00.000Z
sensor.meross_temperature_soggiorno,30.08947833872222,2026-07-16T06:00:00.000Z
sensor.meross_temperature_soggiorno,29.440578415305556,2026-07-16T07:00:00.000Z
sensor.meross_temperature_soggiorno,29.72755003827778,2026-07-16T08:00:00.000Z
sensor.meross_temperature_soggiorno,30.233559916444445,2026-07-16T09:00:00.000Z
sensor.meross_temperature_soggiorno,30.409841671749998,2026-07-16T10:00:00.000Z
sensor.meross_temperature_soggiorno,30.5,2026-07-16T11:00:00.000Z
sensor.meross_temperature_soggiorno,30.577027608444443,2026-07-16T12:00:00.000Z
sensor.meross_temperature_soggiorno,30.679026412416665,2026-07-16T13:00:00.000Z
sensor.meross_temperature_soggiorno,30.81734329530556,2026-07-16T14:00:00.000Z
sensor.meross_temperature_soggiorno,30.899999999999995,2026-07-16T15:00:00.000Z
sensor.meross_temperature_soggiorno,30.899999999999995,2026-07-16T16:00:00.000Z
sensor.meross_temperature_soggiorno,30.85848889475,2026-07-16T17:00:00.000Z
sensor.meross_temperature_soggiorno,30.84201260936111,2026-07-16T18:00:00.000Z
sensor.meross_temperature_soggiorno,30.83536812,2026-07-16T19:00:00.000Z
sensor.meross_temperature_soggiorno,30.913585636138887,2026-07-16T20:00:00.000Z
sensor.meross_temperature_soggiorno,30.899999999999995,2026-07-16T21:00:00.000Z
sensor.meross_temperature_soggiorno,30.899999999999995,2026-07-16T22:00:00.000Z
sensor.meross_temperature_soggiorno,30.814207016444445,2026-07-17T00:00:00.000Z
sensor.meross_temperature_soggiorno,30.8,2026-07-17T01:00:00.000Z
sensor.meross_temperature_soggiorno,30.743774053750002,2026-07-17T02:00:00.000Z
sensor.meross_temperature_soggiorno,30.661363745,2026-07-17T03:00:00.000Z
sensor.meross_temperature_soggiorno,30.130414249555557,2026-07-17T04:00:00.000Z
sensor.meross_temperature_soggiorno,29.55025662038889,2026-07-17T05:00:00.000Z
sensor.meross_temperature_soggiorno,28.97284986836111,2026-07-17T06:00:00.000Z
sensor.meross_temperature_soggiorno,28.951385292833333,2026-07-17T07:00:00.000Z
sensor.meross_temperature_soggiorno,28.995958492055554,2026-07-17T08:00:00.000Z
sensor.meross_temperature_soggiorno,29.22016775797222,2026-07-17T09:00:00.000Z
sensor.meross_temperature_soggiorno,29.104138845555557,2026-07-17T10:00:00.000Z
sensor.meross_temperature_soggiorno,29.611205845694446,2026-07-17T11:00:00.000Z
sensor.meross_temperature_soggiorno,29.811920651916665,2026-07-17T12:00:00.000Z
sensor.meross_temperature_soggiorno,29.899999999999995,2026-07-17T13:00:00.000Z
sensor.meross_temperature_soggiorno,29.97574501316667,2026-07-17T14:00:00.000Z
sensor.meross_temperature_soggiorno,30.10193986952778,2026-07-17T15:00:00.000Z
sensor.meross_temperature_soggiorno,30.28354582863889,2026-07-17T16:00:00.000Z
sensor.meross_temperature_soggiorno,30.545533643722223,2026-07-17T17:00:00.000Z
sensor.meross_temperature_soggiorno,30.697161184527776,2026-07-17T18:00:00.000Z
sensor.meross_temperature_soggiorno,30.736979307777776,2026-07-17T19:00:00.000Z
sensor.meross_temperature_soggiorno,30.74141559702778,2026-07-17T20:00:00.000Z
sensor.meross_temperature_soggiorno,30.7,2026-07-17T21:00:00.000Z
sensor.meross_temperature_soggiorno,30.606121900416667,2026-07-17T22:00:00.000Z
sensor.meross_temperature_soggiorno,30.56108278041667,2026-07-17T23:00:00.000Z
sensor.meross_temperature_soggiorno,30.5,2026-07-18T00:00:00.000Z
sensor.meross_temperature_soggiorno,30.40820932013889,2026-07-18T01:00:00.000Z
sensor.meross_temperature_soggiorno,30.35939181108333,2026-07-18T02:00:00.000Z
sensor.meross_temperature_soggiorno,30.3,2026-07-18T03:00:00.000Z
sensor.meross_temperature_soggiorno,30.22179983477778,2026-07-18T04:00:00.000Z
sensor.meross_temperature_soggiorno,30.108316020027775,2026-07-18T05:00:00.000Z
sensor.meross_temperature_soggiorno,30,2026-07-18T06:00:00.000Z
sensor.meross_temperature_soggiorno,30.043408280583336,2026-07-18T07:00:00.000Z
sensor.meross_temperature_soggiorno,30.208266351944445,2026-07-18T08:00:00.000Z
sensor.meross_temperature_soggiorno,30.36405525316667,2026-07-18T09:00:00.000Z
sensor.meross_temperature_soggiorno,30.3,2026-07-18T10:00:00.000Z
sensor.meross_temperature_soggiorno,30.405087084083334,2026-07-18T11:00:00.000Z
sensor.meross_temperature_soggiorno,30.823997487515154,2026-07-18T12:00:00.000Z
sensor.meross_temperature_soggiorno,31.142932161444445,2026-07-18T13:00:00.000Z
sensor.meross_temperature_soggiorno,31.62798537788889,2026-07-18T14:00:00.000Z
sensor.meross_temperature_soggiorno,31.93297176336111,2026-07-18T15:00:00.000Z
sensor.meross_temperature_soggiorno,32.036700226444445,2026-07-18T16:00:00.000Z
sensor.meross_temperature_soggiorno,31.897735035055558,2026-07-18T17:00:00.000Z
sensor.meross_temperature_soggiorno,31.8,2026-07-18T18:00:00.000Z
sensor.meross_temperature_soggiorno,31.650478937666666,2026-07-18T19:00:00.000Z
sensor.meross_temperature_soggiorno,31.478295095777778,2026-07-18T20:00:00.000Z
sensor.meross_temperature_soggiorno,31.364379048166665,2026-07-18T21:00:00.000Z
sensor.meross_temperature_soggiorno,31.281192560583335,2026-07-18T22:00:00.000Z
sensor.meross_temperature_soggiorno,31.156797713583334,2026-07-18T23:00:00.000Z
sensor.meross_temperature_soggiorno,30.995676526805553,2026-07-19T00:00:00.000Z
sensor.meross_temperature_soggiorno,30.84863168072222,2026-07-19T01:00:00.000Z
sensor.meross_temperature_soggiorno,30.8,2026-07-19T02:00:00.000Z
sensor.meross_temperature_soggiorno,30.664288734444444,2026-07-19T03:00:00.000Z
sensor.meross_temperature_soggiorno,30.564280961250002,2026-07-19T04:00:00.000Z
sensor.meross_temperature_soggiorno,30.48348328277778,2026-07-19T05:00:00.000Z
sensor.meross_temperature_soggiorno,30.41745995547222,2026-07-19T06:00:00.000Z
sensor.meross_temperature_soggiorno,30.56770662663889,2026-07-19T07:00:00.000Z
sensor.meross_temperature_soggiorno,30.205295377305557,2026-07-19T08:00:00.000Z
sensor.meross_temperature_soggiorno,30.351129800805555,2026-07-19T09:00:00.000Z
sensor.meross_temperature_soggiorno,30.44168130186111,2026-07-19T10:00:00.000Z
sensor.meross_temperature_soggiorno,30.50730834466667,2026-07-19T11:00:00.000Z
sensor.meross_temperature_soggiorno,30.64948853,2026-07-19T12:00:00.000Z
sensor.meross_temperature_soggiorno,30.61507944766667,2026-07-19T13:00:00.000Z
sensor.meross_temperature_soggiorno,30.797329051416668,2026-07-19T14:00:00.000Z
sensor.meross_temperature_soggiorno,30.973412300944446,2026-07-19T15:00:00.000Z
sensor.meross_temperature_soggiorno,31.25168189675,2026-07-19T16:00:00.000Z
sensor.meross_temperature_soggiorno,31.2,2026-07-19T17:00:00.000Z
sensor.meross_temperature_soggiorno,31.23425361841667,2026-07-19T18:00:00.000Z
sensor.meross_temperature_soggiorno,31.2,2026-07-19T19:00:00.000Z
sensor.meross_temperature_soggiorno,31.14144356916667,2026-07-19T20:00:00.000Z
sensor.meross_temperature_soggiorno,31.100000000000005,2026-07-19T21:00:00.000Z
sensor.meross_temperature_soggiorno,31.015855120944448,2026-07-19T22:00:00.000Z
sensor.meross_temperature_soggiorno,30.922441806833334,2026-07-19T23:00:00.000Z
sensor.meross_temperature_soggiorno,30.812023392444445,2026-07-20T00:00:00.000Z
sensor.meross_temperature_soggiorno,30.732419271888887,2026-07-20T01:00:00.000Z
sensor.meross_temperature_soggiorno,30.64998160638889,2026-07-20T02:00:00.000Z
sensor.meross_temperature_soggiorno,30.600000000000005,2026-07-20T03:00:00.000Z
sensor.meross_temperature_soggiorno,30.56429315038889,2026-07-20T04:00:00.000Z
sensor.meross_temperature_soggiorno,30.38561383158333,2026-07-20T05:00:00.000Z
sensor.meross_temperature_soggiorno,30.01970076261111,2026-07-20T06:00:00.000Z
sensor.meross_temperature_soggiorno,29.950572776555557,2026-07-20T07:00:00.000Z
sensor.meross_temperature_soggiorno,29.865356908861113,2026-07-20T08:00:00.000Z
sensor.meross_temperature_soggiorno,29.903511487611112,2026-07-20T09:00:00.000Z
sensor.meross_temperature_soggiorno,30,2026-07-20T10:00:00.000Z
sensor.meross_temperature_soggiorno,30.08206767305556,2026-07-20T11:00:00.000Z
sensor.meross_temperature_soggiorno,30.12249229061111,2026-07-20T12:00:00.000Z
sensor.meross_temperature_soggiorno,30.2,2026-07-20T13:00:00.000Z
sensor.meross_temperature_soggiorno,30.201316725027777,2026-07-20T14:00:00.000Z
sensor.meross_temperature_soggiorno,30.3,2026-07-20T15:00:00.000Z
sensor.meross_temperature_soggiorno,30.227526803222222,2026-07-20T16:00:00.000Z
sensor.meross_temperature_soggiorno,30.24649073025,2026-07-20T17:00:00.000Z
sensor.meross_temperature_soggiorno,30.35040423861111,2026-07-20T18:00:00.000Z
sensor.meross_temperature_soggiorno,30.328008511416666,2026-07-20T19:00:00.000Z
sensor.meross_temperature_soggiorno,30.3,2026-07-20T20:00:00.000Z
sensor.meross_temperature_soggiorno,30.3,2026-07-20T21:00:00.000Z
sensor.meross_temperature_soggiorno,30.23084269902778,2026-07-20T22:00:00.000Z
sensor.meross_temperature_soggiorno,30.2,2026-07-20T23:00:00.000Z
sensor.meross_temperature_soggiorno,30.112812141000003,2026-07-21T00:00:00.000Z
sensor.meross_temperature_soggiorno,30.100000000000005,2026-07-21T01:00:00.000Z
sensor.meross_temperature_soggiorno,30.019983549583333,2026-07-21T02:00:00.000Z
sensor.meross_temperature_soggiorno,30,2026-07-21T03:00:00.000Z
sensor.meross_temperature_soggiorno,30,2026-07-21T04:00:00.000Z
sensor.meross_temperature_soggiorno,29.939320021055554,2026-07-21T05:00:00.000Z
sensor.meross_temperature_soggiorno,29.896765857000002,2026-07-21T06:00:00.000Z
sensor.meross_temperature_soggiorno,29.96582605061111,2026-07-21T07:00:00.000Z
sensor.meross_temperature_soggiorno,30.044083234555558,2026-07-21T08:00:00.000Z
sensor.meross_temperature_soggiorno,30,2026-07-21T09:00:00.000Z
sensor.meross_temperature_soggiorno,30.096343035194447,2026-07-21T10:00:00.000Z
sensor.meross_temperature_soggiorno,30.13954646694444,2026-07-21T11:00:00.000Z
sensor.meross_temperature_soggiorno,30.2,2026-07-21T12:00:00.000Z
sensor.meross_temperature_soggiorno,30.2,2026-07-21T13:00:00.000Z
sensor.meross_temperature_soggiorno,30.28677550102778,2026-07-21T15:00:00.000Z
sensor.meross_temperature_soggiorno,30.225202173750002,2026-07-21T16:00:00.000Z
sensor.meross_temperature_soggiorno,30.3,2026-07-21T17:00:00.000Z
sensor.meross_temperature_soggiorno,30.27438702588889,2026-07-21T18:00:00.000Z
sensor.meross_temperature_soggiorno,30.17797399261111,2026-07-21T19:00:00.000Z
sensor.meross_temperature_soggiorno,30.008760158666664,2026-07-21T20:00:00.000Z
sensor.meross_temperature_soggiorno,30,2026-07-21T21:00:00.000Z
sensor.meross_temperature_soggiorno,30,2026-07-21T22:00:00.000Z
sensor.meross_temperature_soggiorno,29.93694267925,2026-07-22T00:00:00.000Z
sensor.meross_temperature_soggiorno,29.879768422777776,2026-07-22T01:00:00.000Z
sensor.meross_temperature_soggiorno,29.8,2026-07-22T02:00:00.000Z
sensor.meross_temperature_soggiorno,29.68461241736111,2026-07-22T03:00:00.000Z
sensor.meross_temperature_soggiorno,29.57367046091667,2026-07-22T04:00:00.000Z
sensor.meross_temperature_soggiorno,29.545370780499997,2026-07-22T05:00:00.000Z
sensor.meross_temperature_soggiorno,29.5,2026-07-22T06:00:00.000Z
sensor.meross_temperature_soggiorno,29.615669111111114,2026-07-22T07:00:00.000Z
sensor.meross_temperature_soggiorno,29.85612250222222,2026-07-22T08:00:00.000Z
sensor.meross_temperature_soggiorno,29.899999999999995,2026-07-22T09:00:00.000Z
sensor.meross_temperature_soggiorno,29.899999999999995,2026-07-22T10:00:00.000Z
sensor.meross_temperature_soggiorno,29.888802441194443,2026-07-22T14:00:00.000Z
sensor.meross_temperature_soggiorno,29.9,2026-07-22T15:00:00.000Z
sensor.meross_temperature_soggiorno,29.899999999999995,2026-07-22T16:00:00.000Z
sensor.meross_temperature_soggiorno,29.987092914194445,2026-07-22T17:00:00.000Z
sensor.meross_temperature_soggiorno,30,2026-07-22T18:00:00.000Z
sensor.meross_temperature_soggiorno,30,2026-07-22T19:00:00.000Z
sensor.meross_temperature_soggiorno,29.991380246583333,2026-07-22T20:00:00.000Z
sensor.meross_temperature_soggiorno,29.899999999999995,2026-07-22T21:00:00.000Z
sensor.meross_temperature_soggiorno,29.828782476055554,2026-07-22T22:00:00.000Z
sensor.meross_temperature_soggiorno,29.740815597527774,2026-07-22T23:00:00.000Z
sensor.meross_temperature_soggiorno,29.666714813527776,2026-07-23T00:00:00.000Z
sensor.meross_temperature_soggiorno,29.600000000000005,2026-07-23T01:00:00.000Z
sensor.meross_temperature_soggiorno,29.539794282111114,2026-07-23T02:00:00.000Z
sensor.meross_temperature_soggiorno,29.5,2026-07-23T03:00:00.000Z
sensor.meross_temperature_soggiorno,29.41581941438889,2026-07-23T04:00:00.000Z
sensor.meross_temperature_soggiorno,29.348469763055558,2026-07-23T05:00:00.000Z
sensor.meross_temperature_soggiorno,28.817433987361113,2026-07-23T06:00:00.000Z
sensor.meross_temperature_soggiorno,28.870842441611114,2026-07-23T07:00:00.000Z
sensor.meross_temperature_soggiorno,29.091757651444443,2026-07-23T08:00:00.000Z
sensor.meross_temperature_soggiorno,29.069180958722225,2026-07-23T09:00:00.000Z
sensor.meross_temperature_soggiorno,29.100000000000005,2026-07-23T10:00:00.000Z
sensor.meross_temperature_soggiorno,29.169747615555554,2026-07-23T11:00:00.000Z
sensor.meross_temperature_soggiorno,29.285750736444445,2026-07-23T12:00:00.000Z
sensor.meross_temperature_soggiorno,29.3877508745,2026-07-23T13:00:00.000Z
sensor.meross_temperature_soggiorno,29.48191429597222,2026-07-23T14:00:00.000Z
sensor.meross_temperature_soggiorno,29.536878772277777,2026-07-23T15:00:00.000Z
sensor.meross_temperature_soggiorno,29.600000000000005,2026-07-23T16:00:00.000Z
sensor.meross_temperature_soggiorno,29.681049873277775,2026-07-23T17:00:00.000Z
sensor.meross_temperature_soggiorno,29.539831425722223,2026-07-23T18:00:00.000Z
sensor.meross_temperature_soggiorno,29.7,2026-07-23T19:00:00.000Z
sensor.meross_temperature_soggiorno,29.548005819,2026-07-23T20:00:00.000Z
sensor.meross_temperature_soggiorno,29.34716149086111,2026-07-23T21:00:00.000Z
sensor.meross_temperature_soggiorno,29.374427592305555,2026-07-23T22:00:00.000Z
sensor.meross_temperature_soggiorno,29.365561982083335,2026-07-23T23:00:00.000Z
sensor.meross_temperature_soggiorno,29.27197880644444,2026-07-24T00:00:00.000Z
sensor.meross_temperature_soggiorno,29.186763760138888,2026-07-24T01:00:00.000Z
sensor.meross_temperature_soggiorno,29.100000000000005,2026-07-24T02:00:00.000Z
sensor.meross_temperature_soggiorno,29.014579109805556,2026-07-24T03:00:00.000Z
sensor.meross_temperature_soggiorno,29,2026-07-24T04:00:00.000Z
sensor.meross_temperature_soggiorno,28.947285997527775,2026-07-24T05:00:00.000Z
sensor.meross_temperature_soggiorno,28.612715557138888,2026-07-24T06:00:00.000Z
sensor.meross_temperature_soggiorno,28.600000000000005,2026-07-24T07:00:00.000Z
sensor.meross_temperature_soggiorno,28.640536462194447,2026-07-24T08:00:00.000Z
sensor.meross_temperature_soggiorno,28.855846522666667,2026-07-24T09:00:00.000Z
sensor.meross_temperature_soggiorno,28.899999999999995,2026-07-24T10:00:00.000Z
sensor.meross_temperature_soggiorno,28.997660629611108,2026-07-24T11:00:00.000Z
sensor.meross_temperature_soggiorno,29.02127520197222,2026-07-24T12:00:00.000Z
sensor.meross_temperature_soggiorno,29.120465748138887,2026-07-24T13:00:00.000Z
sensor.meross_temperature_soggiorno,29.2,2026-07-24T14:00:00.000Z
sensor.meross_temperature_soggiorno,29.28609461852778,2026-07-24T15:00:00.000Z
sensor.meross_temperature_soggiorno,29.3,2026-07-24T16:00:00.000Z
sensor.meross_temperature_soggiorno,29.3,2026-07-24T17:00:00.000Z
sensor.meross_temperature_soggiorno,29.389311676444446,2026-07-24T18:00:00.000Z
sensor.meross_temperature_soggiorno,29.317108254638892,2026-07-24T19:00:00.000Z
sensor.meross_temperature_soggiorno,29.231892368666667,2026-07-24T20:00:00.000Z
sensor.meross_temperature_soggiorno,29.145950166166667,2026-07-24T21:00:00.000Z
sensor.meross_temperature_soggiorno,29,2026-07-24T22:00:00.000Z
sensor.meross_temperature_soggiorno,29,2026-07-24T23:00:00.000Z
sensor.meross_temperature_soggiorno,28.998795025694445,2026-07-25T01:00:00.000Z
sensor.meross_temperature_soggiorno,28.899999999999995,2026-07-25T02:00:00.000Z
sensor.meross_temperature_soggiorno,28.83319502425,2026-07-25T03:00:00.000Z
sensor.meross_temperature_soggiorno,28.8,2026-07-25T04:00:00.000Z
sensor.meross_temperature_soggiorno,28.427161948333335,2026-07-25T05:00:00.000Z
sensor.meross_temperature_soggiorno,28.00477857427778,2026-07-25T06:00:00.000Z
sensor.meross_temperature_soggiorno,28.148934262305556,2026-07-25T07:00:00.000Z
sensor.meross_temperature_soggiorno,28.31863005511111,2026-07-25T08:00:00.000Z
sensor.meross_temperature_soggiorno,28.399999999999995,2026-07-25T09:00:00.000Z
sensor.meross_temperature_soggiorno,28.45762737413889,2026-07-25T10:00:00.000Z
sensor.meross_temperature_soggiorno,28.713389669833333,2026-07-25T11:00:00.000Z
sensor.meross_temperature_soggiorno,28.857210311333333,2026-07-25T12:00:00.000Z
sensor.meross_temperature_soggiorno,29.046396756888893,2026-07-25T13:00:00.000Z
sensor.meross_temperature_soggiorno,29.180463493083334,2026-07-25T14:00:00.000Z
sensor.meross_temperature_soggiorno,29.29004846113889,2026-07-25T15:00:00.000Z
sensor.meross_temperature_soggiorno,29.3,2026-07-25T16:00:00.000Z
sensor.meross_temperature_soggiorno,29.377368100194445,2026-07-25T17:00:00.000Z
sensor.meross_temperature_soggiorno,29.429460263638887,2026-07-25T18:00:00.000Z
sensor.meross_temperature_soggiorno,29.399999999999995,2026-07-25T19:00:00.000Z
sensor.meross_temperature_soggiorno,29.34227224863889,2026-07-25T20:00:00.000Z
sensor.meross_temperature_soggiorno,29.273476369805554,2026-07-25T21:00:00.000Z
sensor.meross_temperature_soggiorno,29.11268216325,2026-07-25T22:00:00.000Z
sensor.meross_temperature_soggiorno,29.063865351333334,2026-07-25T23:00:00.000Z
sensor.meross_temperature_soggiorno,29,2026-07-26T00:00:00.000Z
sensor.meross_temperature_soggiorno,29,2026-07-26T01:00:00.000Z
sensor.meross_temperature_soggiorno,28.920439007138885,2026-07-26T02:00:00.000Z
sensor.meross_temperature_soggiorno,28.891238705638887,2026-07-26T03:00:00.000Z
sensor.meross_temperature_soggiorno,28.8,2026-07-26T04:00:00.000Z
sensor.meross_temperature_soggiorno,28.8,2026-07-26T05:00:00.000Z
sensor.meross_temperature_soggiorno,28.7508186445,2026-07-26T07:00:00.000Z
sensor.meross_temperature_soggiorno,28.88302701936111,2026-07-26T08:00:00.000Z
sensor.meross_temperature_soggiorno,28.912033558916665,2026-07-26T09:00:00.000Z
sensor.meross_temperature_soggiorno,29.00575258425,2026-07-26T10:00:00.000Z
sensor.meross_temperature_soggiorno,29.163740494527776,2026-07-26T11:00:00.000Z
sensor.meross_temperature_soggiorno,29.349124799194442,2026-07-26T12:00:00.000Z
sensor.meross_temperature_soggiorno,29.43923142066667,2026-07-26T13:00:00.000Z
sensor.meross_temperature_soggiorno,29.35021458466667,2026-07-26T14:00:00.000Z
sensor.meross_temperature_soggiorno,29.39058134894444,2026-07-26T15:00:00.000Z
sensor.meross_temperature_soggiorno,29.366980161972222,2026-07-26T16:00:00.000Z
sensor.meross_temperature_soggiorno,29.59691050444445,2026-07-26T17:00:00.000Z
sensor.meross_temperature_soggiorno,29.600000000000005,2026-07-26T18:00:00.000Z
sensor.meross_temperature_soggiorno,29.600000000000005,2026-07-26T19:00:00.000Z
sensor.meross_temperature_soggiorno,29.4774894,2026-07-26T20:00:00.000Z
sensor.meross_temperature_soggiorno,29.33207506538889,2026-07-26T21:00:00.000Z
sensor.meross_temperature_soggiorno,29.3,2026-07-26T22:00:00.000Z
sensor.meross_temperature_soggiorno,29.247665468805554,2026-07-26T23:00:00.000Z
sensor.meross_temperature_soggiorno,29.126049097944446,2026-07-27T00:00:00.000Z
sensor.meross_temperature_soggiorno,29.026855774416664,2026-07-27T01:00:00.000Z
sensor.meross_temperature_soggiorno,29,2026-07-27T02:00:00.000Z
sensor.meross_temperature_soggiorno,29,2026-07-27T03:00:00.000Z
sensor.meross_temperature_soggiorno,28.911271438138886,2026-07-27T04:00:00.000Z
sensor.meross_temperature_soggiorno,28.653540745111112,2026-07-27T05:00:00.000Z
sensor.meross_temperature_soggiorno,28.02098252577778,2026-07-27T06:00:00.000Z
sensor.meross_temperature_soggiorno,28.31610324372222,2026-07-27T07:00:00.000Z
sensor.meross_temperature_soggiorno,28.54876942377778,2026-07-27T08:00:00.000Z
sensor.meross_temperature_soggiorno,28.77608294525,2026-07-27T09:00:00.000Z
sensor.meross_temperature_soggiorno,28.899999999999995,2026-07-27T10:00:00.000Z
sensor.meross_temperature_soggiorno,28.986163726,2026-07-27T11:00:00.000Z
sensor.meross_temperature_soggiorno,29.047263264555557,2026-07-27T12:00:00.000Z
sensor.meross_temperature_soggiorno,29.149235073,2026-07-27T13:00:00.000Z
sensor.meross_temperature_soggiorno,29.26523869513889,2026-07-27T14:00:00.000Z
sensor.meross_temperature_soggiorno,29.3,2026-07-27T15:00:00.000Z
sensor.meross_temperature_soggiorno,29.136351273000002,2026-07-27T16:00:00.000Z
sensor.meross_temperature_soggiorno,29.100000000000005,2026-07-27T17:00:00.000Z
sensor.meross_temperature_soggiorno,29.184434550694444,2026-07-27T18:00:00.000Z
sensor.meross_temperature_soggiorno,29.334058234972222,2026-07-27T19:00:00.000Z
sensor.meross_temperature_soggiorno,29.3,2026-07-27T20:00:00.000Z
sensor.meross_temperature_soggiorno,29.453838410194447,2026-07-27T21:00:00.000Z
sensor.meross_temperature_soggiorno,29.399999999999995,2026-07-27T22:00:00.000Z
sensor.meross_temperature_soggiorno,29.321073173833337,2026-07-27T23:00:00.000Z
sensor.meross_temperature_soggiorno,29.3,2026-07-28T00:00:00.000Z
sensor.meross_temperature_soggiorno,29.21985285225,2026-07-28T01:00:00.000Z
sensor.meross_temperature_soggiorno,29.162648052805554,2026-07-28T02:00:00.000Z
sensor.meross_temperature_soggiorno,29.100000000000005,2026-07-28T03:00:00.000Z
sensor.meross_temperature_soggiorno,29.053227911277776,2026-07-28T04:00:00.000Z
sensor.meross_temperature_soggiorno,29,2026-07-28T05:00:00.000Z
sensor.meross_temperature_soggiorno,29,2026-07-28T06:00:00.000Z
sensor.meross_temperature_soggiorno,29.073170895833332,2026-07-28T07:00:00.000Z
sensor.meross_temperature_soggiorno,29.237202147694443,2026-07-28T08:00:00.000Z
sensor.meross_temperature_soggiorno,29.358797868527777,2026-07-28T09:00:00.000Z
sensor.meross_temperature_soggiorno,29.50742395641667,2026-07-28T10:00:00.000Z
sensor.meross_temperature_soggiorno,29.7,2026-07-28T11:00:00.000Z
sensor.meross_temperature_soggiorno,29.809526484666666,2026-07-28T12:00:00.000Z
sensor.meross_temperature_soggiorno,29.899999999999995,2026-07-28T13:00:00.000Z
sensor.meross_temperature_soggiorno,29.91047262144444,2026-07-28T14:00:00.000Z
sensor.meross_temperature_soggiorno,30.095221424972223,2026-07-28T15:00:00.000Z
sensor.meross_temperature_soggiorno,30,2026-07-28T16:00:00.000Z
sensor.meross_temperature_soggiorno,30,2026-07-28T17:00:00.000Z
sensor.meross_temperature_soggiorno,29.96786082025,2026-07-28T19:00:00.000Z
sensor.meross_temperature_soggiorno,29.899999999999995,2026-07-28T20:00:00.000Z
sensor.meross_temperature_soggiorno,29.899999999999995,2026-07-28T21:00:00.000Z
sensor.meross_temperature_soggiorno,29.86122596722222,2026-07-28T23:00:00.000Z
sensor.meross_temperature_soggiorno,29.8,2026-07-29T00:00:00.000Z
sensor.meross_temperature_soggiorno,29.726410831527776,2026-07-29T01:00:00.000Z
sensor.meross_temperature_soggiorno,29.672008916833335,2026-07-29T02:00:00.000Z
sensor.meross_temperature_soggiorno,29.600000000000005,2026-07-29T03:00:00.000Z
sensor.meross_temperature_soggiorno,29.584041938083335,2026-07-29T04:00:00.000Z
sensor.meross_temperature_soggiorno,29.474290309666667,2026-07-29T05:00:00.000Z
sensor.meross_temperature_soggiorno,29.349895504916663,2026-07-29T06:00:00.000Z
sensor.meross_temperature_soggiorno,29.409404310722223,2026-07-29T07:00:00.000Z
sensor.meross_temperature_soggiorno,29.604981115333334,2026-07-29T08:00:00.000Z
sensor.meross_temperature_soggiorno,29.74748922541667,2026-07-29T09:00:00.000Z
sensor.meross_temperature_soggiorno,29.891500383805553,2026-07-29T10:00:00.000Z
sensor.meross_temperature_soggiorno,29.963852890527775,2026-07-29T11:00:00.000Z
sensor.meross_temperature_soggiorno,30.084135631138892,2026-07-29T12:00:00.000Z
sensor.meross_temperature_soggiorno,30.242650267694444,2026-07-29T13:00:00.000Z
sensor.meross_temperature_soggiorno,30.449396199749998,2026-07-29T14:00:00.000Z
sensor.meross_temperature_soggiorno,30.621397860722222,2026-07-29T15:00:00.000Z
sensor.meross_temperature_soggiorno,30.518583909750003,2026-07-29T16:00:00.000Z
sensor.meross_temperature_soggiorno,30.600000000000005,2026-07-29T17:00:00.000Z
sensor.meross_temperature_soggiorno,30.667176876722223,2026-07-29T18:00:00.000Z
sensor.meross_temperature_soggiorno,30.63147282525,2026-07-29T19:00:00.000Z
sensor.meross_temperature_soggiorno,30.605373739416667,2026-07-29T20:00:00.000Z
sensor.meross_temperature_soggiorno,30.28521707111111,2026-07-29T21:00:00.000Z
sensor.meross_temperature_soggiorno,30.399999999999995,2026-07-29T22:00:00.000Z
sensor.meross_temperature_soggiorno,30.382785141138886,2026-07-29T23:00:00.000Z
sensor.meross_temperature_soggiorno,30.3,2026-07-30T00:00:00.000Z
sensor.meross_temperature_soggiorno,30.3,2026-07-30T01:00:00.000Z
sensor.meross_temperature_soggiorno,30.19469671363889,2026-07-30T02:00:00.000Z
sensor.meross_temperature_soggiorno,30.100000000000005,2026-07-30T03:00:00.000Z
sensor.meross_temperature_soggiorno,30.01393758977778,2026-07-30T04:00:00.000Z
sensor.meross_temperature_soggiorno,30,2026-07-30T05:00:00.000Z
sensor.meross_temperature_soggiorno,29.904992831027773,2026-07-30T06:00:00.000Z
sensor.meross_temperature_soggiorno,30.04233707152778,2026-07-30T07:00:00.000Z
sensor.meross_temperature_soggiorno,30.28214007775,2026-07-30T08:00:00.000Z
sensor.meross_temperature_soggiorno,30.360464914361113,2026-07-30T09:00:00.000Z
sensor.meross_temperature_soggiorno,30.399999999999995,2026-07-30T10:00:00.000Z
sensor.meross_temperature_soggiorno,30.44370608161111,2026-07-30T11:00:00.000Z
sensor.meross_temperature_soggiorno,30.5,2026-07-30T12:00:00.000Z
sensor.meross_temperature_soggiorno,30.536561831083333,2026-07-30T13:00:00.000Z
sensor.meross_temperature_soggiorno,30.691123858972222,2026-07-30T14:00:00.000Z
sensor.meross_temperature_soggiorno,30.943561679138885,2026-07-30T15:00:00.000Z
sensor.meross_temperature_soggiorno,30.863949260138885,2026-07-30T16:00:00.000Z
sensor.meross_temperature_soggiorno,30.318068808611113,2026-07-30T17:00:00.000Z
sensor.meross_temperature_soggiorno,30.12988190038889,2026-07-30T18:00:00.000Z
sensor.meross_temperature_soggiorno,30.002653317,2026-07-30T19:00:00.000Z
sensor.meross_temperature_soggiorno,29.987708837472223,2026-07-30T20:00:00.000Z
sensor.meross_temperature_soggiorno,29.8744834745,2026-07-30T21:00:00.000Z
sensor.meross_temperature_soggiorno,29.672663783805557,2026-07-30T22:00:00.000Z
sensor.meross_temperature_soggiorno,29.425417121277775,2026-07-30T23:00:00.000Z
sensor.meross_temperature_soggiorno,29.376601408333332,2026-07-31T00:00:00.000Z
sensor.meross_temperature_soggiorno,29.3,2026-07-31T01:00:00.000Z
sensor.meross_temperature_soggiorno,29.207944988555553,2026-07-31T02:00:00.000Z
sensor.meross_temperature_soggiorno,29.131148290583337,2026-07-31T03:00:00.000Z
sensor.meross_temperature_soggiorno,29.015144811138892,2026-07-31T04:00:00.000Z
sensor.meross_temperature_soggiorno,29,2026-07-31T05:00:00.000Z
sensor.meross_temperature_soggiorno,28.93070895597222,2026-07-31T06:00:00.000Z
sensor.meross_temperature_soggiorno,29.32449766136111,2026-07-31T07:00:00.000Z
sensor.meross_temperature_soggiorno,29.840381310527775,2026-07-31T08:00:00.000Z
sensor.meross_temperature_soggiorno,30.00158886722222,2026-07-31T09:00:00.000Z
sensor.meross_temperature_soggiorno,30.211226888916666,2026-07-31T10:00:00.000Z
sensor.meross_temperature_soggiorno,30.361807929027776,2026-07-31T11:00:00.000Z
sensor.meross_temperature_soggiorno,30.498122350444444,2026-07-31T12:00:00.000Z
sensor.meross_temperature_soggiorno,30.582123812194443,2026-07-31T13:00:00.000Z
sensor.meross_temperature_soggiorno,30.752883444666665,2026-07-31T14:00:00.000Z
sensor.meross_temperature_soggiorno,30.90931909658333,2026-07-31T15:00:00.000Z
sensor.meross_temperature_soggiorno,31.044790831444445,2026-07-31T16:00:00.000Z
sensor.meross_temperature_soggiorno,31.07249444113889,2026-07-31T17:00:00.000Z
sensor.meross_temperature_soggiorno,31.09141889375,2026-07-31T18:00:00.000Z
sensor.meross_temperature_soggiorno,31.03078692063889,2026-07-31T19:00:00.000Z
sensor.meross_temperature_soggiorno,31.03923983866667,2026-07-31T20:00:00.000Z
sensor.meross_temperature_soggiorno,30.973831639222222,2026-07-31T21:00:00.000Z
sensor.meross_temperature_soggiorno,30.89420112883333,2026-07-31T22:00:00.000Z
sensor.meross_temperature_soggiorno,30.922322422944443,2026-07-31T23:00:00.000Z
sensor.meross_temperature_soggiorno,30.941244403166664,2026-08-01T00:00:00.000Z
sensor.meross_temperature_soggiorno,30.895206939444446,2026-08-01T01:00:00.000Z
sensor.meross_temperature_soggiorno,30.8,2026-08-01T02:00:00.000Z
sensor.meross_temperature_soggiorno,30.721216514416668,2026-08-01T03:00:00.000Z
sensor.meross_temperature_soggiorno,30.635945205888888,2026-08-01T04:00:00.000Z
sensor.meross_temperature_soggiorno,30.587205725111115,2026-08-01T05:00:00.000Z
sensor.meross_temperature_soggiorno,30.33019691638889,2026-08-01T06:00:00.000Z
sensor.meross_temperature_soggiorno,30.345044597916665,2026-08-01T07:00:00.000Z
sensor.meross_temperature_soggiorno,30.480636855472223,2026-08-01T08:00:00.000Z
sensor.meross_temperature_soggiorno,30.70420872838889,2026-08-01T09:00:00.000Z
sensor.meross_temperature_soggiorno,30.779888192194445,2026-08-01T10:00:00.000Z
sensor.meross_temperature_soggiorno,30.755466866194443,2026-08-01T11:00:00.000Z
sensor.meross_temperature_soggiorno,30.148520494222222,2026-08-01T12:00:00.000Z
sensor.meross_temperature_soggiorno,30.604074477388888,2026-08-01T13:00:00.000Z
sensor.meross_temperature_soggiorno,30.7,2026-08-01T14:00:00.000Z
sensor.meross_temperature_soggiorno,30.776323601055555,2026-08-01T15:00:00.000Z
sensor.meross_temperature_soggiorno,30.8,2026-08-01T16:00:00.000Z
sensor.meross_temperature_soggiorno,30.8,2026-08-01T17:00:00.000Z
sensor.meross_temperature_soggiorno,30.764892738916668,2026-08-02T00:00:00.000Z
sensor.meross_temperature_soggiorno,30.7,2026-08-02T01:00:00.000Z
sensor.meross_temperature_soggiorno,30.7,2026-08-02T02:00:00.000Z
sensor.meross_temperature_soggiorno,30.634556733444445,2026-08-02T05:00:00.000Z
sensor.meross_temperature_soggiorno,30.600000000000005,2026-08-02T06:00:00.000Z
sensor.meross_temperature_soggiorno,30.600000000000005,2026-08-02T07:00:00.000Z
sensor.meross_temperature_soggiorno,30.55812364963889,2026-08-02T09:00:00.000Z
sensor.meross_temperature_soggiorno,30.5,2026-08-02T10:00:00.000Z
sensor.meross_temperature_soggiorno,30.5,2026-08-02T11:00:00.000Z
sensor.meross_temperature_soggiorno,30.56796060411111,2026-08-02T15:00:00.000Z
sensor.meross_temperature_soggiorno,30.600000000000005,2026-08-02T16:00:00.000Z
sensor.meross_temperature_soggiorno,30.600000000000005,2026-08-02T17:00:00.000Z
sensor.meross_temperature_soggiorno,30.513297204805554,2026-08-03T02:00:00.000Z
sensor.meross_temperature_soggiorno,30.5,2026-08-03T03:00:00.000Z
sensor.meross_temperature_soggiorno,30.5,2026-08-03T04:00:00.000Z
sensor.meross_temperature_soggiorno,30.400604209333334,2026-08-03T06:00:00.000Z
sensor.meross_temperature_soggiorno,30.399999999999995,2026-08-03T07:00:00.000Z
sensor.meross_temperature_soggiorno,30.399999999999995,2026-08-03T08:00:00.000Z
sensor.meross_temperature_soggiorno,30.49391943927778,2026-08-03T09:00:00.000Z
sensor.meross_temperature_soggiorno,30.506308685611113,2026-08-03T10:00:00.000Z
sensor.meross_temperature_soggiorno,30.600000000000005,2026-08-03T11:00:00.000Z
sensor.meross_temperature_soggiorno,30.61597639616667,2026-08-03T12:00:00.000Z
sensor.meross_temperature_soggiorno,30.7,2026-08-03T13:00:00.000Z
sensor.meross_temperature_soggiorno,30.7,2026-08-03T14:00:00.000Z
sensor.meross_temperature_soggiorno,30.78079715452778,2026-08-03T15:00:00.000Z
sensor.meross_temperature_soggiorno,30.8,2026-08-03T16:00:00.000Z
sensor.meross_temperature_soggiorno,30.8,2026-08-03T17:00:00.000Z
sensor.meross_temperature_soggiorno,30.8785938825,2026-08-03T22:00:00.000Z
sensor.meross_temperature_soggiorno,30.830604405777777,2026-08-03T23:00:00.000Z
sensor.meross_temperature_soggiorno,30.8,2026-08-04T00:00:00.000Z
sensor.meross_temperature_soggiorno,30.8,2026-08-04T01:00:00.000Z
sensor.meross_temperature_soggiorno,30.769341192777777,2026-08-04T02:00:00.000Z
sensor.meross_temperature_soggiorno,30.7,2026-08-04T03:00:00.000Z
sensor.meross_temperature_soggiorno,30.7,2026-08-04T04:00:00.000Z
sensor.meross_temperature_soggiorno,30.615830654194443,2026-08-04T06:00:00.000Z
sensor.meross_temperature_soggiorno,30.600000000000005,2026-08-04T07:00:00.000Z
sensor.meross_temperature_soggiorno,30.614563719111114,2026-08-04T08:00:00.000Z
sensor.meross_temperature_soggiorno,30.6636283035,2026-08-04T09:00:00.000Z
sensor.meross_temperature_soggiorno,30.7,2026-08-04T10:00:00.000Z
sensor.meross_temperature_soggiorno,30.73740084483333,2026-08-04T11:00:00.000Z
sensor.meross_temperature_soggiorno,30.8,2026-08-04T12:00:00.000Z
sensor.meross_temperature_soggiorno,30.87782682958333,2026-08-04T13:00:00.000Z
sensor.meross_temperature_soggiorno,30.899999999999995,2026-08-04T14:00:00.000Z
sensor.meross_temperature_soggiorno,30.899999999999995,2026-08-04T15:00:00.000Z
sensor.meross_temperature_soggiorno,30.971264048444443,2026-08-04T17:00:00.000Z
sensor.meross_temperature_soggiorno,31,2026-08-04T18:00:00.000Z
sensor.meross_temperature_soggiorno,31,2026-08-04T19:00:00.000Z
sensor.meross_temperature_soggiorno,30.992457795222222,2026-08-05T01:00:00.000Z
sensor.meross_temperature_soggiorno,30.899999999999995,2026-08-05T02:00:00.000Z
sensor.meross_temperature_soggiorno,30.899999999999995,2026-08-05T03:00:00.000Z
sensor.meross_temperature_soggiorno,30.895880129305553,2026-08-05T05:00:00.000Z
sensor.meross_temperature_soggiorno,30.8,2026-08-05T06:00:00.000Z
sensor.meross_temperature_soggiorno,30.8,2026-08-05T07:00:00.000Z
sensor.meross_temperature_soggiorno,30.856153189249998,2026-08-05T09:00:00.000Z
sensor.meross_temperature_soggiorno,30.899999999999995,2026-08-05T10:00:00.000Z
sensor.meross_temperature_soggiorno,30.899999999999995,2026-08-05T11:00:00.000Z
sensor.meross_temperature_soggiorno,30.955043193861112,2026-08-05T12:00:00.000Z
sensor.meross_temperature_soggiorno,31,2026-08-05T13:00:00.000Z
sensor.meross_temperature_soggiorno,31.032562347805555,2026-08-05T14:00:00.000Z
sensor.meross_temperature_soggiorno,31.100000000000005,2026-08-05T15:00:00.000Z
sensor.meross_temperature_soggiorno,31.17020920111111,2026-08-05T16:00:00.000Z
sensor.meross_temperature_soggiorno,31.2,2026-08-05T17:00:00.000Z
sensor.meross_temperature_soggiorno,31.2,2026-08-05T18:00:00.000Z
sensor.meross_temperature_soggiorno,31.182924178833332,2026-08-05T22:00:00.000Z
sensor.meross_temperature_soggiorno,31.100000000000005,2026-08-05T23:00:00.000Z
sensor.meross_temperature_soggiorno,31.100000000000005,2026-08-06T00:00:00.000Z
sensor.meross_temperature_soggiorno,31.07442801911111,2026-08-06T04:00:00.000Z
sensor.meross_temperature_soggiorno,31,2026-08-06T05:00:00.000Z
sensor.meross_temperature_soggiorno,31,2026-08-06T06:00:00.000Z
sensor.meross_temperature_soggiorno,30.953177863805553,2026-08-06T07:00:00.000Z
sensor.meross_temperature_soggiorno,30.899999999999995,2026-08-06T08:00:00.000Z
sensor.meross_temperature_soggiorno,30.899999999999995,2026-08-06T09:00:00.000Z
sensor.meross_temperature_soggiorno,30.95565661675,2026-08-06T10:00:00.000Z
sensor.meross_temperature_soggiorno,31,2026-08-06T11:00:00.000Z
sensor.meross_temperature_soggiorno,31.096833131194444,2026-08-06T12:00:00.000Z
sensor.meross_temperature_soggiorno,31.100000000000005,2026-08-06T13:00:00.000Z
sensor.meross_temperature_soggiorno,31.18516082358333,2026-08-06T14:00:00.000Z
sensor.meross_temperature_soggiorno,31.2,2026-08-06T15:00:00.000Z
sensor.meross_temperature_soggiorno,31.24723098125,2026-08-06T16:00:00.000Z
sensor.meross_temperature_soggiorno,31.3,2026-08-06T17:00:00.000Z
sensor.meross_temperature_soggiorno,31.34847868088889,2026-08-06T18:00:00.000Z
sensor.meross_temperature_soggiorno,31.399999999999995,2026-08-06T19:00:00.000Z
sensor.meross_temperature_soggiorno,31.399999999999995,2026-08-06T20:00:00.000Z
sensor.meross_temperature_soggiorno,31.351166947166664,2026-08-06T21:00:00.000Z
sensor.meross_temperature_soggiorno,31.3,2026-08-06T22:00:00.000Z
sensor.meross_temperature_soggiorno,31.3,2026-08-06T23:00:00.000Z
sensor.meross_temperature_soggiorno,31.225024328055554,2026-08-07T03:00:00.000Z
sensor.meross_temperature_soggiorno,31.2,2026-08-07T04:00:00.000Z
sensor.meross_temperature_soggiorno,31.2,2026-08-07T05:00:00.000Z
sensor.meross_temperature_soggiorno,31.274104695555554,2026-08-07T11:00:00.000Z
sensor.meross_temperature_soggiorno,31.3,2026-08-07T12:00:00.000Z
sensor.meross_temperature_soggiorno,31.3,2026-08-07T13:00:00.000Z
sensor.meross_temperature_soggiorno,31.335368073277778,2026-08-07T14:00:00.000Z
sensor.meross_temperature_soggiorno,31.399999999999995,2026-08-07T15:00:00.000Z
sensor.meross_temperature_soggiorno,31.399999999999995,2026-08-07T16:00:00.000Z
sensor.meross_temperature_soggiorno,31.32118521525,2026-08-07T22:00:00.000Z
sensor.meross_temperature_soggiorno,31.3,2026-08-07T23:00:00.000Z
sensor.meross_temperature_soggiorno,31.3,2026-08-08T00:00:00.000Z
sensor.meross_temperature_soggiorno,31.292239573361112,2026-08-08T03:00:00.000Z
sensor.meross_temperature_soggiorno,31.2,2026-08-08T04:00:00.000Z
sensor.meross_temperature_soggiorno,31.2,2026-08-08T05:00:00.000Z
sensor.meross_temperature_soggiorno,31.170460721694443,2026-08-08T07:00:00.000Z
sensor.meross_temperature_soggiorno,31.100000000000005,2026-08-08T08:00:00.000Z
sensor.meross_temperature_soggiorno,31.100000000000005,2026-08-08T09:00:00.000Z
sensor.meross_temperature_soggiorno,31.132814086583334,2026-08-08T10:00:00.000Z
sensor.meross_temperature_soggiorno,31.2,2026-08-08T11:00:00.000Z
sensor.meross_temperature_soggiorno,31.2536513705,2026-08-08T12:00:00.000Z
sensor.meross_temperature_soggiorno,31.3,2026-08-08T13:00:00.000Z
sensor.meross_temperature_soggiorno,31.3,2026-08-08T14:00:00.000Z
sensor.meross_temperature_soggiorno,31.376515977833332,2026-08-08T15:00:00.000Z
sensor.meross_temperature_soggiorno,31.399999999999995,2026-08-08T16:00:00.000Z
sensor.meross_temperature_soggiorno,31.399999999999995,2026-08-08T17:00:00.000Z
sensor.meross_temperature_soggiorno,31.3103539305,2026-08-09T02:00:00.000Z
sensor.meross_temperature_soggiorno,31.3,2026-08-09T03:00:00.000Z
sensor.meross_temperature_soggiorno,31.3,2026-08-09T04:00:00.000Z
sensor.meross_temperature_soggiorno,31.206466725527775,2026-08-09T05:00:00.000Z
sensor.meross_temperature_soggiorno,31.2,2026-08-09T06:00:00.000Z
sensor.meross_temperature_soggiorno,31.2,2026-08-09T07:00:00.000Z
sensor.meross_temperature_soggiorno,31.206806982555552,2026-08-09T11:00:00.000Z
sensor.meross_temperature_soggiorno,31.3,2026-08-09T12:00:00.000Z
sensor.meross_temperature_soggiorno,31.3,2026-08-09T13:00:00.000Z
sensor.meross_temperature_soggiorno,31.371654320694443,2026-08-09T14:00:00.000Z
sensor.meross_temperature_soggiorno,31.399999999999995,2026-08-09T15:00:00.000Z
sensor.meross_temperature_soggiorno,31.456537458638888,2026-08-09T16:00:00.000Z
sensor.meross_temperature_soggiorno,31.5,2026-08-09T17:00:00.000Z
sensor.meross_temperature_soggiorno,31.5,2026-08-09T18:00:00.000Z
sensor.meross_temperature_soggiorno,31.400876476888886,2026-08-10T00:00:00.000Z
sensor.meross_temperature_soggiorno,31.399999999999995,2026-08-10T01:00:00.000Z
sensor.meross_temperature_soggiorno,31.399999999999995,2026-08-10T02:00:00.000Z
sensor.meross_temperature_soggiorno,31.359176586944443,2026-08-10T03:00:00.000Z
sensor.meross_temperature_soggiorno,31.3,2026-08-10T04:00:00.000Z
sensor.meross_temperature_soggiorno,31.23455884038889,2026-08-10T05:00:00.000Z
sensor.meross_temperature_soggiorno,31.2,2026-08-10T06:00:00.000Z
sensor.meross_temperature_soggiorno,31.2,2026-08-10T07:00:00.000Z
sensor.meross_temperature_soggiorno,31.21030872011111,2026-08-10T10:00:00.000Z
sensor.meross_temperature_soggiorno,31.3,2026-08-10T11:00:00.000Z
sensor.meross_temperature_soggiorno,31.3,2026-08-10T12:00:00.000Z
sensor.meross_temperature_soggiorno,31.386382920138885,2026-08-10T13:00:00.000Z
sensor.meross_temperature_soggiorno,31.399999999999995,2026-08-10T14:00:00.000Z
sensor.meross_temperature_soggiorno,31.399999999999995,2026-08-10T15:00:00.000Z
sensor.meross_temperature_soggiorno,31.496882456833333,2026-08-10T16:00:00.000Z
sensor.meross_temperature_soggiorno,31.5,2026-08-10T17:00:00.000Z
sensor.meross_temperature_soggiorno,31.5,2026-08-10T18:00:00.000Z
sensor.meross_temperature_soggiorno,31.408214561999998,2026-08-11T02:00:00.000Z
sensor.meross_temperature_soggiorno,31.399999999999995,2026-08-11T03:00:00.000Z
sensor.meross_temperature_soggiorno,31.39260254761111,2026-08-11T04:00:00.000Z
sensor.meross_temperature_soggiorno,31.3,2026-08-11T05:00:00.000Z
sensor.meross_temperature_soggiorno,31.271737656527776,2026-08-11T06:00:00.000Z
sensor.meross_temperature_soggiorno,31.2,2026-08-11T07:00:00.000Z
sensor.meross_temperature_soggiorno,31.2,2026-08-11T08:00:00.000Z
sensor.meross_temperature_soggiorno,31.22225736872222,2026-08-11T09:00:00.000Z
sensor.meross_temperature_soggiorno,31.3,2026-08-11T10:00:00.000Z
sensor.meross_temperature_soggiorno,31.3,2026-08-11T11:00:00.000Z
sensor.meross_temperature_soggiorno,31.39549702788889,2026-08-11T12:00:00.000Z
sensor.meross_temperature_soggiorno,31.399999999999995,2026-08-11T13:00:00.000Z
sensor.meross_temperature_soggiorno,31.42452960919444,2026-08-11T14:00:00.000Z
sensor.meross_temperature_soggiorno,31.5,2026-08-11T15:00:00.000Z
sensor.meross_temperature_soggiorno,31.573402504333334,2026-08-11T16:00:00.000Z
sensor.meross_temperature_soggiorno,31.600000000000005,2026-08-11T17:00:00.000Z
sensor.meross_temperature_soggiorno,31.600000000000005,2026-08-11T18:00:00.000Z
sensor.meross_temperature_soggiorno,31.574371999611113,2026-08-12T01:00:00.000Z
sensor.meross_temperature_soggiorno,31.5,2026-08-12T02:00:00.000Z
sensor.meross_temperature_soggiorno,31.5,2026-08-12T03:00:00.000Z
sensor.meross_temperature_soggiorno,31.40355221922222,2026-08-12T06:00:00.000Z
sensor.meross_temperature_soggiorno,31.399999999999995,2026-08-12T07:00:00.000Z
sensor.meross_temperature_soggiorno,31.399999999999995,2026-08-12T08:00:00.000Z
sensor.meross_temperature_soggiorno,31.44759311011111,2026-08-12T11:00:00.000Z
sensor.meross_temperature_soggiorno,31.5,2026-08-12T12:00:00.000Z
sensor.meross_temperature_soggiorno,31.531003756361113,2026-08-12T13:00:00.000Z
sensor.meross_temperature_soggiorno,31.600000000000005,2026-08-12T14:00:00.000Z
sensor.meross_temperature_soggiorno,31.678932064722222,2026-08-12T15:00:00.000Z
sensor.meross_temperature_soggiorno,31.7,2026-08-12T16:00:00.000Z
sensor.meross_temperature_soggiorno,31.7,2026-08-12T17:00:00.000Z
sensor.meross_temperature_soggiorno,31.614912228666668,2026-08-13T01:00:00.000Z
sensor.meross_temperature_soggiorno,31.600000000000005,2026-08-13T02:00:00.000Z
sensor.meross_temperature_soggiorno,31.600000000000005,2026-08-13T03:00:00.000Z
sensor.meross_temperature_soggiorno,31.54064828613889,2026-08-13T06:00:00.000Z
sensor.meross_temperature_soggiorno,31.5,2026-08-13T07:00:00.000Z
sensor.meross_temperature_soggiorno,31.5,2026-08-13T08:00:00.000Z
sensor.meross_temperature_soggiorno,31.546227427916666,2026-08-13T11:00:00.000Z
sensor.meross_temperature_soggiorno,31.600000000000005,2026-08-13T12:00:00.000Z
sensor.meross_temperature_soggiorno,31.658670295305555,2026-08-13T13:00:00.000Z
sensor.meross_temperature_soggiorno,31.7,2026-08-13T14:00:00.000Z
sensor.meross_temperature_soggiorno,31.7,2026-08-13T15:00:00.000Z
sensor.meross_temperature_soggiorno,31.789985610111113,2026-08-13T16:00:00.000Z
sensor.meross_temperature_soggiorno,31.8,2026-08-13T17:00:00.000Z
sensor.meross_temperature_soggiorno,31.8,2026-08-13T18:00:00.000Z
sensor.meross_temperature_soggiorno,31.707359059583336,2026-08-14T02:00:00.000Z
sensor.meross_temperature_soggiorno,31.7,2026-08-14T03:00:00.000Z
sensor.meross_temperature_soggiorno,31.697943478166664,2026-08-14T04:00:00.000Z
sensor.meross_temperature_soggiorno,31.568410530833333,2026-08-14T05:00:00.000Z
sensor.meross_temperature_soggiorno,30.94359435522222,2026-08-14T06:00:00.000Z
sensor.meross_temperature_soggiorno,30.539016770777778,2026-08-14T07:00:00.000Z
sensor.meross_temperature_soggiorno,30.67853390116667,2026-08-14T08:00:00.000Z
sensor.meross_temperature_soggiorno,31.090192004194446,2026-08-14T09:00:00.000Z
sensor.meross_temperature_soggiorno,31.455083475944445,2026-08-14T10:00:00.000Z
sensor.meross_temperature_soggiorno,31.802683336527778,2026-08-14T11:00:00.000Z
sensor.meross_temperature_soggiorno,31.8,2026-08-14T12:00:00.000Z
sensor.meross_temperature_soggiorno,31.8,2026-08-14T13:00:00.000Z
sensor.meross_temperature_soggiorno,31.883598590027777,2026-08-14T14:00:00.000Z
sensor.meross_temperature_soggiorno,31.869214848833334,2026-08-14T15:00:00.000Z
sensor.meross_temperature_soggiorno,32.06718606975,2026-08-14T16:00:00.000Z
sensor.meross_temperature_soggiorno,31.61887552813889,2026-08-14T17:00:00.000Z
sensor.meross_temperature_soggiorno,31.141231637638892,2026-08-14T18:00:00.000Z
sensor.meross_temperature_soggiorno,30.004615427694446,2026-08-14T19:00:00.000Z
sensor.meross_temperature_soggiorno,29.863039287861113,2026-08-14T20:00:00.000Z
sensor.meross_temperature_soggiorno,30.45771260877778,2026-08-14T21:00:00.000Z
sensor.meross_temperature_soggiorno,29.957469378166667,2026-08-14T22:00:00.000Z
sensor.meross_temperature_soggiorno,29.57831962613889,2026-08-14T23:00:00.000Z
sensor.meross_temperature_soggiorno,29.225838097555556,2026-08-15T00:00:00.000Z
sensor.meross_temperature_soggiorno,29.035259801916666,2026-08-15T01:00:00.000Z
sensor.meross_temperature_soggiorno,29.240936947333335,2026-08-15T02:00:00.000Z
sensor.meross_temperature_soggiorno,29.994931290555556,2026-08-15T03:00:00.000Z
sensor.meross_temperature_soggiorno,30.261650634194442,2026-08-15T04:00:00.000Z
sensor.meross_temperature_soggiorno,30.3783204795,2026-08-15T05:00:00.000Z
sensor.meross_temperature_soggiorno,30.52337405088889,2026-08-15T06:00:00.000Z
sensor.meross_temperature_soggiorno,30.52445188705556,2026-08-15T07:00:00.000Z
sensor.meross_temperature_soggiorno,30.798447988055557,2026-08-15T08:00:00.000Z
sensor.meross_temperature_soggiorno,30.94254218236111,2026-08-15T09:00:00.000Z
sensor.meross_temperature_soggiorno,31.137825867222222,2026-08-15T10:00:00.000Z
sensor.meross_temperature_soggiorno,31.311030194249998,2026-08-15T11:00:00.000Z
sensor.meross_temperature_soggiorno,31.59135213975,2026-08-15T12:00:00.000Z
sensor.meross_temperature_soggiorno,31.783678948388886,2026-08-15T13:00:00.000Z
sensor.meross_temperature_soggiorno,31.867303861055557,2026-08-15T14:00:00.000Z
sensor.meross_temperature_soggiorno,31.8,2026-08-15T15:00:00.000Z
sensor.meross_temperature_soggiorno,31.8,2026-08-15T16:00:00.000Z
sensor.meross_temperature_soggiorno,31.75561204613889,2026-08-15T17:00:00.000Z
sensor.meross_temperature_soggiorno,31.7,2026-08-15T18:00:00.000Z
sensor.meross_temperature_soggiorno,31.7,2026-08-15T19:00:00.000Z
sensor.meross_temperature_soggiorno,31.68122904647222,2026-08-15T20:00:00.000Z
sensor.meross_temperature_soggiorno,31.600000000000005,2026-08-15T21:00:00.000Z
sensor.meross_temperature_soggiorno,31.600000000000005,2026-08-15T22:00:00.000Z
sensor.meross_temperature_soggiorno,31.524465972472225,2026-08-15T23:00:00.000Z
sensor.meross_temperature_soggiorno,31.5,2026-08-16T00:00:00.000Z
sensor.meross_temperature_soggiorno,31.5,2026-08-16T01:00:00.000Z
sensor.meross_temperature_soggiorno,31.409715378416664,2026-08-16T02:00:00.000Z
sensor.meross_temperature_soggiorno,31.399999999999995,2026-08-16T03:00:00.000Z
sensor.meross_temperature_soggiorno,31.3,2026-08-16T03:26:54.211Z
sensor.meross_temperature_soggiorno,31.2,2026-08-16T05:47:59.669Z
sensor.meross_temperature_soggiorno,31.3,2026-08-16T08:56:37.963Z
sensor.meross_temperature_soggiorno,31.4,2026-08-16T10:49:08.925Z
sensor.meross_temperature_soggiorno,31.5,2026-08-16T13:30:55.767Z
sensor.meross_temperature_soggiorno,31.6,2026-08-16T17:15:58.691Z
sensor.meross_temperature_soggiorno,31.5,2026-08-16T19:53:48.445Z
sensor.meross_temperature_soggiorno,31.4,2026-08-16T20:45:12.354Z
sensor.meross_temperature_soggiorno,31.3,2026-08-16T22:27:38.238Z
sensor.meross_temperature_soggiorno,31.2,2026-08-16T23:58:19.718Z
sensor.meross_temperature_soggiorno,31.1,2026-08-17T01:25:40.229Z
sensor.meross_temperature_soggiorno,31.0,2026-08-17T03:11:29.084Z
sensor.meross_temperature_soggiorno,30.9,2026-08-17T05:09:27.133Z
sensor.meross_temperature_soggiorno,31.0,2026-08-17T09:53:13.101Z
sensor.meross_temperature_soggiorno,31.1,2026-08-17T12:21:00.703Z
sensor.meross_temperature_soggiorno,31.2,2026-08-17T15:14:00.724Z
sensor.meross_temperature_soggiorno,31.1,2026-08-17T20:32:28.339Z
sensor.meross_temperature_soggiorno,31.0,2026-08-17T22:45:09.577Z
sensor.meross_temperature_soggiorno,30.9,2026-08-18T00:55:57.862Z
sensor.meross_temperature_soggiorno,unknown,2026-08-18T01:48:29.448Z
sensor.meross_temperature_soggiorno,30.9,2026-08-18T01:50:29.371Z
sensor.meross_temperature_soggiorno,30.8,2026-08-18T03:23:45.477Z
sensor.meross_temperature_soggiorno,30.7,2026-08-18T04:37:30.749Z
sensor.meross_temperature_soggiorno,30.6,2026-08-18T06:40:24.873Z
sensor.meross_temperature_soggiorno,30.7,2026-08-18T07:58:06.220Z
sensor.meross_temperature_soggiorno,30.8,2026-08-18T09:33:48.899Z
sensor.meross_temperature_soggiorno,30.9,2026-08-18T11:26:13.864Z
sensor.meross_temperature_soggiorno,31.0,2026-08-18T14:08:13.681Z
sensor.meross_temperature_soggiorno,30.9,2026-08-18T21:13:35.099Z
sensor.meross_temperature_soggiorno,30.8,2026-08-19T00:03:13.057Z
sensor.meross_temperature_soggiorno,unknown,2026-08-19T00:14:39.235Z
sensor.meross_temperature_soggiorno,30.8,2026-08-19T00:16:39.368Z
sensor.meross_temperature_soggiorno,30.7,2026-08-19T02:51:33.005Z
sensor.meross_temperature_soggiorno,30.6,2026-08-19T04:00:17.188Z
sensor.meross_temperature_soggiorno,30.7,2026-08-19T08:13:04.609Z
sensor.meross_temperature_soggiorno,30.8,2026-08-19T09:42:05.154Z
sensor.meross_temperature_soggiorno,30.9,2026-08-19T11:36:20.162Z
sensor.meross_temperature_soggiorno,31.0,2026-08-19T13:59:59.646Z
sensor.meross_temperature_soggiorno,30.9,2026-08-19T23:37:38.725Z
sensor.meross_temperature_soggiorno,30.8,2026-08-20T03:56:04.229Z
sensor.meross_temperature_soggiorno,30.7,2026-08-20T07:08:45.623Z
sensor.meross_temperature_soggiorno,30.8,2026-08-20T08:45:32.301Z
sensor.meross_temperature_soggiorno,30.9,2026-08-20T11:38:17.325Z
sensor.meross_temperature_soggiorno,31.0,2026-08-20T14:04:25.865Z
sensor.meross_temperature_soggiorno,30.9,2026-08-20T14:05:06.921Z
sensor.meross_temperature_soggiorno,30.8,2026-08-20T17:02:44.998Z
sensor.meross_temperature_soggiorno,30.7,2026-08-20T18:08:57.145Z
sensor.meross_temperature_soggiorno,30.6,2026-08-20T19:33:31.670Z
sensor.meross_temperature_soggiorno,30.5,2026-08-20T20:42:23.836Z
sensor.meross_temperature_soggiorno,30.4,2026-08-20T22:31:36.771Z
sensor.meross_temperature_soggiorno,30.3,2026-08-21T00:12:24.479Z
sensor.meross_temperature_soggiorno,30.2,2026-08-21T02:03:16.418Z
sensor.meross_temperature_soggiorno,30.1,2026-08-21T03:52:01.299Z
sensor.meross_temperature_soggiorno,30.0,2026-08-21T05:46:16.331Z
sensor.meross_temperature_soggiorno,29.9,2026-08-21T09:56:27.670Z
sensor.meross_temperature_soggiorno,29.8,2026-08-21T13:51:38.769Z
sensor.meross_temperature_soggiorno,29.9,2026-08-21T15:19:01.302Z
sensor.meross_temperature_soggiorno,29.8,2026-08-21T19:17:33.434Z
sensor.meross_temperature_soggiorno,29.7,2026-08-21T20:25:38.761Z
sensor.meross_temperature_soggiorno,29.6,2026-08-21T21:56:22.197Z
sensor.meross_temperature_soggiorno,29.5,2026-08-21T23:30:27.811Z
sensor.meross_temperature_soggiorno,29.4,2026-08-22T00:57:18.325Z
sensor.meross_temperature_soggiorno,29.3,2026-08-22T02:28:41.003Z
sensor.meross_temperature_soggiorno,29.2,2026-08-22T03:58:46.493Z
sensor.meross_temperature_soggiorno,29.1,2026-08-22T05:16:04.834Z
sensor.meross_temperature_soggiorno,29.2,2026-08-22T09:52:03.622Z
sensor.meross_temperature_soggiorno,29.3,2026-08-22T10:55:54.722Z
sensor.meross_temperature_soggiorno,29.4,2026-08-22T12:21:35.384Z
sensor.meross_temperature_soggiorno,29.5,2026-08-22T15:12:45.835Z
sensor.meross_temperature_soggiorno,29.4,2026-08-22T20:25:25.118Z
sensor.meross_temperature_soggiorno,29.3,2026-08-22T22:23:01.994Z
sensor.meross_temperature_soggiorno,29.2,2026-08-22T23:41:59.345Z
sensor.meross_temperature_soggiorno,29.1,2026-08-23T01:00:56.721Z
sensor.meross_temperature_soggiorno,29.0,2026-08-23T02:46:47.565Z
sensor.meross_temperature_soggiorno,29.1,2026-08-23T12:00:16.145Z
sensor.meross_temperature_soggiorno,29.2,2026-08-23T15:03:31.368Z
sensor.meross_temperature_soggiorno,29.3,2026-08-23T21:10:02.727Z
sensor.meross_temperature_soggiorno,29.2,2026-08-23T22:31:23.159Z
sensor.meross_temperature_soggiorno,29.1,2026-08-23T23:42:27.347Z
sensor.meross_temperature_soggiorno,29.0,2026-08-24T01:46:47.565Z
sensor.meross_temperature_soggiorno,29.1,2026-08-24T12:18:18.911Z
sensor.meross_temperature_soggiorno,29.2,2026-08-24T15:08:01.100Z
sensor.meross_temperature_soggiorno,29.3,2026-08-24T17:57:42.311Z
sensor.meross_temperature_soggiorno,29.2,2026-08-24T19:06:35.563Z
sensor.meross_temperature_soggiorno,29.3,2026-08-24T20:32:28.222Z
sensor.meross_temperature_soggiorno,29.2,2026-08-24T21:09:26.996Z
sensor.meross_temperature_soggiorno,29.1,2026-08-24T21:21:11.944Z
sensor.meross_temperature_soggiorno,29.2,2026-08-24T21:26:14.042Z
sensor.meross_temperature_soggiorno,29.1,2026-08-25T00:56:36.774Z
sensor.meross_temperature_soggiorno,29.0,2026-08-25T02:17:16.285Z
sensor.meross_temperature_soggiorno,28.9,2026-08-25T07:47:56.452Z
sensor.meross_temperature_soggiorno,29.0,2026-08-25T15:58:57.603Z
sensor.meross_temperature_soggiorno,29.1,2026-08-25T17:01:06.769Z
sensor.meross_temperature_soggiorno,29.0,2026-08-25T17:26:19.237Z
sensor.meross_temperature_soggiorno,28.9,2026-08-25T23:45:35.354Z
sensor.meross_temperature_soggiorno,28.8,2026-08-26T03:10:34.143Z
sensor.meross_temperature_soggiorno,28.9,2026-08-26T06:10:25.396Z
sensor.meross_temperature_soggiorno,28.8,2026-08-26T06:40:39.919Z
sensor.meross_temperature_soggiorno,28.9,2026-08-26T08:13:04.570Z
climate.condizionatore_soggiorno_condizionatore_soggiorno,unavailable,2026-08-15T12:57:59.180Z
sensor.condizionatore_soggiorno_uptime_condizionatore_soggiorno,1081.4990234375,2026-07-01T17:00:00.000Z
sensor.condizionatore_soggiorno_uptime_condizionatore_soggiorno,63.9389991760254,2026-07-01T18:00:00.000Z
sensor.condizionatore_soggiorno_uptime_condizionatore_soggiorno,124.956001281738,2026-07-01T20:00:00.000Z
sensor.condizionatore_soggiorno_uptime_condizionatore_soggiorno,1861.36206054688,2026-07-01T21:00:00.000Z
sensor.condizionatore_soggiorno_uptime_condizionatore_soggiorno,5461.36181640625,2026-07-01T22:00:00.000Z
sensor.condizionatore_soggiorno_uptime_condizionatore_soggiorno,9061.36328125,2026-07-01T23:00:00.000Z
sensor.condizionatore_soggiorno_uptime_condizionatore_soggiorno,12661.365234375,2026-07-02T00:00:00.000Z
sensor.condizionatore_soggiorno_uptime_condizionatore_soggiorno,16261.365234375,2026-07-02T01:00:00.000Z
sensor.condizionatore_soggiorno_uptime_condizionatore_soggiorno,19861.365234375,2026-07-02T02:00:00.000Z
sensor.condizionatore_soggiorno_uptime_condizionatore_soggiorno,23461.365234375,2026-07-02T03:00:00.000Z
sensor.condizionatore_soggiorno_uptime_condizionatore_soggiorno,27061.3671875,2026-07-02T04:00:00.000Z
sensor.condizionatore_soggiorno_uptime_condizionatore_soggiorno,30661.369140625,2026-07-02T05:00:00.000Z
sensor.condizionatore_soggiorno_uptime_condizionatore_soggiorno,34261.3671875,2026-07-02T06:00:00.000Z
sensor.condizionatore_soggiorno_uptime_condizionatore_soggiorno,37861.37109375,2026-07-02T07:00:00.000Z
sensor.condizionatore_soggiorno_uptime_condizionatore_soggiorno,41461.37109375,2026-07-02T08:00:00.000Z
sensor.condizionatore_soggiorno_uptime_condizionatore_soggiorno,45061.37109375,2026-07-02T09:00:00.000Z
sensor.condizionatore_soggiorno_uptime_condizionatore_soggiorno,48661.375,2026-07-02T10:00:00.000Z
sensor.condizionatore_soggiorno_uptime_condizionatore_soggiorno,52261.375,2026-07-02T11:00:00.000Z
sensor.condizionatore_soggiorno_uptime_condizionatore_soggiorno,55861.37890625,2026-07-02T12:00:00.000Z
sensor.condizionatore_soggiorno_uptime_condizionatore_soggiorno,59461.37890625,2026-07-02T13:00:00.000Z
sensor.condizionatore_soggiorno_uptime_condizionatore_soggiorno,63061.3828125,2026-07-02T14:00:00.000Z
sensor.condizionatore_soggiorno_uptime_condizionatore_soggiorno,66661.3828125,2026-07-02T15:00:00.000Z
sensor.condizionatore_soggiorno_uptime_condizionatore_soggiorno,70261.3828125,2026-07-02T16:00:00.000Z
sensor.condizionatore_soggiorno_uptime_condizionatore_soggiorno,1501.626953125,2026-07-02T17:00:00.000Z
sensor.condizionatore_soggiorno_uptime_condizionatore_soggiorno,5101.6279296875,2026-07-02T18:00:00.000Z
sensor.condizionatore_soggiorno_uptime_condizionatore_soggiorno,8701.6298828125,2026-07-02T19:00:00.000Z
sensor.condizionatore_soggiorno_uptime_condizionatore_soggiorno,12301.6298828125,2026-07-02T20:00:00.000Z
sensor.condizionatore_soggiorno_uptime_condizionatore_soggiorno,15901.630859375,2026-07-02T21:00:00.000Z
sensor.condizionatore_soggiorno_uptime_condizionatore_soggiorno,19501.6328125,2026-07-02T22:00:00.000Z
sensor.condizionatore_soggiorno_uptime_condizionatore_soggiorno,23101.638671875,2026-07-02T23:00:00.000Z
sensor.condizionatore_soggiorno_uptime_condizionatore_soggiorno,26701.638671875,2026-07-03T00:00:00.000Z
sensor.condizionatore_soggiorno_uptime_condizionatore_soggiorno,30301.640625,2026-07-03T01:00:00.000Z
sensor.condizionatore_soggiorno_uptime_condizionatore_soggiorno,33901.640625,2026-07-03T02:00:00.000Z
sensor.condizionatore_soggiorno_uptime_condizionatore_soggiorno,37501.64453125,2026-07-03T03:00:00.000Z
sensor.condizionatore_soggiorno_uptime_condizionatore_soggiorno,41101.6484375,2026-07-03T04:00:00.000Z
sensor.condizionatore_soggiorno_uptime_condizionatore_soggiorno,44701.6484375,2026-07-03T05:00:00.000Z
sensor.condizionatore_soggiorno_uptime_condizionatore_soggiorno,48301.6484375,2026-07-03T06:00:00.000Z
sensor.condizionatore_soggiorno_uptime_condizionatore_soggiorno,49201.6484375,2026-07-03T07:00:00.000Z
sensor.condizionatore_soggiorno_uptime_condizionatore_soggiorno,841.1240234375,2026-07-03T17:00:00.000Z
sensor.condizionatore_soggiorno_uptime_condizionatore_soggiorno,4441.1240234375,2026-07-03T18:00:00.000Z
sensor.condizionatore_soggiorno_uptime_condizionatore_soggiorno,8041.125,2026-07-03T19:00:00.000Z
sensor.condizionatore_soggiorno_uptime_condizionatore_soggiorno,11641.1259765625,2026-07-03T20:00:00.000Z
sensor.condizionatore_soggiorno_uptime_condizionatore_soggiorno,15241.1259765625,2026-07-03T21:00:00.000Z
sensor.condizionatore_soggiorno_uptime_condizionatore_soggiorno,18841.126953125,2026-07-03T22:00:00.000Z
sensor.condizionatore_soggiorno_uptime_condizionatore_soggiorno,22441.130859375,2026-07-03T23:00:00.000Z
sensor.condizionatore_soggiorno_uptime_condizionatore_soggiorno,26041.1328125,2026-07-04T00:00:00.000Z
sensor.condizionatore_soggiorno_uptime_condizionatore_soggiorno,29641.134765625,2026-07-04T01:00:00.000Z
sensor.condizionatore_soggiorno_uptime_condizionatore_soggiorno,33241.13671875,2026-07-04T02:00:00.000Z
sensor.condizionatore_soggiorno_uptime_condizionatore_soggiorno,36841.140625,2026-07-04T03:00:00.000Z
sensor.condizionatore_soggiorno_uptime_condizionatore_soggiorno,40441.140625,2026-07-04T04:00:00.000Z
sensor.condizionatore_soggiorno_uptime_condizionatore_soggiorno,44041.140625,2026-07-04T05:00:00.000Z
sensor.condizionatore_soggiorno_uptime_condizionatore_soggiorno,47641.140625,2026-07-04T06:00:00.000Z
sensor.condizionatore_soggiorno_uptime_condizionatore_soggiorno,51241.14453125,2026-07-04T07:00:00.000Z
sensor.condizionatore_soggiorno_uptime_condizionatore_soggiorno,54841.14453125,2026-07-04T08:00:00.000Z
sensor.condizionatore_soggiorno_uptime_condizionatore_soggiorno,58441.14453125,2026-07-04T09:00:00.000Z
sensor.condizionatore_soggiorno_uptime_condizionatore_soggiorno,62041.1484375,2026-07-04T10:00:00.000Z
sensor.condizionatore_soggiorno_uptime_condizionatore_soggiorno,65641.1484375,2026-07-04T11:00:00.000Z
sensor.condizionatore_soggiorno_uptime_condizionatore_soggiorno,69241.1484375,2026-07-04T12:00:00.000Z
sensor.condizionatore_soggiorno_uptime_condizionatore_soggiorno,72841.1484375,2026-07-04T13:00:00.000Z
sensor.condizionatore_soggiorno_uptime_condizionatore_soggiorno,76441.15625,2026-07-04T14:00:00.000Z
sensor.condizionatore_soggiorno_uptime_condizionatore_soggiorno,80041.1640625,2026-07-04T15:00:00.000Z
sensor.condizionatore_soggiorno_uptime_condizionatore_soggiorno,83641.1640625,2026-07-04T16:00:00.000Z
sensor.condizionatore_soggiorno_uptime_condizionatore_soggiorno,87241.1640625,2026-07-04T17:00:00.000Z
sensor.condizionatore_soggiorno_uptime_condizionatore_soggiorno,90841.171875,2026-07-04T18:00:00.000Z
sensor.condizionatore_soggiorno_uptime_condizionatore_soggiorno,94441.171875,2026-07-04T19:00:00.000Z
sensor.condizionatore_soggiorno_uptime_condizionatore_soggiorno,98041.171875,2026-07-04T20:00:00.000Z
sensor.condizionatore_soggiorno_uptime_condizionatore_soggiorno,101641.171875,2026-07-04T21:00:00.000Z
sensor.condizionatore_soggiorno_uptime_condizionatore_soggiorno,105241.171875,2026-07-04T22:00:00.000Z
sensor.condizionatore_soggiorno_uptime_condizionatore_soggiorno,108841.1796875,2026-07-04T23:00:00.000Z
sensor.condizionatore_soggiorno_uptime_condizionatore_soggiorno,112441.1796875,2026-07-05T00:00:00.000Z
sensor.condizionatore_soggiorno_uptime_condizionatore_soggiorno,116041.1796875,2026-07-05T01:00:00.000Z
sensor.condizionatore_soggiorno_uptime_condizionatore_soggiorno,119641.1796875,2026-07-05T02:00:00.000Z
sensor.condizionatore_soggiorno_uptime_condizionatore_soggiorno,123241.1796875,2026-07-05T03:00:00.000Z
sensor.condizionatore_soggiorno_uptime_condizionatore_soggiorno,124081.1796875,2026-07-05T04:00:00.000Z
sensor.condizionatore_soggiorno_uptime_condizionatore_soggiorno,124081.1796875,2026-07-05T05:00:00.000Z
sensor.condizionatore_soggiorno_uptime_condizionatore_soggiorno,170041.1875,2026-07-05T16:00:00.000Z
sensor.condizionatore_soggiorno_uptime_condizionatore_soggiorno,173641.1875,2026-07-05T17:00:00.000Z
sensor.condizionatore_soggiorno_uptime_condizionatore_soggiorno,177241.1875,2026-07-05T18:00:00.000Z
sensor.condizionatore_soggiorno_uptime_condizionatore_soggiorno,180841.203125,2026-07-05T19:00:00.000Z
sensor.condizionatore_soggiorno_uptime_condizionatore_soggiorno,184441.203125,2026-07-05T20:00:00.000Z
sensor.condizionatore_soggiorno_uptime_condizionatore_soggiorno,188041.203125,2026-07-05T21:00:00.000Z
sensor.condizionatore_soggiorno_uptime_condizionatore_soggiorno,191641.203125,2026-07-05T22:00:00.000Z
sensor.condizionatore_soggiorno_uptime_condizionatore_soggiorno,195241.203125,2026-07-05T23:00:00.000Z
sensor.condizionatore_soggiorno_uptime_condizionatore_soggiorno,198841.203125,2026-07-06T00:00:00.000Z
sensor.condizionatore_soggiorno_uptime_condizionatore_soggiorno,202441.203125,2026-07-06T01:00:00.000Z
sensor.condizionatore_soggiorno_uptime_condizionatore_soggiorno,206041.203125,2026-07-06T02:00:00.000Z
sensor.condizionatore_soggiorno_uptime_condizionatore_soggiorno,209641.203125,2026-07-06T03:00:00.000Z
sensor.condizionatore_soggiorno_uptime_condizionatore_soggiorno,213241.203125,2026-07-06T04:00:00.000Z
sensor.condizionatore_soggiorno_uptime_condizionatore_soggiorno,216841.203125,2026-07-06T05:00:00.000Z
sensor.condizionatore_soggiorno_uptime_condizionatore_soggiorno,220441.203125,2026-07-06T06:00:00.000Z
sensor.condizionatore_soggiorno_uptime_condizionatore_soggiorno,224041.203125,2026-07-06T07:00:00.000Z
sensor.condizionatore_soggiorno_uptime_condizionatore_soggiorno,227641.203125,2026-07-06T08:00:00.000Z
sensor.condizionatore_soggiorno_uptime_condizionatore_soggiorno,231241.203125,2026-07-06T09:00:00.000Z
sensor.condizionatore_soggiorno_uptime_condizionatore_soggiorno,234841.21875,2026-07-06T10:00:00.000Z
sensor.condizionatore_soggiorno_uptime_condizionatore_soggiorno,238441.21875,2026-07-06T11:00:00.000Z
sensor.condizionatore_soggiorno_uptime_condizionatore_soggiorno,242041.21875,2026-07-06T12:00:00.000Z
sensor.condizionatore_soggiorno_uptime_condizionatore_soggiorno,245641.21875,2026-07-06T13:00:00.000Z
sensor.condizionatore_soggiorno_uptime_condizionatore_soggiorno,249241.21875,2026-07-06T14:00:00.000Z
sensor.condizionatore_soggiorno_uptime_condizionatore_soggiorno,252841.21875,2026-07-06T15:00:00.000Z
sensor.condizionatore_soggiorno_uptime_condizionatore_soggiorno,256441.21875,2026-07-06T16:00:00.000Z
sensor.condizionatore_soggiorno_uptime_condizionatore_soggiorno,260041.21875,2026-07-06T17:00:00.000Z
sensor.condizionatore_soggiorno_uptime_condizionatore_soggiorno,263641.21875,2026-07-06T18:00:00.000Z
sensor.condizionatore_soggiorno_uptime_condizionatore_soggiorno,267241.21875,2026-07-06T19:00:00.000Z
sensor.condizionatore_soggiorno_uptime_condizionatore_soggiorno,270841.21875,2026-07-06T20:00:00.000Z
sensor.condizionatore_soggiorno_uptime_condizionatore_soggiorno,274441.21875,2026-07-06T21:00:00.000Z
sensor.condizionatore_soggiorno_uptime_condizionatore_soggiorno,278041.21875,2026-07-06T22:00:00.000Z
sensor.condizionatore_soggiorno_uptime_condizionatore_soggiorno,281641.21875,2026-07-06T23:00:00.000Z
sensor.condizionatore_soggiorno_uptime_condizionatore_soggiorno,285241.21875,2026-07-07T00:00:00.000Z
sensor.condizionatore_soggiorno_uptime_condizionatore_soggiorno,288841.21875,2026-07-07T01:00:00.000Z
sensor.condizionatore_soggiorno_uptime_condizionatore_soggiorno,292441.21875,2026-07-07T02:00:00.000Z
sensor.condizionatore_soggiorno_uptime_condizionatore_soggiorno,296041.21875,2026-07-07T03:00:00.000Z
sensor.condizionatore_soggiorno_uptime_condizionatore_soggiorno,299641.21875,2026-07-07T04:00:00.000Z
sensor.condizionatore_soggiorno_uptime_condizionatore_soggiorno,303241.21875,2026-07-07T05:00:00.000Z
sensor.condizionatore_soggiorno_uptime_condizionatore_soggiorno,306841.21875,2026-07-07T06:00:00.000Z
sensor.condizionatore_soggiorno_uptime_condizionatore_soggiorno,310441.21875,2026-07-07T07:00:00.000Z
sensor.condizionatore_soggiorno_uptime_condizionatore_soggiorno,314041.25,2026-07-07T08:00:00.000Z
sensor.condizionatore_soggiorno_uptime_condizionatore_soggiorno,317641.25,2026-07-07T09:00:00.000Z
sensor.condizionatore_soggiorno_uptime_condizionatore_soggiorno,321241.25,2026-07-07T10:00:00.000Z
sensor.condizionatore_soggiorno_uptime_condizionatore_soggiorno,324841.25,2026-07-07T11:00:00.000Z
sensor.condizionatore_soggiorno_uptime_condizionatore_soggiorno,328441.25,2026-07-07T12:00:00.000Z
sensor.condizionatore_soggiorno_uptime_condizionatore_soggiorno,332041.25,2026-07-07T13:00:00.000Z
sensor.condizionatore_soggiorno_uptime_condizionatore_soggiorno,335641.25,2026-07-07T14:00:00.000Z
sensor.condizionatore_soggiorno_uptime_condizionatore_soggiorno,339241.25,2026-07-07T15:00:00.000Z
sensor.condizionatore_soggiorno_uptime_condizionatore_soggiorno,342841.25,2026-07-07T16:00:00.000Z
sensor.condizionatore_soggiorno_uptime_condizionatore_soggiorno,346441.25,2026-07-07T17:00:00.000Z
sensor.condizionatore_soggiorno_uptime_condizionatore_soggiorno,350041.25,2026-07-07T18:00:00.000Z
sensor.condizionatore_soggiorno_uptime_condizionatore_soggiorno,353641.25,2026-07-07T19:00:00.000Z
sensor.condizionatore_soggiorno_uptime_condizionatore_soggiorno,357241.25,2026-07-07T20:00:00.000Z
sensor.condizionatore_soggiorno_uptime_condizionatore_soggiorno,360841.25,2026-07-07T21:00:00.000Z
sensor.condizionatore_soggiorno_uptime_condizionatore_soggiorno,364441.25,2026-07-07T22:00:00.000Z
sensor.condizionatore_soggiorno_uptime_condizionatore_soggiorno,368041.25,2026-07-07T23:00:00.000Z
sensor.condizionatore_soggiorno_uptime_condizionatore_soggiorno,371641.25,2026-07-08T00:00:00.000Z
sensor.condizionatore_soggiorno_uptime_condizionatore_soggiorno,375241.25,2026-07-08T01:00:00.000Z
sensor.condizionatore_soggiorno_uptime_condizionatore_soggiorno,378841.25,2026-07-08T02:00:00.000Z
sensor.condizionatore_soggiorno_uptime_condizionatore_soggiorno,382441.25,2026-07-08T03:00:00.000Z
sensor.condizionatore_soggiorno_uptime_condizionatore_soggiorno,386041.25,2026-07-08T04:00:00.000Z
sensor.condizionatore_soggiorno_uptime_condizionatore_soggiorno,389641.25,2026-07-08T05:00:00.000Z
sensor.condizionatore_soggiorno_uptime_condizionatore_soggiorno,393241.25,2026-07-08T06:00:00.000Z
sensor.condizionatore_soggiorno_uptime_condizionatore_soggiorno,396841.25,2026-07-08T07:00:00.000Z
sensor.condizionatore_soggiorno_uptime_condizionatore_soggiorno,400441.28125,2026-07-08T08:00:00.000Z
sensor.condizionatore_soggiorno_uptime_condizionatore_soggiorno,404041.28125,2026-07-08T09:00:00.000Z
sensor.condizionatore_soggiorno_uptime_condizionatore_soggiorno,407641.28125,2026-07-08T10:00:00.000Z
sensor.condizionatore_soggiorno_uptime_condizionatore_soggiorno,411241.28125,2026-07-08T11:00:00.000Z
sensor.condizionatore_soggiorno_uptime_condizionatore_soggiorno,414841.28125,2026-07-08T12:00:00.000Z
sensor.condizionatore_soggiorno_uptime_condizionatore_soggiorno,418441.28125,2026-07-08T13:00:00.000Z
sensor.condizionatore_soggiorno_uptime_condizionatore_soggiorno,422041.28125,2026-07-08T14:00:00.000Z
sensor.condizionatore_soggiorno_uptime_condizionatore_soggiorno,425641.28125,2026-07-08T15:00:00.000Z
sensor.condizionatore_soggiorno_uptime_condizionatore_soggiorno,429241.28125,2026-07-08T16:00:00.000Z
sensor.condizionatore_soggiorno_uptime_condizionatore_soggiorno,432841.28125,2026-07-08T17:00:00.000Z
sensor.condizionatore_soggiorno_uptime_condizionatore_soggiorno,436441.28125,2026-07-08T18:00:00.000Z
sensor.condizionatore_soggiorno_uptime_condizionatore_soggiorno,440041.28125,2026-07-08T19:00:00.000Z
sensor.condizionatore_soggiorno_uptime_condizionatore_soggiorno,443641.28125,2026-07-08T20:00:00.000Z
sensor.condizionatore_soggiorno_uptime_condizionatore_soggiorno,447241.28125,2026-07-08T21:00:00.000Z
sensor.condizionatore_soggiorno_uptime_condizionatore_soggiorno,450841.28125,2026-07-08T22:00:00.000Z
sensor.condizionatore_soggiorno_uptime_condizionatore_soggiorno,454441.28125,2026-07-08T23:00:00.000Z
sensor.condizionatore_soggiorno_uptime_condizionatore_soggiorno,458041.28125,2026-07-09T00:00:00.000Z
sensor.condizionatore_soggiorno_uptime_condizionatore_soggiorno,461641.28125,2026-07-09T01:00:00.000Z
sensor.condizionatore_soggiorno_uptime_condizionatore_soggiorno,465241.28125,2026-07-09T02:00:00.000Z
sensor.condizionatore_soggiorno_uptime_condizionatore_soggiorno,468841.28125,2026-07-09T03:00:00.000Z
sensor.condizionatore_soggiorno_uptime_condizionatore_soggiorno,472441.28125,2026-07-09T04:00:00.000Z
sensor.condizionatore_soggiorno_uptime_condizionatore_soggiorno,476041.28125,2026-07-09T05:00:00.000Z
sensor.condizionatore_soggiorno_uptime_condizionatore_soggiorno,479641.28125,2026-07-09T06:00:00.000Z
sensor.condizionatore_soggiorno_uptime_condizionatore_soggiorno,483241.3125,2026-07-09T07:00:00.000Z
sensor.condizionatore_soggiorno_uptime_condizionatore_soggiorno,486841.3125,2026-07-09T08:00:00.000Z
sensor.condizionatore_soggiorno_uptime_condizionatore_soggiorno,490441.3125,2026-07-09T09:00:00.000Z
sensor.condizionatore_soggiorno_uptime_condizionatore_soggiorno,494041.3125,2026-07-09T10:00:00.000Z
sensor.condizionatore_soggiorno_uptime_condizionatore_soggiorno,497641.3125,2026-07-09T11:00:00.000Z
sensor.condizionatore_soggiorno_uptime_condizionatore_soggiorno,501241.3125,2026-07-09T12:00:00.000Z
sensor.condizionatore_soggiorno_uptime_condizionatore_soggiorno,504841.3125,2026-07-09T13:00:00.000Z
sensor.condizionatore_soggiorno_uptime_condizionatore_soggiorno,508441.3125,2026-07-09T14:00:00.000Z
sensor.condizionatore_soggiorno_uptime_condizionatore_soggiorno,512041.3125,2026-07-09T15:00:00.000Z
sensor.condizionatore_soggiorno_uptime_condizionatore_soggiorno,515641.3125,2026-07-09T16:00:00.000Z
sensor.condizionatore_soggiorno_uptime_condizionatore_soggiorno,519241.3125,2026-07-09T17:00:00.000Z
sensor.condizionatore_soggiorno_uptime_condizionatore_soggiorno,522841.3125,2026-07-09T18:00:00.000Z
sensor.condizionatore_soggiorno_uptime_condizionatore_soggiorno,526441.3125,2026-07-09T19:00:00.000Z
sensor.condizionatore_soggiorno_uptime_condizionatore_soggiorno,530041.3125,2026-07-09T20:00:00.000Z
sensor.condizionatore_soggiorno_uptime_condizionatore_soggiorno,533641.3125,2026-07-09T21:00:00.000Z
sensor.condizionatore_soggiorno_uptime_condizionatore_soggiorno,537241.3125,2026-07-09T22:00:00.000Z
sensor.condizionatore_soggiorno_uptime_condizionatore_soggiorno,540841.3125,2026-07-09T23:00:00.000Z
sensor.condizionatore_soggiorno_uptime_condizionatore_soggiorno,544441.3125,2026-07-10T00:00:00.000Z
sensor.condizionatore_soggiorno_uptime_condizionatore_soggiorno,548041.3125,2026-07-10T01:00:00.000Z
sensor.condizionatore_soggiorno_uptime_condizionatore_soggiorno,551641.3125,2026-07-10T02:00:00.000Z
sensor.condizionatore_soggiorno_uptime_condizionatore_soggiorno,555241.3125,2026-07-10T03:00:00.000Z
sensor.condizionatore_soggiorno_uptime_condizionatore_soggiorno,558841.3125,2026-07-10T04:00:00.000Z
sensor.condizionatore_soggiorno_uptime_condizionatore_soggiorno,562441.3125,2026-07-10T05:00:00.000Z
sensor.condizionatore_soggiorno_uptime_condizionatore_soggiorno,566041.3125,2026-07-10T06:00:00.000Z
sensor.condizionatore_soggiorno_uptime_condizionatore_soggiorno,569641.3125,2026-07-10T07:00:00.000Z
sensor.condizionatore_soggiorno_uptime_condizionatore_soggiorno,573241.3125,2026-07-10T08:00:00.000Z
sensor.condizionatore_soggiorno_uptime_condizionatore_soggiorno,576841.3125,2026-07-10T09:00:00.000Z
sensor.condizionatore_soggiorno_uptime_condizionatore_soggiorno,580441.3125,2026-07-10T10:00:00.000Z
sensor.condizionatore_soggiorno_uptime_condizionatore_soggiorno,584041.3125,2026-07-10T11:00:00.000Z
sensor.condizionatore_soggiorno_uptime_condizionatore_soggiorno,587641.3125,2026-07-10T12:00:00.000Z
sensor.condizionatore_soggiorno_uptime_condizionatore_soggiorno,591241.3125,2026-07-10T13:00:00.000Z
sensor.condizionatore_soggiorno_uptime_condizionatore_soggiorno,594841.3125,2026-07-10T14:00:00.000Z
sensor.condizionatore_soggiorno_uptime_condizionatore_soggiorno,598441.3125,2026-07-10T15:00:00.000Z
sensor.condizionatore_soggiorno_uptime_condizionatore_soggiorno,602041.3125,2026-07-10T16:00:00.000Z
sensor.condizionatore_soggiorno_uptime_condizionatore_soggiorno,605641.3125,2026-07-10T17:00:00.000Z
sensor.condizionatore_soggiorno_uptime_condizionatore_soggiorno,609241.3125,2026-07-10T18:00:00.000Z
sensor.condizionatore_soggiorno_uptime_condizionatore_soggiorno,612841.3125,2026-07-10T19:00:00.000Z
sensor.condizionatore_soggiorno_uptime_condizionatore_soggiorno,616441.3125,2026-07-10T20:00:00.000Z
sensor.condizionatore_soggiorno_uptime_condizionatore_soggiorno,620041.3125,2026-07-10T21:00:00.000Z
sensor.condizionatore_soggiorno_uptime_condizionatore_soggiorno,623641.375,2026-07-10T22:00:00.000Z
sensor.condizionatore_soggiorno_uptime_condizionatore_soggiorno,627241.375,2026-07-10T23:00:00.000Z
sensor.condizionatore_soggiorno_uptime_condizionatore_soggiorno,630841.375,2026-07-11T00:00:00.000Z
sensor.condizionatore_soggiorno_uptime_condizionatore_soggiorno,634441.375,2026-07-11T01:00:00.000Z
sensor.condizionatore_soggiorno_uptime_condizionatore_soggiorno,638041.375,2026-07-11T02:00:00.000Z
sensor.condizionatore_soggiorno_uptime_condizionatore_soggiorno,641641.375,2026-07-11T03:00:00.000Z
sensor.condizionatore_soggiorno_uptime_condizionatore_soggiorno,645241.375,2026-07-11T04:00:00.000Z
sensor.condizionatore_soggiorno_uptime_condizionatore_soggiorno,648841.375,2026-07-11T05:00:00.000Z
sensor.condizionatore_soggiorno_uptime_condizionatore_soggiorno,652441.375,2026-07-11T06:00:00.000Z
sensor.condizionatore_soggiorno_uptime_condizionatore_soggiorno,656041.375,2026-07-11T07:00:00.000Z
sensor.condizionatore_soggiorno_uptime_condizionatore_soggiorno,659641.375,2026-07-11T08:00:00.000Z
sensor.condizionatore_soggiorno_uptime_condizionatore_soggiorno,663241.375,2026-07-11T09:00:00.000Z
sensor.condizionatore_soggiorno_uptime_condizionatore_soggiorno,666841.375,2026-07-11T10:00:00.000Z
sensor.condizionatore_soggiorno_uptime_condizionatore_soggiorno,670441.375,2026-07-11T11:00:00.000Z
sensor.condizionatore_soggiorno_uptime_condizionatore_soggiorno,674041.375,2026-07-11T12:00:00.000Z
sensor.condizionatore_soggiorno_uptime_condizionatore_soggiorno,677641.375,2026-07-11T13:00:00.000Z
sensor.condizionatore_soggiorno_uptime_condizionatore_soggiorno,681241.375,2026-07-11T14:00:00.000Z
sensor.condizionatore_soggiorno_uptime_condizionatore_soggiorno,684841.375,2026-07-11T15:00:00.000Z
sensor.condizionatore_soggiorno_uptime_condizionatore_soggiorno,688441.375,2026-07-11T16:00:00.000Z
sensor.condizionatore_soggiorno_uptime_condizionatore_soggiorno,692041.375,2026-07-11T17:00:00.000Z
sensor.condizionatore_soggiorno_uptime_condizionatore_soggiorno,695641.375,2026-07-11T18:00:00.000Z
sensor.condizionatore_soggiorno_uptime_condizionatore_soggiorno,699241.375,2026-07-11T19:00:00.000Z
sensor.condizionatore_soggiorno_uptime_condizionatore_soggiorno,702841.375,2026-07-11T20:00:00.000Z
sensor.condizionatore_soggiorno_uptime_condizionatore_soggiorno,706441.375,2026-07-11T21:00:00.000Z
sensor.condizionatore_soggiorno_uptime_condizionatore_soggiorno,710041.375,2026-07-11T22:00:00.000Z
sensor.condizionatore_soggiorno_uptime_condizionatore_soggiorno,713641.375,2026-07-11T23:00:00.000Z
sensor.condizionatore_soggiorno_uptime_condizionatore_soggiorno,717241.375,2026-07-12T00:00:00.000Z
sensor.condizionatore_soggiorno_uptime_condizionatore_soggiorno,720841.375,2026-07-12T01:00:00.000Z
sensor.condizionatore_soggiorno_uptime_condizionatore_soggiorno,724441.375,2026-07-12T02:00:00.000Z
sensor.condizionatore_soggiorno_uptime_condizionatore_soggiorno,728041.375,2026-07-12T03:00:00.000Z
sensor.condizionatore_soggiorno_uptime_condizionatore_soggiorno,731641.375,2026-07-12T04:00:00.000Z
sensor.condizionatore_soggiorno_uptime_condizionatore_soggiorno,735241.375,2026-07-12T05:00:00.000Z
sensor.condizionatore_soggiorno_uptime_condizionatore_soggiorno,738841.375,2026-07-12T06:00:00.000Z
sensor.condizionatore_soggiorno_uptime_condizionatore_soggiorno,742441.375,2026-07-12T07:00:00.000Z
sensor.condizionatore_soggiorno_uptime_condizionatore_soggiorno,746041.375,2026-07-12T08:00:00.000Z
sensor.condizionatore_soggiorno_uptime_condizionatore_soggiorno,749641.375,2026-07-12T09:00:00.000Z
sensor.condizionatore_soggiorno_uptime_condizionatore_soggiorno,753241.375,2026-07-12T10:00:00.000Z
sensor.condizionatore_soggiorno_uptime_condizionatore_soggiorno,756841.375,2026-07-12T11:00:00.000Z
sensor.condizionatore_soggiorno_uptime_condizionatore_soggiorno,760441.375,2026-07-12T12:00:00.000Z
sensor.condizionatore_soggiorno_uptime_condizionatore_soggiorno,764041.375,2026-07-12T13:00:00.000Z
sensor.condizionatore_soggiorno_uptime_condizionatore_soggiorno,767641.375,2026-07-12T14:00:00.000Z
sensor.condizionatore_soggiorno_uptime_condizionatore_soggiorno,771241.375,2026-07-12T15:00:00.000Z
sensor.condizionatore_soggiorno_uptime_condizionatore_soggiorno,774841.4375,2026-07-12T16:00:00.000Z
sensor.condizionatore_soggiorno_uptime_condizionatore_soggiorno,778441.4375,2026-07-12T17:00:00.000Z
sensor.condizionatore_soggiorno_uptime_condizionatore_soggiorno,782041.4375,2026-07-12T18:00:00.000Z
sensor.condizionatore_soggiorno_uptime_condizionatore_soggiorno,785641.4375,2026-07-12T19:00:00.000Z
sensor.condizionatore_soggiorno_uptime_condizionatore_soggiorno,789241.4375,2026-07-12T20:00:00.000Z
sensor.condizionatore_soggiorno_uptime_condizionatore_soggiorno,792841.4375,2026-07-12T21:00:00.000Z
sensor.condizionatore_soggiorno_uptime_condizionatore_soggiorno,796441.4375,2026-07-12T22:00:00.000Z
sensor.condizionatore_soggiorno_uptime_condizionatore_soggiorno,800041.4375,2026-07-12T23:00:00.000Z
sensor.condizionatore_soggiorno_uptime_condizionatore_soggiorno,803641.4375,2026-07-13T00:00:00.000Z
sensor.condizionatore_soggiorno_uptime_condizionatore_soggiorno,807241.4375,2026-07-13T01:00:00.000Z
sensor.condizionatore_soggiorno_uptime_condizionatore_soggiorno,810841.4375,2026-07-13T02:00:00.000Z
sensor.condizionatore_soggiorno_uptime_condizionatore_soggiorno,814441.4375,2026-07-13T03:00:00.000Z
sensor.condizionatore_soggiorno_uptime_condizionatore_soggiorno,818041.4375,2026-07-13T04:00:00.000Z
sensor.condizionatore_soggiorno_uptime_condizionatore_soggiorno,821641.4375,2026-07-13T05:00:00.000Z
sensor.condizionatore_soggiorno_uptime_condizionatore_soggiorno,825241.4375,2026-07-13T06:00:00.000Z
sensor.condizionatore_soggiorno_uptime_condizionatore_soggiorno,828841.4375,2026-07-13T07:00:00.000Z
sensor.condizionatore_soggiorno_uptime_condizionatore_soggiorno,832441.4375,2026-07-13T08:00:00.000Z
sensor.condizionatore_soggiorno_uptime_condizionatore_soggiorno,836041.4375,2026-07-13T09:00:00.000Z
sensor.condizionatore_soggiorno_uptime_condizionatore_soggiorno,839641.4375,2026-07-13T10:00:00.000Z
sensor.condizionatore_soggiorno_uptime_condizionatore_soggiorno,843241.4375,2026-07-13T11:00:00.000Z
sensor.condizionatore_soggiorno_uptime_condizionatore_soggiorno,846841.4375,2026-07-13T12:00:00.000Z
sensor.condizionatore_soggiorno_uptime_condizionatore_soggiorno,850441.4375,2026-07-13T13:00:00.000Z
sensor.condizionatore_soggiorno_uptime_condizionatore_soggiorno,854041.4375,2026-07-13T14:00:00.000Z
sensor.condizionatore_soggiorno_uptime_condizionatore_soggiorno,857641.4375,2026-07-13T15:00:00.000Z
sensor.condizionatore_soggiorno_uptime_condizionatore_soggiorno,861241.4375,2026-07-13T16:00:00.000Z
sensor.condizionatore_soggiorno_uptime_condizionatore_soggiorno,864841.4375,2026-07-13T17:00:00.000Z
sensor.condizionatore_soggiorno_uptime_condizionatore_soggiorno,868441.4375,2026-07-13T18:00:00.000Z
sensor.condizionatore_soggiorno_uptime_condizionatore_soggiorno,872041.4375,2026-07-13T19:00:00.000Z
sensor.condizionatore_soggiorno_uptime_condizionatore_soggiorno,875641.4375,2026-07-13T20:00:00.000Z
sensor.condizionatore_soggiorno_uptime_condizionatore_soggiorno,879241.4375,2026-07-13T21:00:00.000Z
sensor.condizionatore_soggiorno_uptime_condizionatore_soggiorno,882841.4375,2026-07-13T22:00:00.000Z
sensor.condizionatore_soggiorno_uptime_condizionatore_soggiorno,886441.4375,2026-07-13T23:00:00.000Z
sensor.condizionatore_soggiorno_uptime_condizionatore_soggiorno,890041.4375,2026-07-14T00:00:00.000Z
sensor.condizionatore_soggiorno_uptime_condizionatore_soggiorno,893641.4375,2026-07-14T01:00:00.000Z
sensor.condizionatore_soggiorno_uptime_condizionatore_soggiorno,897241.4375,2026-07-14T02:00:00.000Z
sensor.condizionatore_soggiorno_uptime_condizionatore_soggiorno,900841.4375,2026-07-14T03:00:00.000Z
sensor.condizionatore_soggiorno_uptime_condizionatore_soggiorno,904441.4375,2026-07-14T04:00:00.000Z
sensor.condizionatore_soggiorno_uptime_condizionatore_soggiorno,908041.4375,2026-07-14T05:00:00.000Z
sensor.condizionatore_soggiorno_uptime_condizionatore_soggiorno,911641.4375,2026-07-14T06:00:00.000Z
sensor.condizionatore_soggiorno_uptime_condizionatore_soggiorno,915241.4375,2026-07-14T07:00:00.000Z
sensor.condizionatore_soggiorno_uptime_condizionatore_soggiorno,918841.4375,2026-07-14T08:00:00.000Z
sensor.condizionatore_soggiorno_uptime_condizionatore_soggiorno,922441.4375,2026-07-14T09:00:00.000Z
sensor.condizionatore_soggiorno_uptime_condizionatore_soggiorno,926041.4375,2026-07-14T10:00:00.000Z
sensor.condizionatore_soggiorno_uptime_condizionatore_soggiorno,929641.4375,2026-07-14T11:00:00.000Z
sensor.condizionatore_soggiorno_uptime_condizionatore_soggiorno,933241.4375,2026-07-14T12:00:00.000Z
sensor.condizionatore_soggiorno_uptime_condizionatore_soggiorno,936841.4375,2026-07-14T13:00:00.000Z
sensor.condizionatore_soggiorno_uptime_condizionatore_soggiorno,940441.4375,2026-07-14T14:00:00.000Z
sensor.condizionatore_soggiorno_uptime_condizionatore_soggiorno,944041.4375,2026-07-14T15:00:00.000Z
sensor.condizionatore_soggiorno_uptime_condizionatore_soggiorno,947641.4375,2026-07-14T16:00:00.000Z
sensor.condizionatore_soggiorno_uptime_condizionatore_soggiorno,951241.4375,2026-07-14T17:00:00.000Z
sensor.condizionatore_soggiorno_uptime_condizionatore_soggiorno,954841.4375,2026-07-14T18:00:00.000Z
sensor.condizionatore_soggiorno_uptime_condizionatore_soggiorno,958441.4375,2026-07-14T19:00:00.000Z
sensor.condizionatore_soggiorno_uptime_condizionatore_soggiorno,962041.4375,2026-07-14T20:00:00.000Z
sensor.condizionatore_soggiorno_uptime_condizionatore_soggiorno,965641.4375,2026-07-14T21:00:00.000Z
sensor.condizionatore_soggiorno_uptime_condizionatore_soggiorno,969241.5,2026-07-14T22:00:00.000Z
sensor.condizionatore_soggiorno_uptime_condizionatore_soggiorno,972841.5,2026-07-14T23:00:00.000Z
sensor.condizionatore_soggiorno_uptime_condizionatore_soggiorno,976441.5,2026-07-15T00:00:00.000Z
sensor.condizionatore_soggiorno_uptime_condizionatore_soggiorno,980041.5,2026-07-15T01:00:00.000Z
sensor.condizionatore_soggiorno_uptime_condizionatore_soggiorno,983641.5,2026-07-15T02:00:00.000Z
sensor.condizionatore_soggiorno_uptime_condizionatore_soggiorno,987241.5,2026-07-15T03:00:00.000Z
sensor.condizionatore_soggiorno_uptime_condizionatore_soggiorno,990841.5,2026-07-15T04:00:00.000Z
sensor.condizionatore_soggiorno_uptime_condizionatore_soggiorno,994441.5,2026-07-15T05:00:00.000Z
sensor.condizionatore_soggiorno_uptime_condizionatore_soggiorno,998041.5,2026-07-15T06:00:00.000Z
sensor.condizionatore_soggiorno_uptime_condizionatore_soggiorno,1001641.5,2026-07-15T07:00:00.000Z
sensor.condizionatore_soggiorno_uptime_condizionatore_soggiorno,1005241.5,2026-07-15T08:00:00.000Z
sensor.condizionatore_soggiorno_uptime_condizionatore_soggiorno,1008841.5,2026-07-15T09:00:00.000Z
sensor.condizionatore_soggiorno_uptime_condizionatore_soggiorno,1012441.5,2026-07-15T10:00:00.000Z
sensor.condizionatore_soggiorno_uptime_condizionatore_soggiorno,1016041.5,2026-07-15T11:00:00.000Z
sensor.condizionatore_soggiorno_uptime_condizionatore_soggiorno,1019641.5,2026-07-15T12:00:00.000Z
sensor.condizionatore_soggiorno_uptime_condizionatore_soggiorno,1023241.5,2026-07-15T13:00:00.000Z
sensor.condizionatore_soggiorno_uptime_condizionatore_soggiorno,1026841.5,2026-07-15T14:00:00.000Z
sensor.condizionatore_soggiorno_uptime_condizionatore_soggiorno,1030441.5,2026-07-15T15:00:00.000Z
sensor.condizionatore_soggiorno_uptime_condizionatore_soggiorno,1034041.5,2026-07-15T16:00:00.000Z
sensor.condizionatore_soggiorno_uptime_condizionatore_soggiorno,1037641.5,2026-07-15T17:00:00.000Z
sensor.condizionatore_soggiorno_uptime_condizionatore_soggiorno,1083.92602539062,2026-07-15T18:00:00.000Z
sensor.condizionatore_soggiorno_uptime_condizionatore_soggiorno,4683.92822265625,2026-07-15T19:00:00.000Z
sensor.condizionatore_soggiorno_uptime_condizionatore_soggiorno,8283.927734375,2026-07-15T20:00:00.000Z
sensor.condizionatore_soggiorno_uptime_condizionatore_soggiorno,11883.927734375,2026-07-15T21:00:00.000Z
sensor.condizionatore_soggiorno_uptime_condizionatore_soggiorno,15483.9287109375,2026-07-15T22:00:00.000Z
sensor.condizionatore_soggiorno_uptime_condizionatore_soggiorno,19083.9296875,2026-07-15T23:00:00.000Z
sensor.condizionatore_soggiorno_uptime_condizionatore_soggiorno,22683.9296875,2026-07-16T00:00:00.000Z
sensor.condizionatore_soggiorno_uptime_condizionatore_soggiorno,26283.9296875,2026-07-16T01:00:00.000Z
sensor.condizionatore_soggiorno_uptime_condizionatore_soggiorno,29883.9296875,2026-07-16T02:00:00.000Z
sensor.condizionatore_soggiorno_uptime_condizionatore_soggiorno,33483.93359375,2026-07-16T03:00:00.000Z
sensor.condizionatore_soggiorno_uptime_condizionatore_soggiorno,37083.9375,2026-07-16T04:00:00.000Z
sensor.condizionatore_soggiorno_uptime_condizionatore_soggiorno,40683.9375,2026-07-16T05:00:00.000Z
sensor.condizionatore_soggiorno_uptime_condizionatore_soggiorno,44283.9375,2026-07-16T06:00:00.000Z
sensor.condizionatore_soggiorno_uptime_condizionatore_soggiorno,47823.9375,2026-07-16T07:00:00.000Z
sensor.condizionatore_soggiorno_uptime_condizionatore_soggiorno,51483.9375,2026-07-16T08:00:00.000Z
sensor.condizionatore_soggiorno_uptime_condizionatore_soggiorno,55083.94140625,2026-07-16T09:00:00.000Z
sensor.condizionatore_soggiorno_uptime_condizionatore_soggiorno,58683.94140625,2026-07-16T10:00:00.000Z
sensor.condizionatore_soggiorno_uptime_condizionatore_soggiorno,62283.94140625,2026-07-16T11:00:00.000Z
sensor.condizionatore_soggiorno_uptime_condizionatore_soggiorno,65883.9453125,2026-07-16T12:00:00.000Z
sensor.condizionatore_soggiorno_uptime_condizionatore_soggiorno,69483.9453125,2026-07-16T13:00:00.000Z
sensor.condizionatore_soggiorno_uptime_condizionatore_soggiorno,73083.9453125,2026-07-16T14:00:00.000Z
sensor.condizionatore_soggiorno_uptime_condizionatore_soggiorno,76683.9453125,2026-07-16T15:00:00.000Z
sensor.condizionatore_soggiorno_uptime_condizionatore_soggiorno,80283.9453125,2026-07-16T16:00:00.000Z
sensor.condizionatore_soggiorno_uptime_condizionatore_soggiorno,83883.953125,2026-07-16T17:00:00.000Z
sensor.condizionatore_soggiorno_uptime_condizionatore_soggiorno,87483.953125,2026-07-16T18:00:00.000Z
sensor.condizionatore_soggiorno_uptime_condizionatore_soggiorno,91083.953125,2026-07-16T19:00:00.000Z
sensor.condizionatore_soggiorno_uptime_condizionatore_soggiorno,94683.953125,2026-07-16T20:00:00.000Z
sensor.condizionatore_soggiorno_uptime_condizionatore_soggiorno,98283.9609375,2026-07-16T21:00:00.000Z
sensor.condizionatore_soggiorno_uptime_condizionatore_soggiorno,101883.9609375,2026-07-16T22:00:00.000Z
sensor.condizionatore_soggiorno_uptime_condizionatore_soggiorno,105483.9609375,2026-07-16T23:00:00.000Z
sensor.condizionatore_soggiorno_uptime_condizionatore_soggiorno,109083.9609375,2026-07-17T00:00:00.000Z
sensor.condizionatore_soggiorno_uptime_condizionatore_soggiorno,112683.96875,2026-07-17T01:00:00.000Z
sensor.condizionatore_soggiorno_uptime_condizionatore_soggiorno,116283.96875,2026-07-17T02:00:00.000Z
sensor.condizionatore_soggiorno_uptime_condizionatore_soggiorno,119883.96875,2026-07-17T03:00:00.000Z
sensor.condizionatore_soggiorno_uptime_condizionatore_soggiorno,123483.96875,2026-07-17T04:00:00.000Z
sensor.condizionatore_soggiorno_uptime_condizionatore_soggiorno,127083.96875,2026-07-17T05:00:00.000Z
sensor.condizionatore_soggiorno_uptime_condizionatore_soggiorno,130683.9765625,2026-07-17T06:00:00.000Z
sensor.condizionatore_soggiorno_uptime_condizionatore_soggiorno,134283.96875,2026-07-17T07:00:00.000Z
sensor.condizionatore_soggiorno_uptime_condizionatore_soggiorno,137883.96875,2026-07-17T08:00:00.000Z
sensor.condizionatore_soggiorno_uptime_condizionatore_soggiorno,141483.984375,2026-07-17T09:00:00.000Z
sensor.condizionatore_soggiorno_uptime_condizionatore_soggiorno,145083.984375,2026-07-17T10:00:00.000Z
sensor.condizionatore_soggiorno_uptime_condizionatore_soggiorno,148683.984375,2026-07-17T11:00:00.000Z
sensor.condizionatore_soggiorno_uptime_condizionatore_soggiorno,152283.984375,2026-07-17T12:00:00.000Z
sensor.condizionatore_soggiorno_uptime_condizionatore_soggiorno,155883.984375,2026-07-17T13:00:00.000Z
sensor.condizionatore_soggiorno_uptime_condizionatore_soggiorno,159483.984375,2026-07-17T14:00:00.000Z
sensor.condizionatore_soggiorno_uptime_condizionatore_soggiorno,163083.984375,2026-07-17T15:00:00.000Z
sensor.condizionatore_soggiorno_uptime_condizionatore_soggiorno,166683.984375,2026-07-17T16:00:00.000Z
sensor.condizionatore_soggiorno_uptime_condizionatore_soggiorno,170283.984375,2026-07-17T17:00:00.000Z
sensor.condizionatore_soggiorno_uptime_condizionatore_soggiorno,173884,2026-07-17T18:00:00.000Z
sensor.condizionatore_soggiorno_uptime_condizionatore_soggiorno,177484,2026-07-17T19:00:00.000Z
sensor.condizionatore_soggiorno_uptime_condizionatore_soggiorno,181084,2026-07-17T20:00:00.000Z
sensor.condizionatore_soggiorno_uptime_condizionatore_soggiorno,184684,2026-07-17T21:00:00.000Z
sensor.condizionatore_soggiorno_uptime_condizionatore_soggiorno,188284,2026-07-17T22:00:00.000Z
sensor.condizionatore_soggiorno_uptime_condizionatore_soggiorno,191884,2026-07-17T23:00:00.000Z
sensor.condizionatore_soggiorno_uptime_condizionatore_soggiorno,195484,2026-07-18T00:00:00.000Z
sensor.condizionatore_soggiorno_uptime_condizionatore_soggiorno,199084,2026-07-18T01:00:00.000Z
sensor.condizionatore_soggiorno_uptime_condizionatore_soggiorno,202684,2026-07-18T02:00:00.000Z
sensor.condizionatore_soggiorno_uptime_condizionatore_soggiorno,206284,2026-07-18T03:00:00.000Z
sensor.condizionatore_soggiorno_uptime_condizionatore_soggiorno,209884,2026-07-18T04:00:00.000Z
sensor.condizionatore_soggiorno_uptime_condizionatore_soggiorno,213484,2026-07-18T05:00:00.000Z
sensor.condizionatore_soggiorno_uptime_condizionatore_soggiorno,217084,2026-07-18T06:00:00.000Z
sensor.condizionatore_soggiorno_uptime_condizionatore_soggiorno,220684,2026-07-18T07:00:00.000Z
sensor.condizionatore_soggiorno_uptime_condizionatore_soggiorno,224284,2026-07-18T08:00:00.000Z
sensor.condizionatore_soggiorno_uptime_condizionatore_soggiorno,1381.833984375,2026-07-18T09:00:00.000Z
sensor.condizionatore_soggiorno_uptime_condizionatore_soggiorno,4981.833984375,2026-07-18T10:00:00.000Z
sensor.condizionatore_soggiorno_uptime_condizionatore_soggiorno,8581.833984375,2026-07-18T11:00:00.000Z
sensor.condizionatore_soggiorno_uptime_condizionatore_soggiorno,12181.8359375,2026-07-18T12:00:00.000Z
sensor.condizionatore_soggiorno_uptime_condizionatore_soggiorno,15781.8369140625,2026-07-18T13:00:00.000Z
sensor.condizionatore_soggiorno_uptime_condizionatore_soggiorno,19381.837890625,2026-07-18T14:00:00.000Z
sensor.condizionatore_soggiorno_uptime_condizionatore_soggiorno,22981.837890625,2026-07-18T15:00:00.000Z
sensor.condizionatore_soggiorno_uptime_condizionatore_soggiorno,26581.83984375,2026-07-18T16:00:00.000Z
sensor.condizionatore_soggiorno_uptime_condizionatore_soggiorno,30181.83984375,2026-07-18T17:00:00.000Z
sensor.condizionatore_soggiorno_uptime_condizionatore_soggiorno,33781.84375,2026-07-18T18:00:00.000Z
sensor.condizionatore_soggiorno_uptime_condizionatore_soggiorno,37381.84375,2026-07-18T19:00:00.000Z
sensor.condizionatore_soggiorno_uptime_condizionatore_soggiorno,40981.84375,2026-07-18T20:00:00.000Z
sensor.condizionatore_soggiorno_uptime_condizionatore_soggiorno,44581.84765625,2026-07-18T21:00:00.000Z
sensor.condizionatore_soggiorno_uptime_condizionatore_soggiorno,48181.84765625,2026-07-18T22:00:00.000Z
sensor.condizionatore_soggiorno_uptime_condizionatore_soggiorno,51781.8515625,2026-07-18T23:00:00.000Z
sensor.condizionatore_soggiorno_uptime_condizionatore_soggiorno,55381.8515625,2026-07-19T00:00:00.000Z
sensor.condizionatore_soggiorno_uptime_condizionatore_soggiorno,58981.8515625,2026-07-19T01:00:00.000Z
sensor.condizionatore_soggiorno_uptime_condizionatore_soggiorno,62581.8515625,2026-07-19T02:00:00.000Z
sensor.condizionatore_soggiorno_uptime_condizionatore_soggiorno,66181.8515625,2026-07-19T03:00:00.000Z
sensor.condizionatore_soggiorno_uptime_condizionatore_soggiorno,69781.8515625,2026-07-19T04:00:00.000Z
sensor.condizionatore_soggiorno_uptime_condizionatore_soggiorno,73381.859375,2026-07-19T05:00:00.000Z
sensor.condizionatore_soggiorno_uptime_condizionatore_soggiorno,76981.859375,2026-07-19T06:00:00.000Z
sensor.condizionatore_soggiorno_uptime_condizionatore_soggiorno,80581.859375,2026-07-19T07:00:00.000Z
sensor.condizionatore_soggiorno_uptime_condizionatore_soggiorno,84181.8671875,2026-07-19T08:00:00.000Z
sensor.condizionatore_soggiorno_uptime_condizionatore_soggiorno,87781.8671875,2026-07-19T09:00:00.000Z
sensor.condizionatore_soggiorno_uptime_condizionatore_soggiorno,91381.8671875,2026-07-19T10:00:00.000Z
sensor.condizionatore_soggiorno_uptime_condizionatore_soggiorno,94981.8671875,2026-07-19T11:00:00.000Z
sensor.condizionatore_soggiorno_uptime_condizionatore_soggiorno,98581.8671875,2026-07-19T12:00:00.000Z
sensor.condizionatore_soggiorno_uptime_condizionatore_soggiorno,102181.875,2026-07-19T13:00:00.000Z
sensor.condizionatore_soggiorno_uptime_condizionatore_soggiorno,105781.875,2026-07-19T14:00:00.000Z
sensor.condizionatore_soggiorno_uptime_condizionatore_soggiorno,109381.875,2026-07-19T15:00:00.000Z
sensor.condizionatore_soggiorno_uptime_condizionatore_soggiorno,112981.875,2026-07-19T16:00:00.000Z
sensor.condizionatore_soggiorno_uptime_condizionatore_soggiorno,116581.875,2026-07-19T17:00:00.000Z
sensor.condizionatore_soggiorno_uptime_condizionatore_soggiorno,120181.875,2026-07-19T18:00:00.000Z
sensor.condizionatore_soggiorno_uptime_condizionatore_soggiorno,123781.875,2026-07-19T19:00:00.000Z
sensor.condizionatore_soggiorno_uptime_condizionatore_soggiorno,127381.8828125,2026-07-19T20:00:00.000Z
sensor.condizionatore_soggiorno_uptime_condizionatore_soggiorno,130981.8828125,2026-07-19T21:00:00.000Z
sensor.condizionatore_soggiorno_uptime_condizionatore_soggiorno,134581.875,2026-07-19T22:00:00.000Z
sensor.condizionatore_soggiorno_uptime_condizionatore_soggiorno,138181.875,2026-07-19T23:00:00.000Z
sensor.condizionatore_soggiorno_uptime_condizionatore_soggiorno,141781.890625,2026-07-20T00:00:00.000Z
sensor.condizionatore_soggiorno_uptime_condizionatore_soggiorno,145381.890625,2026-07-20T01:00:00.000Z
sensor.condizionatore_soggiorno_uptime_condizionatore_soggiorno,148981.890625,2026-07-20T02:00:00.000Z
sensor.condizionatore_soggiorno_uptime_condizionatore_soggiorno,152581.890625,2026-07-20T03:00:00.000Z
sensor.condizionatore_soggiorno_uptime_condizionatore_soggiorno,156181.890625,2026-07-20T04:00:00.000Z
sensor.condizionatore_soggiorno_uptime_condizionatore_soggiorno,159781.890625,2026-07-20T05:00:00.000Z
sensor.condizionatore_soggiorno_uptime_condizionatore_soggiorno,163381.890625,2026-07-20T06:00:00.000Z
sensor.condizionatore_soggiorno_uptime_condizionatore_soggiorno,166981.890625,2026-07-20T07:00:00.000Z
sensor.condizionatore_soggiorno_uptime_condizionatore_soggiorno,170581.890625,2026-07-20T08:00:00.000Z
sensor.condizionatore_soggiorno_uptime_condizionatore_soggiorno,174181.890625,2026-07-20T09:00:00.000Z
sensor.condizionatore_soggiorno_uptime_condizionatore_soggiorno,177781.890625,2026-07-20T10:00:00.000Z
sensor.condizionatore_soggiorno_uptime_condizionatore_soggiorno,181381.890625,2026-07-20T11:00:00.000Z
sensor.condizionatore_soggiorno_uptime_condizionatore_soggiorno,184981.890625,2026-07-20T12:00:00.000Z
sensor.condizionatore_soggiorno_uptime_condizionatore_soggiorno,188581.890625,2026-07-20T13:00:00.000Z
sensor.condizionatore_soggiorno_uptime_condizionatore_soggiorno,192181.90625,2026-07-20T14:00:00.000Z
sensor.condizionatore_soggiorno_uptime_condizionatore_soggiorno,195781.90625,2026-07-20T15:00:00.000Z
sensor.condizionatore_soggiorno_uptime_condizionatore_soggiorno,199381.90625,2026-07-20T16:00:00.000Z
sensor.condizionatore_soggiorno_uptime_condizionatore_soggiorno,202981.90625,2026-07-20T17:00:00.000Z
sensor.condizionatore_soggiorno_uptime_condizionatore_soggiorno,206581.90625,2026-07-20T18:00:00.000Z
sensor.condizionatore_soggiorno_uptime_condizionatore_soggiorno,210181.90625,2026-07-20T19:00:00.000Z
sensor.condizionatore_soggiorno_uptime_condizionatore_soggiorno,213781.90625,2026-07-20T20:00:00.000Z
sensor.condizionatore_soggiorno_uptime_condizionatore_soggiorno,217381.90625,2026-07-20T21:00:00.000Z
sensor.condizionatore_soggiorno_uptime_condizionatore_soggiorno,220981.90625,2026-07-20T22:00:00.000Z
sensor.condizionatore_soggiorno_uptime_condizionatore_soggiorno,224581.90625,2026-07-20T23:00:00.000Z
sensor.condizionatore_soggiorno_uptime_condizionatore_soggiorno,228181.90625,2026-07-21T00:00:00.000Z
sensor.condizionatore_soggiorno_uptime_condizionatore_soggiorno,231781.90625,2026-07-21T01:00:00.000Z
sensor.condizionatore_soggiorno_uptime_condizionatore_soggiorno,235381.921875,2026-07-21T02:00:00.000Z
sensor.condizionatore_soggiorno_uptime_condizionatore_soggiorno,238981.921875,2026-07-21T03:00:00.000Z
sensor.condizionatore_soggiorno_uptime_condizionatore_soggiorno,242581.921875,2026-07-21T04:00:00.000Z
sensor.condizionatore_soggiorno_uptime_condizionatore_soggiorno,246181.921875,2026-07-21T05:00:00.000Z
sensor.condizionatore_soggiorno_uptime_condizionatore_soggiorno,249781.921875,2026-07-21T06:00:00.000Z
sensor.condizionatore_soggiorno_uptime_condizionatore_soggiorno,253381.921875,2026-07-21T07:00:00.000Z
sensor.condizionatore_soggiorno_uptime_condizionatore_soggiorno,256981.921875,2026-07-21T08:00:00.000Z
sensor.condizionatore_soggiorno_uptime_condizionatore_soggiorno,260581.921875,2026-07-21T09:00:00.000Z
sensor.condizionatore_soggiorno_uptime_condizionatore_soggiorno,264181.9375,2026-07-21T10:00:00.000Z
sensor.condizionatore_soggiorno_uptime_condizionatore_soggiorno,267781.9375,2026-07-21T11:00:00.000Z
sensor.condizionatore_soggiorno_uptime_condizionatore_soggiorno,271381.9375,2026-07-21T12:00:00.000Z
sensor.condizionatore_soggiorno_uptime_condizionatore_soggiorno,274981.9375,2026-07-21T13:00:00.000Z
sensor.condizionatore_soggiorno_uptime_condizionatore_soggiorno,278581.9375,2026-07-21T14:00:00.000Z
sensor.condizionatore_soggiorno_uptime_condizionatore_soggiorno,282181.9375,2026-07-21T15:00:00.000Z
sensor.condizionatore_soggiorno_uptime_condizionatore_soggiorno,285781.9375,2026-07-21T16:00:00.000Z
sensor.condizionatore_soggiorno_uptime_condizionatore_soggiorno,289381.9375,2026-07-21T17:00:00.000Z
sensor.condizionatore_soggiorno_uptime_condizionatore_soggiorno,292981.9375,2026-07-21T18:00:00.000Z
sensor.condizionatore_soggiorno_uptime_condizionatore_soggiorno,296581.9375,2026-07-21T19:00:00.000Z
sensor.condizionatore_soggiorno_uptime_condizionatore_soggiorno,300181.9375,2026-07-21T20:00:00.000Z
sensor.condizionatore_soggiorno_uptime_condizionatore_soggiorno,303781.9375,2026-07-21T21:00:00.000Z
sensor.condizionatore_soggiorno_uptime_condizionatore_soggiorno,307381.9375,2026-07-21T22:00:00.000Z
sensor.condizionatore_soggiorno_uptime_condizionatore_soggiorno,310981.9375,2026-07-21T23:00:00.000Z
sensor.condizionatore_soggiorno_uptime_condizionatore_soggiorno,314581.9375,2026-07-22T00:00:00.000Z
sensor.condizionatore_soggiorno_uptime_condizionatore_soggiorno,318181.9375,2026-07-22T01:00:00.000Z
sensor.condizionatore_soggiorno_uptime_condizionatore_soggiorno,321781.96875,2026-07-22T02:00:00.000Z
sensor.condizionatore_soggiorno_uptime_condizionatore_soggiorno,325381.96875,2026-07-22T03:00:00.000Z
sensor.condizionatore_soggiorno_uptime_condizionatore_soggiorno,328981.96875,2026-07-22T04:00:00.000Z
sensor.condizionatore_soggiorno_uptime_condizionatore_soggiorno,332581.96875,2026-07-22T05:00:00.000Z
sensor.condizionatore_soggiorno_uptime_condizionatore_soggiorno,336181.96875,2026-07-22T06:00:00.000Z
sensor.condizionatore_soggiorno_uptime_condizionatore_soggiorno,339781.96875,2026-07-22T07:00:00.000Z
sensor.condizionatore_soggiorno_uptime_condizionatore_soggiorno,343381.96875,2026-07-22T08:00:00.000Z
sensor.condizionatore_soggiorno_uptime_condizionatore_soggiorno,346981.96875,2026-07-22T09:00:00.000Z
sensor.condizionatore_soggiorno_uptime_condizionatore_soggiorno,350581.96875,2026-07-22T10:00:00.000Z
sensor.condizionatore_soggiorno_uptime_condizionatore_soggiorno,354181.96875,2026-07-22T11:00:00.000Z
sensor.condizionatore_soggiorno_uptime_condizionatore_soggiorno,357781.96875,2026-07-22T12:00:00.000Z
sensor.condizionatore_soggiorno_uptime_condizionatore_soggiorno,361381.96875,2026-07-22T13:00:00.000Z
sensor.condizionatore_soggiorno_uptime_condizionatore_soggiorno,364981.96875,2026-07-22T14:00:00.000Z
sensor.condizionatore_soggiorno_uptime_condizionatore_soggiorno,368581.96875,2026-07-22T15:00:00.000Z
sensor.condizionatore_soggiorno_uptime_condizionatore_soggiorno,372181.96875,2026-07-22T16:00:00.000Z
sensor.condizionatore_soggiorno_uptime_condizionatore_soggiorno,375781.96875,2026-07-22T17:00:00.000Z
sensor.condizionatore_soggiorno_uptime_condizionatore_soggiorno,379381.96875,2026-07-22T18:00:00.000Z
sensor.condizionatore_soggiorno_uptime_condizionatore_soggiorno,382981.96875,2026-07-22T19:00:00.000Z
sensor.condizionatore_soggiorno_uptime_condizionatore_soggiorno,386581.96875,2026-07-22T20:00:00.000Z
sensor.condizionatore_soggiorno_uptime_condizionatore_soggiorno,390181.96875,2026-07-22T21:00:00.000Z
sensor.condizionatore_soggiorno_uptime_condizionatore_soggiorno,393781.96875,2026-07-22T22:00:00.000Z
sensor.condizionatore_soggiorno_uptime_condizionatore_soggiorno,397381.96875,2026-07-22T23:00:00.000Z
sensor.condizionatore_soggiorno_uptime_condizionatore_soggiorno,400982,2026-07-23T00:00:00.000Z
sensor.condizionatore_soggiorno_uptime_condizionatore_soggiorno,404582,2026-07-23T01:00:00.000Z
sensor.condizionatore_soggiorno_uptime_condizionatore_soggiorno,408182,2026-07-23T02:00:00.000Z
sensor.condizionatore_soggiorno_uptime_condizionatore_soggiorno,411782,2026-07-23T03:00:00.000Z
sensor.condizionatore_soggiorno_uptime_condizionatore_soggiorno,415382,2026-07-23T04:00:00.000Z
sensor.condizionatore_soggiorno_uptime_condizionatore_soggiorno,418982,2026-07-23T05:00:00.000Z
sensor.condizionatore_soggiorno_uptime_condizionatore_soggiorno,422582,2026-07-23T06:00:00.000Z
sensor.condizionatore_soggiorno_uptime_condizionatore_soggiorno,426182,2026-07-23T07:00:00.000Z
sensor.condizionatore_soggiorno_uptime_condizionatore_soggiorno,429782,2026-07-23T08:00:00.000Z
sensor.condizionatore_soggiorno_uptime_condizionatore_soggiorno,433382,2026-07-23T09:00:00.000Z
sensor.condizionatore_soggiorno_uptime_condizionatore_soggiorno,436982,2026-07-23T10:00:00.000Z
sensor.condizionatore_soggiorno_uptime_condizionatore_soggiorno,440582,2026-07-23T11:00:00.000Z
sensor.condizionatore_soggiorno_uptime_condizionatore_soggiorno,444182,2026-07-23T12:00:00.000Z
sensor.condizionatore_soggiorno_uptime_condizionatore_soggiorno,447782,2026-07-23T13:00:00.000Z
sensor.condizionatore_soggiorno_uptime_condizionatore_soggiorno,451382,2026-07-23T14:00:00.000Z
sensor.condizionatore_soggiorno_uptime_condizionatore_soggiorno,454982,2026-07-23T15:00:00.000Z
sensor.condizionatore_soggiorno_uptime_condizionatore_soggiorno,458582,2026-07-23T16:00:00.000Z
sensor.condizionatore_soggiorno_uptime_condizionatore_soggiorno,462182,2026-07-23T17:00:00.000Z
sensor.condizionatore_soggiorno_uptime_condizionatore_soggiorno,465782,2026-07-23T18:00:00.000Z
sensor.condizionatore_soggiorno_uptime_condizionatore_soggiorno,469382,2026-07-23T19:00:00.000Z
sensor.condizionatore_soggiorno_uptime_condizionatore_soggiorno,472982,2026-07-23T20:00:00.000Z
sensor.condizionatore_soggiorno_uptime_condizionatore_soggiorno,476582.03125,2026-07-23T21:00:00.000Z
sensor.condizionatore_soggiorno_uptime_condizionatore_soggiorno,480182.03125,2026-07-23T22:00:00.000Z
sensor.condizionatore_soggiorno_uptime_condizionatore_soggiorno,483782.03125,2026-07-23T23:00:00.000Z
sensor.condizionatore_soggiorno_uptime_condizionatore_soggiorno,487382.03125,2026-07-24T00:00:00.000Z
sensor.condizionatore_soggiorno_uptime_condizionatore_soggiorno,490982.03125,2026-07-24T01:00:00.000Z
sensor.condizionatore_soggiorno_uptime_condizionatore_soggiorno,494582.03125,2026-07-24T02:00:00.000Z
sensor.condizionatore_soggiorno_uptime_condizionatore_soggiorno,498182.03125,2026-07-24T03:00:00.000Z
sensor.condizionatore_soggiorno_uptime_condizionatore_soggiorno,501782.03125,2026-07-24T04:00:00.000Z
sensor.condizionatore_soggiorno_uptime_condizionatore_soggiorno,505382.03125,2026-07-24T05:00:00.000Z
sensor.condizionatore_soggiorno_uptime_condizionatore_soggiorno,508982.03125,2026-07-24T06:00:00.000Z
sensor.condizionatore_soggiorno_uptime_condizionatore_soggiorno,512582.03125,2026-07-24T07:00:00.000Z
sensor.condizionatore_soggiorno_uptime_condizionatore_soggiorno,516182.03125,2026-07-24T08:00:00.000Z
sensor.condizionatore_soggiorno_uptime_condizionatore_soggiorno,519782.03125,2026-07-24T09:00:00.000Z
sensor.condizionatore_soggiorno_uptime_condizionatore_soggiorno,523382.03125,2026-07-24T10:00:00.000Z
sensor.condizionatore_soggiorno_uptime_condizionatore_soggiorno,526982.0625,2026-07-24T11:00:00.000Z
sensor.condizionatore_soggiorno_uptime_condizionatore_soggiorno,530582.0625,2026-07-24T12:00:00.000Z
sensor.condizionatore_soggiorno_uptime_condizionatore_soggiorno,534182.0625,2026-07-24T13:00:00.000Z
sensor.condizionatore_soggiorno_uptime_condizionatore_soggiorno,537782.0625,2026-07-24T14:00:00.000Z
sensor.condizionatore_soggiorno_uptime_condizionatore_soggiorno,541382.0625,2026-07-24T15:00:00.000Z
sensor.condizionatore_soggiorno_uptime_condizionatore_soggiorno,544982.0625,2026-07-24T16:00:00.000Z
sensor.condizionatore_soggiorno_uptime_condizionatore_soggiorno,548582.0625,2026-07-24T17:00:00.000Z
sensor.condizionatore_soggiorno_uptime_condizionatore_soggiorno,552182.0625,2026-07-24T18:00:00.000Z
sensor.condizionatore_soggiorno_uptime_condizionatore_soggiorno,555782.0625,2026-07-24T19:00:00.000Z
sensor.condizionatore_soggiorno_uptime_condizionatore_soggiorno,1562.7099609375,2026-07-24T20:00:00.000Z
sensor.condizionatore_soggiorno_uptime_condizionatore_soggiorno,5162.7138671875,2026-07-24T21:00:00.000Z
sensor.condizionatore_soggiorno_uptime_condizionatore_soggiorno,8762.7158203125,2026-07-24T22:00:00.000Z
sensor.condizionatore_soggiorno_uptime_condizionatore_soggiorno,12362.716796875,2026-07-24T23:00:00.000Z
sensor.condizionatore_soggiorno_uptime_condizionatore_soggiorno,15962.716796875,2026-07-25T00:00:00.000Z
sensor.condizionatore_soggiorno_uptime_condizionatore_soggiorno,19562.716796875,2026-07-25T01:00:00.000Z
sensor.condizionatore_soggiorno_uptime_condizionatore_soggiorno,23162.71875,2026-07-25T02:00:00.000Z
sensor.condizionatore_soggiorno_uptime_condizionatore_soggiorno,26762.71875,2026-07-25T03:00:00.000Z
sensor.condizionatore_soggiorno_uptime_condizionatore_soggiorno,30362.71875,2026-07-25T04:00:00.000Z
sensor.condizionatore_soggiorno_uptime_condizionatore_soggiorno,33962.72265625,2026-07-25T05:00:00.000Z
sensor.condizionatore_soggiorno_uptime_condizionatore_soggiorno,37562.72265625,2026-07-25T06:00:00.000Z
sensor.condizionatore_soggiorno_uptime_condizionatore_soggiorno,41162.72265625,2026-07-25T07:00:00.000Z
sensor.condizionatore_soggiorno_uptime_condizionatore_soggiorno,44762.72265625,2026-07-25T08:00:00.000Z
sensor.condizionatore_soggiorno_uptime_condizionatore_soggiorno,48362.7265625,2026-07-25T09:00:00.000Z
sensor.condizionatore_soggiorno_uptime_condizionatore_soggiorno,51962.7265625,2026-07-25T10:00:00.000Z
sensor.condizionatore_soggiorno_uptime_condizionatore_soggiorno,55562.7265625,2026-07-25T11:00:00.000Z
sensor.condizionatore_soggiorno_uptime_condizionatore_soggiorno,59162.7265625,2026-07-25T12:00:00.000Z
sensor.condizionatore_soggiorno_uptime_condizionatore_soggiorno,62762.7265625,2026-07-25T13:00:00.000Z
sensor.condizionatore_soggiorno_uptime_condizionatore_soggiorno,66362.7265625,2026-07-25T14:00:00.000Z
sensor.condizionatore_soggiorno_uptime_condizionatore_soggiorno,69962.7265625,2026-07-25T15:00:00.000Z
sensor.condizionatore_soggiorno_uptime_condizionatore_soggiorno,73562.734375,2026-07-25T16:00:00.000Z
sensor.condizionatore_soggiorno_uptime_condizionatore_soggiorno,77162.734375,2026-07-25T17:00:00.000Z
sensor.condizionatore_soggiorno_uptime_condizionatore_soggiorno,80762.734375,2026-07-25T18:00:00.000Z
sensor.condizionatore_soggiorno_uptime_condizionatore_soggiorno,84362.734375,2026-07-25T19:00:00.000Z
sensor.condizionatore_soggiorno_uptime_condizionatore_soggiorno,87962.734375,2026-07-25T20:00:00.000Z
sensor.condizionatore_soggiorno_uptime_condizionatore_soggiorno,91562.734375,2026-07-25T21:00:00.000Z
sensor.condizionatore_soggiorno_uptime_condizionatore_soggiorno,95162.7421875,2026-07-25T22:00:00.000Z
sensor.condizionatore_soggiorno_uptime_condizionatore_soggiorno,98762.7421875,2026-07-25T23:00:00.000Z
sensor.condizionatore_soggiorno_uptime_condizionatore_soggiorno,102362.7421875,2026-07-26T00:00:00.000Z
sensor.condizionatore_soggiorno_uptime_condizionatore_soggiorno,105962.7421875,2026-07-26T01:00:00.000Z
sensor.condizionatore_soggiorno_uptime_condizionatore_soggiorno,109562.7421875,2026-07-26T02:00:00.000Z
sensor.condizionatore_soggiorno_uptime_condizionatore_soggiorno,113162.7421875,2026-07-26T03:00:00.000Z
sensor.condizionatore_soggiorno_uptime_condizionatore_soggiorno,116762.7421875,2026-07-26T04:00:00.000Z
sensor.condizionatore_soggiorno_uptime_condizionatore_soggiorno,120362.75,2026-07-26T05:00:00.000Z
sensor.condizionatore_soggiorno_uptime_condizionatore_soggiorno,123962.75,2026-07-26T06:00:00.000Z
sensor.condizionatore_soggiorno_uptime_condizionatore_soggiorno,127562.75,2026-07-26T07:00:00.000Z
sensor.condizionatore_soggiorno_uptime_condizionatore_soggiorno,131162.75,2026-07-26T08:00:00.000Z
sensor.condizionatore_soggiorno_uptime_condizionatore_soggiorno,134762.75,2026-07-26T09:00:00.000Z
sensor.condizionatore_soggiorno_uptime_condizionatore_soggiorno,138362.75,2026-07-26T10:00:00.000Z
sensor.condizionatore_soggiorno_uptime_condizionatore_soggiorno,141962.75,2026-07-26T11:00:00.000Z
sensor.condizionatore_soggiorno_uptime_condizionatore_soggiorno,145562.765625,2026-07-26T12:00:00.000Z
sensor.condizionatore_soggiorno_uptime_condizionatore_soggiorno,149162.765625,2026-07-26T13:00:00.000Z
sensor.condizionatore_soggiorno_uptime_condizionatore_soggiorno,152762.765625,2026-07-26T14:00:00.000Z
sensor.condizionatore_soggiorno_uptime_condizionatore_soggiorno,156362.765625,2026-07-26T15:00:00.000Z
sensor.condizionatore_soggiorno_uptime_condizionatore_soggiorno,159962.765625,2026-07-26T16:00:00.000Z
sensor.condizionatore_soggiorno_uptime_condizionatore_soggiorno,163562.765625,2026-07-26T17:00:00.000Z
sensor.condizionatore_soggiorno_uptime_condizionatore_soggiorno,167162.765625,2026-07-26T18:00:00.000Z
sensor.condizionatore_soggiorno_uptime_condizionatore_soggiorno,170762.765625,2026-07-26T19:00:00.000Z
sensor.condizionatore_soggiorno_uptime_condizionatore_soggiorno,174362.765625,2026-07-26T20:00:00.000Z
sensor.condizionatore_soggiorno_uptime_condizionatore_soggiorno,177962.765625,2026-07-26T21:00:00.000Z
sensor.condizionatore_soggiorno_uptime_condizionatore_soggiorno,181562.78125,2026-07-26T22:00:00.000Z
sensor.condizionatore_soggiorno_uptime_condizionatore_soggiorno,185162.78125,2026-07-26T23:00:00.000Z
sensor.condizionatore_soggiorno_uptime_condizionatore_soggiorno,188762.78125,2026-07-27T00:00:00.000Z
sensor.condizionatore_soggiorno_uptime_condizionatore_soggiorno,192362.78125,2026-07-27T01:00:00.000Z
sensor.condizionatore_soggiorno_uptime_condizionatore_soggiorno,195962.78125,2026-07-27T02:00:00.000Z
sensor.condizionatore_soggiorno_uptime_condizionatore_soggiorno,199562.78125,2026-07-27T03:00:00.000Z
sensor.condizionatore_soggiorno_uptime_condizionatore_soggiorno,203162.78125,2026-07-27T04:00:00.000Z
sensor.condizionatore_soggiorno_uptime_condizionatore_soggiorno,206762.78125,2026-07-27T05:00:00.000Z
sensor.condizionatore_soggiorno_uptime_condizionatore_soggiorno,210362.78125,2026-07-27T06:00:00.000Z
sensor.condizionatore_soggiorno_uptime_condizionatore_soggiorno,213962.78125,2026-07-27T07:00:00.000Z
sensor.condizionatore_soggiorno_uptime_condizionatore_soggiorno,217562.796875,2026-07-27T08:00:00.000Z
sensor.condizionatore_soggiorno_uptime_condizionatore_soggiorno,221162.796875,2026-07-27T09:00:00.000Z
sensor.condizionatore_soggiorno_uptime_condizionatore_soggiorno,224762.796875,2026-07-27T10:00:00.000Z
sensor.condizionatore_soggiorno_uptime_condizionatore_soggiorno,228362.796875,2026-07-27T11:00:00.000Z
sensor.condizionatore_soggiorno_uptime_condizionatore_soggiorno,231962.796875,2026-07-27T12:00:00.000Z
sensor.condizionatore_soggiorno_uptime_condizionatore_soggiorno,235562.796875,2026-07-27T13:00:00.000Z
sensor.condizionatore_soggiorno_uptime_condizionatore_soggiorno,239162.796875,2026-07-27T14:00:00.000Z
sensor.condizionatore_soggiorno_uptime_condizionatore_soggiorno,242762.796875,2026-07-27T15:00:00.000Z
sensor.condizionatore_soggiorno_uptime_condizionatore_soggiorno,246362.796875,2026-07-27T16:00:00.000Z
sensor.condizionatore_soggiorno_uptime_condizionatore_soggiorno,249962.8125,2026-07-27T17:00:00.000Z
sensor.condizionatore_soggiorno_uptime_condizionatore_soggiorno,253562.8125,2026-07-27T18:00:00.000Z
sensor.condizionatore_soggiorno_uptime_condizionatore_soggiorno,257162.8125,2026-07-27T19:00:00.000Z
sensor.condizionatore_soggiorno_uptime_condizionatore_soggiorno,260762.8125,2026-07-27T20:00:00.000Z
sensor.condizionatore_soggiorno_uptime_condizionatore_soggiorno,264362.8125,2026-07-27T21:00:00.000Z
sensor.condizionatore_soggiorno_uptime_condizionatore_soggiorno,267962.8125,2026-07-27T22:00:00.000Z
sensor.condizionatore_soggiorno_uptime_condizionatore_soggiorno,271562.8125,2026-07-27T23:00:00.000Z
sensor.condizionatore_soggiorno_uptime_condizionatore_soggiorno,275162.8125,2026-07-28T00:00:00.000Z
sensor.condizionatore_soggiorno_uptime_condizionatore_soggiorno,278762.8125,2026-07-28T01:00:00.000Z
sensor.condizionatore_soggiorno_uptime_condizionatore_soggiorno,282362.8125,2026-07-28T02:00:00.000Z
sensor.condizionatore_soggiorno_uptime_condizionatore_soggiorno,285962.8125,2026-07-28T03:00:00.000Z
sensor.condizionatore_soggiorno_uptime_condizionatore_soggiorno,289562.8125,2026-07-28T04:00:00.000Z
sensor.condizionatore_soggiorno_uptime_condizionatore_soggiorno,293162.8125,2026-07-28T05:00:00.000Z
sensor.condizionatore_soggiorno_uptime_condizionatore_soggiorno,296762.8125,2026-07-28T06:00:00.000Z
sensor.condizionatore_soggiorno_uptime_condizionatore_soggiorno,300362.8125,2026-07-28T07:00:00.000Z
sensor.condizionatore_soggiorno_uptime_condizionatore_soggiorno,303962.8125,2026-07-28T08:00:00.000Z
sensor.condizionatore_soggiorno_uptime_condizionatore_soggiorno,307562.8125,2026-07-28T09:00:00.000Z
sensor.condizionatore_soggiorno_uptime_condizionatore_soggiorno,311162.84375,2026-07-28T10:00:00.000Z
sensor.condizionatore_soggiorno_uptime_condizionatore_soggiorno,314762.84375,2026-07-28T11:00:00.000Z
sensor.condizionatore_soggiorno_uptime_condizionatore_soggiorno,318362.84375,2026-07-28T12:00:00.000Z
sensor.condizionatore_soggiorno_uptime_condizionatore_soggiorno,321962.84375,2026-07-28T13:00:00.000Z
sensor.condizionatore_soggiorno_uptime_condizionatore_soggiorno,325562.84375,2026-07-28T14:00:00.000Z
sensor.condizionatore_soggiorno_uptime_condizionatore_soggiorno,329162.84375,2026-07-28T15:00:00.000Z
sensor.condizionatore_soggiorno_uptime_condizionatore_soggiorno,332762.84375,2026-07-28T16:00:00.000Z
sensor.condizionatore_soggiorno_uptime_condizionatore_soggiorno,336362.84375,2026-07-28T17:00:00.000Z
sensor.condizionatore_soggiorno_uptime_condizionatore_soggiorno,339962.84375,2026-07-28T18:00:00.000Z
sensor.condizionatore_soggiorno_uptime_condizionatore_soggiorno,343562.84375,2026-07-28T19:00:00.000Z
sensor.condizionatore_soggiorno_uptime_condizionatore_soggiorno,347162.84375,2026-07-28T20:00:00.000Z
sensor.condizionatore_soggiorno_uptime_condizionatore_soggiorno,350762.84375,2026-07-28T21:00:00.000Z
sensor.condizionatore_soggiorno_uptime_condizionatore_soggiorno,354362.84375,2026-07-28T22:00:00.000Z
sensor.condizionatore_soggiorno_uptime_condizionatore_soggiorno,357962.84375,2026-07-28T23:00:00.000Z
sensor.condizionatore_soggiorno_uptime_condizionatore_soggiorno,361562.84375,2026-07-29T00:00:00.000Z
sensor.condizionatore_soggiorno_uptime_condizionatore_soggiorno,365162.84375,2026-07-29T01:00:00.000Z
sensor.condizionatore_soggiorno_uptime_condizionatore_soggiorno,368762.84375,2026-07-29T02:00:00.000Z
sensor.condizionatore_soggiorno_uptime_condizionatore_soggiorno,372362.84375,2026-07-29T03:00:00.000Z
sensor.condizionatore_soggiorno_uptime_condizionatore_soggiorno,375962.84375,2026-07-29T04:00:00.000Z
sensor.condizionatore_soggiorno_uptime_condizionatore_soggiorno,379562.84375,2026-07-29T05:00:00.000Z
sensor.condizionatore_soggiorno_uptime_condizionatore_soggiorno,383162.84375,2026-07-29T06:00:00.000Z
sensor.condizionatore_soggiorno_uptime_condizionatore_soggiorno,386762.84375,2026-07-29T07:00:00.000Z
sensor.condizionatore_soggiorno_uptime_condizionatore_soggiorno,390362.84375,2026-07-29T08:00:00.000Z
sensor.condizionatore_soggiorno_uptime_condizionatore_soggiorno,393962.84375,2026-07-29T09:00:00.000Z
sensor.condizionatore_soggiorno_uptime_condizionatore_soggiorno,397562.875,2026-07-29T10:00:00.000Z
sensor.condizionatore_soggiorno_uptime_condizionatore_soggiorno,401162.875,2026-07-29T11:00:00.000Z
sensor.condizionatore_soggiorno_uptime_condizionatore_soggiorno,404762.875,2026-07-29T12:00:00.000Z
sensor.condizionatore_soggiorno_uptime_condizionatore_soggiorno,408362.875,2026-07-29T13:00:00.000Z
sensor.condizionatore_soggiorno_uptime_condizionatore_soggiorno,411962.875,2026-07-29T14:00:00.000Z
sensor.condizionatore_soggiorno_uptime_condizionatore_soggiorno,415562.875,2026-07-29T15:00:00.000Z
sensor.condizionatore_soggiorno_uptime_condizionatore_soggiorno,419162.875,2026-07-29T16:00:00.000Z
sensor.condizionatore_soggiorno_uptime_condizionatore_soggiorno,422762.875,2026-07-29T17:00:00.000Z
sensor.condizionatore_soggiorno_uptime_condizionatore_soggiorno,426362.875,2026-07-29T18:00:00.000Z
sensor.condizionatore_soggiorno_uptime_condizionatore_soggiorno,429962.875,2026-07-29T19:00:00.000Z
sensor.condizionatore_soggiorno_uptime_condizionatore_soggiorno,433562.875,2026-07-29T20:00:00.000Z
sensor.condizionatore_soggiorno_uptime_condizionatore_soggiorno,437162.875,2026-07-29T21:00:00.000Z
sensor.condizionatore_soggiorno_uptime_condizionatore_soggiorno,440762.875,2026-07-29T22:00:00.000Z
sensor.condizionatore_soggiorno_uptime_condizionatore_soggiorno,444362.875,2026-07-29T23:00:00.000Z
sensor.condizionatore_soggiorno_uptime_condizionatore_soggiorno,447962.875,2026-07-30T00:00:00.000Z
sensor.condizionatore_soggiorno_uptime_condizionatore_soggiorno,451562.875,2026-07-30T01:00:00.000Z
sensor.condizionatore_soggiorno_uptime_condizionatore_soggiorno,455162.875,2026-07-30T02:00:00.000Z
sensor.condizionatore_soggiorno_uptime_condizionatore_soggiorno,458762.875,2026-07-30T03:00:00.000Z
sensor.condizionatore_soggiorno_uptime_condizionatore_soggiorno,462362.875,2026-07-30T04:00:00.000Z
sensor.condizionatore_soggiorno_uptime_condizionatore_soggiorno,465962.875,2026-07-30T05:00:00.000Z
sensor.condizionatore_soggiorno_uptime_condizionatore_soggiorno,469562.90625,2026-07-30T06:00:00.000Z
sensor.condizionatore_soggiorno_uptime_condizionatore_soggiorno,473162.90625,2026-07-30T07:00:00.000Z
sensor.condizionatore_soggiorno_uptime_condizionatore_soggiorno,476762.90625,2026-07-30T08:00:00.000Z
sensor.condizionatore_soggiorno_uptime_condizionatore_soggiorno,480362.90625,2026-07-30T09:00:00.000Z
sensor.condizionatore_soggiorno_uptime_condizionatore_soggiorno,483962.90625,2026-07-30T10:00:00.000Z
sensor.condizionatore_soggiorno_uptime_condizionatore_soggiorno,487562.90625,2026-07-30T11:00:00.000Z
sensor.condizionatore_soggiorno_uptime_condizionatore_soggiorno,491162.90625,2026-07-30T12:00:00.000Z
sensor.condizionatore_soggiorno_uptime_condizionatore_soggiorno,494762.90625,2026-07-30T13:00:00.000Z
sensor.condizionatore_soggiorno_uptime_condizionatore_soggiorno,498362.90625,2026-07-30T14:00:00.000Z
sensor.condizionatore_soggiorno_uptime_condizionatore_soggiorno,501962.90625,2026-07-30T15:00:00.000Z
sensor.condizionatore_soggiorno_uptime_condizionatore_soggiorno,505562.90625,2026-07-30T16:00:00.000Z
sensor.condizionatore_soggiorno_uptime_condizionatore_soggiorno,509162.90625,2026-07-30T17:00:00.000Z
sensor.condizionatore_soggiorno_uptime_condizionatore_soggiorno,512762.90625,2026-07-30T18:00:00.000Z
sensor.condizionatore_soggiorno_uptime_condizionatore_soggiorno,516362.90625,2026-07-30T19:00:00.000Z
sensor.condizionatore_soggiorno_uptime_condizionatore_soggiorno,519962.90625,2026-07-30T20:00:00.000Z
sensor.condizionatore_soggiorno_uptime_condizionatore_soggiorno,523562.90625,2026-07-30T21:00:00.000Z
sensor.condizionatore_soggiorno_uptime_condizionatore_soggiorno,527162.9375,2026-07-30T22:00:00.000Z
sensor.condizionatore_soggiorno_uptime_condizionatore_soggiorno,530762.9375,2026-07-30T23:00:00.000Z
sensor.condizionatore_soggiorno_uptime_condizionatore_soggiorno,534362.9375,2026-07-31T00:00:00.000Z
sensor.condizionatore_soggiorno_uptime_condizionatore_soggiorno,537962.9375,2026-07-31T01:00:00.000Z
sensor.condizionatore_soggiorno_uptime_condizionatore_soggiorno,541562.9375,2026-07-31T02:00:00.000Z
sensor.condizionatore_soggiorno_uptime_condizionatore_soggiorno,545162.9375,2026-07-31T03:00:00.000Z
sensor.condizionatore_soggiorno_uptime_condizionatore_soggiorno,548762.9375,2026-07-31T04:00:00.000Z
sensor.condizionatore_soggiorno_uptime_condizionatore_soggiorno,552362.9375,2026-07-31T05:00:00.000Z
sensor.condizionatore_soggiorno_uptime_condizionatore_soggiorno,555962.9375,2026-07-31T06:00:00.000Z
sensor.condizionatore_soggiorno_uptime_condizionatore_soggiorno,559562.9375,2026-07-31T07:00:00.000Z
sensor.condizionatore_soggiorno_uptime_condizionatore_soggiorno,563162.9375,2026-07-31T08:00:00.000Z
sensor.condizionatore_soggiorno_uptime_condizionatore_soggiorno,566762.9375,2026-07-31T09:00:00.000Z
sensor.condizionatore_soggiorno_uptime_condizionatore_soggiorno,570362.9375,2026-07-31T10:00:00.000Z
sensor.condizionatore_soggiorno_uptime_condizionatore_soggiorno,573962.9375,2026-07-31T11:00:00.000Z
sensor.condizionatore_soggiorno_uptime_condizionatore_soggiorno,577562.9375,2026-07-31T12:00:00.000Z
sensor.condizionatore_soggiorno_uptime_condizionatore_soggiorno,581162.9375,2026-07-31T13:00:00.000Z
sensor.condizionatore_soggiorno_uptime_condizionatore_soggiorno,584762.9375,2026-07-31T14:00:00.000Z
sensor.condizionatore_soggiorno_uptime_condizionatore_soggiorno,588362.9375,2026-07-31T15:00:00.000Z
sensor.condizionatore_soggiorno_uptime_condizionatore_soggiorno,591962.9375,2026-07-31T16:00:00.000Z
sensor.condizionatore_soggiorno_uptime_condizionatore_soggiorno,595562.9375,2026-07-31T17:00:00.000Z
sensor.condizionatore_soggiorno_uptime_condizionatore_soggiorno,599162.9375,2026-07-31T18:00:00.000Z
sensor.condizionatore_soggiorno_uptime_condizionatore_soggiorno,602762.9375,2026-07-31T19:00:00.000Z
sensor.condizionatore_soggiorno_uptime_condizionatore_soggiorno,606362.9375,2026-07-31T20:00:00.000Z
sensor.condizionatore_soggiorno_uptime_condizionatore_soggiorno,609962.9375,2026-07-31T21:00:00.000Z
sensor.condizionatore_soggiorno_uptime_condizionatore_soggiorno,613562.9375,2026-07-31T22:00:00.000Z
sensor.condizionatore_soggiorno_uptime_condizionatore_soggiorno,617162.9375,2026-07-31T23:00:00.000Z
sensor.condizionatore_soggiorno_uptime_condizionatore_soggiorno,620762.9375,2026-08-01T00:00:00.000Z
sensor.condizionatore_soggiorno_uptime_condizionatore_soggiorno,624362.9375,2026-08-01T01:00:00.000Z
sensor.condizionatore_soggiorno_uptime_condizionatore_soggiorno,627962.9375,2026-08-01T02:00:00.000Z
sensor.condizionatore_soggiorno_uptime_condizionatore_soggiorno,631562.9375,2026-08-01T03:00:00.000Z
sensor.condizionatore_soggiorno_uptime_condizionatore_soggiorno,635162.9375,2026-08-01T04:00:00.000Z
sensor.condizionatore_soggiorno_uptime_condizionatore_soggiorno,638762.9375,2026-08-01T05:00:00.000Z
sensor.condizionatore_soggiorno_uptime_condizionatore_soggiorno,642362.9375,2026-08-01T06:00:00.000Z
sensor.condizionatore_soggiorno_uptime_condizionatore_soggiorno,645962.9375,2026-08-01T07:00:00.000Z
sensor.condizionatore_soggiorno_uptime_condizionatore_soggiorno,649562.9375,2026-08-01T08:00:00.000Z
sensor.condizionatore_soggiorno_uptime_condizionatore_soggiorno,2283.44189453125,2026-08-01T09:00:00.000Z
sensor.condizionatore_soggiorno_uptime_condizionatore_soggiorno,5883.44482421875,2026-08-01T10:00:00.000Z
sensor.condizionatore_soggiorno_uptime_condizionatore_soggiorno,9483.4482421875,2026-08-01T11:00:00.000Z
sensor.condizionatore_soggiorno_uptime_condizionatore_soggiorno,12243.4501953125,2026-08-01T12:00:00.000Z
sensor.condizionatore_soggiorno_uptime_condizionatore_soggiorno,242.225006103516,2026-08-14T05:00:00.000Z
sensor.condizionatore_soggiorno_uptime_condizionatore_soggiorno,3842.22705078125,2026-08-14T06:00:00.000Z
sensor.condizionatore_soggiorno_uptime_condizionatore_soggiorno,7442.22802734375,2026-08-14T07:00:00.000Z
sensor.condizionatore_soggiorno_uptime_condizionatore_soggiorno,11042.2314453125,2026-08-14T08:00:00.000Z
sensor.condizionatore_soggiorno_uptime_condizionatore_soggiorno,14642.232421875,2026-08-14T09:00:00.000Z
sensor.condizionatore_soggiorno_uptime_condizionatore_soggiorno,18242.234375,2026-08-14T10:00:00.000Z
sensor.condizionatore_soggiorno_uptime_condizionatore_soggiorno,21842.23828125,2026-08-14T11:00:00.000Z
sensor.condizionatore_soggiorno_uptime_condizionatore_soggiorno,25442.240234375,2026-08-14T12:00:00.000Z
sensor.condizionatore_soggiorno_uptime_condizionatore_soggiorno,29042.240234375,2026-08-14T13:00:00.000Z
sensor.condizionatore_soggiorno_uptime_condizionatore_soggiorno,32642.2421875,2026-08-14T14:00:00.000Z
sensor.condizionatore_soggiorno_uptime_condizionatore_soggiorno,36242.2421875,2026-08-14T15:00:00.000Z
sensor.condizionatore_soggiorno_uptime_condizionatore_soggiorno,39842.24609375,2026-08-14T16:00:00.000Z
sensor.condizionatore_soggiorno_uptime_condizionatore_soggiorno,43442.24609375,2026-08-14T17:00:00.000Z
sensor.condizionatore_soggiorno_uptime_condizionatore_soggiorno,47042.24609375,2026-08-14T18:00:00.000Z
sensor.condizionatore_soggiorno_uptime_condizionatore_soggiorno,50642.25,2026-08-14T19:00:00.000Z
sensor.condizionatore_soggiorno_uptime_condizionatore_soggiorno,54242.25,2026-08-14T20:00:00.000Z
sensor.condizionatore_soggiorno_uptime_condizionatore_soggiorno,57842.25390625,2026-08-14T21:00:00.000Z
sensor.condizionatore_soggiorno_uptime_condizionatore_soggiorno,61442.25390625,2026-08-14T22:00:00.000Z
sensor.condizionatore_soggiorno_uptime_condizionatore_soggiorno,65042.2578125,2026-08-14T23:00:00.000Z
sensor.condizionatore_soggiorno_uptime_condizionatore_soggiorno,68642.2578125,2026-08-15T00:00:00.000Z
sensor.condizionatore_soggiorno_uptime_condizionatore_soggiorno,72242.2578125,2026-08-15T01:00:00.000Z
sensor.condizionatore_soggiorno_uptime_condizionatore_soggiorno,75842.2578125,2026-08-15T02:00:00.000Z
sensor.condizionatore_soggiorno_uptime_condizionatore_soggiorno,79442.2578125,2026-08-15T03:00:00.000Z
sensor.condizionatore_soggiorno_uptime_condizionatore_soggiorno,83042.2578125,2026-08-15T04:00:00.000Z
sensor.condizionatore_soggiorno_uptime_condizionatore_soggiorno,86642.265625,2026-08-15T05:00:00.000Z
sensor.condizionatore_soggiorno_uptime_condizionatore_soggiorno,90242.265625,2026-08-15T06:00:00.000Z
sensor.condizionatore_soggiorno_uptime_condizionatore_soggiorno,93842.265625,2026-08-15T07:00:00.000Z
sensor.condizionatore_soggiorno_uptime_condizionatore_soggiorno,97442.265625,2026-08-15T08:00:00.000Z
sensor.condizionatore_soggiorno_uptime_condizionatore_soggiorno,101042.265625,2026-08-15T09:00:00.000Z
sensor.condizionatore_soggiorno_uptime_condizionatore_soggiorno,104642.2734375,2026-08-15T10:00:00.000Z
sensor.condizionatore_soggiorno_uptime_condizionatore_soggiorno,108242.2734375,2026-08-15T11:00:00.000Z
sensor.condizionatore_soggiorno_uptime_condizionatore_soggiorno,111842.2734375,2026-08-15T12:00:00.000Z
sensor.condizionatore_soggiorno_uptime_condizionatore_soggiorno,unavailable,2026-08-15T12:57:59.179Z
sensor.condizionatore_soggiorno_wifi_condizionatore_soggiorno,-59.400000899999995,2026-07-01T17:00:00.000Z
sensor.condizionatore_soggiorno_wifi_condizionatore_soggiorno,-58.68594497136275,2026-07-01T18:00:00.000Z
sensor.condizionatore_soggiorno_wifi_condizionatore_soggiorno,-55.026173654836356,2026-07-01T20:00:00.000Z
sensor.condizionatore_soggiorno_wifi_condizionatore_soggiorno,-57.79875537972222,2026-07-01T21:00:00.000Z
sensor.condizionatore_soggiorno_wifi_condizionatore_soggiorno,-58.899902490833334,2026-07-01T22:00:00.000Z
sensor.condizionatore_soggiorno_wifi_condizionatore_soggiorno,-58.80416241972222,2026-07-01T23:00:00.000Z
sensor.condizionatore_soggiorno_wifi_condizionatore_soggiorno,-58.61251298,2026-07-02T00:00:00.000Z
sensor.condizionatore_soggiorno_wifi_condizionatore_soggiorno,-58.63747588777778,2026-07-02T01:00:00.000Z
sensor.condizionatore_soggiorno_wifi_condizionatore_soggiorno,-58.53332563083333,2026-07-02T02:00:00.000Z
sensor.condizionatore_soggiorno_wifi_condizionatore_soggiorno,-58.57918264777778,2026-07-02T03:00:00.000Z
sensor.condizionatore_soggiorno_wifi_condizionatore_soggiorno,-58.72079237111111,2026-07-02T04:00:00.000Z
sensor.condizionatore_soggiorno_wifi_condizionatore_soggiorno,-59.03763674638889,2026-07-02T05:00:00.000Z
sensor.condizionatore_soggiorno_wifi_condizionatore_soggiorno,-60.30413217305556,2026-07-02T06:00:00.000Z
sensor.condizionatore_soggiorno_wifi_condizionatore_soggiorno,-58.321723236111104,2026-07-02T07:00:00.000Z
sensor.condizionatore_soggiorno_wifi_condizionatore_soggiorno,-58.03333280277778,2026-07-02T08:00:00.000Z
sensor.condizionatore_soggiorno_wifi_condizionatore_soggiorno,-57.96666438194444,2026-07-02T09:00:00.000Z
sensor.condizionatore_soggiorno_wifi_condizionatore_soggiorno,-58.016666148055556,2026-07-02T10:00:00.000Z
sensor.condizionatore_soggiorno_wifi_condizionatore_soggiorno,-58,2026-07-02T11:00:00.000Z
sensor.condizionatore_soggiorno_wifi_condizionatore_soggiorno,-58.016668923888886,2026-07-02T12:00:00.000Z
sensor.condizionatore_soggiorno_wifi_condizionatore_soggiorno,-58,2026-07-02T13:00:00.000Z
sensor.condizionatore_soggiorno_wifi_condizionatore_soggiorno,-57.9704832725,2026-07-02T14:00:00.000Z
sensor.condizionatore_soggiorno_wifi_condizionatore_soggiorno,-57.98333346944444,2026-07-02T15:00:00.000Z
sensor.condizionatore_soggiorno_wifi_condizionatore_soggiorno,-58.36669872472223,2026-07-02T16:00:00.000Z
sensor.condizionatore_soggiorno_wifi_condizionatore_soggiorno,-59.93992784174506,2026-07-02T17:00:00.000Z
sensor.condizionatore_soggiorno_wifi_condizionatore_soggiorno,-60.78813770638889,2026-07-02T18:00:00.000Z
sensor.condizionatore_soggiorno_wifi_condizionatore_soggiorno,-60.73802285777777,2026-07-02T19:00:00.000Z
sensor.condizionatore_soggiorno_wifi_condizionatore_soggiorno,-60.978521493888884,2026-07-02T20:00:00.000Z
sensor.condizionatore_soggiorno_wifi_condizionatore_soggiorno,-61.554778139444444,2026-07-02T21:00:00.000Z
sensor.condizionatore_soggiorno_wifi_condizionatore_soggiorno,-62,2026-07-02T22:00:00.000Z
sensor.condizionatore_soggiorno_wifi_condizionatore_soggiorno,-61.19519532416666,2026-07-02T23:00:00.000Z
sensor.condizionatore_soggiorno_wifi_condizionatore_soggiorno,-61,2026-07-03T00:00:00.000Z
sensor.condizionatore_soggiorno_wifi_condizionatore_soggiorno,-61,2026-07-03T01:00:00.000Z
sensor.condizionatore_soggiorno_wifi_condizionatore_soggiorno,-61.01666702,2026-07-03T03:00:00.000Z
sensor.condizionatore_soggiorno_wifi_condizionatore_soggiorno,-61,2026-07-03T04:00:00.000Z
sensor.condizionatore_soggiorno_wifi_condizionatore_soggiorno,-61.00000070222222,2026-07-03T05:00:00.000Z
sensor.condizionatore_soggiorno_wifi_condizionatore_soggiorno,-61.62613318944444,2026-07-03T06:00:00.000Z
sensor.condizionatore_soggiorno_wifi_condizionatore_soggiorno,-61.93544713583333,2026-07-03T07:00:00.000Z
sensor.condizionatore_soggiorno_wifi_condizionatore_soggiorno,-64.73922781,2026-07-03T17:00:00.000Z
sensor.condizionatore_soggiorno_wifi_condizionatore_soggiorno,-60.87297626972222,2026-07-03T18:00:00.000Z
sensor.condizionatore_soggiorno_wifi_condizionatore_soggiorno,-58.707476013611114,2026-07-03T19:00:00.000Z
sensor.condizionatore_soggiorno_wifi_condizionatore_soggiorno,-58.451478144444444,2026-07-03T20:00:00.000Z
sensor.condizionatore_soggiorno_wifi_condizionatore_soggiorno,-58.01517942666666,2026-07-03T21:00:00.000Z
sensor.condizionatore_soggiorno_wifi_condizionatore_soggiorno,-58.06666180444444,2026-07-03T22:00:00.000Z
sensor.condizionatore_soggiorno_wifi_condizionatore_soggiorno,-58.16666635194445,2026-07-03T23:00:00.000Z
sensor.condizionatore_soggiorno_wifi_condizionatore_soggiorno,-58.05000325722222,2026-07-04T00:00:00.000Z
sensor.condizionatore_soggiorno_wifi_condizionatore_soggiorno,-58.0333353975,2026-07-04T01:00:00.000Z
sensor.condizionatore_soggiorno_wifi_condizionatore_soggiorno,-58,2026-07-04T02:00:00.000Z
sensor.condizionatore_soggiorno_wifi_condizionatore_soggiorno,-58,2026-07-04T03:00:00.000Z
sensor.condizionatore_soggiorno_wifi_condizionatore_soggiorno,-58.016665223888886,2026-07-04T04:00:00.000Z
sensor.condizionatore_soggiorno_wifi_condizionatore_soggiorno,-58,2026-07-04T05:00:00.000Z
sensor.condizionatore_soggiorno_wifi_condizionatore_soggiorno,-58,2026-07-04T06:00:00.000Z
sensor.condizionatore_soggiorno_wifi_condizionatore_soggiorno,-58.45152769888889,2026-07-04T07:00:00.000Z
sensor.condizionatore_soggiorno_wifi_condizionatore_soggiorno,-58.88180099861111,2026-07-04T08:00:00.000Z
sensor.condizionatore_soggiorno_wifi_condizionatore_soggiorno,-59.1181897475,2026-07-04T09:00:00.000Z
sensor.condizionatore_soggiorno_wifi_condizionatore_soggiorno,-58.81820473194444,2026-07-04T10:00:00.000Z
sensor.condizionatore_soggiorno_wifi_condizionatore_soggiorno,-59.21514406083333,2026-07-04T11:00:00.000Z
sensor.condizionatore_soggiorno_wifi_condizionatore_soggiorno,-58.83488235055555,2026-07-04T12:00:00.000Z
sensor.condizionatore_soggiorno_wifi_condizionatore_soggiorno,-61.7205042775,2026-07-04T13:00:00.000Z
sensor.condizionatore_soggiorno_wifi_condizionatore_soggiorno,-62.3666137875,2026-07-04T14:00:00.000Z
sensor.condizionatore_soggiorno_wifi_condizionatore_soggiorno,-61.256968046111105,2026-07-04T15:00:00.000Z
sensor.condizionatore_soggiorno_wifi_condizionatore_soggiorno,-59.67813460194444,2026-07-04T16:00:00.000Z
sensor.condizionatore_soggiorno_wifi_condizionatore_soggiorno,-59.03176995250001,2026-07-04T17:00:00.000Z
sensor.condizionatore_soggiorno_wifi_condizionatore_soggiorno,-62.20390544166667,2026-07-04T18:00:00.000Z
sensor.condizionatore_soggiorno_wifi_condizionatore_soggiorno,-61.79999316916667,2026-07-04T19:00:00.000Z
sensor.condizionatore_soggiorno_wifi_condizionatore_soggiorno,-62.41666654388889,2026-07-04T20:00:00.000Z
sensor.condizionatore_soggiorno_wifi_condizionatore_soggiorno,-62.15000970416667,2026-07-04T21:00:00.000Z
sensor.condizionatore_soggiorno_wifi_condizionatore_soggiorno,-63.20155459055556,2026-07-04T22:00:00.000Z
sensor.condizionatore_soggiorno_wifi_condizionatore_soggiorno,-63.016668262222225,2026-07-04T23:00:00.000Z
sensor.condizionatore_soggiorno_wifi_condizionatore_soggiorno,-62.99999903833333,2026-07-05T00:00:00.000Z
sensor.condizionatore_soggiorno_wifi_condizionatore_soggiorno,-63,2026-07-05T01:00:00.000Z
sensor.condizionatore_soggiorno_wifi_condizionatore_soggiorno,-62.933326209722225,2026-07-05T02:00:00.000Z
sensor.condizionatore_soggiorno_wifi_condizionatore_soggiorno,-62.966667307777776,2026-07-05T03:00:00.000Z
sensor.condizionatore_soggiorno_wifi_condizionatore_soggiorno,-62.98333306638889,2026-07-05T04:00:00.000Z
sensor.condizionatore_soggiorno_wifi_condizionatore_soggiorno,-63,2026-07-05T05:00:00.000Z
sensor.condizionatore_soggiorno_wifi_condizionatore_soggiorno,-63,2026-07-05T06:00:00.000Z
sensor.condizionatore_soggiorno_wifi_condizionatore_soggiorno,-61.247231345277775,2026-07-05T16:00:00.000Z
sensor.condizionatore_soggiorno_wifi_condizionatore_soggiorno,-57.78169889055555,2026-07-05T17:00:00.000Z
sensor.condizionatore_soggiorno_wifi_condizionatore_soggiorno,-57.25000101055556,2026-07-05T18:00:00.000Z
sensor.condizionatore_soggiorno_wifi_condizionatore_soggiorno,-57.08333487583334,2026-07-05T19:00:00.000Z
sensor.condizionatore_soggiorno_wifi_condizionatore_soggiorno,-57.62158040333333,2026-07-05T20:00:00.000Z
sensor.condizionatore_soggiorno_wifi_condizionatore_soggiorno,-57.42675193916667,2026-07-05T21:00:00.000Z
sensor.condizionatore_soggiorno_wifi_condizionatore_soggiorno,-57.00164856722222,2026-07-05T22:00:00.000Z
sensor.condizionatore_soggiorno_wifi_condizionatore_soggiorno,-57.05000112305555,2026-07-05T23:00:00.000Z
sensor.condizionatore_soggiorno_wifi_condizionatore_soggiorno,-57,2026-07-06T00:00:00.000Z
sensor.condizionatore_soggiorno_wifi_condizionatore_soggiorno,-57,2026-07-06T01:00:00.000Z
sensor.condizionatore_soggiorno_wifi_condizionatore_soggiorno,-57.001669623333335,2026-07-06T04:00:00.000Z
sensor.condizionatore_soggiorno_wifi_condizionatore_soggiorno,-57.39831298722222,2026-07-06T05:00:00.000Z
sensor.condizionatore_soggiorno_wifi_condizionatore_soggiorno,-57.43331463694445,2026-07-06T06:00:00.000Z
sensor.condizionatore_soggiorno_wifi_condizionatore_soggiorno,-57.18332595555555,2026-07-06T07:00:00.000Z
sensor.condizionatore_soggiorno_wifi_condizionatore_soggiorno,-57.568352304166666,2026-07-06T08:00:00.000Z
sensor.condizionatore_soggiorno_wifi_condizionatore_soggiorno,-57.733332813333334,2026-07-06T09:00:00.000Z
sensor.condizionatore_soggiorno_wifi_condizionatore_soggiorno,-57.96666708083333,2026-07-06T10:00:00.000Z
sensor.condizionatore_soggiorno_wifi_condizionatore_soggiorno,-57.96666551027778,2026-07-06T11:00:00.000Z
sensor.condizionatore_soggiorno_wifi_condizionatore_soggiorno,-58,2026-07-06T12:00:00.000Z
sensor.condizionatore_soggiorno_wifi_condizionatore_soggiorno,-58,2026-07-06T13:00:00.000Z
sensor.condizionatore_soggiorno_wifi_condizionatore_soggiorno,-57.98333040944445,2026-07-06T14:00:00.000Z
sensor.condizionatore_soggiorno_wifi_condizionatore_soggiorno,-58,2026-07-06T15:00:00.000Z
sensor.condizionatore_soggiorno_wifi_condizionatore_soggiorno,-57.91665348305556,2026-07-06T16:00:00.000Z
sensor.condizionatore_soggiorno_wifi_condizionatore_soggiorno,-58.099995093055554,2026-07-06T17:00:00.000Z
sensor.condizionatore_soggiorno_wifi_condizionatore_soggiorno,-58.436759661111104,2026-07-06T18:00:00.000Z
sensor.condizionatore_soggiorno_wifi_condizionatore_soggiorno,-58.113243473333334,2026-07-06T19:00:00.000Z
sensor.condizionatore_soggiorno_wifi_condizionatore_soggiorno,-57.848876661388886,2026-07-06T20:00:00.000Z
sensor.condizionatore_soggiorno_wifi_condizionatore_soggiorno,-57.348334602499996,2026-07-06T21:00:00.000Z
sensor.condizionatore_soggiorno_wifi_condizionatore_soggiorno,-57.08336787194444,2026-07-06T22:00:00.000Z
sensor.condizionatore_soggiorno_wifi_condizionatore_soggiorno,-57,2026-07-06T23:00:00.000Z
sensor.condizionatore_soggiorno_wifi_condizionatore_soggiorno,-57.01666148416667,2026-07-07T00:00:00.000Z
sensor.condizionatore_soggiorno_wifi_condizionatore_soggiorno,-57,2026-07-07T01:00:00.000Z
sensor.condizionatore_soggiorno_wifi_condizionatore_soggiorno,-57,2026-07-07T02:00:00.000Z
sensor.condizionatore_soggiorno_wifi_condizionatore_soggiorno,-57.01668924944445,2026-07-07T03:00:00.000Z
sensor.condizionatore_soggiorno_wifi_condizionatore_soggiorno,-57,2026-07-07T04:00:00.000Z
sensor.condizionatore_soggiorno_wifi_condizionatore_soggiorno,-56.94827824972222,2026-07-07T05:00:00.000Z
sensor.condizionatore_soggiorno_wifi_condizionatore_soggiorno,-56.56666250666667,2026-07-07T06:00:00.000Z
sensor.condizionatore_soggiorno_wifi_condizionatore_soggiorno,-57.15176569833333,2026-07-07T07:00:00.000Z
sensor.condizionatore_soggiorno_wifi_condizionatore_soggiorno,-57.03332689055555,2026-07-07T08:00:00.000Z
sensor.condizionatore_soggiorno_wifi_condizionatore_soggiorno,-57,2026-07-07T09:00:00.000Z
sensor.condizionatore_soggiorno_wifi_condizionatore_soggiorno,-57,2026-07-07T10:00:00.000Z
sensor.condizionatore_soggiorno_wifi_condizionatore_soggiorno,-56.98332536805555,2026-07-07T15:00:00.000Z
sensor.condizionatore_soggiorno_wifi_condizionatore_soggiorno,-56.51735566111111,2026-07-07T16:00:00.000Z
sensor.condizionatore_soggiorno_wifi_condizionatore_soggiorno,-56.82944918111111,2026-07-07T17:00:00.000Z
sensor.condizionatore_soggiorno_wifi_condizionatore_soggiorno,-56.718444248055555,2026-07-07T18:00:00.000Z
sensor.condizionatore_soggiorno_wifi_condizionatore_soggiorno,-57.90355341916666,2026-07-07T19:00:00.000Z
sensor.condizionatore_soggiorno_wifi_condizionatore_soggiorno,-58.19830925944444,2026-07-07T20:00:00.000Z
sensor.condizionatore_soggiorno_wifi_condizionatore_soggiorno,-58.100023486666664,2026-07-07T21:00:00.000Z
sensor.condizionatore_soggiorno_wifi_condizionatore_soggiorno,-57.92025177694444,2026-07-07T22:00:00.000Z
sensor.condizionatore_soggiorno_wifi_condizionatore_soggiorno,-57.448231014444445,2026-07-07T23:00:00.000Z
sensor.condizionatore_soggiorno_wifi_condizionatore_soggiorno,-57.064868680277776,2026-07-08T00:00:00.000Z
sensor.condizionatore_soggiorno_wifi_condizionatore_soggiorno,-57.01666717194445,2026-07-08T01:00:00.000Z
sensor.condizionatore_soggiorno_wifi_condizionatore_soggiorno,-57,2026-07-08T02:00:00.000Z
sensor.condizionatore_soggiorno_wifi_condizionatore_soggiorno,-57,2026-07-08T03:00:00.000Z
sensor.condizionatore_soggiorno_wifi_condizionatore_soggiorno,-56.59818502638888,2026-07-08T05:00:00.000Z
sensor.condizionatore_soggiorno_wifi_condizionatore_soggiorno,-56.201812663611115,2026-07-08T06:00:00.000Z
sensor.condizionatore_soggiorno_wifi_condizionatore_soggiorno,-56.80001718027777,2026-07-08T07:00:00.000Z
sensor.condizionatore_soggiorno_wifi_condizionatore_soggiorno,-57.715046496944446,2026-07-08T08:00:00.000Z
sensor.condizionatore_soggiorno_wifi_condizionatore_soggiorno,-63.001839625833334,2026-07-08T09:00:00.000Z
sensor.condizionatore_soggiorno_wifi_condizionatore_soggiorno,-63.18149218833333,2026-07-08T10:00:00.000Z
sensor.condizionatore_soggiorno_wifi_condizionatore_soggiorno,-62.98333109,2026-07-08T11:00:00.000Z
sensor.condizionatore_soggiorno_wifi_condizionatore_soggiorno,-62.96666257472222,2026-07-08T12:00:00.000Z
sensor.condizionatore_soggiorno_wifi_condizionatore_soggiorno,-63.58517524583334,2026-07-08T13:00:00.000Z
sensor.condizionatore_soggiorno_wifi_condizionatore_soggiorno,-63.081480156111105,2026-07-08T14:00:00.000Z
sensor.condizionatore_soggiorno_wifi_condizionatore_soggiorno,-63.251864318611105,2026-07-08T15:00:00.000Z
sensor.condizionatore_soggiorno_wifi_condizionatore_soggiorno,-62.92961152888889,2026-07-08T16:00:00.000Z
sensor.condizionatore_soggiorno_wifi_condizionatore_soggiorno,-62.75000044694445,2026-07-08T17:00:00.000Z
sensor.condizionatore_soggiorno_wifi_condizionatore_soggiorno,-63.518530116111116,2026-07-08T18:00:00.000Z
sensor.condizionatore_soggiorno_wifi_condizionatore_soggiorno,-63.35186353583333,2026-07-08T19:00:00.000Z
sensor.condizionatore_soggiorno_wifi_condizionatore_soggiorno,-63.249995070833336,2026-07-08T20:00:00.000Z
sensor.condizionatore_soggiorno_wifi_condizionatore_soggiorno,-62.579576915,2026-07-08T21:00:00.000Z
sensor.condizionatore_soggiorno_wifi_condizionatore_soggiorno,-62.23333498722223,2026-07-08T22:00:00.000Z
sensor.condizionatore_soggiorno_wifi_condizionatore_soggiorno,-62.13333655722223,2026-07-08T23:00:00.000Z
sensor.condizionatore_soggiorno_wifi_condizionatore_soggiorno,-62.13333806166667,2026-07-09T00:00:00.000Z
sensor.condizionatore_soggiorno_wifi_condizionatore_soggiorno,-62.11666045583333,2026-07-09T01:00:00.000Z
sensor.condizionatore_soggiorno_wifi_condizionatore_soggiorno,-62.168531747222225,2026-07-09T02:00:00.000Z
sensor.condizionatore_soggiorno_wifi_condizionatore_soggiorno,-62.166670350555556,2026-07-09T03:00:00.000Z
sensor.condizionatore_soggiorno_wifi_condizionatore_soggiorno,-62.214763329444445,2026-07-09T04:00:00.000Z
sensor.condizionatore_soggiorno_wifi_condizionatore_soggiorno,-62.21667112583333,2026-07-09T05:00:00.000Z
sensor.condizionatore_soggiorno_wifi_condizionatore_soggiorno,-62.06665764583334,2026-07-09T06:00:00.000Z
sensor.condizionatore_soggiorno_wifi_condizionatore_soggiorno,-61.81667828777778,2026-07-09T07:00:00.000Z
sensor.condizionatore_soggiorno_wifi_condizionatore_soggiorno,-61.53333700611111,2026-07-09T08:00:00.000Z
sensor.condizionatore_soggiorno_wifi_condizionatore_soggiorno,-60.47951122027778,2026-07-09T09:00:00.000Z
sensor.condizionatore_soggiorno_wifi_condizionatore_soggiorno,-60.635247506388886,2026-07-09T10:00:00.000Z
sensor.condizionatore_soggiorno_wifi_condizionatore_soggiorno,-60.53142695555556,2026-07-09T11:00:00.000Z
sensor.condizionatore_soggiorno_wifi_condizionatore_soggiorno,-60.335269135833336,2026-07-09T12:00:00.000Z
sensor.condizionatore_soggiorno_wifi_condizionatore_soggiorno,-60.266666360555554,2026-07-09T13:00:00.000Z
sensor.condizionatore_soggiorno_wifi_condizionatore_soggiorno,-61.28140414916666,2026-07-09T14:00:00.000Z
sensor.condizionatore_soggiorno_wifi_condizionatore_soggiorno,-60.48336256499999,2026-07-09T15:00:00.000Z
sensor.condizionatore_soggiorno_wifi_condizionatore_soggiorno,-60.55194173333334,2026-07-09T16:00:00.000Z
sensor.condizionatore_soggiorno_wifi_condizionatore_soggiorno,-60.560496398333335,2026-07-09T17:00:00.000Z
sensor.condizionatore_soggiorno_wifi_condizionatore_soggiorno,-57.016667362777774,2026-07-09T18:00:00.000Z
sensor.condizionatore_soggiorno_wifi_condizionatore_soggiorno,-57,2026-07-09T19:00:00.000Z
sensor.condizionatore_soggiorno_wifi_condizionatore_soggiorno,-57,2026-07-09T20:00:00.000Z
sensor.condizionatore_soggiorno_wifi_condizionatore_soggiorno,-57.08332481666667,2026-07-09T21:00:00.000Z
sensor.condizionatore_soggiorno_wifi_condizionatore_soggiorno,-57,2026-07-09T22:00:00.000Z
sensor.condizionatore_soggiorno_wifi_condizionatore_soggiorno,-57.016665741666664,2026-07-09T23:00:00.000Z
sensor.condizionatore_soggiorno_wifi_condizionatore_soggiorno,-57.03333245472222,2026-07-10T00:00:00.000Z
sensor.condizionatore_soggiorno_wifi_condizionatore_soggiorno,-57.0166675825,2026-07-10T01:00:00.000Z
sensor.condizionatore_soggiorno_wifi_condizionatore_soggiorno,-57,2026-07-10T02:00:00.000Z
sensor.condizionatore_soggiorno_wifi_condizionatore_soggiorno,-57,2026-07-10T03:00:00.000Z
sensor.condizionatore_soggiorno_wifi_condizionatore_soggiorno,-57.05000157888889,2026-07-10T06:00:00.000Z
sensor.condizionatore_soggiorno_wifi_condizionatore_soggiorno,-56.98135342305556,2026-07-10T07:00:00.000Z
sensor.condizionatore_soggiorno_wifi_condizionatore_soggiorno,-56.968649121944445,2026-07-10T08:00:00.000Z
sensor.condizionatore_soggiorno_wifi_condizionatore_soggiorno,-57.38333423388889,2026-07-10T09:00:00.000Z
sensor.condizionatore_soggiorno_wifi_condizionatore_soggiorno,-57.46666936083334,2026-07-10T10:00:00.000Z
sensor.condizionatore_soggiorno_wifi_condizionatore_soggiorno,-58.67063944583333,2026-07-10T11:00:00.000Z
sensor.condizionatore_soggiorno_wifi_condizionatore_soggiorno,-58.546016896944444,2026-07-10T12:00:00.000Z
sensor.condizionatore_soggiorno_wifi_condizionatore_soggiorno,-57.18332861166667,2026-07-10T13:00:00.000Z
sensor.condizionatore_soggiorno_wifi_condizionatore_soggiorno,-57.48533050888889,2026-07-10T14:00:00.000Z
sensor.condizionatore_soggiorno_wifi_condizionatore_soggiorno,-57.79999728083333,2026-07-10T15:00:00.000Z
sensor.condizionatore_soggiorno_wifi_condizionatore_soggiorno,-58.08935605861111,2026-07-10T16:00:00.000Z
sensor.condizionatore_soggiorno_wifi_condizionatore_soggiorno,-58.562650384444446,2026-07-10T17:00:00.000Z
sensor.condizionatore_soggiorno_wifi_condizionatore_soggiorno,-58.38131962111111,2026-07-10T18:00:00.000Z
sensor.condizionatore_soggiorno_wifi_condizionatore_soggiorno,-58.383339021388885,2026-07-10T19:00:00.000Z
sensor.condizionatore_soggiorno_wifi_condizionatore_soggiorno,-58.568687679444444,2026-07-10T20:00:00.000Z
sensor.condizionatore_soggiorno_wifi_condizionatore_soggiorno,-58.83333234388889,2026-07-10T21:00:00.000Z
sensor.condizionatore_soggiorno_wifi_condizionatore_soggiorno,-59.60201328111111,2026-07-10T22:00:00.000Z
sensor.condizionatore_soggiorno_wifi_condizionatore_soggiorno,-59.19798326166667,2026-07-10T23:00:00.000Z
sensor.condizionatore_soggiorno_wifi_condizionatore_soggiorno,-59.400000454166666,2026-07-11T00:00:00.000Z
sensor.condizionatore_soggiorno_wifi_condizionatore_soggiorno,-60.43535429805556,2026-07-11T01:00:00.000Z
sensor.condizionatore_soggiorno_wifi_condizionatore_soggiorno,-60.71869577222222,2026-07-11T02:00:00.000Z
sensor.condizionatore_soggiorno_wifi_condizionatore_soggiorno,-60.84999974861111,2026-07-11T03:00:00.000Z
sensor.condizionatore_soggiorno_wifi_condizionatore_soggiorno,-60.616667505277775,2026-07-11T04:00:00.000Z
sensor.condizionatore_soggiorno_wifi_condizionatore_soggiorno,-60.983335399999994,2026-07-11T05:00:00.000Z
sensor.condizionatore_soggiorno_wifi_condizionatore_soggiorno,-60.99999716861111,2026-07-11T06:00:00.000Z
sensor.condizionatore_soggiorno_wifi_condizionatore_soggiorno,-60.783354870000004,2026-07-11T07:00:00.000Z
sensor.condizionatore_soggiorno_wifi_condizionatore_soggiorno,-61.25002283944445,2026-07-11T08:00:00.000Z
sensor.condizionatore_soggiorno_wifi_condizionatore_soggiorno,-60.3312756825,2026-07-11T09:00:00.000Z
sensor.condizionatore_soggiorno_wifi_condizionatore_soggiorno,-60.683319439722226,2026-07-11T10:00:00.000Z
sensor.condizionatore_soggiorno_wifi_condizionatore_soggiorno,-59.520804805833336,2026-07-11T11:00:00.000Z
sensor.condizionatore_soggiorno_wifi_condizionatore_soggiorno,-59.51133599361111,2026-07-11T12:00:00.000Z
sensor.condizionatore_soggiorno_wifi_condizionatore_soggiorno,-58.99795420277778,2026-07-11T13:00:00.000Z
sensor.condizionatore_soggiorno_wifi_condizionatore_soggiorno,-57.702071215277776,2026-07-11T14:00:00.000Z
sensor.condizionatore_soggiorno_wifi_condizionatore_soggiorno,-59.57080403972222,2026-07-11T15:00:00.000Z
sensor.condizionatore_soggiorno_wifi_condizionatore_soggiorno,-59.54812354111112,2026-07-11T16:00:00.000Z
sensor.condizionatore_soggiorno_wifi_condizionatore_soggiorno,-57.25415885305555,2026-07-11T17:00:00.000Z
sensor.condizionatore_soggiorno_wifi_condizionatore_soggiorno,-58.77495184916666,2026-07-11T18:00:00.000Z
sensor.condizionatore_soggiorno_wifi_condizionatore_soggiorno,-58.118753641666665,2026-07-11T19:00:00.000Z
sensor.condizionatore_soggiorno_wifi_condizionatore_soggiorno,-59.214114243611114,2026-07-11T20:00:00.000Z
sensor.condizionatore_soggiorno_wifi_condizionatore_soggiorno,-57.52931933361111,2026-07-11T21:00:00.000Z
sensor.condizionatore_soggiorno_wifi_condizionatore_soggiorno,-57.65208081638889,2026-07-11T22:00:00.000Z
sensor.condizionatore_soggiorno_wifi_condizionatore_soggiorno,-57.51658541416666,2026-07-11T23:00:00.000Z
sensor.condizionatore_soggiorno_wifi_condizionatore_soggiorno,-57.69974658472222,2026-07-12T00:00:00.000Z
sensor.condizionatore_soggiorno_wifi_condizionatore_soggiorno,-57.14787633222222,2026-07-12T01:00:00.000Z
sensor.condizionatore_soggiorno_wifi_condizionatore_soggiorno,-57.01666612611111,2026-07-12T02:00:00.000Z
sensor.condizionatore_soggiorno_wifi_condizionatore_soggiorno,-57,2026-07-12T03:00:00.000Z
sensor.condizionatore_soggiorno_wifi_condizionatore_soggiorno,-57,2026-07-12T04:00:00.000Z
sensor.condizionatore_soggiorno_wifi_condizionatore_soggiorno,-57.01666680388889,2026-07-12T05:00:00.000Z
sensor.condizionatore_soggiorno_wifi_condizionatore_soggiorno,-57,2026-07-12T06:00:00.000Z
sensor.condizionatore_soggiorno_wifi_condizionatore_soggiorno,-57,2026-07-12T07:00:00.000Z
sensor.condizionatore_soggiorno_wifi_condizionatore_soggiorno,-57.499965593888895,2026-07-12T08:00:00.000Z
sensor.condizionatore_soggiorno_wifi_condizionatore_soggiorno,-57.77079495388889,2026-07-12T09:00:00.000Z
sensor.condizionatore_soggiorno_wifi_condizionatore_soggiorno,-58.41239650361111,2026-07-12T10:00:00.000Z
sensor.condizionatore_soggiorno_wifi_condizionatore_soggiorno,-57.03329057916667,2026-07-12T11:00:00.000Z
sensor.condizionatore_soggiorno_wifi_condizionatore_soggiorno,-57.01666736611111,2026-07-12T12:00:00.000Z
sensor.condizionatore_soggiorno_wifi_condizionatore_soggiorno,-57,2026-07-12T13:00:00.000Z
sensor.condizionatore_soggiorno_wifi_condizionatore_soggiorno,-57,2026-07-12T14:00:00.000Z
sensor.condizionatore_soggiorno_wifi_condizionatore_soggiorno,-57.1413653936111,2026-07-12T17:00:00.000Z
sensor.condizionatore_soggiorno_wifi_condizionatore_soggiorno,-54.79188198888889,2026-07-12T18:00:00.000Z
sensor.condizionatore_soggiorno_wifi_condizionatore_soggiorno,-57.923001634444454,2026-07-12T19:00:00.000Z
sensor.condizionatore_soggiorno_wifi_condizionatore_soggiorno,-58.51014613500001,2026-07-12T20:00:00.000Z
sensor.condizionatore_soggiorno_wifi_condizionatore_soggiorno,-57.668781110277784,2026-07-12T21:00:00.000Z
sensor.condizionatore_soggiorno_wifi_condizionatore_soggiorno,-58.21534396472222,2026-07-12T22:00:00.000Z
sensor.condizionatore_soggiorno_wifi_condizionatore_soggiorno,-58.066634093888894,2026-07-12T23:00:00.000Z
sensor.condizionatore_soggiorno_wifi_condizionatore_soggiorno,-58.033332398611115,2026-07-13T00:00:00.000Z
sensor.condizionatore_soggiorno_wifi_condizionatore_soggiorno,-58.050001414166665,2026-07-13T01:00:00.000Z
sensor.condizionatore_soggiorno_wifi_condizionatore_soggiorno,-58.13283326361111,2026-07-13T02:00:00.000Z
sensor.condizionatore_soggiorno_wifi_condizionatore_soggiorno,-58.06667276833334,2026-07-13T03:00:00.000Z
sensor.condizionatore_soggiorno_wifi_condizionatore_soggiorno,-58,2026-07-13T04:00:00.000Z
sensor.condizionatore_soggiorno_wifi_condizionatore_soggiorno,-58.03333056916667,2026-07-13T05:00:00.000Z
sensor.condizionatore_soggiorno_wifi_condizionatore_soggiorno,-57.78111539694444,2026-07-13T06:00:00.000Z
sensor.condizionatore_soggiorno_wifi_condizionatore_soggiorno,-57.51666834861111,2026-07-13T07:00:00.000Z
sensor.condizionatore_soggiorno_wifi_condizionatore_soggiorno,-57.616662364444444,2026-07-13T08:00:00.000Z
sensor.condizionatore_soggiorno_wifi_condizionatore_soggiorno,-57.55881971861111,2026-07-13T09:00:00.000Z
sensor.condizionatore_soggiorno_wifi_condizionatore_soggiorno,-58.04113807277778,2026-07-13T10:00:00.000Z
sensor.condizionatore_soggiorno_wifi_condizionatore_soggiorno,-57.63329843388889,2026-07-13T11:00:00.000Z
sensor.condizionatore_soggiorno_wifi_condizionatore_soggiorno,-57.36888709138889,2026-07-13T12:00:00.000Z
sensor.condizionatore_soggiorno_wifi_condizionatore_soggiorno,-58.51710849722222,2026-07-13T13:00:00.000Z
sensor.condizionatore_soggiorno_wifi_condizionatore_soggiorno,-58.85754773444444,2026-07-13T14:00:00.000Z
sensor.condizionatore_soggiorno_wifi_condizionatore_soggiorno,-56.73555595583333,2026-07-13T15:00:00.000Z
sensor.condizionatore_soggiorno_wifi_condizionatore_soggiorno,-57.23557201416667,2026-07-13T16:00:00.000Z
sensor.condizionatore_soggiorno_wifi_condizionatore_soggiorno,-57.54551090305555,2026-07-13T17:00:00.000Z
sensor.condizionatore_soggiorno_wifi_condizionatore_soggiorno,-57.58777277055555,2026-07-13T18:00:00.000Z
sensor.condizionatore_soggiorno_wifi_condizionatore_soggiorno,-58.13780849,2026-07-13T19:00:00.000Z
sensor.condizionatore_soggiorno_wifi_condizionatore_soggiorno,-58.42654342166667,2026-07-13T20:00:00.000Z
sensor.condizionatore_soggiorno_wifi_condizionatore_soggiorno,-56.95011294444444,2026-07-13T21:00:00.000Z
sensor.condizionatore_soggiorno_wifi_condizionatore_soggiorno,-56.750009130555554,2026-07-13T22:00:00.000Z
sensor.condizionatore_soggiorno_wifi_condizionatore_soggiorno,-56.63108176527778,2026-07-13T23:00:00.000Z
sensor.condizionatore_soggiorno_wifi_condizionatore_soggiorno,-56.451800365,2026-07-14T00:00:00.000Z
sensor.condizionatore_soggiorno_wifi_condizionatore_soggiorno,-56.90170303,2026-07-14T01:00:00.000Z
sensor.condizionatore_soggiorno_wifi_condizionatore_soggiorno,-57.545470647222224,2026-07-14T02:00:00.000Z
sensor.condizionatore_soggiorno_wifi_condizionatore_soggiorno,-57.500127184166665,2026-07-14T03:00:00.000Z
sensor.condizionatore_soggiorno_wifi_condizionatore_soggiorno,-56.731097794444445,2026-07-14T04:00:00.000Z
sensor.condizionatore_soggiorno_wifi_condizionatore_soggiorno,-56.55019286888889,2026-07-14T05:00:00.000Z
sensor.condizionatore_soggiorno_wifi_condizionatore_soggiorno,-57.971073286666666,2026-07-14T06:00:00.000Z
sensor.condizionatore_soggiorno_wifi_condizionatore_soggiorno,-57.514256395555556,2026-07-14T07:00:00.000Z
sensor.condizionatore_soggiorno_wifi_condizionatore_soggiorno,-57.01666547833333,2026-07-14T08:00:00.000Z
sensor.condizionatore_soggiorno_wifi_condizionatore_soggiorno,-57.06666401416667,2026-07-14T09:00:00.000Z
sensor.condizionatore_soggiorno_wifi_condizionatore_soggiorno,-57.049995267777774,2026-07-14T10:00:00.000Z
sensor.condizionatore_soggiorno_wifi_condizionatore_soggiorno,-57.19998834027778,2026-07-14T11:00:00.000Z
sensor.condizionatore_soggiorno_wifi_condizionatore_soggiorno,-57.70459465527778,2026-07-14T12:00:00.000Z
sensor.condizionatore_soggiorno_wifi_condizionatore_soggiorno,-57.27873689027778,2026-07-14T13:00:00.000Z
sensor.condizionatore_soggiorno_wifi_condizionatore_soggiorno,-57.01666496694444,2026-07-14T14:00:00.000Z
sensor.condizionatore_soggiorno_wifi_condizionatore_soggiorno,-57,2026-07-14T15:00:00.000Z
sensor.condizionatore_soggiorno_wifi_condizionatore_soggiorno,-57.19999336777778,2026-07-14T16:00:00.000Z
sensor.condizionatore_soggiorno_wifi_condizionatore_soggiorno,-56.933331769999995,2026-07-14T17:00:00.000Z
sensor.condizionatore_soggiorno_wifi_condizionatore_soggiorno,-57.05000935166667,2026-07-14T18:00:00.000Z
sensor.condizionatore_soggiorno_wifi_condizionatore_soggiorno,-57.80693071472222,2026-07-14T19:00:00.000Z
sensor.condizionatore_soggiorno_wifi_condizionatore_soggiorno,-58.37870173527778,2026-07-14T20:00:00.000Z
sensor.condizionatore_soggiorno_wifi_condizionatore_soggiorno,-58.349987417499996,2026-07-14T21:00:00.000Z
sensor.condizionatore_soggiorno_wifi_condizionatore_soggiorno,-58,2026-07-14T22:00:00.000Z
sensor.condizionatore_soggiorno_wifi_condizionatore_soggiorno,-58,2026-07-14T23:00:00.000Z
sensor.condizionatore_soggiorno_wifi_condizionatore_soggiorno,-58.18332977583333,2026-07-15T05:00:00.000Z
sensor.condizionatore_soggiorno_wifi_condizionatore_soggiorno,-58.990451693055554,2026-07-15T06:00:00.000Z
sensor.condizionatore_soggiorno_wifi_condizionatore_soggiorno,-58.24296170527777,2026-07-15T07:00:00.000Z
sensor.condizionatore_soggiorno_wifi_condizionatore_soggiorno,-58.10000001222222,2026-07-15T08:00:00.000Z
sensor.condizionatore_soggiorno_wifi_condizionatore_soggiorno,-58.04999683444444,2026-07-15T09:00:00.000Z
sensor.condizionatore_soggiorno_wifi_condizionatore_soggiorno,-58,2026-07-15T10:00:00.000Z
sensor.condizionatore_soggiorno_wifi_condizionatore_soggiorno,-57.46429601722222,2026-07-15T11:00:00.000Z
sensor.condizionatore_soggiorno_wifi_condizionatore_soggiorno,-57,2026-07-15T12:00:00.000Z
sensor.condizionatore_soggiorno_wifi_condizionatore_soggiorno,-57,2026-07-15T13:00:00.000Z
sensor.condizionatore_soggiorno_wifi_condizionatore_soggiorno,-56.96666701833333,2026-07-15T14:00:00.000Z
sensor.condizionatore_soggiorno_wifi_condizionatore_soggiorno,-57,2026-07-15T15:00:00.000Z
sensor.condizionatore_soggiorno_wifi_condizionatore_soggiorno,-56.98333528388889,2026-07-15T16:00:00.000Z
sensor.condizionatore_soggiorno_wifi_condizionatore_soggiorno,-57,2026-07-15T17:00:00.000Z
sensor.condizionatore_soggiorno_wifi_condizionatore_soggiorno,-59.41831758972222,2026-07-15T18:00:00.000Z
sensor.condizionatore_soggiorno_wifi_condizionatore_soggiorno,-57.526012525,2026-07-15T19:00:00.000Z
sensor.condizionatore_soggiorno_wifi_condizionatore_soggiorno,-56.98334111472223,2026-07-15T20:00:00.000Z
sensor.condizionatore_soggiorno_wifi_condizionatore_soggiorno,-56.8535549775,2026-07-15T21:00:00.000Z
sensor.condizionatore_soggiorno_wifi_condizionatore_soggiorno,-57.08338073527778,2026-07-15T22:00:00.000Z
sensor.condizionatore_soggiorno_wifi_condizionatore_soggiorno,-57,2026-07-15T23:00:00.000Z
sensor.condizionatore_soggiorno_wifi_condizionatore_soggiorno,-57,2026-07-16T00:00:00.000Z
sensor.condizionatore_soggiorno_wifi_condizionatore_soggiorno,-56.999967336111105,2026-07-16T01:00:00.000Z
sensor.condizionatore_soggiorno_wifi_condizionatore_soggiorno,-56.91665944694444,2026-07-16T02:00:00.000Z
sensor.condizionatore_soggiorno_wifi_condizionatore_soggiorno,-56.85000405444444,2026-07-16T03:00:00.000Z
sensor.condizionatore_soggiorno_wifi_condizionatore_soggiorno,-56.91666370055555,2026-07-16T04:00:00.000Z
sensor.condizionatore_soggiorno_wifi_condizionatore_soggiorno,-56.83334486111111,2026-07-16T05:00:00.000Z
sensor.condizionatore_soggiorno_wifi_condizionatore_soggiorno,-58.0740205125,2026-07-16T06:00:00.000Z
sensor.condizionatore_soggiorno_wifi_condizionatore_soggiorno,-60.29389419444445,2026-07-16T07:00:00.000Z
sensor.condizionatore_soggiorno_wifi_condizionatore_soggiorno,-60.95832085305556,2026-07-16T08:00:00.000Z
sensor.condizionatore_soggiorno_wifi_condizionatore_soggiorno,-58.216678003333335,2026-07-16T09:00:00.000Z
sensor.condizionatore_soggiorno_wifi_condizionatore_soggiorno,-58.16667464083333,2026-07-16T10:00:00.000Z
sensor.condizionatore_soggiorno_wifi_condizionatore_soggiorno,-58,2026-07-16T11:00:00.000Z
sensor.condizionatore_soggiorno_wifi_condizionatore_soggiorno,-57.866654589999996,2026-07-16T12:00:00.000Z
sensor.condizionatore_soggiorno_wifi_condizionatore_soggiorno,-58.06297018916667,2026-07-16T13:00:00.000Z
sensor.condizionatore_soggiorno_wifi_condizionatore_soggiorno,-57.33328001638889,2026-07-16T14:00:00.000Z
sensor.condizionatore_soggiorno_wifi_condizionatore_soggiorno,-57.28332716361111,2026-07-16T15:00:00.000Z
sensor.condizionatore_soggiorno_wifi_condizionatore_soggiorno,-57.450026873333336,2026-07-16T16:00:00.000Z
sensor.condizionatore_soggiorno_wifi_condizionatore_soggiorno,-57.253712805,2026-07-16T17:00:00.000Z
sensor.condizionatore_soggiorno_wifi_condizionatore_soggiorno,-57.496253278055555,2026-07-16T18:00:00.000Z
sensor.condizionatore_soggiorno_wifi_condizionatore_soggiorno,-57.483336368055554,2026-07-16T19:00:00.000Z
sensor.condizionatore_soggiorno_wifi_condizionatore_soggiorno,-57.649990263888895,2026-07-16T20:00:00.000Z
sensor.condizionatore_soggiorno_wifi_condizionatore_soggiorno,-57.77057100194444,2026-07-16T21:00:00.000Z
sensor.condizionatore_soggiorno_wifi_condizionatore_soggiorno,-58.01666691222223,2026-07-16T22:00:00.000Z
sensor.condizionatore_soggiorno_wifi_condizionatore_soggiorno,-57.966660079444445,2026-07-16T23:00:00.000Z
sensor.condizionatore_soggiorno_wifi_condizionatore_soggiorno,-57.966687283333336,2026-07-17T00:00:00.000Z
sensor.condizionatore_soggiorno_wifi_condizionatore_soggiorno,-58,2026-07-17T01:00:00.000Z
sensor.condizionatore_soggiorno_wifi_condizionatore_soggiorno,-57.91675983333334,2026-07-17T02:00:00.000Z
sensor.condizionatore_soggiorno_wifi_condizionatore_soggiorno,-58.04998953194445,2026-07-17T03:00:00.000Z
sensor.condizionatore_soggiorno_wifi_condizionatore_soggiorno,-58.40001132194444,2026-07-17T04:00:00.000Z
sensor.condizionatore_soggiorno_wifi_condizionatore_soggiorno,-58.16667049944444,2026-07-17T05:00:00.000Z
sensor.condizionatore_soggiorno_wifi_condizionatore_soggiorno,-58.527891045833336,2026-07-17T06:00:00.000Z
sensor.condizionatore_soggiorno_wifi_condizionatore_soggiorno,-58.54252802138888,2026-07-17T07:00:00.000Z
sensor.condizionatore_soggiorno_wifi_condizionatore_soggiorno,-58.59997794,2026-07-17T08:00:00.000Z
sensor.condizionatore_soggiorno_wifi_condizionatore_soggiorno,-58.69622676472222,2026-07-17T09:00:00.000Z
sensor.condizionatore_soggiorno_wifi_condizionatore_soggiorno,-58.570448999999996,2026-07-17T10:00:00.000Z
sensor.condizionatore_soggiorno_wifi_condizionatore_soggiorno,-58.51289312583333,2026-07-17T11:00:00.000Z
sensor.condizionatore_soggiorno_wifi_condizionatore_soggiorno,-58.48712661361111,2026-07-17T12:00:00.000Z
sensor.condizionatore_soggiorno_wifi_condizionatore_soggiorno,-58.1129228275,2026-07-17T13:00:00.000Z
sensor.condizionatore_soggiorno_wifi_condizionatore_soggiorno,-58.41667082833334,2026-07-17T14:00:00.000Z
sensor.condizionatore_soggiorno_wifi_condizionatore_soggiorno,-58.503766151388895,2026-07-17T15:00:00.000Z
sensor.condizionatore_soggiorno_wifi_condizionatore_soggiorno,-57.575763513611115,2026-07-17T16:00:00.000Z
sensor.condizionatore_soggiorno_wifi_condizionatore_soggiorno,-57.87803622472222,2026-07-17T17:00:00.000Z
sensor.condizionatore_soggiorno_wifi_condizionatore_soggiorno,-57.72580729333333,2026-07-17T18:00:00.000Z
sensor.condizionatore_soggiorno_wifi_condizionatore_soggiorno,-57.69621594472222,2026-07-17T19:00:00.000Z
sensor.condizionatore_soggiorno_wifi_condizionatore_soggiorno,-57.02959185555556,2026-07-17T20:00:00.000Z
sensor.condizionatore_soggiorno_wifi_condizionatore_soggiorno,-56.987136873611114,2026-07-17T21:00:00.000Z
sensor.condizionatore_soggiorno_wifi_condizionatore_soggiorno,-57.28336328444445,2026-07-17T22:00:00.000Z
sensor.condizionatore_soggiorno_wifi_condizionatore_soggiorno,-57.13712967166666,2026-07-17T23:00:00.000Z
sensor.condizionatore_soggiorno_wifi_condizionatore_soggiorno,-57.17951468472222,2026-07-18T00:00:00.000Z
sensor.condizionatore_soggiorno_wifi_condizionatore_soggiorno,-57.30002887,2026-07-18T01:00:00.000Z
sensor.condizionatore_soggiorno_wifi_condizionatore_soggiorno,-57.553821109722215,2026-07-18T02:00:00.000Z
sensor.condizionatore_soggiorno_wifi_condizionatore_soggiorno,-57.2461958,2026-07-18T03:00:00.000Z
sensor.condizionatore_soggiorno_wifi_condizionatore_soggiorno,-57.116672398055556,2026-07-18T04:00:00.000Z
sensor.condizionatore_soggiorno_wifi_condizionatore_soggiorno,-57.1833366475,2026-07-18T05:00:00.000Z
sensor.condizionatore_soggiorno_wifi_condizionatore_soggiorno,-57.1333249775,2026-07-18T06:00:00.000Z
sensor.condizionatore_soggiorno_wifi_condizionatore_soggiorno,-57.22949906833333,2026-07-18T07:00:00.000Z
sensor.condizionatore_soggiorno_wifi_condizionatore_soggiorno,-57.337162660555556,2026-07-18T08:00:00.000Z
sensor.condizionatore_soggiorno_wifi_condizionatore_soggiorno,-56.91665672583333,2026-07-18T09:00:00.000Z
sensor.condizionatore_soggiorno_wifi_condizionatore_soggiorno,-57.13541869027778,2026-07-18T10:00:00.000Z
sensor.condizionatore_soggiorno_wifi_condizionatore_soggiorno,-58.21788534583334,2026-07-18T11:00:00.000Z
sensor.condizionatore_soggiorno_wifi_condizionatore_soggiorno,-57.64999879194445,2026-07-18T12:00:00.000Z
sensor.condizionatore_soggiorno_wifi_condizionatore_soggiorno,-57.93329781083333,2026-07-18T13:00:00.000Z
sensor.condizionatore_soggiorno_wifi_condizionatore_soggiorno,-59.96679179555556,2026-07-18T14:00:00.000Z
sensor.condizionatore_soggiorno_wifi_condizionatore_soggiorno,-57.38124513083333,2026-07-18T15:00:00.000Z
sensor.condizionatore_soggiorno_wifi_condizionatore_soggiorno,-56.95000556388889,2026-07-18T16:00:00.000Z
sensor.condizionatore_soggiorno_wifi_condizionatore_soggiorno,-56.650009476388895,2026-07-18T17:00:00.000Z
sensor.condizionatore_soggiorno_wifi_condizionatore_soggiorno,-56.7812175725,2026-07-18T18:00:00.000Z
sensor.condizionatore_soggiorno_wifi_condizionatore_soggiorno,-56.21666500861111,2026-07-18T19:00:00.000Z
sensor.condizionatore_soggiorno_wifi_condizionatore_soggiorno,-56.38339773944444,2026-07-18T20:00:00.000Z
sensor.condizionatore_soggiorno_wifi_condizionatore_soggiorno,-56.08336263055556,2026-07-18T21:00:00.000Z
sensor.condizionatore_soggiorno_wifi_condizionatore_soggiorno,-56,2026-07-18T22:00:00.000Z
sensor.condizionatore_soggiorno_wifi_condizionatore_soggiorno,-56,2026-07-18T23:00:00.000Z
sensor.condizionatore_soggiorno_wifi_condizionatore_soggiorno,-56.05002418472222,2026-07-19T00:00:00.000Z
sensor.condizionatore_soggiorno_wifi_condizionatore_soggiorno,-56.01664421305555,2026-07-19T01:00:00.000Z
sensor.condizionatore_soggiorno_wifi_condizionatore_soggiorno,-56.01666682416667,2026-07-19T02:00:00.000Z
sensor.condizionatore_soggiorno_wifi_condizionatore_soggiorno,-56.050012108333334,2026-07-19T03:00:00.000Z
sensor.condizionatore_soggiorno_wifi_condizionatore_soggiorno,-56.033339053611115,2026-07-19T04:00:00.000Z
sensor.condizionatore_soggiorno_wifi_condizionatore_soggiorno,-56.033267648611115,2026-07-19T05:00:00.000Z
sensor.condizionatore_soggiorno_wifi_condizionatore_soggiorno,-56.183335454722226,2026-07-19T06:00:00.000Z
sensor.condizionatore_soggiorno_wifi_condizionatore_soggiorno,-56.48793854666667,2026-07-19T07:00:00.000Z
sensor.condizionatore_soggiorno_wifi_condizionatore_soggiorno,-55.86667045888888,2026-07-19T08:00:00.000Z
sensor.condizionatore_soggiorno_wifi_condizionatore_soggiorno,-56.133333655277774,2026-07-19T09:00:00.000Z
sensor.condizionatore_soggiorno_wifi_condizionatore_soggiorno,-56,2026-07-19T10:00:00.000Z
sensor.condizionatore_soggiorno_wifi_condizionatore_soggiorno,-56.250003597500005,2026-07-19T11:00:00.000Z
sensor.condizionatore_soggiorno_wifi_condizionatore_soggiorno,-56.32103599361111,2026-07-19T12:00:00.000Z
sensor.condizionatore_soggiorno_wifi_condizionatore_soggiorno,-56.69345421722222,2026-07-19T13:00:00.000Z
sensor.condizionatore_soggiorno_wifi_condizionatore_soggiorno,-55.93552310777778,2026-07-19T14:00:00.000Z
sensor.condizionatore_soggiorno_wifi_condizionatore_soggiorno,-54.61441989888889,2026-07-19T15:00:00.000Z
sensor.condizionatore_soggiorno_wifi_condizionatore_soggiorno,-56.40438859861111,2026-07-19T16:00:00.000Z
sensor.condizionatore_soggiorno_wifi_condizionatore_soggiorno,-56.23333392055556,2026-07-19T17:00:00.000Z
sensor.condizionatore_soggiorno_wifi_condizionatore_soggiorno,-56.614486820555555,2026-07-19T18:00:00.000Z
sensor.condizionatore_soggiorno_wifi_condizionatore_soggiorno,-56.58113077972222,2026-07-19T19:00:00.000Z
sensor.condizionatore_soggiorno_wifi_condizionatore_soggiorno,-56.587751761944446,2026-07-19T20:00:00.000Z
sensor.condizionatore_soggiorno_wifi_condizionatore_soggiorno,-56.98333009472222,2026-07-19T21:00:00.000Z
sensor.condizionatore_soggiorno_wifi_condizionatore_soggiorno,-57,2026-07-19T22:00:00.000Z
sensor.condizionatore_soggiorno_wifi_condizionatore_soggiorno,-57,2026-07-19T23:00:00.000Z
sensor.condizionatore_soggiorno_wifi_condizionatore_soggiorno,-57.047778433055555,2026-07-20T01:00:00.000Z
sensor.condizionatore_soggiorno_wifi_condizionatore_soggiorno,-56.93559602888889,2026-07-20T02:00:00.000Z
sensor.condizionatore_soggiorno_wifi_condizionatore_soggiorno,-57.19999559722223,2026-07-20T03:00:00.000Z
sensor.condizionatore_soggiorno_wifi_condizionatore_soggiorno,-57.19998523527778,2026-07-20T04:00:00.000Z
sensor.condizionatore_soggiorno_wifi_condizionatore_soggiorno,-57.13323112388889,2026-07-20T05:00:00.000Z
sensor.condizionatore_soggiorno_wifi_condizionatore_soggiorno,-57.26400503777777,2026-07-20T06:00:00.000Z
sensor.condizionatore_soggiorno_wifi_condizionatore_soggiorno,-57.30000638388889,2026-07-20T07:00:00.000Z
sensor.condizionatore_soggiorno_wifi_condizionatore_soggiorno,-57.000046069444444,2026-07-20T08:00:00.000Z
sensor.condizionatore_soggiorno_wifi_condizionatore_soggiorno,-57.10000115916667,2026-07-20T09:00:00.000Z
sensor.condizionatore_soggiorno_wifi_condizionatore_soggiorno,-57,2026-07-20T10:00:00.000Z
sensor.condizionatore_soggiorno_wifi_condizionatore_soggiorno,-56.83333451611111,2026-07-20T11:00:00.000Z
sensor.condizionatore_soggiorno_wifi_condizionatore_soggiorno,-57,2026-07-20T12:00:00.000Z
sensor.condizionatore_soggiorno_wifi_condizionatore_soggiorno,-56.51667612472222,2026-07-20T13:00:00.000Z
sensor.condizionatore_soggiorno_wifi_condizionatore_soggiorno,-56.531112042500006,2026-07-20T14:00:00.000Z
sensor.condizionatore_soggiorno_wifi_condizionatore_soggiorno,-56.937864317499994,2026-07-20T15:00:00.000Z
sensor.condizionatore_soggiorno_wifi_condizionatore_soggiorno,-57.18332477027778,2026-07-20T16:00:00.000Z
sensor.condizionatore_soggiorno_wifi_condizionatore_soggiorno,-57.783322596666665,2026-07-20T17:00:00.000Z
sensor.condizionatore_soggiorno_wifi_condizionatore_soggiorno,-57.197720706944445,2026-07-20T18:00:00.000Z
sensor.condizionatore_soggiorno_wifi_condizionatore_soggiorno,-58.43561019194445,2026-07-20T19:00:00.000Z
sensor.condizionatore_soggiorno_wifi_condizionatore_soggiorno,-56.797736371111114,2026-07-20T20:00:00.000Z
sensor.condizionatore_soggiorno_wifi_condizionatore_soggiorno,-57.10001295194444,2026-07-20T21:00:00.000Z
sensor.condizionatore_soggiorno_wifi_condizionatore_soggiorno,-57.266718671388894,2026-07-20T22:00:00.000Z
sensor.condizionatore_soggiorno_wifi_condizionatore_soggiorno,-57.39999471416667,2026-07-20T23:00:00.000Z
sensor.condizionatore_soggiorno_wifi_condizionatore_soggiorno,-57.2333578075,2026-07-21T00:00:00.000Z
sensor.condizionatore_soggiorno_wifi_condizionatore_soggiorno,-57.48328119361111,2026-07-21T01:00:00.000Z
sensor.condizionatore_soggiorno_wifi_condizionatore_soggiorno,-57.235645088333335,2026-07-21T02:00:00.000Z
sensor.condizionatore_soggiorno_wifi_condizionatore_soggiorno,-57.23329497472222,2026-07-21T03:00:00.000Z
sensor.condizionatore_soggiorno_wifi_condizionatore_soggiorno,-57.53101565222223,2026-07-21T04:00:00.000Z
sensor.condizionatore_soggiorno_wifi_condizionatore_soggiorno,-57.619045239722226,2026-07-21T05:00:00.000Z
sensor.condizionatore_soggiorno_wifi_condizionatore_soggiorno,-58.16664543027778,2026-07-21T06:00:00.000Z
sensor.condizionatore_soggiorno_wifi_condizionatore_soggiorno,-57.933217238611114,2026-07-21T07:00:00.000Z
sensor.condizionatore_soggiorno_wifi_condizionatore_soggiorno,-57.81665598833333,2026-07-21T08:00:00.000Z
sensor.condizionatore_soggiorno_wifi_condizionatore_soggiorno,-57.53334875027778,2026-07-21T09:00:00.000Z
sensor.condizionatore_soggiorno_wifi_condizionatore_soggiorno,-57.966663285277775,2026-07-21T10:00:00.000Z
sensor.condizionatore_soggiorno_wifi_condizionatore_soggiorno,-57.75008591555556,2026-07-21T11:00:00.000Z
sensor.condizionatore_soggiorno_wifi_condizionatore_soggiorno,-57.36433523833333,2026-07-21T12:00:00.000Z
sensor.condizionatore_soggiorno_wifi_condizionatore_soggiorno,-57.033328840555555,2026-07-21T13:00:00.000Z
sensor.condizionatore_soggiorno_wifi_condizionatore_soggiorno,-57.452369359166674,2026-07-21T14:00:00.000Z
sensor.condizionatore_soggiorno_wifi_condizionatore_soggiorno,-57.1809609075,2026-07-21T15:00:00.000Z
sensor.condizionatore_soggiorno_wifi_condizionatore_soggiorno,-58.2333490575,2026-07-21T16:00:00.000Z
sensor.condizionatore_soggiorno_wifi_condizionatore_soggiorno,-57.09763056638889,2026-07-21T17:00:00.000Z
sensor.condizionatore_soggiorno_wifi_condizionatore_soggiorno,-56.8190074675,2026-07-21T18:00:00.000Z
sensor.condizionatore_soggiorno_wifi_condizionatore_soggiorno,-57,2026-07-21T19:00:00.000Z
sensor.condizionatore_soggiorno_wifi_condizionatore_soggiorno,-57.100027894444445,2026-07-21T20:00:00.000Z
sensor.condizionatore_soggiorno_wifi_condizionatore_soggiorno,-57.200108095,2026-07-21T21:00:00.000Z
sensor.condizionatore_soggiorno_wifi_condizionatore_soggiorno,-57.10000085527778,2026-07-21T22:00:00.000Z
sensor.condizionatore_soggiorno_wifi_condizionatore_soggiorno,-57.16676086249999,2026-07-21T23:00:00.000Z
sensor.condizionatore_soggiorno_wifi_condizionatore_soggiorno,-57.13326793694444,2026-07-22T00:00:00.000Z
sensor.condizionatore_soggiorno_wifi_condizionatore_soggiorno,-57.099946155,2026-07-22T01:00:00.000Z
sensor.condizionatore_soggiorno_wifi_condizionatore_soggiorno,-57.18334633388889,2026-07-22T02:00:00.000Z
sensor.condizionatore_soggiorno_wifi_condizionatore_soggiorno,-57.36901395500001,2026-07-22T03:00:00.000Z
sensor.condizionatore_soggiorno_wifi_condizionatore_soggiorno,-57.54999449777778,2026-07-22T04:00:00.000Z
sensor.condizionatore_soggiorno_wifi_condizionatore_soggiorno,-57.51667682916667,2026-07-22T05:00:00.000Z
sensor.condizionatore_soggiorno_wifi_condizionatore_soggiorno,-58.235703162777774,2026-07-22T06:00:00.000Z
sensor.condizionatore_soggiorno_wifi_condizionatore_soggiorno,-57.87858116638889,2026-07-22T07:00:00.000Z
sensor.condizionatore_soggiorno_wifi_condizionatore_soggiorno,-57.53570892222223,2026-07-22T08:00:00.000Z
sensor.condizionatore_soggiorno_wifi_condizionatore_soggiorno,-57.297594762222225,2026-07-22T09:00:00.000Z
sensor.condizionatore_soggiorno_wifi_condizionatore_soggiorno,-57.100001348333336,2026-07-22T10:00:00.000Z
sensor.condizionatore_soggiorno_wifi_condizionatore_soggiorno,-57.016665796944444,2026-07-22T11:00:00.000Z
sensor.condizionatore_soggiorno_wifi_condizionatore_soggiorno,-57.01666687638889,2026-07-22T12:00:00.000Z
sensor.condizionatore_soggiorno_wifi_condizionatore_soggiorno,-56.98332647833333,2026-07-22T13:00:00.000Z
sensor.condizionatore_soggiorno_wifi_condizionatore_soggiorno,-57.100000757222226,2026-07-22T14:00:00.000Z
sensor.condizionatore_soggiorno_wifi_condizionatore_soggiorno,-57.01666605305556,2026-07-22T15:00:00.000Z
sensor.condizionatore_soggiorno_wifi_condizionatore_soggiorno,-57.90245442444444,2026-07-22T16:00:00.000Z
sensor.condizionatore_soggiorno_wifi_condizionatore_soggiorno,-57.281447082499994,2026-07-22T17:00:00.000Z
sensor.condizionatore_soggiorno_wifi_condizionatore_soggiorno,-57.79999332916666,2026-07-22T18:00:00.000Z
sensor.condizionatore_soggiorno_wifi_condizionatore_soggiorno,-57.330946790000006,2026-07-22T19:00:00.000Z
sensor.condizionatore_soggiorno_wifi_condizionatore_soggiorno,-57.00242090972222,2026-07-22T20:00:00.000Z
sensor.condizionatore_soggiorno_wifi_condizionatore_soggiorno,-57,2026-07-22T21:00:00.000Z
sensor.condizionatore_soggiorno_wifi_condizionatore_soggiorno,-57,2026-07-22T22:00:00.000Z
sensor.condizionatore_soggiorno_wifi_condizionatore_soggiorno,-57.00000745416667,2026-07-22T23:00:00.000Z
sensor.condizionatore_soggiorno_wifi_condizionatore_soggiorno,-57.016659604722214,2026-07-23T00:00:00.000Z
sensor.condizionatore_soggiorno_wifi_condizionatore_soggiorno,-56.916670761666666,2026-07-23T01:00:00.000Z
sensor.condizionatore_soggiorno_wifi_condizionatore_soggiorno,-57.01669336583333,2026-07-23T02:00:00.000Z
sensor.condizionatore_soggiorno_wifi_condizionatore_soggiorno,-57,2026-07-23T03:00:00.000Z
sensor.condizionatore_soggiorno_wifi_condizionatore_soggiorno,-57,2026-07-23T04:00:00.000Z
sensor.condizionatore_soggiorno_wifi_condizionatore_soggiorno,-57.53336008638889,2026-07-23T06:00:00.000Z
sensor.condizionatore_soggiorno_wifi_condizionatore_soggiorno,-57.10000179722223,2026-07-23T07:00:00.000Z
sensor.condizionatore_soggiorno_wifi_condizionatore_soggiorno,-56.98333549111111,2026-07-23T08:00:00.000Z
sensor.condizionatore_soggiorno_wifi_condizionatore_soggiorno,-57,2026-07-23T09:00:00.000Z
sensor.condizionatore_soggiorno_wifi_condizionatore_soggiorno,-57.016698104166665,2026-07-23T10:00:00.000Z
sensor.condizionatore_soggiorno_wifi_condizionatore_soggiorno,-57,2026-07-23T11:00:00.000Z
sensor.condizionatore_soggiorno_wifi_condizionatore_soggiorno,-57.31664939222222,2026-07-23T12:00:00.000Z
sensor.condizionatore_soggiorno_wifi_condizionatore_soggiorno,-56.983331843611104,2026-07-23T13:00:00.000Z
sensor.condizionatore_soggiorno_wifi_condizionatore_soggiorno,-57,2026-07-23T14:00:00.000Z
sensor.condizionatore_soggiorno_wifi_condizionatore_soggiorno,-57.05002439388889,2026-07-23T15:00:00.000Z
sensor.condizionatore_soggiorno_wifi_condizionatore_soggiorno,-58.12165181083333,2026-07-23T16:00:00.000Z
sensor.condizionatore_soggiorno_wifi_condizionatore_soggiorno,-59.36415200444444,2026-07-23T17:00:00.000Z
sensor.condizionatore_soggiorno_wifi_condizionatore_soggiorno,-58.633312563888886,2026-07-23T18:00:00.000Z
sensor.condizionatore_soggiorno_wifi_condizionatore_soggiorno,-57.985848356944445,2026-07-23T19:00:00.000Z
sensor.condizionatore_soggiorno_wifi_condizionatore_soggiorno,-58.480740382499995,2026-07-23T20:00:00.000Z
sensor.condizionatore_soggiorno_wifi_condizionatore_soggiorno,-58.56668440027778,2026-07-23T21:00:00.000Z
sensor.condizionatore_soggiorno_wifi_condizionatore_soggiorno,-58.60252329694445,2026-07-23T22:00:00.000Z
sensor.condizionatore_soggiorno_wifi_condizionatore_soggiorno,-58.76673364527778,2026-07-23T23:00:00.000Z
sensor.condizionatore_soggiorno_wifi_condizionatore_soggiorno,-58.849294668611115,2026-07-24T00:00:00.000Z
sensor.condizionatore_soggiorno_wifi_condizionatore_soggiorno,-58.833320385,2026-07-24T01:00:00.000Z
sensor.condizionatore_soggiorno_wifi_condizionatore_soggiorno,-58.83332057527778,2026-07-24T02:00:00.000Z
sensor.condizionatore_soggiorno_wifi_condizionatore_soggiorno,-58.799986056111116,2026-07-24T03:00:00.000Z
sensor.condizionatore_soggiorno_wifi_condizionatore_soggiorno,-58.900021925555556,2026-07-24T04:00:00.000Z
sensor.condizionatore_soggiorno_wifi_condizionatore_soggiorno,-58.883322065555554,2026-07-24T05:00:00.000Z
sensor.condizionatore_soggiorno_wifi_condizionatore_soggiorno,-58.352483622777775,2026-07-24T06:00:00.000Z
sensor.condizionatore_soggiorno_wifi_condizionatore_soggiorno,-58.17824461194444,2026-07-24T07:00:00.000Z
sensor.condizionatore_soggiorno_wifi_condizionatore_soggiorno,-58.04999606222222,2026-07-24T08:00:00.000Z
sensor.condizionatore_soggiorno_wifi_condizionatore_soggiorno,-58.21666644972222,2026-07-24T09:00:00.000Z
sensor.condizionatore_soggiorno_wifi_condizionatore_soggiorno,-58.18588918305556,2026-07-24T10:00:00.000Z
sensor.condizionatore_soggiorno_wifi_condizionatore_soggiorno,-58.24744072083333,2026-07-24T11:00:00.000Z
sensor.condizionatore_soggiorno_wifi_condizionatore_soggiorno,-58.55257424277778,2026-07-24T12:00:00.000Z
sensor.condizionatore_soggiorno_wifi_condizionatore_soggiorno,-58.34745428611111,2026-07-24T13:00:00.000Z
sensor.condizionatore_soggiorno_wifi_condizionatore_soggiorno,-58.61921504972222,2026-07-24T14:00:00.000Z
sensor.condizionatore_soggiorno_wifi_condizionatore_soggiorno,-58.69741901888889,2026-07-24T15:00:00.000Z
sensor.condizionatore_soggiorno_wifi_condizionatore_soggiorno,-58.85257872666667,2026-07-24T16:00:00.000Z
sensor.condizionatore_soggiorno_wifi_condizionatore_soggiorno,-58.3948538125,2026-07-24T17:00:00.000Z
sensor.condizionatore_soggiorno_wifi_condizionatore_soggiorno,-57.549995171111114,2026-07-24T18:00:00.000Z
sensor.condizionatore_soggiorno_wifi_condizionatore_soggiorno,-58.33334272611111,2026-07-24T19:00:00.000Z
sensor.condizionatore_soggiorno_wifi_condizionatore_soggiorno,-59.01436470861984,2026-07-24T20:00:00.000Z
sensor.condizionatore_soggiorno_wifi_condizionatore_soggiorno,-58.41666842083333,2026-07-24T21:00:00.000Z
sensor.condizionatore_soggiorno_wifi_condizionatore_soggiorno,-58.43334522111112,2026-07-24T22:00:00.000Z
sensor.condizionatore_soggiorno_wifi_condizionatore_soggiorno,-57.766664553333335,2026-07-24T23:00:00.000Z
sensor.condizionatore_soggiorno_wifi_condizionatore_soggiorno,-57.73333600583334,2026-07-25T00:00:00.000Z
sensor.condizionatore_soggiorno_wifi_condizionatore_soggiorno,-57.90000502361111,2026-07-25T01:00:00.000Z
sensor.condizionatore_soggiorno_wifi_condizionatore_soggiorno,-57.93333108138889,2026-07-25T02:00:00.000Z
sensor.condizionatore_soggiorno_wifi_condizionatore_soggiorno,-57.916666955277776,2026-07-25T03:00:00.000Z
sensor.condizionatore_soggiorno_wifi_condizionatore_soggiorno,-57.91667256833333,2026-07-25T04:00:00.000Z
sensor.condizionatore_soggiorno_wifi_condizionatore_soggiorno,-57.88333137388889,2026-07-25T05:00:00.000Z
sensor.condizionatore_soggiorno_wifi_condizionatore_soggiorno,-57.78333994333334,2026-07-25T06:00:00.000Z
sensor.condizionatore_soggiorno_wifi_condizionatore_soggiorno,-57.73333334777778,2026-07-25T07:00:00.000Z
sensor.condizionatore_soggiorno_wifi_condizionatore_soggiorno,-57.914616443611116,2026-07-25T08:00:00.000Z
sensor.condizionatore_soggiorno_wifi_condizionatore_soggiorno,-58.720786328611105,2026-07-25T09:00:00.000Z
sensor.condizionatore_soggiorno_wifi_condizionatore_soggiorno,-57.4105241775,2026-07-25T10:00:00.000Z
sensor.condizionatore_soggiorno_wifi_condizionatore_soggiorno,-57.33945583138888,2026-07-25T11:00:00.000Z
sensor.condizionatore_soggiorno_wifi_condizionatore_soggiorno,-58.15202499388889,2026-07-25T12:00:00.000Z
sensor.condizionatore_soggiorno_wifi_condizionatore_soggiorno,-57.29798635888889,2026-07-25T13:00:00.000Z
sensor.condizionatore_soggiorno_wifi_condizionatore_soggiorno,-59.04392585916667,2026-07-25T14:00:00.000Z
sensor.condizionatore_soggiorno_wifi_condizionatore_soggiorno,-58.206099583333334,2026-07-25T15:00:00.000Z
sensor.condizionatore_soggiorno_wifi_condizionatore_soggiorno,-57.53333536472223,2026-07-25T16:00:00.000Z
sensor.condizionatore_soggiorno_wifi_condizionatore_soggiorno,-56.90000717722222,2026-07-25T17:00:00.000Z
sensor.condizionatore_soggiorno_wifi_condizionatore_soggiorno,-56.91667289527778,2026-07-25T18:00:00.000Z
sensor.condizionatore_soggiorno_wifi_condizionatore_soggiorno,-56.900001528055554,2026-07-25T19:00:00.000Z
sensor.condizionatore_soggiorno_wifi_condizionatore_soggiorno,-57.049924393611114,2026-07-25T20:00:00.000Z
sensor.condizionatore_soggiorno_wifi_condizionatore_soggiorno,-57.18338580583333,2026-07-25T21:00:00.000Z
sensor.condizionatore_soggiorno_wifi_condizionatore_soggiorno,-57.46668315694444,2026-07-25T22:00:00.000Z
sensor.condizionatore_soggiorno_wifi_condizionatore_soggiorno,-57.01668609638889,2026-07-25T23:00:00.000Z
sensor.condizionatore_soggiorno_wifi_condizionatore_soggiorno,-57.06666159833333,2026-07-26T00:00:00.000Z
sensor.condizionatore_soggiorno_wifi_condizionatore_soggiorno,-57.016667086388885,2026-07-26T01:00:00.000Z
sensor.condizionatore_soggiorno_wifi_condizionatore_soggiorno,-57.24801018611112,2026-07-26T02:00:00.000Z
sensor.condizionatore_soggiorno_wifi_condizionatore_soggiorno,-57.25200355250001,2026-07-26T03:00:00.000Z
sensor.condizionatore_soggiorno_wifi_condizionatore_soggiorno,-57.11665132027778,2026-07-26T04:00:00.000Z
sensor.condizionatore_soggiorno_wifi_condizionatore_soggiorno,-57.050000905,2026-07-26T05:00:00.000Z
sensor.condizionatore_soggiorno_wifi_condizionatore_soggiorno,-57.06666128944445,2026-07-26T06:00:00.000Z
sensor.condizionatore_soggiorno_wifi_condizionatore_soggiorno,-57.53331849722222,2026-07-26T07:00:00.000Z
sensor.condizionatore_soggiorno_wifi_condizionatore_soggiorno,-57.30866198444445,2026-07-26T08:00:00.000Z
sensor.condizionatore_soggiorno_wifi_condizionatore_soggiorno,-57.057880673611116,2026-07-26T09:00:00.000Z
sensor.condizionatore_soggiorno_wifi_condizionatore_soggiorno,-56.75193713944444,2026-07-26T10:00:00.000Z
sensor.condizionatore_soggiorno_wifi_condizionatore_soggiorno,-57.681427453055555,2026-07-26T11:00:00.000Z
sensor.condizionatore_soggiorno_wifi_condizionatore_soggiorno,-56.701973431944445,2026-07-26T12:00:00.000Z
sensor.condizionatore_soggiorno_wifi_condizionatore_soggiorno,-62.81168675305556,2026-07-26T13:00:00.000Z
sensor.condizionatore_soggiorno_wifi_condizionatore_soggiorno,-68.8534477711111,2026-07-26T14:00:00.000Z
sensor.condizionatore_soggiorno_wifi_condizionatore_soggiorno,-65.64475273333333,2026-07-26T15:00:00.000Z
sensor.condizionatore_soggiorno_wifi_condizionatore_soggiorno,-61.031382657222224,2026-07-26T16:00:00.000Z
sensor.condizionatore_soggiorno_wifi_condizionatore_soggiorno,-60.8019291775,2026-07-26T17:00:00.000Z
sensor.condizionatore_soggiorno_wifi_condizionatore_soggiorno,-61.46664182666667,2026-07-26T18:00:00.000Z
sensor.condizionatore_soggiorno_wifi_condizionatore_soggiorno,-61.01664027555555,2026-07-26T19:00:00.000Z
sensor.condizionatore_soggiorno_wifi_condizionatore_soggiorno,-61.508991860277774,2026-07-26T20:00:00.000Z
sensor.condizionatore_soggiorno_wifi_condizionatore_soggiorno,-61.25766965361112,2026-07-26T21:00:00.000Z
sensor.condizionatore_soggiorno_wifi_condizionatore_soggiorno,-61.05894750027778,2026-07-26T22:00:00.000Z
sensor.condizionatore_soggiorno_wifi_condizionatore_soggiorno,-61.41669055416667,2026-07-26T23:00:00.000Z
sensor.condizionatore_soggiorno_wifi_condizionatore_soggiorno,-61.02622039194444,2026-07-27T00:00:00.000Z
sensor.condizionatore_soggiorno_wifi_condizionatore_soggiorno,-60.82375719305556,2026-07-27T01:00:00.000Z
sensor.condizionatore_soggiorno_wifi_condizionatore_soggiorno,-61.01667041333334,2026-07-27T02:00:00.000Z
sensor.condizionatore_soggiorno_wifi_condizionatore_soggiorno,-60.50766841916666,2026-07-27T03:00:00.000Z
sensor.condizionatore_soggiorno_wifi_condizionatore_soggiorno,-60.63523144444445,2026-07-27T04:00:00.000Z
sensor.condizionatore_soggiorno_wifi_condizionatore_soggiorno,-61.196212661944436,2026-07-27T05:00:00.000Z
sensor.condizionatore_soggiorno_wifi_condizionatore_soggiorno,-61.0852480225,2026-07-27T06:00:00.000Z
sensor.condizionatore_soggiorno_wifi_condizionatore_soggiorno,-60.75034099416666,2026-07-27T07:00:00.000Z
sensor.condizionatore_soggiorno_wifi_condizionatore_soggiorno,-60.34998193944444,2026-07-27T08:00:00.000Z
sensor.condizionatore_soggiorno_wifi_condizionatore_soggiorno,-60.71474291638889,2026-07-27T09:00:00.000Z
sensor.condizionatore_soggiorno_wifi_condizionatore_soggiorno,-61.21855866666667,2026-07-27T10:00:00.000Z
sensor.condizionatore_soggiorno_wifi_condizionatore_soggiorno,-60.58333459944444,2026-07-27T11:00:00.000Z
sensor.condizionatore_soggiorno_wifi_condizionatore_soggiorno,-60.36478212055555,2026-07-27T12:00:00.000Z
sensor.condizionatore_soggiorno_wifi_condizionatore_soggiorno,-60.651861054166666,2026-07-27T13:00:00.000Z
sensor.condizionatore_soggiorno_wifi_condizionatore_soggiorno,-61.29436843972223,2026-07-27T14:00:00.000Z
sensor.condizionatore_soggiorno_wifi_condizionatore_soggiorno,-60.6333579025,2026-07-27T15:00:00.000Z
sensor.condizionatore_soggiorno_wifi_condizionatore_soggiorno,-61.388930904999995,2026-07-27T16:00:00.000Z
sensor.condizionatore_soggiorno_wifi_condizionatore_soggiorno,-61.14445017777778,2026-07-27T17:00:00.000Z
sensor.condizionatore_soggiorno_wifi_condizionatore_soggiorno,-60.857404897777776,2026-07-27T18:00:00.000Z
sensor.condizionatore_soggiorno_wifi_condizionatore_soggiorno,-60.477785331111114,2026-07-27T19:00:00.000Z
sensor.condizionatore_soggiorno_wifi_condizionatore_soggiorno,-60.683282311944446,2026-07-27T20:00:00.000Z
sensor.condizionatore_soggiorno_wifi_condizionatore_soggiorno,-60.93331258222222,2026-07-27T21:00:00.000Z
sensor.condizionatore_soggiorno_wifi_condizionatore_soggiorno,-60.99999913,2026-07-27T22:00:00.000Z
sensor.condizionatore_soggiorno_wifi_condizionatore_soggiorno,-61.09997431333333,2026-07-27T23:00:00.000Z
sensor.condizionatore_soggiorno_wifi_condizionatore_soggiorno,-60.870353353333336,2026-07-28T00:00:00.000Z
sensor.condizionatore_soggiorno_wifi_condizionatore_soggiorno,-61.04995712833334,2026-07-28T01:00:00.000Z
sensor.condizionatore_soggiorno_wifi_condizionatore_soggiorno,-61.01303890444444,2026-07-28T02:00:00.000Z
sensor.condizionatore_soggiorno_wifi_condizionatore_soggiorno,-61.07213886444445,2026-07-28T03:00:00.000Z
sensor.condizionatore_soggiorno_wifi_condizionatore_soggiorno,-60.681507438055554,2026-07-28T04:00:00.000Z
sensor.condizionatore_soggiorno_wifi_condizionatore_soggiorno,-60.496345213055555,2026-07-28T05:00:00.000Z
sensor.condizionatore_soggiorno_wifi_condizionatore_soggiorno,-60.55364366472222,2026-07-28T06:00:00.000Z
sensor.condizionatore_soggiorno_wifi_condizionatore_soggiorno,-60.91118638222222,2026-07-28T07:00:00.000Z
sensor.condizionatore_soggiorno_wifi_condizionatore_soggiorno,-61.238783734722226,2026-07-28T08:00:00.000Z
sensor.condizionatore_soggiorno_wifi_condizionatore_soggiorno,-60.511245888055555,2026-07-28T09:00:00.000Z
sensor.condizionatore_soggiorno_wifi_condizionatore_soggiorno,-60.472081236388895,2026-07-28T10:00:00.000Z
sensor.condizionatore_soggiorno_wifi_condizionatore_soggiorno,-60.82793248111111,2026-07-28T11:00:00.000Z
sensor.condizionatore_soggiorno_wifi_condizionatore_soggiorno,-60.901780815555554,2026-07-28T12:00:00.000Z
sensor.condizionatore_soggiorno_wifi_condizionatore_soggiorno,-60.883348285000004,2026-07-28T13:00:00.000Z
sensor.condizionatore_soggiorno_wifi_condizionatore_soggiorno,-60.75179346555556,2026-07-28T14:00:00.000Z
sensor.condizionatore_soggiorno_wifi_condizionatore_soggiorno,-60.66845972472222,2026-07-28T15:00:00.000Z
sensor.condizionatore_soggiorno_wifi_condizionatore_soggiorno,-60.151776254999994,2026-07-28T16:00:00.000Z
sensor.condizionatore_soggiorno_wifi_condizionatore_soggiorno,-60.30774289361111,2026-07-28T17:00:00.000Z
sensor.condizionatore_soggiorno_wifi_condizionatore_soggiorno,-60.14046628361111,2026-07-28T18:00:00.000Z
sensor.condizionatore_soggiorno_wifi_condizionatore_soggiorno,-60.54292614833333,2026-07-28T19:00:00.000Z
sensor.condizionatore_soggiorno_wifi_condizionatore_soggiorno,-59.923743262500004,2026-07-28T20:00:00.000Z
sensor.condizionatore_soggiorno_wifi_condizionatore_soggiorno,-60.167781904722226,2026-07-28T21:00:00.000Z
sensor.condizionatore_soggiorno_wifi_condizionatore_soggiorno,-60.14292633638889,2026-07-28T22:00:00.000Z
sensor.condizionatore_soggiorno_wifi_condizionatore_soggiorno,-60.08331572166667,2026-07-28T23:00:00.000Z
sensor.condizionatore_soggiorno_wifi_condizionatore_soggiorno,-60.038616518055555,2026-07-29T00:00:00.000Z
sensor.condizionatore_soggiorno_wifi_condizionatore_soggiorno,-60.36839697527778,2026-07-29T01:00:00.000Z
sensor.condizionatore_soggiorno_wifi_condizionatore_soggiorno,-60.348199305277774,2026-07-29T02:00:00.000Z
sensor.condizionatore_soggiorno_wifi_condizionatore_soggiorno,-60.08338796944444,2026-07-29T03:00:00.000Z
sensor.condizionatore_soggiorno_wifi_condizionatore_soggiorno,-59.98506878888889,2026-07-29T04:00:00.000Z
sensor.condizionatore_soggiorno_wifi_condizionatore_soggiorno,-60.083280865,2026-07-29T05:00:00.000Z
sensor.condizionatore_soggiorno_wifi_condizionatore_soggiorno,-60.266657754166665,2026-07-29T06:00:00.000Z
sensor.condizionatore_soggiorno_wifi_condizionatore_soggiorno,-60.59827736972222,2026-07-29T07:00:00.000Z
sensor.condizionatore_soggiorno_wifi_condizionatore_soggiorno,-60.50000942194444,2026-07-29T08:00:00.000Z
sensor.condizionatore_soggiorno_wifi_condizionatore_soggiorno,-60.63160779444445,2026-07-29T09:00:00.000Z
sensor.condizionatore_soggiorno_wifi_condizionatore_soggiorno,-60.60173674166666,2026-07-29T10:00:00.000Z
sensor.condizionatore_soggiorno_wifi_condizionatore_soggiorno,-60.28507075694444,2026-07-29T11:00:00.000Z
sensor.condizionatore_soggiorno_wifi_condizionatore_soggiorno,-60.46321493166667,2026-07-29T12:00:00.000Z
sensor.condizionatore_soggiorno_wifi_condizionatore_soggiorno,-60.41666969916667,2026-07-29T13:00:00.000Z
sensor.condizionatore_soggiorno_wifi_condizionatore_soggiorno,-60.2500237225,2026-07-29T14:00:00.000Z
sensor.condizionatore_soggiorno_wifi_condizionatore_soggiorno,-60.75001801138888,2026-07-29T15:00:00.000Z
sensor.condizionatore_soggiorno_wifi_condizionatore_soggiorno,-60.58162756722222,2026-07-29T16:00:00.000Z
sensor.condizionatore_soggiorno_wifi_condizionatore_soggiorno,-60.55171234083334,2026-07-29T17:00:00.000Z
sensor.condizionatore_soggiorno_wifi_condizionatore_soggiorno,-60.48676099527777,2026-07-29T18:00:00.000Z
sensor.condizionatore_soggiorno_wifi_condizionatore_soggiorno,-60.10000835138889,2026-07-29T19:00:00.000Z
sensor.condizionatore_soggiorno_wifi_condizionatore_soggiorno,-60.71324305666666,2026-07-29T20:00:00.000Z
sensor.condizionatore_soggiorno_wifi_condizionatore_soggiorno,-60.60168750138889,2026-07-29T21:00:00.000Z
sensor.condizionatore_soggiorno_wifi_condizionatore_soggiorno,-60.63163127944444,2026-07-29T22:00:00.000Z
sensor.condizionatore_soggiorno_wifi_condizionatore_soggiorno,-60.70000367027777,2026-07-29T23:00:00.000Z
sensor.condizionatore_soggiorno_wifi_condizionatore_soggiorno,-60.68334533833334,2026-07-30T00:00:00.000Z
sensor.condizionatore_soggiorno_wifi_condizionatore_soggiorno,-60.585029598333335,2026-07-30T01:00:00.000Z
sensor.condizionatore_soggiorno_wifi_condizionatore_soggiorno,-60.61497565888889,2026-07-30T02:00:00.000Z
sensor.condizionatore_soggiorno_wifi_condizionatore_soggiorno,-60.666693054722224,2026-07-30T03:00:00.000Z
sensor.condizionatore_soggiorno_wifi_condizionatore_soggiorno,-60.616673481944446,2026-07-30T04:00:00.000Z
sensor.condizionatore_soggiorno_wifi_condizionatore_soggiorno,-60.65168277777778,2026-07-30T05:00:00.000Z
sensor.condizionatore_soggiorno_wifi_condizionatore_soggiorno,-60.74996925944444,2026-07-30T06:00:00.000Z
sensor.condizionatore_soggiorno_wifi_condizionatore_soggiorno,-60.764979647500006,2026-07-30T07:00:00.000Z
sensor.condizionatore_soggiorno_wifi_condizionatore_soggiorno,-66.76879400166668,2026-07-30T08:00:00.000Z
sensor.condizionatore_soggiorno_wifi_condizionatore_soggiorno,-68.98333314638889,2026-07-30T09:00:00.000Z
sensor.condizionatore_soggiorno_wifi_condizionatore_soggiorno,-69.00000608277777,2026-07-30T10:00:00.000Z
sensor.condizionatore_soggiorno_wifi_condizionatore_soggiorno,-68.98500199694445,2026-07-30T11:00:00.000Z
sensor.condizionatore_soggiorno_wifi_condizionatore_soggiorno,-68.90166067166666,2026-07-30T12:00:00.000Z
sensor.condizionatore_soggiorno_wifi_condizionatore_soggiorno,-68.92985748472222,2026-07-30T13:00:00.000Z
sensor.condizionatore_soggiorno_wifi_condizionatore_soggiorno,-69.06668994083334,2026-07-30T14:00:00.000Z
sensor.condizionatore_soggiorno_wifi_condizionatore_soggiorno,-68.43499482055556,2026-07-30T15:00:00.000Z
sensor.condizionatore_soggiorno_wifi_condizionatore_soggiorno,-67.95002071444445,2026-07-30T16:00:00.000Z
sensor.condizionatore_soggiorno_wifi_condizionatore_soggiorno,-67.40222906666666,2026-07-30T17:00:00.000Z
sensor.condizionatore_soggiorno_wifi_condizionatore_soggiorno,-69.67514968305555,2026-07-30T18:00:00.000Z
sensor.condizionatore_soggiorno_wifi_condizionatore_soggiorno,-67.38825655,2026-07-30T19:00:00.000Z
sensor.condizionatore_soggiorno_wifi_condizionatore_soggiorno,-67.08985522277779,2026-07-30T20:00:00.000Z
sensor.condizionatore_soggiorno_wifi_condizionatore_soggiorno,-65.14511273416666,2026-07-30T21:00:00.000Z
sensor.condizionatore_soggiorno_wifi_condizionatore_soggiorno,-67.41667716305555,2026-07-30T22:00:00.000Z
sensor.condizionatore_soggiorno_wifi_condizionatore_soggiorno,-67.39837987888889,2026-07-30T23:00:00.000Z
sensor.condizionatore_soggiorno_wifi_condizionatore_soggiorno,-67.80000128222223,2026-07-31T00:00:00.000Z
sensor.condizionatore_soggiorno_wifi_condizionatore_soggiorno,-67.9165916711111,2026-07-31T01:00:00.000Z
sensor.condizionatore_soggiorno_wifi_condizionatore_soggiorno,-67.88333367972221,2026-07-31T02:00:00.000Z
sensor.condizionatore_soggiorno_wifi_condizionatore_soggiorno,-67.98333488277778,2026-07-31T03:00:00.000Z
sensor.condizionatore_soggiorno_wifi_condizionatore_soggiorno,-67.89999720611111,2026-07-31T04:00:00.000Z
sensor.condizionatore_soggiorno_wifi_condizionatore_soggiorno,-67.6849172725,2026-07-31T05:00:00.000Z
sensor.condizionatore_soggiorno_wifi_condizionatore_soggiorno,-67.94839516583333,2026-07-31T06:00:00.000Z
sensor.condizionatore_soggiorno_wifi_condizionatore_soggiorno,-67.48491445861112,2026-07-31T07:00:00.000Z
sensor.condizionatore_soggiorno_wifi_condizionatore_soggiorno,-66.57863557055556,2026-07-31T08:00:00.000Z
sensor.condizionatore_soggiorno_wifi_condizionatore_soggiorno,-66.56350784555555,2026-07-31T09:00:00.000Z
sensor.condizionatore_soggiorno_wifi_condizionatore_soggiorno,-66.76666821805556,2026-07-31T10:00:00.000Z
sensor.condizionatore_soggiorno_wifi_condizionatore_soggiorno,-66.86790818777777,2026-07-31T11:00:00.000Z
sensor.condizionatore_soggiorno_wifi_condizionatore_soggiorno,-66.91677096555556,2026-07-31T12:00:00.000Z
sensor.condizionatore_soggiorno_wifi_condizionatore_soggiorno,-67.10161265027777,2026-07-31T13:00:00.000Z
sensor.condizionatore_soggiorno_wifi_condizionatore_soggiorno,-67.00001887611111,2026-07-31T14:00:00.000Z
sensor.condizionatore_soggiorno_wifi_condizionatore_soggiorno,-67.58176302916667,2026-07-31T15:00:00.000Z
sensor.condizionatore_soggiorno_wifi_condizionatore_soggiorno,-66.58490047305555,2026-07-31T16:00:00.000Z
sensor.condizionatore_soggiorno_wifi_condizionatore_soggiorno,-66.37134991805556,2026-07-31T17:00:00.000Z
sensor.condizionatore_soggiorno_wifi_condizionatore_soggiorno,-65.58177362083333,2026-07-31T18:00:00.000Z
sensor.condizionatore_soggiorno_wifi_condizionatore_soggiorno,-67.20808238027779,2026-07-31T19:00:00.000Z
sensor.condizionatore_soggiorno_wifi_condizionatore_soggiorno,-66.66356698861111,2026-07-31T20:00:00.000Z
sensor.condizionatore_soggiorno_wifi_condizionatore_soggiorno,-67.4984615463889,2026-07-31T21:00:00.000Z
sensor.condizionatore_soggiorno_wifi_condizionatore_soggiorno,-68.11491530666667,2026-07-31T22:00:00.000Z
sensor.condizionatore_soggiorno_wifi_condizionatore_soggiorno,-67.88792694361112,2026-07-31T23:00:00.000Z
sensor.condizionatore_soggiorno_wifi_condizionatore_soggiorno,-67.9151337925,2026-08-01T00:00:00.000Z
sensor.condizionatore_soggiorno_wifi_condizionatore_soggiorno,-67.93485678388889,2026-08-01T01:00:00.000Z
sensor.condizionatore_soggiorno_wifi_condizionatore_soggiorno,-67.71514459805555,2026-08-01T02:00:00.000Z
sensor.condizionatore_soggiorno_wifi_condizionatore_soggiorno,-67.88333165249999,2026-08-01T03:00:00.000Z
sensor.condizionatore_soggiorno_wifi_condizionatore_soggiorno,-67.98333418888889,2026-08-01T04:00:00.000Z
sensor.condizionatore_soggiorno_wifi_condizionatore_soggiorno,-68.08484981861112,2026-08-01T05:00:00.000Z
sensor.condizionatore_soggiorno_wifi_condizionatore_soggiorno,-68.48029117444445,2026-08-01T06:00:00.000Z
sensor.condizionatore_soggiorno_wifi_condizionatore_soggiorno,-65.09268968916666,2026-08-01T07:00:00.000Z
sensor.condizionatore_soggiorno_wifi_condizionatore_soggiorno,-64.49545815388889,2026-08-01T08:00:00.000Z
sensor.condizionatore_soggiorno_wifi_condizionatore_soggiorno,-66.9658051675,2026-08-01T09:00:00.000Z
sensor.condizionatore_soggiorno_wifi_condizionatore_soggiorno,-69.31590058916667,2026-08-01T10:00:00.000Z
sensor.condizionatore_soggiorno_wifi_condizionatore_soggiorno,-65.03676101277777,2026-08-01T11:00:00.000Z
sensor.condizionatore_soggiorno_wifi_condizionatore_soggiorno,-65.29900489166667,2026-08-01T12:00:00.000Z
sensor.condizionatore_soggiorno_wifi_condizionatore_soggiorno,-59.752245070839614,2026-08-14T05:00:00.000Z
sensor.condizionatore_soggiorno_wifi_condizionatore_soggiorno,-63.751565774166664,2026-08-14T06:00:00.000Z
sensor.condizionatore_soggiorno_wifi_condizionatore_soggiorno,-64.5813632713889,2026-08-14T07:00:00.000Z
sensor.condizionatore_soggiorno_wifi_condizionatore_soggiorno,-64.30155796333334,2026-08-14T08:00:00.000Z
sensor.condizionatore_soggiorno_wifi_condizionatore_soggiorno,-64.88374565361111,2026-08-14T09:00:00.000Z
sensor.condizionatore_soggiorno_wifi_condizionatore_soggiorno,-64.98335016,2026-08-14T10:00:00.000Z
sensor.condizionatore_soggiorno_wifi_condizionatore_soggiorno,-64.06586153083333,2026-08-14T11:00:00.000Z
sensor.condizionatore_soggiorno_wifi_condizionatore_soggiorno,-63.06667514944444,2026-08-14T12:00:00.000Z
sensor.condizionatore_soggiorno_wifi_condizionatore_soggiorno,-63.13374934694445,2026-08-14T13:00:00.000Z
sensor.condizionatore_soggiorno_wifi_condizionatore_soggiorno,-63.166254995277775,2026-08-14T14:00:00.000Z
sensor.condizionatore_soggiorno_wifi_condizionatore_soggiorno,-62.96666465694444,2026-08-14T15:00:00.000Z
sensor.condizionatore_soggiorno_wifi_condizionatore_soggiorno,-62.81623149611111,2026-08-14T16:00:00.000Z
sensor.condizionatore_soggiorno_wifi_condizionatore_soggiorno,-62.6008592325,2026-08-14T17:00:00.000Z
sensor.condizionatore_soggiorno_wifi_condizionatore_soggiorno,-63.74958438444444,2026-08-14T18:00:00.000Z
sensor.condizionatore_soggiorno_wifi_condizionatore_soggiorno,-63.73376605972223,2026-08-14T19:00:00.000Z
sensor.condizionatore_soggiorno_wifi_condizionatore_soggiorno,-63.41493105222222,2026-08-14T20:00:00.000Z
sensor.condizionatore_soggiorno_wifi_condizionatore_soggiorno,-59.549995415000005,2026-08-14T21:00:00.000Z
sensor.condizionatore_soggiorno_wifi_condizionatore_soggiorno,-59.985126880555555,2026-08-14T22:00:00.000Z
sensor.condizionatore_soggiorno_wifi_condizionatore_soggiorno,-61.89775598777778,2026-08-14T23:00:00.000Z
sensor.condizionatore_soggiorno_wifi_condizionatore_soggiorno,-59.43378586055556,2026-08-15T00:00:00.000Z
sensor.condizionatore_soggiorno_wifi_condizionatore_soggiorno,-60.55231873138889,2026-08-15T01:00:00.000Z
sensor.condizionatore_soggiorno_wifi_condizionatore_soggiorno,-62.49716098333334,2026-08-15T02:00:00.000Z
sensor.condizionatore_soggiorno_wifi_condizionatore_soggiorno,-61.669454284722214,2026-08-15T03:00:00.000Z
sensor.condizionatore_soggiorno_wifi_condizionatore_soggiorno,-62.18052918194445,2026-08-15T04:00:00.000Z
sensor.condizionatore_soggiorno_wifi_condizionatore_soggiorno,-62.419049015000006,2026-08-15T05:00:00.000Z
sensor.condizionatore_soggiorno_wifi_condizionatore_soggiorno,-60.364771581944446,2026-08-15T06:00:00.000Z
sensor.condizionatore_soggiorno_wifi_condizionatore_soggiorno,-60.66716738916667,2026-08-15T07:00:00.000Z
sensor.condizionatore_soggiorno_wifi_condizionatore_soggiorno,-62.40146274638889,2026-08-15T08:00:00.000Z
sensor.condizionatore_soggiorno_wifi_condizionatore_soggiorno,-62.082364472222224,2026-08-15T09:00:00.000Z
sensor.condizionatore_soggiorno_wifi_condizionatore_soggiorno,-61.0347971175,2026-08-15T10:00:00.000Z
sensor.condizionatore_soggiorno_wifi_condizionatore_soggiorno,-61.29802054416667,2026-08-15T11:00:00.000Z
sensor.condizionatore_soggiorno_wifi_condizionatore_soggiorno,-61.48630996805556,2026-08-15T12:00:00.000Z
sensor.condizionatore_soggiorno_wifi_condizionatore_soggiorno,unavailable,2026-08-15T12:57:59.180Z
button.condizionatore_soggiorno_riavvia_condizionatore_soggiorno,unavailable,2026-08-15T12:57:59.179Z
sensor.condizionatore_soggiorno_versione_esphome_condizionatore_soggiorno,unavailable,2026-08-15T12:57:59.179Z
