entity_id,state,last_changed,current_temperature,hvac_action,target_temp_high,target_temp_low,temperature
climate.studio_m_mts200b_main_channel,auto,2026-08-16T04:04:17.842Z,31.2,cooling,,,18
climate.studio_m_mts200b_main_channel,auto,2026-08-16T11:09:02.257Z,31.3,cooling,,,18
climate.studio_m_mts200b_main_channel,auto,2026-08-16T13:22:53.594Z,31.4,cooling,,,18
climate.studio_m_mts200b_main_channel,auto,2026-08-16T15:31:48.821Z,31.5,cooling,,,18
climate.studio_m_mts200b_main_channel,auto,2026-08-16T19:54:44.440Z,31.4,cooling,,,18
climate.studio_m_mts200b_main_channel,auto,2026-08-16T20:42:38.268Z,31.3,cooling,,,18
climate.studio_m_mts200b_main_channel,auto,2026-08-16T22:13:29.855Z,31.2,cooling,,,18
climate.studio_m_mts200b_main_channel,auto,2026-08-16T23:49:20.646Z,31.1,cooling,,,18
climate.studio_m_mts200b_main_channel,auto,2026-08-17T01:40:02.510Z,31,cooling,,,18
climate.studio_m_mts200b_main_channel,auto,2026-08-17T03:16:21.161Z,30.9,cooling,,,18
climate.studio_m_mts200b_main_channel,auto,2026-08-17T06:01:35.063Z,30.8,cooling,,,18
climate.studio_m_mts200b_main_channel,auto,2026-08-17T08:56:48.096Z,30.9,cooling,,,18
climate.studio_m_mts200b_main_channel,auto,2026-08-17T12:00:15.305Z,31,cooling,,,18
climate.studio_m_mts200b_main_channel,auto,2026-08-17T13:32:50.913Z,31.1,cooling,,,18
climate.studio_m_mts200b_main_channel,auto,2026-08-17T21:27:00.254Z,31,cooling,,,18
climate.studio_m_mts200b_main_channel,auto,2026-08-17T23:46:18.630Z,30.9,cooling,,,18
climate.studio_m_mts200b_main_channel,auto,2026-08-18T01:41:58.629Z,30.8,cooling,,,18
climate.studio_m_mts200b_main_channel,unavailable,2026-08-18T01:48:29.439Z
climate.studio_m_mts200b_main_channel,auto,2026-08-18T01:50:29.367Z,30.8,cooling,,,18
climate.studio_m_mts200b_main_channel,auto,2026-08-18T03:49:10.872Z,30.7,cooling,,,18
climate.studio_m_mts200b_main_channel,auto,2026-08-18T04:42:02.787Z,30.6,cooling,,,18
climate.studio_m_mts200b_main_channel,auto,2026-08-18T09:15:28.560Z,30.7,cooling,,,18
climate.studio_m_mts200b_main_channel,auto,2026-08-18T11:19:38.705Z,30.8,cooling,,,18
climate.studio_m_mts200b_main_channel,auto,2026-08-18T12:42:20.163Z,30.9,cooling,,,18
climate.studio_m_mts200b_main_channel,auto,2026-08-18T21:51:25.748Z,30.8,cooling,,,18
climate.studio_m_mts200b_main_channel,unavailable,2026-08-19T00:14:39.232Z
climate.studio_m_mts200b_main_channel,auto,2026-08-19T00:16:39.365Z,30.8,cooling,,,18
climate.studio_m_mts200b_main_channel,auto,2026-08-19T00:33:20.612Z,30.7,cooling,,,18
climate.studio_m_mts200b_main_channel,auto,2026-08-19T03:11:58.334Z,30.6,cooling,,,18
climate.studio_m_mts200b_main_channel,auto,2026-08-19T05:45:38.014Z,30.5,cooling,,,18
climate.studio_m_mts200b_main_channel,auto,2026-08-19T07:56:10.290Z,30.6,cooling,,,18
climate.studio_m_mts200b_main_channel,auto,2026-08-19T09:30:19.945Z,30.7,cooling,,,18
climate.studio_m_mts200b_main_channel,auto,2026-08-19T11:04:30.592Z,30.8,cooling,,,18
climate.studio_m_mts200b_main_channel,auto,2026-08-19T14:19:29.982Z,30.9,cooling,,,18
climate.studio_m_mts200b_main_channel,auto,2026-08-19T19:05:45.970Z,31,cooling,,,18
climate.studio_m_mts200b_main_channel,auto,2026-08-19T21:09:19.125Z,30.9,cooling,,,18
climate.studio_m_mts200b_main_channel,auto,2026-08-20T02:29:52.772Z,30.8,cooling,,,18
climate.studio_m_mts200b_main_channel,auto,2026-08-20T06:03:01.444Z,30.7,cooling,,,18
climate.studio_m_mts200b_main_channel,auto,2026-08-20T10:21:04.939Z,30.8,cooling,,,18
climate.studio_m_mts200b_main_channel,auto,2026-08-20T12:58:13.696Z,30.9,cooling,,,18
climate.studio_m_mts200b_main_channel,auto,2026-08-20T16:46:30.690Z,30.8,cooling,,,18
climate.studio_m_mts200b_main_channel,auto,2026-08-20T17:41:05.673Z,30.7,cooling,,,18
climate.studio_m_mts200b_main_channel,auto,2026-08-20T18:45:37.774Z,30.6,cooling,,,18
climate.studio_m_mts200b_main_channel,auto,2026-08-20T20:39:46.751Z,30.5,cooling,,,18
climate.studio_m_mts200b_main_channel,auto,2026-08-20T22:06:01.253Z,30.4,cooling,,,18
climate.studio_m_mts200b_main_channel,auto,2026-08-21T00:03:20.311Z,30.3,cooling,,,18
climate.studio_m_mts200b_main_channel,auto,2026-08-21T01:25:57.785Z,30.2,cooling,,,18
climate.studio_m_mts200b_main_channel,auto,2026-08-21T02:41:59.073Z,30.1,cooling,,,18
climate.studio_m_mts200b_main_channel,auto,2026-08-21T04:52:31.350Z,30,cooling,,,18
climate.studio_m_mts200b_main_channel,auto,2026-08-21T09:13:01.903Z,29.9,cooling,,,18
climate.studio_m_mts200b_main_channel,auto,2026-08-21T11:14:45.018Z,29.8,cooling,,,18
climate.studio_m_mts200b_main_channel,auto,2026-08-21T15:21:01.295Z,29.9,cooling,,,18
climate.studio_m_mts200b_main_channel,auto,2026-08-21T18:40:57.752Z,29.8,cooling,,,18
climate.studio_m_mts200b_main_channel,auto,2026-08-21T20:21:45.580Z,29.7,cooling,,,18
climate.studio_m_mts200b_main_channel,auto,2026-08-21T22:07:29.346Z,29.6,cooling,,,18
climate.studio_m_mts200b_main_channel,auto,2026-08-21T22:57:04.216Z,29.5,cooling,,,18
climate.studio_m_mts200b_main_channel,auto,2026-08-22T00:24:31.899Z,29.4,cooling,,,18
climate.studio_m_mts200b_main_channel,auto,2026-08-22T01:40:33.120Z,29.3,cooling,,,18
climate.studio_m_mts200b_main_channel,auto,2026-08-22T03:32:55.005Z,29.2,cooling,,,18
climate.studio_m_mts200b_main_channel,auto,2026-08-22T04:34:04.133Z,29.1,cooling,,,18
climate.studio_m_mts200b_main_channel,auto,2026-08-22T09:49:37.590Z,29.2,cooling,,,18
climate.studio_m_mts200b_main_channel,auto,2026-08-22T12:08:25.976Z,29.3,cooling,,,18
climate.studio_m_mts200b_main_channel,auto,2026-08-22T14:09:03.057Z,29.4,cooling,,,18
climate.studio_m_mts200b_main_channel,auto,2026-08-22T15:57:31.950Z,29.5,cooling,,,18
climate.studio_m_mts200b_main_channel,auto,2026-08-22T19:41:36.847Z,29.4,cooling,,,18
climate.studio_m_mts200b_main_channel,auto,2026-08-22T21:22:28.592Z,29.3,cooling,,,18
climate.studio_m_mts200b_main_channel,auto,2026-08-22T23:23:15.698Z,29.2,cooling,,,18
climate.studio_m_mts200b_main_channel,auto,2026-08-23T00:06:17.437Z,29.1,cooling,,,18
climate.studio_m_mts200b_main_channel,auto,2026-08-23T01:53:50.324Z,29,cooling,,,18
climate.studio_m_mts200b_main_channel,auto,2026-08-23T12:16:32.129Z,29.1,cooling,,,18
climate.studio_m_mts200b_main_channel,auto,2026-08-23T15:08:14.146Z,29.2,cooling,,,18
climate.studio_m_mts200b_main_channel,auto,2026-08-23T22:42:54.986Z,29.1,cooling,,,18
climate.studio_m_mts200b_main_channel,auto,2026-08-24T01:59:38.413Z,29,cooling,,,18
climate.studio_m_mts200b_main_channel,auto,2026-08-24T12:46:15.073Z,29.1,cooling,,,18
climate.studio_m_mts200b_main_channel,auto,2026-08-24T15:56:17.589Z,29.2,cooling,,,18
climate.studio_m_mts200b_main_channel,auto,2026-08-24T16:59:06.749Z,29.3,cooling,,,18
climate.studio_m_mts200b_main_channel,auto,2026-08-24T17:33:47.404Z,29.4,cooling,,,18
climate.studio_m_mts200b_main_channel,auto,2026-08-24T18:29:58.497Z,29.3,cooling,,,18
climate.studio_m_mts200b_main_channel,auto,2026-08-24T19:50:56.974Z,29.2,cooling,,,18
climate.studio_m_mts200b_main_channel,auto,2026-08-25T00:23:44.272Z,29.1,cooling,,,18
climate.studio_m_mts200b_main_channel,auto,2026-08-25T03:34:00.621Z,29,cooling,,,18
climate.studio_m_mts200b_main_channel,auto,2026-08-25T16:23:27.052Z,29.1,cooling,,,18
climate.studio_m_mts200b_main_channel,auto,2026-08-25T19:33:43.558Z,29,cooling,,,18
climate.studio_m_mts200b_main_channel,auto,2026-08-26T03:32:54.511Z,28.9,cooling,,,18
climate.studio_m_mts200b_main_channel,auto,2026-08-26T12:49:40.514Z,29,cooling,,,18
sensor.studio_m_mts200b_main_channel,unavailable,2026-08-01T08:24:38.506Z
sensor.meross_temperature_studio_m,18,2025-12-31T23:00:00.000Z
sensor.meross_temperature_studio_m,17.92919207775,2026-01-01T00:00:00.000Z
sensor.meross_temperature_studio_m,17.81201580277778,2026-01-01T01:00:00.000Z
sensor.meross_temperature_studio_m,18.04553722588889,2026-01-01T02:00:00.000Z
sensor.meross_temperature_studio_m,18.016800931305557,2026-01-01T03:00:00.000Z
sensor.meross_temperature_studio_m,17.9,2026-01-01T04:00:00.000Z
sensor.meross_temperature_studio_m,17.9,2026-01-01T05:00:00.000Z
sensor.meross_temperature_studio_m,17.982308801666665,2026-01-01T07:00:00.000Z
sensor.meross_temperature_studio_m,18.099399554361113,2026-01-01T08:00:00.000Z
sensor.meross_temperature_studio_m,18.26258457780556,2026-01-01T09:00:00.000Z
sensor.meross_temperature_studio_m,18.511670737527776,2026-01-01T10:00:00.000Z
sensor.meross_temperature_studio_m,18.636376832194447,2026-01-01T11:00:00.000Z
sensor.meross_temperature_studio_m,18.821866962916665,2026-01-01T12:00:00.000Z
sensor.meross_temperature_studio_m,18.905752494055555,2026-01-01T13:00:00.000Z
sensor.meross_temperature_studio_m,19.209137201833332,2026-01-01T14:00:00.000Z
sensor.meross_temperature_studio_m,19.402717477,2026-01-01T15:00:00.000Z
sensor.meross_temperature_studio_m,19.849838728027777,2026-01-01T16:00:00.000Z
sensor.meross_temperature_studio_m,19.864883660777778,2026-01-01T17:00:00.000Z
sensor.meross_temperature_studio_m,19.835556012666668,2026-01-01T18:00:00.000Z
sensor.meross_temperature_studio_m,19.9,2026-01-01T19:00:00.000Z
sensor.meross_temperature_studio_m,19.9,2026-01-01T20:00:00.000Z
sensor.meross_temperature_studio_m,19.89172000783333,2026-01-01T22:00:00.000Z
sensor.meross_temperature_studio_m,19.810096429916666,2026-01-01T23:00:00.000Z
sensor.meross_temperature_studio_m,19.668681600833334,2026-01-02T00:00:00.000Z
sensor.meross_temperature_studio_m,19.528215372833333,2026-01-02T01:00:00.000Z
sensor.meross_temperature_studio_m,19.445055343527777,2026-01-02T02:00:00.000Z
sensor.meross_temperature_studio_m,19.270245063333334,2026-01-02T03:00:00.000Z
sensor.meross_temperature_studio_m,19.10403464625,2026-01-02T04:00:00.000Z
sensor.meross_temperature_studio_m,19,2026-01-02T05:00:00.000Z
sensor.meross_temperature_studio_m,19,2026-01-02T06:00:00.000Z
sensor.meross_temperature_studio_m,18.85937218008333,2026-01-02T08:00:00.000Z
sensor.meross_temperature_studio_m,18.92563185772222,2026-01-02T09:00:00.000Z
sensor.meross_temperature_studio_m,19.269999416944444,2026-01-02T10:00:00.000Z
sensor.meross_temperature_studio_m,19.544179796555557,2026-01-02T11:00:00.000Z
sensor.meross_temperature_studio_m,19.508029391944444,2026-01-02T12:00:00.000Z
sensor.meross_temperature_studio_m,19.59688974463889,2026-01-02T13:00:00.000Z
sensor.meross_temperature_studio_m,19.640005083861112,2026-01-02T14:00:00.000Z
sensor.meross_temperature_studio_m,19.68085211241667,2026-01-02T15:00:00.000Z
sensor.meross_temperature_studio_m,19.8,2026-01-02T16:00:00.000Z
sensor.meross_temperature_studio_m,19.8,2026-01-02T17:00:00.000Z
sensor.meross_temperature_studio_m,19.76131970152778,2026-01-02T19:00:00.000Z
sensor.meross_temperature_studio_m,19.746778051499998,2026-01-02T20:00:00.000Z
sensor.meross_temperature_studio_m,19.7,2026-01-02T21:00:00.000Z
sensor.meross_temperature_studio_m,19.65380510402778,2026-01-02T22:00:00.000Z
sensor.meross_temperature_studio_m,19.564225725083336,2026-01-02T23:00:00.000Z
sensor.meross_temperature_studio_m,19.489261775944446,2026-01-03T00:00:00.000Z
sensor.meross_temperature_studio_m,19.35550325852778,2026-01-03T01:00:00.000Z
sensor.meross_temperature_studio_m,19.196007988944444,2026-01-03T02:00:00.000Z
sensor.meross_temperature_studio_m,19.037027738027778,2026-01-03T03:00:00.000Z
sensor.meross_temperature_studio_m,18.959732674166666,2026-01-03T04:00:00.000Z
sensor.meross_temperature_studio_m,18.82875052161111,2026-01-03T05:00:00.000Z
sensor.meross_temperature_studio_m,18.717137602027776,2026-01-03T06:00:00.000Z
sensor.meross_temperature_studio_m,18.7,2026-01-03T07:00:00.000Z
sensor.meross_temperature_studio_m,18.7,2026-01-03T08:00:00.000Z
sensor.meross_temperature_studio_m,18.85546447236111,2026-01-03T09:00:00.000Z
sensor.meross_temperature_studio_m,18.993033042666667,2026-01-03T10:00:00.000Z
sensor.meross_temperature_studio_m,19.10052719063889,2026-01-03T11:00:00.000Z
sensor.meross_temperature_studio_m,19.347648950138886,2026-01-03T12:00:00.000Z
sensor.meross_temperature_studio_m,19.498229576194444,2026-01-03T13:00:00.000Z
sensor.meross_temperature_studio_m,19.58223607688889,2026-01-03T14:00:00.000Z
sensor.meross_temperature_studio_m,19.523482639055555,2026-01-03T15:00:00.000Z
sensor.meross_temperature_studio_m,19.62336993413889,2026-01-03T16:00:00.000Z
sensor.meross_temperature_studio_m,19.614419488083332,2026-01-03T17:00:00.000Z
sensor.meross_temperature_studio_m,19.7,2026-01-03T18:00:00.000Z
sensor.meross_temperature_studio_m,19.619088988083334,2026-01-03T19:00:00.000Z
sensor.meross_temperature_studio_m,19.6,2026-01-03T20:00:00.000Z
sensor.meross_temperature_studio_m,19.6,2026-01-03T21:00:00.000Z
sensor.meross_temperature_studio_m,19.558714154222223,2026-01-03T22:00:00.000Z
sensor.meross_temperature_studio_m,19.5,2026-01-03T23:00:00.000Z
sensor.meross_temperature_studio_m,19.401706418944443,2026-01-04T00:00:00.000Z
sensor.meross_temperature_studio_m,19.204446199333333,2026-01-04T01:00:00.000Z
sensor.meross_temperature_studio_m,18.989566100444446,2026-01-04T02:00:00.000Z
sensor.meross_temperature_studio_m,18.967250045083333,2026-01-04T03:00:00.000Z
sensor.meross_temperature_studio_m,18.82230977261111,2026-01-04T04:00:00.000Z
sensor.meross_temperature_studio_m,18.652303800805555,2026-01-04T05:00:00.000Z
sensor.meross_temperature_studio_m,18.6,2026-01-04T06:00:00.000Z
sensor.meross_temperature_studio_m,18.6,2026-01-04T07:00:00.000Z
sensor.meross_temperature_studio_m,18.62999280833333,2026-01-04T09:00:00.000Z
sensor.meross_temperature_studio_m,18.771122174194446,2026-01-04T10:00:00.000Z
sensor.meross_temperature_studio_m,18.9,2026-01-04T11:00:00.000Z
sensor.meross_temperature_studio_m,19.028802969027776,2026-01-04T12:00:00.000Z
sensor.meross_temperature_studio_m,19.202376618555558,2026-01-04T13:00:00.000Z
sensor.meross_temperature_studio_m,19.376639051583332,2026-01-04T14:00:00.000Z
sensor.meross_temperature_studio_m,19.473470569361112,2026-01-04T15:00:00.000Z
sensor.meross_temperature_studio_m,19.57223659213889,2026-01-04T16:00:00.000Z
sensor.meross_temperature_studio_m,19.670402290583333,2026-01-04T17:00:00.000Z
sensor.meross_temperature_studio_m,19.740288990694445,2026-01-04T18:00:00.000Z
sensor.meross_temperature_studio_m,19.8,2026-01-04T19:00:00.000Z
sensor.meross_temperature_studio_m,19.758491910555556,2026-01-04T20:00:00.000Z
sensor.meross_temperature_studio_m,19.772461122611112,2026-01-04T21:00:00.000Z
sensor.meross_temperature_studio_m,19.729684994333333,2026-01-04T22:00:00.000Z
sensor.meross_temperature_studio_m,19.610627177472225,2026-01-04T23:00:00.000Z
sensor.meross_temperature_studio_m,19.5,2026-01-05T00:00:00.000Z
sensor.meross_temperature_studio_m,19.36059042222222,2026-01-05T01:00:00.000Z
sensor.meross_temperature_studio_m,19.144378108166666,2026-01-05T02:00:00.000Z
sensor.meross_temperature_studio_m,18.990787763222222,2026-01-05T03:00:00.000Z
sensor.meross_temperature_studio_m,18.833429046694445,2026-01-05T04:00:00.000Z
sensor.meross_temperature_studio_m,18.65366823113889,2026-01-05T05:00:00.000Z
sensor.meross_temperature_studio_m,18.536528202833335,2026-01-05T06:00:00.000Z
sensor.meross_temperature_studio_m,18.517070906333334,2026-01-05T07:00:00.000Z
sensor.meross_temperature_studio_m,18.562226462916666,2026-01-05T08:00:00.000Z
sensor.meross_temperature_studio_m,18.705968342194446,2026-01-05T09:00:00.000Z
sensor.meross_temperature_studio_m,18.88678180647222,2026-01-05T10:00:00.000Z
sensor.meross_temperature_studio_m,18.95866100513889,2026-01-05T11:00:00.000Z
sensor.meross_temperature_studio_m,19,2026-01-05T12:00:00.000Z
sensor.meross_temperature_studio_m,19.066098163805556,2026-01-05T13:00:00.000Z
sensor.meross_temperature_studio_m,19.16948884127778,2026-01-05T14:00:00.000Z
sensor.meross_temperature_studio_m,19.2,2026-01-05T15:00:00.000Z
sensor.meross_temperature_studio_m,19.20172056911111,2026-01-05T16:00:00.000Z
sensor.meross_temperature_studio_m,19.3,2026-01-05T17:00:00.000Z
sensor.meross_temperature_studio_m,19.336033433388888,2026-01-05T18:00:00.000Z
sensor.meross_temperature_studio_m,19.4,2026-01-05T19:00:00.000Z
sensor.meross_temperature_studio_m,19.388939044249998,2026-01-05T20:00:00.000Z
sensor.meross_temperature_studio_m,19.46053619272222,2026-01-05T21:00:00.000Z
sensor.meross_temperature_studio_m,19.5,2026-01-05T22:00:00.000Z
sensor.meross_temperature_studio_m,19.5,2026-01-05T23:00:00.000Z
sensor.meross_temperature_studio_m,19.394606183666667,2026-01-06T00:00:00.000Z
sensor.meross_temperature_studio_m,19.212725253555558,2026-01-06T01:00:00.000Z
sensor.meross_temperature_studio_m,19.00689707261111,2026-01-06T02:00:00.000Z
sensor.meross_temperature_studio_m,18.9,2026-01-06T03:00:00.000Z
sensor.meross_temperature_studio_m,18.764134022388888,2026-01-06T04:00:00.000Z
sensor.meross_temperature_studio_m,18.593311390555556,2026-01-06T05:00:00.000Z
sensor.meross_temperature_studio_m,18.5,2026-01-06T06:00:00.000Z
sensor.meross_temperature_studio_m,18.5,2026-01-06T07:00:00.000Z
sensor.meross_temperature_studio_m,18.506974953777778,2026-01-06T08:00:00.000Z
sensor.meross_temperature_studio_m,18.62576753988889,2026-01-06T09:00:00.000Z
sensor.meross_temperature_studio_m,18.835213419416664,2026-01-06T10:00:00.000Z
sensor.meross_temperature_studio_m,18.869657664305553,2026-01-06T11:00:00.000Z
sensor.meross_temperature_studio_m,19.073969845750003,2026-01-06T12:00:00.000Z
sensor.meross_temperature_studio_m,19.248210646055554,2026-01-06T13:00:00.000Z
sensor.meross_temperature_studio_m,19.600437163555554,2026-01-06T14:00:00.000Z
sensor.meross_temperature_studio_m,19.790825306916666,2026-01-06T15:00:00.000Z
sensor.meross_temperature_studio_m,19.734893162638887,2026-01-06T16:00:00.000Z
sensor.meross_temperature_studio_m,19.54603898925,2026-01-06T17:00:00.000Z
sensor.meross_temperature_studio_m,19.602779875611112,2026-01-06T18:00:00.000Z
sensor.meross_temperature_studio_m,19.6,2026-01-06T19:00:00.000Z
sensor.meross_temperature_studio_m,19.705150082027778,2026-01-06T20:00:00.000Z
sensor.meross_temperature_studio_m,19.79097866886111,2026-01-06T21:00:00.000Z
sensor.meross_temperature_studio_m,19.65722013963889,2026-01-06T22:00:00.000Z
sensor.meross_temperature_studio_m,19.528990833277778,2026-01-06T23:00:00.000Z
sensor.meross_temperature_studio_m,19.401497116916666,2026-01-07T00:00:00.000Z
sensor.meross_temperature_studio_m,19.200276503305556,2026-01-07T01:00:00.000Z
sensor.meross_temperature_studio_m,19.01776888411111,2026-01-07T02:00:00.000Z
sensor.meross_temperature_studio_m,18.90061524225,2026-01-07T03:00:00.000Z
sensor.meross_temperature_studio_m,18.718739899027778,2026-01-07T04:00:00.000Z
sensor.meross_temperature_studio_m,18.54636408611111,2026-01-07T05:00:00.000Z
sensor.meross_temperature_studio_m,18.49141999013889,2026-01-07T06:00:00.000Z
sensor.meross_temperature_studio_m,18.267252609777778,2026-01-07T07:00:00.000Z
sensor.meross_temperature_studio_m,18.64812107213889,2026-01-07T08:00:00.000Z
sensor.meross_temperature_studio_m,18.630374703388892,2026-01-07T09:00:00.000Z
sensor.meross_temperature_studio_m,18.747516459944446,2026-01-07T10:00:00.000Z
sensor.meross_temperature_studio_m,18.872968041777778,2026-01-07T11:00:00.000Z
sensor.meross_temperature_studio_m,18.909559526916667,2026-01-07T12:00:00.000Z
sensor.meross_temperature_studio_m,19.061740471333334,2026-01-07T13:00:00.000Z
sensor.meross_temperature_studio_m,19.263209545944445,2026-01-07T14:00:00.000Z
sensor.meross_temperature_studio_m,19.305804039666665,2026-01-07T15:00:00.000Z
sensor.meross_temperature_studio_m,19.4,2026-01-07T16:00:00.000Z
sensor.meross_temperature_studio_m,19.4,2026-01-07T17:00:00.000Z
sensor.meross_temperature_studio_m,19.47304314761111,2026-01-07T18:00:00.000Z
sensor.meross_temperature_studio_m,19.5,2026-01-07T19:00:00.000Z
sensor.meross_temperature_studio_m,19.563145676722225,2026-01-07T20:00:00.000Z
sensor.meross_temperature_studio_m,19.6,2026-01-07T21:00:00.000Z
sensor.meross_temperature_studio_m,19.46949749352778,2026-01-07T22:00:00.000Z
sensor.meross_temperature_studio_m,19.4,2026-01-07T23:00:00.000Z
sensor.meross_temperature_studio_m,19.358054398555556,2026-01-08T00:00:00.000Z
sensor.meross_temperature_studio_m,19.14992932675,2026-01-08T01:00:00.000Z
sensor.meross_temperature_studio_m,18.987060946277776,2026-01-08T02:00:00.000Z
sensor.meross_temperature_studio_m,18.80918737588889,2026-01-08T03:00:00.000Z
sensor.meross_temperature_studio_m,18.60471403,2026-01-08T04:00:00.000Z
sensor.meross_temperature_studio_m,18.482282611305553,2026-01-08T05:00:00.000Z
sensor.meross_temperature_studio_m,18.4,2026-01-08T06:00:00.000Z
sensor.meross_temperature_studio_m,18.4,2026-01-08T07:00:00.000Z
sensor.meross_temperature_studio_m,18.42249420725,2026-01-08T09:00:00.000Z
sensor.meross_temperature_studio_m,18.5,2026-01-08T10:00:00.000Z
sensor.meross_temperature_studio_m,18.613669872611112,2026-01-08T11:00:00.000Z
sensor.meross_temperature_studio_m,18.74366180486111,2026-01-08T12:00:00.000Z
sensor.meross_temperature_studio_m,18.83599223738889,2026-01-08T13:00:00.000Z
sensor.meross_temperature_studio_m,18.911420143055555,2026-01-08T14:00:00.000Z
sensor.meross_temperature_studio_m,18.97563875138889,2026-01-08T15:00:00.000Z
sensor.meross_temperature_studio_m,19.068017774722225,2026-01-08T16:00:00.000Z
sensor.meross_temperature_studio_m,19.15757797836111,2026-01-08T17:00:00.000Z
sensor.meross_temperature_studio_m,19.28327993397222,2026-01-08T18:00:00.000Z
sensor.meross_temperature_studio_m,19.4,2026-01-08T19:00:00.000Z
sensor.meross_temperature_studio_m,19.44404616011111,2026-01-08T20:00:00.000Z
sensor.meross_temperature_studio_m,19.511202682972222,2026-01-08T21:00:00.000Z
sensor.meross_temperature_studio_m,19.6,2026-01-08T22:00:00.000Z
sensor.meross_temperature_studio_m,19.553321048416667,2026-01-08T23:00:00.000Z
sensor.meross_temperature_studio_m,19.48074658522222,2026-01-09T00:00:00.000Z
sensor.meross_temperature_studio_m,19.34690455663889,2026-01-09T01:00:00.000Z
sensor.meross_temperature_studio_m,19.186809415444444,2026-01-09T02:00:00.000Z
sensor.meross_temperature_studio_m,19.023400224194443,2026-01-09T03:00:00.000Z
sensor.meross_temperature_studio_m,18.950270992444445,2026-01-09T04:00:00.000Z
sensor.meross_temperature_studio_m,18.774367697583333,2026-01-09T05:00:00.000Z
sensor.meross_temperature_studio_m,18.687147834277777,2026-01-09T06:00:00.000Z
sensor.meross_temperature_studio_m,18.421388231472225,2026-01-09T07:00:00.000Z
sensor.meross_temperature_studio_m,18.77103525761111,2026-01-09T08:00:00.000Z
sensor.meross_temperature_studio_m,18.833163589111113,2026-01-09T09:00:00.000Z
sensor.meross_temperature_studio_m,18.9,2026-01-09T10:00:00.000Z
sensor.meross_temperature_studio_m,18.9,2026-01-09T11:00:00.000Z
sensor.meross_temperature_studio_m,18.956400784666666,2026-01-09T12:00:00.000Z
sensor.meross_temperature_studio_m,19.126156331833332,2026-01-09T13:00:00.000Z
sensor.meross_temperature_studio_m,19.210373169166665,2026-01-09T14:00:00.000Z
sensor.meross_temperature_studio_m,19.3,2026-01-09T15:00:00.000Z
sensor.meross_temperature_studio_m,19.369659707194444,2026-01-09T16:00:00.000Z
sensor.meross_temperature_studio_m,19.4,2026-01-09T17:00:00.000Z
sensor.meross_temperature_studio_m,19.4,2026-01-09T18:00:00.000Z
sensor.meross_temperature_studio_m,19.44023729911111,2026-01-09T19:00:00.000Z
sensor.meross_temperature_studio_m,19.48779498461111,2026-01-09T20:00:00.000Z
sensor.meross_temperature_studio_m,19.63909566952778,2026-01-09T21:00:00.000Z
sensor.meross_temperature_studio_m,19.644652357944445,2026-01-09T22:00:00.000Z
sensor.meross_temperature_studio_m,19.56474110355556,2026-01-09T23:00:00.000Z
sensor.meross_temperature_studio_m,19.5,2026-01-10T00:00:00.000Z
sensor.meross_temperature_studio_m,19.376055118694442,2026-01-10T01:00:00.000Z
sensor.meross_temperature_studio_m,19.227268354916667,2026-01-10T02:00:00.000Z
sensor.meross_temperature_studio_m,19.052242078972224,2026-01-10T03:00:00.000Z
sensor.meross_temperature_studio_m,18.9689427,2026-01-10T04:00:00.000Z
sensor.meross_temperature_studio_m,18.837879434666664,2026-01-10T05:00:00.000Z
sensor.meross_temperature_studio_m,18.7068436015,2026-01-10T06:00:00.000Z
sensor.meross_temperature_studio_m,18.619904307305557,2026-01-10T07:00:00.000Z
sensor.meross_temperature_studio_m,18.6,2026-01-10T08:00:00.000Z
sensor.meross_temperature_studio_m,18.52791386652778,2026-01-10T09:00:00.000Z
sensor.meross_temperature_studio_m,18.758764130083332,2026-01-10T10:00:00.000Z
sensor.meross_temperature_studio_m,18.892051141027775,2026-01-10T11:00:00.000Z
sensor.meross_temperature_studio_m,19.080456745333333,2026-01-10T12:00:00.000Z
sensor.meross_temperature_studio_m,19.251969209861112,2026-01-10T13:00:00.000Z
sensor.meross_temperature_studio_m,19.369245311833332,2026-01-10T14:00:00.000Z
sensor.meross_temperature_studio_m,19.45188387088889,2026-01-10T15:00:00.000Z
sensor.meross_temperature_studio_m,19.569187674166667,2026-01-10T16:00:00.000Z
sensor.meross_temperature_studio_m,19.697506147638887,2026-01-10T17:00:00.000Z
sensor.meross_temperature_studio_m,19.7,2026-01-10T18:00:00.000Z
sensor.meross_temperature_studio_m,19.7,2026-01-10T19:00:00.000Z
sensor.meross_temperature_studio_m,19.747458576611113,2026-01-10T21:00:00.000Z
sensor.meross_temperature_studio_m,19.763129827194444,2026-01-10T22:00:00.000Z
sensor.meross_temperature_studio_m,19.665132040083332,2026-01-10T23:00:00.000Z
sensor.meross_temperature_studio_m,19.546935064305554,2026-01-11T00:00:00.000Z
sensor.meross_temperature_studio_m,19.40731694775,2026-01-11T01:00:00.000Z
sensor.meross_temperature_studio_m,19.2653300745,2026-01-11T02:00:00.000Z
sensor.meross_temperature_studio_m,19.11821524377778,2026-01-11T03:00:00.000Z
sensor.meross_temperature_studio_m,19,2026-01-11T04:00:00.000Z
sensor.meross_temperature_studio_m,18.946384314666666,2026-01-11T05:00:00.000Z
sensor.meross_temperature_studio_m,18.804984465305555,2026-01-11T06:00:00.000Z
sensor.meross_temperature_studio_m,18.708293105638887,2026-01-11T07:00:00.000Z
sensor.meross_temperature_studio_m,18.735951182111112,2026-01-11T08:00:00.000Z
sensor.meross_temperature_studio_m,18.922267225916666,2026-01-11T09:00:00.000Z
sensor.meross_temperature_studio_m,19.115841224611113,2026-01-11T10:00:00.000Z
sensor.meross_temperature_studio_m,19.31748502813889,2026-01-11T11:00:00.000Z
sensor.meross_temperature_studio_m,19.609713163583333,2026-01-11T12:00:00.000Z
sensor.meross_temperature_studio_m,19.83021873897222,2026-01-11T13:00:00.000Z
sensor.meross_temperature_studio_m,19.846825628527778,2026-01-11T14:00:00.000Z
sensor.meross_temperature_studio_m,20.048359070944446,2026-01-11T15:00:00.000Z
sensor.meross_temperature_studio_m,20.41325276425,2026-01-11T16:00:00.000Z
sensor.meross_temperature_studio_m,20.372683317416666,2026-01-11T17:00:00.000Z
sensor.meross_temperature_studio_m,20.397504851138887,2026-01-11T18:00:00.000Z
sensor.meross_temperature_studio_m,20.130930676027777,2026-01-11T19:00:00.000Z
sensor.meross_temperature_studio_m,20.085469165083335,2026-01-11T20:00:00.000Z
sensor.meross_temperature_studio_m,20,2026-01-11T21:00:00.000Z
sensor.meross_temperature_studio_m,19.974710117138887,2026-01-11T22:00:00.000Z
sensor.meross_temperature_studio_m,20.052376121055556,2026-01-11T23:00:00.000Z
sensor.meross_temperature_studio_m,19.813028317055554,2026-01-12T00:00:00.000Z
sensor.meross_temperature_studio_m,19.58948429338889,2026-01-12T01:00:00.000Z
sensor.meross_temperature_studio_m,19.468110261611113,2026-01-12T02:00:00.000Z
sensor.meross_temperature_studio_m,19.271370719194444,2026-01-12T03:00:00.000Z
sensor.meross_temperature_studio_m,19.05339661688889,2026-01-12T04:00:00.000Z
sensor.meross_temperature_studio_m,18.963722999305556,2026-01-12T05:00:00.000Z
sensor.meross_temperature_studio_m,18.86886364263889,2026-01-12T06:00:00.000Z
sensor.meross_temperature_studio_m,18.62551986261111,2026-01-12T07:00:00.000Z
sensor.meross_temperature_studio_m,18.919685080111112,2026-01-12T08:00:00.000Z
sensor.meross_temperature_studio_m,19.029298124944443,2026-01-12T09:00:00.000Z
sensor.meross_temperature_studio_m,19.19590942375,2026-01-12T10:00:00.000Z
sensor.meross_temperature_studio_m,19.372169239666665,2026-01-12T11:00:00.000Z
sensor.meross_temperature_studio_m,19.465688723916667,2026-01-12T12:00:00.000Z
sensor.meross_temperature_studio_m,19.59400652863889,2026-01-12T13:00:00.000Z
sensor.meross_temperature_studio_m,19.6,2026-01-12T14:00:00.000Z
sensor.meross_temperature_studio_m,19.6,2026-01-12T15:00:00.000Z
sensor.meross_temperature_studio_m,19.65526883875,2026-01-12T16:00:00.000Z
sensor.meross_temperature_studio_m,19.614833832555558,2026-01-12T17:00:00.000Z
sensor.meross_temperature_studio_m,19.69875186436111,2026-01-12T18:00:00.000Z
sensor.meross_temperature_studio_m,19.7,2026-01-12T19:00:00.000Z
sensor.meross_temperature_studio_m,19.7,2026-01-12T20:00:00.000Z
sensor.meross_temperature_studio_m,19.671445673944444,2026-01-12T21:00:00.000Z
sensor.meross_temperature_studio_m,19.695557162416666,2026-01-12T22:00:00.000Z
sensor.meross_temperature_studio_m,19.567273090277777,2026-01-12T23:00:00.000Z
sensor.meross_temperature_studio_m,19.493864914833335,2026-01-13T00:00:00.000Z
sensor.meross_temperature_studio_m,19.368302815666667,2026-01-13T01:00:00.000Z
sensor.meross_temperature_studio_m,19.237242502833332,2026-01-13T02:00:00.000Z
sensor.meross_temperature_studio_m,19.07303632311111,2026-01-13T03:00:00.000Z
sensor.meross_temperature_studio_m,19,2026-01-13T04:00:00.000Z
sensor.meross_temperature_studio_m,18.890129423305556,2026-01-13T05:00:00.000Z
sensor.meross_temperature_studio_m,18.8,2026-01-13T06:00:00.000Z
sensor.meross_temperature_studio_m,18.80395563225,2026-01-13T07:00:00.000Z
sensor.meross_temperature_studio_m,18.9,2026-01-13T08:00:00.000Z
sensor.meross_temperature_studio_m,18.956360842027777,2026-01-13T09:00:00.000Z
sensor.meross_temperature_studio_m,19,2026-01-13T10:00:00.000Z
sensor.meross_temperature_studio_m,19.01923645675,2026-01-13T11:00:00.000Z
sensor.meross_temperature_studio_m,19.1,2026-01-13T12:00:00.000Z
sensor.meross_temperature_studio_m,19.167609651638887,2026-01-13T13:00:00.000Z
sensor.meross_temperature_studio_m,19.22423455161111,2026-01-13T14:00:00.000Z
sensor.meross_temperature_studio_m,19.32495570388889,2026-01-13T15:00:00.000Z
sensor.meross_temperature_studio_m,19.4,2026-01-13T16:00:00.000Z
sensor.meross_temperature_studio_m,19.451210838166666,2026-01-13T17:00:00.000Z
sensor.meross_temperature_studio_m,19.625982080361112,2026-01-13T18:00:00.000Z
sensor.meross_temperature_studio_m,19.72792400677778,2026-01-13T19:00:00.000Z
sensor.meross_temperature_studio_m,19.83414675438889,2026-01-13T20:00:00.000Z
sensor.meross_temperature_studio_m,19.9,2026-01-13T21:00:00.000Z
sensor.meross_temperature_studio_m,19.9,2026-01-13T22:00:00.000Z
sensor.meross_temperature_studio_m,19.860911115916668,2026-01-13T23:00:00.000Z
sensor.meross_temperature_studio_m,19.757411392555557,2026-01-14T00:00:00.000Z
sensor.meross_temperature_studio_m,19.65391184802778,2026-01-14T01:00:00.000Z
sensor.meross_temperature_studio_m,19.54213663538889,2026-01-14T02:00:00.000Z
sensor.meross_temperature_studio_m,19.492231396833333,2026-01-14T03:00:00.000Z
sensor.meross_temperature_studio_m,19.363919770666666,2026-01-14T04:00:00.000Z
sensor.meross_temperature_studio_m,19.254945924,2026-01-14T05:00:00.000Z
sensor.meross_temperature_studio_m,19.2,2026-01-14T06:00:00.000Z
sensor.meross_temperature_studio_m,19.2,2026-01-14T07:00:00.000Z
sensor.meross_temperature_studio_m,19.292146880555556,2026-01-14T09:00:00.000Z
sensor.meross_temperature_studio_m,19.30195465963889,2026-01-14T10:00:00.000Z
sensor.meross_temperature_studio_m,19.4,2026-01-14T11:00:00.000Z
sensor.meross_temperature_studio_m,19.4,2026-01-14T12:00:00.000Z
sensor.meross_temperature_studio_m,19.478886025722222,2026-01-14T16:00:00.000Z
sensor.meross_temperature_studio_m,19.56029654402778,2026-01-14T17:00:00.000Z
sensor.meross_temperature_studio_m,19.605945489638888,2026-01-14T18:00:00.000Z
sensor.meross_temperature_studio_m,19.7,2026-01-14T19:00:00.000Z
sensor.meross_temperature_studio_m,19.78657611963889,2026-01-14T20:00:00.000Z
sensor.meross_temperature_studio_m,19.842877675944443,2026-01-14T21:00:00.000Z
sensor.meross_temperature_studio_m,19.86278706683333,2026-01-14T22:00:00.000Z
sensor.meross_temperature_studio_m,19.81236906622222,2026-01-14T23:00:00.000Z
sensor.meross_temperature_studio_m,19.7012308175,2026-01-15T00:00:00.000Z
sensor.meross_temperature_studio_m,19.60536915947222,2026-01-15T01:00:00.000Z
sensor.meross_temperature_studio_m,19.512942137222222,2026-01-15T02:00:00.000Z
sensor.meross_temperature_studio_m,19.480115137222224,2026-01-15T03:00:00.000Z
sensor.meross_temperature_studio_m,19.36011119338889,2026-01-15T04:00:00.000Z
sensor.meross_temperature_studio_m,19.245608342027776,2026-01-15T05:00:00.000Z
sensor.meross_temperature_studio_m,19.196766098,2026-01-15T06:00:00.000Z
sensor.meross_temperature_studio_m,18.920139677861112,2026-01-15T07:00:00.000Z
sensor.meross_temperature_studio_m,19.254329927416666,2026-01-15T08:00:00.000Z
sensor.meross_temperature_studio_m,19.33010214386111,2026-01-15T09:00:00.000Z
sensor.meross_temperature_studio_m,19.4,2026-01-15T10:00:00.000Z
sensor.meross_temperature_studio_m,19.4,2026-01-15T11:00:00.000Z
sensor.meross_temperature_studio_m,19.466795426999997,2026-01-15T12:00:00.000Z
sensor.meross_temperature_studio_m,19.57016430061111,2026-01-15T13:00:00.000Z
sensor.meross_temperature_studio_m,19.6,2026-01-15T14:00:00.000Z
sensor.meross_temperature_studio_m,19.71803779302778,2026-01-15T15:00:00.000Z
sensor.meross_temperature_studio_m,19.77746507425,2026-01-15T16:00:00.000Z
sensor.meross_temperature_studio_m,19.789386792805555,2026-01-15T17:00:00.000Z
sensor.meross_temperature_studio_m,19.8,2026-01-15T18:00:00.000Z
sensor.meross_temperature_studio_m,19.869322075916667,2026-01-15T19:00:00.000Z
sensor.meross_temperature_studio_m,19.9,2026-01-15T20:00:00.000Z
sensor.meross_temperature_studio_m,19.780802394777776,2026-01-15T21:00:00.000Z
sensor.meross_temperature_studio_m,19.967906315222223,2026-01-15T22:00:00.000Z
sensor.meross_temperature_studio_m,19.98591968911111,2026-01-15T23:00:00.000Z
sensor.meross_temperature_studio_m,19.86896706669697,2026-01-16T00:00:00.000Z
sensor.meross_temperature_studio_m,19.754713604111114,2026-01-16T01:00:00.000Z
sensor.meross_temperature_studio_m,19.5,2026-01-16T03:00:00.000Z
sensor.meross_temperature_studio_m,19.46980808975,2026-01-16T04:00:00.000Z
sensor.meross_temperature_studio_m,19.35535987147222,2026-01-16T05:00:00.000Z
sensor.meross_temperature_studio_m,19.3,2026-01-16T06:00:00.000Z
sensor.meross_temperature_studio_m,19.200495189805554,2026-01-16T07:00:00.000Z
sensor.meross_temperature_studio_m,19.35722451561111,2026-01-16T08:00:00.000Z
sensor.meross_temperature_studio_m,19.4,2026-01-16T09:00:00.000Z
sensor.meross_temperature_studio_m,19.428290110638887,2026-01-16T10:00:00.000Z
sensor.meross_temperature_studio_m,19.579720323111115,2026-01-16T11:00:00.000Z
sensor.meross_temperature_studio_m,19.65798775013889,2026-01-16T12:00:00.000Z
sensor.meross_temperature_studio_m,19.6,2026-01-16T13:00:00.000Z
sensor.meross_temperature_studio_m,19.343283926694443,2026-01-16T14:00:00.000Z
sensor.meross_temperature_studio_m,19.6,2026-01-16T15:00:00.000Z
sensor.meross_temperature_studio_m,19.64630711625,2026-01-16T16:00:00.000Z
sensor.meross_temperature_studio_m,19.7,2026-01-16T17:00:00.000Z
sensor.meross_temperature_studio_m,19.923832381583335,2026-01-16T18:00:00.000Z
sensor.meross_temperature_studio_m,20,2026-01-16T19:00:00.000Z
sensor.meross_temperature_studio_m,20,2026-01-16T20:00:00.000Z
sensor.meross_temperature_studio_m,19.984820382472222,2026-01-17T00:00:00.000Z
sensor.meross_temperature_studio_m,19.9,2026-01-17T01:00:00.000Z
sensor.meross_temperature_studio_m,19.800604390861114,2026-01-17T02:00:00.000Z
sensor.meross_temperature_studio_m,19.705329504666665,2026-01-17T03:00:00.000Z
sensor.meross_temperature_studio_m,19.612860102333332,2026-01-17T04:00:00.000Z
sensor.meross_temperature_studio_m,19.50936050025,2026-01-17T05:00:00.000Z
sensor.meross_temperature_studio_m,19.5,2026-01-17T06:00:00.000Z
sensor.meross_temperature_studio_m,19.5,2026-01-17T07:00:00.000Z
sensor.meross_temperature_studio_m,19.59916301666667,2026-01-17T09:00:00.000Z
sensor.meross_temperature_studio_m,19.700604497833336,2026-01-17T10:00:00.000Z
sensor.meross_temperature_studio_m,19.81780318727778,2026-01-17T11:00:00.000Z
sensor.meross_temperature_studio_m,19.370307917583332,2026-01-17T12:00:00.000Z
sensor.meross_temperature_studio_m,19.366219810194444,2026-01-17T13:00:00.000Z
sensor.meross_temperature_studio_m,19.3,2026-01-17T14:00:00.000Z
sensor.meross_temperature_studio_m,19.319339473944446,2026-01-17T15:00:00.000Z
sensor.meross_temperature_studio_m,19.51349927275,2026-01-17T16:00:00.000Z
sensor.meross_temperature_studio_m,19.468402786666665,2026-01-17T17:00:00.000Z
sensor.meross_temperature_studio_m,19.4,2026-01-17T18:00:00.000Z
sensor.meross_temperature_studio_m,19.42582899127778,2026-01-17T19:00:00.000Z
sensor.meross_temperature_studio_m,19.509989735694443,2026-01-17T20:00:00.000Z
sensor.meross_temperature_studio_m,19.6,2026-01-17T21:00:00.000Z
sensor.meross_temperature_studio_m,19.6,2026-01-17T22:00:00.000Z
sensor.meross_temperature_studio_m,19.911062082583335,2026-01-17T23:00:00.000Z
sensor.meross_temperature_studio_m,20.188595438333333,2026-01-18T00:00:00.000Z
sensor.meross_temperature_studio_m,20.03822140086111,2026-01-18T01:00:00.000Z
sensor.meross_temperature_studio_m,20,2026-01-18T02:00:00.000Z
sensor.meross_temperature_studio_m,19.93171377372222,2026-01-18T03:00:00.000Z
sensor.meross_temperature_studio_m,19.774819068611112,2026-01-18T04:00:00.000Z
sensor.meross_temperature_studio_m,19.665818031222223,2026-01-18T05:00:00.000Z
sensor.meross_temperature_studio_m,19.6,2026-01-18T06:00:00.000Z
sensor.meross_temperature_studio_m,19.273348155305555,2026-01-18T07:00:00.000Z
sensor.meross_temperature_studio_m,18.9,2026-01-18T08:00:00.000Z
sensor.meross_temperature_studio_m,19.006476076222224,2026-01-18T09:00:00.000Z
sensor.meross_temperature_studio_m,19.216226340583333,2026-01-18T10:00:00.000Z
sensor.meross_temperature_studio_m,19.31750289616667,2026-01-18T11:00:00.000Z
sensor.meross_temperature_studio_m,20.05349667852778,2026-01-18T12:00:00.000Z
sensor.meross_temperature_studio_m,20.07923619411111,2026-01-18T13:00:00.000Z
sensor.meross_temperature_studio_m,20.269681699694445,2026-01-18T14:00:00.000Z
sensor.meross_temperature_studio_m,20.24743203375,2026-01-18T15:00:00.000Z
sensor.meross_temperature_studio_m,20,2026-01-18T16:00:00.000Z
sensor.meross_temperature_studio_m,20.29173686663889,2026-01-18T17:00:00.000Z
sensor.meross_temperature_studio_m,20.69801765586111,2026-01-18T18:00:00.000Z
sensor.meross_temperature_studio_m,20.9,2026-01-18T19:00:00.000Z
sensor.meross_temperature_studio_m,20.9,2026-01-18T20:00:00.000Z
sensor.meross_temperature_studio_m,20.985191192583333,2026-01-18T21:00:00.000Z
sensor.meross_temperature_studio_m,20.805843594833334,2026-01-18T22:00:00.000Z
sensor.meross_temperature_studio_m,20.60823074725,2026-01-18T23:00:00.000Z
sensor.meross_temperature_studio_m,20.446866716166667,2026-01-19T00:00:00.000Z
sensor.meross_temperature_studio_m,20.27986764472222,2026-01-19T01:00:00.000Z
sensor.meross_temperature_studio_m,20.138090000000002,2026-01-19T02:00:00.000Z
sensor.meross_temperature_studio_m,20.006836289055556,2026-01-19T03:00:00.000Z
sensor.meross_temperature_studio_m,19.959733375194443,2026-01-19T04:00:00.000Z
sensor.meross_temperature_studio_m,19.829114836861113,2026-01-19T05:00:00.000Z
sensor.meross_temperature_studio_m,19.742149464444445,2026-01-19T06:00:00.000Z
sensor.meross_temperature_studio_m,19.52169214036111,2026-01-19T07:00:00.000Z
sensor.meross_temperature_studio_m,19.861485020388887,2026-01-19T08:00:00.000Z
sensor.meross_temperature_studio_m,19.9,2026-01-19T09:00:00.000Z
sensor.meross_temperature_studio_m,19.9,2026-01-19T10:00:00.000Z
sensor.meross_temperature_studio_m,19.803470485777776,2026-01-19T15:00:00.000Z
sensor.meross_temperature_studio_m,19.9,2026-01-19T16:00:00.000Z
sensor.meross_temperature_studio_m,19.86971163261111,2026-01-19T17:00:00.000Z
sensor.meross_temperature_studio_m,19.9,2026-01-19T18:00:00.000Z
sensor.meross_temperature_studio_m,19.944747785999997,2026-01-19T19:00:00.000Z
sensor.meross_temperature_studio_m,20.023407258472222,2026-01-19T20:00:00.000Z
sensor.meross_temperature_studio_m,20.11375562027778,2026-01-19T21:00:00.000Z
sensor.meross_temperature_studio_m,20.1,2026-01-19T22:00:00.000Z
sensor.meross_temperature_studio_m,20.022663594666668,2026-01-19T23:00:00.000Z
sensor.meross_temperature_studio_m,20,2026-01-20T00:00:00.000Z
sensor.meross_temperature_studio_m,19.915549296416668,2026-01-20T01:00:00.000Z
sensor.meross_temperature_studio_m,19.733620195333334,2026-01-20T02:00:00.000Z
sensor.meross_temperature_studio_m,19.576822224833332,2026-01-20T03:00:00.000Z
sensor.meross_temperature_studio_m,19.5,2026-01-20T04:00:00.000Z
sensor.meross_temperature_studio_m,19.385053188277777,2026-01-20T05:00:00.000Z
sensor.meross_temperature_studio_m,19.329254996472223,2026-01-20T06:00:00.000Z
sensor.meross_temperature_studio_m,19.202548465472223,2026-01-20T07:00:00.000Z
sensor.meross_temperature_studio_m,19.4,2026-01-20T08:00:00.000Z
sensor.meross_temperature_studio_m,19.458707157527776,2026-01-20T09:00:00.000Z
sensor.meross_temperature_studio_m,19.60507356063889,2026-01-20T10:00:00.000Z
sensor.meross_temperature_studio_m,19.7,2026-01-20T11:00:00.000Z
sensor.meross_temperature_studio_m,19.763672993555556,2026-01-20T12:00:00.000Z
sensor.meross_temperature_studio_m,19.8,2026-01-20T13:00:00.000Z
sensor.meross_temperature_studio_m,19.8,2026-01-20T14:00:00.000Z
sensor.meross_temperature_studio_m,19.723044975944443,2026-01-20T15:00:00.000Z
sensor.meross_temperature_studio_m,19.700513322055556,2026-01-20T16:00:00.000Z
sensor.meross_temperature_studio_m,19.828854710111113,2026-01-20T17:00:00.000Z
sensor.meross_temperature_studio_m,19.8641526725,2026-01-20T18:00:00.000Z
sensor.meross_temperature_studio_m,19.825495693166665,2026-01-20T19:00:00.000Z
sensor.meross_temperature_studio_m,19.79619089427778,2026-01-20T20:00:00.000Z
sensor.meross_temperature_studio_m,19.80523610122222,2026-01-20T21:00:00.000Z
sensor.meross_temperature_studio_m,19.9,2026-01-20T22:00:00.000Z
sensor.meross_temperature_studio_m,19.85770423186111,2026-01-20T23:00:00.000Z
sensor.meross_temperature_studio_m,19.734898854694446,2026-01-21T00:00:00.000Z
sensor.meross_temperature_studio_m,19.595853594805558,2026-01-21T01:00:00.000Z
sensor.meross_temperature_studio_m,19.5,2026-01-21T02:00:00.000Z
sensor.meross_temperature_studio_m,19.401973423416667,2026-01-21T03:00:00.000Z
sensor.meross_temperature_studio_m,19.24748890436111,2026-01-21T04:00:00.000Z
sensor.meross_temperature_studio_m,19.085277357,2026-01-21T05:00:00.000Z
sensor.meross_temperature_studio_m,19,2026-01-21T06:00:00.000Z
sensor.meross_temperature_studio_m,18.763865382472222,2026-01-21T07:00:00.000Z
sensor.meross_temperature_studio_m,19.060701705555555,2026-01-21T08:00:00.000Z
sensor.meross_temperature_studio_m,19.19245767986111,2026-01-21T09:00:00.000Z
sensor.meross_temperature_studio_m,19.389962720277776,2026-01-21T10:00:00.000Z
sensor.meross_temperature_studio_m,19.431528024444443,2026-01-21T11:00:00.000Z
sensor.meross_temperature_studio_m,19.597590313972223,2026-01-21T12:00:00.000Z
sensor.meross_temperature_studio_m,19.774315475694447,2026-01-21T13:00:00.000Z
sensor.meross_temperature_studio_m,19.825467074944445,2026-01-21T14:00:00.000Z
sensor.meross_temperature_studio_m,19.9,2026-01-21T15:00:00.000Z
sensor.meross_temperature_studio_m,19.9,2026-01-21T16:00:00.000Z
sensor.meross_temperature_studio_m,19.828312334583334,2026-01-21T17:00:00.000Z
sensor.meross_temperature_studio_m,19.873174641888887,2026-01-21T18:00:00.000Z
sensor.meross_temperature_studio_m,19.868945773805553,2026-01-21T19:00:00.000Z
sensor.meross_temperature_studio_m,19.905397452638887,2026-01-21T20:00:00.000Z
sensor.meross_temperature_studio_m,20,2026-01-21T21:00:00.000Z
sensor.meross_temperature_studio_m,19.97623791447222,2026-01-21T22:00:00.000Z
sensor.meross_temperature_studio_m,19.845421285222223,2026-01-21T23:00:00.000Z
sensor.meross_temperature_studio_m,19.65268020341667,2026-01-22T00:00:00.000Z
sensor.meross_temperature_studio_m,19.502027087555557,2026-01-22T01:00:00.000Z
sensor.meross_temperature_studio_m,19.357656325305555,2026-01-22T02:00:00.000Z
sensor.meross_temperature_studio_m,19.189030174805556,2026-01-22T03:00:00.000Z
sensor.meross_temperature_studio_m,19.021204054888887,2026-01-22T04:00:00.000Z
sensor.meross_temperature_studio_m,18.91148732211111,2026-01-22T05:00:00.000Z
sensor.meross_temperature_studio_m,18.77518765575,2026-01-22T06:00:00.000Z
sensor.meross_temperature_studio_m,18.848418814166667,2026-01-22T07:00:00.000Z
sensor.meross_temperature_studio_m,18.9,2026-01-22T08:00:00.000Z
sensor.meross_temperature_studio_m,18.913575204222223,2026-01-22T09:00:00.000Z
sensor.meross_temperature_studio_m,19.04512381452778,2026-01-22T10:00:00.000Z
sensor.meross_temperature_studio_m,19.254818421527776,2026-01-22T11:00:00.000Z
sensor.meross_temperature_studio_m,19.4,2026-01-22T12:00:00.000Z
sensor.meross_temperature_studio_m,19.480829710527775,2026-01-22T13:00:00.000Z
sensor.meross_temperature_studio_m,19.538911886527778,2026-01-22T14:00:00.000Z
sensor.meross_temperature_studio_m,19.6,2026-01-22T15:00:00.000Z
sensor.meross_temperature_studio_m,19.6,2026-01-22T16:00:00.000Z
sensor.meross_temperature_studio_m,19.615174467805556,2026-01-22T17:00:00.000Z
sensor.meross_temperature_studio_m,19.7,2026-01-22T18:00:00.000Z
sensor.meross_temperature_studio_m,19.7,2026-01-22T19:00:00.000Z
sensor.meross_temperature_studio_m,19.764234578694445,2026-01-22T20:00:00.000Z
sensor.meross_temperature_studio_m,19.66078602486111,2026-01-22T21:00:00.000Z
sensor.meross_temperature_studio_m,19.698435274777776,2026-01-22T22:00:00.000Z
sensor.meross_temperature_studio_m,19.611868852722225,2026-01-22T23:00:00.000Z
sensor.meross_temperature_studio_m,19.502867834222222,2026-01-23T00:00:00.000Z
sensor.meross_temperature_studio_m,19.43360864013889,2026-01-23T01:00:00.000Z
sensor.meross_temperature_studio_m,19.26744504636111,2026-01-23T02:00:00.000Z
sensor.meross_temperature_studio_m,19.12257213463889,2026-01-23T03:00:00.000Z
sensor.meross_temperature_studio_m,19.005291641666666,2026-01-23T04:00:00.000Z
sensor.meross_temperature_studio_m,18.95205629827778,2026-01-23T05:00:00.000Z
sensor.meross_temperature_studio_m,18.896364314388887,2026-01-23T06:00:00.000Z
sensor.meross_temperature_studio_m,18.577565680611112,2026-01-23T07:00:00.000Z
sensor.meross_temperature_studio_m,18.9,2026-01-23T08:00:00.000Z
sensor.meross_temperature_studio_m,18.96588866147222,2026-01-23T09:00:00.000Z
sensor.meross_temperature_studio_m,19.044575298111113,2026-01-23T10:00:00.000Z
sensor.meross_temperature_studio_m,19.134321002083336,2026-01-23T11:00:00.000Z
sensor.meross_temperature_studio_m,19.232291163694445,2026-01-23T12:00:00.000Z
sensor.meross_temperature_studio_m,19.330150712833333,2026-01-23T13:00:00.000Z
sensor.meross_temperature_studio_m,19.4,2026-01-23T14:00:00.000Z
sensor.meross_temperature_studio_m,19.4,2026-01-23T15:00:00.000Z
sensor.meross_temperature_studio_m,19.499445192833335,2026-01-23T16:00:00.000Z
sensor.meross_temperature_studio_m,19.566910523305555,2026-01-23T17:00:00.000Z
sensor.meross_temperature_studio_m,19.670272649694443,2026-01-23T18:00:00.000Z
sensor.meross_temperature_studio_m,19.751544945805556,2026-01-23T19:00:00.000Z
sensor.meross_temperature_studio_m,19.865987557222223,2026-01-23T20:00:00.000Z
sensor.meross_temperature_studio_m,19.9,2026-01-23T21:00:00.000Z
sensor.meross_temperature_studio_m,19.9,2026-01-23T22:00:00.000Z
sensor.meross_temperature_studio_m,19.881855110388887,2026-01-23T23:00:00.000Z
sensor.meross_temperature_studio_m,19.772825063888888,2026-01-24T00:00:00.000Z
sensor.meross_temperature_studio_m,19.644483884611113,2026-01-24T01:00:00.000Z
sensor.meross_temperature_studio_m,19.532735218333332,2026-01-24T02:00:00.000Z
sensor.meross_temperature_studio_m,19.462518378194442,2026-01-24T03:00:00.000Z
sensor.meross_temperature_studio_m,19.334210691722223,2026-01-24T04:00:00.000Z
sensor.meross_temperature_studio_m,19.20834068825,2026-01-24T05:00:00.000Z
sensor.meross_temperature_studio_m,19.1,2026-01-24T06:00:00.000Z
sensor.meross_temperature_studio_m,19.1,2026-01-24T07:00:00.000Z
sensor.meross_temperature_studio_m,19.116304129833335,2026-01-24T08:00:00.000Z
sensor.meross_temperature_studio_m,19.25071825838889,2026-01-24T09:00:00.000Z
sensor.meross_temperature_studio_m,19.391550317222222,2026-01-24T10:00:00.000Z
sensor.meross_temperature_studio_m,19.550539606750004,2026-01-24T11:00:00.000Z
sensor.meross_temperature_studio_m,19.793325717666665,2026-01-24T12:00:00.000Z
sensor.meross_temperature_studio_m,19.9,2026-01-24T13:00:00.000Z
sensor.meross_temperature_studio_m,20.330245092055556,2026-01-24T14:00:00.000Z
sensor.meross_temperature_studio_m,20.593752373138887,2026-01-24T15:00:00.000Z
sensor.meross_temperature_studio_m,20.285484157555555,2026-01-24T16:00:00.000Z
sensor.meross_temperature_studio_m,20.316503292555556,2026-01-24T17:00:00.000Z
sensor.meross_temperature_studio_m,20.18634023886111,2026-01-24T18:00:00.000Z
sensor.meross_temperature_studio_m,20.068595468444446,2026-01-24T19:00:00.000Z
sensor.meross_temperature_studio_m,20,2026-01-24T20:00:00.000Z
sensor.meross_temperature_studio_m,19.94791950175,2026-01-24T21:00:00.000Z
sensor.meross_temperature_studio_m,19.899590542166667,2026-01-24T22:00:00.000Z
sensor.meross_temperature_studio_m,19.9,2026-01-24T23:00:00.000Z
sensor.meross_temperature_studio_m,19.802111390611113,2026-01-25T00:00:00.000Z
sensor.meross_temperature_studio_m,19.664075291472223,2026-01-25T01:00:00.000Z
sensor.meross_temperature_studio_m,19.55232311661111,2026-01-25T02:00:00.000Z
sensor.meross_temperature_studio_m,19.5,2026-01-25T03:00:00.000Z
sensor.meross_temperature_studio_m,19.400762452333332,2026-01-25T04:00:00.000Z
sensor.meross_temperature_studio_m,19.26619271622222,2026-01-25T05:00:00.000Z
sensor.meross_temperature_studio_m,19.2,2026-01-25T06:00:00.000Z
sensor.meross_temperature_studio_m,19.192258537249998,2026-01-25T07:00:00.000Z
sensor.meross_temperature_studio_m,19.133247464416666,2026-01-25T08:00:00.000Z
sensor.meross_temperature_studio_m,19.345152791833332,2026-01-25T09:00:00.000Z
sensor.meross_temperature_studio_m,19.48532597686111,2026-01-25T10:00:00.000Z
sensor.meross_temperature_studio_m,19.681891547194443,2026-01-25T11:00:00.000Z
sensor.meross_temperature_studio_m,19.9,2026-01-25T12:00:00.000Z
sensor.meross_temperature_studio_m,19.913651827527776,2026-01-25T13:00:00.000Z
sensor.meross_temperature_studio_m,19.975882156694443,2026-01-25T14:00:00.000Z
sensor.meross_temperature_studio_m,20.128749432027778,2026-01-25T15:00:00.000Z
sensor.meross_temperature_studio_m,20.3,2026-01-25T16:00:00.000Z
sensor.meross_temperature_studio_m,20.231687693916665,2026-01-25T17:00:00.000Z
sensor.meross_temperature_studio_m,20.134011103583333,2026-01-25T18:00:00.000Z
sensor.meross_temperature_studio_m,20.228281967472224,2026-01-25T19:00:00.000Z
sensor.meross_temperature_studio_m,20.298693769305554,2026-01-25T20:00:00.000Z
sensor.meross_temperature_studio_m,20.22925715675,2026-01-25T21:00:00.000Z
sensor.meross_temperature_studio_m,20.15474025497222,2026-01-25T22:00:00.000Z
sensor.meross_temperature_studio_m,20.029151064333334,2026-01-25T23:00:00.000Z
sensor.meross_temperature_studio_m,19.993532462055555,2026-01-26T00:00:00.000Z
sensor.meross_temperature_studio_m,19.854189217194442,2026-01-26T01:00:00.000Z
sensor.meross_temperature_studio_m,19.706882150277778,2026-01-26T02:00:00.000Z
sensor.meross_temperature_studio_m,19.572030086694443,2026-01-26T03:00:00.000Z
sensor.meross_temperature_studio_m,19.5,2026-01-26T04:00:00.000Z
sensor.meross_temperature_studio_m,19.38582707136111,2026-01-26T05:00:00.000Z
sensor.meross_temperature_studio_m,19.3,2026-01-26T06:00:00.000Z
sensor.meross_temperature_studio_m,19.044701422055557,2026-01-26T07:00:00.000Z
sensor.meross_temperature_studio_m,19.39910364686111,2026-01-26T08:00:00.000Z
sensor.meross_temperature_studio_m,19.423877399194442,2026-01-26T09:00:00.000Z
sensor.meross_temperature_studio_m,19.56321730513889,2026-01-26T10:00:00.000Z
sensor.meross_temperature_studio_m,19.761677368472224,2026-01-26T11:00:00.000Z
sensor.meross_temperature_studio_m,19.865582463888888,2026-01-26T12:00:00.000Z
sensor.meross_temperature_studio_m,19.815869217444444,2026-01-26T13:00:00.000Z
sensor.meross_temperature_studio_m,19.9,2026-01-26T14:00:00.000Z
sensor.meross_temperature_studio_m,19.9,2026-01-26T15:00:00.000Z
sensor.meross_temperature_studio_m,19.968480697222223,2026-01-26T16:00:00.000Z
sensor.meross_temperature_studio_m,19.906473613666666,2026-01-26T17:00:00.000Z
sensor.meross_temperature_studio_m,19.88896623536111,2026-01-26T18:00:00.000Z
sensor.meross_temperature_studio_m,19.9,2026-01-26T19:00:00.000Z
sensor.meross_temperature_studio_m,19.9,2026-01-26T20:00:00.000Z
sensor.meross_temperature_studio_m,19.91766389677778,2026-01-26T21:00:00.000Z
sensor.meross_temperature_studio_m,20.046873835722224,2026-01-26T22:00:00.000Z
sensor.meross_temperature_studio_m,19.99431249275,2026-01-26T23:00:00.000Z
sensor.meross_temperature_studio_m,19.8549690945,2026-01-27T00:00:00.000Z
sensor.meross_temperature_studio_m,19.672651182027778,2026-01-27T01:00:00.000Z
sensor.meross_temperature_studio_m,19.51765473336111,2026-01-27T02:00:00.000Z
sensor.meross_temperature_studio_m,19.431176190472222,2026-01-27T03:00:00.000Z
sensor.meross_temperature_studio_m,19.274535317166666,2026-01-27T04:00:00.000Z
sensor.meross_temperature_studio_m,19.100725295583334,2026-01-27T05:00:00.000Z
sensor.meross_temperature_studio_m,19,2026-01-27T06:00:00.000Z
sensor.meross_temperature_studio_m,18.92885890025,2026-01-27T07:00:00.000Z
sensor.meross_temperature_studio_m,19,2026-01-27T08:00:00.000Z
sensor.meross_temperature_studio_m,19.051133097305556,2026-01-27T09:00:00.000Z
sensor.meross_temperature_studio_m,19.137044797138888,2026-01-27T10:00:00.000Z
sensor.meross_temperature_studio_m,19.283840378305555,2026-01-27T11:00:00.000Z
sensor.meross_temperature_studio_m,19.4,2026-01-27T12:00:00.000Z
sensor.meross_temperature_studio_m,19.4,2026-01-27T13:00:00.000Z
sensor.meross_temperature_studio_m,19.428287361444443,2026-01-27T14:00:00.000Z
sensor.meross_temperature_studio_m,19.5,2026-01-27T15:00:00.000Z
sensor.meross_temperature_studio_m,19.55456862188889,2026-01-27T16:00:00.000Z
sensor.meross_temperature_studio_m,19.682883472388887,2026-01-27T17:00:00.000Z
sensor.meross_temperature_studio_m,19.69905774575,2026-01-27T18:00:00.000Z
sensor.meross_temperature_studio_m,19.681628933305557,2026-01-27T19:00:00.000Z
sensor.meross_temperature_studio_m,19.520526163,2026-01-27T20:00:00.000Z
sensor.meross_temperature_studio_m,19.65258209227778,2026-01-27T21:00:00.000Z
sensor.meross_temperature_studio_m,19.634269907583334,2026-01-27T22:00:00.000Z
sensor.meross_temperature_studio_m,19.50870460938889,2026-01-27T23:00:00.000Z
sensor.meross_temperature_studio_m,19.49718101286111,2026-01-28T00:00:00.000Z
sensor.meross_temperature_studio_m,19.39367254963889,2026-01-28T01:00:00.000Z
sensor.meross_temperature_studio_m,19.3,2026-01-28T02:00:00.000Z
sensor.meross_temperature_studio_m,19.20684224775,2026-01-28T03:00:00.000Z
sensor.meross_temperature_studio_m,19.06599830477778,2026-01-28T04:00:00.000Z
sensor.meross_temperature_studio_m,19,2026-01-28T05:00:00.000Z
sensor.meross_temperature_studio_m,19,2026-01-28T06:00:00.000Z
sensor.meross_temperature_studio_m,18.85914846802778,2026-01-28T07:00:00.000Z
sensor.meross_temperature_studio_m,19.1,2026-01-28T08:00:00.000Z
sensor.meross_temperature_studio_m,19.139778633805555,2026-01-28T09:00:00.000Z
sensor.meross_temperature_studio_m,19.243306173694446,2026-01-28T10:00:00.000Z
sensor.meross_temperature_studio_m,19.3,2026-01-28T11:00:00.000Z
sensor.meross_temperature_studio_m,19.39712382711111,2026-01-28T12:00:00.000Z
sensor.meross_temperature_studio_m,19.4122360945,2026-01-28T13:00:00.000Z
sensor.meross_temperature_studio_m,19.554357119694444,2026-01-28T14:00:00.000Z
sensor.meross_temperature_studio_m,19.60275151330556,2026-01-28T15:00:00.000Z
sensor.meross_temperature_studio_m,19.680668681,2026-01-28T16:00:00.000Z
sensor.meross_temperature_studio_m,19.778667418527778,2026-01-28T17:00:00.000Z
sensor.meross_temperature_studio_m,19.79004756688889,2026-01-28T18:00:00.000Z
sensor.meross_temperature_studio_m,19.638195854888888,2026-01-28T19:00:00.000Z
sensor.meross_temperature_studio_m,19.878044013333334,2026-01-28T20:00:00.000Z
sensor.meross_temperature_studio_m,19.950125082805556,2026-01-28T21:00:00.000Z
sensor.meross_temperature_studio_m,19.942029312166667,2026-01-28T22:00:00.000Z
sensor.meross_temperature_studio_m,19.966071787916665,2026-01-28T23:00:00.000Z
sensor.meross_temperature_studio_m,19.99336346847222,2026-01-29T00:00:00.000Z
sensor.meross_temperature_studio_m,19.862300061583333,2026-01-29T01:00:00.000Z
sensor.meross_temperature_studio_m,19.739547586916668,2026-01-29T02:00:00.000Z
sensor.meross_temperature_studio_m,19.599682560194445,2026-01-29T03:00:00.000Z
sensor.meross_temperature_studio_m,19.5,2026-01-29T04:00:00.000Z
sensor.meross_temperature_studio_m,19.399187490305554,2026-01-29T05:00:00.000Z
sensor.meross_temperature_studio_m,19.3,2026-01-29T06:00:00.000Z
sensor.meross_temperature_studio_m,19.100814046055557,2026-01-29T07:00:00.000Z
sensor.meross_temperature_studio_m,19.38512102583333,2026-01-29T08:00:00.000Z
sensor.meross_temperature_studio_m,19.4,2026-01-29T09:00:00.000Z
sensor.meross_temperature_studio_m,19.482479281444444,2026-01-29T10:00:00.000Z
sensor.meross_temperature_studio_m,19.555636304333333,2026-01-29T11:00:00.000Z
sensor.meross_temperature_studio_m,19.6,2026-01-29T12:00:00.000Z
sensor.meross_temperature_studio_m,19.69292271597222,2026-01-29T13:00:00.000Z
sensor.meross_temperature_studio_m,19.724734569166667,2026-01-29T14:00:00.000Z
sensor.meross_temperature_studio_m,19.8,2026-01-29T15:00:00.000Z
sensor.meross_temperature_studio_m,19.862099321888888,2026-01-29T16:00:00.000Z
sensor.meross_temperature_studio_m,19.881271832555555,2026-01-29T17:00:00.000Z
sensor.meross_temperature_studio_m,19.82772990463889,2026-01-29T18:00:00.000Z
sensor.meross_temperature_studio_m,19.9,2026-01-29T19:00:00.000Z
sensor.meross_temperature_studio_m,19.9,2026-01-29T20:00:00.000Z
sensor.meross_temperature_studio_m,19.97107148325,2026-01-29T21:00:00.000Z
sensor.meross_temperature_studio_m,20,2026-01-29T22:00:00.000Z
sensor.meross_temperature_studio_m,19.91056497469444,2026-01-29T23:00:00.000Z
sensor.meross_temperature_studio_m,19.794071281333334,2026-01-30T00:00:00.000Z
sensor.meross_temperature_studio_m,19.64493927325,2026-01-30T01:00:00.000Z
sensor.meross_temperature_studio_m,19.511097394694445,2026-01-30T02:00:00.000Z
sensor.meross_temperature_studio_m,19.448360098583333,2026-01-30T03:00:00.000Z
sensor.meross_temperature_studio_m,19.311756307694445,2026-01-30T04:00:00.000Z
sensor.meross_temperature_studio_m,19.163423422250002,2026-01-30T05:00:00.000Z
sensor.meross_temperature_studio_m,18.985591294111114,2026-01-30T06:00:00.000Z
sensor.meross_temperature_studio_m,19.10890422702778,2026-01-30T07:00:00.000Z
sensor.meross_temperature_studio_m,19.292421800638888,2026-01-30T08:00:00.000Z
sensor.meross_temperature_studio_m,19.35454800711111,2026-01-30T09:00:00.000Z
sensor.meross_temperature_studio_m,19.4,2026-01-30T10:00:00.000Z
sensor.meross_temperature_studio_m,19.52592797852778,2026-01-30T11:00:00.000Z
sensor.meross_temperature_studio_m,19.67338214877778,2026-01-30T12:00:00.000Z
sensor.meross_temperature_studio_m,19.779297394944447,2026-01-30T13:00:00.000Z
sensor.meross_temperature_studio_m,19.9,2026-01-30T14:00:00.000Z
sensor.meross_temperature_studio_m,19.9,2026-01-30T15:00:00.000Z
sensor.meross_temperature_studio_m,19.878749901027778,2026-01-30T16:00:00.000Z
sensor.meross_temperature_studio_m,19.8,2026-01-30T17:00:00.000Z
sensor.meross_temperature_studio_m,19.86962307902778,2026-01-30T18:00:00.000Z
sensor.meross_temperature_studio_m,19.79931308811111,2026-01-30T19:00:00.000Z
sensor.meross_temperature_studio_m,19.887681097444442,2026-01-30T20:00:00.000Z
sensor.meross_temperature_studio_m,19.9,2026-01-30T21:00:00.000Z
sensor.meross_temperature_studio_m,19.9,2026-01-30T22:00:00.000Z
sensor.meross_temperature_studio_m,19.826661202583335,2026-01-30T23:00:00.000Z
sensor.meross_temperature_studio_m,19.714881741027778,2026-01-31T00:00:00.000Z
sensor.meross_temperature_studio_m,19.638945502222224,2026-01-31T01:00:00.000Z
sensor.meross_temperature_studio_m,19.551950778694444,2026-01-31T02:00:00.000Z
sensor.meross_temperature_studio_m,19.5,2026-01-31T03:00:00.000Z
sensor.meross_temperature_studio_m,19.5,2026-01-31T04:00:00.000Z
sensor.meross_temperature_studio_m,19.45709573225,2026-01-31T05:00:00.000Z
sensor.meross_temperature_studio_m,19.4,2026-01-31T06:00:00.000Z
sensor.meross_temperature_studio_m,19.22889899847222,2026-01-31T07:00:00.000Z
sensor.meross_temperature_studio_m,19.471852255722222,2026-01-31T08:00:00.000Z
sensor.meross_temperature_studio_m,19.43703500386111,2026-01-31T09:00:00.000Z
sensor.meross_temperature_studio_m,19.5,2026-01-31T10:00:00.000Z
sensor.meross_temperature_studio_m,19.5,2026-01-31T11:00:00.000Z
sensor.meross_temperature_studio_m,19.463806214722222,2026-01-31T14:00:00.000Z
sensor.meross_temperature_studio_m,19.4,2026-01-31T15:00:00.000Z
sensor.meross_temperature_studio_m,19.395372235444444,2026-01-31T16:00:00.000Z
sensor.meross_temperature_studio_m,19.3,2026-01-31T17:00:00.000Z
sensor.meross_temperature_studio_m,19.243943510416667,2026-01-31T18:00:00.000Z
sensor.meross_temperature_studio_m,19.187316781666667,2026-01-31T19:00:00.000Z
sensor.meross_temperature_studio_m,19.1,2026-01-31T20:00:00.000Z
sensor.meross_temperature_studio_m,19.008769393583332,2026-01-31T21:00:00.000Z
sensor.meross_temperature_studio_m,19,2026-01-31T22:00:00.000Z
sensor.meross_temperature_studio_m,18.970427516,2026-01-31T23:00:00.000Z
sensor.meross_temperature_studio_m,18.9,2026-02-01T00:00:00.000Z
sensor.meross_temperature_studio_m,18.802994187166668,2026-02-01T01:00:00.000Z
sensor.meross_temperature_studio_m,18.75487089511111,2026-02-01T02:00:00.000Z
sensor.meross_temperature_studio_m,18.687409697694445,2026-02-01T03:00:00.000Z
sensor.meross_temperature_studio_m,18.6,2026-02-01T04:00:00.000Z
sensor.meross_temperature_studio_m,18.53103398163889,2026-02-01T05:00:00.000Z
sensor.meross_temperature_studio_m,18.5,2026-02-01T06:00:00.000Z
sensor.meross_temperature_studio_m,18.5,2026-02-01T07:00:00.000Z
sensor.meross_temperature_studio_m,18.47566537813889,2026-02-01T15:00:00.000Z
sensor.meross_temperature_studio_m,18.369895771055557,2026-02-01T16:00:00.000Z
sensor.meross_temperature_studio_m,18.575344033222223,2026-02-01T17:00:00.000Z
sensor.meross_temperature_studio_m,18.761452894583332,2026-02-01T18:00:00.000Z
sensor.meross_temperature_studio_m,18.94263793791667,2026-02-01T19:00:00.000Z
sensor.meross_temperature_studio_m,19.029032249222222,2026-02-01T20:00:00.000Z
sensor.meross_temperature_studio_m,19.241551612027777,2026-02-01T21:00:00.000Z
sensor.meross_temperature_studio_m,19.3,2026-02-01T22:00:00.000Z
sensor.meross_temperature_studio_m,19.3,2026-02-01T23:00:00.000Z
sensor.meross_temperature_studio_m,19.206909035666666,2026-02-02T00:00:00.000Z
sensor.meross_temperature_studio_m,19.18912815794444,2026-02-02T01:00:00.000Z
sensor.meross_temperature_studio_m,19.1,2026-02-02T02:00:00.000Z
sensor.meross_temperature_studio_m,19.063038972611114,2026-02-02T03:00:00.000Z
sensor.meross_temperature_studio_m,19,2026-02-02T04:00:00.000Z
sensor.meross_temperature_studio_m,19,2026-02-02T05:00:00.000Z
sensor.meross_temperature_studio_m,18.733852927416667,2026-02-02T07:00:00.000Z
sensor.meross_temperature_studio_m,19.008947200888887,2026-02-02T08:00:00.000Z
sensor.meross_temperature_studio_m,19.308168882833332,2026-02-02T09:00:00.000Z
sensor.meross_temperature_studio_m,19.62741236552778,2026-02-02T10:00:00.000Z
sensor.meross_temperature_studio_m,19.653297324694446,2026-02-02T11:00:00.000Z
sensor.meross_temperature_studio_m,19.07105699613889,2026-02-02T12:00:00.000Z
sensor.meross_temperature_studio_m,19.31774166716667,2026-02-02T13:00:00.000Z
sensor.meross_temperature_studio_m,19.87793234547222,2026-02-02T14:00:00.000Z
sensor.meross_temperature_studio_m,19.9,2026-02-02T15:00:00.000Z
sensor.meross_temperature_studio_m,19.9,2026-02-02T16:00:00.000Z
sensor.meross_temperature_studio_m,20.02257109997222,2026-02-02T17:00:00.000Z
sensor.meross_temperature_studio_m,20.11814858511111,2026-02-02T18:00:00.000Z
sensor.meross_temperature_studio_m,20.222687896638888,2026-02-02T19:00:00.000Z
sensor.meross_temperature_studio_m,20.18080395138889,2026-02-02T20:00:00.000Z
sensor.meross_temperature_studio_m,20.136528807638886,2026-02-02T21:00:00.000Z
sensor.meross_temperature_studio_m,20.139028174916668,2026-02-02T22:00:00.000Z
sensor.meross_temperature_studio_m,20.021744286833336,2026-02-02T23:00:00.000Z
sensor.meross_temperature_studio_m,19.974566124749998,2026-02-03T00:00:00.000Z
sensor.meross_temperature_studio_m,19.876595681999998,2026-02-03T01:00:00.000Z
sensor.meross_temperature_studio_m,19.786849842666665,2026-02-03T02:00:00.000Z
sensor.meross_temperature_studio_m,19.7,2026-02-03T03:00:00.000Z
sensor.meross_temperature_studio_m,19.6246966225,2026-02-03T04:00:00.000Z
sensor.meross_temperature_studio_m,19.5432581835,2026-02-03T05:00:00.000Z
sensor.meross_temperature_studio_m,19.5,2026-02-03T06:00:00.000Z
sensor.meross_temperature_studio_m,19.35015066688889,2026-02-03T07:00:00.000Z
sensor.meross_temperature_studio_m,19.568930919944446,2026-02-03T08:00:00.000Z
sensor.meross_temperature_studio_m,19.6,2026-02-03T09:00:00.000Z
sensor.meross_temperature_studio_m,19.6,2026-02-03T10:00:00.000Z
sensor.meross_temperature_studio_m,19.648059625333335,2026-02-03T12:00:00.000Z
sensor.meross_temperature_studio_m,19.7,2026-02-03T13:00:00.000Z
sensor.meross_temperature_studio_m,19.7,2026-02-03T14:00:00.000Z
sensor.meross_temperature_studio_m,19.713939757916666,2026-02-03T15:00:00.000Z
sensor.meross_temperature_studio_m,19.8,2026-02-03T16:00:00.000Z
sensor.meross_temperature_studio_m,19.816672400666665,2026-02-03T17:00:00.000Z
sensor.meross_temperature_studio_m,19.9,2026-02-03T18:00:00.000Z
sensor.meross_temperature_studio_m,19.828109250444445,2026-02-03T19:00:00.000Z
sensor.meross_temperature_studio_m,19.85038842986111,2026-02-03T20:00:00.000Z
sensor.meross_temperature_studio_m,19.944691279416666,2026-02-03T21:00:00.000Z
sensor.meross_temperature_studio_m,20,2026-02-03T22:00:00.000Z
sensor.meross_temperature_studio_m,19.915234453249997,2026-02-03T23:00:00.000Z
sensor.meross_temperature_studio_m,19.788738619916668,2026-02-04T00:00:00.000Z
sensor.meross_temperature_studio_m,19.7,2026-02-04T01:00:00.000Z
sensor.meross_temperature_studio_m,19.629612552111112,2026-02-04T02:00:00.000Z
sensor.meross_temperature_studio_m,19.559344466138892,2026-02-04T03:00:00.000Z
sensor.meross_temperature_studio_m,19.5,2026-02-04T04:00:00.000Z
sensor.meross_temperature_studio_m,19.5,2026-02-04T05:00:00.000Z
sensor.meross_temperature_studio_m,19.46848833475,2026-02-04T06:00:00.000Z
sensor.meross_temperature_studio_m,19.173296144305557,2026-02-04T07:00:00.000Z
sensor.meross_temperature_studio_m,19.416642381777777,2026-02-04T08:00:00.000Z
sensor.meross_temperature_studio_m,19.5,2026-02-04T09:00:00.000Z
sensor.meross_temperature_studio_m,19.5,2026-02-04T10:00:00.000Z
sensor.meross_temperature_studio_m,19.521168604916667,2026-02-04T11:00:00.000Z
sensor.meross_temperature_studio_m,19.62175084991667,2026-02-04T12:00:00.000Z
sensor.meross_temperature_studio_m,19.7,2026-02-04T13:00:00.000Z
sensor.meross_temperature_studio_m,19.76535909502778,2026-02-04T14:00:00.000Z
sensor.meross_temperature_studio_m,19.830980770055554,2026-02-04T15:00:00.000Z
sensor.meross_temperature_studio_m,19.9,2026-02-04T16:00:00.000Z
sensor.meross_temperature_studio_m,19.9,2026-02-04T17:00:00.000Z
sensor.meross_temperature_studio_m,19.99980692086111,2026-02-04T19:00:00.000Z
sensor.meross_temperature_studio_m,20,2026-02-04T20:00:00.000Z
sensor.meross_temperature_studio_m,19.983037448527778,2026-02-04T21:00:00.000Z
sensor.meross_temperature_studio_m,19.944592013,2026-02-04T22:00:00.000Z
sensor.meross_temperature_studio_m,19.996287094083332,2026-02-04T23:00:00.000Z
sensor.meross_temperature_studio_m,19.992823164055554,2026-02-05T00:00:00.000Z
sensor.meross_temperature_studio_m,19.9,2026-02-05T01:00:00.000Z
sensor.meross_temperature_studio_m,19.806050005583334,2026-02-05T02:00:00.000Z
sensor.meross_temperature_studio_m,19.713748468583333,2026-02-05T03:00:00.000Z
sensor.meross_temperature_studio_m,19.604830426083335,2026-02-05T04:00:00.000Z
sensor.meross_temperature_studio_m,19.518029570944446,2026-02-05T05:00:00.000Z
sensor.meross_temperature_studio_m,19.40374504936111,2026-02-05T06:00:00.000Z
sensor.meross_temperature_studio_m,19.29721011722222,2026-02-05T07:00:00.000Z
sensor.meross_temperature_studio_m,19.56392865016667,2026-02-05T08:00:00.000Z
sensor.meross_temperature_studio_m,19.6,2026-02-05T09:00:00.000Z
sensor.meross_temperature_studio_m,19.6,2026-02-05T10:00:00.000Z
sensor.meross_temperature_studio_m,19.76103325811111,2026-02-05T12:00:00.000Z
sensor.meross_temperature_studio_m,19.87568073983333,2026-02-05T13:00:00.000Z
sensor.meross_temperature_studio_m,19.9,2026-02-05T14:00:00.000Z
sensor.meross_temperature_studio_m,19.835059831583333,2026-02-05T15:00:00.000Z
sensor.meross_temperature_studio_m,19.9,2026-02-05T16:00:00.000Z
sensor.meross_temperature_studio_m,19.9,2026-02-05T17:00:00.000Z
sensor.meross_temperature_studio_m,19.839300164388888,2026-02-05T20:00:00.000Z
sensor.meross_temperature_studio_m,19.9,2026-02-05T21:00:00.000Z
sensor.meross_temperature_studio_m,19.9,2026-02-05T22:00:00.000Z
sensor.meross_temperature_studio_m,19.848009703777777,2026-02-06T00:00:00.000Z
sensor.meross_temperature_studio_m,19.719778024222222,2026-02-06T01:00:00.000Z
sensor.meross_temperature_studio_m,19.69649622988889,2026-02-06T02:00:00.000Z
sensor.meross_temperature_studio_m,19.6,2026-02-06T03:00:00.000Z
sensor.meross_temperature_studio_m,19.559349069555555,2026-02-06T04:00:00.000Z
sensor.meross_temperature_studio_m,19.5,2026-02-06T05:00:00.000Z
sensor.meross_temperature_studio_m,19.5,2026-02-06T06:00:00.000Z
sensor.meross_temperature_studio_m,19.55112220036111,2026-02-06T07:00:00.000Z
sensor.meross_temperature_studio_m,19.6,2026-02-06T08:00:00.000Z
sensor.meross_temperature_studio_m,19.68843531575,2026-02-06T09:00:00.000Z
sensor.meross_temperature_studio_m,19.7,2026-02-06T10:00:00.000Z
sensor.meross_temperature_studio_m,19.830160195972223,2026-02-06T11:00:00.000Z
sensor.meross_temperature_studio_m,19.9,2026-02-06T12:00:00.000Z
sensor.meross_temperature_studio_m,19.91469050661111,2026-02-06T13:00:00.000Z
sensor.meross_temperature_studio_m,20,2026-02-06T14:00:00.000Z
sensor.meross_temperature_studio_m,20,2026-02-06T15:00:00.000Z
sensor.meross_temperature_studio_m,19.889303994166667,2026-02-06T18:00:00.000Z
sensor.meross_temperature_studio_m,19.9,2026-02-06T19:00:00.000Z
sensor.meross_temperature_studio_m,19.949492648,2026-02-06T20:00:00.000Z
sensor.meross_temperature_studio_m,19.965557794027777,2026-02-06T21:00:00.000Z
sensor.meross_temperature_studio_m,19.4,2026-02-07T06:00:00.000Z
sensor.meross_temperature_studio_m,19.325577037888888,2026-02-07T07:00:00.000Z
sensor.meross_temperature_studio_m,19.34468096433162,2026-02-07T08:00:00.000Z
sensor.meross_temperature_studio_m,19.514604430722223,2026-02-07T09:00:00.000Z
sensor.meross_temperature_studio_m,19.721663117694444,2026-02-07T10:00:00.000Z
sensor.meross_temperature_studio_m,19.950590438916667,2026-02-07T11:00:00.000Z
sensor.meross_temperature_studio_m,20,2026-02-07T12:00:00.000Z
sensor.meross_temperature_studio_m,20,2026-02-07T13:00:00.000Z
sensor.meross_temperature_studio_m,20.18500927788889,2026-02-07T15:00:00.000Z
sensor.meross_temperature_studio_m,20.36224070077778,2026-02-07T16:00:00.000Z
sensor.meross_temperature_studio_m,19.729063523555556,2026-02-07T17:00:00.000Z
sensor.meross_temperature_studio_m,19.9,2026-02-07T18:00:00.000Z
sensor.meross_temperature_studio_m,19.9,2026-02-07T19:00:00.000Z
sensor.meross_temperature_studio_m,19.887611413416668,2026-02-07T20:00:00.000Z
sensor.meross_temperature_studio_m,19.767716243888888,2026-02-07T21:00:00.000Z
sensor.meross_temperature_studio_m,19.603534027305557,2026-02-07T22:00:00.000Z
sensor.meross_temperature_studio_m,19.585864288055557,2026-02-07T23:00:00.000Z
sensor.meross_temperature_studio_m,19.5,2026-02-08T00:00:00.000Z
sensor.meross_temperature_studio_m,19.484561274416667,2026-02-08T01:00:00.000Z
sensor.meross_temperature_studio_m,19.370140642722223,2026-02-08T02:00:00.000Z
sensor.meross_temperature_studio_m,19.29164831336111,2026-02-08T03:00:00.000Z
sensor.meross_temperature_studio_m,19.177256170444444,2026-02-08T04:00:00.000Z
sensor.meross_temperature_studio_m,19.05736293363889,2026-02-08T05:00:00.000Z
sensor.meross_temperature_studio_m,19,2026-02-08T06:00:00.000Z
sensor.meross_temperature_studio_m,18.903379917805555,2026-02-08T07:00:00.000Z
sensor.meross_temperature_studio_m,18.9,2026-02-08T08:00:00.000Z
sensor.meross_temperature_studio_m,18.9,2026-02-08T09:00:00.000Z
sensor.meross_temperature_studio_m,18.89810313227778,2026-02-08T10:00:00.000Z
sensor.meross_temperature_studio_m,18.813563433638887,2026-02-08T11:00:00.000Z
sensor.meross_temperature_studio_m,19.044056033555556,2026-02-08T12:00:00.000Z
sensor.meross_temperature_studio_m,19.263973616194445,2026-02-08T13:00:00.000Z
sensor.meross_temperature_studio_m,19.333003256166666,2026-02-08T14:00:00.000Z
sensor.meross_temperature_studio_m,19.505418390333332,2026-02-08T15:00:00.000Z
sensor.meross_temperature_studio_m,19.555738159277777,2026-02-08T16:00:00.000Z
sensor.meross_temperature_studio_m,19.6,2026-02-08T17:00:00.000Z
sensor.meross_temperature_studio_m,19.6,2026-02-08T18:00:00.000Z
sensor.meross_temperature_studio_m,19.479392954222224,2026-02-08T19:00:00.000Z
sensor.meross_temperature_studio_m,19.5,2026-02-08T20:00:00.000Z
sensor.meross_temperature_studio_m,19.5,2026-02-08T21:00:00.000Z
sensor.meross_temperature_studio_m,19.461136734916668,2026-02-08T22:00:00.000Z
sensor.meross_temperature_studio_m,19.367747974555556,2026-02-08T23:00:00.000Z
sensor.meross_temperature_studio_m,19.3,2026-02-09T00:00:00.000Z
sensor.meross_temperature_studio_m,19.20263351886111,2026-02-09T01:00:00.000Z
sensor.meross_temperature_studio_m,19.05627782102778,2026-02-09T02:00:00.000Z
sensor.meross_temperature_studio_m,19,2026-02-09T03:00:00.000Z
sensor.meross_temperature_studio_m,19,2026-02-09T04:00:00.000Z
sensor.meross_temperature_studio_m,18.913605044805553,2026-02-09T05:00:00.000Z
sensor.meross_temperature_studio_m,18.797684761527776,2026-02-09T06:00:00.000Z
sensor.meross_temperature_studio_m,18.634658819722222,2026-02-09T07:00:00.000Z
sensor.meross_temperature_studio_m,18.8,2026-02-09T08:00:00.000Z
sensor.meross_temperature_studio_m,18.8,2026-02-09T09:00:00.000Z
sensor.meross_temperature_studio_m,18.864467206194444,2026-02-09T11:00:00.000Z
sensor.meross_temperature_studio_m,18.9,2026-02-09T12:00:00.000Z
sensor.meross_temperature_studio_m,18.9,2026-02-09T13:00:00.000Z
sensor.meross_temperature_studio_m,18.88071194436111,2026-02-09T17:00:00.000Z
sensor.meross_temperature_studio_m,18.87518256911111,2026-02-09T18:00:00.000Z
sensor.meross_temperature_studio_m,18.9,2026-02-09T19:00:00.000Z
sensor.meross_temperature_studio_m,18.9,2026-02-09T20:00:00.000Z
sensor.meross_temperature_studio_m,18.864415463277776,2026-02-09T23:00:00.000Z
sensor.meross_temperature_studio_m,18.701119991499997,2026-02-10T00:00:00.000Z
sensor.meross_temperature_studio_m,18.62462820925,2026-02-10T01:00:00.000Z
sensor.meross_temperature_studio_m,18.56272486586111,2026-02-10T02:00:00.000Z
sensor.meross_temperature_studio_m,18.5,2026-02-10T03:00:00.000Z
sensor.meross_temperature_studio_m,18.5,2026-02-10T04:00:00.000Z
sensor.meross_temperature_studio_m,18.481374508555557,2026-02-10T06:00:00.000Z
sensor.meross_temperature_studio_m,18.32269099894444,2026-02-10T07:00:00.000Z
sensor.meross_temperature_studio_m,18.4,2026-02-10T08:00:00.000Z
sensor.meross_temperature_studio_m,18.48816621536111,2026-02-10T09:00:00.000Z
sensor.meross_temperature_studio_m,18.622520734833333,2026-02-10T10:00:00.000Z
sensor.meross_temperature_studio_m,18.8267135785,2026-02-10T11:00:00.000Z
sensor.meross_temperature_studio_m,18.935541521527778,2026-02-10T12:00:00.000Z
sensor.meross_temperature_studio_m,19.09733653802778,2026-02-10T13:00:00.000Z
sensor.meross_temperature_studio_m,19.279526456083335,2026-02-10T14:00:00.000Z
sensor.meross_temperature_studio_m,19.4,2026-02-10T15:00:00.000Z
sensor.meross_temperature_studio_m,19.551011838194444,2026-02-10T16:00:00.000Z
sensor.meross_temperature_studio_m,19.73116931611111,2026-02-10T17:00:00.000Z
sensor.meross_temperature_studio_m,19.89527345419444,2026-02-10T18:00:00.000Z
sensor.meross_temperature_studio_m,19.900578702277777,2026-02-10T19:00:00.000Z
sensor.meross_temperature_studio_m,20.05926143688889,2026-02-10T20:00:00.000Z
sensor.meross_temperature_studio_m,20.11924131275,2026-02-10T21:00:00.000Z
sensor.meross_temperature_studio_m,20.174454990944444,2026-02-10T22:00:00.000Z
sensor.meross_temperature_studio_m,20.08539353827778,2026-02-10T23:00:00.000Z
sensor.meross_temperature_studio_m,20,2026-02-11T00:00:00.000Z
sensor.meross_temperature_studio_m,19.9933977235,2026-02-11T01:00:00.000Z
sensor.meross_temperature_studio_m,19.881617893055555,2026-02-11T02:00:00.000Z
sensor.meross_temperature_studio_m,19.8,2026-02-11T03:00:00.000Z
sensor.meross_temperature_studio_m,19.75530674775,2026-02-11T04:00:00.000Z
sensor.meross_temperature_studio_m,19.687761834777778,2026-02-11T05:00:00.000Z
sensor.meross_temperature_studio_m,19.6,2026-02-11T06:00:00.000Z
sensor.meross_temperature_studio_m,19.55092980783333,2026-02-11T07:00:00.000Z
sensor.meross_temperature_studio_m,19.8,2026-02-11T08:00:00.000Z
sensor.meross_temperature_studio_m,19.8,2026-02-11T09:00:00.000Z
sensor.meross_temperature_studio_m,19.82437491138889,2026-02-11T10:00:00.000Z
sensor.meross_temperature_studio_m,19.9,2026-02-11T11:00:00.000Z
sensor.meross_temperature_studio_m,19.9,2026-02-11T12:00:00.000Z
sensor.meross_temperature_studio_m,19.904420293749997,2026-02-11T14:00:00.000Z
sensor.meross_temperature_studio_m,20,2026-02-11T15:00:00.000Z
sensor.meross_temperature_studio_m,20,2026-02-11T16:00:00.000Z
sensor.meross_temperature_studio_m,20.01363852713889,2026-02-11T20:00:00.000Z
sensor.meross_temperature_studio_m,19.97724664075,2026-02-11T21:00:00.000Z
sensor.meross_temperature_studio_m,20.073999057555557,2026-02-11T22:00:00.000Z
sensor.meross_temperature_studio_m,20,2026-02-11T23:00:00.000Z
sensor.meross_temperature_studio_m,19.97839165213889,2026-02-12T00:00:00.000Z
sensor.meross_temperature_studio_m,19.847411265555554,2026-02-12T01:00:00.000Z
sensor.meross_temperature_studio_m,19.755053838555558,2026-02-12T02:00:00.000Z
sensor.meross_temperature_studio_m,19.695843930583333,2026-02-12T03:00:00.000Z
sensor.meross_temperature_studio_m,19.6,2026-02-12T04:00:00.000Z
sensor.meross_temperature_studio_m,19.564337489194447,2026-02-12T05:00:00.000Z
sensor.meross_temperature_studio_m,19.481908054666665,2026-02-12T06:00:00.000Z
sensor.meross_temperature_studio_m,19.54035208547222,2026-02-12T07:00:00.000Z
sensor.meross_temperature_studio_m,19.698232763777778,2026-02-12T08:00:00.000Z
sensor.meross_temperature_studio_m,19.76847295602778,2026-02-12T09:00:00.000Z
sensor.meross_temperature_studio_m,19.8,2026-02-12T10:00:00.000Z
sensor.meross_temperature_studio_m,19.8,2026-02-12T11:00:00.000Z
sensor.meross_temperature_studio_m,19.81503773416667,2026-02-12T12:00:00.000Z
sensor.meross_temperature_studio_m,19.9,2026-02-12T13:00:00.000Z
sensor.meross_temperature_studio_m,19.9,2026-02-12T14:00:00.000Z
sensor.meross_temperature_studio_m,19.97199342975,2026-02-12T17:00:00.000Z
sensor.meross_temperature_studio_m,20,2026-02-12T18:00:00.000Z
sensor.meross_temperature_studio_m,20,2026-02-12T19:00:00.000Z
sensor.meross_temperature_studio_m,19.946263086944445,2026-02-12T20:00:00.000Z
sensor.meross_temperature_studio_m,19.987623731499998,2026-02-12T21:00:00.000Z
sensor.meross_temperature_studio_m,20,2026-02-12T22:00:00.000Z
sensor.meross_temperature_studio_m,19.97605706213889,2026-02-12T23:00:00.000Z
sensor.meross_temperature_studio_m,19.938432560944445,2026-02-13T00:00:00.000Z
sensor.meross_temperature_studio_m,19.766054807472223,2026-02-13T01:00:00.000Z
sensor.meross_temperature_studio_m,19.665333310277777,2026-02-13T02:00:00.000Z
sensor.meross_temperature_studio_m,19.6,2026-02-13T03:00:00.000Z
sensor.meross_temperature_studio_m,19.522545819944444,2026-02-13T04:00:00.000Z
sensor.meross_temperature_studio_m,19.5,2026-02-13T05:00:00.000Z
sensor.meross_temperature_studio_m,19.5,2026-02-13T06:00:00.000Z
sensor.meross_temperature_studio_m,19.225431938083332,2026-02-13T07:00:00.000Z
sensor.meross_temperature_studio_m,19.527769496833333,2026-02-13T08:00:00.000Z
sensor.meross_temperature_studio_m,19.683989785972223,2026-02-13T09:00:00.000Z
sensor.meross_temperature_studio_m,19.86779419325,2026-02-13T10:00:00.000Z
sensor.meross_temperature_studio_m,19.892753044305554,2026-02-13T11:00:00.000Z
sensor.meross_temperature_studio_m,19.997296372222223,2026-02-13T12:00:00.000Z
sensor.meross_temperature_studio_m,20.103870283944445,2026-02-13T13:00:00.000Z
sensor.meross_temperature_studio_m,20.2,2026-02-13T14:00:00.000Z
sensor.meross_temperature_studio_m,20.12297283566667,2026-02-13T15:00:00.000Z
sensor.meross_temperature_studio_m,20.1,2026-02-13T16:00:00.000Z
sensor.meross_temperature_studio_m,20.1,2026-02-13T17:00:00.000Z
sensor.meross_temperature_studio_m,20.03934235463889,2026-02-13T18:00:00.000Z
sensor.meross_temperature_studio_m,20.1,2026-02-13T19:00:00.000Z
sensor.meross_temperature_studio_m,20.1,2026-02-13T20:00:00.000Z
sensor.meross_temperature_studio_m,20.09291733755556,2026-02-13T21:00:00.000Z
sensor.meross_temperature_studio_m,20,2026-02-13T22:00:00.000Z
sensor.meross_temperature_studio_m,19.97760929613889,2026-02-13T23:00:00.000Z
sensor.meross_temperature_studio_m,19.9,2026-02-14T00:00:00.000Z
sensor.meross_temperature_studio_m,19.820989565055555,2026-02-14T01:00:00.000Z
sensor.meross_temperature_studio_m,19.720263659916665,2026-02-14T02:00:00.000Z
sensor.meross_temperature_studio_m,19.625044339805555,2026-02-14T03:00:00.000Z
sensor.meross_temperature_studio_m,19.6,2026-02-14T04:00:00.000Z
sensor.meross_temperature_studio_m,19.50701955138889,2026-02-14T05:00:00.000Z
sensor.meross_temperature_studio_m,19.5,2026-02-14T06:00:00.000Z
sensor.meross_temperature_studio_m,19.5,2026-02-14T07:00:00.000Z
sensor.meross_temperature_studio_m,19.320546891583334,2026-02-14T08:00:00.000Z
sensor.meross_temperature_studio_m,19.572574949750003,2026-02-14T09:00:00.000Z
sensor.meross_temperature_studio_m,19.868591698166664,2026-02-14T10:00:00.000Z
sensor.meross_temperature_studio_m,19.96299814688889,2026-02-14T11:00:00.000Z
sensor.meross_temperature_studio_m,20.185447728,2026-02-14T12:00:00.000Z
sensor.meross_temperature_studio_m,20.27597080061111,2026-02-14T13:00:00.000Z
sensor.meross_temperature_studio_m,20.301359715444445,2026-02-14T14:00:00.000Z
sensor.meross_temperature_studio_m,20.696472704333335,2026-02-14T15:00:00.000Z
sensor.meross_temperature_studio_m,20.72900858325,2026-02-14T16:00:00.000Z
sensor.meross_temperature_studio_m,20.232465712138886,2026-02-14T17:00:00.000Z
sensor.meross_temperature_studio_m,20.571102222527777,2026-02-14T18:00:00.000Z
sensor.meross_temperature_studio_m,20.760620940749998,2026-02-14T19:00:00.000Z
sensor.meross_temperature_studio_m,20.7,2026-02-14T20:00:00.000Z
sensor.meross_temperature_studio_m,20.49546206913889,2026-02-14T21:00:00.000Z
sensor.meross_temperature_studio_m,20.549681430416666,2026-02-14T22:00:00.000Z
sensor.meross_temperature_studio_m,20.461302906527777,2026-02-14T23:00:00.000Z
sensor.meross_temperature_studio_m,20.31557832313889,2026-02-15T00:00:00.000Z
sensor.meross_temperature_studio_m,20.14602337808333,2026-02-15T01:00:00.000Z
sensor.meross_temperature_studio_m,20.02043424877778,2026-02-15T02:00:00.000Z
sensor.meross_temperature_studio_m,19.953028163777777,2026-02-15T03:00:00.000Z
sensor.meross_temperature_studio_m,19.787969775527777,2026-02-15T04:00:00.000Z
sensor.meross_temperature_studio_m,19.646000785083334,2026-02-15T05:00:00.000Z
sensor.meross_temperature_studio_m,19.52874734552778,2026-02-15T06:00:00.000Z
sensor.meross_temperature_studio_m,19.5,2026-02-15T07:00:00.000Z
sensor.meross_temperature_studio_m,19.404742053944442,2026-02-15T08:00:00.000Z
sensor.meross_temperature_studio_m,19.601155315055554,2026-02-15T09:00:00.000Z
sensor.meross_temperature_studio_m,19.8553884085,2026-02-15T10:00:00.000Z
sensor.meross_temperature_studio_m,20.09996338038889,2026-02-15T11:00:00.000Z
sensor.meross_temperature_studio_m,20.683915373694443,2026-02-15T12:00:00.000Z
sensor.meross_temperature_studio_m,20.665906499722222,2026-02-15T13:00:00.000Z
sensor.meross_temperature_studio_m,20.687966859555555,2026-02-15T14:00:00.000Z
sensor.meross_temperature_studio_m,20.718582963194446,2026-02-15T15:00:00.000Z
sensor.meross_temperature_studio_m,20.706667472166668,2026-02-15T16:00:00.000Z
sensor.meross_temperature_studio_m,20.69280506247222,2026-02-15T17:00:00.000Z
sensor.meross_temperature_studio_m,20.6,2026-02-15T18:00:00.000Z
sensor.meross_temperature_studio_m,20.42665247325,2026-02-15T19:00:00.000Z
sensor.meross_temperature_studio_m,20.4,2026-02-15T20:00:00.000Z
sensor.meross_temperature_studio_m,20.36857960138889,2026-02-15T21:00:00.000Z
sensor.meross_temperature_studio_m,20.42569313213889,2026-02-15T22:00:00.000Z
sensor.meross_temperature_studio_m,20.186625077305553,2026-02-15T23:00:00.000Z
sensor.meross_temperature_studio_m,20.033045711444444,2026-02-16T00:00:00.000Z
sensor.meross_temperature_studio_m,19.973530765499998,2026-02-16T01:00:00.000Z
sensor.meross_temperature_studio_m,19.84808032486111,2026-02-16T02:00:00.000Z
sensor.meross_temperature_studio_m,19.664571625611114,2026-02-16T03:00:00.000Z
sensor.meross_temperature_studio_m,19.577229474777777,2026-02-16T04:00:00.000Z
sensor.meross_temperature_studio_m,19.5,2026-02-16T05:00:00.000Z
sensor.meross_temperature_studio_m,19.323281762249998,2026-02-16T06:00:00.000Z
sensor.meross_temperature_studio_m,19.08356328886111,2026-02-16T07:00:00.000Z
sensor.meross_temperature_studio_m,19.367500887777776,2026-02-16T08:00:00.000Z
sensor.meross_temperature_studio_m,19.4,2026-02-16T09:00:00.000Z
sensor.meross_temperature_studio_m,19.4,2026-02-16T10:00:00.000Z
sensor.meross_temperature_studio_m,19.34117304733333,2026-02-16T12:00:00.000Z
sensor.meross_temperature_studio_m,19.3,2026-02-16T13:00:00.000Z
sensor.meross_temperature_studio_m,19.3,2026-02-16T14:00:00.000Z
sensor.meross_temperature_studio_m,19.305021731083333,2026-02-16T19:00:00.000Z
sensor.meross_temperature_studio_m,19.540773730972223,2026-02-16T20:00:00.000Z
sensor.meross_temperature_studio_m,19.768707196666668,2026-02-16T21:00:00.000Z
sensor.meross_temperature_studio_m,19.653383118484847,2026-02-16T22:00:00.000Z
sensor.meross_temperature_studio_m,19.395406638416667,2026-02-16T23:00:00.000Z
sensor.meross_temperature_studio_m,19.245718164,2026-02-17T00:00:00.000Z
sensor.meross_temperature_studio_m,19.068156609333332,2026-02-17T01:00:00.000Z
sensor.meross_temperature_studio_m,19,2026-02-17T02:00:00.000Z
sensor.meross_temperature_studio_m,18.91133936858333,2026-02-17T03:00:00.000Z
sensor.meross_temperature_studio_m,18.8,2026-02-17T04:00:00.000Z
sensor.meross_temperature_studio_m,18.716385195416667,2026-02-17T05:00:00.000Z
sensor.meross_temperature_studio_m,18.7,2026-02-17T06:00:00.000Z
sensor.meross_temperature_studio_m,18.640217845555554,2026-02-17T07:00:00.000Z
sensor.meross_temperature_studio_m,18.828902373416668,2026-02-17T08:00:00.000Z
sensor.meross_temperature_studio_m,18.96238742622222,2026-02-17T09:00:00.000Z
sensor.meross_temperature_studio_m,18.95110671938889,2026-02-17T10:00:00.000Z
sensor.meross_temperature_studio_m,18.405017154305554,2026-02-17T11:00:00.000Z
sensor.meross_temperature_studio_m,19.051963009333335,2026-02-17T12:00:00.000Z
sensor.meross_temperature_studio_m,19.30416732738889,2026-02-17T13:00:00.000Z
sensor.meross_temperature_studio_m,19.499913890972223,2026-02-17T14:00:00.000Z
sensor.meross_temperature_studio_m,19.656068412805556,2026-02-17T15:00:00.000Z
sensor.meross_temperature_studio_m,19.75123286986111,2026-02-17T16:00:00.000Z
sensor.meross_temperature_studio_m,19.8712648505,2026-02-17T17:00:00.000Z
sensor.meross_temperature_studio_m,19.80622136022222,2026-02-17T18:00:00.000Z
sensor.meross_temperature_studio_m,20.058938572416668,2026-02-17T19:00:00.000Z
sensor.meross_temperature_studio_m,20.127877162694446,2026-02-17T20:00:00.000Z
sensor.meross_temperature_studio_m,20.093286337333335,2026-02-17T21:00:00.000Z
sensor.meross_temperature_studio_m,20,2026-02-17T22:00:00.000Z
sensor.meross_temperature_studio_m,19.920520872166666,2026-02-17T23:00:00.000Z
sensor.meross_temperature_studio_m,19.805722020361113,2026-02-18T00:00:00.000Z
sensor.meross_temperature_studio_m,19.66042128877778,2026-02-18T01:00:00.000Z
sensor.meross_temperature_studio_m,19.532135432055558,2026-02-18T02:00:00.000Z
sensor.meross_temperature_studio_m,19.485762635944443,2026-02-18T03:00:00.000Z
sensor.meross_temperature_studio_m,19.4,2026-02-18T04:00:00.000Z
sensor.meross_temperature_studio_m,19.312608143861112,2026-02-18T05:00:00.000Z
sensor.meross_temperature_studio_m,19.22769326438889,2026-02-18T06:00:00.000Z
sensor.meross_temperature_studio_m,19.133299988194445,2026-02-18T07:00:00.000Z
sensor.meross_temperature_studio_m,19.3,2026-02-18T08:00:00.000Z
sensor.meross_temperature_studio_m,19.34265574461111,2026-02-18T09:00:00.000Z
sensor.meross_temperature_studio_m,19.426260864694445,2026-02-18T10:00:00.000Z
sensor.meross_temperature_studio_m,19.54079099038889,2026-02-18T11:00:00.000Z
sensor.meross_temperature_studio_m,19.685858712805555,2026-02-18T12:00:00.000Z
sensor.meross_temperature_studio_m,19.86532395363889,2026-02-18T13:00:00.000Z
sensor.meross_temperature_studio_m,19.9,2026-02-18T14:00:00.000Z
sensor.meross_temperature_studio_m,19.9,2026-02-18T15:00:00.000Z
sensor.meross_temperature_studio_m,19.968740593555555,2026-02-18T18:00:00.000Z
sensor.meross_temperature_studio_m,20.099682243055558,2026-02-18T19:00:00.000Z
sensor.meross_temperature_studio_m,19.894130602972222,2026-02-18T20:00:00.000Z
sensor.meross_temperature_studio_m,19.988821271611112,2026-02-18T21:00:00.000Z
sensor.meross_temperature_studio_m,19.97794656311111,2026-02-18T22:00:00.000Z
sensor.meross_temperature_studio_m,19.89309750947222,2026-02-18T23:00:00.000Z
sensor.meross_temperature_studio_m,19.86680555186111,2026-02-19T00:00:00.000Z
sensor.meross_temperature_studio_m,19.74399468347222,2026-02-19T01:00:00.000Z
sensor.meross_temperature_studio_m,19.626685015944446,2026-02-19T02:00:00.000Z
sensor.meross_temperature_studio_m,19.52318501508333,2026-02-19T03:00:00.000Z
sensor.meross_temperature_studio_m,19.5,2026-02-19T04:00:00.000Z
sensor.meross_temperature_studio_m,19.496016487555554,2026-02-19T05:00:00.000Z
sensor.meross_temperature_studio_m,19.343658835833335,2026-02-19T06:00:00.000Z
sensor.meross_temperature_studio_m,19.246795626527778,2026-02-19T07:00:00.000Z
sensor.meross_temperature_studio_m,19.012015296833333,2026-02-19T08:00:00.000Z
sensor.meross_temperature_studio_m,19.38518984008333,2026-02-19T09:00:00.000Z
sensor.meross_temperature_studio_m,19.4,2026-02-19T10:00:00.000Z
sensor.meross_temperature_studio_m,19.4,2026-02-19T11:00:00.000Z
sensor.meross_temperature_studio_m,19.47340757875,2026-02-19T15:00:00.000Z
sensor.meross_temperature_studio_m,19.5,2026-02-19T16:00:00.000Z
sensor.meross_temperature_studio_m,19.5,2026-02-19T17:00:00.000Z
sensor.meross_temperature_studio_m,19.521191878444444,2026-02-19T19:00:00.000Z
sensor.meross_temperature_studio_m,19.526246289916667,2026-02-19T20:00:00.000Z
sensor.meross_temperature_studio_m,19.6,2026-02-19T21:00:00.000Z
sensor.meross_temperature_studio_m,19.6,2026-02-19T22:00:00.000Z
sensor.meross_temperature_studio_m,19.574419770333336,2026-02-19T23:00:00.000Z
sensor.meross_temperature_studio_m,19.5,2026-02-20T00:00:00.000Z
sensor.meross_temperature_studio_m,19.5,2026-02-20T01:00:00.000Z
sensor.meross_temperature_studio_m,19.43424600813889,2026-02-20T02:00:00.000Z
sensor.meross_temperature_studio_m,19.355586830777778,2026-02-20T03:00:00.000Z
sensor.meross_temperature_studio_m,19.3,2026-02-20T04:00:00.000Z
sensor.meross_temperature_studio_m,19.210052514305556,2026-02-20T05:00:00.000Z
sensor.meross_temperature_studio_m,19.139670190416666,2026-02-20T06:00:00.000Z
sensor.meross_temperature_studio_m,19.1,2026-02-20T07:00:00.000Z
sensor.meross_temperature_studio_m,19.033250560805556,2026-02-20T08:00:00.000Z
sensor.meross_temperature_studio_m,19.149544981416668,2026-02-20T09:00:00.000Z
sensor.meross_temperature_studio_m,19.280635961166666,2026-02-20T10:00:00.000Z
sensor.meross_temperature_studio_m,19.42469759525,2026-02-20T11:00:00.000Z
sensor.meross_temperature_studio_m,19.711942920944445,2026-02-20T12:00:00.000Z
sensor.meross_temperature_studio_m,19.9,2026-02-20T13:00:00.000Z
sensor.meross_temperature_studio_m,19.969454867583334,2026-02-20T14:00:00.000Z
sensor.meross_temperature_studio_m,20.1,2026-02-20T15:00:00.000Z
sensor.meross_temperature_studio_m,20.1,2026-02-20T16:00:00.000Z
sensor.meross_temperature_studio_m,20.05124542691667,2026-02-20T17:00:00.000Z
sensor.meross_temperature_studio_m,19.69664676444444,2026-02-20T18:00:00.000Z
sensor.meross_temperature_studio_m,19.85288788247222,2026-02-20T19:00:00.000Z
sensor.meross_temperature_studio_m,19.9,2026-02-20T20:00:00.000Z
sensor.meross_temperature_studio_m,19.9,2026-02-20T21:00:00.000Z
sensor.meross_temperature_studio_m,19.897312772499998,2026-02-20T22:00:00.000Z
sensor.meross_temperature_studio_m,19.787979154277778,2026-02-20T23:00:00.000Z
sensor.meross_temperature_studio_m,19.70709399391667,2026-02-21T00:00:00.000Z
sensor.meross_temperature_studio_m,19.583181927833333,2026-02-21T01:00:00.000Z
sensor.meross_temperature_studio_m,19.5,2026-02-21T02:00:00.000Z
sensor.meross_temperature_studio_m,19.455954455222223,2026-02-21T03:00:00.000Z
sensor.meross_temperature_studio_m,19.324226711888887,2026-02-21T04:00:00.000Z
sensor.meross_temperature_studio_m,19.154512168055557,2026-02-21T05:00:00.000Z
sensor.meross_temperature_studio_m,19.1,2026-02-21T06:00:00.000Z
sensor.meross_temperature_studio_m,19.1,2026-02-21T07:00:00.000Z
sensor.meross_temperature_studio_m,19.053401799833335,2026-02-21T08:00:00.000Z
sensor.meross_temperature_studio_m,19.194846514444446,2026-02-21T09:00:00.000Z
sensor.meross_temperature_studio_m,19.39685084313889,2026-02-21T10:00:00.000Z
sensor.meross_temperature_studio_m,19.59871184977778,2026-02-21T11:00:00.000Z
sensor.meross_temperature_studio_m,19.789206699999998,2026-02-21T12:00:00.000Z
sensor.meross_temperature_studio_m,19.93075070747222,2026-02-21T13:00:00.000Z
sensor.meross_temperature_studio_m,20.095841798194446,2026-02-21T14:00:00.000Z
sensor.meross_temperature_studio_m,20.215410289027776,2026-02-21T15:00:00.000Z
sensor.meross_temperature_studio_m,20.39882223136111,2026-02-21T16:00:00.000Z
sensor.meross_temperature_studio_m,20.37511813372222,2026-02-21T17:00:00.000Z
sensor.meross_temperature_studio_m,20.3,2026-02-21T18:00:00.000Z
sensor.meross_temperature_studio_m,20.235234883694442,2026-02-21T19:00:00.000Z
sensor.meross_temperature_studio_m,20.236592092916666,2026-02-21T20:00:00.000Z
sensor.meross_temperature_studio_m,20.285042280916667,2026-02-21T21:00:00.000Z
sensor.meross_temperature_studio_m,20.24411534586111,2026-02-21T22:00:00.000Z
sensor.meross_temperature_studio_m,20.13335626227778,2026-02-21T23:00:00.000Z
sensor.meross_temperature_studio_m,20.00501964691667,2026-02-22T00:00:00.000Z
sensor.meross_temperature_studio_m,19.958673302444442,2026-02-22T01:00:00.000Z
sensor.meross_temperature_studio_m,19.87170551894444,2026-02-22T02:00:00.000Z
sensor.meross_temperature_studio_m,19.77098421161111,2026-02-22T03:00:00.000Z
sensor.meross_temperature_studio_m,19.689574208249997,2026-02-22T04:00:00.000Z
sensor.meross_temperature_studio_m,19.6,2026-02-22T05:00:00.000Z
sensor.meross_temperature_studio_m,19.519195582111113,2026-02-22T06:00:00.000Z
sensor.meross_temperature_studio_m,19.350009377777777,2026-02-22T07:00:00.000Z
sensor.meross_temperature_studio_m,19.56340738691667,2026-02-22T08:00:00.000Z
sensor.meross_temperature_studio_m,19.666761916833334,2026-02-22T09:00:00.000Z
sensor.meross_temperature_studio_m,19.876081810027777,2026-02-22T10:00:00.000Z
sensor.meross_temperature_studio_m,19.94445371597222,2026-02-22T11:00:00.000Z
sensor.meross_temperature_studio_m,20.087653903611113,2026-02-22T12:00:00.000Z
sensor.meross_temperature_studio_m,20.175186271416667,2026-02-22T13:00:00.000Z
sensor.meross_temperature_studio_m,20.299048754222223,2026-02-22T14:00:00.000Z
sensor.meross_temperature_studio_m,20.201988987555556,2026-02-22T15:00:00.000Z
sensor.meross_temperature_studio_m,20.352950185833333,2026-02-22T16:00:00.000Z
sensor.meross_temperature_studio_m,20.39509538372222,2026-02-22T17:00:00.000Z
sensor.meross_temperature_studio_m,20.324242557694443,2026-02-22T18:00:00.000Z
sensor.meross_temperature_studio_m,20.431465220055554,2026-02-22T19:00:00.000Z
sensor.meross_temperature_studio_m,20.489458679583333,2026-02-22T20:00:00.000Z
sensor.meross_temperature_studio_m,20.371149450694443,2026-02-22T21:00:00.000Z
sensor.meross_temperature_studio_m,20.281264454333336,2026-02-22T22:00:00.000Z
sensor.meross_temperature_studio_m,20.16051014416667,2026-02-22T23:00:00.000Z
sensor.meross_temperature_studio_m,20.03858866075,2026-02-23T00:00:00.000Z
sensor.meross_temperature_studio_m,20,2026-02-23T01:00:00.000Z
sensor.meross_temperature_studio_m,19.902495918138886,2026-02-23T02:00:00.000Z
sensor.meross_temperature_studio_m,19.769768977833333,2026-02-23T03:00:00.000Z
sensor.meross_temperature_studio_m,19.651070563972223,2026-02-23T04:00:00.000Z
sensor.meross_temperature_studio_m,19.54548711813889,2026-02-23T05:00:00.000Z
sensor.meross_temperature_studio_m,19.5,2026-02-23T06:00:00.000Z
sensor.meross_temperature_studio_m,19.292596580055555,2026-02-23T07:00:00.000Z
sensor.meross_temperature_studio_m,19.598237127416667,2026-02-23T08:00:00.000Z
sensor.meross_temperature_studio_m,19.766363688138888,2026-02-23T09:00:00.000Z
sensor.meross_temperature_studio_m,19.9,2026-02-23T10:00:00.000Z
sensor.meross_temperature_studio_m,19.90215685058333,2026-02-23T11:00:00.000Z
sensor.meross_temperature_studio_m,20,2026-02-23T12:00:00.000Z
sensor.meross_temperature_studio_m,20.004321218555557,2026-02-23T13:00:00.000Z
sensor.meross_temperature_studio_m,20.1,2026-02-23T14:00:00.000Z
sensor.meross_temperature_studio_m,20.1,2026-02-23T15:00:00.000Z
sensor.meross_temperature_studio_m,20.041583496555557,2026-02-23T16:00:00.000Z
sensor.meross_temperature_studio_m,20,2026-02-23T17:00:00.000Z
sensor.meross_temperature_studio_m,20,2026-02-23T18:00:00.000Z
sensor.meross_temperature_studio_m,19.990828147666665,2026-02-23T19:00:00.000Z
sensor.meross_temperature_studio_m,20.131825053361112,2026-02-23T20:00:00.000Z
sensor.meross_temperature_studio_m,20.231834899083335,2026-02-23T21:00:00.000Z
sensor.meross_temperature_studio_m,20.287028118,2026-02-23T22:00:00.000Z
sensor.meross_temperature_studio_m,20.220641846611112,2026-02-23T23:00:00.000Z
sensor.meross_temperature_studio_m,20.116503110611113,2026-02-24T00:00:00.000Z
sensor.meross_temperature_studio_m,20,2026-02-24T01:00:00.000Z
sensor.meross_temperature_studio_m,19.965714996333332,2026-02-24T02:00:00.000Z
sensor.meross_temperature_studio_m,19.842126218583335,2026-02-24T03:00:00.000Z
sensor.meross_temperature_studio_m,19.73320871686111,2026-02-24T04:00:00.000Z
sensor.meross_temperature_studio_m,19.61053959966667,2026-02-24T05:00:00.000Z
sensor.meross_temperature_studio_m,19.504453527027778,2026-02-24T06:00:00.000Z
sensor.meross_temperature_studio_m,19.432521257194445,2026-02-24T07:00:00.000Z
sensor.meross_temperature_studio_m,19.668035577833333,2026-02-24T08:00:00.000Z
sensor.meross_temperature_studio_m,19.873181051638888,2026-02-24T09:00:00.000Z
sensor.meross_temperature_studio_m,19.9,2026-02-24T10:00:00.000Z
sensor.meross_temperature_studio_m,19.96214005586111,2026-02-24T11:00:00.000Z
sensor.meross_temperature_studio_m,20.059999173083334,2026-02-24T12:00:00.000Z
sensor.meross_temperature_studio_m,20.10259123088889,2026-02-24T13:00:00.000Z
sensor.meross_temperature_studio_m,20.191240538416665,2026-02-24T14:00:00.000Z
sensor.meross_temperature_studio_m,20.090630615111113,2026-02-24T15:00:00.000Z
sensor.meross_temperature_studio_m,20,2026-02-24T16:00:00.000Z
sensor.meross_temperature_studio_m,20,2026-02-24T17:00:00.000Z
sensor.meross_temperature_studio_m,20.02500891111111,2026-02-24T18:00:00.000Z
sensor.meross_temperature_studio_m,20.131175359083333,2026-02-24T19:00:00.000Z
sensor.meross_temperature_studio_m,20.23728771463889,2026-02-24T20:00:00.000Z
sensor.meross_temperature_studio_m,20.35726421088889,2026-02-24T21:00:00.000Z
sensor.meross_temperature_studio_m,20.394557995444444,2026-02-24T22:00:00.000Z
sensor.meross_temperature_studio_m,20.24366083025,2026-02-24T23:00:00.000Z
sensor.meross_temperature_studio_m,20.029819024055556,2026-02-25T00:00:00.000Z
sensor.meross_temperature_studio_m,19.97791749488889,2026-02-25T01:00:00.000Z
sensor.meross_temperature_studio_m,19.877279674694446,2026-02-25T02:00:00.000Z
sensor.meross_temperature_studio_m,19.8,2026-02-25T03:00:00.000Z
sensor.meross_temperature_studio_m,19.709790878472223,2026-02-25T04:00:00.000Z
sensor.meross_temperature_studio_m,19.620213195222224,2026-02-25T05:00:00.000Z
sensor.meross_temperature_studio_m,19.521561703333333,2026-02-25T06:00:00.000Z
sensor.meross_temperature_studio_m,19.326049408805556,2026-02-25T07:00:00.000Z
sensor.meross_temperature_studio_m,19.728780109555554,2026-02-25T08:00:00.000Z
sensor.meross_temperature_studio_m,19.842911384083333,2026-02-25T09:00:00.000Z
sensor.meross_temperature_studio_m,19.9,2026-02-25T10:00:00.000Z
sensor.meross_temperature_studio_m,19.9,2026-02-25T11:00:00.000Z
sensor.meross_temperature_studio_m,19.959048470499997,2026-02-25T14:00:00.000Z
sensor.meross_temperature_studio_m,20,2026-02-25T15:00:00.000Z
sensor.meross_temperature_studio_m,20,2026-02-25T16:00:00.000Z
sensor.meross_temperature_studio_m,19.96271118875,2026-02-25T18:00:00.000Z
sensor.meross_temperature_studio_m,19.9,2026-02-25T19:00:00.000Z
sensor.meross_temperature_studio_m,19.9,2026-02-25T20:00:00.000Z
sensor.meross_temperature_studio_m,19.78925300313889,2026-02-25T22:00:00.000Z
sensor.meross_temperature_studio_m,19.9,2026-02-25T23:00:00.000Z
sensor.meross_temperature_studio_m,19.84946607725,2026-02-26T00:00:00.000Z
sensor.meross_temperature_studio_m,19.776447574583333,2026-02-26T01:00:00.000Z
sensor.meross_temperature_studio_m,19.664834155194445,2026-02-26T02:00:00.000Z
sensor.meross_temperature_studio_m,19.578034213,2026-02-26T03:00:00.000Z
sensor.meross_temperature_studio_m,19.5,2026-02-26T04:00:00.000Z
sensor.meross_temperature_studio_m,19.5,2026-02-26T05:00:00.000Z
sensor.meross_temperature_studio_m,19.34825893836111,2026-02-26T07:00:00.000Z
sensor.meross_temperature_studio_m,19.54505031663889,2026-02-26T08:00:00.000Z
sensor.meross_temperature_studio_m,19.75639789125,2026-02-26T09:00:00.000Z
sensor.meross_temperature_studio_m,19.9,2026-02-26T10:00:00.000Z
sensor.meross_temperature_studio_m,19.926624774055554,2026-02-26T11:00:00.000Z
sensor.meross_temperature_studio_m,20.036126622166666,2026-02-26T12:00:00.000Z
sensor.meross_temperature_studio_m,20.119064945361114,2026-02-26T13:00:00.000Z
sensor.meross_temperature_studio_m,20.2,2026-02-26T14:00:00.000Z
sensor.meross_temperature_studio_m,20.2,2026-02-26T15:00:00.000Z
sensor.meross_temperature_studio_m,20.333491094027778,2026-02-26T19:00:00.000Z
sensor.meross_temperature_studio_m,20.28944028936111,2026-02-26T20:00:00.000Z
sensor.meross_temperature_studio_m,20.54902007013889,2026-02-26T21:00:00.000Z
sensor.meross_temperature_studio_m,20.53289206627778,2026-02-26T22:00:00.000Z
sensor.meross_temperature_studio_m,20.3659718205,2026-02-26T23:00:00.000Z
sensor.meross_temperature_studio_m,20.211356508083334,2026-02-27T00:00:00.000Z
sensor.meross_temperature_studio_m,20.059222268611112,2026-02-27T01:00:00.000Z
sensor.meross_temperature_studio_m,20,2026-02-27T02:00:00.000Z
sensor.meross_temperature_studio_m,19.981481724916666,2026-02-27T03:00:00.000Z
sensor.meross_temperature_studio_m,19.87539776236111,2026-02-27T04:00:00.000Z
sensor.meross_temperature_studio_m,19.79409900438889,2026-02-27T05:00:00.000Z
sensor.meross_temperature_studio_m,19.68343582825,2026-02-27T06:00:00.000Z
sensor.meross_temperature_studio_m,19.835741635194445,2026-02-27T07:00:00.000Z
sensor.meross_temperature_studio_m,19.9,2026-02-27T08:00:00.000Z
sensor.meross_temperature_studio_m,19.920732885361108,2026-02-27T09:00:00.000Z
sensor.meross_temperature_studio_m,20.040653746833332,2026-02-27T10:00:00.000Z
sensor.meross_temperature_studio_m,20.185438767222223,2026-02-27T11:00:00.000Z
sensor.meross_temperature_studio_m,20.339313924944445,2026-02-27T12:00:00.000Z
sensor.meross_temperature_studio_m,20.523313614916667,2026-02-27T13:00:00.000Z
sensor.meross_temperature_studio_m,20.50461146897222,2026-02-27T14:00:00.000Z
sensor.meross_temperature_studio_m,20.5,2026-02-27T15:00:00.000Z
sensor.meross_temperature_studio_m,20.5,2026-02-27T16:00:00.000Z
sensor.meross_temperature_studio_m,20.420118134916667,2026-02-27T18:00:00.000Z
sensor.meross_temperature_studio_m,20.388249455833332,2026-02-27T19:00:00.000Z
sensor.meross_temperature_studio_m,20.272410052222224,2026-02-27T20:00:00.000Z
sensor.meross_temperature_studio_m,20.3,2026-02-27T21:00:00.000Z
sensor.meross_temperature_studio_m,20.25051666527778,2026-02-27T22:00:00.000Z
sensor.meross_temperature_studio_m,20.155434638194446,2026-02-27T23:00:00.000Z
sensor.meross_temperature_studio_m,20.05371280775,2026-02-28T00:00:00.000Z
sensor.meross_temperature_studio_m,20,2026-02-28T01:00:00.000Z
sensor.meross_temperature_studio_m,19.98683569813889,2026-02-28T02:00:00.000Z
sensor.meross_temperature_studio_m,19.894506113888887,2026-02-28T03:00:00.000Z
sensor.meross_temperature_studio_m,19.8,2026-02-28T04:00:00.000Z
sensor.meross_temperature_studio_m,19.735296836388887,2026-02-28T05:00:00.000Z
sensor.meross_temperature_studio_m,19.73277406825,2026-02-28T06:00:00.000Z
sensor.meross_temperature_studio_m,19.734341787361114,2026-02-28T07:00:00.000Z
sensor.meross_temperature_studio_m,19.9,2026-02-28T08:00:00.000Z
sensor.meross_temperature_studio_m,19.907490997777774,2026-02-28T09:00:00.000Z
sensor.meross_temperature_studio_m,20,2026-02-28T10:00:00.000Z
sensor.meross_temperature_studio_m,20.10031042316667,2026-02-28T11:00:00.000Z
sensor.meross_temperature_studio_m,20.204017817166665,2026-02-28T12:00:00.000Z
sensor.meross_temperature_studio_m,20.3,2026-02-28T13:00:00.000Z
sensor.meross_temperature_studio_m,20.316549152583335,2026-02-28T14:00:00.000Z
sensor.meross_temperature_studio_m,20.4,2026-02-28T15:00:00.000Z
sensor.meross_temperature_studio_m,20.351636621027776,2026-02-28T16:00:00.000Z
sensor.meross_temperature_studio_m,20.3,2026-02-28T17:00:00.000Z
sensor.meross_temperature_studio_m,20.172708775361112,2026-02-28T18:00:00.000Z
sensor.meross_temperature_studio_m,20.158893716416667,2026-02-28T19:00:00.000Z
sensor.meross_temperature_studio_m,20.2,2026-02-28T20:00:00.000Z
sensor.meross_temperature_studio_m,20.2,2026-02-28T21:00:00.000Z
sensor.meross_temperature_studio_m,20.15194459911111,2026-02-28T23:00:00.000Z
sensor.meross_temperature_studio_m,20.078786127666667,2026-03-01T00:00:00.000Z
sensor.meross_temperature_studio_m,20,2026-03-01T01:00:00.000Z
sensor.meross_temperature_studio_m,20,2026-03-01T02:00:00.000Z
sensor.meross_temperature_studio_m,19.932500716277776,2026-03-01T03:00:00.000Z
sensor.meross_temperature_studio_m,19.86206497294444,2026-03-01T04:00:00.000Z
sensor.meross_temperature_studio_m,19.791630764444445,2026-03-01T05:00:00.000Z
sensor.meross_temperature_studio_m,19.72289996175,2026-03-01T06:00:00.000Z
sensor.meross_temperature_studio_m,19.724970158416667,2026-03-01T07:00:00.000Z
sensor.meross_temperature_studio_m,19.788354344916666,2026-03-01T08:00:00.000Z
sensor.meross_temperature_studio_m,19.9,2026-03-01T09:00:00.000Z
sensor.meross_temperature_studio_m,19.955235420055555,2026-03-01T10:00:00.000Z
sensor.meross_temperature_studio_m,19.961737709777776,2026-03-01T11:00:00.000Z
sensor.meross_temperature_studio_m,20,2026-03-01T12:00:00.000Z
sensor.meross_temperature_studio_m,19.908033991916668,2026-03-01T13:00:00.000Z
sensor.meross_temperature_studio_m,20.222058702694444,2026-03-01T14:00:00.000Z
sensor.meross_temperature_studio_m,20.2,2026-03-01T15:00:00.000Z
sensor.meross_temperature_studio_m,20.222863300694446,2026-03-01T16:00:00.000Z
sensor.meross_temperature_studio_m,20.410588394027776,2026-03-01T17:00:00.000Z
sensor.meross_temperature_studio_m,20.579157327194444,2026-03-01T18:00:00.000Z
sensor.meross_temperature_studio_m,20.81268873338889,2026-03-01T19:00:00.000Z
sensor.meross_temperature_studio_m,20.845810592638887,2026-03-01T20:00:00.000Z
sensor.meross_temperature_studio_m,20.865793797722223,2026-03-01T21:00:00.000Z
sensor.meross_temperature_studio_m,20.883278357166663,2026-03-01T22:00:00.000Z
sensor.meross_temperature_studio_m,20.74943596686111,2026-03-01T23:00:00.000Z
sensor.meross_temperature_studio_m,20.62114974561111,2026-03-02T00:00:00.000Z
sensor.meross_temperature_studio_m,20.50304331813889,2026-03-02T01:00:00.000Z
sensor.meross_temperature_studio_m,20.38188893888889,2026-03-02T02:00:00.000Z
sensor.meross_temperature_studio_m,20.261855688194444,2026-03-02T03:00:00.000Z
sensor.meross_temperature_studio_m,20.169358364583335,2026-03-02T04:00:00.000Z
sensor.meross_temperature_studio_m,20.058911800388888,2026-03-02T05:00:00.000Z
sensor.meross_temperature_studio_m,19.99018543538889,2026-03-02T06:00:00.000Z
sensor.meross_temperature_studio_m,19.91672883986111,2026-03-02T07:00:00.000Z
sensor.meross_temperature_studio_m,20.29087093886111,2026-03-02T08:00:00.000Z
sensor.meross_temperature_studio_m,20.3,2026-03-02T09:00:00.000Z
sensor.meross_temperature_studio_m,20.3,2026-03-02T10:00:00.000Z
sensor.meross_temperature_studio_m,20.266878824777777,2026-03-02T12:00:00.000Z
sensor.meross_temperature_studio_m,20.26831516011111,2026-03-02T13:00:00.000Z
sensor.meross_temperature_studio_m,20.2,2026-03-02T14:00:00.000Z
sensor.meross_temperature_studio_m,20.2,2026-03-02T15:00:00.000Z
sensor.meross_temperature_studio_m,20.13025255863889,2026-03-02T16:00:00.000Z
sensor.meross_temperature_studio_m,20.267414846583332,2026-03-02T17:00:00.000Z
sensor.meross_temperature_studio_m,20.414117138305553,2026-03-02T18:00:00.000Z
sensor.meross_temperature_studio_m,20.5,2026-03-02T19:00:00.000Z
sensor.meross_temperature_studio_m,20.56696407791667,2026-03-02T20:00:00.000Z
sensor.meross_temperature_studio_m,20.710780199833334,2026-03-02T21:00:00.000Z
sensor.meross_temperature_studio_m,20.8,2026-03-02T22:00:00.000Z
sensor.meross_temperature_studio_m,20.8,2026-03-02T23:00:00.000Z
sensor.meross_temperature_studio_m,20.742873633694444,2026-03-03T00:00:00.000Z
sensor.meross_temperature_studio_m,20.64217828402778,2026-03-03T01:00:00.000Z
sensor.meross_temperature_studio_m,20.47944112275,2026-03-03T02:00:00.000Z
sensor.meross_temperature_studio_m,20.359297560416667,2026-03-03T03:00:00.000Z
sensor.meross_temperature_studio_m,20.272358008277777,2026-03-03T04:00:00.000Z
sensor.meross_temperature_studio_m,20.168858021555554,2026-03-03T05:00:00.000Z
sensor.meross_temperature_studio_m,20.1,2026-03-03T06:00:00.000Z
sensor.meross_temperature_studio_m,19.944856725972222,2026-03-03T07:00:00.000Z
sensor.meross_temperature_studio_m,20.192005574916667,2026-03-03T08:00:00.000Z
sensor.meross_temperature_studio_m,20.3,2026-03-03T09:00:00.000Z
sensor.meross_temperature_studio_m,20.31438001002778,2026-03-03T10:00:00.000Z
sensor.meross_temperature_studio_m,20.4,2026-03-03T11:00:00.000Z
sensor.meross_temperature_studio_m,20.416143891166666,2026-03-03T12:00:00.000Z
sensor.meross_temperature_studio_m,20.42403406677778,2026-03-03T13:00:00.000Z
sensor.meross_temperature_studio_m,20.587033995555558,2026-03-03T14:00:00.000Z
sensor.meross_temperature_studio_m,20.6,2026-03-03T15:00:00.000Z
sensor.meross_temperature_studio_m,20.6,2026-03-03T16:00:00.000Z
sensor.meross_temperature_studio_m,20.589857609944445,2026-03-03T17:00:00.000Z
sensor.meross_temperature_studio_m,20.564155707361113,2026-03-03T18:00:00.000Z
sensor.meross_temperature_studio_m,20.53664748211111,2026-03-03T19:00:00.000Z
sensor.meross_temperature_studio_m,20.5,2026-03-03T20:00:00.000Z
sensor.meross_temperature_studio_m,20.49358130386111,2026-03-03T21:00:00.000Z
sensor.meross_temperature_studio_m,20.438541177138887,2026-03-03T22:00:00.000Z
sensor.meross_temperature_studio_m,20.398644414,2026-03-03T23:00:00.000Z
sensor.meross_temperature_studio_m,20.29247727252778,2026-03-04T00:00:00.000Z
sensor.meross_temperature_studio_m,20.19186744236111,2026-03-04T01:00:00.000Z
sensor.meross_temperature_studio_m,20.099514851194446,2026-03-04T02:00:00.000Z
sensor.meross_temperature_studio_m,20,2026-03-04T03:00:00.000Z
sensor.meross_temperature_studio_m,19.99401135938889,2026-03-04T04:00:00.000Z
sensor.meross_temperature_studio_m,19.898876431166666,2026-03-04T05:00:00.000Z
sensor.meross_temperature_studio_m,19.787866116,2026-03-04T06:00:00.000Z
sensor.meross_temperature_studio_m,19.804071699972223,2026-03-04T07:00:00.000Z
sensor.meross_temperature_studio_m,19.9,2026-03-04T08:00:00.000Z
sensor.meross_temperature_studio_m,19.981168555361112,2026-03-04T09:00:00.000Z
sensor.meross_temperature_studio_m,20,2026-03-04T10:00:00.000Z
sensor.meross_temperature_studio_m,20.027124030194447,2026-03-04T11:00:00.000Z
sensor.meross_temperature_studio_m,20.1,2026-03-04T12:00:00.000Z
sensor.meross_temperature_studio_m,20.117257882611113,2026-03-04T13:00:00.000Z
sensor.meross_temperature_studio_m,20.2,2026-03-04T14:00:00.000Z
sensor.meross_temperature_studio_m,20.2,2026-03-04T15:00:00.000Z
sensor.meross_temperature_studio_m,20.141127922666666,2026-03-04T17:00:00.000Z
sensor.meross_temperature_studio_m,20.08802130725,2026-03-04T18:00:00.000Z
sensor.meross_temperature_studio_m,20.06159601311111,2026-03-04T19:00:00.000Z
sensor.meross_temperature_studio_m,20.165952306972223,2026-03-04T20:00:00.000Z
sensor.meross_temperature_studio_m,20.398073346555552,2026-03-04T21:00:00.000Z
sensor.meross_temperature_studio_m,20.4,2026-03-04T22:00:00.000Z
sensor.meross_temperature_studio_m,20.304261642277776,2026-03-04T23:00:00.000Z
sensor.meross_temperature_studio_m,20.19570873763889,2026-03-05T00:00:00.000Z
sensor.meross_temperature_studio_m,20.061051346472222,2026-03-05T01:00:00.000Z
sensor.meross_temperature_studio_m,20,2026-03-05T02:00:00.000Z
sensor.meross_temperature_studio_m,19.94774419838889,2026-03-05T03:00:00.000Z
sensor.meross_temperature_studio_m,19.840677650055554,2026-03-05T04:00:00.000Z
sensor.meross_temperature_studio_m,19.508441591944443,2026-03-05T05:00:00.000Z
sensor.meross_temperature_studio_m,19.736942079833334,2026-03-05T06:00:00.000Z
sensor.meross_temperature_studio_m,19.851472561277777,2026-03-05T07:00:00.000Z
sensor.meross_temperature_studio_m,19.9,2026-03-05T08:00:00.000Z
sensor.meross_temperature_studio_m,19.9,2026-03-05T09:00:00.000Z
sensor.meross_temperature_studio_m,19.975972823305554,2026-03-05T11:00:00.000Z
sensor.meross_temperature_studio_m,20,2026-03-05T12:00:00.000Z
sensor.meross_temperature_studio_m,20,2026-03-05T13:00:00.000Z
sensor.meross_temperature_studio_m,20.016199450861112,2026-03-05T16:00:00.000Z
sensor.meross_temperature_studio_m,20.371593108583333,2026-03-05T17:00:00.000Z
sensor.meross_temperature_studio_m,20.427531804777775,2026-03-05T18:00:00.000Z
sensor.meross_temperature_studio_m,20.553844621444444,2026-03-05T19:00:00.000Z
sensor.meross_temperature_studio_m,20.57824977266667,2026-03-05T20:00:00.000Z
sensor.meross_temperature_studio_m,20.587431014055557,2026-03-05T21:00:00.000Z
sensor.meross_temperature_studio_m,20.550411616694443,2026-03-05T22:00:00.000Z
sensor.meross_temperature_studio_m,20.444300244833332,2026-03-05T23:00:00.000Z
sensor.meross_temperature_studio_m,20.335299176638888,2026-03-06T00:00:00.000Z
sensor.meross_temperature_studio_m,20.25386137241667,2026-03-06T01:00:00.000Z
sensor.meross_temperature_studio_m,20.125521398500002,2026-03-06T02:00:00.000Z
sensor.meross_temperature_studio_m,20.00274250316667,2026-03-06T03:00:00.000Z
sensor.meross_temperature_studio_m,20,2026-03-06T04:00:00.000Z
sensor.meross_temperature_studio_m,19.911469777249998,2026-03-06T05:00:00.000Z
sensor.meross_temperature_studio_m,19.9,2026-03-06T06:00:00.000Z
sensor.meross_temperature_studio_m,19.80859478397222,2026-03-06T07:00:00.000Z
sensor.meross_temperature_studio_m,19.9,2026-03-06T08:00:00.000Z
sensor.meross_temperature_studio_m,19.987829839083332,2026-03-06T09:00:00.000Z
sensor.meross_temperature_studio_m,20,2026-03-06T10:00:00.000Z
sensor.meross_temperature_studio_m,20.0877170815,2026-03-06T11:00:00.000Z
sensor.meross_temperature_studio_m,20.2,2026-03-06T12:00:00.000Z
sensor.meross_temperature_studio_m,20.1806891925,2026-03-06T13:00:00.000Z
sensor.meross_temperature_studio_m,20.141516064111112,2026-03-06T14:00:00.000Z
sensor.meross_temperature_studio_m,20.1,2026-03-06T15:00:00.000Z
sensor.meross_temperature_studio_m,20.046596799583334,2026-03-06T16:00:00.000Z
sensor.meross_temperature_studio_m,20.027737037583332,2026-03-06T17:00:00.000Z
sensor.meross_temperature_studio_m,19.952717140583335,2026-03-06T18:00:00.000Z
sensor.meross_temperature_studio_m,20.19272151561111,2026-03-06T19:00:00.000Z
sensor.meross_temperature_studio_m,20.31653972036111,2026-03-06T20:00:00.000Z
sensor.meross_temperature_studio_m,20.325875015111112,2026-03-06T21:00:00.000Z
sensor.meross_temperature_studio_m,20.563434358944445,2026-03-06T22:00:00.000Z
sensor.meross_temperature_studio_m,20.40047701097222,2026-03-06T23:00:00.000Z
sensor.meross_temperature_studio_m,20.176997871694443,2026-03-07T00:00:00.000Z
sensor.meross_temperature_studio_m,20.030885733222224,2026-03-07T01:00:00.000Z
sensor.meross_temperature_studio_m,19.987929578083335,2026-03-07T02:00:00.000Z
sensor.meross_temperature_studio_m,19.867895870277778,2026-03-07T03:00:00.000Z
sensor.meross_temperature_studio_m,19.758894440194442,2026-03-07T04:00:00.000Z
sensor.meross_temperature_studio_m,19.63883416636111,2026-03-07T05:00:00.000Z
sensor.meross_temperature_studio_m,19.6,2026-03-07T06:00:00.000Z
sensor.meross_temperature_studio_m,19.6,2026-03-07T07:00:00.000Z
sensor.meross_temperature_studio_m,19.627540782972222,2026-03-07T08:00:00.000Z
sensor.meross_temperature_studio_m,19.814443383,2026-03-07T09:00:00.000Z
sensor.meross_temperature_studio_m,20.093118665027777,2026-03-07T10:00:00.000Z
sensor.meross_temperature_studio_m,20.359269506805557,2026-03-07T11:00:00.000Z
sensor.meross_temperature_studio_m,20.594831053694445,2026-03-07T12:00:00.000Z
sensor.meross_temperature_studio_m,20.87190721361111,2026-03-07T13:00:00.000Z
sensor.meross_temperature_studio_m,20.8944698975,2026-03-07T14:00:00.000Z
sensor.meross_temperature_studio_m,20.784185057277778,2026-03-07T15:00:00.000Z
sensor.meross_temperature_studio_m,20.981239609055553,2026-03-07T16:00:00.000Z
sensor.meross_temperature_studio_m,21,2026-03-07T17:00:00.000Z
sensor.meross_temperature_studio_m,20.89181844738889,2026-03-07T18:00:00.000Z
sensor.meross_temperature_studio_m,20.535066541805556,2026-03-07T19:00:00.000Z
sensor.meross_temperature_studio_m,20.751886887083334,2026-03-07T20:00:00.000Z
sensor.meross_temperature_studio_m,20.664892481555555,2026-03-07T21:00:00.000Z
sensor.meross_temperature_studio_m,20.55036163002778,2026-03-07T22:00:00.000Z
sensor.meross_temperature_studio_m,20.43313537083333,2026-03-07T23:00:00.000Z
sensor.meross_temperature_studio_m,20.270301865277776,2026-03-08T00:00:00.000Z
sensor.meross_temperature_studio_m,20.195100712638887,2026-03-08T01:00:00.000Z
sensor.meross_temperature_studio_m,20.069539189805557,2026-03-08T02:00:00.000Z
sensor.meross_temperature_studio_m,20,2026-03-08T03:00:00.000Z
sensor.meross_temperature_studio_m,19.905241190305556,2026-03-08T04:00:00.000Z
sensor.meross_temperature_studio_m,19.8,2026-03-08T05:00:00.000Z
sensor.meross_temperature_studio_m,19.741481704444443,2026-03-08T06:00:00.000Z
sensor.meross_temperature_studio_m,19.7,2026-03-08T07:00:00.000Z
sensor.meross_temperature_studio_m,19.748954632694446,2026-03-08T08:00:00.000Z
sensor.meross_temperature_studio_m,19.92880300322222,2026-03-08T09:00:00.000Z
sensor.meross_temperature_studio_m,20.24536313475,2026-03-08T10:00:00.000Z
sensor.meross_temperature_studio_m,20.51975870002778,2026-03-08T11:00:00.000Z
sensor.meross_temperature_studio_m,20.714156463305557,2026-03-08T12:00:00.000Z
sensor.meross_temperature_studio_m,20.896534176194443,2026-03-08T13:00:00.000Z
sensor.meross_temperature_studio_m,20.972165015194445,2026-03-08T14:00:00.000Z
sensor.meross_temperature_studio_m,21.081157799694445,2026-03-08T15:00:00.000Z
sensor.meross_temperature_studio_m,21.168908884722224,2026-03-08T16:00:00.000Z
sensor.meross_temperature_studio_m,21.050612611277778,2026-03-08T17:00:00.000Z
sensor.meross_temperature_studio_m,21,2026-03-08T18:00:00.000Z
sensor.meross_temperature_studio_m,20.935805347083335,2026-03-08T19:00:00.000Z
sensor.meross_temperature_studio_m,20.870844882694445,2026-03-08T20:00:00.000Z
sensor.meross_temperature_studio_m,20.813316055972223,2026-03-08T21:00:00.000Z
sensor.meross_temperature_studio_m,20.73646543008333,2026-03-08T22:00:00.000Z
sensor.meross_temperature_studio_m,20.543841201194443,2026-03-08T23:00:00.000Z
sensor.meross_temperature_studio_m,20.42358659711111,2026-03-09T00:00:00.000Z
sensor.meross_temperature_studio_m,20.309143273416666,2026-03-09T01:00:00.000Z
sensor.meross_temperature_studio_m,20.208170400194444,2026-03-09T02:00:00.000Z
sensor.meross_temperature_studio_m,20.1,2026-03-09T03:00:00.000Z
sensor.meross_temperature_studio_m,19.969188376416668,2026-03-09T04:00:00.000Z
sensor.meross_temperature_studio_m,19.9,2026-03-09T05:00:00.000Z
sensor.meross_temperature_studio_m,19.9,2026-03-09T06:00:00.000Z
sensor.meross_temperature_studio_m,19.729181887194443,2026-03-09T07:00:00.000Z
sensor.meross_temperature_studio_m,20.068843414305558,2026-03-09T08:00:00.000Z
sensor.meross_temperature_studio_m,20.10599004402778,2026-03-09T09:00:00.000Z
sensor.meross_temperature_studio_m,20.2,2026-03-09T10:00:00.000Z
sensor.meross_temperature_studio_m,20.2,2026-03-09T11:00:00.000Z
sensor.meross_temperature_studio_m,20.27406077963889,2026-03-09T12:00:00.000Z
sensor.meross_temperature_studio_m,20.3,2026-03-09T13:00:00.000Z
sensor.meross_temperature_studio_m,20.3,2026-03-09T14:00:00.000Z
sensor.meross_temperature_studio_m,20.395194240944445,2026-03-09T15:00:00.000Z
sensor.meross_temperature_studio_m,20.4,2026-03-09T16:00:00.000Z
sensor.meross_temperature_studio_m,20.355797492194444,2026-03-09T17:00:00.000Z
sensor.meross_temperature_studio_m,20.30888524613889,2026-03-09T18:00:00.000Z
sensor.meross_temperature_studio_m,20.4,2026-03-09T19:00:00.000Z
sensor.meross_temperature_studio_m,20.401556914277776,2026-03-09T20:00:00.000Z
sensor.meross_temperature_studio_m,20.562907242611114,2026-03-09T21:00:00.000Z
sensor.meross_temperature_studio_m,20.56957401572222,2026-03-09T22:00:00.000Z
sensor.meross_temperature_studio_m,20.47499380475,2026-03-09T23:00:00.000Z
sensor.meross_temperature_studio_m,20.35226578013889,2026-03-10T00:00:00.000Z
sensor.meross_temperature_studio_m,20.226843471777777,2026-03-10T01:00:00.000Z
sensor.meross_temperature_studio_m,20.109673330333333,2026-03-10T02:00:00.000Z
sensor.meross_temperature_studio_m,20.017371530305557,2026-03-10T03:00:00.000Z
sensor.meross_temperature_studio_m,20,2026-03-10T04:00:00.000Z
sensor.meross_temperature_studio_m,19.988978750694443,2026-03-10T05:00:00.000Z
sensor.meross_temperature_studio_m,19.89724783511111,2026-03-10T06:00:00.000Z
sensor.meross_temperature_studio_m,19.833102992194444,2026-03-10T07:00:00.000Z
sensor.meross_temperature_studio_m,20.105059020861113,2026-03-10T08:00:00.000Z
sensor.meross_temperature_studio_m,20.09400568161111,2026-03-10T09:00:00.000Z
sensor.meross_temperature_studio_m,19.52147940902778,2026-03-10T10:00:00.000Z
sensor.meross_temperature_studio_m,19.02894818388889,2026-03-10T11:00:00.000Z
sensor.meross_temperature_studio_m,19.371357871805554,2026-03-10T12:00:00.000Z
sensor.meross_temperature_studio_m,19.796869760611113,2026-03-10T13:00:00.000Z
sensor.meross_temperature_studio_m,20.04390706536111,2026-03-10T14:00:00.000Z
sensor.meross_temperature_studio_m,20.1,2026-03-10T15:00:00.000Z
sensor.meross_temperature_studio_m,20.135955147972222,2026-03-10T16:00:00.000Z
sensor.meross_temperature_studio_m,20.19410603986111,2026-03-10T17:00:00.000Z
sensor.meross_temperature_studio_m,20.288301076,2026-03-10T18:00:00.000Z
sensor.meross_temperature_studio_m,20.43231410697222,2026-03-10T19:00:00.000Z
sensor.meross_temperature_studio_m,20.579214057111113,2026-03-10T20:00:00.000Z
sensor.meross_temperature_studio_m,20.66881887702778,2026-03-10T21:00:00.000Z
sensor.meross_temperature_studio_m,20.608506994472226,2026-03-10T22:00:00.000Z
sensor.meross_temperature_studio_m,20.6,2026-03-10T23:00:00.000Z
sensor.meross_temperature_studio_m,20.493709777305558,2026-03-11T00:00:00.000Z
sensor.meross_temperature_studio_m,20.372003342277775,2026-03-11T01:00:00.000Z
sensor.meross_temperature_studio_m,20.3,2026-03-11T02:00:00.000Z
sensor.meross_temperature_studio_m,20.215573944583333,2026-03-11T03:00:00.000Z
sensor.meross_temperature_studio_m,19.960065470694442,2026-03-11T04:00:00.000Z
sensor.meross_temperature_studio_m,19.977816017305553,2026-03-11T05:00:00.000Z
sensor.meross_temperature_studio_m,20.011818238638888,2026-03-11T06:00:00.000Z
sensor.meross_temperature_studio_m,20.15657966238889,2026-03-11T07:00:00.000Z
sensor.meross_temperature_studio_m,20.298617985361112,2026-03-11T08:00:00.000Z
sensor.meross_temperature_studio_m,20.332903202361113,2026-03-11T09:00:00.000Z
sensor.meross_temperature_studio_m,20.4,2026-03-11T10:00:00.000Z
sensor.meross_temperature_studio_m,20.4,2026-03-11T11:00:00.000Z
sensor.meross_temperature_studio_m,20.355683887555553,2026-03-11T14:00:00.000Z
sensor.meross_temperature_studio_m,20.211699031555558,2026-03-11T15:00:00.000Z
sensor.meross_temperature_studio_m,20.308663302916667,2026-03-11T16:00:00.000Z
sensor.meross_temperature_studio_m,20.28076811027778,2026-03-11T17:00:00.000Z
sensor.meross_temperature_studio_m,20.3,2026-03-11T18:00:00.000Z
sensor.meross_temperature_studio_m,20.272390324638888,2026-03-11T19:00:00.000Z
sensor.meross_temperature_studio_m,20.153069818555554,2026-03-11T20:00:00.000Z
sensor.meross_temperature_studio_m,20.2,2026-03-11T21:00:00.000Z
sensor.meross_temperature_studio_m,20.10426418013889,2026-03-11T22:00:00.000Z
sensor.meross_temperature_studio_m,20.058864761944445,2026-03-11T23:00:00.000Z
sensor.meross_temperature_studio_m,20,2026-03-12T00:00:00.000Z
sensor.meross_temperature_studio_m,20,2026-03-12T01:00:00.000Z
sensor.meross_temperature_studio_m,19.933972716305554,2026-03-12T02:00:00.000Z
sensor.meross_temperature_studio_m,19.88857365433333,2026-03-12T03:00:00.000Z
sensor.meross_temperature_studio_m,19.8,2026-03-12T04:00:00.000Z
sensor.meross_temperature_studio_m,19.8,2026-03-12T05:00:00.000Z
sensor.meross_temperature_studio_m,19.664260968555556,2026-03-12T07:00:00.000Z
sensor.meross_temperature_studio_m,19.942261355944442,2026-03-12T08:00:00.000Z
sensor.meross_temperature_studio_m,20.070462232583335,2026-03-12T09:00:00.000Z
sensor.meross_temperature_studio_m,20.1,2026-03-12T10:00:00.000Z
sensor.meross_temperature_studio_m,20.1,2026-03-12T11:00:00.000Z
sensor.meross_temperature_studio_m,20.11599778361111,2026-03-12T12:00:00.000Z
sensor.meross_temperature_studio_m,20.2,2026-03-12T13:00:00.000Z
sensor.meross_temperature_studio_m,20.2,2026-03-12T14:00:00.000Z
sensor.meross_temperature_studio_m,20.28681777377778,2026-03-12T15:00:00.000Z
sensor.meross_temperature_studio_m,20.23193768661111,2026-03-12T16:00:00.000Z
sensor.meross_temperature_studio_m,20.2,2026-03-12T17:00:00.000Z
sensor.meross_temperature_studio_m,20.2,2026-03-12T18:00:00.000Z
sensor.meross_temperature_studio_m,20.003617899,2026-03-12T21:00:00.000Z
sensor.meross_temperature_studio_m,20.080334578916666,2026-03-12T22:00:00.000Z
sensor.meross_temperature_studio_m,20.02241739061111,2026-03-12T23:00:00.000Z
sensor.meross_temperature_studio_m,20,2026-03-13T00:00:00.000Z
sensor.meross_temperature_studio_m,19.956847878055555,2026-03-13T01:00:00.000Z
sensor.meross_temperature_studio_m,19.881050050499997,2026-03-13T02:00:00.000Z
sensor.meross_temperature_studio_m,19.8,2026-03-13T03:00:00.000Z
sensor.meross_temperature_studio_m,19.713561203999998,2026-03-13T04:00:00.000Z
sensor.meross_temperature_studio_m,19.643376920055555,2026-03-13T05:00:00.000Z
sensor.meross_temperature_studio_m,19.642267466444444,2026-03-13T06:00:00.000Z
sensor.meross_temperature_studio_m,19.50021588963889,2026-03-13T07:00:00.000Z
sensor.meross_temperature_studio_m,19.872318002416666,2026-03-13T08:00:00.000Z
sensor.meross_temperature_studio_m,19.936806249138886,2026-03-13T09:00:00.000Z
sensor.meross_temperature_studio_m,19.941786490722222,2026-03-13T10:00:00.000Z
sensor.meross_temperature_studio_m,20.095262036305556,2026-03-13T11:00:00.000Z
sensor.meross_temperature_studio_m,20.066879656222223,2026-03-13T12:00:00.000Z
sensor.meross_temperature_studio_m,20.179864966249998,2026-03-13T13:00:00.000Z
sensor.meross_temperature_studio_m,20.22801804311111,2026-03-13T14:00:00.000Z
sensor.meross_temperature_studio_m,20.3,2026-03-13T15:00:00.000Z
sensor.meross_temperature_studio_m,20.3,2026-03-13T16:00:00.000Z
sensor.meross_temperature_studio_m,20.21491654263889,2026-03-13T17:00:00.000Z
sensor.meross_temperature_studio_m,20.2,2026-03-13T18:00:00.000Z
sensor.meross_temperature_studio_m,20.2,2026-03-13T19:00:00.000Z
sensor.meross_temperature_studio_m,20.18085680886111,2026-03-13T22:00:00.000Z
sensor.meross_temperature_studio_m,20.1,2026-03-13T23:00:00.000Z
sensor.meross_temperature_studio_m,20.049295177583335,2026-03-14T00:00:00.000Z
sensor.meross_temperature_studio_m,20,2026-03-14T01:00:00.000Z
sensor.meross_temperature_studio_m,20,2026-03-14T02:00:00.000Z
sensor.meross_temperature_studio_m,19.97978036586111,2026-03-14T03:00:00.000Z
sensor.meross_temperature_studio_m,19.9,2026-03-14T04:00:00.000Z
sensor.meross_temperature_studio_m,19.828852002361113,2026-03-14T05:00:00.000Z
sensor.meross_temperature_studio_m,19.816547858555555,2026-03-14T06:00:00.000Z
sensor.meross_temperature_studio_m,19.9,2026-03-14T07:00:00.000Z
sensor.meross_temperature_studio_m,19.71606801586111,2026-03-14T08:00:00.000Z
sensor.meross_temperature_studio_m,20.079748678250002,2026-03-14T09:00:00.000Z
sensor.meross_temperature_studio_m,20.2,2026-03-14T10:00:00.000Z
sensor.meross_temperature_studio_m,20.2,2026-03-14T11:00:00.000Z
sensor.meross_temperature_studio_m,20.288569133388886,2026-03-14T13:00:00.000Z
sensor.meross_temperature_studio_m,20.432880322888888,2026-03-14T14:00:00.000Z
sensor.meross_temperature_studio_m,20.5,2026-03-14T15:00:00.000Z
sensor.meross_temperature_studio_m,20.57944260463889,2026-03-14T16:00:00.000Z
sensor.meross_temperature_studio_m,20.591062548472223,2026-03-14T17:00:00.000Z
sensor.meross_temperature_studio_m,20.555202023583334,2026-03-14T18:00:00.000Z
sensor.meross_temperature_studio_m,20.583504265444443,2026-03-14T19:00:00.000Z
sensor.meross_temperature_studio_m,20.749523239444446,2026-03-14T20:00:00.000Z
sensor.meross_temperature_studio_m,20.869473382694444,2026-03-14T21:00:00.000Z
sensor.meross_temperature_studio_m,20.846476001,2026-03-14T22:00:00.000Z
sensor.meross_temperature_studio_m,20.723747562,2026-03-14T23:00:00.000Z
sensor.meross_temperature_studio_m,20.63052826063889,2026-03-15T00:00:00.000Z
sensor.meross_temperature_studio_m,20.554756741000002,2026-03-15T01:00:00.000Z
sensor.meross_temperature_studio_m,20.451618198083334,2026-03-15T02:00:00.000Z
sensor.meross_temperature_studio_m,20.291045013,2026-03-15T03:00:00.000Z
sensor.meross_temperature_studio_m,20.155981597527777,2026-03-15T04:00:00.000Z
sensor.meross_temperature_studio_m,20.060900667361114,2026-03-15T05:00:00.000Z
sensor.meross_temperature_studio_m,20,2026-03-15T06:00:00.000Z
sensor.meross_temperature_studio_m,19.965831345944444,2026-03-15T07:00:00.000Z
sensor.meross_temperature_studio_m,20.06807408636111,2026-03-15T08:00:00.000Z
sensor.meross_temperature_studio_m,20.264116480333332,2026-03-15T09:00:00.000Z
sensor.meross_temperature_studio_m,20.469405439666666,2026-03-15T10:00:00.000Z
sensor.meross_temperature_studio_m,20.998069107000003,2026-03-15T11:00:00.000Z
sensor.meross_temperature_studio_m,21.02584364177778,2026-03-15T12:00:00.000Z
sensor.meross_temperature_studio_m,20.99905149472222,2026-03-15T13:00:00.000Z
sensor.meross_temperature_studio_m,21.10227387488889,2026-03-15T14:00:00.000Z
sensor.meross_temperature_studio_m,21.161675380666665,2026-03-15T15:00:00.000Z
sensor.meross_temperature_studio_m,21.052614287833332,2026-03-15T16:00:00.000Z
sensor.meross_temperature_studio_m,21.088969098944446,2026-03-15T17:00:00.000Z
sensor.meross_temperature_studio_m,21.155283808,2026-03-15T18:00:00.000Z
sensor.meross_temperature_studio_m,21.08886910411111,2026-03-15T19:00:00.000Z
sensor.meross_temperature_studio_m,21.025233236777776,2026-03-15T20:00:00.000Z
sensor.meross_temperature_studio_m,21.04689459747222,2026-03-15T21:00:00.000Z
sensor.meross_temperature_studio_m,20.98853894338889,2026-03-15T22:00:00.000Z
sensor.meross_temperature_studio_m,20.863060569666665,2026-03-15T23:00:00.000Z
sensor.meross_temperature_studio_m,20.740362746416668,2026-03-16T00:00:00.000Z
sensor.meross_temperature_studio_m,20.634193996583335,2026-03-16T01:00:00.000Z
sensor.meross_temperature_studio_m,20.516996027944444,2026-03-16T02:00:00.000Z
sensor.meross_temperature_studio_m,20.416991222694445,2026-03-16T03:00:00.000Z
sensor.meross_temperature_studio_m,20.2813226195,2026-03-16T04:00:00.000Z
sensor.meross_temperature_studio_m,20.186242173166665,2026-03-16T05:00:00.000Z
sensor.meross_temperature_studio_m,20.10608733161111,2026-03-16T06:00:00.000Z
sensor.meross_temperature_studio_m,19.926710316166666,2026-03-16T07:00:00.000Z
sensor.meross_temperature_studio_m,20.268019288999998,2026-03-16T08:00:00.000Z
sensor.meross_temperature_studio_m,20.396270827527776,2026-03-16T09:00:00.000Z
sensor.meross_temperature_studio_m,20.51194283427778,2026-03-16T10:00:00.000Z
sensor.meross_temperature_studio_m,20.6,2026-03-16T11:00:00.000Z
sensor.meross_temperature_studio_m,20.69171537636111,2026-03-16T12:00:00.000Z
sensor.meross_temperature_studio_m,20.649817096916667,2026-03-16T13:00:00.000Z
sensor.meross_temperature_studio_m,20.398537051361114,2026-03-16T14:00:00.000Z
sensor.meross_temperature_studio_m,20.8,2026-03-16T15:00:00.000Z
sensor.meross_temperature_studio_m,20.79417571861111,2026-03-16T16:00:00.000Z
sensor.meross_temperature_studio_m,20.646580017194445,2026-03-16T17:00:00.000Z
sensor.meross_temperature_studio_m,20.577047693666668,2026-03-16T18:00:00.000Z
sensor.meross_temperature_studio_m,20.6,2026-03-16T19:00:00.000Z
sensor.meross_temperature_studio_m,20.6,2026-03-16T20:00:00.000Z
sensor.meross_temperature_studio_m,20.58818063388889,2026-03-16T21:00:00.000Z
sensor.meross_temperature_studio_m,20.387340436805555,2026-03-16T22:00:00.000Z
sensor.meross_temperature_studio_m,20.4,2026-03-16T23:00:00.000Z
sensor.meross_temperature_studio_m,20.327277746944443,2026-03-17T00:00:00.000Z
sensor.meross_temperature_studio_m,20.245868071777778,2026-03-17T01:00:00.000Z
sensor.meross_temperature_studio_m,20.139617744166667,2026-03-17T02:00:00.000Z
sensor.meross_temperature_studio_m,20.022308277222223,2026-03-17T03:00:00.000Z
sensor.meross_temperature_studio_m,20,2026-03-17T04:00:00.000Z
sensor.meross_temperature_studio_m,19.935564665749997,2026-03-17T05:00:00.000Z
sensor.meross_temperature_studio_m,19.9,2026-03-17T06:00:00.000Z
sensor.meross_temperature_studio_m,19.874957577805556,2026-03-17T07:00:00.000Z
sensor.meross_temperature_studio_m,20.089323508055557,2026-03-17T08:00:00.000Z
sensor.meross_temperature_studio_m,20.239894643027778,2026-03-17T09:00:00.000Z
sensor.meross_temperature_studio_m,20.31030149861111,2026-03-17T10:00:00.000Z
sensor.meross_temperature_studio_m,20.4,2026-03-17T11:00:00.000Z
sensor.meross_temperature_studio_m,20.259849138305555,2026-03-17T12:00:00.000Z
sensor.meross_temperature_studio_m,20.345243127916664,2026-03-17T13:00:00.000Z
sensor.meross_temperature_studio_m,20.551336346055557,2026-03-17T14:00:00.000Z
sensor.meross_temperature_studio_m,20.6,2026-03-17T15:00:00.000Z
sensor.meross_temperature_studio_m,20.582954115083336,2026-03-17T16:00:00.000Z
sensor.meross_temperature_studio_m,20.575671583805555,2026-03-17T17:00:00.000Z
sensor.meross_temperature_studio_m,20.6,2026-03-17T18:00:00.000Z
sensor.meross_temperature_studio_m,20.558646360083333,2026-03-17T19:00:00.000Z
sensor.meross_temperature_studio_m,20.29870281813889,2026-03-17T20:00:00.000Z
sensor.meross_temperature_studio_m,20.467795180444444,2026-03-17T21:00:00.000Z
sensor.meross_temperature_studio_m,20.29849678113889,2026-03-17T22:00:00.000Z
sensor.meross_temperature_studio_m,20.29088442813889,2026-03-17T23:00:00.000Z
sensor.meross_temperature_studio_m,20.258040954027777,2026-03-18T00:00:00.000Z
sensor.meross_temperature_studio_m,20.14906729352778,2026-03-18T01:00:00.000Z
sensor.meross_temperature_studio_m,20.064823070611112,2026-03-18T02:00:00.000Z
sensor.meross_temperature_studio_m,20,2026-03-18T03:00:00.000Z
sensor.meross_temperature_studio_m,19.985859398749998,2026-03-18T04:00:00.000Z
sensor.meross_temperature_studio_m,19.893390634305554,2026-03-18T05:00:00.000Z
sensor.meross_temperature_studio_m,19.777937922694445,2026-03-18T06:00:00.000Z
sensor.meross_temperature_studio_m,19.718364468666667,2026-03-18T07:00:00.000Z
sensor.meross_temperature_studio_m,19.974291759305554,2026-03-18T08:00:00.000Z
sensor.meross_temperature_studio_m,20.097096301277777,2026-03-18T09:00:00.000Z
sensor.meross_temperature_studio_m,20.1,2026-03-18T10:00:00.000Z
sensor.meross_temperature_studio_m,20.198595903833333,2026-03-18T11:00:00.000Z
sensor.meross_temperature_studio_m,20.260657089861112,2026-03-18T12:00:00.000Z
sensor.meross_temperature_studio_m,20.2,2026-03-18T13:00:00.000Z
sensor.meross_temperature_studio_m,20.2,2026-03-18T14:00:00.000Z
sensor.meross_temperature_studio_m,20.169314534694447,2026-03-18T16:00:00.000Z
sensor.meross_temperature_studio_m,20.1,2026-03-18T17:00:00.000Z
sensor.meross_temperature_studio_m,20.08346653966667,2026-03-18T18:00:00.000Z
sensor.meross_temperature_studio_m,20.041089916722225,2026-03-18T19:00:00.000Z
sensor.meross_temperature_studio_m,20,2026-03-18T20:00:00.000Z
sensor.meross_temperature_studio_m,20,2026-03-18T21:00:00.000Z
sensor.meross_temperature_studio_m,19.90499951936111,2026-03-18T23:00:00.000Z
sensor.meross_temperature_studio_m,19.8,2026-03-19T00:00:00.000Z
sensor.meross_temperature_studio_m,19.748183634638888,2026-03-19T01:00:00.000Z
sensor.meross_temperature_studio_m,19.658466675166668,2026-03-19T02:00:00.000Z
sensor.meross_temperature_studio_m,19.571554034055556,2026-03-19T03:00:00.000Z
sensor.meross_temperature_studio_m,19.5,2026-03-19T04:00:00.000Z
sensor.meross_temperature_studio_m,19.5,2026-03-19T05:00:00.000Z
sensor.meross_temperature_studio_m,19.43063997766667,2026-03-19T06:00:00.000Z
sensor.meross_temperature_studio_m,19.34361693011111,2026-03-19T07:00:00.000Z
sensor.meross_temperature_studio_m,19.481607077194443,2026-03-19T08:00:00.000Z
sensor.meross_temperature_studio_m,19.72441640538889,2026-03-19T09:00:00.000Z
sensor.meross_temperature_studio_m,19.87394955213889,2026-03-19T10:00:00.000Z
sensor.meross_temperature_studio_m,19.891720644499998,2026-03-19T11:00:00.000Z
sensor.meross_temperature_studio_m,19.929878519,2026-03-19T12:00:00.000Z
sensor.meross_temperature_studio_m,20.005786964916666,2026-03-19T13:00:00.000Z
sensor.meross_temperature_studio_m,20.1,2026-03-19T14:00:00.000Z
sensor.meross_temperature_studio_m,20.1,2026-03-19T15:00:00.000Z
sensor.meross_temperature_studio_m,20.17697033772222,2026-03-19T16:00:00.000Z
sensor.meross_temperature_studio_m,20.186189438444444,2026-03-19T17:00:00.000Z
sensor.meross_temperature_studio_m,20.2,2026-03-19T18:00:00.000Z
sensor.meross_temperature_studio_m,20.2,2026-03-19T19:00:00.000Z
sensor.meross_temperature_studio_m,20.203455775194445,2026-03-19T20:00:00.000Z
sensor.meross_temperature_studio_m,20.42883483013889,2026-03-19T21:00:00.000Z
sensor.meross_temperature_studio_m,20.182362344944448,2026-03-19T22:00:00.000Z
sensor.meross_temperature_studio_m,20.07494243677778,2026-03-19T23:00:00.000Z
sensor.meross_temperature_studio_m,20,2026-03-20T00:00:00.000Z
sensor.meross_temperature_studio_m,19.994300935125,2026-03-20T01:00:00.000Z
sensor.meross_temperature_studio_m,19.889922255416668,2026-03-20T02:00:00.000Z
sensor.meross_temperature_studio_m,19.8,2026-03-20T03:00:00.000Z
sensor.meross_temperature_studio_m,19.73607681963889,2026-03-20T04:00:00.000Z
sensor.meross_temperature_studio_m,19.624324683166666,2026-03-20T05:00:00.000Z
sensor.meross_temperature_studio_m,19.6,2026-03-20T06:00:00.000Z
sensor.meross_temperature_studio_m,19.542167000972224,2026-03-20T07:00:00.000Z
sensor.meross_temperature_studio_m,19.83795233711111,2026-03-20T08:00:00.000Z
sensor.meross_temperature_studio_m,19.9,2026-03-20T09:00:00.000Z
sensor.meross_temperature_studio_m,19.907344782,2026-03-20T10:00:00.000Z
sensor.meross_temperature_studio_m,19.752232866444444,2026-03-20T11:00:00.000Z
sensor.meross_temperature_studio_m,19.62484072452778,2026-03-20T12:00:00.000Z
sensor.meross_temperature_studio_m,19.738472871166667,2026-03-20T13:00:00.000Z
sensor.meross_temperature_studio_m,20.022682996,2026-03-20T14:00:00.000Z
sensor.meross_temperature_studio_m,20.139847748111112,2026-03-20T15:00:00.000Z
sensor.meross_temperature_studio_m,20.2,2026-03-20T16:00:00.000Z
sensor.meross_temperature_studio_m,20.114700226861114,2026-03-20T17:00:00.000Z
sensor.meross_temperature_studio_m,20.195718671194445,2026-03-20T18:00:00.000Z
sensor.meross_temperature_studio_m,20.2,2026-03-20T19:00:00.000Z
sensor.meross_temperature_studio_m,20.149574353694444,2026-03-20T20:00:00.000Z
sensor.meross_temperature_studio_m,20.101292038444445,2026-03-20T21:00:00.000Z
sensor.meross_temperature_studio_m,20.17908293863889,2026-03-20T22:00:00.000Z
sensor.meross_temperature_studio_m,20.040267961027777,2026-03-20T23:00:00.000Z
sensor.meross_temperature_studio_m,20,2026-03-21T00:00:00.000Z
sensor.meross_temperature_studio_m,20,2026-03-21T01:00:00.000Z
sensor.meross_temperature_studio_m,19.94738462586111,2026-03-21T02:00:00.000Z
sensor.meross_temperature_studio_m,19.860556015555556,2026-03-21T03:00:00.000Z
sensor.meross_temperature_studio_m,19.8,2026-03-21T04:00:00.000Z
sensor.meross_temperature_studio_m,19.737245786749998,2026-03-21T05:00:00.000Z
sensor.meross_temperature_studio_m,19.72397764538889,2026-03-21T06:00:00.000Z
sensor.meross_temperature_studio_m,19.89352811727778,2026-03-21T07:00:00.000Z
sensor.meross_temperature_studio_m,20.050203609055554,2026-03-21T08:00:00.000Z
sensor.meross_temperature_studio_m,20.221103022666668,2026-03-21T09:00:00.000Z
sensor.meross_temperature_studio_m,20.393793423444446,2026-03-21T10:00:00.000Z
sensor.meross_temperature_studio_m,20.555328676055556,2026-03-21T11:00:00.000Z
sensor.meross_temperature_studio_m,20.64563565925,2026-03-21T12:00:00.000Z
sensor.meross_temperature_studio_m,20.784805188777778,2026-03-21T13:00:00.000Z
sensor.meross_temperature_studio_m,20.88583536461111,2026-03-21T14:00:00.000Z
sensor.meross_temperature_studio_m,20.925843655416667,2026-03-21T15:00:00.000Z
sensor.meross_temperature_studio_m,21.1549907225,2026-03-21T16:00:00.000Z
sensor.meross_temperature_studio_m,21.175243346305553,2026-03-21T17:00:00.000Z
sensor.meross_temperature_studio_m,21.1,2026-03-21T18:00:00.000Z
sensor.meross_temperature_studio_m,21.012232368750002,2026-03-21T19:00:00.000Z
sensor.meross_temperature_studio_m,20.9984134,2026-03-21T20:00:00.000Z
sensor.meross_temperature_studio_m,21,2026-03-21T21:00:00.000Z
sensor.meross_temperature_studio_m,21,2026-03-21T22:00:00.000Z
sensor.meross_temperature_studio_m,20.845532142222222,2026-03-21T23:00:00.000Z
sensor.meross_temperature_studio_m,20.8,2026-03-22T00:00:00.000Z
sensor.meross_temperature_studio_m,20.735018748138888,2026-03-22T01:00:00.000Z
sensor.meross_temperature_studio_m,20.628879178833333,2026-03-22T02:00:00.000Z
sensor.meross_temperature_studio_m,20.514434379083333,2026-03-22T03:00:00.000Z
sensor.meross_temperature_studio_m,20.409764745249998,2026-03-22T04:00:00.000Z
sensor.meross_temperature_studio_m,20.309186496472222,2026-03-22T05:00:00.000Z
sensor.meross_temperature_studio_m,20.3,2026-03-22T06:00:00.000Z
sensor.meross_temperature_studio_m,20.222676698944444,2026-03-22T07:00:00.000Z
sensor.meross_temperature_studio_m,20.401774202194442,2026-03-22T08:00:00.000Z
sensor.meross_temperature_studio_m,20.579241316083333,2026-03-22T09:00:00.000Z
sensor.meross_temperature_studio_m,20.797024049305556,2026-03-22T10:00:00.000Z
sensor.meross_temperature_studio_m,21.057753724305556,2026-03-22T11:00:00.000Z
sensor.meross_temperature_studio_m,21.111002483083336,2026-03-22T12:00:00.000Z
sensor.meross_temperature_studio_m,21.1,2026-03-22T13:00:00.000Z
sensor.meross_temperature_studio_m,21.138408339888887,2026-03-22T14:00:00.000Z
sensor.meross_temperature_studio_m,21.143348540222224,2026-03-22T15:00:00.000Z
sensor.meross_temperature_studio_m,21.190383224555557,2026-03-22T16:00:00.000Z
sensor.meross_temperature_studio_m,21.224161069305556,2026-03-22T17:00:00.000Z
sensor.meross_temperature_studio_m,21.00683839536111,2026-03-22T18:00:00.000Z
sensor.meross_temperature_studio_m,20.9,2026-03-22T19:00:00.000Z
sensor.meross_temperature_studio_m,20.734702797027776,2026-03-22T20:00:00.000Z
sensor.meross_temperature_studio_m,20.899963081944446,2026-03-22T21:00:00.000Z
sensor.meross_temperature_studio_m,20.9,2026-03-22T22:00:00.000Z
sensor.meross_temperature_studio_m,20.848507961666666,2026-03-22T23:00:00.000Z
sensor.meross_temperature_studio_m,20.706469782416665,2026-03-23T00:00:00.000Z
sensor.meross_temperature_studio_m,20.616922050472223,2026-03-23T01:00:00.000Z
sensor.meross_temperature_studio_m,20.489551045222225,2026-03-23T02:00:00.000Z
sensor.meross_temperature_studio_m,20.380940396527777,2026-03-23T03:00:00.000Z
sensor.meross_temperature_studio_m,20.266548672583333,2026-03-23T04:00:00.000Z
sensor.meross_temperature_studio_m,20.13559702213889,2026-03-23T05:00:00.000Z
sensor.meross_temperature_studio_m,20.026571244305558,2026-03-23T06:00:00.000Z
sensor.meross_temperature_studio_m,20.209016055805556,2026-03-23T07:00:00.000Z
sensor.meross_temperature_studio_m,20.49736210027778,2026-03-23T08:00:00.000Z
sensor.meross_temperature_studio_m,20.6,2026-03-23T09:00:00.000Z
sensor.meross_temperature_studio_m,20.6882076225,2026-03-23T10:00:00.000Z
sensor.meross_temperature_studio_m,20.62493695088889,2026-03-23T11:00:00.000Z
sensor.meross_temperature_studio_m,20.650832459333333,2026-03-23T12:00:00.000Z
sensor.meross_temperature_studio_m,20.7,2026-03-23T13:00:00.000Z
sensor.meross_temperature_studio_m,20.7,2026-03-23T14:00:00.000Z
sensor.meross_temperature_studio_m,20.594394441583333,2026-03-23T18:00:00.000Z
sensor.meross_temperature_studio_m,20.6,2026-03-23T19:00:00.000Z
sensor.meross_temperature_studio_m,20.5672130045,2026-03-23T20:00:00.000Z
sensor.meross_temperature_studio_m,20.5,2026-03-23T21:00:00.000Z
sensor.meross_temperature_studio_m,20.443902823916666,2026-03-23T22:00:00.000Z
sensor.meross_temperature_studio_m,20.3486833935,2026-03-23T23:00:00.000Z
sensor.meross_temperature_studio_m,20.242432793166667,2026-03-24T00:00:00.000Z
sensor.meross_temperature_studio_m,20.138932808611113,2026-03-24T01:00:00.000Z
sensor.meross_temperature_studio_m,19.99739523336111,2026-03-24T02:00:00.000Z
sensor.meross_temperature_studio_m,19.960902274444447,2026-03-24T03:00:00.000Z
sensor.meross_temperature_studio_m,20.069191297111114,2026-03-24T04:00:00.000Z
sensor.meross_temperature_studio_m,19.928904217027778,2026-03-24T05:00:00.000Z
sensor.meross_temperature_studio_m,19.822411603583333,2026-03-24T06:00:00.000Z
sensor.meross_temperature_studio_m,19.65641796749173,2026-03-24T07:00:00.000Z
sensor.meross_temperature_studio_m,20.055655253416667,2026-03-24T08:00:00.000Z
sensor.meross_temperature_studio_m,20.186842985722222,2026-03-24T09:00:00.000Z
sensor.meross_temperature_studio_m,20.23799746925,2026-03-24T10:00:00.000Z
sensor.meross_temperature_studio_m,20.142416825805558,2026-03-24T11:00:00.000Z
sensor.meross_temperature_studio_m,20.01190414888889,2026-03-24T12:00:00.000Z
sensor.meross_temperature_studio_m,20.308886251222223,2026-03-24T13:00:00.000Z
sensor.meross_temperature_studio_m,20.48236607536111,2026-03-24T14:00:00.000Z
sensor.meross_temperature_studio_m,20.594170640055555,2026-03-24T15:00:00.000Z
sensor.meross_temperature_studio_m,20.678418078916668,2026-03-24T16:00:00.000Z
sensor.meross_temperature_studio_m,20.7,2026-03-24T17:00:00.000Z
sensor.meross_temperature_studio_m,20.64344226547222,2026-03-24T18:00:00.000Z
sensor.meross_temperature_studio_m,20.678489439583334,2026-03-24T19:00:00.000Z
sensor.meross_temperature_studio_m,20.7,2026-03-24T20:00:00.000Z
sensor.meross_temperature_studio_m,20.7,2026-03-24T21:00:00.000Z
sensor.meross_temperature_studio_m,20.660601025777776,2026-03-24T22:00:00.000Z
sensor.meross_temperature_studio_m,20.568104315611112,2026-03-24T23:00:00.000Z
sensor.meross_temperature_studio_m,20.47116216822222,2026-03-25T00:00:00.000Z
sensor.meross_temperature_studio_m,20.370413165555554,2026-03-25T01:00:00.000Z
sensor.meross_temperature_studio_m,20.27244295741667,2026-03-25T02:00:00.000Z
sensor.meross_temperature_studio_m,20.19650665911111,2026-03-25T03:00:00.000Z
sensor.meross_temperature_studio_m,20.1,2026-03-25T04:00:00.000Z
sensor.meross_temperature_studio_m,20.001237808583333,2026-03-25T05:00:00.000Z
sensor.meross_temperature_studio_m,19.998733526722223,2026-03-25T06:00:00.000Z
sensor.meross_temperature_studio_m,19.908822854833335,2026-03-25T07:00:00.000Z
sensor.meross_temperature_studio_m,20.184801318305556,2026-03-25T08:00:00.000Z
sensor.meross_temperature_studio_m,20.32799234038889,2026-03-25T09:00:00.000Z
sensor.meross_temperature_studio_m,20.4,2026-03-25T10:00:00.000Z
sensor.meross_temperature_studio_m,20.435880743277774,2026-03-25T11:00:00.000Z
sensor.meross_temperature_studio_m,20.5,2026-03-25T12:00:00.000Z
sensor.meross_temperature_studio_m,20.5,2026-03-25T13:00:00.000Z
sensor.meross_temperature_studio_m,20.557438922833335,2026-03-25T14:00:00.000Z
sensor.meross_temperature_studio_m,20.6,2026-03-25T15:00:00.000Z
sensor.meross_temperature_studio_m,20.55759627588889,2026-03-25T16:00:00.000Z
sensor.meross_temperature_studio_m,20.5,2026-03-25T17:00:00.000Z
sensor.meross_temperature_studio_m,20.418892928555554,2026-03-25T18:00:00.000Z
sensor.meross_temperature_studio_m,20.389831668499998,2026-03-25T19:00:00.000Z
sensor.meross_temperature_studio_m,20.3,2026-03-25T20:00:00.000Z
sensor.meross_temperature_studio_m,20.1875544305,2026-03-25T21:00:00.000Z
sensor.meross_temperature_studio_m,20.2,2026-03-25T22:00:00.000Z
sensor.meross_temperature_studio_m,20.141045365222222,2026-03-25T23:00:00.000Z
sensor.meross_temperature_studio_m,20.034795028416667,2026-03-26T00:00:00.000Z
sensor.meross_temperature_studio_m,19.99453693011111,2026-03-26T01:00:00.000Z
sensor.meross_temperature_studio_m,19.88556277602778,2026-03-26T02:00:00.000Z
sensor.meross_temperature_studio_m,19.8,2026-03-26T03:00:00.000Z
sensor.meross_temperature_studio_m,19.701347127000002,2026-03-26T04:00:00.000Z
sensor.meross_temperature_studio_m,19.606131823500004,2026-03-26T05:00:00.000Z
sensor.meross_temperature_studio_m,19.589840347083335,2026-03-26T06:00:00.000Z
sensor.meross_temperature_studio_m,19.59291221663889,2026-03-26T07:00:00.000Z
sensor.meross_temperature_studio_m,19.9,2026-03-26T08:00:00.000Z
sensor.meross_temperature_studio_m,19.9,2026-03-26T09:00:00.000Z
sensor.meross_temperature_studio_m,19.950856740055553,2026-03-26T10:00:00.000Z
sensor.meross_temperature_studio_m,20,2026-03-26T11:00:00.000Z
sensor.meross_temperature_studio_m,20,2026-03-26T12:00:00.000Z
sensor.meross_temperature_studio_m,19.969129571444444,2026-03-26T16:00:00.000Z
sensor.meross_temperature_studio_m,19.825446647555555,2026-03-26T17:00:00.000Z
sensor.meross_temperature_studio_m,19.93470272161111,2026-03-26T18:00:00.000Z
sensor.meross_temperature_studio_m,20,2026-03-26T19:00:00.000Z
sensor.meross_temperature_studio_m,20,2026-03-26T20:00:00.000Z
sensor.meross_temperature_studio_m,20.06839098013889,2026-03-26T21:00:00.000Z
sensor.meross_temperature_studio_m,20.132755721666665,2026-03-26T22:00:00.000Z
sensor.meross_temperature_studio_m,20.043885996444445,2026-03-26T23:00:00.000Z
sensor.meross_temperature_studio_m,20,2026-03-27T00:00:00.000Z
sensor.meross_temperature_studio_m,20,2026-03-27T01:00:00.000Z
sensor.meross_temperature_studio_m,19.978506198861112,2026-03-27T02:00:00.000Z
sensor.meross_temperature_studio_m,19.87233892211111,2026-03-27T03:00:00.000Z
sensor.meross_temperature_studio_m,19.8,2026-03-27T04:00:00.000Z
sensor.meross_temperature_studio_m,19.710383136555553,2026-03-27T05:00:00.000Z
sensor.meross_temperature_studio_m,19.7,2026-03-27T06:00:00.000Z
sensor.meross_temperature_studio_m,19.570813823166667,2026-03-27T07:00:00.000Z
sensor.meross_temperature_studio_m,19.932183160194445,2026-03-27T08:00:00.000Z
sensor.meross_temperature_studio_m,20.04693011161111,2026-03-27T09:00:00.000Z
sensor.meross_temperature_studio_m,20.008590313083335,2026-03-27T10:00:00.000Z
sensor.meross_temperature_studio_m,20.1,2026-03-27T11:00:00.000Z
sensor.meross_temperature_studio_m,20.092940865750002,2026-03-27T12:00:00.000Z
sensor.meross_temperature_studio_m,20.038038983583334,2026-03-27T13:00:00.000Z
sensor.meross_temperature_studio_m,20.229813932416665,2026-03-27T14:00:00.000Z
sensor.meross_temperature_studio_m,20.305530247277776,2026-03-27T15:00:00.000Z
sensor.meross_temperature_studio_m,20.3,2026-03-27T16:00:00.000Z
sensor.meross_temperature_studio_m,20.4236863915,2026-03-27T17:00:00.000Z
sensor.meross_temperature_studio_m,20.472485953444444,2026-03-27T18:00:00.000Z
sensor.meross_temperature_studio_m,20.66000939763889,2026-03-27T19:00:00.000Z
sensor.meross_temperature_studio_m,20.7,2026-03-27T20:00:00.000Z
sensor.meross_temperature_studio_m,20.655094848777775,2026-03-27T21:00:00.000Z
sensor.meross_temperature_studio_m,20.68298044336111,2026-03-27T22:00:00.000Z
sensor.meross_temperature_studio_m,20.59048364511111,2026-03-27T23:00:00.000Z
sensor.meross_temperature_studio_m,20.479176396305554,2026-03-28T00:00:00.000Z
sensor.meross_temperature_studio_m,20.3839019775,2026-03-28T01:00:00.000Z
sensor.meross_temperature_studio_m,20.3,2026-03-28T02:00:00.000Z
sensor.meross_temperature_studio_m,20.218996345277777,2026-03-28T03:00:00.000Z
sensor.meross_temperature_studio_m,20.14853470711111,2026-03-28T04:00:00.000Z
sensor.meross_temperature_studio_m,20.06709788280556,2026-03-28T05:00:00.000Z
sensor.meross_temperature_studio_m,19.97912786941667,2026-03-28T06:00:00.000Z
sensor.meross_temperature_studio_m,20.058378926388887,2026-03-28T07:00:00.000Z
sensor.meross_temperature_studio_m,20.268216962722224,2026-03-28T08:00:00.000Z
sensor.meross_temperature_studio_m,20.397244168888886,2026-03-28T09:00:00.000Z
sensor.meross_temperature_studio_m,20.452957670694442,2026-03-28T10:00:00.000Z
sensor.meross_temperature_studio_m,20.542676036611113,2026-03-28T11:00:00.000Z
sensor.meross_temperature_studio_m,20.602052622555558,2026-03-28T12:00:00.000Z
sensor.meross_temperature_studio_m,20.7,2026-03-28T13:00:00.000Z
sensor.meross_temperature_studio_m,20.660974157222224,2026-03-28T14:00:00.000Z
sensor.meross_temperature_studio_m,20.8,2026-03-28T15:00:00.000Z
sensor.meross_temperature_studio_m,20.765752444694446,2026-03-28T16:00:00.000Z
sensor.meross_temperature_studio_m,20.634198771333335,2026-03-28T17:00:00.000Z
sensor.meross_temperature_studio_m,20.895741635305555,2026-03-28T18:00:00.000Z
sensor.meross_temperature_studio_m,20.9,2026-03-28T19:00:00.000Z
sensor.meross_temperature_studio_m,20.981707524555556,2026-03-28T20:00:00.000Z
sensor.meross_temperature_studio_m,20.996508533388887,2026-03-28T21:00:00.000Z
sensor.meross_temperature_studio_m,21.000034842222224,2026-03-28T22:00:00.000Z
sensor.meross_temperature_studio_m,21.02026680063889,2026-03-28T23:00:00.000Z
sensor.meross_temperature_studio_m,20.981939233666665,2026-03-29T00:00:00.000Z
sensor.meross_temperature_studio_m,21,2026-03-29T01:00:00.000Z
sensor.meross_temperature_studio_m,20.956671176194444,2026-03-29T02:00:00.000Z
sensor.meross_temperature_studio_m,20.877983687305555,2026-03-29T03:00:00.000Z
sensor.meross_temperature_studio_m,20.774483979305554,2026-03-29T04:00:00.000Z
sensor.meross_temperature_studio_m,20.7,2026-03-29T05:00:00.000Z
sensor.meross_temperature_studio_m,20.7,2026-03-29T06:00:00.000Z
sensor.meross_temperature_studio_m,20.788416909194446,2026-03-29T07:00:00.000Z
sensor.meross_temperature_studio_m,20.827430688444444,2026-03-29T08:00:00.000Z
sensor.meross_temperature_studio_m,21.071684207805557,2026-03-29T09:00:00.000Z
sensor.meross_temperature_studio_m,21,2026-03-29T10:00:00.000Z
sensor.meross_temperature_studio_m,20.961529131861113,2026-03-29T11:00:00.000Z
sensor.meross_temperature_studio_m,21.14373557138889,2026-03-29T12:00:00.000Z
sensor.meross_temperature_studio_m,21.2,2026-03-29T13:00:00.000Z
sensor.meross_temperature_studio_m,21.220504333944444,2026-03-29T14:00:00.000Z
sensor.meross_temperature_studio_m,21.23512203225,2026-03-29T15:00:00.000Z
sensor.meross_temperature_studio_m,21.188411217055556,2026-03-29T16:00:00.000Z
sensor.meross_temperature_studio_m,21.332165706194445,2026-03-29T17:00:00.000Z
sensor.meross_temperature_studio_m,21.37648056852778,2026-03-29T18:00:00.000Z
sensor.meross_temperature_studio_m,21.36860505486111,2026-03-29T19:00:00.000Z
sensor.meross_temperature_studio_m,21.311869142027778,2026-03-29T20:00:00.000Z
sensor.meross_temperature_studio_m,21.3,2026-03-29T21:00:00.000Z
sensor.meross_temperature_studio_m,21.226934485805554,2026-03-29T22:00:00.000Z
sensor.meross_temperature_studio_m,21.110248669194444,2026-03-29T23:00:00.000Z
sensor.meross_temperature_studio_m,21,2026-03-30T00:00:00.000Z
sensor.meross_temperature_studio_m,20.95705782,2026-03-30T01:00:00.000Z
sensor.meross_temperature_studio_m,20.870062412638887,2026-03-30T02:00:00.000Z
sensor.meross_temperature_studio_m,20.76928608838889,2026-03-30T03:00:00.000Z
sensor.meross_temperature_studio_m,20.68495825361111,2026-03-30T04:00:00.000Z
sensor.meross_temperature_studio_m,20.618569352694447,2026-03-30T05:00:00.000Z
sensor.meross_temperature_studio_m,20.478830173166667,2026-03-30T06:00:00.000Z
sensor.meross_temperature_studio_m,20.785508887166667,2026-03-30T07:00:00.000Z
sensor.meross_temperature_studio_m,20.9,2026-03-30T08:00:00.000Z
sensor.meross_temperature_studio_m,20.9,2026-03-30T09:00:00.000Z
sensor.meross_temperature_studio_m,20.966631436,2026-03-30T11:00:00.000Z
sensor.meross_temperature_studio_m,21,2026-03-30T12:00:00.000Z
sensor.meross_temperature_studio_m,20.909039710666665,2026-03-30T13:00:00.000Z
sensor.meross_temperature_studio_m,21.03581744636111,2026-03-30T14:00:00.000Z
sensor.meross_temperature_studio_m,21,2026-03-30T15:00:00.000Z
sensor.meross_temperature_studio_m,20.96555116947222,2026-03-30T16:00:00.000Z
sensor.meross_temperature_studio_m,20.9,2026-03-30T17:00:00.000Z
sensor.meross_temperature_studio_m,20.88066078975,2026-03-30T18:00:00.000Z
sensor.meross_temperature_studio_m,20.9,2026-03-30T19:00:00.000Z
sensor.meross_temperature_studio_m,20.816885972194445,2026-03-30T20:00:00.000Z
sensor.meross_temperature_studio_m,20.7,2026-03-30T21:00:00.000Z
sensor.meross_temperature_studio_m,20.7,2026-03-30T22:00:00.000Z
sensor.meross_temperature_studio_m,20.59855976002778,2026-03-30T23:00:00.000Z
sensor.meross_temperature_studio_m,20.5,2026-03-31T00:00:00.000Z
sensor.meross_temperature_studio_m,20.48326586241667,2026-03-31T01:00:00.000Z
sensor.meross_temperature_studio_m,20.36595383786111,2026-03-31T02:00:00.000Z
sensor.meross_temperature_studio_m,20.28448877888889,2026-03-31T03:00:00.000Z
sensor.meross_temperature_studio_m,20.192047526638888,2026-03-31T04:00:00.000Z
sensor.meross_temperature_studio_m,20.136292355666665,2026-03-31T05:00:00.000Z
sensor.meross_temperature_studio_m,20.097024209361113,2026-03-31T06:00:00.000Z
sensor.meross_temperature_studio_m,20.301807588444444,2026-03-31T07:00:00.000Z
sensor.meross_temperature_studio_m,20.4,2026-03-31T08:00:00.000Z
sensor.meross_temperature_studio_m,20.677385174416667,2026-03-31T09:00:00.000Z
sensor.meross_temperature_studio_m,20.473378156749998,2026-03-31T10:00:00.000Z
sensor.meross_temperature_studio_m,20.5,2026-03-31T11:00:00.000Z
sensor.meross_temperature_studio_m,20.508805215333336,2026-03-31T12:00:00.000Z
sensor.meross_temperature_studio_m,20.6,2026-03-31T13:00:00.000Z
sensor.meross_temperature_studio_m,20.67098731336111,2026-03-31T14:00:00.000Z
sensor.meross_temperature_studio_m,20.669657462166665,2026-03-31T15:00:00.000Z
sensor.meross_temperature_studio_m,20.7,2026-03-31T16:00:00.000Z
sensor.meross_temperature_studio_m,20.7,2026-03-31T17:00:00.000Z
sensor.meross_temperature_studio_m,20.727163716916667,2026-03-31T18:00:00.000Z
sensor.meross_temperature_studio_m,20.708628630583334,2026-03-31T19:00:00.000Z
sensor.meross_temperature_studio_m,20.7,2026-03-31T20:00:00.000Z
sensor.meross_temperature_studio_m,20.7,2026-03-31T21:00:00.000Z
sensor.meross_temperature_studio_m,20.66695206238889,2026-03-31T22:00:00.000Z
sensor.meross_temperature_studio_m,20.579984361750004,2026-03-31T23:00:00.000Z
sensor.meross_temperature_studio_m,20.476873786416665,2026-04-01T00:00:00.000Z
sensor.meross_temperature_studio_m,20.367844967638888,2026-04-01T01:00:00.000Z
sensor.meross_temperature_studio_m,20.261566338833333,2026-04-01T02:00:00.000Z
sensor.meross_temperature_studio_m,20.115581574916668,2026-04-01T03:00:00.000Z
sensor.meross_temperature_studio_m,19.968123641916666,2026-04-01T04:00:00.000Z
sensor.meross_temperature_studio_m,19.959778711166667,2026-04-01T05:00:00.000Z
sensor.meross_temperature_studio_m,20.050066682833332,2026-04-01T06:00:00.000Z
sensor.meross_temperature_studio_m,20.351404230833335,2026-04-01T07:00:00.000Z
sensor.meross_temperature_studio_m,20.4,2026-04-01T08:00:00.000Z
sensor.meross_temperature_studio_m,20.474188246972222,2026-04-01T09:00:00.000Z
sensor.meross_temperature_studio_m,20.5,2026-04-01T10:00:00.000Z
sensor.meross_temperature_studio_m,20.5,2026-04-01T11:00:00.000Z
sensor.meross_temperature_studio_m,20.584800126333334,2026-04-01T12:00:00.000Z
sensor.meross_temperature_studio_m,20.636059449333334,2026-04-01T13:00:00.000Z
sensor.meross_temperature_studio_m,20.74120980161111,2026-04-01T14:00:00.000Z
sensor.meross_temperature_studio_m,20.7,2026-04-01T15:00:00.000Z
sensor.meross_temperature_studio_m,20.7,2026-04-01T16:00:00.000Z
sensor.meross_temperature_studio_m,20.74144800486111,2026-04-01T17:00:00.000Z
sensor.meross_temperature_studio_m,20.632313779444445,2026-04-01T18:00:00.000Z
sensor.meross_temperature_studio_m,20.541428009527777,2026-04-01T19:00:00.000Z
sensor.meross_temperature_studio_m,20.232681413111113,2026-04-01T20:00:00.000Z
sensor.meross_temperature_studio_m,20.4,2026-04-01T21:00:00.000Z
sensor.meross_temperature_studio_m,20.4,2026-04-01T22:00:00.000Z
sensor.meross_temperature_studio_m,20.316825341694443,2026-04-01T23:00:00.000Z
sensor.meross_temperature_studio_m,20.271425076944443,2026-04-02T00:00:00.000Z
sensor.meross_temperature_studio_m,20.17353827063889,2026-04-02T01:00:00.000Z
sensor.meross_temperature_studio_m,20.07842985427778,2026-04-02T02:00:00.000Z
sensor.meross_temperature_studio_m,20,2026-04-02T03:00:00.000Z
sensor.meross_temperature_studio_m,19.98126635508333,2026-04-02T04:00:00.000Z
sensor.meross_temperature_studio_m,19.9,2026-04-02T05:00:00.000Z
sensor.meross_temperature_studio_m,19.894666977416666,2026-04-02T06:00:00.000Z
sensor.meross_temperature_studio_m,20.049510809805557,2026-04-02T07:00:00.000Z
sensor.meross_temperature_studio_m,20.100033180194448,2026-04-02T08:00:00.000Z
sensor.meross_temperature_studio_m,20.249819279444445,2026-04-02T09:00:00.000Z
sensor.meross_temperature_studio_m,20.355958951,2026-04-02T10:00:00.000Z
sensor.meross_temperature_studio_m,20.377909977194445,2026-04-02T11:00:00.000Z
sensor.meross_temperature_studio_m,20.49557895375,2026-04-02T12:00:00.000Z
sensor.meross_temperature_studio_m,20.357819269305555,2026-04-02T13:00:00.000Z
sensor.meross_temperature_studio_m,20.52122131961111,2026-04-02T14:00:00.000Z
sensor.meross_temperature_studio_m,20.668529973027777,2026-04-02T15:00:00.000Z
sensor.meross_temperature_studio_m,20.8,2026-04-02T16:00:00.000Z
sensor.meross_temperature_studio_m,20.720483300416667,2026-04-02T17:00:00.000Z
sensor.meross_temperature_studio_m,20.795484931222223,2026-04-02T18:00:00.000Z
sensor.meross_temperature_studio_m,20.8,2026-04-02T19:00:00.000Z
sensor.meross_temperature_studio_m,20.797095866305558,2026-04-02T20:00:00.000Z
sensor.meross_temperature_studio_m,20.7,2026-04-02T21:00:00.000Z
sensor.meross_temperature_studio_m,20.7,2026-04-02T22:00:00.000Z
sensor.meross_temperature_studio_m,20.617992883555555,2026-04-02T23:00:00.000Z
sensor.meross_temperature_studio_m,20.514604618972225,2026-04-03T00:00:00.000Z
sensor.meross_temperature_studio_m,20.41327693669444,2026-04-03T01:00:00.000Z
sensor.meross_temperature_studio_m,20.30440994438889,2026-04-03T02:00:00.000Z
sensor.meross_temperature_studio_m,20.190432134138888,2026-04-03T03:00:00.000Z
sensor.meross_temperature_studio_m,20.063929946416668,2026-04-03T04:00:00.000Z
sensor.meross_temperature_studio_m,20.01459018736111,2026-04-03T05:00:00.000Z
sensor.meross_temperature_studio_m,19.990912796305555,2026-04-03T06:00:00.000Z
sensor.meross_temperature_studio_m,20.27657887311111,2026-04-03T07:00:00.000Z
sensor.meross_temperature_studio_m,20.433538849444442,2026-04-03T08:00:00.000Z
sensor.meross_temperature_studio_m,20.52633897136111,2026-04-03T09:00:00.000Z
sensor.meross_temperature_studio_m,20.57454959427778,2026-04-03T10:00:00.000Z
sensor.meross_temperature_studio_m,20.668759710361112,2026-04-03T11:00:00.000Z
sensor.meross_temperature_studio_m,20.7,2026-04-03T12:00:00.000Z
sensor.meross_temperature_studio_m,20.79801674766667,2026-04-03T13:00:00.000Z
sensor.meross_temperature_studio_m,20.84342326366667,2026-04-03T14:00:00.000Z
sensor.meross_temperature_studio_m,20.9,2026-04-03T15:00:00.000Z
sensor.meross_temperature_studio_m,20.9,2026-04-03T16:00:00.000Z
sensor.meross_temperature_studio_m,21.07718270075,2026-04-03T19:00:00.000Z
sensor.meross_temperature_studio_m,21.047220713694447,2026-04-03T20:00:00.000Z
sensor.meross_temperature_studio_m,20.838267702555555,2026-04-03T21:00:00.000Z
sensor.meross_temperature_studio_m,20.870776657194444,2026-04-03T22:00:00.000Z
sensor.meross_temperature_studio_m,20.798743549055555,2026-04-03T23:00:00.000Z
sensor.meross_temperature_studio_m,20.755145856805555,2026-04-04T00:00:00.000Z
sensor.meross_temperature_studio_m,20.651757579083334,2026-04-04T01:00:00.000Z
sensor.meross_temperature_studio_m,20.51457654327778,2026-04-04T02:00:00.000Z
sensor.meross_temperature_studio_m,20.379352015027777,2026-04-04T03:00:00.000Z
sensor.meross_temperature_studio_m,20.29802536225,2026-04-04T04:00:00.000Z
sensor.meross_temperature_studio_m,20.245902662055556,2026-04-04T05:00:00.000Z
sensor.meross_temperature_studio_m,20.32372676486111,2026-04-04T06:00:00.000Z
sensor.meross_temperature_studio_m,20.541343022750002,2026-04-04T07:00:00.000Z
sensor.meross_temperature_studio_m,20.756312227805555,2026-04-04T08:00:00.000Z
sensor.meross_temperature_studio_m,20.95417777536111,2026-04-04T09:00:00.000Z
sensor.meross_temperature_studio_m,21,2026-04-04T10:00:00.000Z
sensor.meross_temperature_studio_m,21,2026-04-04T11:00:00.000Z
sensor.meross_temperature_studio_m,21.117102805111113,2026-04-04T12:00:00.000Z
sensor.meross_temperature_studio_m,21.231306610666667,2026-04-04T13:00:00.000Z
sensor.meross_temperature_studio_m,21.280658132444447,2026-04-04T14:00:00.000Z
sensor.meross_temperature_studio_m,21.385069329111108,2026-04-04T15:00:00.000Z
sensor.meross_temperature_studio_m,21.399999999999995,2026-04-04T16:00:00.000Z
sensor.meross_temperature_studio_m,21.399999999999995,2026-04-04T17:00:00.000Z
sensor.meross_temperature_studio_m,21.351535648833334,2026-04-04T19:00:00.000Z
sensor.meross_temperature_studio_m,21.387686571166665,2026-04-04T20:00:00.000Z
sensor.meross_temperature_studio_m,21.399999999999995,2026-04-04T21:00:00.000Z
sensor.meross_temperature_studio_m,21.332438847916666,2026-04-04T22:00:00.000Z
sensor.meross_temperature_studio_m,21.251138886083332,2026-04-04T23:00:00.000Z
sensor.meross_temperature_studio_m,21.161504060083335,2026-04-05T00:00:00.000Z
sensor.meross_temperature_studio_m,21.07464824125,2026-04-05T01:00:00.000Z
sensor.meross_temperature_studio_m,21,2026-04-05T02:00:00.000Z
sensor.meross_temperature_studio_m,21,2026-04-05T03:00:00.000Z
sensor.meross_temperature_studio_m,20.915302652888887,2026-04-05T04:00:00.000Z
sensor.meross_temperature_studio_m,20.9,2026-04-05T05:00:00.000Z
sensor.meross_temperature_studio_m,20.9,2026-04-05T06:00:00.000Z
sensor.meross_temperature_studio_m,20.95974297786111,2026-04-05T09:00:00.000Z
sensor.meross_temperature_studio_m,21.092470448055558,2026-04-05T10:00:00.000Z
sensor.meross_temperature_studio_m,21.01649555911111,2026-04-05T11:00:00.000Z
sensor.meross_temperature_studio_m,21.2,2026-04-05T12:00:00.000Z
sensor.meross_temperature_studio_m,21.263931181222222,2026-04-05T13:00:00.000Z
sensor.meross_temperature_studio_m,21.258650718722222,2026-04-05T14:00:00.000Z
sensor.meross_temperature_studio_m,21.241231773166668,2026-04-05T15:00:00.000Z
sensor.meross_temperature_studio_m,21.338307497583333,2026-04-05T16:00:00.000Z
sensor.meross_temperature_studio_m,21.399999999999995,2026-04-05T17:00:00.000Z
sensor.meross_temperature_studio_m,21.399999999999995,2026-04-05T18:00:00.000Z
sensor.meross_temperature_studio_m,21.326527288972223,2026-04-06T00:00:00.000Z
sensor.meross_temperature_studio_m,21.3,2026-04-06T01:00:00.000Z
sensor.meross_temperature_studio_m,21.203101504555555,2026-04-06T02:00:00.000Z
sensor.meross_temperature_studio_m,21.1,2026-04-06T03:00:00.000Z
sensor.meross_temperature_studio_m,21.02519881383333,2026-04-06T04:00:00.000Z
sensor.meross_temperature_studio_m,21,2026-04-06T05:00:00.000Z
sensor.meross_temperature_studio_m,21,2026-04-06T06:00:00.000Z
sensor.meross_temperature_studio_m,21.001580485277778,2026-04-06T07:00:00.000Z
sensor.meross_temperature_studio_m,21.12992158766667,2026-04-06T08:00:00.000Z
sensor.meross_temperature_studio_m,21.185041440666666,2026-04-06T09:00:00.000Z
sensor.meross_temperature_studio_m,21.224635357527777,2026-04-06T10:00:00.000Z
sensor.meross_temperature_studio_m,21.439565725611107,2026-04-06T11:00:00.000Z
sensor.meross_temperature_studio_m,21.442844794583333,2026-04-06T12:00:00.000Z
sensor.meross_temperature_studio_m,21.570189394083332,2026-04-06T13:00:00.000Z
sensor.meross_temperature_studio_m,21.512675359138886,2026-04-06T14:00:00.000Z
sensor.meross_temperature_studio_m,21.620129622388887,2026-04-06T15:00:00.000Z
sensor.meross_temperature_studio_m,21.696269239722223,2026-04-06T16:00:00.000Z
sensor.meross_temperature_studio_m,21.861519589166665,2026-04-06T17:00:00.000Z
sensor.meross_temperature_studio_m,21.90960537966667,2026-04-06T18:00:00.000Z
sensor.meross_temperature_studio_m,21.899999999999995,2026-04-06T19:00:00.000Z
sensor.meross_temperature_studio_m,21.899999999999995,2026-04-06T20:00:00.000Z
sensor.meross_temperature_studio_m,21.843050829027778,2026-04-06T21:00:00.000Z
sensor.meross_temperature_studio_m,21.8,2026-04-06T22:00:00.000Z
sensor.meross_temperature_studio_m,21.711215253583333,2026-04-06T23:00:00.000Z
sensor.meross_temperature_studio_m,21.63802819861111,2026-04-07T00:00:00.000Z
sensor.meross_temperature_studio_m,21.52347109138889,2026-04-07T01:00:00.000Z
sensor.meross_temperature_studio_m,21.5,2026-04-07T02:00:00.000Z
sensor.meross_temperature_studio_m,21.465347031666667,2026-04-07T03:00:00.000Z
sensor.meross_temperature_studio_m,21.383825846194444,2026-04-07T04:00:00.000Z
sensor.meross_temperature_studio_m,21.3,2026-04-07T05:00:00.000Z
sensor.meross_temperature_studio_m,21.20794600097222,2026-04-07T06:00:00.000Z
sensor.meross_temperature_studio_m,21.232201383805556,2026-04-07T07:00:00.000Z
sensor.meross_temperature_studio_m,21.360542002916663,2026-04-07T08:00:00.000Z
sensor.meross_temperature_studio_m,21.4,2026-04-07T09:00:00.000Z
sensor.meross_temperature_studio_m,21.422028815083333,2026-04-07T10:00:00.000Z
sensor.meross_temperature_studio_m,21.58623778938889,2026-04-07T11:00:00.000Z
sensor.meross_temperature_studio_m,21.689768872416664,2026-04-07T12:00:00.000Z
sensor.meross_temperature_studio_m,21.7,2026-04-07T13:00:00.000Z
sensor.meross_temperature_studio_m,21.705853282944446,2026-04-07T14:00:00.000Z
sensor.meross_temperature_studio_m,21.8,2026-04-07T15:00:00.000Z
sensor.meross_temperature_studio_m,21.8514466675,2026-04-07T16:00:00.000Z
sensor.meross_temperature_studio_m,21.899999999999995,2026-04-07T17:00:00.000Z
sensor.meross_temperature_studio_m,21.899999999999995,2026-04-07T18:00:00.000Z
sensor.meross_temperature_studio_m,21.86122940213889,2026-04-07T21:00:00.000Z
sensor.meross_temperature_studio_m,21.8,2026-04-07T22:00:00.000Z
sensor.meross_temperature_studio_m,21.726583522527775,2026-04-07T23:00:00.000Z
sensor.meross_temperature_studio_m,21.661622281444448,2026-04-08T00:00:00.000Z
sensor.meross_temperature_studio_m,21.56640252616667,2026-04-08T01:00:00.000Z
sensor.meross_temperature_studio_m,21.5,2026-04-08T02:00:00.000Z
sensor.meross_temperature_studio_m,21.5,2026-04-08T03:00:00.000Z
sensor.meross_temperature_studio_m,21.458848911,2026-04-08T04:00:00.000Z
sensor.meross_temperature_studio_m,21.399999999999995,2026-04-08T05:00:00.000Z
sensor.meross_temperature_studio_m,21.108979602083334,2026-04-08T06:00:00.000Z
sensor.meross_temperature_studio_m,21.33556267138889,2026-04-08T07:00:00.000Z
sensor.meross_temperature_studio_m,21.399999999999995,2026-04-08T08:00:00.000Z
sensor.meross_temperature_studio_m,21.476098929388886,2026-04-08T09:00:00.000Z
sensor.meross_temperature_studio_m,21.5,2026-04-08T10:00:00.000Z
sensor.meross_temperature_studio_m,21.56381536725,2026-04-08T11:00:00.000Z
sensor.meross_temperature_studio_m,21.600000000000005,2026-04-08T12:00:00.000Z
sensor.meross_temperature_studio_m,21.670897434194444,2026-04-08T13:00:00.000Z
sensor.meross_temperature_studio_m,21.71376797088889,2026-04-08T14:00:00.000Z
sensor.meross_temperature_studio_m,21.80348505375,2026-04-08T15:00:00.000Z
sensor.meross_temperature_studio_m,21.861374112777778,2026-04-08T16:00:00.000Z
sensor.meross_temperature_studio_m,21.899999999999995,2026-04-08T17:00:00.000Z
sensor.meross_temperature_studio_m,21.899999999999995,2026-04-08T18:00:00.000Z
sensor.meross_temperature_studio_m,21.933096814666666,2026-04-08T20:00:00.000Z
sensor.meross_temperature_studio_m,22,2026-04-08T21:00:00.000Z
sensor.meross_temperature_studio_m,22,2026-04-08T22:00:00.000Z
sensor.meross_temperature_studio_m,21.953932282527777,2026-04-08T23:00:00.000Z
sensor.meross_temperature_studio_m,21.678072186444442,2026-04-09T00:00:00.000Z
sensor.meross_temperature_studio_m,21.8,2026-04-09T01:00:00.000Z
sensor.meross_temperature_studio_m,21.701725490777775,2026-04-09T02:00:00.000Z
sensor.meross_temperature_studio_m,21.628512906194445,2026-04-09T03:00:00.000Z
sensor.meross_temperature_studio_m,21.560801158333334,2026-04-09T04:00:00.000Z
sensor.meross_temperature_studio_m,21.46032551886111,2026-04-09T05:00:00.000Z
sensor.meross_temperature_studio_m,21.325496720111108,2026-04-09T06:00:00.000Z
sensor.meross_temperature_studio_m,21.399999999999995,2026-04-09T07:00:00.000Z
sensor.meross_temperature_studio_m,21.443167595416668,2026-04-09T08:00:00.000Z
sensor.meross_temperature_studio_m,21.554975455444445,2026-04-09T09:00:00.000Z
sensor.meross_temperature_studio_m,21.600000000000005,2026-04-09T10:00:00.000Z
sensor.meross_temperature_studio_m,21.56025896527778,2026-04-09T11:00:00.000Z
sensor.meross_temperature_studio_m,21.612237032444444,2026-04-09T12:00:00.000Z
sensor.meross_temperature_studio_m,21.7,2026-04-09T13:00:00.000Z
sensor.meross_temperature_studio_m,21.774669765305557,2026-04-09T14:00:00.000Z
sensor.meross_temperature_studio_m,21.81206665625,2026-04-09T15:00:00.000Z
sensor.meross_temperature_studio_m,21.899999999999995,2026-04-09T16:00:00.000Z
sensor.meross_temperature_studio_m,21.899999999999995,2026-04-09T17:00:00.000Z
sensor.meross_temperature_studio_m,21.85498658002778,2026-04-09T22:00:00.000Z
sensor.meross_temperature_studio_m,21.8,2026-04-09T23:00:00.000Z
sensor.meross_temperature_studio_m,21.71208807897222,2026-04-10T00:00:00.000Z
sensor.meross_temperature_studio_m,21.62234306763889,2026-04-10T01:00:00.000Z
sensor.meross_temperature_studio_m,21.52431645947222,2026-04-10T02:00:00.000Z
sensor.meross_temperature_studio_m,21.5,2026-04-10T03:00:00.000Z
sensor.meross_temperature_studio_m,21.486197869333335,2026-04-10T04:00:00.000Z
sensor.meross_temperature_studio_m,21.399999999999995,2026-04-10T05:00:00.000Z
sensor.meross_temperature_studio_m,21.297802253444445,2026-04-10T06:00:00.000Z
sensor.meross_temperature_studio_m,21.399999999999995,2026-04-10T07:00:00.000Z
sensor.meross_temperature_studio_m,21.399999999999995,2026-04-10T08:00:00.000Z
sensor.meross_temperature_studio_m,21.440303107194442,2026-04-10T10:00:00.000Z
sensor.meross_temperature_studio_m,21.527159417000004,2026-04-10T11:00:00.000Z
sensor.meross_temperature_studio_m,21.600000000000005,2026-04-10T12:00:00.000Z
sensor.meross_temperature_studio_m,21.600000000000005,2026-04-10T13:00:00.000Z
sensor.meross_temperature_studio_m,21.612929554611114,2026-04-10T14:00:00.000Z
sensor.meross_temperature_studio_m,21.7,2026-04-10T15:00:00.000Z
sensor.meross_temperature_studio_m,21.7,2026-04-10T16:00:00.000Z
sensor.meross_temperature_studio_m,21.664128377277777,2026-04-10T17:00:00.000Z
sensor.meross_temperature_studio_m,21.7,2026-04-10T18:00:00.000Z
sensor.meross_temperature_studio_m,21.694498276138887,2026-04-10T19:00:00.000Z
sensor.meross_temperature_studio_m,21.7,2026-04-10T20:00:00.000Z
sensor.meross_temperature_studio_m,21.7,2026-04-10T21:00:00.000Z
sensor.meross_temperature_studio_m,21.658100625166668,2026-04-10T23:00:00.000Z
sensor.meross_temperature_studio_m,21.56832695122222,2026-04-11T00:00:00.000Z
sensor.meross_temperature_studio_m,21.5,2026-04-11T01:00:00.000Z
sensor.meross_temperature_studio_m,21.484529358305554,2026-04-11T02:00:00.000Z
sensor.meross_temperature_studio_m,21.399999999999995,2026-04-11T03:00:00.000Z
sensor.meross_temperature_studio_m,21.300285940333335,2026-04-11T04:00:00.000Z
sensor.meross_temperature_studio_m,21.213321351444446,2026-04-11T05:00:00.000Z
sensor.meross_temperature_studio_m,21.2,2026-04-11T06:00:00.000Z
sensor.meross_temperature_studio_m,21.277121013166667,2026-04-11T07:00:00.000Z
sensor.meross_temperature_studio_m,21.33379981513889,2026-04-11T08:00:00.000Z
sensor.meross_temperature_studio_m,21.399999999999995,2026-04-11T09:00:00.000Z
sensor.meross_temperature_studio_m,21.399999999999995,2026-04-11T10:00:00.000Z
sensor.meross_temperature_studio_m,21.45863605,2026-04-11T12:00:00.000Z
sensor.meross_temperature_studio_m,21.44090731119444,2026-04-11T13:00:00.000Z
sensor.meross_temperature_studio_m,21.55779011425,2026-04-11T14:00:00.000Z
sensor.meross_temperature_studio_m,21.688890014611108,2026-04-11T15:00:00.000Z
sensor.meross_temperature_studio_m,21.72070517888889,2026-04-11T16:00:00.000Z
sensor.meross_temperature_studio_m,21.714435088472225,2026-04-11T17:00:00.000Z
sensor.meross_temperature_studio_m,21.77572476758333,2026-04-11T18:00:00.000Z
sensor.meross_temperature_studio_m,21.8,2026-04-11T19:00:00.000Z
sensor.meross_temperature_studio_m,21.701338319583332,2026-04-11T20:00:00.000Z
sensor.meross_temperature_studio_m,21.526696126,2026-04-11T21:00:00.000Z
sensor.meross_temperature_studio_m,21.600000000000005,2026-04-11T22:00:00.000Z
sensor.meross_temperature_studio_m,21.600000000000005,2026-04-11T23:00:00.000Z
sensor.meross_temperature_studio_m,21.49977423986111,2026-04-12T00:00:00.000Z
sensor.meross_temperature_studio_m,21.5,2026-04-12T01:00:00.000Z
sensor.meross_temperature_studio_m,21.49810789919444,2026-04-12T02:00:00.000Z
sensor.meross_temperature_studio_m,21.399999999999995,2026-04-12T03:00:00.000Z
sensor.meross_temperature_studio_m,21.39110820888889,2026-04-12T04:00:00.000Z
sensor.meross_temperature_studio_m,21.3,2026-04-12T05:00:00.000Z
sensor.meross_temperature_studio_m,21.289583098666668,2026-04-12T06:00:00.000Z
sensor.meross_temperature_studio_m,21.142008468777778,2026-04-12T07:00:00.000Z
sensor.meross_temperature_studio_m,21.3,2026-04-12T08:00:00.000Z
sensor.meross_temperature_studio_m,21.288837563222224,2026-04-12T09:00:00.000Z
sensor.meross_temperature_studio_m,21.214662735666668,2026-04-12T10:00:00.000Z
sensor.meross_temperature_studio_m,21.304380720027776,2026-04-12T11:00:00.000Z
sensor.meross_temperature_studio_m,21.297996610944445,2026-04-12T12:00:00.000Z
sensor.meross_temperature_studio_m,21.399999999999995,2026-04-12T13:00:00.000Z
sensor.meross_temperature_studio_m,21.456113619888885,2026-04-12T14:00:00.000Z
sensor.meross_temperature_studio_m,21.5,2026-04-12T15:00:00.000Z
sensor.meross_temperature_studio_m,21.5,2026-04-12T16:00:00.000Z
sensor.meross_temperature_studio_m,21.440887024444446,2026-04-12T17:00:00.000Z
sensor.meross_temperature_studio_m,21.296785338805552,2026-04-12T18:00:00.000Z
sensor.meross_temperature_studio_m,21.399999999999995,2026-04-12T19:00:00.000Z
sensor.meross_temperature_studio_m,21.399999999999995,2026-04-12T20:00:00.000Z
sensor.meross_temperature_studio_m,21.395719556722224,2026-04-12T23:00:00.000Z
sensor.meross_temperature_studio_m,21.3,2026-04-13T00:00:00.000Z
sensor.meross_temperature_studio_m,21.3,2026-04-13T01:00:00.000Z
sensor.meross_temperature_studio_m,21.22031294302778,2026-04-13T02:00:00.000Z
sensor.meross_temperature_studio_m,21.2,2026-04-13T03:00:00.000Z
sensor.meross_temperature_studio_m,21.151880764527778,2026-04-13T04:00:00.000Z
sensor.meross_temperature_studio_m,21.037488407416667,2026-04-13T05:00:00.000Z
sensor.meross_temperature_studio_m,20.93774777547222,2026-04-13T06:00:00.000Z
sensor.meross_temperature_studio_m,21.1,2026-04-13T07:00:00.000Z
sensor.meross_temperature_studio_m,21.1,2026-04-13T08:00:00.000Z
sensor.meross_temperature_studio_m,21.16272377225,2026-04-13T12:00:00.000Z
sensor.meross_temperature_studio_m,21.2,2026-04-13T13:00:00.000Z
sensor.meross_temperature_studio_m,21.2,2026-04-13T14:00:00.000Z
sensor.meross_temperature_studio_m,21.15158987408333,2026-04-13T15:00:00.000Z
sensor.meross_temperature_studio_m,21.1,2026-04-13T16:00:00.000Z
sensor.meross_temperature_studio_m,21.059070972333334,2026-04-13T17:00:00.000Z
sensor.meross_temperature_studio_m,21.17902434252778,2026-04-13T18:00:00.000Z
sensor.meross_temperature_studio_m,21.2,2026-04-13T19:00:00.000Z
sensor.meross_temperature_studio_m,21.161376764194443,2026-04-13T20:00:00.000Z
sensor.meross_temperature_studio_m,21.172995541305557,2026-04-13T21:00:00.000Z
sensor.meross_temperature_studio_m,21.161456912638887,2026-04-13T22:00:00.000Z
sensor.meross_temperature_studio_m,21.11850858977778,2026-04-13T23:00:00.000Z
sensor.meross_temperature_studio_m,21.053603142833335,2026-04-14T00:00:00.000Z
sensor.meross_temperature_studio_m,21,2026-04-14T01:00:00.000Z
sensor.meross_temperature_studio_m,21,2026-04-14T02:00:00.000Z
sensor.meross_temperature_studio_m,20.975308723833333,2026-04-14T04:00:00.000Z
sensor.meross_temperature_studio_m,20.93088610461111,2026-04-14T05:00:00.000Z
sensor.meross_temperature_studio_m,21.02318291463889,2026-04-14T06:00:00.000Z
sensor.meross_temperature_studio_m,21.1,2026-04-14T07:00:00.000Z
sensor.meross_temperature_studio_m,21.1,2026-04-14T08:00:00.000Z
sensor.meross_temperature_studio_m,21.1037983005,2026-04-14T10:00:00.000Z
sensor.meross_temperature_studio_m,21.08738215497222,2026-04-14T11:00:00.000Z
sensor.meross_temperature_studio_m,21.21132859525,2026-04-14T12:00:00.000Z
sensor.meross_temperature_studio_m,21.2,2026-04-14T13:00:00.000Z
sensor.meross_temperature_studio_m,21.254324982833335,2026-04-14T14:00:00.000Z
sensor.meross_temperature_studio_m,21.38541218322222,2026-04-14T15:00:00.000Z
sensor.meross_temperature_studio_m,21.399999999999995,2026-04-14T16:00:00.000Z
sensor.meross_temperature_studio_m,21.399999999999995,2026-04-14T17:00:00.000Z
sensor.meross_temperature_studio_m,21.392267929472222,2026-04-14T19:00:00.000Z
sensor.meross_temperature_studio_m,21.508102882694445,2026-04-14T20:00:00.000Z
sensor.meross_temperature_studio_m,21.399999999999995,2026-04-14T21:00:00.000Z
sensor.meross_temperature_studio_m,21.399311798444444,2026-04-14T22:00:00.000Z
sensor.meross_temperature_studio_m,21.3,2026-04-14T23:00:00.000Z
sensor.meross_temperature_studio_m,21.201286132,2026-04-15T00:00:00.000Z
sensor.meross_temperature_studio_m,21.147384066222223,2026-04-15T01:00:00.000Z
sensor.meross_temperature_studio_m,21.1,2026-04-15T02:00:00.000Z
sensor.meross_temperature_studio_m,21.020184523583335,2026-04-15T03:00:00.000Z
sensor.meross_temperature_studio_m,20.97430968463889,2026-04-15T04:00:00.000Z
sensor.meross_temperature_studio_m,20.819898951472222,2026-04-15T05:00:00.000Z
sensor.meross_temperature_studio_m,20.981206391194444,2026-04-15T06:00:00.000Z
sensor.meross_temperature_studio_m,21.062999586777778,2026-04-15T07:00:00.000Z
sensor.meross_temperature_studio_m,21.12784905380556,2026-04-15T08:00:00.000Z
sensor.meross_temperature_studio_m,21.2,2026-04-15T09:00:00.000Z
sensor.meross_temperature_studio_m,21.273443009166666,2026-04-15T10:00:00.000Z
sensor.meross_temperature_studio_m,21.3,2026-04-15T11:00:00.000Z
sensor.meross_temperature_studio_m,21.333567365083336,2026-04-15T12:00:00.000Z
sensor.meross_temperature_studio_m,21.399999999999995,2026-04-15T13:00:00.000Z
sensor.meross_temperature_studio_m,21.399999999999995,2026-04-15T14:00:00.000Z
sensor.meross_temperature_studio_m,21.42214082127778,2026-04-15T17:00:00.000Z
sensor.meross_temperature_studio_m,21.5,2026-04-15T18:00:00.000Z
sensor.meross_temperature_studio_m,21.5,2026-04-15T19:00:00.000Z
sensor.meross_temperature_studio_m,21.496451732583335,2026-04-15T20:00:00.000Z
sensor.meross_temperature_studio_m,21.399999999999995,2026-04-15T21:00:00.000Z
sensor.meross_temperature_studio_m,21.325961324222224,2026-04-15T22:00:00.000Z
sensor.meross_temperature_studio_m,21.3,2026-04-15T23:00:00.000Z
sensor.meross_temperature_studio_m,21.3,2026-04-16T00:00:00.000Z
sensor.meross_temperature_studio_m,21.109055021160568,2026-04-16T03:00:00.000Z
sensor.meross_temperature_studio_m,21.01557641863889,2026-04-16T04:00:00.000Z
sensor.meross_temperature_studio_m,21,2026-04-16T05:00:00.000Z
sensor.meross_temperature_studio_m,20.97337515211111,2026-04-16T06:00:00.000Z
sensor.meross_temperature_studio_m,21.036099887333332,2026-04-16T07:00:00.000Z
sensor.meross_temperature_studio_m,21.176391993166668,2026-04-16T08:00:00.000Z
sensor.meross_temperature_studio_m,21.351351245,2026-04-16T09:00:00.000Z
sensor.meross_temperature_studio_m,21.399999999999995,2026-04-16T10:00:00.000Z
sensor.meross_temperature_studio_m,21.399999999999995,2026-04-16T11:00:00.000Z
sensor.meross_temperature_studio_m,21.489935085194446,2026-04-16T13:00:00.000Z
sensor.meross_temperature_studio_m,21.53867391213889,2026-04-16T14:00:00.000Z
sensor.meross_temperature_studio_m,21.600000000000005,2026-04-16T15:00:00.000Z
sensor.meross_temperature_studio_m,21.642950340722223,2026-04-16T16:00:00.000Z
sensor.meross_temperature_studio_m,21.658630241555556,2026-04-16T17:00:00.000Z
sensor.meross_temperature_studio_m,21.761116531027778,2026-04-16T18:00:00.000Z
sensor.meross_temperature_studio_m,21.716149622944442,2026-04-16T19:00:00.000Z
sensor.meross_temperature_studio_m,21.689841953444443,2026-04-16T20:00:00.000Z
sensor.meross_temperature_studio_m,21.600000000000005,2026-04-16T21:00:00.000Z
sensor.meross_temperature_studio_m,21.530438072888888,2026-04-16T22:00:00.000Z
sensor.meross_temperature_studio_m,21.5,2026-04-16T23:00:00.000Z
sensor.meross_temperature_studio_m,21.5,2026-04-17T00:00:00.000Z
sensor.meross_temperature_studio_m,21.476566063472223,2026-04-17T01:00:00.000Z
sensor.meross_temperature_studio_m,21.399999999999995,2026-04-17T02:00:00.000Z
sensor.meross_temperature_studio_m,21.399999999999995,2026-04-17T03:00:00.000Z
sensor.meross_temperature_studio_m,21.33036197827778,2026-04-17T04:00:00.000Z
sensor.meross_temperature_studio_m,21.3,2026-04-17T05:00:00.000Z
sensor.meross_temperature_studio_m,21.3,2026-04-17T06:00:00.000Z
sensor.meross_temperature_studio_m,21.358213561833335,2026-04-17T08:00:00.000Z
sensor.meross_temperature_studio_m,21.41572755811111,2026-04-17T09:00:00.000Z
sensor.meross_temperature_studio_m,21.51083653883333,2026-04-17T10:00:00.000Z
sensor.meross_temperature_studio_m,21.603194148,2026-04-17T11:00:00.000Z
sensor.meross_temperature_studio_m,21.7,2026-04-17T12:00:00.000Z
sensor.meross_temperature_studio_m,21.827608778499997,2026-04-17T13:00:00.000Z
sensor.meross_temperature_studio_m,21.899999999999995,2026-04-17T14:00:00.000Z
sensor.meross_temperature_studio_m,21.899999999999995,2026-04-17T15:00:00.000Z
sensor.meross_temperature_studio_m,21.810516746833333,2026-04-17T22:00:00.000Z
sensor.meross_temperature_studio_m,21.792457911,2026-04-17T23:00:00.000Z
sensor.meross_temperature_studio_m,21.7,2026-04-18T00:00:00.000Z
sensor.meross_temperature_studio_m,21.7,2026-04-18T01:00:00.000Z
sensor.meross_temperature_studio_m,21.61027129038889,2026-04-18T02:00:00.000Z
sensor.meross_temperature_studio_m,21.600000000000005,2026-04-18T03:00:00.000Z
sensor.meross_temperature_studio_m,21.58082132275,2026-04-18T04:00:00.000Z
sensor.meross_temperature_studio_m,21.5,2026-04-18T05:00:00.000Z
sensor.meross_temperature_studio_m,21.5,2026-04-18T06:00:00.000Z
sensor.meross_temperature_studio_m,21.546487305499998,2026-04-18T08:00:00.000Z
sensor.meross_temperature_studio_m,21.696772037166667,2026-04-18T09:00:00.000Z
sensor.meross_temperature_studio_m,21.73036979638889,2026-04-18T10:00:00.000Z
sensor.meross_temperature_studio_m,21.812861563694444,2026-04-18T11:00:00.000Z
sensor.meross_temperature_studio_m,21.891149736444444,2026-04-18T12:00:00.000Z
sensor.meross_temperature_studio_m,21.838575055972225,2026-04-18T13:00:00.000Z
sensor.meross_temperature_studio_m,22,2026-04-18T14:00:00.000Z
sensor.meross_temperature_studio_m,22.076626660944445,2026-04-18T15:00:00.000Z
sensor.meross_temperature_studio_m,22.100000000000005,2026-04-18T16:00:00.000Z
sensor.meross_temperature_studio_m,22.10010150327778,2026-04-18T17:00:00.000Z
sensor.meross_temperature_studio_m,22.2,2026-04-18T18:00:00.000Z
sensor.meross_temperature_studio_m,22.189699929833335,2026-04-18T19:00:00.000Z
sensor.meross_temperature_studio_m,22.062770752416668,2026-04-18T20:00:00.000Z
sensor.meross_temperature_studio_m,22.100000000000005,2026-04-18T21:00:00.000Z
sensor.meross_temperature_studio_m,22.073591213638892,2026-04-18T22:00:00.000Z
sensor.meross_temperature_studio_m,22,2026-04-18T23:00:00.000Z
sensor.meross_temperature_studio_m,22,2026-04-19T00:00:00.000Z
sensor.meross_temperature_studio_m,21.904577464305557,2026-04-19T04:00:00.000Z
sensor.meross_temperature_studio_m,21.899999999999995,2026-04-19T05:00:00.000Z
sensor.meross_temperature_studio_m,21.891216344777774,2026-04-19T06:00:00.000Z
sensor.meross_temperature_studio_m,21.811901422027777,2026-04-19T07:00:00.000Z
sensor.meross_temperature_studio_m,21.899999999999995,2026-04-19T08:00:00.000Z
sensor.meross_temperature_studio_m,22.081336436972222,2026-04-19T09:00:00.000Z
sensor.meross_temperature_studio_m,22.24394311638889,2026-04-19T10:00:00.000Z
sensor.meross_temperature_studio_m,22.240368947777778,2026-04-19T11:00:00.000Z
sensor.meross_temperature_studio_m,22.297221557083333,2026-04-19T12:00:00.000Z
sensor.meross_temperature_studio_m,22.3,2026-04-19T13:00:00.000Z
sensor.meross_temperature_studio_m,22.36244526736111,2026-04-19T14:00:00.000Z
sensor.meross_temperature_studio_m,22.50758373047222,2026-04-19T15:00:00.000Z
sensor.meross_temperature_studio_m,22.5,2026-04-19T16:00:00.000Z
sensor.meross_temperature_studio_m,22.5,2026-04-19T17:00:00.000Z
sensor.meross_temperature_studio_m,22.4740347015,2026-04-19T19:00:00.000Z
sensor.meross_temperature_studio_m,22.40047319647222,2026-04-19T20:00:00.000Z
sensor.meross_temperature_studio_m,22.399999999999995,2026-04-19T21:00:00.000Z
sensor.meross_temperature_studio_m,22.377872656388888,2026-04-19T22:00:00.000Z
sensor.meross_temperature_studio_m,22.299324686444447,2026-04-19T23:00:00.000Z
sensor.meross_temperature_studio_m,22.2,2026-04-20T00:00:00.000Z
sensor.meross_temperature_studio_m,22.106944776722226,2026-04-20T01:00:00.000Z
sensor.meross_temperature_studio_m,22.06148551313889,2026-04-20T02:00:00.000Z
sensor.meross_temperature_studio_m,22,2026-04-20T03:00:00.000Z
sensor.meross_temperature_studio_m,22,2026-04-20T04:00:00.000Z
sensor.meross_temperature_studio_m,21.7132353245,2026-04-20T05:00:00.000Z
sensor.meross_temperature_studio_m,21.822666292833333,2026-04-20T06:00:00.000Z
sensor.meross_temperature_studio_m,21.899999999999995,2026-04-20T07:00:00.000Z
sensor.meross_temperature_studio_m,21.947929697777777,2026-04-20T08:00:00.000Z
sensor.meross_temperature_studio_m,22.108133139333333,2026-04-20T09:00:00.000Z
sensor.meross_temperature_studio_m,22.129983518083336,2026-04-20T10:00:00.000Z
sensor.meross_temperature_studio_m,22.10438554416667,2026-04-20T11:00:00.000Z
sensor.meross_temperature_studio_m,22.2,2026-04-20T12:00:00.000Z
sensor.meross_temperature_studio_m,22.23597505686111,2026-04-20T13:00:00.000Z
sensor.meross_temperature_studio_m,22.30716054513889,2026-04-20T14:00:00.000Z
sensor.meross_temperature_studio_m,22.399999999999995,2026-04-20T15:00:00.000Z
sensor.meross_temperature_studio_m,22.45842316111111,2026-04-20T16:00:00.000Z
sensor.meross_temperature_studio_m,22.5,2026-04-20T17:00:00.000Z
sensor.meross_temperature_studio_m,22.5,2026-04-20T18:00:00.000Z
sensor.meross_temperature_studio_m,22.416494693388888,2026-04-20T21:00:00.000Z
sensor.meross_temperature_studio_m,22.305786884083332,2026-04-20T22:00:00.000Z
sensor.meross_temperature_studio_m,22.2,2026-04-20T23:00:00.000Z
sensor.meross_temperature_studio_m,22.144559120555556,2026-04-21T00:00:00.000Z
sensor.meross_temperature_studio_m,22.057675131333337,2026-04-21T01:00:00.000Z
sensor.meross_temperature_studio_m,22,2026-04-21T02:00:00.000Z
sensor.meross_temperature_studio_m,22,2026-04-21T03:00:00.000Z
sensor.meross_temperature_studio_m,21.97779851302778,2026-04-21T06:00:00.000Z
sensor.meross_temperature_studio_m,21.899999999999995,2026-04-21T07:00:00.000Z
sensor.meross_temperature_studio_m,21.931314290944442,2026-04-21T08:00:00.000Z
sensor.meross_temperature_studio_m,22,2026-04-21T09:00:00.000Z
sensor.meross_temperature_studio_m,22.071377936027776,2026-04-21T10:00:00.000Z
sensor.meross_temperature_studio_m,21.985856678916665,2026-04-21T11:00:00.000Z
sensor.meross_temperature_studio_m,21.77363176697222,2026-04-21T12:00:00.000Z
sensor.meross_temperature_studio_m,21.769059986694444,2026-04-21T13:00:00.000Z
sensor.meross_temperature_studio_m,22.006437874305558,2026-04-21T14:00:00.000Z
sensor.meross_temperature_studio_m,22.140280317055556,2026-04-21T15:00:00.000Z
sensor.meross_temperature_studio_m,22.2,2026-04-21T16:00:00.000Z
sensor.meross_temperature_studio_m,22.2,2026-04-21T17:00:00.000Z
sensor.meross_temperature_studio_m,22.104451010250003,2026-04-21T20:00:00.000Z
sensor.meross_temperature_studio_m,22.020245116416664,2026-04-21T21:00:00.000Z
sensor.meross_temperature_studio_m,22,2026-04-21T22:00:00.000Z
sensor.meross_temperature_studio_m,21.96481398886111,2026-04-21T23:00:00.000Z
sensor.meross_temperature_studio_m,21.899999999999995,2026-04-22T00:00:00.000Z
sensor.meross_temperature_studio_m,21.835947817055555,2026-04-22T01:00:00.000Z
sensor.meross_temperature_studio_m,21.76831998072222,2026-04-22T02:00:00.000Z
sensor.meross_temperature_studio_m,21.7,2026-04-22T03:00:00.000Z
sensor.meross_temperature_studio_m,21.628728441472223,2026-04-22T04:00:00.000Z
sensor.meross_temperature_studio_m,21.600000000000005,2026-04-22T05:00:00.000Z
sensor.meross_temperature_studio_m,21.487465818,2026-04-22T06:00:00.000Z
sensor.meross_temperature_studio_m,21.586387581805557,2026-04-22T07:00:00.000Z
sensor.meross_temperature_studio_m,21.5,2026-04-22T08:00:00.000Z
sensor.meross_temperature_studio_m,21.539953347444442,2026-04-22T09:00:00.000Z
sensor.meross_temperature_studio_m,21.618668393472223,2026-04-22T10:00:00.000Z
sensor.meross_temperature_studio_m,21.7,2026-04-22T11:00:00.000Z
sensor.meross_temperature_studio_m,21.7,2026-04-22T12:00:00.000Z
sensor.meross_temperature_studio_m,21.763286228444443,2026-04-22T15:00:00.000Z
sensor.meross_temperature_studio_m,21.830914066055556,2026-04-22T16:00:00.000Z
sensor.meross_temperature_studio_m,21.899999999999995,2026-04-22T17:00:00.000Z
sensor.meross_temperature_studio_m,21.899999999999995,2026-04-22T18:00:00.000Z
sensor.meross_temperature_studio_m,21.838573978027778,2026-04-22T20:00:00.000Z
sensor.meross_temperature_studio_m,21.792058987,2026-04-22T21:00:00.000Z
sensor.meross_temperature_studio_m,21.779125250083336,2026-04-22T22:00:00.000Z
sensor.meross_temperature_studio_m,21.7,2026-04-22T23:00:00.000Z
sensor.meross_temperature_studio_m,21.625447030027782,2026-04-23T00:00:00.000Z
sensor.meross_temperature_studio_m,21.566154445250003,2026-04-23T01:00:00.000Z
sensor.meross_temperature_studio_m,21.5,2026-04-23T02:00:00.000Z
sensor.meross_temperature_studio_m,21.5,2026-04-23T03:00:00.000Z
sensor.meross_temperature_studio_m,21.481274803361114,2026-04-23T04:00:00.000Z
sensor.meross_temperature_studio_m,21.399999999999995,2026-04-23T05:00:00.000Z
sensor.meross_temperature_studio_m,21.153104433472222,2026-04-23T06:00:00.000Z
sensor.meross_temperature_studio_m,21.39907899197222,2026-04-23T07:00:00.000Z
sensor.meross_temperature_studio_m,21.399999999999995,2026-04-23T08:00:00.000Z
sensor.meross_temperature_studio_m,21.491793317805556,2026-04-23T09:00:00.000Z
sensor.meross_temperature_studio_m,21.5,2026-04-23T10:00:00.000Z
sensor.meross_temperature_studio_m,21.5,2026-04-23T11:00:00.000Z
sensor.meross_temperature_studio_m,21.561005535444448,2026-04-23T12:00:00.000Z
sensor.meross_temperature_studio_m,21.600000000000005,2026-04-23T13:00:00.000Z
sensor.meross_temperature_studio_m,21.692901087916667,2026-04-23T14:00:00.000Z
sensor.meross_temperature_studio_m,21.73853596941667,2026-04-23T15:00:00.000Z
sensor.meross_temperature_studio_m,21.731478873916668,2026-04-23T16:00:00.000Z
sensor.meross_temperature_studio_m,21.899999999999995,2026-04-23T17:00:00.000Z
sensor.meross_temperature_studio_m,21.899999999999995,2026-04-23T18:00:00.000Z
sensor.meross_temperature_studio_m,21.79233061236111,2026-04-23T20:00:00.000Z
sensor.meross_temperature_studio_m,21.88513178497222,2026-04-23T21:00:00.000Z
sensor.meross_temperature_studio_m,21.765182666111112,2026-04-23T22:00:00.000Z
sensor.meross_temperature_studio_m,21.7,2026-04-23T23:00:00.000Z
sensor.meross_temperature_studio_m,21.625285427194445,2026-04-24T00:00:00.000Z
sensor.meross_temperature_studio_m,21.541235904305555,2026-04-24T01:00:00.000Z
sensor.meross_temperature_studio_m,21.5,2026-04-24T02:00:00.000Z
sensor.meross_temperature_studio_m,21.5,2026-04-24T03:00:00.000Z
sensor.meross_temperature_studio_m,21.412204371944444,2026-04-24T04:00:00.000Z
sensor.meross_temperature_studio_m,21.319838225305556,2026-04-24T05:00:00.000Z
sensor.meross_temperature_studio_m,21.227668189027778,2026-04-24T06:00:00.000Z
sensor.meross_temperature_studio_m,21.399999999999995,2026-04-24T07:00:00.000Z
sensor.meross_temperature_studio_m,21.480954624611112,2026-04-24T08:00:00.000Z
sensor.meross_temperature_studio_m,21.542941991194443,2026-04-24T09:00:00.000Z
sensor.meross_temperature_studio_m,21.600000000000005,2026-04-24T10:00:00.000Z
sensor.meross_temperature_studio_m,21.649746804166668,2026-04-24T11:00:00.000Z
sensor.meross_temperature_studio_m,21.7,2026-04-24T12:00:00.000Z
sensor.meross_temperature_studio_m,21.7,2026-04-24T13:00:00.000Z
sensor.meross_temperature_studio_m,21.79583864327778,2026-04-24T14:00:00.000Z
sensor.meross_temperature_studio_m,21.80264367427778,2026-04-24T15:00:00.000Z
sensor.meross_temperature_studio_m,21.899999999999995,2026-04-24T16:00:00.000Z
sensor.meross_temperature_studio_m,21.874435247250002,2026-04-24T17:00:00.000Z
sensor.meross_temperature_studio_m,21.875911666944443,2026-04-24T18:00:00.000Z
sensor.meross_temperature_studio_m,21.708014045499997,2026-04-24T19:00:00.000Z
sensor.meross_temperature_studio_m,21.809211883222222,2026-04-24T20:00:00.000Z
sensor.meross_temperature_studio_m,21.899999999999995,2026-04-24T21:00:00.000Z
sensor.meross_temperature_studio_m,21.833153832222223,2026-04-24T22:00:00.000Z
sensor.meross_temperature_studio_m,21.702178233694443,2026-04-24T23:00:00.000Z
sensor.meross_temperature_studio_m,21.673278726166668,2026-04-25T00:00:00.000Z
sensor.meross_temperature_studio_m,21.56161042477778,2026-04-25T01:00:00.000Z
sensor.meross_temperature_studio_m,21.5,2026-04-25T02:00:00.000Z
sensor.meross_temperature_studio_m,21.5,2026-04-25T03:00:00.000Z
sensor.meross_temperature_studio_m,21.442139366611112,2026-04-25T06:00:00.000Z
sensor.meross_temperature_studio_m,21.426905539111107,2026-04-25T07:00:00.000Z
sensor.meross_temperature_studio_m,21.516484723333335,2026-04-25T08:00:00.000Z
sensor.meross_temperature_studio_m,21.619845299722225,2026-04-25T09:00:00.000Z
sensor.meross_temperature_studio_m,21.7,2026-04-25T10:00:00.000Z
sensor.meross_temperature_studio_m,21.715619822333334,2026-04-25T11:00:00.000Z
sensor.meross_temperature_studio_m,21.693545847222225,2026-04-25T12:00:00.000Z
sensor.meross_temperature_studio_m,21.81682861836111,2026-04-25T13:00:00.000Z
sensor.meross_temperature_studio_m,21.912614923027775,2026-04-25T14:00:00.000Z
sensor.meross_temperature_studio_m,22,2026-04-25T15:00:00.000Z
sensor.meross_temperature_studio_m,22,2026-04-25T16:00:00.000Z
sensor.meross_temperature_studio_m,22.08629716725,2026-04-25T17:00:00.000Z
sensor.meross_temperature_studio_m,22.100000000000005,2026-04-25T18:00:00.000Z
sensor.meross_temperature_studio_m,22.12208893786111,2026-04-25T19:00:00.000Z
sensor.meross_temperature_studio_m,22.177176227694446,2026-04-25T20:00:00.000Z
sensor.meross_temperature_studio_m,22.3,2026-04-25T21:00:00.000Z
sensor.meross_temperature_studio_m,22.265959939972223,2026-04-25T22:00:00.000Z
sensor.meross_temperature_studio_m,22.09293115513889,2026-04-25T23:00:00.000Z
sensor.meross_temperature_studio_m,22.100000000000005,2026-04-26T00:00:00.000Z
sensor.meross_temperature_studio_m,22.00304640522222,2026-04-26T01:00:00.000Z
sensor.meross_temperature_studio_m,22,2026-04-26T02:00:00.000Z
sensor.meross_temperature_studio_m,21.961781281472224,2026-04-26T03:00:00.000Z
sensor.meross_temperature_studio_m,21.872035453611108,2026-04-26T04:00:00.000Z
sensor.meross_temperature_studio_m,21.8,2026-04-26T05:00:00.000Z
sensor.meross_temperature_studio_m,21.8,2026-04-26T06:00:00.000Z
sensor.meross_temperature_studio_m,21.675791960277778,2026-04-26T07:00:00.000Z
sensor.meross_temperature_studio_m,21.84267468886111,2026-04-26T08:00:00.000Z
sensor.meross_temperature_studio_m,21.982996992944447,2026-04-26T09:00:00.000Z
sensor.meross_temperature_studio_m,22.04515492786111,2026-04-26T10:00:00.000Z
sensor.meross_temperature_studio_m,22.137680928250003,2026-04-26T11:00:00.000Z
sensor.meross_temperature_studio_m,22.2,2026-04-26T12:00:00.000Z
sensor.meross_temperature_studio_m,22.275076924138887,2026-04-26T13:00:00.000Z
sensor.meross_temperature_studio_m,22.369714354305554,2026-04-26T14:00:00.000Z
sensor.meross_temperature_studio_m,22.473963662055553,2026-04-26T15:00:00.000Z
sensor.meross_temperature_studio_m,22.547203874222223,2026-04-26T16:00:00.000Z
sensor.meross_temperature_studio_m,22.567288048444443,2026-04-26T17:00:00.000Z
sensor.meross_temperature_studio_m,22.554656628055557,2026-04-26T18:00:00.000Z
sensor.meross_temperature_studio_m,22.600000000000005,2026-04-26T19:00:00.000Z
sensor.meross_temperature_studio_m,22.600000000000005,2026-04-26T20:00:00.000Z
sensor.meross_temperature_studio_m,22.597012552722223,2026-04-26T21:00:00.000Z
sensor.meross_temperature_studio_m,22.493095985527777,2026-04-26T22:00:00.000Z
sensor.meross_temperature_studio_m,22.399999999999995,2026-04-26T23:00:00.000Z
sensor.meross_temperature_studio_m,22.399999999999995,2026-04-27T00:00:00.000Z
sensor.meross_temperature_studio_m,22.302810601555553,2026-04-27T01:00:00.000Z
sensor.meross_temperature_studio_m,22.240844930888887,2026-04-27T02:00:00.000Z
sensor.meross_temperature_studio_m,22.167827603194443,2026-04-27T03:00:00.000Z
sensor.meross_temperature_studio_m,22.081027856250003,2026-04-27T04:00:00.000Z
sensor.meross_temperature_studio_m,21.98205979525,2026-04-27T05:00:00.000Z
sensor.meross_temperature_studio_m,21.753200314861108,2026-04-27T06:00:00.000Z
sensor.meross_temperature_studio_m,21.97553749202778,2026-04-27T07:00:00.000Z
sensor.meross_temperature_studio_m,22.111426725944444,2026-04-27T08:00:00.000Z
sensor.meross_temperature_studio_m,22.2,2026-04-27T09:00:00.000Z
sensor.meross_temperature_studio_m,22.308461318833334,2026-04-27T10:00:00.000Z
sensor.meross_temperature_studio_m,22.399999999999995,2026-04-27T11:00:00.000Z
sensor.meross_temperature_studio_m,22.399999999999995,2026-04-27T12:00:00.000Z
sensor.meross_temperature_studio_m,22.492407969444443,2026-04-27T14:00:00.000Z
sensor.meross_temperature_studio_m,22.55439864425,2026-04-27T15:00:00.000Z
sensor.meross_temperature_studio_m,22.660509127,2026-04-27T16:00:00.000Z
sensor.meross_temperature_studio_m,22.696098498861108,2026-04-27T17:00:00.000Z
sensor.meross_temperature_studio_m,22.67734363802778,2026-04-27T18:00:00.000Z
sensor.meross_temperature_studio_m,22.8,2026-04-27T19:00:00.000Z
sensor.meross_temperature_studio_m,22.8,2026-04-27T20:00:00.000Z
sensor.meross_temperature_studio_m,22.76103319913889,2026-04-27T21:00:00.000Z
sensor.meross_temperature_studio_m,22.69230593213889,2026-04-27T22:00:00.000Z
sensor.meross_temperature_studio_m,22.637400102138887,2026-04-27T23:00:00.000Z
sensor.meross_temperature_studio_m,22.578165660527777,2026-04-28T00:00:00.000Z
sensor.meross_temperature_studio_m,22.5,2026-04-28T01:00:00.000Z
sensor.meross_temperature_studio_m,22.5,2026-04-28T02:00:00.000Z
sensor.meross_temperature_studio_m,22.40090079372222,2026-04-28T03:00:00.000Z
sensor.meross_temperature_studio_m,22.374731508194444,2026-04-28T04:00:00.000Z
sensor.meross_temperature_studio_m,22.3,2026-04-28T05:00:00.000Z
sensor.meross_temperature_studio_m,22.149392158416664,2026-04-28T06:00:00.000Z
sensor.meross_temperature_studio_m,22.348961923166666,2026-04-28T07:00:00.000Z
sensor.meross_temperature_studio_m,22.43270363913889,2026-04-28T08:00:00.000Z
sensor.meross_temperature_studio_m,22.5,2026-04-28T09:00:00.000Z
sensor.meross_temperature_studio_m,22.541828120138888,2026-04-28T10:00:00.000Z
sensor.meross_temperature_studio_m,22.76662029569444,2026-04-28T11:00:00.000Z
sensor.meross_temperature_studio_m,22.8,2026-04-28T12:00:00.000Z
sensor.meross_temperature_studio_m,22.8,2026-04-28T13:00:00.000Z
sensor.meross_temperature_studio_m,22.832878705222225,2026-04-28T14:00:00.000Z
sensor.meross_temperature_studio_m,22.899999999999995,2026-04-28T15:00:00.000Z
sensor.meross_temperature_studio_m,22.899999999999995,2026-04-28T16:00:00.000Z
sensor.meross_temperature_studio_m,22.962292219138888,2026-04-28T18:00:00.000Z
sensor.meross_temperature_studio_m,23,2026-04-28T19:00:00.000Z
sensor.meross_temperature_studio_m,22.911856320305557,2026-04-28T20:00:00.000Z
sensor.meross_temperature_studio_m,22.899999999999995,2026-04-28T21:00:00.000Z
sensor.meross_temperature_studio_m,22.899999999999995,2026-04-28T22:00:00.000Z
sensor.meross_temperature_studio_m,22.800575652333336,2026-04-29T00:00:00.000Z
sensor.meross_temperature_studio_m,22.737534515305555,2026-04-29T01:00:00.000Z
sensor.meross_temperature_studio_m,22.7,2026-04-29T02:00:00.000Z
sensor.meross_temperature_studio_m,22.601194732805556,2026-04-29T03:00:00.000Z
sensor.meross_temperature_studio_m,22.59111228366667,2026-04-29T04:00:00.000Z
sensor.meross_temperature_studio_m,22.5,2026-04-29T05:00:00.000Z
sensor.meross_temperature_studio_m,22.315366885055553,2026-04-29T06:00:00.000Z
sensor.meross_temperature_studio_m,22.590959655694444,2026-04-29T07:00:00.000Z
sensor.meross_temperature_studio_m,22.600000000000005,2026-04-29T08:00:00.000Z
sensor.meross_temperature_studio_m,22.676510239638887,2026-04-29T09:00:00.000Z
sensor.meross_temperature_studio_m,22.7,2026-04-29T10:00:00.000Z
sensor.meross_temperature_studio_m,22.827589355666664,2026-04-29T11:00:00.000Z
sensor.meross_temperature_studio_m,22.899999999999995,2026-04-29T12:00:00.000Z
sensor.meross_temperature_studio_m,22.899999999999995,2026-04-29T13:00:00.000Z
sensor.meross_temperature_studio_m,22.991391185833333,2026-04-29T16:00:00.000Z
sensor.meross_temperature_studio_m,23,2026-04-29T17:00:00.000Z
sensor.meross_temperature_studio_m,23,2026-04-29T18:00:00.000Z
sensor.meross_temperature_studio_m,22.985127454083337,2026-04-29T20:00:00.000Z
sensor.meross_temperature_studio_m,22.896150392194443,2026-04-29T21:00:00.000Z
sensor.meross_temperature_studio_m,22.899999999999995,2026-04-29T22:00:00.000Z
sensor.meross_temperature_studio_m,22.899999999999995,2026-04-29T23:00:00.000Z
sensor.meross_temperature_studio_m,22.85614102475,2026-04-30T00:00:00.000Z
sensor.meross_temperature_studio_m,22.769119846333336,2026-04-30T01:00:00.000Z
sensor.meross_temperature_studio_m,22.63661136027778,2026-04-30T02:00:00.000Z
sensor.meross_temperature_studio_m,22.577150824083333,2026-04-30T03:00:00.000Z
sensor.meross_temperature_studio_m,22.5,2026-04-30T04:00:00.000Z
sensor.meross_temperature_studio_m,22.40582487330555,2026-04-30T05:00:00.000Z
sensor.meross_temperature_studio_m,22.410952063444444,2026-04-30T06:00:00.000Z
sensor.meross_temperature_studio_m,22.458955723388886,2026-04-30T07:00:00.000Z
sensor.meross_temperature_studio_m,22.399999999999995,2026-04-30T08:00:00.000Z
sensor.meross_temperature_studio_m,22.452683065194446,2026-04-30T09:00:00.000Z
sensor.meross_temperature_studio_m,22.54242881952778,2026-04-30T10:00:00.000Z
sensor.meross_temperature_studio_m,22.600000000000005,2026-04-30T11:00:00.000Z
sensor.meross_temperature_studio_m,22.600000000000005,2026-04-30T12:00:00.000Z
sensor.meross_temperature_studio_m,22.60060762966667,2026-04-30T13:00:00.000Z
sensor.meross_temperature_studio_m,22.642094234555557,2026-04-30T14:00:00.000Z
sensor.meross_temperature_studio_m,22.68961407486111,2026-04-30T15:00:00.000Z
sensor.meross_temperature_studio_m,22.602752454833336,2026-04-30T16:00:00.000Z
sensor.meross_temperature_studio_m,22.69831203277778,2026-04-30T17:00:00.000Z
sensor.meross_temperature_studio_m,22.8,2026-04-30T18:00:00.000Z
sensor.meross_temperature_studio_m,22.8,2026-04-30T19:00:00.000Z
sensor.meross_temperature_studio_m,22.726299081222223,2026-04-30T20:00:00.000Z
sensor.meross_temperature_studio_m,22.680316508972222,2026-04-30T21:00:00.000Z
sensor.meross_temperature_studio_m,22.584161497750003,2026-04-30T22:00:00.000Z
sensor.meross_temperature_studio_m,22.600000000000005,2026-04-30T23:00:00.000Z
sensor.meross_temperature_studio_m,22.527023440833332,2026-05-01T00:00:00.000Z
sensor.meross_temperature_studio_m,22.427330498333333,2026-05-01T01:00:00.000Z
sensor.meross_temperature_studio_m,22.340125223805558,2026-05-01T02:00:00.000Z
sensor.meross_temperature_studio_m,22.236696963444444,2026-05-01T03:00:00.000Z
sensor.meross_temperature_studio_m,22.180238713138888,2026-05-01T04:00:00.000Z
sensor.meross_temperature_studio_m,22.100000000000005,2026-05-01T05:00:00.000Z
sensor.meross_temperature_studio_m,22.050147678138888,2026-05-01T06:00:00.000Z
sensor.meross_temperature_studio_m,22.097813514250003,2026-05-01T07:00:00.000Z
sensor.meross_temperature_studio_m,22.24480498405556,2026-05-01T08:00:00.000Z
sensor.meross_temperature_studio_m,22.3,2026-05-01T09:00:00.000Z
sensor.meross_temperature_studio_m,22.271221766333337,2026-05-01T10:00:00.000Z
sensor.meross_temperature_studio_m,22.058139849694445,2026-05-01T11:00:00.000Z
sensor.meross_temperature_studio_m,22.0487622835,2026-05-01T12:00:00.000Z
sensor.meross_temperature_studio_m,22.207939955694442,2026-05-01T13:00:00.000Z
sensor.meross_temperature_studio_m,22.243590533583333,2026-05-01T14:00:00.000Z
sensor.meross_temperature_studio_m,22.216980365722222,2026-05-01T15:00:00.000Z
sensor.meross_temperature_studio_m,22.385765786333334,2026-05-01T16:00:00.000Z
sensor.meross_temperature_studio_m,22.5,2026-05-01T17:00:00.000Z
sensor.meross_temperature_studio_m,22.400053131583334,2026-05-01T18:00:00.000Z
sensor.meross_temperature_studio_m,22.44176691405556,2026-05-01T19:00:00.000Z
sensor.meross_temperature_studio_m,22.600000000000005,2026-05-01T20:00:00.000Z
sensor.meross_temperature_studio_m,22.52563430622222,2026-05-01T21:00:00.000Z
sensor.meross_temperature_studio_m,22.452199156972224,2026-05-01T22:00:00.000Z
sensor.meross_temperature_studio_m,22.399999999999995,2026-05-01T23:00:00.000Z
sensor.meross_temperature_studio_m,22.33711421438889,2026-05-02T00:00:00.000Z
sensor.meross_temperature_studio_m,22.258538434555557,2026-05-02T01:00:00.000Z
sensor.meross_temperature_studio_m,22.2,2026-05-02T02:00:00.000Z
sensor.meross_temperature_studio_m,22.145870726416664,2026-05-02T03:00:00.000Z
sensor.meross_temperature_studio_m,22.07479719622222,2026-05-02T04:00:00.000Z
sensor.meross_temperature_studio_m,22,2026-05-02T05:00:00.000Z
sensor.meross_temperature_studio_m,22,2026-05-02T06:00:00.000Z
sensor.meross_temperature_studio_m,21.96804300594444,2026-05-02T07:00:00.000Z
sensor.meross_temperature_studio_m,22.16102115963889,2026-05-02T08:00:00.000Z
sensor.meross_temperature_studio_m,22.248064533444445,2026-05-02T09:00:00.000Z
sensor.meross_temperature_studio_m,22.39288146522222,2026-05-02T10:00:00.000Z
sensor.meross_temperature_studio_m,22.399999999999995,2026-05-02T11:00:00.000Z
sensor.meross_temperature_studio_m,22.46731543888889,2026-05-02T12:00:00.000Z
sensor.meross_temperature_studio_m,22.5,2026-05-02T13:00:00.000Z
sensor.meross_temperature_studio_m,22.439320701305558,2026-05-02T14:00:00.000Z
sensor.meross_temperature_studio_m,22.578091880194446,2026-05-02T15:00:00.000Z
sensor.meross_temperature_studio_m,22.681508475305552,2026-05-02T16:00:00.000Z
sensor.meross_temperature_studio_m,22.7,2026-05-02T17:00:00.000Z
sensor.meross_temperature_studio_m,22.7,2026-05-02T18:00:00.000Z
sensor.meross_temperature_studio_m,22.66640433041667,2026-05-02T23:00:00.000Z
sensor.meross_temperature_studio_m,22.596052801083335,2026-05-03T00:00:00.000Z
sensor.meross_temperature_studio_m,22.5,2026-05-03T01:00:00.000Z
sensor.meross_temperature_studio_m,22.40878044561111,2026-05-03T02:00:00.000Z
sensor.meross_temperature_studio_m,22.365937037166663,2026-05-03T03:00:00.000Z
sensor.meross_temperature_studio_m,22.259631096611113,2026-05-03T04:00:00.000Z
sensor.meross_temperature_studio_m,22.2,2026-05-03T05:00:00.000Z
sensor.meross_temperature_studio_m,22.136233425527777,2026-05-03T06:00:00.000Z
sensor.meross_temperature_studio_m,22.26834513672222,2026-05-03T07:00:00.000Z
sensor.meross_temperature_studio_m,22.440604565083333,2026-05-03T08:00:00.000Z
sensor.meross_temperature_studio_m,22.5,2026-05-03T09:00:00.000Z
sensor.meross_temperature_studio_m,22.5,2026-05-03T10:00:00.000Z
sensor.meross_temperature_studio_m,22.57925829580556,2026-05-03T11:00:00.000Z
sensor.meross_temperature_studio_m,22.656717259972222,2026-05-03T12:00:00.000Z
sensor.meross_temperature_studio_m,22.636875563111108,2026-05-03T13:00:00.000Z
sensor.meross_temperature_studio_m,22.837994566166667,2026-05-03T14:00:00.000Z
sensor.meross_temperature_studio_m,23.05437306238889,2026-05-03T15:00:00.000Z
sensor.meross_temperature_studio_m,23,2026-05-03T16:00:00.000Z
sensor.meross_temperature_studio_m,23,2026-05-03T17:00:00.000Z
sensor.meross_temperature_studio_m,22.996916904583333,2026-05-03T18:00:00.000Z
sensor.meross_temperature_studio_m,22.899999999999995,2026-05-03T19:00:00.000Z
sensor.meross_temperature_studio_m,22.89122008533333,2026-05-03T20:00:00.000Z
sensor.meross_temperature_studio_m,22.851129049833332,2026-05-03T21:00:00.000Z
sensor.meross_temperature_studio_m,22.8,2026-05-03T22:00:00.000Z
sensor.meross_temperature_studio_m,22.727179491083334,2026-05-03T23:00:00.000Z
sensor.meross_temperature_studio_m,22.630793565416667,2026-05-04T00:00:00.000Z
sensor.meross_temperature_studio_m,22.5352413415,2026-05-04T01:00:00.000Z
sensor.meross_temperature_studio_m,22.5,2026-05-04T02:00:00.000Z
sensor.meross_temperature_studio_m,22.171179964944443,2026-05-04T03:00:00.000Z
sensor.meross_temperature_studio_m,22.379940182805555,2026-05-04T04:00:00.000Z
sensor.meross_temperature_studio_m,22.3,2026-05-04T05:00:00.000Z
sensor.meross_temperature_studio_m,22.3,2026-05-04T06:00:00.000Z
sensor.meross_temperature_studio_m,22.297248750305556,2026-05-04T07:00:00.000Z
sensor.meross_temperature_studio_m,22.3,2026-05-04T08:00:00.000Z
sensor.meross_temperature_studio_m,22.337515223972222,2026-05-04T09:00:00.000Z
sensor.meross_temperature_studio_m,22.399999999999995,2026-05-04T10:00:00.000Z
sensor.meross_temperature_studio_m,22.434511647055555,2026-05-04T11:00:00.000Z
sensor.meross_temperature_studio_m,22.5,2026-05-04T12:00:00.000Z
sensor.meross_temperature_studio_m,22.5,2026-05-04T13:00:00.000Z
sensor.meross_temperature_studio_m,22.58635569613889,2026-05-04T14:00:00.000Z
sensor.meross_temperature_studio_m,22.600000000000005,2026-05-04T15:00:00.000Z
sensor.meross_temperature_studio_m,22.67462718083333,2026-05-04T16:00:00.000Z
sensor.meross_temperature_studio_m,22.7,2026-05-04T17:00:00.000Z
sensor.meross_temperature_studio_m,22.7,2026-05-04T18:00:00.000Z
sensor.meross_temperature_studio_m,22.659667890250002,2026-05-04T19:00:00.000Z
sensor.meross_temperature_studio_m,22.490204181861113,2026-05-04T20:00:00.000Z
sensor.meross_temperature_studio_m,22.625013194027776,2026-05-04T21:00:00.000Z
sensor.meross_temperature_studio_m,22.546779187500004,2026-05-04T22:00:00.000Z
sensor.meross_temperature_studio_m,22.5,2026-05-04T23:00:00.000Z
sensor.meross_temperature_studio_m,22.496518590611114,2026-05-05T00:00:00.000Z
sensor.meross_temperature_studio_m,22.399999999999995,2026-05-05T01:00:00.000Z
sensor.meross_temperature_studio_m,22.399999999999995,2026-05-05T02:00:00.000Z
sensor.meross_temperature_studio_m,22.32886439747222,2026-05-05T03:00:00.000Z
sensor.meross_temperature_studio_m,22.3,2026-05-05T04:00:00.000Z
sensor.meross_temperature_studio_m,22.29902776925,2026-05-05T05:00:00.000Z
sensor.meross_temperature_studio_m,22.2,2026-05-05T06:00:00.000Z
sensor.meross_temperature_studio_m,22.2,2026-05-05T07:00:00.000Z
sensor.meross_temperature_studio_m,22.202847981833333,2026-05-05T11:00:00.000Z
sensor.meross_temperature_studio_m,22.13008091055556,2026-05-05T12:00:00.000Z
sensor.meross_temperature_studio_m,21.700403709333333,2026-05-05T13:00:00.000Z
sensor.meross_temperature_studio_m,21.7,2026-05-05T14:00:00.000Z
sensor.meross_temperature_studio_m,21.947102976805553,2026-05-05T15:00:00.000Z
sensor.meross_temperature_studio_m,22.25896523147222,2026-05-05T16:00:00.000Z
sensor.meross_temperature_studio_m,22.244819265361112,2026-05-05T17:00:00.000Z
sensor.meross_temperature_studio_m,22.3,2026-05-05T18:00:00.000Z
sensor.meross_temperature_studio_m,22.236127587194446,2026-05-05T19:00:00.000Z
sensor.meross_temperature_studio_m,22.23608918075,2026-05-05T20:00:00.000Z
sensor.meross_temperature_studio_m,22.2,2026-05-05T21:00:00.000Z
sensor.meross_temperature_studio_m,22.126100049111113,2026-05-05T22:00:00.000Z
sensor.meross_temperature_studio_m,22.100000000000005,2026-05-05T23:00:00.000Z
sensor.meross_temperature_studio_m,22.0303279935,2026-05-06T00:00:00.000Z
sensor.meross_temperature_studio_m,22,2026-05-06T01:00:00.000Z
sensor.meross_temperature_studio_m,22,2026-05-06T02:00:00.000Z
sensor.meross_temperature_studio_m,21.953648345333335,2026-05-06T04:00:00.000Z
sensor.meross_temperature_studio_m,21.899999999999995,2026-05-06T05:00:00.000Z
sensor.meross_temperature_studio_m,21.899999999999995,2026-05-06T06:00:00.000Z
sensor.meross_temperature_studio_m,21.92149874922222,2026-05-06T10:00:00.000Z
sensor.meross_temperature_studio_m,22.005519452388892,2026-05-06T11:00:00.000Z
sensor.meross_temperature_studio_m,22.01104050113889,2026-05-06T12:00:00.000Z
sensor.meross_temperature_studio_m,22,2026-05-06T13:00:00.000Z
sensor.meross_temperature_studio_m,22,2026-05-06T14:00:00.000Z
sensor.meross_temperature_studio_m,22.07452202102778,2026-05-06T16:00:00.000Z
sensor.meross_temperature_studio_m,22.022086892027776,2026-05-06T17:00:00.000Z
sensor.meross_temperature_studio_m,22,2026-05-06T18:00:00.000Z
sensor.meross_temperature_studio_m,22,2026-05-06T19:00:00.000Z
sensor.meross_temperature_studio_m,21.98268883802778,2026-05-06T21:00:00.000Z
sensor.meross_temperature_studio_m,21.77995988025,2026-05-06T22:00:00.000Z
sensor.meross_temperature_studio_m,21.8,2026-05-06T23:00:00.000Z
sensor.meross_temperature_studio_m,21.8,2026-05-07T00:00:00.000Z
sensor.meross_temperature_studio_m,21.716734446944443,2026-05-07T01:00:00.000Z
sensor.meross_temperature_studio_m,21.687865199555556,2026-05-07T02:00:00.000Z
sensor.meross_temperature_studio_m,21.600000000000005,2026-05-07T03:00:00.000Z
sensor.meross_temperature_studio_m,21.514791083277775,2026-05-07T04:00:00.000Z
sensor.meross_temperature_studio_m,21.46015457,2026-05-07T05:00:00.000Z
sensor.meross_temperature_studio_m,21.38243614325,2026-05-07T06:00:00.000Z
sensor.meross_temperature_studio_m,21.488135494,2026-05-07T07:00:00.000Z
sensor.meross_temperature_studio_m,21.5,2026-05-07T08:00:00.000Z
sensor.meross_temperature_studio_m,21.579923089666668,2026-05-07T09:00:00.000Z
sensor.meross_temperature_studio_m,21.770955656416664,2026-05-07T10:00:00.000Z
sensor.meross_temperature_studio_m,21.697395449433333,2026-05-07T11:00:00.000Z
sensor.meross_temperature_studio_m,21.9,2026-05-07T17:00:00.000Z
sensor.meross_temperature_studio_m,21.991666666666664,2026-05-07T18:00:00.000Z
sensor.meross_temperature_studio_m,21.84759584591667,2026-05-07T19:00:00.000Z
sensor.meross_temperature_studio_m,21.97624718952778,2026-05-07T20:00:00.000Z
sensor.meross_temperature_studio_m,21.95634791266667,2026-05-07T21:00:00.000Z
sensor.meross_temperature_studio_m,21.899999999999995,2026-05-07T22:00:00.000Z
sensor.meross_temperature_studio_m,21.899999999999995,2026-05-07T23:00:00.000Z
sensor.meross_temperature_studio_m,21.832398832055556,2026-05-08T00:00:00.000Z
sensor.meross_temperature_studio_m,21.78808214802778,2026-05-08T01:00:00.000Z
sensor.meross_temperature_studio_m,21.7,2026-05-08T02:00:00.000Z
sensor.meross_temperature_studio_m,21.664772359666667,2026-05-08T03:00:00.000Z
sensor.meross_temperature_studio_m,21.600000000000005,2026-05-08T04:00:00.000Z
sensor.meross_temperature_studio_m,21.508231335166666,2026-05-08T05:00:00.000Z
sensor.meross_temperature_studio_m,21.455846071361112,2026-05-08T06:00:00.000Z
sensor.meross_temperature_studio_m,21.600000000000005,2026-05-08T07:00:00.000Z
sensor.meross_temperature_studio_m,21.624050983500002,2026-05-08T08:00:00.000Z
sensor.meross_temperature_studio_m,21.7,2026-05-08T09:00:00.000Z
sensor.meross_temperature_studio_m,21.777923095250003,2026-05-08T10:00:00.000Z
sensor.meross_temperature_studio_m,21.881508508777774,2026-05-08T11:00:00.000Z
sensor.meross_temperature_studio_m,21.901620763,2026-05-08T12:00:00.000Z
sensor.meross_temperature_studio_m,22,2026-05-08T13:00:00.000Z
sensor.meross_temperature_studio_m,22,2026-05-08T14:00:00.000Z
sensor.meross_temperature_studio_m,21.987941028861112,2026-05-08T15:00:00.000Z
sensor.meross_temperature_studio_m,22.055074642416667,2026-05-08T16:00:00.000Z
sensor.meross_temperature_studio_m,22.088940970083332,2026-05-08T17:00:00.000Z
sensor.meross_temperature_studio_m,22.100000000000005,2026-05-08T18:00:00.000Z
sensor.meross_temperature_studio_m,22.075000000000003,2026-05-08T19:00:00.000Z
sensor.meross_temperature_studio_m,22.077692115416667,2026-05-08T20:00:00.000Z
sensor.meross_temperature_studio_m,22.043591785805557,2026-05-08T21:00:00.000Z
sensor.meross_temperature_studio_m,22,2026-05-08T22:00:00.000Z
sensor.meross_temperature_studio_m,22,2026-05-08T23:00:00.000Z
sensor.meross_temperature_studio_m,21.948791006333334,2026-05-09T00:00:00.000Z
sensor.meross_temperature_studio_m,21.864546499805556,2026-05-09T01:00:00.000Z
sensor.meross_temperature_studio_m,21.8,2026-05-09T02:00:00.000Z
sensor.meross_temperature_studio_m,21.704809204472223,2026-05-09T03:00:00.000Z
sensor.meross_temperature_studio_m,21.670190322944446,2026-05-09T04:00:00.000Z
sensor.meross_temperature_studio_m,21.600000000000005,2026-05-09T05:00:00.000Z
sensor.meross_temperature_studio_m,21.516288242138888,2026-05-09T06:00:00.000Z
sensor.meross_temperature_studio_m,21.462504422027777,2026-05-09T07:00:00.000Z
sensor.meross_temperature_studio_m,21.742284655694444,2026-05-09T08:00:00.000Z
sensor.meross_temperature_studio_m,21.978106550611113,2026-05-09T09:00:00.000Z
sensor.meross_temperature_studio_m,22,2026-05-09T10:00:00.000Z
sensor.meross_temperature_studio_m,22.030323220444444,2026-05-09T11:00:00.000Z
sensor.meross_temperature_studio_m,22.100000000000005,2026-05-09T12:00:00.000Z
sensor.meross_temperature_studio_m,22.165120654333336,2026-05-09T13:00:00.000Z
sensor.meross_temperature_studio_m,22.418338613444444,2026-05-09T14:00:00.000Z
sensor.meross_temperature_studio_m,22.23462588433333,2026-05-09T15:00:00.000Z
sensor.meross_temperature_studio_m,22.439514045194443,2026-05-09T16:00:00.000Z
sensor.meross_temperature_studio_m,22.5,2026-05-09T17:00:00.000Z
sensor.meross_temperature_studio_m,22.467462609222224,2026-05-09T18:00:00.000Z
sensor.meross_temperature_studio_m,22.399999999999995,2026-05-09T19:00:00.000Z
sensor.meross_temperature_studio_m,22.34387478863889,2026-05-09T20:00:00.000Z
sensor.meross_temperature_studio_m,22.281719974305556,2026-05-09T21:00:00.000Z
sensor.meross_temperature_studio_m,22.2,2026-05-09T22:00:00.000Z
sensor.meross_temperature_studio_m,22.090025232416668,2026-05-09T23:00:00.000Z
sensor.meross_temperature_studio_m,22.100000000000005,2026-05-10T00:00:00.000Z
sensor.meross_temperature_studio_m,22.100000000000005,2026-05-10T01:00:00.000Z
sensor.meross_temperature_studio_m,22.006953963833336,2026-05-10T02:00:00.000Z
sensor.meross_temperature_studio_m,22,2026-05-10T03:00:00.000Z
sensor.meross_temperature_studio_m,22,2026-05-10T04:00:00.000Z
sensor.meross_temperature_studio_m,21.979201079083335,2026-05-10T07:00:00.000Z
sensor.meross_temperature_studio_m,21.87246291697222,2026-05-10T08:00:00.000Z
sensor.meross_temperature_studio_m,21.979702537722222,2026-05-10T09:00:00.000Z
sensor.meross_temperature_studio_m,22,2026-05-10T10:00:00.000Z
sensor.meross_temperature_studio_m,22,2026-05-10T11:00:00.000Z
sensor.meross_temperature_studio_m,22.049023749472223,2026-05-10T16:00:00.000Z
sensor.meross_temperature_studio_m,22.064008858277777,2026-05-10T17:00:00.000Z
sensor.meross_temperature_studio_m,22,2026-05-10T18:00:00.000Z
sensor.meross_temperature_studio_m,22,2026-05-10T19:00:00.000Z
sensor.meross_temperature_studio_m,21.929230205166665,2026-05-10T22:00:00.000Z
sensor.meross_temperature_studio_m,21.899999999999995,2026-05-10T23:00:00.000Z
sensor.meross_temperature_studio_m,21.800460924027778,2026-05-11T00:00:00.000Z
sensor.meross_temperature_studio_m,21.8,2026-05-11T01:00:00.000Z
sensor.meross_temperature_studio_m,21.709729557444444,2026-05-11T02:00:00.000Z
sensor.meross_temperature_studio_m,21.7,2026-05-11T03:00:00.000Z
sensor.meross_temperature_studio_m,21.600008307916667,2026-05-11T04:00:00.000Z
sensor.meross_temperature_studio_m,21.600000000000005,2026-05-11T05:00:00.000Z
sensor.meross_temperature_studio_m,21.537487471277775,2026-05-11T06:00:00.000Z
sensor.meross_temperature_studio_m,21.7,2026-05-11T07:00:00.000Z
sensor.meross_temperature_studio_m,21.7,2026-05-11T08:00:00.000Z
sensor.meross_temperature_studio_m,21.84742870411111,2026-05-11T10:00:00.000Z
sensor.meross_temperature_studio_m,21.899999999999995,2026-05-11T11:00:00.000Z
sensor.meross_temperature_studio_m,21.899999999999995,2026-05-11T12:00:00.000Z
sensor.meross_temperature_studio_m,21.932399156,2026-05-11T16:00:00.000Z
sensor.meross_temperature_studio_m,22,2026-05-11T17:00:00.000Z
sensor.meross_temperature_studio_m,22,2026-05-11T18:00:00.000Z
sensor.meross_temperature_studio_m,21.911698695805555,2026-05-11T21:00:00.000Z
sensor.meross_temperature_studio_m,21.84673530569444,2026-05-11T22:00:00.000Z
sensor.meross_temperature_studio_m,21.762628381333332,2026-05-11T23:00:00.000Z
sensor.meross_temperature_studio_m,21.7,2026-05-12T00:00:00.000Z
sensor.meross_temperature_studio_m,21.63755863247222,2026-05-12T01:00:00.000Z
sensor.meross_temperature_studio_m,21.594725646166665,2026-05-12T02:00:00.000Z
sensor.meross_temperature_studio_m,21.5,2026-05-12T03:00:00.000Z
sensor.meross_temperature_studio_m,21.5,2026-05-12T04:00:00.000Z
sensor.meross_temperature_studio_m,21.335355390194447,2026-05-12T06:00:00.000Z
sensor.meross_temperature_studio_m,21.567028721777778,2026-05-12T07:00:00.000Z
sensor.meross_temperature_studio_m,21.7,2026-05-12T08:00:00.000Z
sensor.meross_temperature_studio_m,21.627253833305556,2026-05-12T09:00:00.000Z
sensor.meross_temperature_studio_m,21.5,2026-05-12T10:00:00.000Z
sensor.meross_temperature_studio_m,21.5,2026-05-12T11:00:00.000Z
sensor.meross_temperature_studio_m,21.44508427411111,2026-05-12T12:00:00.000Z
sensor.meross_temperature_studio_m,21.539947724833336,2026-05-12T13:00:00.000Z
sensor.meross_temperature_studio_m,21.69828605886111,2026-05-12T14:00:00.000Z
sensor.meross_temperature_studio_m,21.7,2026-05-12T15:00:00.000Z
sensor.meross_temperature_studio_m,21.77774890352778,2026-05-12T16:00:00.000Z
sensor.meross_temperature_studio_m,21.766906981722226,2026-05-12T17:00:00.000Z
sensor.meross_temperature_studio_m,21.8,2026-05-12T18:00:00.000Z
sensor.meross_temperature_studio_m,21.74759611661111,2026-05-12T19:00:00.000Z
sensor.meross_temperature_studio_m,21.675106687750002,2026-05-12T20:00:00.000Z
sensor.meross_temperature_studio_m,21.7,2026-05-12T21:00:00.000Z
sensor.meross_temperature_studio_m,21.7,2026-05-12T22:00:00.000Z
sensor.meross_temperature_studio_m,21.64732203086111,2026-05-12T23:00:00.000Z
sensor.meross_temperature_studio_m,21.585196959166666,2026-05-13T00:00:00.000Z
sensor.meross_temperature_studio_m,21.5,2026-05-13T01:00:00.000Z
sensor.meross_temperature_studio_m,21.5,2026-05-13T02:00:00.000Z
sensor.meross_temperature_studio_m,21.457801884083334,2026-05-13T03:00:00.000Z
sensor.meross_temperature_studio_m,21.399999999999995,2026-05-13T04:00:00.000Z
sensor.meross_temperature_studio_m,21.31856540847222,2026-05-13T05:00:00.000Z
sensor.meross_temperature_studio_m,21.056974400416667,2026-05-13T06:00:00.000Z
sensor.meross_temperature_studio_m,21.3,2026-05-13T07:00:00.000Z
sensor.meross_temperature_studio_m,21.3,2026-05-13T08:00:00.000Z
sensor.meross_temperature_studio_m,21.325805490277776,2026-05-13T10:00:00.000Z
sensor.meross_temperature_studio_m,21.5,2026-05-13T11:00:00.000Z
sensor.meross_temperature_studio_m,21.514430764555556,2026-05-13T12:00:00.000Z
sensor.meross_temperature_studio_m,21.600000000000005,2026-05-13T13:00:00.000Z
sensor.meross_temperature_studio_m,21.600000000000005,2026-05-13T14:00:00.000Z
sensor.meross_temperature_studio_m,21.60165261791667,2026-05-13T15:00:00.000Z
sensor.meross_temperature_studio_m,21.7,2026-05-13T16:00:00.000Z
sensor.meross_temperature_studio_m,21.7,2026-05-13T17:00:00.000Z
sensor.meross_temperature_studio_m,21.728745156416664,2026-05-13T18:00:00.000Z
sensor.meross_temperature_studio_m,21.705331877694444,2026-05-13T19:00:00.000Z
sensor.meross_temperature_studio_m,21.67240963877778,2026-05-13T20:00:00.000Z
sensor.meross_temperature_studio_m,21.7,2026-05-13T21:00:00.000Z
sensor.meross_temperature_studio_m,21.65405763611111,2026-05-13T22:00:00.000Z
sensor.meross_temperature_studio_m,21.600000000000005,2026-05-13T23:00:00.000Z
sensor.meross_temperature_studio_m,21.603057237861112,2026-05-14T00:00:00.000Z
sensor.meross_temperature_studio_m,21.525614104555558,2026-05-14T01:00:00.000Z
sensor.meross_temperature_studio_m,21.5,2026-05-14T02:00:00.000Z
sensor.meross_temperature_studio_m,21.5,2026-05-14T03:00:00.000Z
sensor.meross_temperature_studio_m,21.45086861705555,2026-05-14T04:00:00.000Z
sensor.meross_temperature_studio_m,21.342037596166666,2026-05-14T05:00:00.000Z
sensor.meross_temperature_studio_m,21.193799319,2026-05-14T06:00:00.000Z
sensor.meross_temperature_studio_m,21.399999999999995,2026-05-14T07:00:00.000Z
sensor.meross_temperature_studio_m,21.43064813322222,2026-05-14T08:00:00.000Z
sensor.meross_temperature_studio_m,21.5,2026-05-14T09:00:00.000Z
sensor.meross_temperature_studio_m,21.52908981208333,2026-05-14T10:00:00.000Z
sensor.meross_temperature_studio_m,21.632506502305556,2026-05-14T11:00:00.000Z
sensor.meross_temperature_studio_m,21.691751175194444,2026-05-14T12:00:00.000Z
sensor.meross_temperature_studio_m,21.600000000000005,2026-05-14T13:00:00.000Z
sensor.meross_temperature_studio_m,21.551826372305555,2026-05-14T14:00:00.000Z
sensor.meross_temperature_studio_m,21.41175451966667,2026-05-14T15:00:00.000Z
sensor.meross_temperature_studio_m,21.500870362194444,2026-05-14T16:00:00.000Z
sensor.meross_temperature_studio_m,21.600000000000005,2026-05-14T17:00:00.000Z
sensor.meross_temperature_studio_m,21.600000000000005,2026-05-14T18:00:00.000Z
sensor.meross_temperature_studio_m,21.539383795361115,2026-05-14T19:00:00.000Z
sensor.meross_temperature_studio_m,21.49864093602778,2026-05-14T20:00:00.000Z
sensor.meross_temperature_studio_m,21.375159383305554,2026-05-14T21:00:00.000Z
sensor.meross_temperature_studio_m,21.399999999999995,2026-05-14T22:00:00.000Z
sensor.meross_temperature_studio_m,21.399999999999995,2026-05-14T23:00:00.000Z
sensor.meross_temperature_studio_m,21.31874677047222,2026-05-15T00:00:00.000Z
sensor.meross_temperature_studio_m,21.248341367666665,2026-05-15T01:00:00.000Z
sensor.meross_temperature_studio_m,21.169655626444445,2026-05-15T02:00:00.000Z
sensor.meross_temperature_studio_m,21.1,2026-05-15T03:00:00.000Z
sensor.meross_temperature_studio_m,21.018534584833333,2026-05-15T04:00:00.000Z
sensor.meross_temperature_studio_m,21,2026-05-15T05:00:00.000Z
sensor.meross_temperature_studio_m,20.935943106916667,2026-05-15T06:00:00.000Z
sensor.meross_temperature_studio_m,21,2026-05-15T07:00:00.000Z
sensor.meross_temperature_studio_m,21,2026-05-15T08:00:00.000Z
sensor.meross_temperature_studio_m,20.962667356388888,2026-05-15T09:00:00.000Z
sensor.meross_temperature_studio_m,20.985763520694444,2026-05-15T10:00:00.000Z
sensor.meross_temperature_studio_m,21.05561479316667,2026-05-15T11:00:00.000Z
sensor.meross_temperature_studio_m,20.92897949002778,2026-05-15T12:00:00.000Z
sensor.meross_temperature_studio_m,20.7,2026-05-15T13:00:00.000Z
sensor.meross_temperature_studio_m,20.697811566333332,2026-05-15T14:00:00.000Z
sensor.meross_temperature_studio_m,20.678051179916668,2026-05-15T15:00:00.000Z
sensor.meross_temperature_studio_m,20.8,2026-05-15T16:00:00.000Z
sensor.meross_temperature_studio_m,20.84079545386111,2026-05-15T17:00:00.000Z
sensor.meross_temperature_studio_m,20.77298060961111,2026-05-15T18:00:00.000Z
sensor.meross_temperature_studio_m,20.8,2026-05-15T19:00:00.000Z
sensor.meross_temperature_studio_m,20.8,2026-05-15T20:00:00.000Z
sensor.meross_temperature_studio_m,20.733648799166666,2026-05-15T22:00:00.000Z
sensor.meross_temperature_studio_m,20.7,2026-05-15T23:00:00.000Z
sensor.meross_temperature_studio_m,20.7,2026-05-16T00:00:00.000Z
sensor.meross_temperature_studio_m,20.63112471166667,2026-05-16T02:00:00.000Z
sensor.meross_temperature_studio_m,20.6,2026-05-16T03:00:00.000Z
sensor.meross_temperature_studio_m,20.587839102527777,2026-05-16T04:00:00.000Z
sensor.meross_temperature_studio_m,20.505529226833335,2026-05-16T05:00:00.000Z
sensor.meross_temperature_studio_m,20.50779355127778,2026-05-16T06:00:00.000Z
sensor.meross_temperature_studio_m,20.6,2026-05-16T07:00:00.000Z
sensor.meross_temperature_studio_m,20.6,2026-05-16T08:00:00.000Z
sensor.meross_temperature_studio_m,20.735312946472224,2026-05-16T09:00:00.000Z
sensor.meross_temperature_studio_m,20.848771072916666,2026-05-16T10:00:00.000Z
sensor.meross_temperature_studio_m,20.9,2026-05-16T11:00:00.000Z
sensor.meross_temperature_studio_m,20.888965493555556,2026-05-16T12:00:00.000Z
sensor.meross_temperature_studio_m,20.95149327422222,2026-05-16T13:00:00.000Z
sensor.meross_temperature_studio_m,21.02453295822222,2026-05-16T14:00:00.000Z
sensor.meross_temperature_studio_m,21.012720942250002,2026-05-16T15:00:00.000Z
sensor.meross_temperature_studio_m,21.179980624777777,2026-05-16T16:00:00.000Z
sensor.meross_temperature_studio_m,21.1,2026-05-16T17:00:00.000Z
sensor.meross_temperature_studio_m,21.1,2026-05-16T18:00:00.000Z
sensor.meross_temperature_studio_m,21.032427930361113,2026-05-16T19:00:00.000Z
sensor.meross_temperature_studio_m,21,2026-05-16T20:00:00.000Z
sensor.meross_temperature_studio_m,20.986057459305556,2026-05-16T21:00:00.000Z
sensor.meross_temperature_studio_m,20.9,2026-05-16T22:00:00.000Z
sensor.meross_temperature_studio_m,20.748955642694444,2026-05-16T23:00:00.000Z
sensor.meross_temperature_studio_m,20.77050184263889,2026-05-17T00:00:00.000Z
sensor.meross_temperature_studio_m,20.7,2026-05-17T01:00:00.000Z
sensor.meross_temperature_studio_m,20.655222408694446,2026-05-17T02:00:00.000Z
sensor.meross_temperature_studio_m,20.582037300472223,2026-05-17T03:00:00.000Z
sensor.meross_temperature_studio_m,20.5,2026-05-17T04:00:00.000Z
sensor.meross_temperature_studio_m,20.432080000638887,2026-05-17T05:00:00.000Z
sensor.meross_temperature_studio_m,20.4,2026-05-17T06:00:00.000Z
sensor.meross_temperature_studio_m,20.4,2026-05-17T07:00:00.000Z
sensor.meross_temperature_studio_m,20.480410548583333,2026-05-17T08:00:00.000Z
sensor.meross_temperature_studio_m,20.668971395916667,2026-05-17T09:00:00.000Z
sensor.meross_temperature_studio_m,20.70083735072222,2026-05-17T10:00:00.000Z
sensor.meross_temperature_studio_m,20.924601490083333,2026-05-17T11:00:00.000Z
sensor.meross_temperature_studio_m,21.019287358499998,2026-05-17T12:00:00.000Z
sensor.meross_temperature_studio_m,21.091891956944448,2026-05-17T13:00:00.000Z
sensor.meross_temperature_studio_m,21.2,2026-05-17T14:00:00.000Z
sensor.meross_temperature_studio_m,21.2,2026-05-17T15:00:00.000Z
sensor.meross_temperature_studio_m,21.125636466666666,2026-05-17T16:00:00.000Z
sensor.meross_temperature_studio_m,21.1,2026-05-17T17:00:00.000Z
sensor.meross_temperature_studio_m,21.260035033111112,2026-05-17T18:00:00.000Z
sensor.meross_temperature_studio_m,21.204034776833332,2026-05-17T19:00:00.000Z
sensor.meross_temperature_studio_m,21.2,2026-05-17T20:00:00.000Z
sensor.meross_temperature_studio_m,21.135657571916667,2026-05-17T21:00:00.000Z
sensor.meross_temperature_studio_m,21.007345152027778,2026-05-17T22:00:00.000Z
sensor.meross_temperature_studio_m,21,2026-05-17T23:00:00.000Z
sensor.meross_temperature_studio_m,20.96686484375,2026-05-18T00:00:00.000Z
sensor.meross_temperature_studio_m,20.9,2026-05-18T01:00:00.000Z
sensor.meross_temperature_studio_m,20.840555809333335,2026-05-18T02:00:00.000Z
sensor.meross_temperature_studio_m,20.8,2026-05-18T03:00:00.000Z
sensor.meross_temperature_studio_m,20.711524086222223,2026-05-18T04:00:00.000Z
sensor.meross_temperature_studio_m,20.7,2026-05-18T05:00:00.000Z
sensor.meross_temperature_studio_m,20.557712545166666,2026-05-18T06:00:00.000Z
sensor.meross_temperature_studio_m,20.727228266999997,2026-05-18T07:00:00.000Z
sensor.meross_temperature_studio_m,20.814166129555556,2026-05-18T08:00:00.000Z
sensor.meross_temperature_studio_m,20.9,2026-05-18T09:00:00.000Z
sensor.meross_temperature_studio_m,20.9,2026-05-18T10:00:00.000Z
sensor.meross_temperature_studio_m,20.98367635788889,2026-05-18T11:00:00.000Z
sensor.meross_temperature_studio_m,21,2026-05-18T12:00:00.000Z
sensor.meross_temperature_studio_m,21.06298114738889,2026-05-18T13:00:00.000Z
sensor.meross_temperature_studio_m,21.1,2026-05-18T14:00:00.000Z
sensor.meross_temperature_studio_m,21.183512708027777,2026-05-18T15:00:00.000Z
sensor.meross_temperature_studio_m,21.253753042805556,2026-05-18T16:00:00.000Z
sensor.meross_temperature_studio_m,21.278701787611112,2026-05-18T17:00:00.000Z
sensor.meross_temperature_studio_m,21.2,2026-05-18T18:00:00.000Z
sensor.meross_temperature_studio_m,21.2,2026-05-18T19:00:00.000Z
sensor.meross_temperature_studio_m,21.18998758602778,2026-05-18T21:00:00.000Z
sensor.meross_temperature_studio_m,21.1,2026-05-18T22:00:00.000Z
sensor.meross_temperature_studio_m,21.097218421416667,2026-05-18T23:00:00.000Z
sensor.meross_temperature_studio_m,21.076731276633332,2026-05-19T00:00:00.000Z
sensor.meross_temperature_studio_m,21,2026-05-19T01:00:00.000Z
sensor.meross_temperature_studio_m,21,2026-05-19T02:00:00.000Z
sensor.meross_temperature_studio_m,20.92325614636111,2026-05-19T05:00:00.000Z
sensor.meross_temperature_studio_m,20.9,2026-05-19T06:00:00.000Z
sensor.meross_temperature_studio_m,20.99638540291667,2026-05-19T07:00:00.000Z
sensor.meross_temperature_studio_m,21.09421682066667,2026-05-19T08:00:00.000Z
sensor.meross_temperature_studio_m,21.178238057972223,2026-05-19T09:00:00.000Z
sensor.meross_temperature_studio_m,21.2,2026-05-19T10:00:00.000Z
sensor.meross_temperature_studio_m,21.2138080945,2026-05-19T11:00:00.000Z
sensor.meross_temperature_studio_m,21.280317632777777,2026-05-19T12:00:00.000Z
sensor.meross_temperature_studio_m,21.3,2026-05-19T13:00:00.000Z
sensor.meross_temperature_studio_m,21.39281729461111,2026-05-19T14:00:00.000Z
sensor.meross_temperature_studio_m,21.399999999999995,2026-05-19T15:00:00.000Z
sensor.meross_temperature_studio_m,21.399999999999995,2026-05-19T16:00:00.000Z
sensor.meross_temperature_studio_m,21.429903963111112,2026-05-19T17:00:00.000Z
sensor.meross_temperature_studio_m,21.5,2026-05-19T18:00:00.000Z
sensor.meross_temperature_studio_m,21.595949498027778,2026-05-19T19:00:00.000Z
sensor.meross_temperature_studio_m,21.667935494138888,2026-05-19T20:00:00.000Z
sensor.meross_temperature_studio_m,21.528648379972225,2026-05-19T21:00:00.000Z
sensor.meross_temperature_studio_m,21.5,2026-05-19T22:00:00.000Z
sensor.meross_temperature_studio_m,21.464305804444447,2026-05-19T23:00:00.000Z
sensor.meross_temperature_studio_m,21.399999999999995,2026-05-20T00:00:00.000Z
sensor.meross_temperature_studio_m,21.37414274511111,2026-05-20T01:00:00.000Z
sensor.meross_temperature_studio_m,21.3,2026-05-20T02:00:00.000Z
sensor.meross_temperature_studio_m,21.250778202555555,2026-05-20T03:00:00.000Z
sensor.meross_temperature_studio_m,21.2,2026-05-20T04:00:00.000Z
sensor.meross_temperature_studio_m,21.127442316555555,2026-05-20T05:00:00.000Z
sensor.meross_temperature_studio_m,21.09022770988889,2026-05-20T06:00:00.000Z
sensor.meross_temperature_studio_m,21.29948203361111,2026-05-20T07:00:00.000Z
sensor.meross_temperature_studio_m,21.399999999999995,2026-05-20T08:00:00.000Z
sensor.meross_temperature_studio_m,21.41192134483333,2026-05-20T09:00:00.000Z
sensor.meross_temperature_studio_m,21.5,2026-05-20T10:00:00.000Z
sensor.meross_temperature_studio_m,21.576659139944443,2026-05-20T11:00:00.000Z
sensor.meross_temperature_studio_m,21.600000000000005,2026-05-20T12:00:00.000Z
sensor.meross_temperature_studio_m,21.67437822688889,2026-05-20T13:00:00.000Z
sensor.meross_temperature_studio_m,21.777734032,2026-05-20T14:00:00.000Z
sensor.meross_temperature_studio_m,21.809328003388888,2026-05-20T15:00:00.000Z
sensor.meross_temperature_studio_m,21.899999999999995,2026-05-20T16:00:00.000Z
sensor.meross_temperature_studio_m,21.999033242833335,2026-05-20T17:00:00.000Z
sensor.meross_temperature_studio_m,22.076476615555553,2026-05-20T18:00:00.000Z
sensor.meross_temperature_studio_m,22.100000000000005,2026-05-20T19:00:00.000Z
sensor.meross_temperature_studio_m,22.10504381922222,2026-05-20T20:00:00.000Z
sensor.meross_temperature_studio_m,22.068057664888887,2026-05-20T21:00:00.000Z
sensor.meross_temperature_studio_m,22.020329702194445,2026-05-20T22:00:00.000Z
sensor.meross_temperature_studio_m,22,2026-05-20T23:00:00.000Z
sensor.meross_temperature_studio_m,22,2026-05-21T00:00:00.000Z
sensor.meross_temperature_studio_m,21.902470590333333,2026-05-21T01:00:00.000Z
sensor.meross_temperature_studio_m,21.876249254805554,2026-05-21T02:00:00.000Z
sensor.meross_temperature_studio_m,21.8,2026-05-21T03:00:00.000Z
sensor.meross_temperature_studio_m,21.719563823972223,2026-05-21T04:00:00.000Z
sensor.meross_temperature_studio_m,21.654631506361113,2026-05-21T05:00:00.000Z
sensor.meross_temperature_studio_m,21.481125082972223,2026-05-21T06:00:00.000Z
sensor.meross_temperature_studio_m,21.841193366527776,2026-05-21T07:00:00.000Z
sensor.meross_temperature_studio_m,21.899999999999995,2026-05-21T08:00:00.000Z
sensor.meross_temperature_studio_m,21.934443877666666,2026-05-21T09:00:00.000Z
sensor.meross_temperature_studio_m,22,2026-05-21T10:00:00.000Z
sensor.meross_temperature_studio_m,22.099376158111113,2026-05-21T11:00:00.000Z
sensor.meross_temperature_studio_m,22.100000000000005,2026-05-21T12:00:00.000Z
sensor.meross_temperature_studio_m,22.156805102416666,2026-05-21T13:00:00.000Z
sensor.meross_temperature_studio_m,22.229989183472224,2026-05-21T14:00:00.000Z
sensor.meross_temperature_studio_m,22.32248554052778,2026-05-21T15:00:00.000Z
sensor.meross_temperature_studio_m,22.416784989972218,2026-05-21T16:00:00.000Z
sensor.meross_temperature_studio_m,22.476827102555557,2026-05-21T17:00:00.000Z
sensor.meross_temperature_studio_m,22.554989517,2026-05-21T18:00:00.000Z
sensor.meross_temperature_studio_m,22.600000000000005,2026-05-21T19:00:00.000Z
sensor.meross_temperature_studio_m,22.545151650666668,2026-05-21T20:00:00.000Z
sensor.meross_temperature_studio_m,22.600000000000005,2026-05-21T21:00:00.000Z
sensor.meross_temperature_studio_m,22.548877813916665,2026-05-21T22:00:00.000Z
sensor.meross_temperature_studio_m,22.489640946250002,2026-05-21T23:00:00.000Z
sensor.meross_temperature_studio_m,22.399999999999995,2026-05-22T00:00:00.000Z
sensor.meross_temperature_studio_m,22.399999999999995,2026-05-22T01:00:00.000Z
sensor.meross_temperature_studio_m,22.37355773061111,2026-05-22T02:00:00.000Z
sensor.meross_temperature_studio_m,22.3,2026-05-22T03:00:00.000Z
sensor.meross_temperature_studio_m,22.258279054194446,2026-05-22T04:00:00.000Z
sensor.meross_temperature_studio_m,22.2,2026-05-22T05:00:00.000Z
sensor.meross_temperature_studio_m,22.147963127833332,2026-05-22T06:00:00.000Z
sensor.meross_temperature_studio_m,22.36671837127778,2026-05-22T07:00:00.000Z
sensor.meross_temperature_studio_m,22.546714296694446,2026-05-22T08:00:00.000Z
sensor.meross_temperature_studio_m,22.600000000000005,2026-05-22T09:00:00.000Z
sensor.meross_temperature_studio_m,22.695088251388885,2026-05-22T10:00:00.000Z
sensor.meross_temperature_studio_m,22.724176927749998,2026-05-22T11:00:00.000Z
sensor.meross_temperature_studio_m,22.8,2026-05-22T12:00:00.000Z
sensor.meross_temperature_studio_m,22.847708905083334,2026-05-22T13:00:00.000Z
sensor.meross_temperature_studio_m,22.899999999999995,2026-05-22T14:00:00.000Z
sensor.meross_temperature_studio_m,22.899999999999995,2026-05-22T15:00:00.000Z
sensor.meross_temperature_studio_m,22.986132099944445,2026-05-22T16:00:00.000Z
sensor.meross_temperature_studio_m,23,2026-05-22T17:00:00.000Z
sensor.meross_temperature_studio_m,23.030612053583337,2026-05-22T18:00:00.000Z
sensor.meross_temperature_studio_m,22.906371046972225,2026-05-22T19:00:00.000Z
sensor.meross_temperature_studio_m,23.052115288222222,2026-05-22T20:00:00.000Z
sensor.meross_temperature_studio_m,23.008541229777776,2026-05-22T21:00:00.000Z
sensor.meross_temperature_studio_m,23,2026-05-22T22:00:00.000Z
sensor.meross_temperature_studio_m,23,2026-05-22T23:00:00.000Z
sensor.meross_temperature_studio_m,22.958283014722223,2026-05-23T01:00:00.000Z
sensor.meross_temperature_studio_m,22.899999999999995,2026-05-23T02:00:00.000Z
sensor.meross_temperature_studio_m,22.8622321085,2026-05-23T03:00:00.000Z
sensor.meross_temperature_studio_m,22.8,2026-05-23T04:00:00.000Z
sensor.meross_temperature_studio_m,22.8,2026-05-23T05:00:00.000Z
sensor.meross_temperature_studio_m,22.739565493666664,2026-05-23T07:00:00.000Z
sensor.meross_temperature_studio_m,22.99616560797222,2026-05-23T08:00:00.000Z
sensor.meross_temperature_studio_m,23.06112603475,2026-05-23T09:00:00.000Z
sensor.meross_temperature_studio_m,23.100000000000005,2026-05-23T10:00:00.000Z
sensor.meross_temperature_studio_m,23.165401636138892,2026-05-23T11:00:00.000Z
sensor.meross_temperature_studio_m,23.282710769222223,2026-05-23T12:00:00.000Z
sensor.meross_temperature_studio_m,23.32841472075,2026-05-23T13:00:00.000Z
sensor.meross_temperature_studio_m,23.4294262545,2026-05-23T14:00:00.000Z
sensor.meross_temperature_studio_m,23.50815524847222,2026-05-23T15:00:00.000Z
sensor.meross_temperature_studio_m,23.600000000000005,2026-05-23T16:00:00.000Z
sensor.meross_temperature_studio_m,23.600000000000005,2026-05-23T17:00:00.000Z
sensor.meross_temperature_studio_m,23.837730734416667,2026-05-23T19:00:00.000Z
sensor.meross_temperature_studio_m,23.797995722583334,2026-05-23T20:00:00.000Z
sensor.meross_temperature_studio_m,23.680908525583334,2026-05-23T21:00:00.000Z
sensor.meross_temperature_studio_m,23.600000000000005,2026-05-23T22:00:00.000Z
sensor.meross_temperature_studio_m,23.600000000000005,2026-05-23T23:00:00.000Z
sensor.meross_temperature_studio_m,23.505730309055554,2026-05-24T01:00:00.000Z
sensor.meross_temperature_studio_m,23.5,2026-05-24T02:00:00.000Z
sensor.meross_temperature_studio_m,23.446191817055553,2026-05-24T03:00:00.000Z
sensor.meross_temperature_studio_m,23.399999999999995,2026-05-24T04:00:00.000Z
sensor.meross_temperature_studio_m,23.38873707675,2026-05-24T05:00:00.000Z
sensor.meross_temperature_studio_m,23.32581960738889,2026-05-24T06:00:00.000Z
sensor.meross_temperature_studio_m,23.41392714561111,2026-05-24T07:00:00.000Z
sensor.meross_temperature_studio_m,23.88328754261111,2026-05-24T08:00:00.000Z
sensor.meross_temperature_studio_m,23.95173565047222,2026-05-24T09:00:00.000Z
sensor.meross_temperature_studio_m,23.899999999999995,2026-05-24T10:00:00.000Z
sensor.meross_temperature_studio_m,23.998441107583332,2026-05-24T11:00:00.000Z
sensor.meross_temperature_studio_m,24.143334031444443,2026-05-24T12:00:00.000Z
sensor.meross_temperature_studio_m,24.25864674511111,2026-05-24T13:00:00.000Z
sensor.meross_temperature_studio_m,24.3,2026-05-24T14:00:00.000Z
sensor.meross_temperature_studio_m,24.3,2026-05-24T15:00:00.000Z
sensor.meross_temperature_studio_m,24.36177631316667,2026-05-24T17:00:00.000Z
sensor.meross_temperature_studio_m,24.403395065888887,2026-05-24T18:00:00.000Z
sensor.meross_temperature_studio_m,24.5,2026-05-24T19:00:00.000Z
sensor.meross_temperature_studio_m,24.47123936336111,2026-05-24T20:00:00.000Z
sensor.meross_temperature_studio_m,24.503111375333333,2026-05-24T21:00:00.000Z
sensor.meross_temperature_studio_m,24.530425939055558,2026-05-24T22:00:00.000Z
sensor.meross_temperature_studio_m,24.435957155055558,2026-05-24T23:00:00.000Z
sensor.meross_temperature_studio_m,24.399999999999995,2026-05-25T00:00:00.000Z
sensor.meross_temperature_studio_m,24.306813289722225,2026-05-25T01:00:00.000Z
sensor.meross_temperature_studio_m,24.287386837444444,2026-05-25T02:00:00.000Z
sensor.meross_temperature_studio_m,24.2,2026-05-25T03:00:00.000Z
sensor.meross_temperature_studio_m,24.2,2026-05-25T04:00:00.000Z
sensor.meross_temperature_studio_m,24.072087947194447,2026-05-25T05:00:00.000Z
sensor.meross_temperature_studio_m,24.059027480083333,2026-05-25T06:00:00.000Z
sensor.meross_temperature_studio_m,24.274402914694445,2026-05-25T07:00:00.000Z
sensor.meross_temperature_studio_m,24.423372045305555,2026-05-25T08:00:00.000Z
sensor.meross_temperature_studio_m,24.5,2026-05-25T09:00:00.000Z
sensor.meross_temperature_studio_m,24.579861386972222,2026-05-25T10:00:00.000Z
sensor.meross_temperature_studio_m,24.68066556408333,2026-05-25T11:00:00.000Z
sensor.meross_temperature_studio_m,24.7,2026-05-25T12:00:00.000Z
sensor.meross_temperature_studio_m,24.77124212786111,2026-05-25T13:00:00.000Z
sensor.meross_temperature_studio_m,24.86248784744444,2026-05-25T14:00:00.000Z
sensor.meross_temperature_studio_m,24.899999999999995,2026-05-25T15:00:00.000Z
sensor.meross_temperature_studio_m,24.818371079722223,2026-05-25T16:00:00.000Z
sensor.meross_temperature_studio_m,24.969256141916663,2026-05-25T17:00:00.000Z
sensor.meross_temperature_studio_m,25.07106692877778,2026-05-25T18:00:00.000Z
sensor.meross_temperature_studio_m,25.136026957138892,2026-05-25T19:00:00.000Z
sensor.meross_temperature_studio_m,25.2,2026-05-25T20:00:00.000Z
sensor.meross_temperature_studio_m,25.120419745194443,2026-05-25T21:00:00.000Z
sensor.meross_temperature_studio_m,25.069202028583334,2026-05-25T22:00:00.000Z
sensor.meross_temperature_studio_m,25,2026-05-25T23:00:00.000Z
sensor.meross_temperature_studio_m,25,2026-05-26T00:00:00.000Z
sensor.meross_temperature_studio_m,24.996495087694445,2026-05-26T02:00:00.000Z
sensor.meross_temperature_studio_m,24.899999999999995,2026-05-26T03:00:00.000Z
sensor.meross_temperature_studio_m,24.834286612305558,2026-05-26T04:00:00.000Z
sensor.meross_temperature_studio_m,24.8,2026-05-26T05:00:00.000Z
sensor.meross_temperature_studio_m,24.68498222525,2026-05-26T06:00:00.000Z
sensor.meross_temperature_studio_m,24.899999999999995,2026-05-26T07:00:00.000Z
sensor.meross_temperature_studio_m,24.989470041833332,2026-05-26T08:00:00.000Z
sensor.meross_temperature_studio_m,25.100000000000005,2026-05-26T09:00:00.000Z
sensor.meross_temperature_studio_m,25.1526993685,2026-05-26T10:00:00.000Z
sensor.meross_temperature_studio_m,25.209379870416665,2026-05-26T11:00:00.000Z
sensor.meross_temperature_studio_m,25.3,2026-05-26T12:00:00.000Z
sensor.meross_temperature_studio_m,25.354500673333334,2026-05-26T13:00:00.000Z
sensor.meross_temperature_studio_m,25.41617743686111,2026-05-26T14:00:00.000Z
sensor.meross_temperature_studio_m,25.505649223055556,2026-05-26T15:00:00.000Z
sensor.meross_temperature_studio_m,25.793615701305555,2026-05-26T16:00:00.000Z
sensor.meross_temperature_studio_m,25.899999999999995,2026-05-26T17:00:00.000Z
sensor.meross_temperature_studio_m,25.89447039038889,2026-05-26T18:00:00.000Z
sensor.meross_temperature_studio_m,25.899999999999995,2026-05-26T19:00:00.000Z
sensor.meross_temperature_studio_m,25.86405070447222,2026-05-26T20:00:00.000Z
sensor.meross_temperature_studio_m,25.86980637561111,2026-05-26T21:00:00.000Z
sensor.meross_temperature_studio_m,25.899999999999995,2026-05-26T22:00:00.000Z
sensor.meross_temperature_studio_m,25.899999999999995,2026-05-26T23:00:00.000Z
sensor.meross_temperature_studio_m,25.81681776041667,2026-05-27T00:00:00.000Z
sensor.meross_temperature_studio_m,25.8,2026-05-27T01:00:00.000Z
sensor.meross_temperature_studio_m,25.701426877444444,2026-05-27T02:00:00.000Z
sensor.meross_temperature_studio_m,25.7,2026-05-27T03:00:00.000Z
sensor.meross_temperature_studio_m,25.61143279202778,2026-05-27T04:00:00.000Z
sensor.meross_temperature_studio_m,25.600000000000005,2026-05-27T05:00:00.000Z
sensor.meross_temperature_studio_m,25.54587002772222,2026-05-27T06:00:00.000Z
sensor.meross_temperature_studio_m,25.76819558716667,2026-05-27T07:00:00.000Z
sensor.meross_temperature_studio_m,25.886838749194442,2026-05-27T08:00:00.000Z
sensor.meross_temperature_studio_m,25.899999999999995,2026-05-27T09:00:00.000Z
sensor.meross_temperature_studio_m,25.899999999999995,2026-05-27T10:00:00.000Z
sensor.meross_temperature_studio_m,25.9937825125,2026-05-27T11:00:00.000Z
sensor.meross_temperature_studio_m,26.167879685777777,2026-05-27T12:00:00.000Z
sensor.meross_temperature_studio_m,26.3,2026-05-27T13:00:00.000Z
sensor.meross_temperature_studio_m,26.34503827311111,2026-05-27T14:00:00.000Z
sensor.meross_temperature_studio_m,26.416526771305556,2026-05-27T15:00:00.000Z
sensor.meross_temperature_studio_m,26.667806703777774,2026-05-27T16:00:00.000Z
sensor.meross_temperature_studio_m,26.74874303516667,2026-05-27T17:00:00.000Z
sensor.meross_temperature_studio_m,26.78200294738889,2026-05-27T18:00:00.000Z
sensor.meross_temperature_studio_m,26.891719687444446,2026-05-27T19:00:00.000Z
sensor.meross_temperature_studio_m,26.855389916777778,2026-05-27T20:00:00.000Z
sensor.meross_temperature_studio_m,26.73338427561111,2026-05-27T21:00:00.000Z
sensor.meross_temperature_studio_m,26.7,2026-05-27T22:00:00.000Z
sensor.meross_temperature_studio_m,26.63930686233333,2026-05-27T23:00:00.000Z
sensor.meross_temperature_studio_m,26.566011235611114,2026-05-28T00:00:00.000Z
sensor.meross_temperature_studio_m,26.5,2026-05-28T01:00:00.000Z
sensor.meross_temperature_studio_m,26.40660825025,2026-05-28T02:00:00.000Z
sensor.meross_temperature_studio_m,26.399999999999995,2026-05-28T03:00:00.000Z
sensor.meross_temperature_studio_m,26.340817686277777,2026-05-28T04:00:00.000Z
sensor.meross_temperature_studio_m,26.3,2026-05-28T05:00:00.000Z
sensor.meross_temperature_studio_m,26.183550529750004,2026-05-28T06:00:00.000Z
sensor.meross_temperature_studio_m,26.3416452845,2026-05-28T07:00:00.000Z
sensor.meross_temperature_studio_m,26.4325853895,2026-05-28T08:00:00.000Z
sensor.meross_temperature_studio_m,26.566454736305555,2026-05-28T09:00:00.000Z
sensor.meross_temperature_studio_m,26.601152648027778,2026-05-28T10:00:00.000Z
sensor.meross_temperature_studio_m,26.7,2026-05-28T11:00:00.000Z
sensor.meross_temperature_studio_m,26.71934876863889,2026-05-28T12:00:00.000Z
sensor.meross_temperature_studio_m,26.8,2026-05-28T13:00:00.000Z
sensor.meross_temperature_studio_m,26.892564776555556,2026-05-28T14:00:00.000Z
sensor.meross_temperature_studio_m,26.899999999999995,2026-05-28T15:00:00.000Z
sensor.meross_temperature_studio_m,27.052612009055554,2026-05-28T16:00:00.000Z
sensor.meross_temperature_studio_m,27.100000000000005,2026-05-28T17:00:00.000Z
sensor.meross_temperature_studio_m,27.100000000000005,2026-05-28T18:00:00.000Z
sensor.meross_temperature_studio_m,27.005665990249998,2026-05-28T19:00:00.000Z
sensor.meross_temperature_studio_m,26.940150358083333,2026-05-28T20:00:00.000Z
sensor.meross_temperature_studio_m,26.899999999999995,2026-05-28T21:00:00.000Z
sensor.meross_temperature_studio_m,26.899999999999995,2026-05-28T22:00:00.000Z
sensor.meross_temperature_studio_m,26.929718881805556,2026-05-29T00:00:00.000Z
sensor.meross_temperature_studio_m,26.899999999999995,2026-05-29T01:00:00.000Z
sensor.meross_temperature_studio_m,26.899999999999995,2026-05-29T02:00:00.000Z
sensor.meross_temperature_studio_m,26.850899810166666,2026-05-29T03:00:00.000Z
sensor.meross_temperature_studio_m,26.8,2026-05-29T04:00:00.000Z
sensor.meross_temperature_studio_m,26.8,2026-05-29T05:00:00.000Z
sensor.meross_temperature_studio_m,26.701330010694445,2026-05-29T06:00:00.000Z
sensor.meross_temperature_studio_m,26.842905249555557,2026-05-29T07:00:00.000Z
sensor.meross_temperature_studio_m,26.872821665138886,2026-05-29T08:00:00.000Z
sensor.meross_temperature_studio_m,26.8,2026-05-29T09:00:00.000Z
sensor.meross_temperature_studio_m,26.81502789127778,2026-05-29T10:00:00.000Z
sensor.meross_temperature_studio_m,26.899999999999995,2026-05-29T11:00:00.000Z
sensor.meross_temperature_studio_m,26.910504009388887,2026-05-29T12:00:00.000Z
sensor.meross_temperature_studio_m,26.98505140552778,2026-05-29T13:00:00.000Z
sensor.meross_temperature_studio_m,27.027339537972225,2026-05-29T14:00:00.000Z
sensor.meross_temperature_studio_m,27.150149999000003,2026-05-29T15:00:00.000Z
sensor.meross_temperature_studio_m,27.259537183000003,2026-05-29T16:00:00.000Z
sensor.meross_temperature_studio_m,27.3,2026-05-29T17:00:00.000Z
sensor.meross_temperature_studio_m,27.22793500047222,2026-05-29T18:00:00.000Z
sensor.meross_temperature_studio_m,27.253585029555556,2026-05-29T19:00:00.000Z
sensor.meross_temperature_studio_m,27.21878676186111,2026-05-29T20:00:00.000Z
sensor.meross_temperature_studio_m,27.10837559538889,2026-05-29T21:00:00.000Z
sensor.meross_temperature_studio_m,27.18526754075,2026-05-29T22:00:00.000Z
sensor.meross_temperature_studio_m,27.100000000000005,2026-05-29T23:00:00.000Z
sensor.meross_temperature_studio_m,27.012022985861112,2026-05-30T00:00:00.000Z
sensor.meross_temperature_studio_m,27,2026-05-30T01:00:00.000Z
sensor.meross_temperature_studio_m,26.935006458138886,2026-05-30T02:00:00.000Z
sensor.meross_temperature_studio_m,26.899999999999995,2026-05-30T03:00:00.000Z
sensor.meross_temperature_studio_m,26.899999999999995,2026-05-30T04:00:00.000Z
sensor.meross_temperature_studio_m,26.821138541861114,2026-05-30T05:00:00.000Z
sensor.meross_temperature_studio_m,26.482886785361114,2026-05-30T06:00:00.000Z
sensor.meross_temperature_studio_m,26.58920699005556,2026-05-30T07:00:00.000Z
sensor.meross_temperature_studio_m,26.771727302361114,2026-05-30T08:00:00.000Z
sensor.meross_temperature_studio_m,26.874313170138887,2026-05-30T09:00:00.000Z
sensor.meross_temperature_studio_m,26.93341408061111,2026-05-30T10:00:00.000Z
sensor.meross_temperature_studio_m,27.053529364888888,2026-05-30T11:00:00.000Z
sensor.meross_temperature_studio_m,27.178352635555555,2026-05-30T12:00:00.000Z
sensor.meross_temperature_studio_m,27.330018628027776,2026-05-30T13:00:00.000Z
sensor.meross_temperature_studio_m,27.478226078916666,2026-05-30T14:00:00.000Z
sensor.meross_temperature_studio_m,27.55143843205556,2026-05-30T15:00:00.000Z
sensor.meross_temperature_studio_m,27.63334806902778,2026-05-30T16:00:00.000Z
sensor.meross_temperature_studio_m,27.72676024108333,2026-05-30T17:00:00.000Z
sensor.meross_temperature_studio_m,27.838845687888888,2026-05-30T18:00:00.000Z
sensor.meross_temperature_studio_m,27.83828769886111,2026-05-30T19:00:00.000Z
sensor.meross_temperature_studio_m,27.8,2026-05-30T20:00:00.000Z
sensor.meross_temperature_studio_m,27.8,2026-05-30T21:00:00.000Z
sensor.meross_temperature_studio_m,27.71952140266667,2026-05-30T23:00:00.000Z
sensor.meross_temperature_studio_m,27.600000000000005,2026-05-31T00:00:00.000Z
sensor.meross_temperature_studio_m,27.55535986372222,2026-05-31T01:00:00.000Z
sensor.meross_temperature_studio_m,27.5,2026-05-31T02:00:00.000Z
sensor.meross_temperature_studio_m,27.428745360222223,2026-05-31T03:00:00.000Z
sensor.meross_temperature_studio_m,27.369398280138885,2026-05-31T04:00:00.000Z
sensor.meross_temperature_studio_m,27.3,2026-05-31T05:00:00.000Z
sensor.meross_temperature_studio_m,27.28843465008333,2026-05-31T06:00:00.000Z
sensor.meross_temperature_studio_m,27.27250516566667,2026-05-31T07:00:00.000Z
sensor.meross_temperature_studio_m,27.44537552613889,2026-05-31T08:00:00.000Z
sensor.meross_temperature_studio_m,27.5,2026-05-31T09:00:00.000Z
sensor.meross_temperature_studio_m,27.5,2026-05-31T10:00:00.000Z
sensor.meross_temperature_studio_m,27.563708629111108,2026-05-31T11:00:00.000Z
sensor.meross_temperature_studio_m,27.701238922944444,2026-05-31T12:00:00.000Z
sensor.meross_temperature_studio_m,27.8,2026-05-31T13:00:00.000Z
sensor.meross_temperature_studio_m,27.743694812,2026-05-31T14:00:00.000Z
sensor.meross_temperature_studio_m,27.899999999999995,2026-05-31T15:00:00.000Z
sensor.meross_temperature_studio_m,27.9757327085,2026-05-31T16:00:00.000Z
sensor.meross_temperature_studio_m,27.97027455461111,2026-05-31T17:00:00.000Z
sensor.meross_temperature_studio_m,28,2026-05-31T18:00:00.000Z
sensor.meross_temperature_studio_m,28,2026-05-31T19:00:00.000Z
sensor.meross_temperature_studio_m,27.896225045833333,2026-05-31T20:00:00.000Z
sensor.meross_temperature_studio_m,27.850319257166664,2026-05-31T21:00:00.000Z
sensor.meross_temperature_studio_m,27.8100441325,2026-05-31T22:00:00.000Z
sensor.meross_temperature_studio_m,27.7,2026-05-31T23:00:00.000Z
sensor.meross_temperature_studio_m,27.634324642916667,2026-06-01T00:00:00.000Z
sensor.meross_temperature_studio_m,27.577727325583336,2026-06-01T01:00:00.000Z
sensor.meross_temperature_studio_m,27.5,2026-06-01T02:00:00.000Z
sensor.meross_temperature_studio_m,27.5,2026-06-01T03:00:00.000Z
sensor.meross_temperature_studio_m,27.43524779675,2026-06-01T04:00:00.000Z
sensor.meross_temperature_studio_m,27.37865162422222,2026-06-01T05:00:00.000Z
sensor.meross_temperature_studio_m,27.3,2026-06-01T06:00:00.000Z
sensor.meross_temperature_studio_m,27.197999491972222,2026-06-01T07:00:00.000Z
sensor.meross_temperature_studio_m,27.286192179472224,2026-06-01T08:00:00.000Z
sensor.meross_temperature_studio_m,27.313368338222222,2026-06-01T09:00:00.000Z
sensor.meross_temperature_studio_m,27.45851967761111,2026-06-01T10:00:00.000Z
sensor.meross_temperature_studio_m,27.63248401336111,2026-06-01T11:00:00.000Z
sensor.meross_temperature_studio_m,27.675230029166666,2026-06-01T12:00:00.000Z
sensor.meross_temperature_studio_m,27.696835553777778,2026-06-01T13:00:00.000Z
sensor.meross_temperature_studio_m,27.741331986444447,2026-06-01T14:00:00.000Z
sensor.meross_temperature_studio_m,27.899999999999995,2026-06-01T15:00:00.000Z
sensor.meross_temperature_studio_m,27.891775645944445,2026-06-01T16:00:00.000Z
sensor.meross_temperature_studio_m,27.790553901861113,2026-06-01T17:00:00.000Z
sensor.meross_temperature_studio_m,27.858831968388888,2026-06-01T18:00:00.000Z
sensor.meross_temperature_studio_m,27.899999999999995,2026-06-01T19:00:00.000Z
sensor.meross_temperature_studio_m,27.886530512027775,2026-06-01T20:00:00.000Z
sensor.meross_temperature_studio_m,27.775004976,2026-06-01T21:00:00.000Z
sensor.meross_temperature_studio_m,27.759870748500003,2026-06-01T22:00:00.000Z
sensor.meross_temperature_studio_m,27.68385022186111,2026-06-01T23:00:00.000Z
sensor.meross_temperature_studio_m,27.600000000000005,2026-06-02T00:00:00.000Z
sensor.meross_temperature_studio_m,27.505051313472222,2026-06-02T01:00:00.000Z
sensor.meross_temperature_studio_m,27.450120824055556,2026-06-02T02:00:00.000Z
sensor.meross_temperature_studio_m,27.399999999999995,2026-06-02T03:00:00.000Z
sensor.meross_temperature_studio_m,27.33681450661111,2026-06-02T04:00:00.000Z
sensor.meross_temperature_studio_m,27.27732831736111,2026-06-02T05:00:00.000Z
sensor.meross_temperature_studio_m,27.165500276694445,2026-06-02T06:00:00.000Z
sensor.meross_temperature_studio_m,27.196434002805557,2026-06-02T07:00:00.000Z
sensor.meross_temperature_studio_m,27.152675313777777,2026-06-02T08:00:00.000Z
sensor.meross_temperature_studio_m,27.2,2026-06-02T09:00:00.000Z
sensor.meross_temperature_studio_m,27.080373794083332,2026-06-02T10:00:00.000Z
sensor.meross_temperature_studio_m,27,2026-06-02T11:00:00.000Z
sensor.meross_temperature_studio_m,26.945607651111107,2026-06-02T12:00:00.000Z
sensor.meross_temperature_studio_m,26.83917521505556,2026-06-02T13:00:00.000Z
sensor.meross_temperature_studio_m,26.71103087413889,2026-06-02T14:00:00.000Z
sensor.meross_temperature_studio_m,26.701731043944445,2026-06-02T15:00:00.000Z
sensor.meross_temperature_studio_m,26.758652347611115,2026-06-02T16:00:00.000Z
sensor.meross_temperature_studio_m,26.869353185694447,2026-06-02T17:00:00.000Z
sensor.meross_temperature_studio_m,26.8,2026-06-02T18:00:00.000Z
sensor.meross_temperature_studio_m,26.8,2026-06-02T19:00:00.000Z
sensor.meross_temperature_studio_m,26.777552455861112,2026-06-02T20:00:00.000Z
sensor.meross_temperature_studio_m,26.7,2026-06-02T21:00:00.000Z
sensor.meross_temperature_studio_m,26.7,2026-06-02T22:00:00.000Z
sensor.meross_temperature_studio_m,26.620720309833334,2026-06-02T23:00:00.000Z
sensor.meross_temperature_studio_m,26.600000000000005,2026-06-03T00:00:00.000Z
sensor.meross_temperature_studio_m,26.50555194102778,2026-06-03T01:00:00.000Z
sensor.meross_temperature_studio_m,26.434506217027774,2026-06-03T02:00:00.000Z
sensor.meross_temperature_studio_m,26.399999999999995,2026-06-03T03:00:00.000Z
sensor.meross_temperature_studio_m,26.330423964833333,2026-06-03T04:00:00.000Z
sensor.meross_temperature_studio_m,26.3,2026-06-03T05:00:00.000Z
sensor.meross_temperature_studio_m,25.99907273497222,2026-06-03T06:00:00.000Z
sensor.meross_temperature_studio_m,26.279797503833333,2026-06-03T07:00:00.000Z
sensor.meross_temperature_studio_m,26.35840376125,2026-06-03T08:00:00.000Z
sensor.meross_temperature_studio_m,26.42891080358333,2026-06-03T09:00:00.000Z
sensor.meross_temperature_studio_m,26.536918237444443,2026-06-03T10:00:00.000Z
sensor.meross_temperature_studio_m,26.663418524111112,2026-06-03T11:00:00.000Z
sensor.meross_temperature_studio_m,26.600000000000005,2026-06-03T12:00:00.000Z
sensor.meross_temperature_studio_m,26.600000000000005,2026-06-03T13:00:00.000Z
sensor.meross_temperature_studio_m,26.647533194222223,2026-06-03T14:00:00.000Z
sensor.meross_temperature_studio_m,26.7,2026-06-03T15:00:00.000Z
sensor.meross_temperature_studio_m,26.73049841869444,2026-06-03T16:00:00.000Z
sensor.meross_temperature_studio_m,26.8,2026-06-03T17:00:00.000Z
sensor.meross_temperature_studio_m,26.764405116361115,2026-06-03T18:00:00.000Z
sensor.meross_temperature_studio_m,26.8,2026-06-03T19:00:00.000Z
sensor.meross_temperature_studio_m,26.8,2026-06-03T20:00:00.000Z
sensor.meross_temperature_studio_m,26.776816601666667,2026-06-03T21:00:00.000Z
sensor.meross_temperature_studio_m,26.659506654833333,2026-06-03T22:00:00.000Z
sensor.meross_temperature_studio_m,26.600000000000005,2026-06-03T23:00:00.000Z
sensor.meross_temperature_studio_m,26.513078860277776,2026-06-04T00:00:00.000Z
sensor.meross_temperature_studio_m,26.460123977194442,2026-06-04T01:00:00.000Z
sensor.meross_temperature_studio_m,26.399999999999995,2026-06-04T02:00:00.000Z
sensor.meross_temperature_studio_m,26.31830556936111,2026-06-04T03:00:00.000Z
sensor.meross_temperature_studio_m,26.27343295886111,2026-06-04T04:00:00.000Z
sensor.meross_temperature_studio_m,26.12469269413889,2026-06-04T05:00:00.000Z
sensor.meross_temperature_studio_m,26.028065703305558,2026-06-04T06:00:00.000Z
sensor.meross_temperature_studio_m,26.195473529194444,2026-06-04T07:00:00.000Z
sensor.meross_temperature_studio_m,26.2,2026-06-04T08:00:00.000Z
sensor.meross_temperature_studio_m,26.286663352,2026-06-04T09:00:00.000Z
sensor.meross_temperature_studio_m,26.399999999999995,2026-06-04T10:00:00.000Z
sensor.meross_temperature_studio_m,26.473425009305554,2026-06-04T11:00:00.000Z
sensor.meross_temperature_studio_m,26.55767923236111,2026-06-04T12:00:00.000Z
sensor.meross_temperature_studio_m,26.600000000000005,2026-06-04T13:00:00.000Z
sensor.meross_temperature_studio_m,26.623556038583335,2026-06-04T14:00:00.000Z
sensor.meross_temperature_studio_m,26.609111741055557,2026-06-04T15:00:00.000Z
sensor.meross_temperature_studio_m,26.697565510833332,2026-06-04T16:00:00.000Z
sensor.meross_temperature_studio_m,26.8,2026-06-04T17:00:00.000Z
sensor.meross_temperature_studio_m,26.866229410916663,2026-06-04T18:00:00.000Z
sensor.meross_temperature_studio_m,26.838466952250002,2026-06-04T19:00:00.000Z
sensor.meross_temperature_studio_m,26.8,2026-06-04T20:00:00.000Z
sensor.meross_temperature_studio_m,26.764397258555558,2026-06-04T21:00:00.000Z
sensor.meross_temperature_studio_m,26.682900716777777,2026-06-04T22:00:00.000Z
sensor.meross_temperature_studio_m,26.600000000000005,2026-06-04T23:00:00.000Z
sensor.meross_temperature_studio_m,26.543141787638888,2026-06-05T00:00:00.000Z
sensor.meross_temperature_studio_m,26.46334581411111,2026-06-05T01:00:00.000Z
sensor.meross_temperature_studio_m,26.384572960277776,2026-06-05T02:00:00.000Z
sensor.meross_temperature_studio_m,26.27551609577778,2026-06-05T03:00:00.000Z
sensor.meross_temperature_studio_m,26.180241787694445,2026-06-05T04:00:00.000Z
sensor.meross_temperature_studio_m,26.084966326916668,2026-06-05T05:00:00.000Z
sensor.meross_temperature_studio_m,25.833478402416663,2026-06-05T06:00:00.000Z
sensor.meross_temperature_studio_m,26.050483016583332,2026-06-05T07:00:00.000Z
sensor.meross_temperature_studio_m,26.10272400994445,2026-06-05T08:00:00.000Z
sensor.meross_temperature_studio_m,26.16309806877778,2026-06-05T09:00:00.000Z
sensor.meross_temperature_studio_m,26.2,2026-06-05T10:00:00.000Z
sensor.meross_temperature_studio_m,26.2482006635,2026-06-05T11:00:00.000Z
sensor.meross_temperature_studio_m,26.3,2026-06-05T12:00:00.000Z
sensor.meross_temperature_studio_m,26.358063397055556,2026-06-05T13:00:00.000Z
sensor.meross_temperature_studio_m,26.399999999999995,2026-06-05T14:00:00.000Z
sensor.meross_temperature_studio_m,26.399999999999995,2026-06-05T15:00:00.000Z
sensor.meross_temperature_studio_m,26.486374806,2026-06-05T16:00:00.000Z
sensor.meross_temperature_studio_m,26.545687153444444,2026-06-05T17:00:00.000Z
sensor.meross_temperature_studio_m,26.553763991527777,2026-06-05T18:00:00.000Z
sensor.meross_temperature_studio_m,26.504321014583336,2026-06-05T19:00:00.000Z
sensor.meross_temperature_studio_m,26.5,2026-06-05T20:00:00.000Z
sensor.meross_temperature_studio_m,26.42471701783333,2026-06-05T21:00:00.000Z
sensor.meross_temperature_studio_m,26.399999999999995,2026-06-05T22:00:00.000Z
sensor.meross_temperature_studio_m,26.397796086833335,2026-06-05T23:00:00.000Z
sensor.meross_temperature_studio_m,26.3,2026-06-06T00:00:00.000Z
sensor.meross_temperature_studio_m,26.3,2026-06-06T01:00:00.000Z
sensor.meross_temperature_studio_m,26.212998541333334,2026-06-06T02:00:00.000Z
sensor.meross_temperature_studio_m,26.2,2026-06-06T03:00:00.000Z
sensor.meross_temperature_studio_m,26.194385309972223,2026-06-06T04:00:00.000Z
sensor.meross_temperature_studio_m,26.100000000000005,2026-06-06T05:00:00.000Z
sensor.meross_temperature_studio_m,26.100000000000005,2026-06-06T06:00:00.000Z
sensor.meross_temperature_studio_m,26.113030841,2026-06-06T07:00:00.000Z
sensor.meross_temperature_studio_m,26.20379246277778,2026-06-06T08:00:00.000Z
sensor.meross_temperature_studio_m,26.204275203722222,2026-06-06T09:00:00.000Z
sensor.meross_temperature_studio_m,26.3,2026-06-06T10:00:00.000Z
sensor.meross_temperature_studio_m,26.43647147361111,2026-06-06T11:00:00.000Z
sensor.meross_temperature_studio_m,26.48077227213889,2026-06-06T12:00:00.000Z
sensor.meross_temperature_studio_m,26.47090042727778,2026-06-06T13:00:00.000Z
sensor.meross_temperature_studio_m,26.55734832172222,2026-06-06T14:00:00.000Z
sensor.meross_temperature_studio_m,26.600000000000005,2026-06-06T15:00:00.000Z
sensor.meross_temperature_studio_m,26.600000000000005,2026-06-06T16:00:00.000Z
sensor.meross_temperature_studio_m,26.556889705305554,2026-06-06T19:00:00.000Z
sensor.meross_temperature_studio_m,26.58751025261111,2026-06-06T20:00:00.000Z
sensor.meross_temperature_studio_m,26.59434785330556,2026-06-06T21:00:00.000Z
sensor.meross_temperature_studio_m,26.490070540055555,2026-06-06T22:00:00.000Z
sensor.meross_temperature_studio_m,26.399999999999995,2026-06-06T23:00:00.000Z
sensor.meross_temperature_studio_m,26.31958118458333,2026-06-07T00:00:00.000Z
sensor.meross_temperature_studio_m,26.23829136566667,2026-06-07T01:00:00.000Z
sensor.meross_temperature_studio_m,26.126420967194445,2026-06-07T02:00:00.000Z
sensor.meross_temperature_studio_m,26.100000000000005,2026-06-07T03:00:00.000Z
sensor.meross_temperature_studio_m,26.05245164305556,2026-06-07T04:00:00.000Z
sensor.meross_temperature_studio_m,26,2026-06-07T05:00:00.000Z
sensor.meross_temperature_studio_m,26,2026-06-07T06:00:00.000Z
sensor.meross_temperature_studio_m,26.050214379083332,2026-06-07T07:00:00.000Z
sensor.meross_temperature_studio_m,26.193510400416667,2026-06-07T08:00:00.000Z
sensor.meross_temperature_studio_m,26.275217863916666,2026-06-07T09:00:00.000Z
sensor.meross_temperature_studio_m,26.3,2026-06-07T10:00:00.000Z
sensor.meross_temperature_studio_m,26.39449660188889,2026-06-07T11:00:00.000Z
sensor.meross_temperature_studio_m,26.446451125805556,2026-06-07T12:00:00.000Z
sensor.meross_temperature_studio_m,26.52519152972222,2026-06-07T13:00:00.000Z
sensor.meross_temperature_studio_m,26.600000000000005,2026-06-07T14:00:00.000Z
sensor.meross_temperature_studio_m,26.706030447499998,2026-06-07T15:00:00.000Z
sensor.meross_temperature_studio_m,26.8,2026-06-07T16:00:00.000Z
sensor.meross_temperature_studio_m,26.8,2026-06-07T17:00:00.000Z
sensor.meross_temperature_studio_m,26.78621834997222,2026-06-07T18:00:00.000Z
sensor.meross_temperature_studio_m,26.8,2026-06-07T19:00:00.000Z
sensor.meross_temperature_studio_m,26.8,2026-06-07T20:00:00.000Z
sensor.meross_temperature_studio_m,26.705858818,2026-06-07T22:00:00.000Z
sensor.meross_temperature_studio_m,26.632562581749998,2026-06-07T23:00:00.000Z
sensor.meross_temperature_studio_m,26.570325502722223,2026-06-08T00:00:00.000Z
sensor.meross_temperature_studio_m,26.5,2026-06-08T01:00:00.000Z
sensor.meross_temperature_studio_m,26.431234509027774,2026-06-08T02:00:00.000Z
sensor.meross_temperature_studio_m,26.399999999999995,2026-06-08T03:00:00.000Z
sensor.meross_temperature_studio_m,26.313177416666665,2026-06-08T04:00:00.000Z
sensor.meross_temperature_studio_m,26.3,2026-06-08T05:00:00.000Z
sensor.meross_temperature_studio_m,26.3,2026-06-08T06:00:00.000Z
sensor.meross_temperature_studio_m,26.398251210444442,2026-06-08T07:00:00.000Z
sensor.meross_temperature_studio_m,26.53207469547222,2026-06-08T08:00:00.000Z
sensor.meross_temperature_studio_m,26.600000000000005,2026-06-08T09:00:00.000Z
sensor.meross_temperature_studio_m,26.61415056638889,2026-06-08T10:00:00.000Z
sensor.meross_temperature_studio_m,26.7,2026-06-08T11:00:00.000Z
sensor.meross_temperature_studio_m,26.7,2026-06-08T12:00:00.000Z
sensor.meross_temperature_studio_m,26.78241558875,2026-06-08T13:00:00.000Z
sensor.meross_temperature_studio_m,26.869326379138887,2026-06-08T14:00:00.000Z
sensor.meross_temperature_studio_m,26.899999999999995,2026-06-08T15:00:00.000Z
sensor.meross_temperature_studio_m,26.985967050166664,2026-06-08T16:00:00.000Z
sensor.meross_temperature_studio_m,27,2026-06-08T17:00:00.000Z
sensor.meross_temperature_studio_m,27,2026-06-08T18:00:00.000Z
sensor.meross_temperature_studio_m,26.98181382702778,2026-06-08T22:00:00.000Z
sensor.meross_temperature_studio_m,26.899999999999995,2026-06-08T23:00:00.000Z
sensor.meross_temperature_studio_m,26.87200885486111,2026-06-09T00:00:00.000Z
sensor.meross_temperature_studio_m,26.8,2026-06-09T01:00:00.000Z
sensor.meross_temperature_studio_m,26.8,2026-06-09T02:00:00.000Z
sensor.meross_temperature_studio_m,26.706189406222222,2026-06-09T03:00:00.000Z
sensor.meross_temperature_studio_m,26.69632902875,2026-06-09T04:00:00.000Z
sensor.meross_temperature_studio_m,26.600000000000005,2026-06-09T05:00:00.000Z
sensor.meross_temperature_studio_m,26.600000000000005,2026-06-09T06:00:00.000Z
sensor.meross_temperature_studio_m,26.60330458802778,2026-06-09T07:00:00.000Z
sensor.meross_temperature_studio_m,26.731672194972223,2026-06-09T08:00:00.000Z
sensor.meross_temperature_studio_m,26.8,2026-06-09T09:00:00.000Z
sensor.meross_temperature_studio_m,26.880127595999998,2026-06-09T10:00:00.000Z
sensor.meross_temperature_studio_m,26.899999999999995,2026-06-09T11:00:00.000Z
sensor.meross_temperature_studio_m,26.94011252961111,2026-06-09T12:00:00.000Z
sensor.meross_temperature_studio_m,27.035412414277776,2026-06-09T13:00:00.000Z
sensor.meross_temperature_studio_m,27.152779683861112,2026-06-09T14:00:00.000Z
sensor.meross_temperature_studio_m,27.2,2026-06-09T15:00:00.000Z
sensor.meross_temperature_studio_m,27.268169386944447,2026-06-09T16:00:00.000Z
sensor.meross_temperature_studio_m,27.3,2026-06-09T17:00:00.000Z
sensor.meross_temperature_studio_m,27.380807942916665,2026-06-09T18:00:00.000Z
sensor.meross_temperature_studio_m,27.399999999999995,2026-06-09T19:00:00.000Z
sensor.meross_temperature_studio_m,27.399999999999995,2026-06-09T20:00:00.000Z
sensor.meross_temperature_studio_m,27.318076874777777,2026-06-09T21:00:00.000Z
sensor.meross_temperature_studio_m,27.221524384444447,2026-06-09T22:00:00.000Z
sensor.meross_temperature_studio_m,27.139865176472224,2026-06-09T23:00:00.000Z
sensor.meross_temperature_studio_m,27.09693991366667,2026-06-10T00:00:00.000Z
sensor.meross_temperature_studio_m,27,2026-06-10T01:00:00.000Z
sensor.meross_temperature_studio_m,27,2026-06-10T02:00:00.000Z
sensor.meross_temperature_studio_m,26.93562435061111,2026-06-10T04:00:00.000Z
sensor.meross_temperature_studio_m,26.899999999999995,2026-06-10T05:00:00.000Z
sensor.meross_temperature_studio_m,26.899999999999995,2026-06-10T06:00:00.000Z
sensor.meross_temperature_studio_m,26.978700977,2026-06-10T11:00:00.000Z
sensor.meross_temperature_studio_m,26.94987433733333,2026-06-10T12:00:00.000Z
sensor.meross_temperature_studio_m,27,2026-06-10T13:00:00.000Z
sensor.meross_temperature_studio_m,27.091810285472224,2026-06-10T14:00:00.000Z
sensor.meross_temperature_studio_m,27.048845249305558,2026-06-10T15:00:00.000Z
sensor.meross_temperature_studio_m,26.939784997055554,2026-06-10T16:00:00.000Z
sensor.meross_temperature_studio_m,28.209481481723277,2026-06-18T19:00:00.000Z
sensor.meross_temperature_studio_m,28.515870529861115,2026-06-18T20:00:00.000Z
sensor.meross_temperature_studio_m,28.5,2026-06-18T21:00:00.000Z
sensor.meross_temperature_studio_m,28.42190561963889,2026-06-18T22:00:00.000Z
sensor.meross_temperature_studio_m,28.32385200483333,2026-06-18T23:00:00.000Z
sensor.meross_temperature_studio_m,28.207514926555557,2026-06-19T00:00:00.000Z
sensor.meross_temperature_studio_m,28.114961132250002,2026-06-19T01:00:00.000Z
sensor.meross_temperature_studio_m,28.194124038416664,2026-06-19T02:00:00.000Z
sensor.meross_temperature_studio_m,28.2,2026-06-19T03:00:00.000Z
sensor.meross_temperature_studio_m,28.2,2026-06-19T04:00:00.000Z
sensor.meross_temperature_studio_m,28.114645995944443,2026-06-19T06:00:00.000Z
sensor.meross_temperature_studio_m,28.211274080805556,2026-06-19T07:00:00.000Z
sensor.meross_temperature_studio_m,28.402177994333332,2026-06-19T08:00:00.000Z
sensor.meross_temperature_studio_m,28.5,2026-06-19T09:00:00.000Z
sensor.meross_temperature_studio_m,28.5065435695,2026-06-19T10:00:00.000Z
sensor.meross_temperature_studio_m,28.600000000000005,2026-06-19T11:00:00.000Z
sensor.meross_temperature_studio_m,28.64674726,2026-06-19T12:00:00.000Z
sensor.meross_temperature_studio_m,28.703458428166666,2026-06-19T13:00:00.000Z
sensor.meross_temperature_studio_m,28.8,2026-06-19T14:00:00.000Z
sensor.meross_temperature_studio_m,28.88778510277778,2026-06-19T15:00:00.000Z
sensor.meross_temperature_studio_m,28.899999999999995,2026-06-19T16:00:00.000Z
sensor.meross_temperature_studio_m,28.879738467777774,2026-06-19T17:00:00.000Z
sensor.meross_temperature_studio_m,28.908786990055557,2026-06-19T18:00:00.000Z
sensor.meross_temperature_studio_m,29.06366829411111,2026-06-19T19:00:00.000Z
sensor.meross_temperature_studio_m,29.100000000000005,2026-06-19T20:00:00.000Z
sensor.meross_temperature_studio_m,29.100000000000005,2026-06-19T21:00:00.000Z
sensor.meross_temperature_studio_m,29.041666666666668,2026-06-19T22:00:00.000Z
sensor.meross_temperature_studio_m,28.96506720102778,2026-06-19T23:00:00.000Z
sensor.meross_temperature_studio_m,28.89368432411111,2026-06-20T00:00:00.000Z
sensor.meross_temperature_studio_m,28.899999999999995,2026-06-20T01:00:00.000Z
sensor.meross_temperature_studio_m,28.899999999999995,2026-06-20T02:00:00.000Z
sensor.meross_temperature_studio_m,28.85929587033333,2026-06-20T04:00:00.000Z
sensor.meross_temperature_studio_m,28.8,2026-06-20T05:00:00.000Z
sensor.meross_temperature_studio_m,28.74214901872222,2026-06-20T06:00:00.000Z
sensor.meross_temperature_studio_m,28.82383388461111,2026-06-20T07:00:00.000Z
sensor.meross_temperature_studio_m,28.899999999999995,2026-06-20T08:00:00.000Z
sensor.meross_temperature_studio_m,28.802213139666666,2026-06-20T09:00:00.000Z
sensor.meross_temperature_studio_m,28.7,2026-06-20T10:00:00.000Z
sensor.meross_temperature_studio_m,28.7,2026-06-20T11:00:00.000Z
sensor.meross_temperature_studio_m,28.80822641641667,2026-06-20T12:00:00.000Z
sensor.meross_temperature_studio_m,28.899999999999995,2026-06-20T13:00:00.000Z
sensor.meross_temperature_studio_m,28.86384372697222,2026-06-20T14:00:00.000Z
sensor.meross_temperature_studio_m,29.197603756888892,2026-06-20T15:00:00.000Z
sensor.meross_temperature_studio_m,29.404466147888886,2026-06-20T16:00:00.000Z
sensor.meross_temperature_studio_m,29.467435201749996,2026-06-20T17:00:00.000Z
sensor.meross_temperature_studio_m,29.439107216944446,2026-06-20T18:00:00.000Z
sensor.meross_temperature_studio_m,29.452825717222222,2026-06-20T19:00:00.000Z
sensor.meross_temperature_studio_m,29.309191629694443,2026-06-20T20:00:00.000Z
sensor.meross_temperature_studio_m,29.322758984333333,2026-06-20T21:00:00.000Z
sensor.meross_temperature_studio_m,29.399999999999995,2026-06-20T22:00:00.000Z
sensor.meross_temperature_studio_m,29.367323236722218,2026-06-20T23:00:00.000Z
sensor.meross_temperature_studio_m,29.3,2026-06-21T00:00:00.000Z
sensor.meross_temperature_studio_m,29.268381788472222,2026-06-21T01:00:00.000Z
sensor.meross_temperature_studio_m,29.2,2026-06-21T02:00:00.000Z
sensor.meross_temperature_studio_m,29.152934902444443,2026-06-21T03:00:00.000Z
sensor.meross_temperature_studio_m,29.100000000000005,2026-06-21T04:00:00.000Z
sensor.meross_temperature_studio_m,29.04835285763889,2026-06-21T05:00:00.000Z
sensor.meross_temperature_studio_m,29,2026-06-21T06:00:00.000Z
sensor.meross_temperature_studio_m,28.97202302138889,2026-06-21T07:00:00.000Z
sensor.meross_temperature_studio_m,29.177120100249997,2026-06-21T08:00:00.000Z
sensor.meross_temperature_studio_m,29.242861530472222,2026-06-21T09:00:00.000Z
sensor.meross_temperature_studio_m,29.38275746658333,2026-06-21T10:00:00.000Z
sensor.meross_temperature_studio_m,29.345217614555555,2026-06-21T11:00:00.000Z
sensor.meross_temperature_studio_m,29.55077707077778,2026-06-21T12:00:00.000Z
sensor.meross_temperature_studio_m,29.65105749402778,2026-06-21T13:00:00.000Z
sensor.meross_temperature_studio_m,29.7,2026-06-21T14:00:00.000Z
sensor.meross_temperature_studio_m,29.67246421063889,2026-06-21T15:00:00.000Z
sensor.meross_temperature_studio_m,29.654373480361112,2026-06-21T16:00:00.000Z
sensor.meross_temperature_studio_m,29.696920901555554,2026-06-21T17:00:00.000Z
sensor.meross_temperature_studio_m,29.8,2026-06-21T18:00:00.000Z
sensor.meross_temperature_studio_m,29.60844820433333,2026-06-21T19:00:00.000Z
sensor.meross_temperature_studio_m,29.797027897472223,2026-06-21T20:00:00.000Z
sensor.meross_temperature_studio_m,29.899999999999995,2026-06-21T21:00:00.000Z
sensor.meross_temperature_studio_m,29.769381595499997,2026-06-21T22:00:00.000Z
sensor.meross_temperature_studio_m,29.7,2026-06-21T23:00:00.000Z
sensor.meross_temperature_studio_m,29.794412950555557,2026-06-22T00:00:00.000Z
sensor.meross_temperature_studio_m,29.73795921127778,2026-06-22T01:00:00.000Z
sensor.meross_temperature_studio_m,29.667551974444446,2026-06-22T02:00:00.000Z
sensor.meross_temperature_studio_m,29.577861985472225,2026-06-22T03:00:00.000Z
sensor.meross_temperature_studio_m,29.48172562169444,2026-06-22T04:00:00.000Z
sensor.meross_temperature_studio_m,29.399999999999995,2026-06-22T05:00:00.000Z
sensor.meross_temperature_studio_m,29.214259047138892,2026-06-22T06:00:00.000Z
sensor.meross_temperature_studio_m,29.390611443222223,2026-06-22T07:00:00.000Z
sensor.meross_temperature_studio_m,29.385966910416666,2026-06-22T08:00:00.000Z
sensor.meross_temperature_studio_m,29.33705146708333,2026-06-22T09:00:00.000Z
sensor.meross_temperature_studio_m,29.399999999999995,2026-06-22T10:00:00.000Z
sensor.meross_temperature_studio_m,29.414319604833334,2026-06-22T11:00:00.000Z
sensor.meross_temperature_studio_m,29.502724016194446,2026-06-22T12:00:00.000Z
sensor.meross_temperature_studio_m,29.58208358766667,2026-06-22T13:00:00.000Z
sensor.meross_temperature_studio_m,29.66566489538889,2026-06-22T14:00:00.000Z
sensor.meross_temperature_studio_m,29.6890402665,2026-06-22T15:00:00.000Z
sensor.meross_temperature_studio_m,29.991943376833333,2026-06-22T16:00:00.000Z
sensor.meross_temperature_studio_m,30.206694202083337,2026-06-22T17:00:00.000Z
sensor.meross_temperature_studio_m,30.447757026777776,2026-06-22T18:00:00.000Z
sensor.meross_temperature_studio_m,30.406265844694445,2026-06-22T19:00:00.000Z
sensor.meross_temperature_studio_m,30.21832829013889,2026-06-22T20:00:00.000Z
sensor.meross_temperature_studio_m,30.000617859972223,2026-06-22T21:00:00.000Z
sensor.meross_temperature_studio_m,30.053559116722223,2026-06-22T22:00:00.000Z
sensor.meross_temperature_studio_m,30.100000000000005,2026-06-22T23:00:00.000Z
sensor.meross_temperature_studio_m,30.100000000000005,2026-06-23T00:00:00.000Z
sensor.meross_temperature_studio_m,30.01082276675,2026-06-23T01:00:00.000Z
sensor.meross_temperature_studio_m,30,2026-06-23T02:00:00.000Z
sensor.meross_temperature_studio_m,30,2026-06-23T03:00:00.000Z
sensor.meross_temperature_studio_m,29.961341656944445,2026-06-23T05:00:00.000Z
sensor.meross_temperature_studio_m,29.778327900666667,2026-06-23T06:00:00.000Z
sensor.meross_temperature_studio_m,29.924652259777776,2026-06-23T07:00:00.000Z
sensor.meross_temperature_studio_m,30,2026-06-23T08:00:00.000Z
sensor.meross_temperature_studio_m,30.03734832177778,2026-06-23T09:00:00.000Z
sensor.meross_temperature_studio_m,30.100000000000005,2026-06-23T10:00:00.000Z
sensor.meross_temperature_studio_m,30.100000000000005,2026-06-23T11:00:00.000Z
sensor.meross_temperature_studio_m,30.187581140277775,2026-06-23T13:00:00.000Z
sensor.meross_temperature_studio_m,30.263655708111113,2026-06-23T14:00:00.000Z
sensor.meross_temperature_studio_m,30.3,2026-06-23T15:00:00.000Z
sensor.meross_temperature_studio_m,30.151986392583336,2026-06-23T16:00:00.000Z
sensor.meross_temperature_studio_m,30.2,2026-06-23T17:00:00.000Z
sensor.meross_temperature_studio_m,30.34772535833333,2026-06-23T18:00:00.000Z
sensor.meross_temperature_studio_m,30.39419974619444,2026-06-23T19:00:00.000Z
sensor.meross_temperature_studio_m,30.258710033833335,2026-06-23T20:00:00.000Z
sensor.meross_temperature_studio_m,30.241118947527777,2026-06-23T21:00:00.000Z
sensor.meross_temperature_studio_m,30.3,2026-06-23T22:00:00.000Z
sensor.meross_temperature_studio_m,30.3,2026-06-23T23:00:00.000Z
sensor.meross_temperature_studio_m,30.235104253444444,2026-06-24T00:00:00.000Z
sensor.meross_temperature_studio_m,30.2,2026-06-24T01:00:00.000Z
sensor.meross_temperature_studio_m,30.12532620288889,2026-06-24T02:00:00.000Z
sensor.meross_temperature_studio_m,30.075314197777782,2026-06-24T03:00:00.000Z
sensor.meross_temperature_studio_m,30,2026-06-24T04:00:00.000Z
sensor.meross_temperature_studio_m,30,2026-06-24T05:00:00.000Z
sensor.meross_temperature_studio_m,29.863071244500002,2026-06-24T06:00:00.000Z
sensor.meross_temperature_studio_m,29.973565023944445,2026-06-24T07:00:00.000Z
sensor.meross_temperature_studio_m,30.108531685194446,2026-06-24T08:00:00.000Z
sensor.meross_temperature_studio_m,30.2,2026-06-24T09:00:00.000Z
sensor.meross_temperature_studio_m,30.237710263444445,2026-06-24T10:00:00.000Z
sensor.meross_temperature_studio_m,30.302755762527777,2026-06-24T11:00:00.000Z
sensor.meross_temperature_studio_m,30.399999999999995,2026-06-24T12:00:00.000Z
sensor.meross_temperature_studio_m,30.435874740999996,2026-06-24T13:00:00.000Z
sensor.meross_temperature_studio_m,30.5,2026-06-24T14:00:00.000Z
sensor.meross_temperature_studio_m,30.491996383361112,2026-06-24T15:00:00.000Z
sensor.meross_temperature_studio_m,30.50414717286111,2026-06-24T16:00:00.000Z
sensor.meross_temperature_studio_m,30.58841021813889,2026-06-24T17:00:00.000Z
sensor.meross_temperature_studio_m,30.608921168527775,2026-06-24T18:00:00.000Z
sensor.meross_temperature_studio_m,30.390196576138887,2026-06-24T19:00:00.000Z
sensor.meross_temperature_studio_m,30.171922577944443,2026-06-24T20:00:00.000Z
sensor.meross_temperature_studio_m,30.01998309986111,2026-06-24T21:00:00.000Z
sensor.meross_temperature_studio_m,30.065199133083336,2026-06-24T22:00:00.000Z
sensor.meross_temperature_studio_m,30.313542412805557,2026-06-24T23:00:00.000Z
sensor.meross_temperature_studio_m,30.399999999999995,2026-06-25T00:00:00.000Z
sensor.meross_temperature_studio_m,30.32518251861111,2026-06-25T01:00:00.000Z
sensor.meross_temperature_studio_m,30.287703646055558,2026-06-25T02:00:00.000Z
sensor.meross_temperature_studio_m,30.2,2026-06-25T03:00:00.000Z
sensor.meross_temperature_studio_m,30.172254628666668,2026-06-25T04:00:00.000Z
sensor.meross_temperature_studio_m,30.100000000000005,2026-06-25T05:00:00.000Z
sensor.meross_temperature_studio_m,29.973835954416668,2026-06-25T06:00:00.000Z
sensor.meross_temperature_studio_m,30.09059342144445,2026-06-25T07:00:00.000Z
sensor.meross_temperature_studio_m,30.19695519386111,2026-06-25T08:00:00.000Z
sensor.meross_temperature_studio_m,30.259249109833334,2026-06-25T09:00:00.000Z
sensor.meross_temperature_studio_m,30.3,2026-06-25T10:00:00.000Z
sensor.meross_temperature_studio_m,30.39403454936111,2026-06-25T11:00:00.000Z
sensor.meross_temperature_studio_m,30.606662412194442,2026-06-25T12:00:00.000Z
sensor.meross_temperature_studio_m,30.787841876194445,2026-06-25T13:00:00.000Z
sensor.meross_temperature_studio_m,30.966745433361112,2026-06-25T14:00:00.000Z
sensor.meross_temperature_studio_m,30.769072544194444,2026-06-25T15:00:00.000Z
sensor.meross_temperature_studio_m,30.796562048555558,2026-06-25T16:00:00.000Z
sensor.meross_temperature_studio_m,31.024785458055558,2026-06-25T17:00:00.000Z
sensor.meross_temperature_studio_m,31.02534872530556,2026-06-25T18:00:00.000Z
sensor.meross_temperature_studio_m,31.100000000000005,2026-06-25T19:00:00.000Z
sensor.meross_temperature_studio_m,31.100000000000005,2026-06-25T20:00:00.000Z
sensor.meross_temperature_studio_m,31.050237938694448,2026-06-25T21:00:00.000Z
sensor.meross_temperature_studio_m,31,2026-06-25T22:00:00.000Z
sensor.meross_temperature_studio_m,30.90784161694444,2026-06-25T23:00:00.000Z
sensor.meross_temperature_studio_m,30.83451701988889,2026-06-26T00:00:00.000Z
sensor.meross_temperature_studio_m,30.717235595638886,2026-06-26T01:00:00.000Z
sensor.meross_temperature_studio_m,30.608234145694443,2026-06-26T02:00:00.000Z
sensor.meross_temperature_studio_m,30.540522140805553,2026-06-26T03:00:00.000Z
sensor.meross_temperature_studio_m,30.472143438305554,2026-06-26T04:00:00.000Z
sensor.meross_temperature_studio_m,30.399999999999995,2026-06-26T05:00:00.000Z
sensor.meross_temperature_studio_m,30.208574124527775,2026-06-26T06:00:00.000Z
sensor.meross_temperature_studio_m,30.248052237083332,2026-06-26T07:00:00.000Z
sensor.meross_temperature_studio_m,30.404415407722222,2026-06-26T08:00:00.000Z
sensor.meross_temperature_studio_m,30.5,2026-06-26T09:00:00.000Z
sensor.meross_temperature_studio_m,30.540855408194446,2026-06-26T10:00:00.000Z
sensor.meross_temperature_studio_m,30.600000000000005,2026-06-26T11:00:00.000Z
sensor.meross_temperature_studio_m,30.616006500694443,2026-06-26T12:00:00.000Z
sensor.meross_temperature_studio_m,30.7,2026-06-26T13:00:00.000Z
sensor.meross_temperature_studio_m,30.70950600163889,2026-06-26T14:00:00.000Z
sensor.meross_temperature_studio_m,30.8,2026-06-26T15:00:00.000Z
sensor.meross_temperature_studio_m,30.78624449147222,2026-06-26T16:00:00.000Z
sensor.meross_temperature_studio_m,30.970715463166666,2026-06-26T17:00:00.000Z
sensor.meross_temperature_studio_m,31.037316167194444,2026-06-26T18:00:00.000Z
sensor.meross_temperature_studio_m,30.93420021886111,2026-06-26T19:00:00.000Z
sensor.meross_temperature_studio_m,30.56110023463889,2026-06-26T20:00:00.000Z
sensor.meross_temperature_studio_m,30.541119883055558,2026-06-26T21:00:00.000Z
sensor.meross_temperature_studio_m,30.7,2026-06-26T22:00:00.000Z
sensor.meross_temperature_studio_m,30.7,2026-06-26T23:00:00.000Z
sensor.meross_temperature_studio_m,30.671583395555555,2026-06-27T02:00:00.000Z
sensor.meross_temperature_studio_m,30.600000000000005,2026-06-27T03:00:00.000Z
sensor.meross_temperature_studio_m,30.600000000000005,2026-06-27T04:00:00.000Z
sensor.meross_temperature_studio_m,30.413515566527778,2026-06-27T05:00:00.000Z
sensor.meross_temperature_studio_m,30.441177197416664,2026-06-27T06:00:00.000Z
sensor.meross_temperature_studio_m,30.498058295416666,2026-06-27T07:00:00.000Z
sensor.meross_temperature_studio_m,30.66164860963889,2026-06-27T08:00:00.000Z
sensor.meross_temperature_studio_m,30.38494194447222,2026-06-27T09:00:00.000Z
sensor.meross_temperature_studio_m,30.27050717888889,2026-06-27T10:00:00.000Z
sensor.meross_temperature_studio_m,30.186257215277777,2026-06-27T11:00:00.000Z
sensor.meross_temperature_studio_m,30.600213595166665,2026-06-27T12:00:00.000Z
sensor.meross_temperature_studio_m,30.8,2026-06-27T13:00:00.000Z
sensor.meross_temperature_studio_m,30.8,2026-06-27T14:00:00.000Z
sensor.meross_temperature_studio_m,30.833086301444443,2026-06-27T15:00:00.000Z
sensor.meross_temperature_studio_m,30.696468769944445,2026-06-27T16:00:00.000Z
sensor.meross_temperature_studio_m,30.865849391972223,2026-06-27T17:00:00.000Z
sensor.meross_temperature_studio_m,31.162550000333336,2026-06-27T18:00:00.000Z
sensor.meross_temperature_studio_m,31.19988375222222,2026-06-27T19:00:00.000Z
sensor.meross_temperature_studio_m,30.906138230555555,2026-06-27T20:00:00.000Z
sensor.meross_temperature_studio_m,31.100000000000005,2026-06-27T21:00:00.000Z
sensor.meross_temperature_studio_m,31.07840910736111,2026-06-27T22:00:00.000Z
sensor.meross_temperature_studio_m,31.108279855361115,2026-06-27T23:00:00.000Z
sensor.meross_temperature_studio_m,31.100000000000005,2026-06-28T00:00:00.000Z
sensor.meross_temperature_studio_m,31.094918622833333,2026-06-28T01:00:00.000Z
sensor.meross_temperature_studio_m,31,2026-06-28T02:00:00.000Z
sensor.meross_temperature_studio_m,31,2026-06-28T03:00:00.000Z
sensor.meross_temperature_studio_m,30.985924543194443,2026-06-28T04:00:00.000Z
sensor.meross_temperature_studio_m,30.899999999999995,2026-06-28T05:00:00.000Z
sensor.meross_temperature_studio_m,30.899999999999995,2026-06-28T06:00:00.000Z
sensor.meross_temperature_studio_m,30.94697454125,2026-06-28T08:00:00.000Z
sensor.meross_temperature_studio_m,30.928803286972222,2026-06-28T09:00:00.000Z
sensor.meross_temperature_studio_m,31.063354114916667,2026-06-28T10:00:00.000Z
sensor.meross_temperature_studio_m,31.087702278444443,2026-06-28T11:00:00.000Z
sensor.meross_temperature_studio_m,31.196872688138885,2026-06-28T12:00:00.000Z
sensor.meross_temperature_studio_m,31.189086185583335,2026-06-28T13:00:00.000Z
sensor.meross_temperature_studio_m,31.24334828569444,2026-06-28T14:00:00.000Z
sensor.meross_temperature_studio_m,31.233750111472222,2026-06-28T15:00:00.000Z
sensor.meross_temperature_studio_m,31.12118095280556,2026-06-28T16:00:00.000Z
sensor.meross_temperature_studio_m,31.363135036388886,2026-06-28T17:00:00.000Z
sensor.meross_temperature_studio_m,31.399999999999995,2026-06-28T18:00:00.000Z
sensor.meross_temperature_studio_m,31.399999999999995,2026-06-28T19:00:00.000Z
sensor.meross_temperature_studio_m,31.35937594852778,2026-06-28T21:00:00.000Z
sensor.meross_temperature_studio_m,31.23662101497222,2026-06-28T22:00:00.000Z
sensor.meross_temperature_studio_m,31.18019038036111,2026-06-28T23:00:00.000Z
sensor.meross_temperature_studio_m,31.100000000000005,2026-06-29T00:00:00.000Z
sensor.meross_temperature_studio_m,31.078470697138886,2026-06-29T01:00:00.000Z
sensor.meross_temperature_studio_m,31,2026-06-29T02:00:00.000Z
sensor.meross_temperature_studio_m,31,2026-06-29T03:00:00.000Z
sensor.meross_temperature_studio_m,30.924486856166666,2026-06-29T04:00:00.000Z
sensor.meross_temperature_studio_m,30.899999999999995,2026-06-29T05:00:00.000Z
sensor.meross_temperature_studio_m,30.6332315075,2026-06-29T06:00:00.000Z
sensor.meross_temperature_studio_m,30.8,2026-06-29T07:00:00.000Z
sensor.meross_temperature_studio_m,30.8,2026-06-29T08:00:00.000Z
sensor.meross_temperature_studio_m,30.857473264000003,2026-06-29T09:00:00.000Z
sensor.meross_temperature_studio_m,30.99263135861111,2026-06-29T10:00:00.000Z
sensor.meross_temperature_studio_m,31.158534880222224,2026-06-29T11:00:00.000Z
sensor.meross_temperature_studio_m,31.299805958083336,2026-06-29T12:00:00.000Z
sensor.meross_temperature_studio_m,31.54086756388889,2026-06-29T13:00:00.000Z
sensor.meross_temperature_studio_m,31.701313517388886,2026-06-29T14:00:00.000Z
sensor.meross_temperature_studio_m,31.885944860833334,2026-06-29T15:00:00.000Z
sensor.meross_temperature_studio_m,31.899999999999995,2026-06-29T16:00:00.000Z
sensor.meross_temperature_studio_m,31.703523325083335,2026-06-29T17:00:00.000Z
sensor.meross_temperature_studio_m,31.561077836833334,2026-06-29T18:00:00.000Z
sensor.meross_temperature_studio_m,31.337706067888888,2026-06-29T19:00:00.000Z
sensor.meross_temperature_studio_m,31.192750673666666,2026-06-29T20:00:00.000Z
sensor.meross_temperature_studio_m,31.2,2026-06-29T21:00:00.000Z
sensor.meross_temperature_studio_m,31.2,2026-06-29T22:00:00.000Z
sensor.meross_temperature_studio_m,31.149885124888886,2026-06-30T00:00:00.000Z
sensor.meross_temperature_studio_m,31.100000000000005,2026-06-30T01:00:00.000Z
sensor.meross_temperature_studio_m,31.03177253336111,2026-06-30T02:00:00.000Z
sensor.meross_temperature_studio_m,31,2026-06-30T03:00:00.000Z
sensor.meross_temperature_studio_m,30.91446485208333,2026-06-30T04:00:00.000Z
sensor.meross_temperature_studio_m,30.899999999999995,2026-06-30T05:00:00.000Z
sensor.meross_temperature_studio_m,30.833680824166663,2026-06-30T06:00:00.000Z
sensor.meross_temperature_studio_m,30.761096004611108,2026-06-30T07:00:00.000Z
sensor.meross_temperature_studio_m,30.932458018416668,2026-06-30T08:00:00.000Z
sensor.meross_temperature_studio_m,31,2026-06-30T09:00:00.000Z
sensor.meross_temperature_studio_m,31.020452069944444,2026-06-30T10:00:00.000Z
sensor.meross_temperature_studio_m,31.100000000000005,2026-06-30T11:00:00.000Z
sensor.meross_temperature_studio_m,31.080910679305557,2026-06-30T12:00:00.000Z
sensor.meross_temperature_studio_m,31.182605984694444,2026-06-30T13:00:00.000Z
sensor.meross_temperature_studio_m,31.318028717555553,2026-06-30T14:00:00.000Z
sensor.meross_temperature_studio_m,31.468959796916664,2026-06-30T15:00:00.000Z
sensor.meross_temperature_studio_m,31.5,2026-06-30T16:00:00.000Z
sensor.meross_temperature_studio_m,31.5,2026-06-30T17:00:00.000Z
sensor.meross_temperature_studio_m,31.541169490805558,2026-06-30T18:00:00.000Z
sensor.meross_temperature_studio_m,31.600000000000005,2026-06-30T19:00:00.000Z
sensor.meross_temperature_studio_m,31.41401094072222,2026-06-30T20:00:00.000Z
sensor.meross_temperature_studio_m,31.5,2026-06-30T21:00:00.000Z
sensor.meross_temperature_studio_m,31.48870971125,2026-06-30T22:00:00.000Z
sensor.meross_temperature_studio_m,31.399999999999995,2026-06-30T23:00:00.000Z
sensor.meross_temperature_studio_m,31.312768552722222,2026-07-01T00:00:00.000Z
sensor.meross_temperature_studio_m,31.294572626999997,2026-07-01T01:00:00.000Z
sensor.meross_temperature_studio_m,31.2,2026-07-01T02:00:00.000Z
sensor.meross_temperature_studio_m,31.13775351925,2026-07-01T03:00:00.000Z
sensor.meross_temperature_studio_m,31.073961886361115,2026-07-01T04:00:00.000Z
sensor.meross_temperature_studio_m,31,2026-07-01T05:00:00.000Z
sensor.meross_temperature_studio_m,30.72652160211111,2026-07-01T06:00:00.000Z
sensor.meross_temperature_studio_m,30.899999999999995,2026-07-01T07:00:00.000Z
sensor.meross_temperature_studio_m,30.922059332694445,2026-07-01T08:00:00.000Z
sensor.meross_temperature_studio_m,31,2026-07-01T09:00:00.000Z
sensor.meross_temperature_studio_m,31.087103346555555,2026-07-01T10:00:00.000Z
sensor.meross_temperature_studio_m,31.098329826777775,2026-07-01T11:00:00.000Z
sensor.meross_temperature_studio_m,31.225499806472225,2026-07-01T12:00:00.000Z
sensor.meross_temperature_studio_m,31.61768857272222,2026-07-01T13:00:00.000Z
sensor.meross_temperature_studio_m,30.891068428499995,2026-07-01T14:00:00.000Z
sensor.meross_temperature_studio_m,30.662723047833335,2026-07-01T15:00:00.000Z
sensor.meross_temperature_studio_m,30.437604877694444,2026-07-01T16:00:00.000Z
sensor.meross_temperature_studio_m,30.36635052619444,2026-07-01T17:00:00.000Z
sensor.meross_temperature_studio_m,30.638258682416666,2026-07-01T18:00:00.000Z
sensor.meross_temperature_studio_m,30.602812566694443,2026-07-01T19:00:00.000Z
sensor.meross_temperature_studio_m,30.44051086877778,2026-07-01T20:00:00.000Z
sensor.meross_temperature_studio_m,30.354690883583334,2026-07-01T21:00:00.000Z
sensor.meross_temperature_studio_m,30.3,2026-07-01T22:00:00.000Z
sensor.meross_temperature_studio_m,30.3,2026-07-01T23:00:00.000Z
sensor.meross_temperature_studio_m,30.26798723816667,2026-07-02T01:00:00.000Z
sensor.meross_temperature_studio_m,30.2,2026-07-02T02:00:00.000Z
sensor.meross_temperature_studio_m,30.2,2026-07-02T03:00:00.000Z
sensor.meross_temperature_studio_m,30.16643517563889,2026-07-02T04:00:00.000Z
sensor.meross_temperature_studio_m,29.998212695166668,2026-07-02T05:00:00.000Z
sensor.meross_temperature_studio_m,28.753899703416668,2026-07-02T06:00:00.000Z
sensor.meross_temperature_studio_m,29.23587006922222,2026-07-02T07:00:00.000Z
sensor.meross_temperature_studio_m,29.62794314602778,2026-07-02T08:00:00.000Z
sensor.meross_temperature_studio_m,29.779849887805554,2026-07-02T09:00:00.000Z
sensor.meross_temperature_studio_m,29.847459146194442,2026-07-02T10:00:00.000Z
sensor.meross_temperature_studio_m,29.899999999999995,2026-07-02T11:00:00.000Z
sensor.meross_temperature_studio_m,29.899999999999995,2026-07-02T12:00:00.000Z
sensor.meross_temperature_studio_m,30,2026-07-02T14:00:00.000Z
sensor.meross_temperature_studio_m,30.085427146416666,2026-07-02T15:00:00.000Z
sensor.meross_temperature_studio_m,30.100000000000005,2026-07-02T16:00:00.000Z
sensor.meross_temperature_studio_m,30.100000000000005,2026-07-02T17:00:00.000Z
sensor.meross_temperature_studio_m,30.03758627638889,2026-07-02T21:00:00.000Z
sensor.meross_temperature_studio_m,30,2026-07-02T22:00:00.000Z
sensor.meross_temperature_studio_m,29.896546798694445,2026-07-02T23:00:00.000Z
sensor.meross_temperature_studio_m,29.899999999999995,2026-07-03T00:00:00.000Z
sensor.meross_temperature_studio_m,29.899999999999995,2026-07-03T01:00:00.000Z
sensor.meross_temperature_studio_m,29.85126432322222,2026-07-03T03:00:00.000Z
sensor.meross_temperature_studio_m,29.789141505694445,2026-07-03T04:00:00.000Z
sensor.meross_temperature_studio_m,29.461109729194444,2026-07-03T05:00:00.000Z
sensor.meross_temperature_studio_m,29.08196808875,2026-07-03T06:00:00.000Z
sensor.meross_temperature_studio_m,29.002443416166667,2026-07-03T07:00:00.000Z
sensor.meross_temperature_studio_m,30.1,2026-07-03T17:00:00.000Z
sensor.meross_temperature_studio_m,30.0806877095,2026-07-03T18:00:00.000Z
sensor.meross_temperature_studio_m,30.230648698472223,2026-07-03T19:00:00.000Z
sensor.meross_temperature_studio_m,30.211781588416667,2026-07-03T20:00:00.000Z
sensor.meross_temperature_studio_m,30.166021794972224,2026-07-03T21:00:00.000Z
sensor.meross_temperature_studio_m,30.100000000000005,2026-07-03T22:00:00.000Z
sensor.meross_temperature_studio_m,30.05352094852778,2026-07-03T23:00:00.000Z
sensor.meross_temperature_studio_m,30,2026-07-04T00:00:00.000Z
sensor.meross_temperature_studio_m,30,2026-07-04T01:00:00.000Z
sensor.meross_temperature_studio_m,29.999207554722222,2026-07-04T02:00:00.000Z
sensor.meross_temperature_studio_m,29.899999999999995,2026-07-04T03:00:00.000Z
sensor.meross_temperature_studio_m,29.839803537138888,2026-07-04T04:00:00.000Z
sensor.meross_temperature_studio_m,29.8,2026-07-04T05:00:00.000Z
sensor.meross_temperature_studio_m,29.8,2026-07-04T06:00:00.000Z
sensor.meross_temperature_studio_m,29.65760895,2026-07-04T07:00:00.000Z
sensor.meross_temperature_studio_m,29.742211407444444,2026-07-04T08:00:00.000Z
sensor.meross_temperature_studio_m,29.862270997861113,2026-07-04T09:00:00.000Z
sensor.meross_temperature_studio_m,29.899999999999995,2026-07-04T10:00:00.000Z
sensor.meross_temperature_studio_m,29.96423969155555,2026-07-04T11:00:00.000Z
sensor.meross_temperature_studio_m,30.042870293833335,2026-07-04T12:00:00.000Z
sensor.meross_temperature_studio_m,30.100000000000005,2026-07-04T13:00:00.000Z
sensor.meross_temperature_studio_m,30.23401743319445,2026-07-04T14:00:00.000Z
sensor.meross_temperature_studio_m,30.47775466611111,2026-07-04T15:00:00.000Z
sensor.meross_temperature_studio_m,30.70595480038889,2026-07-04T16:00:00.000Z
sensor.meross_temperature_studio_m,30.812380304666664,2026-07-04T17:00:00.000Z
sensor.meross_temperature_studio_m,30.899999999999995,2026-07-04T18:00:00.000Z
sensor.meross_temperature_studio_m,30.87236845933333,2026-07-04T19:00:00.000Z
sensor.meross_temperature_studio_m,30.587118073694445,2026-07-04T20:00:00.000Z
sensor.meross_temperature_studio_m,30.600000000000005,2026-07-04T21:00:00.000Z
sensor.meross_temperature_studio_m,30.600000000000005,2026-07-04T22:00:00.000Z
sensor.meross_temperature_studio_m,30.53011409413889,2026-07-05T00:00:00.000Z
sensor.meross_temperature_studio_m,30.42525311988889,2026-07-05T01:00:00.000Z
sensor.meross_temperature_studio_m,30.368433710055555,2026-07-05T02:00:00.000Z
sensor.meross_temperature_studio_m,30.275826286861115,2026-07-05T03:00:00.000Z
sensor.meross_temperature_studio_m,30.2,2026-07-05T04:00:00.000Z
sensor.meross_temperature_studio_m,30.2,2026-07-05T05:00:00.000Z
sensor.meross_temperature_studio_m,30.351809597305557,2026-07-05T16:00:00.000Z
sensor.meross_temperature_studio_m,30.677252242833333,2026-07-05T17:00:00.000Z
sensor.meross_temperature_studio_m,30.89270232011111,2026-07-05T18:00:00.000Z
sensor.meross_temperature_studio_m,30.77053212466667,2026-07-05T19:00:00.000Z
sensor.meross_temperature_studio_m,30.77259773127778,2026-07-05T20:00:00.000Z
sensor.meross_temperature_studio_m,30.633171475472224,2026-07-05T21:00:00.000Z
sensor.meross_temperature_studio_m,30.600000000000005,2026-07-05T22:00:00.000Z
sensor.meross_temperature_studio_m,30.580992868888888,2026-07-05T23:00:00.000Z
sensor.meross_temperature_studio_m,30.494723555277776,2026-07-06T00:00:00.000Z
sensor.meross_temperature_studio_m,30.399999999999995,2026-07-06T01:00:00.000Z
sensor.meross_temperature_studio_m,30.33806743622222,2026-07-06T02:00:00.000Z
sensor.meross_temperature_studio_m,30.289722463694446,2026-07-06T03:00:00.000Z
sensor.meross_temperature_studio_m,30.1779706585,2026-07-06T04:00:00.000Z
sensor.meross_temperature_studio_m,29.946170238333334,2026-07-06T05:00:00.000Z
sensor.meross_temperature_studio_m,29.899999999999995,2026-07-06T06:00:00.000Z
sensor.meross_temperature_studio_m,29.875187051833333,2026-07-06T07:00:00.000Z
sensor.meross_temperature_studio_m,29.99225222894444,2026-07-06T08:00:00.000Z
sensor.meross_temperature_studio_m,30.100000000000005,2026-07-06T09:00:00.000Z
sensor.meross_temperature_studio_m,30.100000000000005,2026-07-06T10:00:00.000Z
sensor.meross_temperature_studio_m,30.193915590999996,2026-07-06T11:00:00.000Z
sensor.meross_temperature_studio_m,30.3,2026-07-06T12:00:00.000Z
sensor.meross_temperature_studio_m,30.3,2026-07-06T13:00:00.000Z
sensor.meross_temperature_studio_m,30.322960785055557,2026-07-06T14:00:00.000Z
sensor.meross_temperature_studio_m,30.399999999999995,2026-07-06T15:00:00.000Z
sensor.meross_temperature_studio_m,30.438059205111113,2026-07-06T16:00:00.000Z
sensor.meross_temperature_studio_m,30.53843376172222,2026-07-06T17:00:00.000Z
sensor.meross_temperature_studio_m,30.633091633833335,2026-07-06T18:00:00.000Z
sensor.meross_temperature_studio_m,30.606366639750004,2026-07-06T19:00:00.000Z
sensor.meross_temperature_studio_m,30.292233901944446,2026-07-06T20:00:00.000Z
sensor.meross_temperature_studio_m,30.449038271277775,2026-07-06T21:00:00.000Z
sensor.meross_temperature_studio_m,30.5,2026-07-06T22:00:00.000Z
sensor.meross_temperature_studio_m,30.499083963083333,2026-07-06T23:00:00.000Z
sensor.meross_temperature_studio_m,30.399999999999995,2026-07-07T00:00:00.000Z
sensor.meross_temperature_studio_m,30.386332823055554,2026-07-07T01:00:00.000Z
sensor.meross_temperature_studio_m,30.3,2026-07-07T02:00:00.000Z
sensor.meross_temperature_studio_m,30.20200514647222,2026-07-07T03:00:00.000Z
sensor.meross_temperature_studio_m,30.192037382527776,2026-07-07T04:00:00.000Z
sensor.meross_temperature_studio_m,30.027850004194445,2026-07-07T05:00:00.000Z
sensor.meross_temperature_studio_m,30,2026-07-07T06:00:00.000Z
sensor.meross_temperature_studio_m,29.926948789555553,2026-07-07T07:00:00.000Z
sensor.meross_temperature_studio_m,30.053669686444447,2026-07-07T08:00:00.000Z
sensor.meross_temperature_studio_m,30.14074692852778,2026-07-07T09:00:00.000Z
sensor.meross_temperature_studio_m,30.2,2026-07-07T10:00:00.000Z
sensor.meross_temperature_studio_m,30.281034629583335,2026-07-07T11:00:00.000Z
sensor.meross_temperature_studio_m,30.3,2026-07-07T12:00:00.000Z
sensor.meross_temperature_studio_m,30.35794137383333,2026-07-07T13:00:00.000Z
sensor.meross_temperature_studio_m,30.399999999999995,2026-07-07T14:00:00.000Z
sensor.meross_temperature_studio_m,30.399999999999995,2026-07-07T15:00:00.000Z
sensor.meross_temperature_studio_m,30.472020574416664,2026-07-07T16:00:00.000Z
sensor.meross_temperature_studio_m,30.545015764111113,2026-07-07T17:00:00.000Z
sensor.meross_temperature_studio_m,30.600000000000005,2026-07-07T18:00:00.000Z
sensor.meross_temperature_studio_m,30.53648229161111,2026-07-07T19:00:00.000Z
sensor.meross_temperature_studio_m,30.600000000000005,2026-07-07T20:00:00.000Z
sensor.meross_temperature_studio_m,30.600000000000005,2026-07-07T21:00:00.000Z
sensor.meross_temperature_studio_m,30.56354930694445,2026-07-07T22:00:00.000Z
sensor.meross_temperature_studio_m,30.492058851805556,2026-07-07T23:00:00.000Z
sensor.meross_temperature_studio_m,30.399999999999995,2026-07-08T00:00:00.000Z
sensor.meross_temperature_studio_m,30.398619150805555,2026-07-08T01:00:00.000Z
sensor.meross_temperature_studio_m,30.3,2026-07-08T02:00:00.000Z
sensor.meross_temperature_studio_m,30.250080065749998,2026-07-08T03:00:00.000Z
sensor.meross_temperature_studio_m,30.2,2026-07-08T04:00:00.000Z
sensor.meross_temperature_studio_m,30.07347186708333,2026-07-08T05:00:00.000Z
sensor.meross_temperature_studio_m,29.728788175194442,2026-07-08T06:00:00.000Z
sensor.meross_temperature_studio_m,29.899999999999995,2026-07-08T07:00:00.000Z
sensor.meross_temperature_studio_m,29.93938183386111,2026-07-08T08:00:00.000Z
sensor.meross_temperature_studio_m,30.03192948213889,2026-07-08T09:00:00.000Z
sensor.meross_temperature_studio_m,30.14654783766667,2026-07-08T10:00:00.000Z
sensor.meross_temperature_studio_m,30.216981841611112,2026-07-08T11:00:00.000Z
sensor.meross_temperature_studio_m,30.34257258325,2026-07-08T12:00:00.000Z
sensor.meross_temperature_studio_m,30.399999999999995,2026-07-08T13:00:00.000Z
sensor.meross_temperature_studio_m,30.437511855166665,2026-07-08T14:00:00.000Z
sensor.meross_temperature_studio_m,30.538260737138888,2026-07-08T15:00:00.000Z
sensor.meross_temperature_studio_m,30.650039908444445,2026-07-08T16:00:00.000Z
sensor.meross_temperature_studio_m,30.78798860480556,2026-07-08T17:00:00.000Z
sensor.meross_temperature_studio_m,30.927868967583333,2026-07-08T18:00:00.000Z
sensor.meross_temperature_studio_m,30.899999999999995,2026-07-08T19:00:00.000Z
sensor.meross_temperature_studio_m,30.780930771777776,2026-07-08T20:00:00.000Z
sensor.meross_temperature_studio_m,30.69436811038889,2026-07-08T21:00:00.000Z
sensor.meross_temperature_studio_m,30.7,2026-07-08T22:00:00.000Z
sensor.meross_temperature_studio_m,30.623437570277776,2026-07-08T23:00:00.000Z
sensor.meross_temperature_studio_m,30.600000000000005,2026-07-09T00:00:00.000Z
sensor.meross_temperature_studio_m,30.600000000000005,2026-07-09T01:00:00.000Z
sensor.meross_temperature_studio_m,30.59013171866667,2026-07-09T02:00:00.000Z
sensor.meross_temperature_studio_m,30.5,2026-07-09T03:00:00.000Z
sensor.meross_temperature_studio_m,30.457149264888887,2026-07-09T04:00:00.000Z
sensor.meross_temperature_studio_m,30.339894337999997,2026-07-09T05:00:00.000Z
sensor.meross_temperature_studio_m,30.083425486249997,2026-07-09T06:00:00.000Z
sensor.meross_temperature_studio_m,30.219148810833335,2026-07-09T07:00:00.000Z
sensor.meross_temperature_studio_m,30.399999999999995,2026-07-09T08:00:00.000Z
sensor.meross_temperature_studio_m,30.490581698499998,2026-07-09T09:00:00.000Z
sensor.meross_temperature_studio_m,30.534414431444446,2026-07-09T10:00:00.000Z
sensor.meross_temperature_studio_m,30.600000000000005,2026-07-09T11:00:00.000Z
sensor.meross_temperature_studio_m,30.69660656502778,2026-07-09T12:00:00.000Z
sensor.meross_temperature_studio_m,30.758734938,2026-07-09T13:00:00.000Z
sensor.meross_temperature_studio_m,30.831634723055554,2026-07-09T14:00:00.000Z
sensor.meross_temperature_studio_m,30.963982404027778,2026-07-09T15:00:00.000Z
sensor.meross_temperature_studio_m,31.067535954611113,2026-07-09T16:00:00.000Z
sensor.meross_temperature_studio_m,31.148999498861112,2026-07-09T17:00:00.000Z
sensor.meross_temperature_studio_m,31.2,2026-07-09T18:00:00.000Z
sensor.meross_temperature_studio_m,31.131445325388892,2026-07-09T19:00:00.000Z
sensor.meross_temperature_studio_m,31.100000000000005,2026-07-09T20:00:00.000Z
sensor.meross_temperature_studio_m,31.046483435055553,2026-07-09T21:00:00.000Z
sensor.meross_temperature_studio_m,31,2026-07-09T22:00:00.000Z
sensor.meross_temperature_studio_m,30.92317502,2026-07-09T23:00:00.000Z
sensor.meross_temperature_studio_m,30.869273427805553,2026-07-10T00:00:00.000Z
sensor.meross_temperature_studio_m,30.8,2026-07-10T01:00:00.000Z
sensor.meross_temperature_studio_m,30.720929580361112,2026-07-10T02:00:00.000Z
sensor.meross_temperature_studio_m,30.644882527916668,2026-07-10T03:00:00.000Z
sensor.meross_temperature_studio_m,30.600000000000005,2026-07-10T04:00:00.000Z
sensor.meross_temperature_studio_m,30.478916012583337,2026-07-10T05:00:00.000Z
sensor.meross_temperature_studio_m,30.311047914527776,2026-07-10T06:00:00.000Z
sensor.meross_temperature_studio_m,30.39156355675,2026-07-10T07:00:00.000Z
sensor.meross_temperature_studio_m,30.399999999999995,2026-07-10T08:00:00.000Z
sensor.meross_temperature_studio_m,30.46783055638889,2026-07-10T09:00:00.000Z
sensor.meross_temperature_studio_m,30.557574376444446,2026-07-10T10:00:00.000Z
sensor.meross_temperature_studio_m,30.611474488,2026-07-10T11:00:00.000Z
sensor.meross_temperature_studio_m,30.7,2026-07-10T12:00:00.000Z
sensor.meross_temperature_studio_m,30.7,2026-07-10T13:00:00.000Z
sensor.meross_temperature_studio_m,30.71093612225,2026-07-10T14:00:00.000Z
sensor.meross_temperature_studio_m,30.8,2026-07-10T15:00:00.000Z
sensor.meross_temperature_studio_m,30.8,2026-07-10T16:00:00.000Z
sensor.meross_temperature_studio_m,30.876645734277776,2026-07-10T17:00:00.000Z
sensor.meross_temperature_studio_m,30.879985775916666,2026-07-10T18:00:00.000Z
sensor.meross_temperature_studio_m,31,2026-07-10T19:00:00.000Z
sensor.meross_temperature_studio_m,31,2026-07-10T20:00:00.000Z
sensor.meross_temperature_studio_m,30.93180692863889,2026-07-10T21:00:00.000Z
sensor.meross_temperature_studio_m,30.795750650472225,2026-07-10T22:00:00.000Z
sensor.meross_temperature_studio_m,30.692277786749997,2026-07-10T23:00:00.000Z
sensor.meross_temperature_studio_m,30.600000000000005,2026-07-11T00:00:00.000Z
sensor.meross_temperature_studio_m,30.600000000000005,2026-07-11T01:00:00.000Z
sensor.meross_temperature_studio_m,30.574702386333332,2026-07-11T04:00:00.000Z
sensor.meross_temperature_studio_m,30.5,2026-07-11T05:00:00.000Z
sensor.meross_temperature_studio_m,30.5,2026-07-11T06:00:00.000Z
sensor.meross_temperature_studio_m,30.39489134527778,2026-07-11T07:00:00.000Z
sensor.meross_temperature_studio_m,30.45879681036111,2026-07-11T08:00:00.000Z
sensor.meross_temperature_studio_m,30.384377177916665,2026-07-11T09:00:00.000Z
sensor.meross_temperature_studio_m,30.7,2026-07-11T10:00:00.000Z
sensor.meross_temperature_studio_m,30.729428128444443,2026-07-11T11:00:00.000Z
sensor.meross_temperature_studio_m,30.833447342694445,2026-07-11T12:00:00.000Z
sensor.meross_temperature_studio_m,30.938732466999998,2026-07-11T13:00:00.000Z
sensor.meross_temperature_studio_m,31.030449415083336,2026-07-11T14:00:00.000Z
sensor.meross_temperature_studio_m,31.100000000000005,2026-07-11T15:00:00.000Z
sensor.meross_temperature_studio_m,31.134835608944446,2026-07-11T16:00:00.000Z
sensor.meross_temperature_studio_m,31.24405800588889,2026-07-11T17:00:00.000Z
sensor.meross_temperature_studio_m,31.244830544666666,2026-07-11T18:00:00.000Z
sensor.meross_temperature_studio_m,31.12323645561111,2026-07-11T19:00:00.000Z
sensor.meross_temperature_studio_m,31.100000000000005,2026-07-11T20:00:00.000Z
sensor.meross_temperature_studio_m,31.070124647833335,2026-07-11T21:00:00.000Z
sensor.meross_temperature_studio_m,30.98788520552778,2026-07-11T22:00:00.000Z
sensor.meross_temperature_studio_m,30.899999999999995,2026-07-11T23:00:00.000Z
sensor.meross_temperature_studio_m,30.861628911833332,2026-07-12T00:00:00.000Z
sensor.meross_temperature_studio_m,30.741569828750002,2026-07-12T01:00:00.000Z
sensor.meross_temperature_studio_m,30.649075027416668,2026-07-12T02:00:00.000Z
sensor.meross_temperature_studio_m,30.600000000000005,2026-07-12T03:00:00.000Z
sensor.meross_temperature_studio_m,30.514514392416668,2026-07-12T04:00:00.000Z
sensor.meross_temperature_studio_m,30.43052100136111,2026-07-12T05:00:00.000Z
sensor.meross_temperature_studio_m,30.365616642472222,2026-07-12T06:00:00.000Z
sensor.meross_temperature_studio_m,30.35716637852778,2026-07-12T07:00:00.000Z
sensor.meross_temperature_studio_m,30.36759434619444,2026-07-12T08:00:00.000Z
sensor.meross_temperature_studio_m,30.275582959999998,2026-07-12T09:00:00.000Z
sensor.meross_temperature_studio_m,30.45607505647222,2026-07-12T10:00:00.000Z
sensor.meross_temperature_studio_m,30.532649576388888,2026-07-12T11:00:00.000Z
sensor.meross_temperature_studio_m,30.600000000000005,2026-07-12T12:00:00.000Z
sensor.meross_temperature_studio_m,30.69844127730555,2026-07-12T13:00:00.000Z
sensor.meross_temperature_studio_m,30.7,2026-07-12T14:00:00.000Z
sensor.meross_temperature_studio_m,30.778878529222222,2026-07-12T15:00:00.000Z
sensor.meross_temperature_studio_m,30.8,2026-07-12T16:00:00.000Z
sensor.meross_temperature_studio_m,30.738996878111113,2026-07-12T17:00:00.000Z
sensor.meross_temperature_studio_m,30.883149174277776,2026-07-12T18:00:00.000Z
sensor.meross_temperature_studio_m,30.899999999999995,2026-07-12T19:00:00.000Z
sensor.meross_temperature_studio_m,30.899999999999995,2026-07-12T20:00:00.000Z
sensor.meross_temperature_studio_m,30.80677254619445,2026-07-12T23:00:00.000Z
sensor.meross_temperature_studio_m,30.8,2026-07-13T00:00:00.000Z
sensor.meross_temperature_studio_m,30.77388015336111,2026-07-13T01:00:00.000Z
sensor.meross_temperature_studio_m,30.7,2026-07-13T02:00:00.000Z
sensor.meross_temperature_studio_m,30.641875099194447,2026-07-13T03:00:00.000Z
sensor.meross_temperature_studio_m,30.600000000000005,2026-07-13T04:00:00.000Z
sensor.meross_temperature_studio_m,30.57875177158333,2026-07-13T05:00:00.000Z
sensor.meross_temperature_studio_m,30.30534205933333,2026-07-13T06:00:00.000Z
sensor.meross_temperature_studio_m,30.387149700833334,2026-07-13T07:00:00.000Z
sensor.meross_temperature_studio_m,30.399999999999995,2026-07-13T08:00:00.000Z
sensor.meross_temperature_studio_m,30.4050696095,2026-07-13T09:00:00.000Z
sensor.meross_temperature_studio_m,30.5,2026-07-13T10:00:00.000Z
sensor.meross_temperature_studio_m,30.631667577194445,2026-07-13T11:00:00.000Z
sensor.meross_temperature_studio_m,30.74035232527778,2026-07-13T12:00:00.000Z
sensor.meross_temperature_studio_m,30.8,2026-07-13T13:00:00.000Z
sensor.meross_temperature_studio_m,30.970776093277777,2026-07-13T14:00:00.000Z
sensor.meross_temperature_studio_m,31.02489702561111,2026-07-13T15:00:00.000Z
sensor.meross_temperature_studio_m,31.100000000000005,2026-07-13T16:00:00.000Z
sensor.meross_temperature_studio_m,31.100000000000005,2026-07-13T17:00:00.000Z
sensor.meross_temperature_studio_m,31.071799603694444,2026-07-13T18:00:00.000Z
sensor.meross_temperature_studio_m,31.02449651822222,2026-07-13T19:00:00.000Z
sensor.meross_temperature_studio_m,31.100000000000005,2026-07-13T20:00:00.000Z
sensor.meross_temperature_studio_m,30.90786867369444,2026-07-13T21:00:00.000Z
sensor.meross_temperature_studio_m,31,2026-07-13T22:00:00.000Z
sensor.meross_temperature_studio_m,30.997543601527777,2026-07-13T23:00:00.000Z
sensor.meross_temperature_studio_m,30.899999999999995,2026-07-14T00:00:00.000Z
sensor.meross_temperature_studio_m,30.899999999999995,2026-07-14T01:00:00.000Z
sensor.meross_temperature_studio_m,30.81972114613889,2026-07-14T03:00:00.000Z
sensor.meross_temperature_studio_m,30.8,2026-07-14T04:00:00.000Z
sensor.meross_temperature_studio_m,30.727082330722222,2026-07-14T05:00:00.000Z
sensor.meross_temperature_studio_m,30.329974073777777,2026-07-14T06:00:00.000Z
sensor.meross_temperature_studio_m,30.54495084827778,2026-07-14T07:00:00.000Z
sensor.meross_temperature_studio_m,30.600000000000005,2026-07-14T08:00:00.000Z
sensor.meross_temperature_studio_m,30.612164292861113,2026-07-14T09:00:00.000Z
sensor.meross_temperature_studio_m,30.7,2026-07-14T10:00:00.000Z
sensor.meross_temperature_studio_m,30.793870202888886,2026-07-14T11:00:00.000Z
sensor.meross_temperature_studio_m,30.899999999999995,2026-07-14T12:00:00.000Z
sensor.meross_temperature_studio_m,30.984748560750003,2026-07-14T13:00:00.000Z
sensor.meross_temperature_studio_m,31.100000000000005,2026-07-14T14:00:00.000Z
sensor.meross_temperature_studio_m,31.146829794583336,2026-07-14T15:00:00.000Z
sensor.meross_temperature_studio_m,31.2,2026-07-14T16:00:00.000Z
sensor.meross_temperature_studio_m,31.2,2026-07-14T17:00:00.000Z
sensor.meross_temperature_studio_m,31.194657745249998,2026-07-15T00:00:00.000Z
sensor.meross_temperature_studio_m,31.093769191888892,2026-07-15T01:00:00.000Z
sensor.meross_temperature_studio_m,31,2026-07-15T02:00:00.000Z
sensor.meross_temperature_studio_m,30.97579801261111,2026-07-15T03:00:00.000Z
sensor.meross_temperature_studio_m,30.899999999999995,2026-07-15T04:00:00.000Z
sensor.meross_temperature_studio_m,30.807950563361114,2026-07-15T05:00:00.000Z
sensor.meross_temperature_studio_m,30.54737918188889,2026-07-15T06:00:00.000Z
sensor.meross_temperature_studio_m,30.57322612538889,2026-07-15T07:00:00.000Z
sensor.meross_temperature_studio_m,30.600000000000005,2026-07-15T08:00:00.000Z
sensor.meross_temperature_studio_m,30.639136156194443,2026-07-15T09:00:00.000Z
sensor.meross_temperature_studio_m,30.75375071461111,2026-07-15T10:00:00.000Z
sensor.meross_temperature_studio_m,30.88486916333333,2026-07-15T11:00:00.000Z
sensor.meross_temperature_studio_m,30.954579938444443,2026-07-15T12:00:00.000Z
sensor.meross_temperature_studio_m,31.055468622611112,2026-07-15T13:00:00.000Z
sensor.meross_temperature_studio_m,31.14807681438889,2026-07-15T14:00:00.000Z
sensor.meross_temperature_studio_m,31.2,2026-07-15T15:00:00.000Z
sensor.meross_temperature_studio_m,31.2,2026-07-15T16:00:00.000Z
sensor.meross_temperature_studio_m,31.042141475638886,2026-07-15T17:00:00.000Z
sensor.meross_temperature_studio_m,30.792579297388887,2026-07-15T18:00:00.000Z
sensor.meross_temperature_studio_m,30.698991310583335,2026-07-15T19:00:00.000Z
sensor.meross_temperature_studio_m,30.899999999999995,2026-07-15T20:00:00.000Z
sensor.meross_temperature_studio_m,30.899999999999995,2026-07-15T21:00:00.000Z
sensor.meross_temperature_studio_m,30.884898516638888,2026-07-15T23:00:00.000Z
sensor.meross_temperature_studio_m,30.8,2026-07-16T00:00:00.000Z
sensor.meross_temperature_studio_m,30.8,2026-07-16T01:00:00.000Z
sensor.meross_temperature_studio_m,30.736938289694447,2026-07-16T02:00:00.000Z
sensor.meross_temperature_studio_m,30.693927473583333,2026-07-16T03:00:00.000Z
sensor.meross_temperature_studio_m,30.600000000000005,2026-07-16T04:00:00.000Z
sensor.meross_temperature_studio_m,30.52338138702778,2026-07-16T05:00:00.000Z
sensor.meross_temperature_studio_m,30.22196589722222,2026-07-16T06:00:00.000Z
sensor.meross_temperature_studio_m,29.94167746463889,2026-07-16T07:00:00.000Z
sensor.meross_temperature_studio_m,30.15888880147222,2026-07-16T08:00:00.000Z
sensor.meross_temperature_studio_m,30.297185124527775,2026-07-16T09:00:00.000Z
sensor.meross_temperature_studio_m,30.439269142694442,2026-07-16T10:00:00.000Z
sensor.meross_temperature_studio_m,30.517956130555557,2026-07-16T11:00:00.000Z
sensor.meross_temperature_studio_m,30.6076467205,2026-07-16T12:00:00.000Z
sensor.meross_temperature_studio_m,30.74423941327778,2026-07-16T13:00:00.000Z
sensor.meross_temperature_studio_m,30.833871933805554,2026-07-16T14:00:00.000Z
sensor.meross_temperature_studio_m,30.94334739525,2026-07-16T15:00:00.000Z
sensor.meross_temperature_studio_m,31,2026-07-16T16:00:00.000Z
sensor.meross_temperature_studio_m,31.05009569872222,2026-07-16T17:00:00.000Z
sensor.meross_temperature_studio_m,31.100000000000005,2026-07-16T18:00:00.000Z
sensor.meross_temperature_studio_m,31.100000000000005,2026-07-16T19:00:00.000Z
sensor.meross_temperature_studio_m,31.05443684141667,2026-07-16T21:00:00.000Z
sensor.meross_temperature_studio_m,31,2026-07-16T22:00:00.000Z
sensor.meross_temperature_studio_m,30.982114278416663,2026-07-16T23:00:00.000Z
sensor.meross_temperature_studio_m,30.899999999999995,2026-07-17T00:00:00.000Z
sensor.meross_temperature_studio_m,30.899999999999995,2026-07-17T01:00:00.000Z
sensor.meross_temperature_studio_m,30.810708651805555,2026-07-17T02:00:00.000Z
sensor.meross_temperature_studio_m,30.79801296133333,2026-07-17T03:00:00.000Z
sensor.meross_temperature_studio_m,30.391755272388888,2026-07-17T04:00:00.000Z
sensor.meross_temperature_studio_m,29.544603846444446,2026-07-17T05:00:00.000Z
sensor.meross_temperature_studio_m,28.839773714805556,2026-07-17T06:00:00.000Z
sensor.meross_temperature_studio_m,28.083324656444447,2026-07-17T07:00:00.000Z
sensor.meross_temperature_studio_m,27.69795985211111,2026-07-17T08:00:00.000Z
sensor.meross_temperature_studio_m,28.189051722972224,2026-07-17T09:00:00.000Z
sensor.meross_temperature_studio_m,28.20246920927778,2026-07-17T10:00:00.000Z
sensor.meross_temperature_studio_m,28.936439260361112,2026-07-17T11:00:00.000Z
sensor.meross_temperature_studio_m,29.227240712944447,2026-07-17T12:00:00.000Z
sensor.meross_temperature_studio_m,29.46324426713889,2026-07-17T13:00:00.000Z
sensor.meross_temperature_studio_m,29.663908065361113,2026-07-17T14:00:00.000Z
sensor.meross_temperature_studio_m,29.863100716555554,2026-07-17T15:00:00.000Z
sensor.meross_temperature_studio_m,29.958486989944443,2026-07-17T16:00:00.000Z
sensor.meross_temperature_studio_m,30.126919079333334,2026-07-17T17:00:00.000Z
sensor.meross_temperature_studio_m,30.29287501611111,2026-07-17T18:00:00.000Z
sensor.meross_temperature_studio_m,30.4247252535,2026-07-17T19:00:00.000Z
sensor.meross_temperature_studio_m,30.399999999999995,2026-07-17T20:00:00.000Z
sensor.meross_temperature_studio_m,30.399999999999995,2026-07-17T21:00:00.000Z
sensor.meross_temperature_studio_m,30.43772329752778,2026-07-17T22:00:00.000Z
sensor.meross_temperature_studio_m,30.5,2026-07-17T23:00:00.000Z
sensor.meross_temperature_studio_m,30.5,2026-07-18T00:00:00.000Z
sensor.meross_temperature_studio_m,30.41949042697222,2026-07-18T01:00:00.000Z
sensor.meross_temperature_studio_m,30.399999999999995,2026-07-18T02:00:00.000Z
sensor.meross_temperature_studio_m,30.399999999999995,2026-07-18T03:00:00.000Z
sensor.meross_temperature_studio_m,30.31415853402778,2026-07-18T04:00:00.000Z
sensor.meross_temperature_studio_m,30.188132854611112,2026-07-18T05:00:00.000Z
sensor.meross_temperature_studio_m,29.065309371194445,2026-07-18T06:00:00.000Z
sensor.meross_temperature_studio_m,29.10826225775,2026-07-18T07:00:00.000Z
sensor.meross_temperature_studio_m,29.538366783333334,2026-07-18T08:00:00.000Z
sensor.meross_temperature_studio_m,29.77711036222222,2026-07-18T09:00:00.000Z
sensor.meross_temperature_studio_m,29.97022624325,2026-07-18T10:00:00.000Z
sensor.meross_temperature_studio_m,30.248765757138887,2026-07-18T11:00:00.000Z
sensor.meross_temperature_studio_m,30.525396813727273,2026-07-18T12:00:00.000Z
sensor.meross_temperature_studio_m,30.75888983972222,2026-07-18T13:00:00.000Z
sensor.meross_temperature_studio_m,30.95368493105555,2026-07-18T14:00:00.000Z
sensor.meross_temperature_studio_m,31.298946380111115,2026-07-18T15:00:00.000Z
sensor.meross_temperature_studio_m,31.713046885,2026-07-18T16:00:00.000Z
sensor.meross_temperature_studio_m,31.794471255999998,2026-07-18T17:00:00.000Z
sensor.meross_temperature_studio_m,31.69813760786111,2026-07-18T18:00:00.000Z
sensor.meross_temperature_studio_m,31.534842800083336,2026-07-18T19:00:00.000Z
sensor.meross_temperature_studio_m,31.399999999999995,2026-07-18T20:00:00.000Z
sensor.meross_temperature_studio_m,31.331482180527775,2026-07-18T21:00:00.000Z
sensor.meross_temperature_studio_m,31.19395771588889,2026-07-18T22:00:00.000Z
sensor.meross_temperature_studio_m,31.057363960027782,2026-07-18T23:00:00.000Z
sensor.meross_temperature_studio_m,30.91695096925,2026-07-19T00:00:00.000Z
sensor.meross_temperature_studio_m,30.8,2026-07-19T01:00:00.000Z
sensor.meross_temperature_studio_m,30.71977067669444,2026-07-19T02:00:00.000Z
sensor.meross_temperature_studio_m,30.576609679750003,2026-07-19T03:00:00.000Z
sensor.meross_temperature_studio_m,30.5,2026-07-19T04:00:00.000Z
sensor.meross_temperature_studio_m,30.40443385791667,2026-07-19T05:00:00.000Z
sensor.meross_temperature_studio_m,30.399999999999995,2026-07-19T06:00:00.000Z
sensor.meross_temperature_studio_m,30.381729653555553,2026-07-19T07:00:00.000Z
sensor.meross_temperature_studio_m,29.987728133805557,2026-07-19T08:00:00.000Z
sensor.meross_temperature_studio_m,30.205019539944445,2026-07-19T09:00:00.000Z
sensor.meross_temperature_studio_m,30.47577429602778,2026-07-19T10:00:00.000Z
sensor.meross_temperature_studio_m,30.54207562361111,2026-07-19T11:00:00.000Z
sensor.meross_temperature_studio_m,30.628312870861112,2026-07-19T12:00:00.000Z
sensor.meross_temperature_studio_m,30.7,2026-07-19T13:00:00.000Z
sensor.meross_temperature_studio_m,30.658010610666665,2026-07-19T14:00:00.000Z
sensor.meross_temperature_studio_m,30.848173928583332,2026-07-19T15:00:00.000Z
sensor.meross_temperature_studio_m,30.923526252972223,2026-07-19T16:00:00.000Z
sensor.meross_temperature_studio_m,31.007352709055557,2026-07-19T17:00:00.000Z
sensor.meross_temperature_studio_m,31.100000000000005,2026-07-19T18:00:00.000Z
sensor.meross_temperature_studio_m,31.06595223188889,2026-07-19T19:00:00.000Z
sensor.meross_temperature_studio_m,30.924306642222223,2026-07-19T20:00:00.000Z
sensor.meross_temperature_studio_m,30.98098525913889,2026-07-19T21:00:00.000Z
sensor.meross_temperature_studio_m,30.840584952083333,2026-07-19T22:00:00.000Z
sensor.meross_temperature_studio_m,30.8,2026-07-19T23:00:00.000Z
sensor.meross_temperature_studio_m,30.713079308527778,2026-07-20T00:00:00.000Z
sensor.meross_temperature_studio_m,30.7,2026-07-20T01:00:00.000Z
sensor.meross_temperature_studio_m,30.61424978513889,2026-07-20T02:00:00.000Z
sensor.meross_temperature_studio_m,30.600000000000005,2026-07-20T03:00:00.000Z
sensor.meross_temperature_studio_m,30.55797724727778,2026-07-20T04:00:00.000Z
sensor.meross_temperature_studio_m,30.377835817,2026-07-20T05:00:00.000Z
sensor.meross_temperature_studio_m,29.831119672361112,2026-07-20T06:00:00.000Z
sensor.meross_temperature_studio_m,29.66352463466667,2026-07-20T07:00:00.000Z
sensor.meross_temperature_studio_m,29.899999999999995,2026-07-20T08:00:00.000Z
sensor.meross_temperature_studio_m,29.943783279555557,2026-07-20T09:00:00.000Z
sensor.meross_temperature_studio_m,30.09974229225,2026-07-20T10:00:00.000Z
sensor.meross_temperature_studio_m,30.178539552083333,2026-07-20T11:00:00.000Z
sensor.meross_temperature_studio_m,30.2,2026-07-20T12:00:00.000Z
sensor.meross_temperature_studio_m,30.2,2026-07-20T13:00:00.000Z
sensor.meross_temperature_studio_m,30.292010470305556,2026-07-20T14:00:00.000Z
sensor.meross_temperature_studio_m,30.3,2026-07-20T15:00:00.000Z
sensor.meross_temperature_studio_m,30.297034107555557,2026-07-20T16:00:00.000Z
sensor.meross_temperature_studio_m,30.344260547666664,2026-07-20T17:00:00.000Z
sensor.meross_temperature_studio_m,30.384109105055554,2026-07-20T18:00:00.000Z
sensor.meross_temperature_studio_m,30.399999999999995,2026-07-20T19:00:00.000Z
sensor.meross_temperature_studio_m,30.360987764749996,2026-07-20T20:00:00.000Z
sensor.meross_temperature_studio_m,30.232620766916668,2026-07-20T21:00:00.000Z
sensor.meross_temperature_studio_m,30.290272915722223,2026-07-20T22:00:00.000Z
sensor.meross_temperature_studio_m,30.3,2026-07-20T23:00:00.000Z
sensor.meross_temperature_studio_m,30.274079864055555,2026-07-21T00:00:00.000Z
sensor.meross_temperature_studio_m,30.2,2026-07-21T01:00:00.000Z
sensor.meross_temperature_studio_m,30.183362826555555,2026-07-21T02:00:00.000Z
sensor.meross_temperature_studio_m,30.09906324716667,2026-07-21T03:00:00.000Z
sensor.meross_temperature_studio_m,30,2026-07-21T04:00:00.000Z
sensor.meross_temperature_studio_m,29.92835905261111,2026-07-21T05:00:00.000Z
sensor.meross_temperature_studio_m,29.895870277527777,2026-07-21T06:00:00.000Z
sensor.meross_temperature_studio_m,29.899999999999995,2026-07-21T07:00:00.000Z
sensor.meross_temperature_studio_m,29.91815648847222,2026-07-21T08:00:00.000Z
sensor.meross_temperature_studio_m,29.922893270666666,2026-07-21T09:00:00.000Z
sensor.meross_temperature_studio_m,30.100000000000005,2026-07-21T10:00:00.000Z
sensor.meross_temperature_studio_m,30.100000000000005,2026-07-21T11:00:00.000Z
sensor.meross_temperature_studio_m,30.130981978972226,2026-07-21T12:00:00.000Z
sensor.meross_temperature_studio_m,30.2,2026-07-21T13:00:00.000Z
sensor.meross_temperature_studio_m,30.26298632988889,2026-07-21T14:00:00.000Z
sensor.meross_temperature_studio_m,30.3,2026-07-21T15:00:00.000Z
sensor.meross_temperature_studio_m,30.30407401044444,2026-07-21T16:00:00.000Z
sensor.meross_temperature_studio_m,30.395579395499997,2026-07-21T17:00:00.000Z
sensor.meross_temperature_studio_m,30.20544796,2026-07-21T18:00:00.000Z
sensor.meross_temperature_studio_m,30.137309121749997,2026-07-21T19:00:00.000Z
sensor.meross_temperature_studio_m,29.961443222499998,2026-07-21T20:00:00.000Z
sensor.meross_temperature_studio_m,30.09381242080556,2026-07-21T21:00:00.000Z
sensor.meross_temperature_studio_m,30.090685889499998,2026-07-21T22:00:00.000Z
sensor.meross_temperature_studio_m,30,2026-07-21T23:00:00.000Z
sensor.meross_temperature_studio_m,30,2026-07-22T00:00:00.000Z
sensor.meross_temperature_studio_m,29.945538969222223,2026-07-22T01:00:00.000Z
sensor.meross_temperature_studio_m,29.83364841380556,2026-07-22T02:00:00.000Z
sensor.meross_temperature_studio_m,29.36272316980555,2026-07-22T03:00:00.000Z
sensor.meross_temperature_studio_m,29.58795337202778,2026-07-22T04:00:00.000Z
sensor.meross_temperature_studio_m,29.600000000000005,2026-07-22T05:00:00.000Z
sensor.meross_temperature_studio_m,29.600000000000005,2026-07-22T06:00:00.000Z
sensor.meross_temperature_studio_m,29.616798707833336,2026-07-22T08:00:00.000Z
sensor.meross_temperature_studio_m,29.7,2026-07-22T09:00:00.000Z
sensor.meross_temperature_studio_m,29.833035262916667,2026-07-22T10:00:00.000Z
sensor.meross_temperature_studio_m,29.899999999999995,2026-07-22T11:00:00.000Z
sensor.meross_temperature_studio_m,29.899999999999995,2026-07-22T12:00:00.000Z
sensor.meross_temperature_studio_m,29.927091438916666,2026-07-22T15:00:00.000Z
sensor.meross_temperature_studio_m,30,2026-07-22T16:00:00.000Z
sensor.meross_temperature_studio_m,30,2026-07-22T17:00:00.000Z
sensor.meross_temperature_studio_m,29.923470401666666,2026-07-22T23:00:00.000Z
sensor.meross_temperature_studio_m,29.880657303916664,2026-07-23T00:00:00.000Z
sensor.meross_temperature_studio_m,29.8,2026-07-23T01:00:00.000Z
sensor.meross_temperature_studio_m,29.770019912833334,2026-07-23T02:00:00.000Z
sensor.meross_temperature_studio_m,29.677413835805556,2026-07-23T03:00:00.000Z
sensor.meross_temperature_studio_m,29.600000000000005,2026-07-23T04:00:00.000Z
sensor.meross_temperature_studio_m,29.501479735722224,2026-07-23T05:00:00.000Z
sensor.meross_temperature_studio_m,29.283703188333334,2026-07-23T06:00:00.000Z
sensor.meross_temperature_studio_m,29.09415050452778,2026-07-23T07:00:00.000Z
sensor.meross_temperature_studio_m,29.2,2026-07-23T08:00:00.000Z
sensor.meross_temperature_studio_m,29.2,2026-07-23T09:00:00.000Z
sensor.meross_temperature_studio_m,29.282945776583333,2026-07-23T11:00:00.000Z
sensor.meross_temperature_studio_m,29.383777249749997,2026-07-23T12:00:00.000Z
sensor.meross_temperature_studio_m,29.481024864583333,2026-07-23T13:00:00.000Z
sensor.meross_temperature_studio_m,29.583855829444445,2026-07-23T14:00:00.000Z
sensor.meross_temperature_studio_m,29.7,2026-07-23T15:00:00.000Z
sensor.meross_temperature_studio_m,29.7,2026-07-23T16:00:00.000Z
sensor.meross_temperature_studio_m,29.780712997833334,2026-07-23T17:00:00.000Z
sensor.meross_temperature_studio_m,29.8,2026-07-23T18:00:00.000Z
sensor.meross_temperature_studio_m,29.79467501075,2026-07-23T19:00:00.000Z
sensor.meross_temperature_studio_m,29.59677100986111,2026-07-23T20:00:00.000Z
sensor.meross_temperature_studio_m,29.37244862697222,2026-07-23T21:00:00.000Z
sensor.meross_temperature_studio_m,29.358403710027776,2026-07-23T22:00:00.000Z
sensor.meross_temperature_studio_m,29.399999999999995,2026-07-23T23:00:00.000Z
sensor.meross_temperature_studio_m,29.335640413388887,2026-07-24T00:00:00.000Z
sensor.meross_temperature_studio_m,29.287102713666666,2026-07-24T01:00:00.000Z
sensor.meross_temperature_studio_m,29.153205108694447,2026-07-24T02:00:00.000Z
sensor.meross_temperature_studio_m,29.077106558972222,2026-07-24T03:00:00.000Z
sensor.meross_temperature_studio_m,29,2026-07-24T04:00:00.000Z
sensor.meross_temperature_studio_m,29,2026-07-24T05:00:00.000Z
sensor.meross_temperature_studio_m,28.722842578555557,2026-07-24T06:00:00.000Z
sensor.meross_temperature_studio_m,28.69567262930555,2026-07-24T07:00:00.000Z
sensor.meross_temperature_studio_m,28.605131307583335,2026-07-24T08:00:00.000Z
sensor.meross_temperature_studio_m,28.808397360555556,2026-07-24T09:00:00.000Z
sensor.meross_temperature_studio_m,28.91940908138889,2026-07-24T10:00:00.000Z
sensor.meross_temperature_studio_m,29,2026-07-24T11:00:00.000Z
sensor.meross_temperature_studio_m,29.078923122611112,2026-07-24T12:00:00.000Z
sensor.meross_temperature_studio_m,29.193536626833332,2026-07-24T13:00:00.000Z
sensor.meross_temperature_studio_m,29.24757607752778,2026-07-24T14:00:00.000Z
sensor.meross_temperature_studio_m,29.3,2026-07-24T15:00:00.000Z
sensor.meross_temperature_studio_m,29.357519100555553,2026-07-24T16:00:00.000Z
sensor.meross_temperature_studio_m,29.342130289472223,2026-07-24T17:00:00.000Z
sensor.meross_temperature_studio_m,29.399999999999995,2026-07-24T18:00:00.000Z
sensor.meross_temperature_studio_m,29.399999999999995,2026-07-24T19:00:00.000Z
sensor.meross_temperature_studio_m,29.446309308194444,2026-07-24T20:00:00.000Z
sensor.meross_temperature_studio_m,28.809477055944445,2026-07-24T21:00:00.000Z
sensor.meross_temperature_studio_m,28.52292585502778,2026-07-24T22:00:00.000Z
sensor.meross_temperature_studio_m,28.899999999999995,2026-07-24T23:00:00.000Z
sensor.meross_temperature_studio_m,28.899999999999995,2026-07-25T00:00:00.000Z
sensor.meross_temperature_studio_m,28.87901361177778,2026-07-25T03:00:00.000Z
sensor.meross_temperature_studio_m,28.8,2026-07-25T04:00:00.000Z
sensor.meross_temperature_studio_m,28.598168237805556,2026-07-25T05:00:00.000Z
sensor.meross_temperature_studio_m,28.267535255194446,2026-07-25T06:00:00.000Z
sensor.meross_temperature_studio_m,28.2,2026-07-25T07:00:00.000Z
sensor.meross_temperature_studio_m,28.139657508944442,2026-07-25T08:00:00.000Z
sensor.meross_temperature_studio_m,28.26429069511111,2026-07-25T09:00:00.000Z
sensor.meross_temperature_studio_m,28.502877368555556,2026-07-25T10:00:00.000Z
sensor.meross_temperature_studio_m,28.739287760222222,2026-07-25T11:00:00.000Z
sensor.meross_temperature_studio_m,28.82075236863889,2026-07-25T12:00:00.000Z
sensor.meross_temperature_studio_m,28.899999999999995,2026-07-25T13:00:00.000Z
sensor.meross_temperature_studio_m,28.899999999999995,2026-07-25T14:00:00.000Z
sensor.meross_temperature_studio_m,28.987018664972222,2026-07-25T16:00:00.000Z
sensor.meross_temperature_studio_m,29.079960143277777,2026-07-25T17:00:00.000Z
sensor.meross_temperature_studio_m,29.039806136805556,2026-07-25T18:00:00.000Z
sensor.meross_temperature_studio_m,29.100000000000005,2026-07-25T19:00:00.000Z
sensor.meross_temperature_studio_m,29.025434455527776,2026-07-25T20:00:00.000Z
sensor.meross_temperature_studio_m,29,2026-07-25T21:00:00.000Z
sensor.meross_temperature_studio_m,29,2026-07-25T22:00:00.000Z
sensor.meross_temperature_studio_m,28.941278361416664,2026-07-26T02:00:00.000Z
sensor.meross_temperature_studio_m,28.899999999999995,2026-07-26T03:00:00.000Z
sensor.meross_temperature_studio_m,28.89743571572222,2026-07-26T04:00:00.000Z
sensor.meross_temperature_studio_m,28.8,2026-07-26T05:00:00.000Z
sensor.meross_temperature_studio_m,28.8,2026-07-26T06:00:00.000Z
sensor.meross_temperature_studio_m,28.747365124694443,2026-07-26T07:00:00.000Z
sensor.meross_temperature_studio_m,28.714359402555555,2026-07-26T08:00:00.000Z
sensor.meross_temperature_studio_m,28.899999999999995,2026-07-26T09:00:00.000Z
sensor.meross_temperature_studio_m,28.899999999999995,2026-07-26T10:00:00.000Z
sensor.meross_temperature_studio_m,28.933593038833333,2026-07-26T11:00:00.000Z
sensor.meross_temperature_studio_m,29.148708169583333,2026-07-26T12:00:00.000Z
sensor.meross_temperature_studio_m,29.246289223916666,2026-07-26T13:00:00.000Z
sensor.meross_temperature_studio_m,29.391189416416665,2026-07-26T14:00:00.000Z
sensor.meross_temperature_studio_m,29.361433115222223,2026-07-26T15:00:00.000Z
sensor.meross_temperature_studio_m,29.42314686572222,2026-07-26T16:00:00.000Z
sensor.meross_temperature_studio_m,29.49263121438889,2026-07-26T17:00:00.000Z
sensor.meross_temperature_studio_m,29.469556071166664,2026-07-26T18:00:00.000Z
sensor.meross_temperature_studio_m,29.335685002083334,2026-07-26T19:00:00.000Z
sensor.meross_temperature_studio_m,29.09047594861111,2026-07-26T20:00:00.000Z
sensor.meross_temperature_studio_m,28.960911506416664,2026-07-26T21:00:00.000Z
sensor.meross_temperature_studio_m,29.08317793016667,2026-07-26T22:00:00.000Z
sensor.meross_temperature_studio_m,29.093094883833334,2026-07-26T23:00:00.000Z
sensor.meross_temperature_studio_m,29,2026-07-27T00:00:00.000Z
sensor.meross_temperature_studio_m,29,2026-07-27T01:00:00.000Z
sensor.meross_temperature_studio_m,28.936888678388886,2026-07-27T03:00:00.000Z
sensor.meross_temperature_studio_m,28.89935287161111,2026-07-27T04:00:00.000Z
sensor.meross_temperature_studio_m,28.72241645586111,2026-07-27T05:00:00.000Z
sensor.meross_temperature_studio_m,27.24840554444445,2026-07-27T06:00:00.000Z
sensor.meross_temperature_studio_m,27.31848549763889,2026-07-27T07:00:00.000Z
sensor.meross_temperature_studio_m,27.62102481388889,2026-07-27T08:00:00.000Z
sensor.meross_temperature_studio_m,27.92437042475,2026-07-27T09:00:00.000Z
sensor.meross_temperature_studio_m,28.247993205138886,2026-07-27T10:00:00.000Z
sensor.meross_temperature_studio_m,28.538263138138888,2026-07-27T11:00:00.000Z
sensor.meross_temperature_studio_m,28.72892180202778,2026-07-27T12:00:00.000Z
sensor.meross_temperature_studio_m,28.88318882122222,2026-07-27T13:00:00.000Z
sensor.meross_temperature_studio_m,28.96315481786111,2026-07-27T14:00:00.000Z
sensor.meross_temperature_studio_m,29.08315957663889,2026-07-27T15:00:00.000Z
sensor.meross_temperature_studio_m,29.100000000000005,2026-07-27T16:00:00.000Z
sensor.meross_temperature_studio_m,29.100000000000005,2026-07-27T17:00:00.000Z
sensor.meross_temperature_studio_m,29.171569323166665,2026-07-27T18:00:00.000Z
sensor.meross_temperature_studio_m,29.21998992144444,2026-07-27T19:00:00.000Z
sensor.meross_temperature_studio_m,28.816142739555556,2026-07-27T20:00:00.000Z
sensor.meross_temperature_studio_m,29.137941462527778,2026-07-27T21:00:00.000Z
sensor.meross_temperature_studio_m,29.3,2026-07-27T22:00:00.000Z
sensor.meross_temperature_studio_m,29.3,2026-07-27T23:00:00.000Z
sensor.meross_temperature_studio_m,29.25091647172222,2026-07-28T00:00:00.000Z
sensor.meross_temperature_studio_m,29.2,2026-07-28T01:00:00.000Z
sensor.meross_temperature_studio_m,29.121659735583336,2026-07-28T02:00:00.000Z
sensor.meross_temperature_studio_m,29.050084065305555,2026-07-28T03:00:00.000Z
sensor.meross_temperature_studio_m,29,2026-07-28T04:00:00.000Z
sensor.meross_temperature_studio_m,29,2026-07-28T05:00:00.000Z
sensor.meross_temperature_studio_m,29.00872920177778,2026-07-28T08:00:00.000Z
sensor.meross_temperature_studio_m,29.153601688805555,2026-07-28T09:00:00.000Z
sensor.meross_temperature_studio_m,29.30314478736111,2026-07-28T10:00:00.000Z
sensor.meross_temperature_studio_m,29.414616169611108,2026-07-28T11:00:00.000Z
sensor.meross_temperature_studio_m,29.534728417361112,2026-07-28T12:00:00.000Z
sensor.meross_temperature_studio_m,29.61905965586111,2026-07-28T13:00:00.000Z
sensor.meross_temperature_studio_m,29.71714120125,2026-07-28T14:00:00.000Z
sensor.meross_temperature_studio_m,29.886826456277777,2026-07-28T15:00:00.000Z
sensor.meross_temperature_studio_m,29.899999999999995,2026-07-28T16:00:00.000Z
sensor.meross_temperature_studio_m,29.899999999999995,2026-07-28T17:00:00.000Z
sensor.meross_temperature_studio_m,29.875228164916667,2026-07-28T23:00:00.000Z
sensor.meross_temperature_studio_m,29.8,2026-07-29T00:00:00.000Z
sensor.meross_temperature_studio_m,29.73221814375,2026-07-29T01:00:00.000Z
sensor.meross_temperature_studio_m,29.7,2026-07-29T02:00:00.000Z
sensor.meross_temperature_studio_m,29.65255979338889,2026-07-29T03:00:00.000Z
sensor.meross_temperature_studio_m,29.600000000000005,2026-07-29T04:00:00.000Z
sensor.meross_temperature_studio_m,29.54264263516667,2026-07-29T05:00:00.000Z
sensor.meross_temperature_studio_m,29.338923159,2026-07-29T06:00:00.000Z
sensor.meross_temperature_studio_m,29.460890673527775,2026-07-29T07:00:00.000Z
sensor.meross_temperature_studio_m,29.541872029777778,2026-07-29T08:00:00.000Z
sensor.meross_temperature_studio_m,29.64432203861111,2026-07-29T09:00:00.000Z
sensor.meross_temperature_studio_m,29.783889021916664,2026-07-29T10:00:00.000Z
sensor.meross_temperature_studio_m,29.899999999999995,2026-07-29T11:00:00.000Z
sensor.meross_temperature_studio_m,29.978939568777776,2026-07-29T12:00:00.000Z
sensor.meross_temperature_studio_m,30.09888730833333,2026-07-29T13:00:00.000Z
sensor.meross_temperature_studio_m,30.282935661222222,2026-07-29T14:00:00.000Z
sensor.meross_temperature_studio_m,30.467933277472223,2026-07-29T15:00:00.000Z
sensor.meross_temperature_studio_m,30.519223730916668,2026-07-29T16:00:00.000Z
sensor.meross_temperature_studio_m,30.635848365944444,2026-07-29T17:00:00.000Z
sensor.meross_temperature_studio_m,30.786288587055555,2026-07-29T18:00:00.000Z
sensor.meross_temperature_studio_m,30.8,2026-07-29T19:00:00.000Z
sensor.meross_temperature_studio_m,30.67466394766667,2026-07-29T20:00:00.000Z
sensor.meross_temperature_studio_m,30.650662809472223,2026-07-29T21:00:00.000Z
sensor.meross_temperature_studio_m,30.600000000000005,2026-07-29T22:00:00.000Z
sensor.meross_temperature_studio_m,30.600000000000005,2026-07-29T23:00:00.000Z
sensor.meross_temperature_studio_m,30.53435580838889,2026-07-30T00:00:00.000Z
sensor.meross_temperature_studio_m,30.5,2026-07-30T01:00:00.000Z
sensor.meross_temperature_studio_m,30.412712836194444,2026-07-30T02:00:00.000Z
sensor.meross_temperature_studio_m,30.369675324138885,2026-07-30T03:00:00.000Z
sensor.meross_temperature_studio_m,30.3,2026-07-30T04:00:00.000Z
sensor.meross_temperature_studio_m,30.254200373,2026-07-30T05:00:00.000Z
sensor.meross_temperature_studio_m,30.1672071755,2026-07-30T06:00:00.000Z
sensor.meross_temperature_studio_m,30.158326944,2026-07-30T07:00:00.000Z
sensor.meross_temperature_studio_m,30.285309604555554,2026-07-30T08:00:00.000Z
sensor.meross_temperature_studio_m,30.399999999999995,2026-07-30T09:00:00.000Z
sensor.meross_temperature_studio_m,30.410003406416664,2026-07-30T10:00:00.000Z
sensor.meross_temperature_studio_m,30.5,2026-07-30T11:00:00.000Z
sensor.meross_temperature_studio_m,30.530835762055556,2026-07-30T12:00:00.000Z
sensor.meross_temperature_studio_m,30.600000000000005,2026-07-30T13:00:00.000Z
sensor.meross_temperature_studio_m,30.66231077636111,2026-07-30T14:00:00.000Z
sensor.meross_temperature_studio_m,30.84992236291667,2026-07-30T15:00:00.000Z
sensor.meross_temperature_studio_m,30.868475780194444,2026-07-30T16:00:00.000Z
sensor.meross_temperature_studio_m,30.695977584638886,2026-07-30T17:00:00.000Z
sensor.meross_temperature_studio_m,30.66142417672222,2026-07-30T18:00:00.000Z
sensor.meross_temperature_studio_m,30.510153488555556,2026-07-30T19:00:00.000Z
sensor.meross_temperature_studio_m,30.48412540441667,2026-07-30T20:00:00.000Z
sensor.meross_temperature_studio_m,30.399999999999995,2026-07-30T21:00:00.000Z
sensor.meross_temperature_studio_m,30.296289063055553,2026-07-30T22:00:00.000Z
sensor.meross_temperature_studio_m,30.18465702536111,2026-07-30T23:00:00.000Z
sensor.meross_temperature_studio_m,30.100000000000005,2026-07-31T00:00:00.000Z
sensor.meross_temperature_studio_m,30.02800536136111,2026-07-31T01:00:00.000Z
sensor.meross_temperature_studio_m,30,2026-07-31T02:00:00.000Z
sensor.meross_temperature_studio_m,29.971633005305552,2026-07-31T03:00:00.000Z
sensor.meross_temperature_studio_m,29.876359500388887,2026-07-31T04:00:00.000Z
sensor.meross_temperature_studio_m,29.8,2026-07-31T05:00:00.000Z
sensor.meross_temperature_studio_m,29.56137967808333,2026-07-31T06:00:00.000Z
sensor.meross_temperature_studio_m,29.82506075886111,2026-07-31T07:00:00.000Z
sensor.meross_temperature_studio_m,29.990948324777776,2026-07-31T08:00:00.000Z
sensor.meross_temperature_studio_m,30.18212228461111,2026-07-31T09:00:00.000Z
sensor.meross_temperature_studio_m,30.277854248305555,2026-07-31T10:00:00.000Z
sensor.meross_temperature_studio_m,30.399999999999995,2026-07-31T11:00:00.000Z
sensor.meross_temperature_studio_m,30.452385456138888,2026-07-31T12:00:00.000Z
sensor.meross_temperature_studio_m,30.550522389305556,2026-07-31T13:00:00.000Z
sensor.meross_temperature_studio_m,30.67060983563889,2026-07-31T14:00:00.000Z
sensor.meross_temperature_studio_m,30.80995667252778,2026-07-31T15:00:00.000Z
sensor.meross_temperature_studio_m,30.899999999999995,2026-07-31T16:00:00.000Z
sensor.meross_temperature_studio_m,30.899999999999995,2026-07-31T17:00:00.000Z
sensor.meross_temperature_studio_m,30.850710233277777,2026-07-31T18:00:00.000Z
sensor.meross_temperature_studio_m,30.87658224922222,2026-07-31T19:00:00.000Z
sensor.meross_temperature_studio_m,30.801036699611114,2026-07-31T20:00:00.000Z
sensor.meross_temperature_studio_m,30.899018770805554,2026-07-31T21:00:00.000Z
sensor.meross_temperature_studio_m,30.874446242944444,2026-07-31T22:00:00.000Z
sensor.meross_temperature_studio_m,30.8,2026-07-31T23:00:00.000Z
sensor.meross_temperature_studio_m,30.75622153733333,2026-08-01T00:00:00.000Z
sensor.meross_temperature_studio_m,30.7,2026-08-01T01:00:00.000Z
sensor.meross_temperature_studio_m,30.679315179833335,2026-08-01T02:00:00.000Z
sensor.meross_temperature_studio_m,30.600000000000005,2026-08-01T03:00:00.000Z
sensor.meross_temperature_studio_m,30.579709279499998,2026-08-01T04:00:00.000Z
sensor.meross_temperature_studio_m,30.482979292583334,2026-08-01T05:00:00.000Z
sensor.meross_temperature_studio_m,30.318788611194446,2026-08-01T06:00:00.000Z
sensor.meross_temperature_studio_m,30.3,2026-08-01T07:00:00.000Z
sensor.meross_temperature_studio_m,30.370021155944443,2026-08-01T08:00:00.000Z
sensor.meross_temperature_studio_m,30.48485713586111,2026-08-01T09:00:00.000Z
sensor.meross_temperature_studio_m,30.450507875,2026-08-01T10:00:00.000Z
sensor.meross_temperature_studio_m,30.62831370347222,2026-08-01T11:00:00.000Z
sensor.meross_temperature_studio_m,30.419032524472218,2026-08-01T12:00:00.000Z
sensor.meross_temperature_studio_m,30.46259763694444,2026-08-01T13:00:00.000Z
sensor.meross_temperature_studio_m,30.535951874583333,2026-08-01T14:00:00.000Z
sensor.meross_temperature_studio_m,30.600000000000005,2026-08-01T15:00:00.000Z
sensor.meross_temperature_studio_m,30.600000000000005,2026-08-01T16:00:00.000Z
sensor.meross_temperature_studio_m,30.54844375186111,2026-08-02T00:00:00.000Z
sensor.meross_temperature_studio_m,30.5,2026-08-02T01:00:00.000Z
sensor.meross_temperature_studio_m,30.5,2026-08-02T02:00:00.000Z
sensor.meross_temperature_studio_m,30.40507370583333,2026-08-02T03:00:00.000Z
sensor.meross_temperature_studio_m,30.399999999999995,2026-08-02T04:00:00.000Z
sensor.meross_temperature_studio_m,30.399999999999995,2026-08-02T05:00:00.000Z
sensor.meross_temperature_studio_m,30.397244300166665,2026-08-02T08:00:00.000Z
sensor.meross_temperature_studio_m,30.3,2026-08-02T09:00:00.000Z
sensor.meross_temperature_studio_m,30.3,2026-08-02T10:00:00.000Z
sensor.meross_temperature_studio_m,30.368434391444442,2026-08-02T14:00:00.000Z
sensor.meross_temperature_studio_m,30.399999999999995,2026-08-02T15:00:00.000Z
sensor.meross_temperature_studio_m,30.399999999999995,2026-08-02T16:00:00.000Z
sensor.meross_temperature_studio_m,30.42483387922222,2026-08-02T17:00:00.000Z
sensor.meross_temperature_studio_m,30.5,2026-08-02T18:00:00.000Z
sensor.meross_temperature_studio_m,30.5,2026-08-02T19:00:00.000Z
sensor.meross_temperature_studio_m,30.45194570461111,2026-08-02T23:00:00.000Z
sensor.meross_temperature_studio_m,30.399999999999995,2026-08-03T00:00:00.000Z
sensor.meross_temperature_studio_m,30.399999999999995,2026-08-03T01:00:00.000Z
sensor.meross_temperature_studio_m,30.361480166944443,2026-08-03T04:00:00.000Z
sensor.meross_temperature_studio_m,30.3,2026-08-03T05:00:00.000Z
sensor.meross_temperature_studio_m,30.3,2026-08-03T06:00:00.000Z
sensor.meross_temperature_studio_m,30.30311494919445,2026-08-03T09:00:00.000Z
sensor.meross_temperature_studio_m,30.399999999999995,2026-08-03T10:00:00.000Z
sensor.meross_temperature_studio_m,30.399999999999995,2026-08-03T11:00:00.000Z
sensor.meross_temperature_studio_m,30.46604652411111,2026-08-03T12:00:00.000Z
sensor.meross_temperature_studio_m,30.5,2026-08-03T13:00:00.000Z
sensor.meross_temperature_studio_m,30.51027774511111,2026-08-03T14:00:00.000Z
sensor.meross_temperature_studio_m,30.600000000000005,2026-08-03T15:00:00.000Z
sensor.meross_temperature_studio_m,30.600000000000005,2026-08-03T16:00:00.000Z
sensor.meross_temperature_studio_m,30.663234233444445,2026-08-03T17:00:00.000Z
sensor.meross_temperature_studio_m,30.7,2026-08-03T18:00:00.000Z
sensor.meross_temperature_studio_m,30.7,2026-08-03T19:00:00.000Z
sensor.meross_temperature_studio_m,30.71103036655555,2026-08-03T21:00:00.000Z
sensor.meross_temperature_studio_m,30.7,2026-08-03T22:00:00.000Z
sensor.meross_temperature_studio_m,30.7,2026-08-03T23:00:00.000Z
sensor.meross_temperature_studio_m,30.6718701745,2026-08-04T02:00:00.000Z
sensor.meross_temperature_studio_m,30.600000000000005,2026-08-04T03:00:00.000Z
sensor.meross_temperature_studio_m,30.575651694472224,2026-08-04T04:00:00.000Z
sensor.meross_temperature_studio_m,30.5,2026-08-04T05:00:00.000Z
sensor.meross_temperature_studio_m,30.5,2026-08-04T06:00:00.000Z
sensor.meross_temperature_studio_m,30.531400138611115,2026-08-04T09:00:00.000Z
sensor.meross_temperature_studio_m,30.600000000000005,2026-08-04T10:00:00.000Z
sensor.meross_temperature_studio_m,30.600000000000005,2026-08-04T11:00:00.000Z
sensor.meross_temperature_studio_m,30.661545191555557,2026-08-04T12:00:00.000Z
sensor.meross_temperature_studio_m,30.7,2026-08-04T13:00:00.000Z
sensor.meross_temperature_studio_m,30.7,2026-08-04T14:00:00.000Z
sensor.meross_temperature_studio_m,30.77790744402778,2026-08-04T15:00:00.000Z
sensor.meross_temperature_studio_m,30.8,2026-08-04T16:00:00.000Z
sensor.meross_temperature_studio_m,30.8,2026-08-04T17:00:00.000Z
sensor.meross_temperature_studio_m,30.833724202305557,2026-08-04T18:00:00.000Z
sensor.meross_temperature_studio_m,30.899999999999995,2026-08-04T19:00:00.000Z
sensor.meross_temperature_studio_m,30.899999999999995,2026-08-04T20:00:00.000Z
sensor.meross_temperature_studio_m,30.859366053666665,2026-08-05T02:00:00.000Z
sensor.meross_temperature_studio_m,30.8,2026-08-05T03:00:00.000Z
sensor.meross_temperature_studio_m,30.78243072863889,2026-08-05T04:00:00.000Z
sensor.meross_temperature_studio_m,30.7,2026-08-05T05:00:00.000Z
sensor.meross_temperature_studio_m,30.7,2026-08-05T06:00:00.000Z
sensor.meross_temperature_studio_m,30.794334362805557,2026-08-05T10:00:00.000Z
sensor.meross_temperature_studio_m,30.856653110583334,2026-08-05T11:00:00.000Z
sensor.meross_temperature_studio_m,30.899999999999995,2026-08-05T12:00:00.000Z
sensor.meross_temperature_studio_m,30.906250049611113,2026-08-05T13:00:00.000Z
sensor.meross_temperature_studio_m,31,2026-08-05T14:00:00.000Z
sensor.meross_temperature_studio_m,31,2026-08-05T15:00:00.000Z
sensor.meross_temperature_studio_m,31.092297834333333,2026-08-05T17:00:00.000Z
sensor.meross_temperature_studio_m,31.100000000000005,2026-08-05T18:00:00.000Z
sensor.meross_temperature_studio_m,31.100000000000005,2026-08-05T19:00:00.000Z
sensor.meross_temperature_studio_m,31.008296490166668,2026-08-06T03:00:00.000Z
sensor.meross_temperature_studio_m,31,2026-08-06T04:00:00.000Z
sensor.meross_temperature_studio_m,31,2026-08-06T05:00:00.000Z
sensor.meross_temperature_studio_m,31.002751727416666,2026-08-06T12:00:00.000Z
sensor.meross_temperature_studio_m,31.075408630500004,2026-08-06T13:00:00.000Z
sensor.meross_temperature_studio_m,31.100000000000005,2026-08-06T14:00:00.000Z
sensor.meross_temperature_studio_m,31.105525174611113,2026-08-06T15:00:00.000Z
sensor.meross_temperature_studio_m,31.2,2026-08-06T16:00:00.000Z
sensor.meross_temperature_studio_m,31.2,2026-08-06T17:00:00.000Z
sensor.meross_temperature_studio_m,31.200570751333334,2026-08-06T22:00:00.000Z
sensor.meross_temperature_studio_m,31.3,2026-08-06T23:00:00.000Z
sensor.meross_temperature_studio_m,31.3,2026-08-07T00:00:00.000Z
sensor.meross_temperature_studio_m,31.217966467944446,2026-08-07T03:00:00.000Z
sensor.meross_temperature_studio_m,31.2,2026-08-07T04:00:00.000Z
sensor.meross_temperature_studio_m,31.2,2026-08-07T05:00:00.000Z
sensor.meross_temperature_studio_m,31.251370512250002,2026-08-07T13:00:00.000Z
sensor.meross_temperature_studio_m,31.3,2026-08-07T14:00:00.000Z
sensor.meross_temperature_studio_m,31.3,2026-08-07T15:00:00.000Z
sensor.meross_temperature_studio_m,31.382906630999997,2026-08-07T16:00:00.000Z
sensor.meross_temperature_studio_m,31.399999999999995,2026-08-07T17:00:00.000Z
sensor.meross_temperature_studio_m,31.399999999999995,2026-08-07T18:00:00.000Z
sensor.meross_temperature_studio_m,31.315266675111115,2026-08-07T22:00:00.000Z
sensor.meross_temperature_studio_m,31.3,2026-08-07T23:00:00.000Z
sensor.meross_temperature_studio_m,31.3,2026-08-08T00:00:00.000Z
sensor.meross_temperature_studio_m,31.227471077527778,2026-08-08T03:00:00.000Z
sensor.meross_temperature_studio_m,31.2,2026-08-08T04:00:00.000Z
sensor.meross_temperature_studio_m,31.2,2026-08-08T05:00:00.000Z
sensor.meross_temperature_studio_m,31.244922631138888,2026-08-08T13:00:00.000Z
sensor.meross_temperature_studio_m,31.3,2026-08-08T14:00:00.000Z
sensor.meross_temperature_studio_m,31.3,2026-08-08T15:00:00.000Z
sensor.meross_temperature_studio_m,31.357893329194443,2026-08-08T17:00:00.000Z
sensor.meross_temperature_studio_m,31.399999999999995,2026-08-08T18:00:00.000Z
sensor.meross_temperature_studio_m,31.399999999999995,2026-08-08T19:00:00.000Z
sensor.meross_temperature_studio_m,31.33330446777778,2026-08-09T01:00:00.000Z
sensor.meross_temperature_studio_m,31.3,2026-08-09T02:00:00.000Z
sensor.meross_temperature_studio_m,31.3,2026-08-09T03:00:00.000Z
sensor.meross_temperature_studio_m,31.209691232833332,2026-08-09T06:00:00.000Z
sensor.meross_temperature_studio_m,31.2,2026-08-09T07:00:00.000Z
sensor.meross_temperature_studio_m,31.2,2026-08-09T08:00:00.000Z
sensor.meross_temperature_studio_m,31.276242347694446,2026-08-09T12:00:00.000Z
sensor.meross_temperature_studio_m,31.3,2026-08-09T13:00:00.000Z
sensor.meross_temperature_studio_m,31.3,2026-08-09T14:00:00.000Z
sensor.meross_temperature_studio_m,31.37062609394444,2026-08-09T15:00:00.000Z
sensor.meross_temperature_studio_m,31.399999999999995,2026-08-09T16:00:00.000Z
sensor.meross_temperature_studio_m,31.399999999999995,2026-08-09T17:00:00.000Z
sensor.meross_temperature_studio_m,31.397101006194443,2026-08-10T02:00:00.000Z
sensor.meross_temperature_studio_m,31.3,2026-08-10T03:00:00.000Z
sensor.meross_temperature_studio_m,31.3,2026-08-10T04:00:00.000Z
sensor.meross_temperature_studio_m,31.274820801055554,2026-08-10T06:00:00.000Z
sensor.meross_temperature_studio_m,31.2,2026-08-10T07:00:00.000Z
sensor.meross_temperature_studio_m,31.2,2026-08-10T08:00:00.000Z
sensor.meross_temperature_studio_m,31.28371855738889,2026-08-10T10:00:00.000Z
sensor.meross_temperature_studio_m,31.3,2026-08-10T11:00:00.000Z
sensor.meross_temperature_studio_m,31.3,2026-08-10T12:00:00.000Z
sensor.meross_temperature_studio_m,31.32919830147222,2026-08-10T14:00:00.000Z
sensor.meross_temperature_studio_m,31.40922418411111,2026-08-10T15:00:00.000Z
sensor.meross_temperature_studio_m,31.399999999999995,2026-08-10T16:00:00.000Z
sensor.meross_temperature_studio_m,31.40741031372222,2026-08-10T17:00:00.000Z
sensor.meross_temperature_studio_m,31.5,2026-08-10T18:00:00.000Z
sensor.meross_temperature_studio_m,31.5,2026-08-10T19:00:00.000Z
sensor.meross_temperature_studio_m,31.428274838527773,2026-08-11T01:00:00.000Z
sensor.meross_temperature_studio_m,31.399999999999995,2026-08-11T02:00:00.000Z
sensor.meross_temperature_studio_m,31.399999999999995,2026-08-11T03:00:00.000Z
sensor.meross_temperature_studio_m,31.37565332866667,2026-08-11T04:00:00.000Z
sensor.meross_temperature_studio_m,31.3,2026-08-11T05:00:00.000Z
sensor.meross_temperature_studio_m,31.3,2026-08-11T06:00:00.000Z
sensor.meross_temperature_studio_m,31.39327295158333,2026-08-11T13:00:00.000Z
sensor.meross_temperature_studio_m,31.399999999999995,2026-08-11T14:00:00.000Z
sensor.meross_temperature_studio_m,31.438420947666668,2026-08-11T15:00:00.000Z
sensor.meross_temperature_studio_m,31.5,2026-08-11T16:00:00.000Z
sensor.meross_temperature_studio_m,31.5,2026-08-11T17:00:00.000Z
sensor.meross_temperature_studio_m,31.566201887972223,2026-08-11T19:00:00.000Z
sensor.meross_temperature_studio_m,31.600000000000005,2026-08-11T20:00:00.000Z
sensor.meross_temperature_studio_m,31.600000000000005,2026-08-11T21:00:00.000Z
sensor.meross_temperature_studio_m,31.55995042716667,2026-08-12T00:00:00.000Z
sensor.meross_temperature_studio_m,31.5,2026-08-12T01:00:00.000Z
sensor.meross_temperature_studio_m,31.5,2026-08-12T02:00:00.000Z
sensor.meross_temperature_studio_m,31.414330776805553,2026-08-12T04:00:00.000Z
sensor.meross_temperature_studio_m,31.399999999999995,2026-08-12T05:00:00.000Z
sensor.meross_temperature_studio_m,31.399999999999995,2026-08-12T06:00:00.000Z
sensor.meross_temperature_studio_m,31.444091860055554,2026-08-12T12:00:00.000Z
sensor.meross_temperature_studio_m,31.5,2026-08-12T13:00:00.000Z
sensor.meross_temperature_studio_m,31.5,2026-08-12T14:00:00.000Z
sensor.meross_temperature_studio_m,31.54392154925,2026-08-12T15:00:00.000Z
sensor.meross_temperature_studio_m,31.600000000000005,2026-08-12T16:00:00.000Z
sensor.meross_temperature_studio_m,31.600000000000005,2026-08-12T17:00:00.000Z
sensor.meross_temperature_studio_m,31.60524026938889,2026-08-12T18:00:00.000Z
sensor.meross_temperature_studio_m,31.7,2026-08-12T19:00:00.000Z
sensor.meross_temperature_studio_m,31.7,2026-08-12T20:00:00.000Z
sensor.meross_temperature_studio_m,31.634472386888888,2026-08-13T00:00:00.000Z
sensor.meross_temperature_studio_m,31.600000000000005,2026-08-13T01:00:00.000Z
sensor.meross_temperature_studio_m,31.600000000000005,2026-08-13T02:00:00.000Z
sensor.meross_temperature_studio_m,31.536895733805554,2026-08-13T04:00:00.000Z
sensor.meross_temperature_studio_m,31.5,2026-08-13T05:00:00.000Z
sensor.meross_temperature_studio_m,31.5,2026-08-13T06:00:00.000Z
sensor.meross_temperature_studio_m,31.583626642555558,2026-08-13T13:00:00.000Z
sensor.meross_temperature_studio_m,31.600000000000005,2026-08-13T14:00:00.000Z
sensor.meross_temperature_studio_m,31.600000000000005,2026-08-13T15:00:00.000Z
sensor.meross_temperature_studio_m,31.678842021694447,2026-08-13T17:00:00.000Z
sensor.meross_temperature_studio_m,31.7,2026-08-13T18:00:00.000Z
sensor.meross_temperature_studio_m,31.7,2026-08-13T19:00:00.000Z
sensor.meross_temperature_studio_m,31.672903448,2026-08-14T00:00:00.000Z
sensor.meross_temperature_studio_m,31.600000000000005,2026-08-14T01:00:00.000Z
sensor.meross_temperature_studio_m,31.600000000000005,2026-08-14T02:00:00.000Z
sensor.meross_temperature_studio_m,31.55565337305556,2026-08-14T04:00:00.000Z
sensor.meross_temperature_studio_m,31.484248033333333,2026-08-14T05:00:00.000Z
sensor.meross_temperature_studio_m,31.068223578388892,2026-08-14T06:00:00.000Z
sensor.meross_temperature_studio_m,30.899999999999995,2026-08-14T07:00:00.000Z
sensor.meross_temperature_studio_m,30.886218331583333,2026-08-14T08:00:00.000Z
sensor.meross_temperature_studio_m,31.002672233722222,2026-08-14T09:00:00.000Z
sensor.meross_temperature_studio_m,31.190387591111115,2026-08-14T10:00:00.000Z
sensor.meross_temperature_studio_m,31.491039235388886,2026-08-14T11:00:00.000Z
sensor.meross_temperature_studio_m,31.600000000000005,2026-08-14T12:00:00.000Z
sensor.meross_temperature_studio_m,31.62913967477778,2026-08-14T13:00:00.000Z
sensor.meross_temperature_studio_m,31.642780601166667,2026-08-14T14:00:00.000Z
sensor.meross_temperature_studio_m,31.865704976138886,2026-08-14T15:00:00.000Z
sensor.meross_temperature_studio_m,31.899999999999995,2026-08-14T16:00:00.000Z
sensor.meross_temperature_studio_m,31.82600111872222,2026-08-14T17:00:00.000Z
sensor.meross_temperature_studio_m,31.631851013277778,2026-08-14T18:00:00.000Z
sensor.meross_temperature_studio_m,31.726828711055557,2026-08-14T19:00:00.000Z
sensor.meross_temperature_studio_m,31.645796416305554,2026-08-14T20:00:00.000Z
sensor.meross_temperature_studio_m,31.741286877194444,2026-08-14T21:00:00.000Z
sensor.meross_temperature_studio_m,31.436397832,2026-08-14T22:00:00.000Z
sensor.meross_temperature_studio_m,31.16573859972222,2026-08-14T23:00:00.000Z
sensor.meross_temperature_studio_m,30.973686244055557,2026-08-15T00:00:00.000Z
sensor.meross_temperature_studio_m,30.814697723138888,2026-08-15T01:00:00.000Z
sensor.meross_temperature_studio_m,30.715962316416665,2026-08-15T02:00:00.000Z
sensor.meross_temperature_studio_m,30.87464511488889,2026-08-15T03:00:00.000Z
sensor.meross_temperature_studio_m,30.899999999999995,2026-08-15T04:00:00.000Z
sensor.meross_temperature_studio_m,30.899999999999995,2026-08-15T05:00:00.000Z
sensor.meross_temperature_studio_m,30.891400077944443,2026-08-15T06:00:00.000Z
sensor.meross_temperature_studio_m,30.644292535694444,2026-08-15T07:00:00.000Z
sensor.meross_temperature_studio_m,30.993669560333334,2026-08-15T08:00:00.000Z
sensor.meross_temperature_studio_m,31.005049183861114,2026-08-15T09:00:00.000Z
sensor.meross_temperature_studio_m,31.15020844127778,2026-08-15T10:00:00.000Z
sensor.meross_temperature_studio_m,31.28004517486111,2026-08-15T11:00:00.000Z
sensor.meross_temperature_studio_m,31.38997089947222,2026-08-15T12:00:00.000Z
sensor.meross_temperature_studio_m,31.291226937916665,2026-08-15T13:00:00.000Z
sensor.meross_temperature_studio_m,31.58326599113889,2026-08-15T14:00:00.000Z
sensor.meross_temperature_studio_m,31.600000000000005,2026-08-15T15:00:00.000Z
sensor.meross_temperature_studio_m,31.600000000000005,2026-08-15T16:00:00.000Z
sensor.meross_temperature_studio_m,31.514267193,2026-08-15T22:00:00.000Z
sensor.meross_temperature_studio_m,31.5,2026-08-15T23:00:00.000Z
sensor.meross_temperature_studio_m,31.41977077186111,2026-08-16T00:00:00.000Z
sensor.meross_temperature_studio_m,31.399999999999995,2026-08-16T01:00:00.000Z
sensor.meross_temperature_studio_m,31.351032412277778,2026-08-16T02:00:00.000Z
sensor.meross_temperature_studio_m,31.3,2026-08-16T03:00:00.000Z
sensor.meross_temperature_studio_m,31.3,2026-08-16T04:00:00.000Z
sensor.meross_temperature_studio_m,31.2,2026-08-16T04:04:17.843Z
sensor.meross_temperature_studio_m,31.3,2026-08-16T11:09:02.258Z
sensor.meross_temperature_studio_m,31.4,2026-08-16T13:22:53.595Z
sensor.meross_temperature_studio_m,31.5,2026-08-16T15:31:48.822Z
sensor.meross_temperature_studio_m,31.4,2026-08-16T19:54:44.442Z
sensor.meross_temperature_studio_m,31.3,2026-08-16T20:42:38.269Z
sensor.meross_temperature_studio_m,31.2,2026-08-16T22:13:29.856Z
sensor.meross_temperature_studio_m,31.1,2026-08-16T23:49:20.647Z
sensor.meross_temperature_studio_m,31.0,2026-08-17T01:40:02.511Z
sensor.meross_temperature_studio_m,30.9,2026-08-17T03:16:21.162Z
sensor.meross_temperature_studio_m,30.8,2026-08-17T06:01:35.064Z
sensor.meross_temperature_studio_m,30.9,2026-08-17T08:56:48.097Z
sensor.meross_temperature_studio_m,31.0,2026-08-17T12:00:15.306Z
sensor.meross_temperature_studio_m,31.1,2026-08-17T13:32:50.914Z
sensor.meross_temperature_studio_m,31.0,2026-08-17T21:27:00.255Z
sensor.meross_temperature_studio_m,30.9,2026-08-17T23:46:18.631Z
sensor.meross_temperature_studio_m,30.8,2026-08-18T01:41:58.630Z
sensor.meross_temperature_studio_m,unknown,2026-08-18T01:48:29.440Z
sensor.meross_temperature_studio_m,30.8,2026-08-18T01:50:29.368Z
sensor.meross_temperature_studio_m,30.7,2026-08-18T03:49:10.873Z
sensor.meross_temperature_studio_m,30.6,2026-08-18T04:42:02.788Z
sensor.meross_temperature_studio_m,30.7,2026-08-18T09:15:28.562Z
sensor.meross_temperature_studio_m,30.8,2026-08-18T11:19:38.706Z
sensor.meross_temperature_studio_m,30.9,2026-08-18T12:42:20.164Z
sensor.meross_temperature_studio_m,30.8,2026-08-18T21:51:25.749Z
sensor.meross_temperature_studio_m,unknown,2026-08-19T00:14:39.233Z
sensor.meross_temperature_studio_m,30.8,2026-08-19T00:16:39.366Z
sensor.meross_temperature_studio_m,30.7,2026-08-19T00:33:20.613Z
sensor.meross_temperature_studio_m,30.6,2026-08-19T03:11:58.335Z
sensor.meross_temperature_studio_m,30.5,2026-08-19T05:45:38.015Z
sensor.meross_temperature_studio_m,30.6,2026-08-19T07:56:10.292Z
sensor.meross_temperature_studio_m,30.7,2026-08-19T09:30:19.946Z
sensor.meross_temperature_studio_m,30.8,2026-08-19T11:04:30.593Z
sensor.meross_temperature_studio_m,30.9,2026-08-19T14:19:29.983Z
sensor.meross_temperature_studio_m,31.0,2026-08-19T19:05:45.971Z
sensor.meross_temperature_studio_m,30.9,2026-08-19T21:09:19.126Z
sensor.meross_temperature_studio_m,30.8,2026-08-20T02:29:52.773Z
sensor.meross_temperature_studio_m,30.7,2026-08-20T06:03:01.445Z
sensor.meross_temperature_studio_m,30.8,2026-08-20T10:21:04.940Z
sensor.meross_temperature_studio_m,30.9,2026-08-20T12:58:13.697Z
sensor.meross_temperature_studio_m,30.8,2026-08-20T16:46:30.691Z
sensor.meross_temperature_studio_m,30.7,2026-08-20T17:41:05.674Z
sensor.meross_temperature_studio_m,30.6,2026-08-20T18:45:37.775Z
sensor.meross_temperature_studio_m,30.5,2026-08-20T20:39:46.752Z
sensor.meross_temperature_studio_m,30.4,2026-08-20T22:06:01.254Z
sensor.meross_temperature_studio_m,30.3,2026-08-21T00:03:20.312Z
sensor.meross_temperature_studio_m,30.2,2026-08-21T01:25:57.786Z
sensor.meross_temperature_studio_m,30.1,2026-08-21T02:41:59.074Z
sensor.meross_temperature_studio_m,30.0,2026-08-21T04:52:31.351Z
sensor.meross_temperature_studio_m,29.9,2026-08-21T09:13:01.904Z
sensor.meross_temperature_studio_m,29.8,2026-08-21T11:14:45.019Z
sensor.meross_temperature_studio_m,29.9,2026-08-21T15:21:01.296Z
sensor.meross_temperature_studio_m,29.8,2026-08-21T18:40:57.753Z
sensor.meross_temperature_studio_m,29.7,2026-08-21T20:21:45.581Z
sensor.meross_temperature_studio_m,29.6,2026-08-21T22:07:29.347Z
sensor.meross_temperature_studio_m,29.5,2026-08-21T22:57:04.217Z
sensor.meross_temperature_studio_m,29.4,2026-08-22T00:24:31.900Z
sensor.meross_temperature_studio_m,29.3,2026-08-22T01:40:33.121Z
sensor.meross_temperature_studio_m,29.2,2026-08-22T03:32:55.006Z
sensor.meross_temperature_studio_m,29.1,2026-08-22T04:34:04.134Z
sensor.meross_temperature_studio_m,29.2,2026-08-22T09:49:37.591Z
sensor.meross_temperature_studio_m,29.3,2026-08-22T12:08:25.977Z
sensor.meross_temperature_studio_m,29.4,2026-08-22T14:09:03.058Z
sensor.meross_temperature_studio_m,29.5,2026-08-22T15:57:31.951Z
sensor.meross_temperature_studio_m,29.4,2026-08-22T19:41:36.848Z
sensor.meross_temperature_studio_m,29.3,2026-08-22T21:22:28.593Z
sensor.meross_temperature_studio_m,29.2,2026-08-22T23:23:15.699Z
sensor.meross_temperature_studio_m,29.1,2026-08-23T00:06:17.438Z
sensor.meross_temperature_studio_m,29.0,2026-08-23T01:53:50.325Z
sensor.meross_temperature_studio_m,29.1,2026-08-23T12:16:32.130Z
sensor.meross_temperature_studio_m,29.2,2026-08-23T15:08:14.147Z
sensor.meross_temperature_studio_m,29.1,2026-08-23T22:42:54.987Z
sensor.meross_temperature_studio_m,29.0,2026-08-24T01:59:38.414Z
sensor.meross_temperature_studio_m,29.1,2026-08-24T12:46:15.074Z
sensor.meross_temperature_studio_m,29.2,2026-08-24T15:56:17.590Z
sensor.meross_temperature_studio_m,29.3,2026-08-24T16:59:06.750Z
sensor.meross_temperature_studio_m,29.4,2026-08-24T17:33:47.405Z
sensor.meross_temperature_studio_m,29.3,2026-08-24T18:29:58.498Z
sensor.meross_temperature_studio_m,29.2,2026-08-24T19:50:56.975Z
sensor.meross_temperature_studio_m,29.1,2026-08-25T00:23:44.273Z
sensor.meross_temperature_studio_m,29.0,2026-08-25T03:34:00.622Z
sensor.meross_temperature_studio_m,29.1,2026-08-25T16:23:27.053Z
sensor.meross_temperature_studio_m,29.0,2026-08-25T19:33:43.559Z
sensor.meross_temperature_studio_m,28.9,2026-08-26T03:32:54.512Z
sensor.meross_temperature_studio_m,29.0,2026-08-26T12:49:40.515Z
