entity_id,state,last_changed,current_temperature,hvac_action,target_temp_high,target_temp_low,temperature
climate.studio_s_mts200b_main_channel,auto,2026-08-16T04:00:14.499Z,31.3,cooling,,,20
climate.studio_s_mts200b_main_channel,auto,2026-08-16T04:11:43.706Z,31.2,cooling,,,20
climate.studio_s_mts200b_main_channel,auto,2026-08-16T06:21:46.978Z,31.3,cooling,,,20
climate.studio_s_mts200b_main_channel,auto,2026-08-16T09:25:28.167Z,31.4,cooling,,,20
climate.studio_s_mts200b_main_channel,auto,2026-08-16T12:08:11.007Z,31.5,cooling,,,20
climate.studio_s_mts200b_main_channel,auto,2026-08-16T14:40:58.714Z,31.6,cooling,,,20
climate.studio_s_mts200b_main_channel,auto,2026-08-16T19:30:14.738Z,31.6,cooling,,,18
climate.studio_s_mts200b_main_channel,auto,2026-08-16T19:33:38.802Z,31.5,cooling,,,18
climate.studio_s_mts200b_main_channel,auto,2026-08-16T20:06:20.370Z,31.4,cooling,,,18
climate.studio_s_mts200b_main_channel,auto,2026-08-16T20:27:27.844Z,31.3,cooling,,,18
climate.studio_s_mts200b_main_channel,auto,2026-08-16T22:21:15.720Z,31.2,cooling,,,18
climate.studio_s_mts200b_main_channel,auto,2026-08-17T00:19:56.803Z,31.1,cooling,,,18
climate.studio_s_mts200b_main_channel,auto,2026-08-17T02:28:23.210Z,31,cooling,,,18
climate.studio_s_mts200b_main_channel,auto,2026-08-17T04:00:15.648Z,31,cooling,,,20
climate.studio_s_mts200b_main_channel,auto,2026-08-17T04:39:45.582Z,30.9,cooling,,,20
climate.studio_s_mts200b_main_channel,auto,2026-08-17T09:15:06.156Z,31,cooling,,,20
climate.studio_s_mts200b_main_channel,auto,2026-08-17T11:09:21.142Z,31.1,cooling,,,20
climate.studio_s_mts200b_main_channel,auto,2026-08-17T12:20:44.419Z,31.2,cooling,,,20
climate.studio_s_mts200b_main_channel,auto,2026-08-17T17:46:34.080Z,31.3,cooling,,,20
climate.studio_s_mts200b_main_channel,auto,2026-08-17T18:12:34.552Z,31.2,cooling,,,20
climate.studio_s_mts200b_main_channel,auto,2026-08-17T19:30:15.895Z,31.2,cooling,,,18
climate.studio_s_mts200b_main_channel,auto,2026-08-17T20:28:05.003Z,31.1,cooling,,,18
climate.studio_s_mts200b_main_channel,auto,2026-08-17T22:11:29.692Z,31,cooling,,,18
climate.studio_s_mts200b_main_channel,auto,2026-08-18T00:02:36.636Z,30.9,cooling,,,18
climate.studio_s_mts200b_main_channel,unavailable,2026-08-18T01:48:29.441Z
climate.studio_s_mts200b_main_channel,auto,2026-08-18T01:50:29.369Z,30.9,cooling,,,18
climate.studio_s_mts200b_main_channel,auto,2026-08-18T02:02:54.733Z,30.8,cooling,,,18
climate.studio_s_mts200b_main_channel,auto,2026-08-18T04:00:16.786Z,30.8,cooling,,,20
climate.studio_s_mts200b_main_channel,auto,2026-08-18T04:26:25.372Z,30.7,cooling,,,20
climate.studio_s_mts200b_main_channel,auto,2026-08-18T05:52:35.743Z,30.6,cooling,,,20
climate.studio_s_mts200b_main_channel,auto,2026-08-18T08:09:10.141Z,30.7,cooling,,,20
climate.studio_s_mts200b_main_channel,auto,2026-08-18T09:19:05.349Z,30.8,cooling,,,20
climate.studio_s_mts200b_main_channel,auto,2026-08-18T10:55:00.008Z,30.9,cooling,,,20
climate.studio_s_mts200b_main_channel,auto,2026-08-18T12:17:48.474Z,31,cooling,,,20
climate.studio_s_mts200b_main_channel,auto,2026-08-18T19:30:02.908Z,31,cooling,,,18
climate.studio_s_mts200b_main_channel,auto,2026-08-18T21:11:23.776Z,30.9,cooling,,,18
climate.studio_s_mts200b_main_channel,auto,2026-08-18T23:13:20.893Z,30.8,cooling,,,18
climate.studio_s_mts200b_main_channel,unavailable,2026-08-19T00:14:39.234Z
climate.studio_s_mts200b_main_channel,auto,2026-08-19T00:16:39.366Z,30.8,cooling,,,18
climate.studio_s_mts200b_main_channel,auto,2026-08-19T02:15:26.075Z,30.7,cooling,,,18
climate.studio_s_mts200b_main_channel,auto,2026-08-19T03:43:14.603Z,30.6,cooling,,,18
climate.studio_s_mts200b_main_channel,auto,2026-08-19T04:00:06.402Z,30.6,cooling,,,20
climate.studio_s_mts200b_main_channel,auto,2026-08-19T07:26:41.493Z,30.7,cooling,,,20
climate.studio_s_mts200b_main_channel,auto,2026-08-19T10:01:09.205Z,30.8,cooling,,,20
climate.studio_s_mts200b_main_channel,auto,2026-08-19T11:32:10.802Z,30.9,cooling,,,20
climate.studio_s_mts200b_main_channel,auto,2026-08-19T13:12:12.548Z,31,cooling,,,20
climate.studio_s_mts200b_main_channel,auto,2026-08-19T16:09:23.619Z,31.1,cooling,,,20
climate.studio_s_mts200b_main_channel,auto,2026-08-19T19:30:04.714Z,31.1,cooling,,,18
climate.studio_s_mts200b_main_channel,auto,2026-08-19T20:35:13.263Z,31,cooling,,,18
climate.studio_s_mts200b_main_channel,auto,2026-08-20T00:36:54.468Z,30.9,cooling,,,18
climate.studio_s_mts200b_main_channel,auto,2026-08-20T00:48:21.678Z,31,cooling,,,18
climate.studio_s_mts200b_main_channel,auto,2026-08-20T01:39:41.574Z,30.9,cooling,,,18
climate.studio_s_mts200b_main_channel,auto,2026-08-20T03:59:31.015Z,30.8,cooling,,,18
climate.studio_s_mts200b_main_channel,auto,2026-08-20T04:00:08.567Z,30.8,cooling,,,20
climate.studio_s_mts200b_main_channel,auto,2026-08-20T10:25:31.856Z,30.9,cooling,,,20
climate.studio_s_mts200b_main_channel,auto,2026-08-20T13:50:21.338Z,31,cooling,,,20
climate.studio_s_mts200b_main_channel,auto,2026-08-20T14:17:21.813Z,30.9,cooling,,,20
climate.studio_s_mts200b_main_channel,auto,2026-08-20T16:50:12.473Z,30.8,cooling,,,20
climate.studio_s_mts200b_main_channel,auto,2026-08-20T17:35:43.264Z,30.7,cooling,,,20
climate.studio_s_mts200b_main_channel,auto,2026-08-20T18:57:01.691Z,30.6,cooling,,,20
climate.studio_s_mts200b_main_channel,auto,2026-08-20T19:30:07.455Z,30.6,cooling,,,18
climate.studio_s_mts200b_main_channel,auto,2026-08-20T20:45:00.676Z,30.5,cooling,,,18
climate.studio_s_mts200b_main_channel,auto,2026-08-20T21:57:52.847Z,30.4,cooling,,,18
climate.studio_s_mts200b_main_channel,auto,2026-08-21T00:03:05.019Z,30.3,cooling,,,18
climate.studio_s_mts200b_main_channel,auto,2026-08-21T01:38:38.692Z,30.2,cooling,,,18
climate.studio_s_mts200b_main_channel,auto,2026-08-21T03:08:06.262Z,30.1,cooling,,,18
climate.studio_s_mts200b_main_channel,auto,2026-08-21T04:00:09.623Z,30.1,cooling,,,20
climate.studio_s_mts200b_main_channel,auto,2026-08-21T05:05:14.294Z,30,cooling,,,20
climate.studio_s_mts200b_main_channel,auto,2026-08-21T09:18:25.703Z,29.9,cooling,,,20
climate.studio_s_mts200b_main_channel,auto,2026-08-21T11:20:22.835Z,29.8,cooling,,,20
climate.studio_s_mts200b_main_channel,auto,2026-08-21T14:59:53.654Z,29.9,cooling,,,20
climate.studio_s_mts200b_main_channel,auto,2026-08-21T19:20:04.173Z,29.8,cooling,,,20
climate.studio_s_mts200b_main_channel,auto,2026-08-21T19:30:07.196Z,29.8,cooling,,,18
climate.studio_s_mts200b_main_channel,auto,2026-08-21T20:27:09.480Z,29.7,cooling,,,18
climate.studio_s_mts200b_main_channel,auto,2026-08-21T21:41:37.633Z,29.6,cooling,,,18
climate.studio_s_mts200b_main_channel,auto,2026-08-21T23:09:08.161Z,29.5,cooling,,,18
climate.studio_s_mts200b_main_channel,auto,2026-08-22T00:35:26.684Z,29.4,cooling,,,18
climate.studio_s_mts200b_main_channel,auto,2026-08-22T02:08:08.262Z,29.3,cooling,,,18
climate.studio_s_mts200b_main_channel,auto,2026-08-22T03:37:35.821Z,29.2,cooling,,,18
climate.studio_s_mts200b_main_channel,auto,2026-08-22T04:00:09.505Z,29.2,cooling,,,20
climate.studio_s_mts200b_main_channel,auto,2026-08-22T05:08:33.421Z,29.1,cooling,,,20
climate.studio_s_mts200b_main_channel,auto,2026-08-22T09:10:55.610Z,29.2,cooling,,,20
climate.studio_s_mts200b_main_channel,auto,2026-08-22T10:22:30.855Z,29.3,cooling,,,20
climate.studio_s_mts200b_main_channel,auto,2026-08-22T11:43:51.265Z,29.4,cooling,,,20
climate.studio_s_mts200b_main_channel,auto,2026-08-22T13:41:08.310Z,29.5,cooling,,,20
climate.studio_s_mts200b_main_channel,auto,2026-08-22T19:27:47.324Z,29.4,cooling,,,20
climate.studio_s_mts200b_main_channel,auto,2026-08-22T19:30:07.514Z,29.4,cooling,,,18
climate.studio_s_mts200b_main_channel,auto,2026-08-22T21:56:38.934Z,29.3,cooling,,,18
climate.studio_s_mts200b_main_channel,auto,2026-08-22T23:17:55.347Z,29.2,cooling,,,18
climate.studio_s_mts200b_main_channel,auto,2026-08-23T00:11:36.291Z,29.1,cooling,,,18
climate.studio_s_mts200b_main_channel,auto,2026-08-23T02:15:13.428Z,29,cooling,,,18
climate.studio_s_mts200b_main_channel,auto,2026-08-23T04:00:09.576Z,29,cooling,,,20
climate.studio_s_mts200b_main_channel,auto,2026-08-23T10:06:18.597Z,29.1,cooling,,,20
climate.studio_s_mts200b_main_channel,auto,2026-08-23T10:56:45.489Z,29.2,cooling,,,20
climate.studio_s_mts200b_main_channel,unavailable,2026-08-23T12:50:43.362Z
climate.studio_s_mts200b_main_channel,auto,2026-08-23T13:14:44.319Z,29.3,cooling,,,20
climate.studio_s_mts200b_main_channel,unavailable,2026-08-23T13:30:43.360Z
climate.studio_s_mts200b_main_channel,auto,2026-08-23T14:44:48.056Z,29.3,cooling,,,20
climate.studio_s_mts200b_main_channel,auto,2026-08-23T19:30:08.445Z,29.3,cooling,,,18
climate.studio_s_mts200b_main_channel,auto,2026-08-23T19:33:32.450Z,29.2,cooling,,,18
climate.studio_s_mts200b_main_channel,auto,2026-08-23T22:25:57.593Z,29.1,cooling,,,18
climate.studio_s_mts200b_main_channel,auto,2026-08-24T00:47:29.067Z,29,cooling,,,18
climate.studio_s_mts200b_main_channel,auto,2026-08-24T04:00:11.553Z,29,cooling,,,20
climate.studio_s_mts200b_main_channel,auto,2026-08-24T10:16:12.418Z,29.1,cooling,,,20
climate.studio_s_mts200b_main_channel,auto,2026-08-24T12:14:23.346Z,29.2,cooling,,,20
climate.studio_s_mts200b_main_channel,auto,2026-08-24T16:28:53.700Z,29.3,cooling,,,20
climate.studio_s_mts200b_main_channel,auto,2026-08-24T19:30:09.747Z,29.3,cooling,,,18
climate.studio_s_mts200b_main_channel,auto,2026-08-24T21:51:48.206Z,29.2,cooling,,,18
climate.studio_s_mts200b_main_channel,auto,2026-08-25T00:18:12.735Z,29.1,cooling,,,18
climate.studio_s_mts200b_main_channel,auto,2026-08-25T01:03:45.559Z,29,cooling,,,18
climate.studio_s_mts200b_main_channel,auto,2026-08-25T04:00:11.875Z,29,cooling,,,20
climate.studio_s_mts200b_main_channel,auto,2026-08-25T06:12:25.897Z,28.9,cooling,,,20
climate.studio_s_mts200b_main_channel,auto,2026-08-25T12:29:53.576Z,29,cooling,,,20
climate.studio_s_mts200b_main_channel,auto,2026-08-25T14:43:16.814Z,29.1,cooling,,,20
climate.studio_s_mts200b_main_channel,auto,2026-08-25T16:02:28.191Z,29.2,cooling,,,20
climate.studio_s_mts200b_main_channel,auto,2026-08-25T17:22:10.588Z,29.1,cooling,,,20
climate.studio_s_mts200b_main_channel,auto,2026-08-25T19:14:42.546Z,29,cooling,,,20
climate.studio_s_mts200b_main_channel,auto,2026-08-25T19:30:10.830Z,29,cooling,,,18
climate.studio_s_mts200b_main_channel,auto,2026-08-26T00:24:23.108Z,28.9,cooling,,,18
climate.studio_s_mts200b_main_channel,auto,2026-08-26T03:57:31.651Z,28.8,cooling,,,18
climate.studio_s_mts200b_main_channel,auto,2026-08-26T04:00:11.460Z,28.8,cooling,,,20
climate.studio_s_mts200b_main_channel,auto,2026-08-26T04:57:15.674Z,28.9,cooling,,,20
climate.studio_s_mts200b_main_channel,auto,2026-08-26T10:42:23.712Z,29,cooling,,,20
climate.studio_s_mts200b_main_channel,auto,2026-08-26T12:56:17.067Z,29.1,cooling,,,20
sensor.meross_temperature_studio_sonia,unavailable,2026-08-01T08:24:38.505Z
sensor.meross_temperature_studio_s,17.441716106555557,2025-12-31T23:00:00.000Z
sensor.meross_temperature_studio_s,17.339691887277777,2026-01-01T00:00:00.000Z
sensor.meross_temperature_studio_s,17.213224417638887,2026-01-01T01:00:00.000Z
sensor.meross_temperature_studio_s,17.406996700222223,2026-01-01T02:00:00.000Z
sensor.meross_temperature_studio_s,17.918613046305556,2026-01-01T03:00:00.000Z
sensor.meross_temperature_studio_s,18.24447983847222,2026-01-01T04:00:00.000Z
sensor.meross_temperature_studio_s,18.37575511475,2026-01-01T05:00:00.000Z
sensor.meross_temperature_studio_s,18.452692200166666,2026-01-01T06:00:00.000Z
sensor.meross_temperature_studio_s,18.505927624305556,2026-01-01T07:00:00.000Z
sensor.meross_temperature_studio_s,18.648799998944444,2026-01-01T08:00:00.000Z
sensor.meross_temperature_studio_s,18.806462650555556,2026-01-01T09:00:00.000Z
sensor.meross_temperature_studio_s,19.002664734055553,2026-01-01T10:00:00.000Z
sensor.meross_temperature_studio_s,19.61346860247222,2026-01-01T11:00:00.000Z
sensor.meross_temperature_studio_s,19.889836624166666,2026-01-01T12:00:00.000Z
sensor.meross_temperature_studio_s,20.02049212622222,2026-01-01T13:00:00.000Z
sensor.meross_temperature_studio_s,20.0837401735,2026-01-01T14:00:00.000Z
sensor.meross_temperature_studio_s,19.906728826055556,2026-01-01T15:00:00.000Z
sensor.meross_temperature_studio_s,20.257302459083334,2026-01-01T16:00:00.000Z
sensor.meross_temperature_studio_s,19.989275276333334,2026-01-01T17:00:00.000Z
sensor.meross_temperature_studio_s,19.823823130472224,2026-01-01T18:00:00.000Z
sensor.meross_temperature_studio_s,19.880966819194445,2026-01-01T19:00:00.000Z
sensor.meross_temperature_studio_s,19.81139673327778,2026-01-01T20:00:00.000Z
sensor.meross_temperature_studio_s,20.158527310833332,2026-01-01T21:00:00.000Z
sensor.meross_temperature_studio_s,19.97234528672222,2026-01-01T22:00:00.000Z
sensor.meross_temperature_studio_s,19.686981003416665,2026-01-01T23:00:00.000Z
sensor.meross_temperature_studio_s,19.502702096833335,2026-01-02T00:00:00.000Z
sensor.meross_temperature_studio_s,19.37481493602778,2026-01-02T01:00:00.000Z
sensor.meross_temperature_studio_s,19.19521228216667,2026-01-02T02:00:00.000Z
sensor.meross_temperature_studio_s,19.027823784861113,2026-01-02T03:00:00.000Z
sensor.meross_temperature_studio_s,18.956777753666668,2026-01-02T04:00:00.000Z
sensor.meross_temperature_studio_s,18.827492387583334,2026-01-02T05:00:00.000Z
sensor.meross_temperature_studio_s,18.98136345188889,2026-01-02T06:00:00.000Z
sensor.meross_temperature_studio_s,19.36903184911111,2026-01-02T07:00:00.000Z
sensor.meross_temperature_studio_s,19.559769810777777,2026-01-02T08:00:00.000Z
sensor.meross_temperature_studio_s,19.777986401555555,2026-01-02T09:00:00.000Z
sensor.meross_temperature_studio_s,20.185834850694444,2026-01-02T10:00:00.000Z
sensor.meross_temperature_studio_s,19.86801251461111,2026-01-02T11:00:00.000Z
sensor.meross_temperature_studio_s,20.314801757722222,2026-01-02T12:00:00.000Z
sensor.meross_temperature_studio_s,19.944299349083334,2026-01-02T13:00:00.000Z
sensor.meross_temperature_studio_s,20.095719835388888,2026-01-02T14:00:00.000Z
sensor.meross_temperature_studio_s,20.179840290222224,2026-01-02T15:00:00.000Z
sensor.meross_temperature_studio_s,19.98429873522222,2026-01-02T16:00:00.000Z
sensor.meross_temperature_studio_s,19.863155503749997,2026-01-02T17:00:00.000Z
sensor.meross_temperature_studio_s,19.8,2026-01-02T18:00:00.000Z
sensor.meross_temperature_studio_s,19.92780326413889,2026-01-02T19:00:00.000Z
sensor.meross_temperature_studio_s,20.013624172277776,2026-01-02T20:00:00.000Z
sensor.meross_temperature_studio_s,19.849316102388887,2026-01-02T21:00:00.000Z
sensor.meross_temperature_studio_s,19.761121789166666,2026-01-02T22:00:00.000Z
sensor.meross_temperature_studio_s,19.529790304833334,2026-01-02T23:00:00.000Z
sensor.meross_temperature_studio_s,19.415104248444443,2026-01-03T00:00:00.000Z
sensor.meross_temperature_studio_s,19.213684095194445,2026-01-03T01:00:00.000Z
sensor.meross_temperature_studio_s,19.05421736927778,2026-01-03T02:00:00.000Z
sensor.meross_temperature_studio_s,18.988089231361112,2026-01-03T03:00:00.000Z
sensor.meross_temperature_studio_s,18.842524383805557,2026-01-03T04:00:00.000Z
sensor.meross_temperature_studio_s,18.683629450416667,2026-01-03T05:00:00.000Z
sensor.meross_temperature_studio_s,18.813104095055554,2026-01-03T06:00:00.000Z
sensor.meross_temperature_studio_s,19.24413923311111,2026-01-03T07:00:00.000Z
sensor.meross_temperature_studio_s,19.4,2026-01-03T08:00:00.000Z
sensor.meross_temperature_studio_s,19.565138654916666,2026-01-03T09:00:00.000Z
sensor.meross_temperature_studio_s,19.792129532305555,2026-01-03T10:00:00.000Z
sensor.meross_temperature_studio_s,20.071503236277778,2026-01-03T11:00:00.000Z
sensor.meross_temperature_studio_s,20.06909207558333,2026-01-03T12:00:00.000Z
sensor.meross_temperature_studio_s,19.872389204166666,2026-01-03T13:00:00.000Z
sensor.meross_temperature_studio_s,20.153714217194445,2026-01-03T14:00:00.000Z
sensor.meross_temperature_studio_s,19.814161076694443,2026-01-03T15:00:00.000Z
sensor.meross_temperature_studio_s,19.943250137638888,2026-01-03T16:00:00.000Z
sensor.meross_temperature_studio_s,20.160562139750002,2026-01-03T17:00:00.000Z
sensor.meross_temperature_studio_s,19.92211491563889,2026-01-03T18:00:00.000Z
sensor.meross_temperature_studio_s,19.780502665194444,2026-01-03T19:00:00.000Z
sensor.meross_temperature_studio_s,20.11932736388889,2026-01-03T20:00:00.000Z
sensor.meross_temperature_studio_s,20.003781911027776,2026-01-03T21:00:00.000Z
sensor.meross_temperature_studio_s,19.687621178305555,2026-01-03T22:00:00.000Z
sensor.meross_temperature_studio_s,19.504760164722224,2026-01-03T23:00:00.000Z
sensor.meross_temperature_studio_s,19.339463812416668,2026-01-04T00:00:00.000Z
sensor.meross_temperature_studio_s,19.15586458027778,2026-01-04T01:00:00.000Z
sensor.meross_temperature_studio_s,19,2026-01-04T02:00:00.000Z
sensor.meross_temperature_studio_s,18.896264940305553,2026-01-04T03:00:00.000Z
sensor.meross_temperature_studio_s,18.722084251000002,2026-01-04T04:00:00.000Z
sensor.meross_temperature_studio_s,18.556275518333333,2026-01-04T05:00:00.000Z
sensor.meross_temperature_studio_s,18.697321502083334,2026-01-04T06:00:00.000Z
sensor.meross_temperature_studio_s,19.107004834555557,2026-01-04T07:00:00.000Z
sensor.meross_temperature_studio_s,19.30486348961111,2026-01-04T08:00:00.000Z
sensor.meross_temperature_studio_s,19.4,2026-01-04T09:00:00.000Z
sensor.meross_temperature_studio_s,19.493048161388888,2026-01-04T10:00:00.000Z
sensor.meross_temperature_studio_s,19.859851349805556,2026-01-04T11:00:00.000Z
sensor.meross_temperature_studio_s,20.141781435166667,2026-01-04T12:00:00.000Z
sensor.meross_temperature_studio_s,19.91381264088889,2026-01-04T13:00:00.000Z
sensor.meross_temperature_studio_s,20.27012107813889,2026-01-04T14:00:00.000Z
sensor.meross_temperature_studio_s,20.04429706175,2026-01-04T15:00:00.000Z
sensor.meross_temperature_studio_s,19.888640085756876,2026-01-04T16:00:00.000Z
sensor.meross_temperature_studio_s,19.80718976875,2026-01-04T17:00:00.000Z
sensor.meross_temperature_studio_s,20.138539368916668,2026-01-04T18:00:00.000Z
sensor.meross_temperature_studio_s,19.967046433277776,2026-01-04T19:00:00.000Z
sensor.meross_temperature_studio_s,19.86798543586111,2026-01-04T20:00:00.000Z
sensor.meross_temperature_studio_s,20.171853069972222,2026-01-04T21:00:00.000Z
sensor.meross_temperature_studio_s,19.77497523338889,2026-01-04T22:00:00.000Z
sensor.meross_temperature_studio_s,19.515952869694445,2026-01-04T23:00:00.000Z
sensor.meross_temperature_studio_s,19.314930990083333,2026-01-05T00:00:00.000Z
sensor.meross_temperature_studio_s,19.1013693555,2026-01-05T01:00:00.000Z
sensor.meross_temperature_studio_s,18.975720785305555,2026-01-05T02:00:00.000Z
sensor.meross_temperature_studio_s,18.787425237305555,2026-01-05T03:00:00.000Z
sensor.meross_temperature_studio_s,18.60751784672222,2026-01-05T04:00:00.000Z
sensor.meross_temperature_studio_s,18.485198819416667,2026-01-05T05:00:00.000Z
sensor.meross_temperature_studio_s,18.579383634861113,2026-01-05T06:00:00.000Z
sensor.meross_temperature_studio_s,18.955310427194444,2026-01-05T07:00:00.000Z
sensor.meross_temperature_studio_s,19.121066053777778,2026-01-05T08:00:00.000Z
sensor.meross_temperature_studio_s,19.539628992833332,2026-01-05T09:00:00.000Z
sensor.meross_temperature_studio_s,19.87333910952778,2026-01-05T10:00:00.000Z
sensor.meross_temperature_studio_s,20.208565944833335,2026-01-05T11:00:00.000Z
sensor.meross_temperature_studio_s,20.01266380452778,2026-01-05T12:00:00.000Z
sensor.meross_temperature_studio_s,19.895611323805557,2026-01-05T13:00:00.000Z
sensor.meross_temperature_studio_s,19.894479447027777,2026-01-05T14:00:00.000Z
sensor.meross_temperature_studio_s,20.14021022638889,2026-01-05T15:00:00.000Z
sensor.meross_temperature_studio_s,19.80747431613889,2026-01-05T16:00:00.000Z
sensor.meross_temperature_studio_s,20.180642447083333,2026-01-05T17:00:00.000Z
sensor.meross_temperature_studio_s,19.92030004036111,2026-01-05T18:00:00.000Z
sensor.meross_temperature_studio_s,19.959593926305555,2026-01-05T19:00:00.000Z
sensor.meross_temperature_studio_s,20.15619116811111,2026-01-05T20:00:00.000Z
sensor.meross_temperature_studio_s,19.95912676577778,2026-01-05T21:00:00.000Z
sensor.meross_temperature_studio_s,19.71236769602778,2026-01-05T22:00:00.000Z
sensor.meross_temperature_studio_s,19.490087414027776,2026-01-05T23:00:00.000Z
sensor.meross_temperature_studio_s,19.282138978194443,2026-01-06T00:00:00.000Z
sensor.meross_temperature_studio_s,19.08864317788889,2026-01-06T01:00:00.000Z
sensor.meross_temperature_studio_s,18.962300917694446,2026-01-06T02:00:00.000Z
sensor.meross_temperature_studio_s,18.80962554583333,2026-01-06T03:00:00.000Z
sensor.meross_temperature_studio_s,18.61924558263889,2026-01-06T04:00:00.000Z
sensor.meross_temperature_studio_s,18.472861529277775,2026-01-06T05:00:00.000Z
sensor.meross_temperature_studio_s,18.61405567788889,2026-01-06T06:00:00.000Z
sensor.meross_temperature_studio_s,18.96192367236111,2026-01-06T07:00:00.000Z
sensor.meross_temperature_studio_s,19.11520470252778,2026-01-06T08:00:00.000Z
sensor.meross_temperature_studio_s,19.381430360555555,2026-01-06T09:00:00.000Z
sensor.meross_temperature_studio_s,19.799185653944445,2026-01-06T10:00:00.000Z
sensor.meross_temperature_studio_s,20.3046509915,2026-01-06T11:00:00.000Z
sensor.meross_temperature_studio_s,20.33415267447222,2026-01-06T12:00:00.000Z
sensor.meross_temperature_studio_s,20.308754409333332,2026-01-06T13:00:00.000Z
sensor.meross_temperature_studio_s,20.074076801333334,2026-01-06T14:00:00.000Z
sensor.meross_temperature_studio_s,19.922961044972222,2026-01-06T15:00:00.000Z
sensor.meross_temperature_studio_s,19.84296900716667,2026-01-06T16:00:00.000Z
sensor.meross_temperature_studio_s,20.225048086527778,2026-01-06T17:00:00.000Z
sensor.meross_temperature_studio_s,19.918018009916665,2026-01-06T18:00:00.000Z
sensor.meross_temperature_studio_s,19.923437416083335,2026-01-06T19:00:00.000Z
sensor.meross_temperature_studio_s,20.29792839897222,2026-01-06T20:00:00.000Z
sensor.meross_temperature_studio_s,19.981016314472225,2026-01-06T21:00:00.000Z
sensor.meross_temperature_studio_s,19.694469801222223,2026-01-06T22:00:00.000Z
sensor.meross_temperature_studio_s,19.49736164847222,2026-01-06T23:00:00.000Z
sensor.meross_temperature_studio_s,19.303895689833332,2026-01-07T00:00:00.000Z
sensor.meross_temperature_studio_s,19.075332407583335,2026-01-07T01:00:00.000Z
sensor.meross_temperature_studio_s,18.955024827944445,2026-01-07T02:00:00.000Z
sensor.meross_temperature_studio_s,18.73949501336111,2026-01-07T03:00:00.000Z
sensor.meross_temperature_studio_s,18.54457601575,2026-01-07T04:00:00.000Z
sensor.meross_temperature_studio_s,18.446437358416667,2026-01-07T05:00:00.000Z
sensor.meross_temperature_studio_s,18.510192009805554,2026-01-07T06:00:00.000Z
sensor.meross_temperature_studio_s,18.868412775083332,2026-01-07T07:00:00.000Z
sensor.meross_temperature_studio_s,19.03331845738889,2026-01-07T08:00:00.000Z
sensor.meross_temperature_studio_s,19.444461160527776,2026-01-07T09:00:00.000Z
sensor.meross_temperature_studio_s,19.646025912972224,2026-01-07T10:00:00.000Z
sensor.meross_temperature_studio_s,20.191032694166665,2026-01-07T11:00:00.000Z
sensor.meross_temperature_studio_s,20.431019975305556,2026-01-07T12:00:00.000Z
sensor.meross_temperature_studio_s,20.366717081944444,2026-01-07T13:00:00.000Z
sensor.meross_temperature_studio_s,19.870583810083332,2026-01-07T14:00:00.000Z
sensor.meross_temperature_studio_s,19.99014978972222,2026-01-07T15:00:00.000Z
sensor.meross_temperature_studio_s,19.99293696861111,2026-01-07T16:00:00.000Z
sensor.meross_temperature_studio_s,19.91928113025,2026-01-07T17:00:00.000Z
sensor.meross_temperature_studio_s,20.218776180166667,2026-01-07T18:00:00.000Z
sensor.meross_temperature_studio_s,19.8481281255,2026-01-07T19:00:00.000Z
sensor.meross_temperature_studio_s,20.19485997988889,2026-01-07T20:00:00.000Z
sensor.meross_temperature_studio_s,19.887493345638887,2026-01-07T21:00:00.000Z
sensor.meross_temperature_studio_s,19.57047173986111,2026-01-07T22:00:00.000Z
sensor.meross_temperature_studio_s,19.41711834061111,2026-01-07T23:00:00.000Z
sensor.meross_temperature_studio_s,19.177445443472223,2026-01-08T00:00:00.000Z
sensor.meross_temperature_studio_s,18.97983115588889,2026-01-08T01:00:00.000Z
sensor.meross_temperature_studio_s,18.794118250833332,2026-01-08T02:00:00.000Z
sensor.meross_temperature_studio_s,18.561193364,2026-01-08T03:00:00.000Z
sensor.meross_temperature_studio_s,18.412267173805557,2026-01-08T04:00:00.000Z
sensor.meross_temperature_studio_s,18.224383576833333,2026-01-08T05:00:00.000Z
sensor.meross_temperature_studio_s,18.31461934761111,2026-01-08T06:00:00.000Z
sensor.meross_temperature_studio_s,18.72581178688889,2026-01-08T07:00:00.000Z
sensor.meross_temperature_studio_s,19.007133077944445,2026-01-08T08:00:00.000Z
sensor.meross_temperature_studio_s,19.376720300416665,2026-01-08T09:00:00.000Z
sensor.meross_temperature_studio_s,19.558072345444444,2026-01-08T10:00:00.000Z
sensor.meross_temperature_studio_s,19.73899318375,2026-01-08T11:00:00.000Z
sensor.meross_temperature_studio_s,19.993473369333334,2026-01-08T12:00:00.000Z
sensor.meross_temperature_studio_s,20.151166632583333,2026-01-08T13:00:00.000Z
sensor.meross_temperature_studio_s,19.767992340333333,2026-01-08T14:00:00.000Z
sensor.meross_temperature_studio_s,20.109077261861113,2026-01-08T15:00:00.000Z
sensor.meross_temperature_studio_s,20.167401979944444,2026-01-08T16:00:00.000Z
sensor.meross_temperature_studio_s,20.068531321694444,2026-01-08T17:00:00.000Z
sensor.meross_temperature_studio_s,20.084095889277776,2026-01-08T18:00:00.000Z
sensor.meross_temperature_studio_s,19.83959119513889,2026-01-08T19:00:00.000Z
sensor.meross_temperature_studio_s,20.35943012736111,2026-01-08T20:00:00.000Z
sensor.meross_temperature_studio_s,20.21063534572222,2026-01-08T21:00:00.000Z
sensor.meross_temperature_studio_s,19.841569810861113,2026-01-08T22:00:00.000Z
sensor.meross_temperature_studio_s,19.583746303999998,2026-01-08T23:00:00.000Z
sensor.meross_temperature_studio_s,19.459712423499997,2026-01-09T00:00:00.000Z
sensor.meross_temperature_studio_s,19.266356309527776,2026-01-09T01:00:00.000Z
sensor.meross_temperature_studio_s,19.057078482333335,2026-01-09T02:00:00.000Z
sensor.meross_temperature_studio_s,18.94501797108333,2026-01-09T03:00:00.000Z
sensor.meross_temperature_studio_s,18.771226186638888,2026-01-09T04:00:00.000Z
sensor.meross_temperature_studio_s,18.598764890083334,2026-01-09T05:00:00.000Z
sensor.meross_temperature_studio_s,18.7352930485,2026-01-09T06:00:00.000Z
sensor.meross_temperature_studio_s,19.14167738158333,2026-01-09T07:00:00.000Z
sensor.meross_temperature_studio_s,19.50337432413889,2026-01-09T08:00:00.000Z
sensor.meross_temperature_studio_s,19.774802301194445,2026-01-09T09:00:00.000Z
sensor.meross_temperature_studio_s,19.9,2026-01-09T10:00:00.000Z
sensor.meross_temperature_studio_s,19.9,2026-01-09T11:00:00.000Z
sensor.meross_temperature_studio_s,20.15606318136111,2026-01-09T12:00:00.000Z
sensor.meross_temperature_studio_s,20.012513162277777,2026-01-09T13:00:00.000Z
sensor.meross_temperature_studio_s,19.822933424694444,2026-01-09T14:00:00.000Z
sensor.meross_temperature_studio_s,20.234984377416666,2026-01-09T15:00:00.000Z
sensor.meross_temperature_studio_s,19.85388901536111,2026-01-09T16:00:00.000Z
sensor.meross_temperature_studio_s,20.00131576875,2026-01-09T17:00:00.000Z
sensor.meross_temperature_studio_s,20.12709889411111,2026-01-09T18:00:00.000Z
sensor.meross_temperature_studio_s,19.825285627055553,2026-01-09T19:00:00.000Z
sensor.meross_temperature_studio_s,20.17568975172222,2026-01-09T20:00:00.000Z
sensor.meross_temperature_studio_s,19.910861508,2026-01-09T21:00:00.000Z
sensor.meross_temperature_studio_s,19.622849866694445,2026-01-09T22:00:00.000Z
sensor.meross_temperature_studio_s,19.467269860444443,2026-01-09T23:00:00.000Z
sensor.meross_temperature_studio_s,19.28099912286111,2026-01-10T00:00:00.000Z
sensor.meross_temperature_studio_s,19.06274529388889,2026-01-10T01:00:00.000Z
sensor.meross_temperature_studio_s,18.980360223277778,2026-01-10T02:00:00.000Z
sensor.meross_temperature_studio_s,18.837521022527778,2026-01-10T03:00:00.000Z
sensor.meross_temperature_studio_s,18.62824417566667,2026-01-10T04:00:00.000Z
sensor.meross_temperature_studio_s,18.5,2026-01-10T05:00:00.000Z
sensor.meross_temperature_studio_s,18.587230564583333,2026-01-10T06:00:00.000Z
sensor.meross_temperature_studio_s,18.92482987011111,2026-01-10T07:00:00.000Z
sensor.meross_temperature_studio_s,19.072965779416666,2026-01-10T08:00:00.000Z
sensor.meross_temperature_studio_s,19.276996615138888,2026-01-10T09:00:00.000Z
sensor.meross_temperature_studio_s,19.61586881825,2026-01-10T10:00:00.000Z
sensor.meross_temperature_studio_s,20.042895417333334,2026-01-10T11:00:00.000Z
sensor.meross_temperature_studio_s,20.10695229297222,2026-01-10T12:00:00.000Z
sensor.meross_temperature_studio_s,19.950392589416666,2026-01-10T13:00:00.000Z
sensor.meross_temperature_studio_s,19.869754165722224,2026-01-10T14:00:00.000Z
sensor.meross_temperature_studio_s,19.966882878499998,2026-01-10T15:00:00.000Z
sensor.meross_temperature_studio_s,20.309016124527776,2026-01-10T16:00:00.000Z
sensor.meross_temperature_studio_s,20.078293375388892,2026-01-10T17:00:00.000Z
sensor.meross_temperature_studio_s,19.85920677113889,2026-01-10T18:00:00.000Z
sensor.meross_temperature_studio_s,19.878629574027777,2026-01-10T19:00:00.000Z
sensor.meross_temperature_studio_s,19.77767631477778,2026-01-10T20:00:00.000Z
sensor.meross_temperature_studio_s,20.198194626166668,2026-01-10T21:00:00.000Z
sensor.meross_temperature_studio_s,19.89775739186111,2026-01-10T22:00:00.000Z
sensor.meross_temperature_studio_s,19.561575287055557,2026-01-10T23:00:00.000Z
sensor.meross_temperature_studio_s,19.45332242097222,2026-01-11T00:00:00.000Z
sensor.meross_temperature_studio_s,19.259994191833332,2026-01-11T01:00:00.000Z
sensor.meross_temperature_studio_s,19.07316719511111,2026-01-11T02:00:00.000Z
sensor.meross_temperature_studio_s,18.966634739527777,2026-01-11T03:00:00.000Z
sensor.meross_temperature_studio_s,18.81899122747222,2026-01-11T04:00:00.000Z
sensor.meross_temperature_studio_s,18.64418766327778,2026-01-11T05:00:00.000Z
sensor.meross_temperature_studio_s,18.735270902583334,2026-01-11T06:00:00.000Z
sensor.meross_temperature_studio_s,19.08280651991667,2026-01-11T07:00:00.000Z
sensor.meross_temperature_studio_s,19.33149861361111,2026-01-11T08:00:00.000Z
sensor.meross_temperature_studio_s,19.956851532972223,2026-01-11T09:00:00.000Z
sensor.meross_temperature_studio_s,20.330550106944443,2026-01-11T10:00:00.000Z
sensor.meross_temperature_studio_s,20.443192604861114,2026-01-11T11:00:00.000Z
sensor.meross_temperature_studio_s,20.77925122761111,2026-01-11T12:00:00.000Z
sensor.meross_temperature_studio_s,20.875341744,2026-01-11T13:00:00.000Z
sensor.meross_temperature_studio_s,20.43404044877778,2026-01-11T14:00:00.000Z
sensor.meross_temperature_studio_s,20.144286041972222,2026-01-11T15:00:00.000Z
sensor.meross_temperature_studio_s,20.1,2026-01-11T16:00:00.000Z
sensor.meross_temperature_studio_s,20.015612939472224,2026-01-11T17:00:00.000Z
sensor.meross_temperature_studio_s,19.939013451666664,2026-01-11T18:00:00.000Z
sensor.meross_temperature_studio_s,19.803445899777778,2026-01-11T19:00:00.000Z
sensor.meross_temperature_studio_s,20.191743692833334,2026-01-11T20:00:00.000Z
sensor.meross_temperature_studio_s,19.9066495205,2026-01-11T21:00:00.000Z
sensor.meross_temperature_studio_s,19.683138071861112,2026-01-11T22:00:00.000Z
sensor.meross_temperature_studio_s,19.523761034,2026-01-11T23:00:00.000Z
sensor.meross_temperature_studio_s,19.340700659694445,2026-01-12T00:00:00.000Z
sensor.meross_temperature_studio_s,19.118379512583335,2026-01-12T01:00:00.000Z
sensor.meross_temperature_studio_s,18.97311134213889,2026-01-12T02:00:00.000Z
sensor.meross_temperature_studio_s,18.79312670627778,2026-01-12T03:00:00.000Z
sensor.meross_temperature_studio_s,18.579791549333333,2026-01-12T04:00:00.000Z
sensor.meross_temperature_studio_s,18.47105832722222,2026-01-12T05:00:00.000Z
sensor.meross_temperature_studio_s,18.591009549472222,2026-01-12T06:00:00.000Z
sensor.meross_temperature_studio_s,19.051224639111112,2026-01-12T07:00:00.000Z
sensor.meross_temperature_studio_s,19.228382485416667,2026-01-12T08:00:00.000Z
sensor.meross_temperature_studio_s,19.68138654136111,2026-01-12T09:00:00.000Z
sensor.meross_temperature_studio_s,20.223886556527777,2026-01-12T10:00:00.000Z
sensor.meross_temperature_studio_s,20.2,2026-01-12T11:00:00.000Z
sensor.meross_temperature_studio_s,20.312104139416665,2026-01-12T12:00:00.000Z
sensor.meross_temperature_studio_s,20.40948050075,2026-01-12T13:00:00.000Z
sensor.meross_temperature_studio_s,19.947800291194444,2026-01-12T14:00:00.000Z
sensor.meross_temperature_studio_s,19.882985319555555,2026-01-12T15:00:00.000Z
sensor.meross_temperature_studio_s,20.16170513277778,2026-01-12T16:00:00.000Z
sensor.meross_temperature_studio_s,19.912055096944442,2026-01-12T17:00:00.000Z
sensor.meross_temperature_studio_s,19.848316768777778,2026-01-12T18:00:00.000Z
sensor.meross_temperature_studio_s,19.934570550305555,2026-01-12T19:00:00.000Z
sensor.meross_temperature_studio_s,20.232515470333333,2026-01-12T20:00:00.000Z
sensor.meross_temperature_studio_s,19.845507845555556,2026-01-12T21:00:00.000Z
sensor.meross_temperature_studio_s,19.629851138,2026-01-12T22:00:00.000Z
sensor.meross_temperature_studio_s,19.48902918711111,2026-01-12T23:00:00.000Z
sensor.meross_temperature_studio_s,19.348025248027778,2026-01-13T00:00:00.000Z
sensor.meross_temperature_studio_s,19.175305192777778,2026-01-13T01:00:00.000Z
sensor.meross_temperature_studio_s,19.04057728563889,2026-01-13T02:00:00.000Z
sensor.meross_temperature_studio_s,18.976613378222222,2026-01-13T03:00:00.000Z
sensor.meross_temperature_studio_s,18.811025720527777,2026-01-13T04:00:00.000Z
sensor.meross_temperature_studio_s,18.66533481302778,2026-01-13T05:00:00.000Z
sensor.meross_temperature_studio_s,18.84710237697222,2026-01-13T06:00:00.000Z
sensor.meross_temperature_studio_s,19.32616192458333,2026-01-13T07:00:00.000Z
sensor.meross_temperature_studio_s,19.583741934555555,2026-01-13T08:00:00.000Z
sensor.meross_temperature_studio_s,19.881558159111112,2026-01-13T09:00:00.000Z
sensor.meross_temperature_studio_s,20.00592832436111,2026-01-13T10:00:00.000Z
sensor.meross_temperature_studio_s,20.17114853261111,2026-01-13T11:00:00.000Z
sensor.meross_temperature_studio_s,19.968196546,2026-01-13T12:00:00.000Z
sensor.meross_temperature_studio_s,19.976479022277775,2026-01-13T13:00:00.000Z
sensor.meross_temperature_studio_s,20.32785987005556,2026-01-13T14:00:00.000Z
sensor.meross_temperature_studio_s,20,2026-01-13T15:00:00.000Z
sensor.meross_temperature_studio_s,19.900217131222224,2026-01-13T16:00:00.000Z
sensor.meross_temperature_studio_s,19.80902701375,2026-01-13T17:00:00.000Z
sensor.meross_temperature_studio_s,20.14793449861111,2026-01-13T18:00:00.000Z
sensor.meross_temperature_studio_s,20.220320196194447,2026-01-13T19:00:00.000Z
sensor.meross_temperature_studio_s,19.887498081222223,2026-01-13T20:00:00.000Z
sensor.meross_temperature_studio_s,19.852679133333332,2026-01-13T21:00:00.000Z
sensor.meross_temperature_studio_s,19.85363223975,2026-01-13T22:00:00.000Z
sensor.meross_temperature_studio_s,19.652891532416668,2026-01-13T23:00:00.000Z
sensor.meross_temperature_studio_s,19.503950518777778,2026-01-14T00:00:00.000Z
sensor.meross_temperature_studio_s,19.442351688388886,2026-01-14T01:00:00.000Z
sensor.meross_temperature_studio_s,19.31046393838889,2026-01-14T02:00:00.000Z
sensor.meross_temperature_studio_s,19.15952632633333,2026-01-14T03:00:00.000Z
sensor.meross_temperature_studio_s,19.04110899161111,2026-01-14T04:00:00.000Z
sensor.meross_temperature_studio_s,18.983034765472222,2026-01-14T05:00:00.000Z
sensor.meross_temperature_studio_s,19.152485902305553,2026-01-14T06:00:00.000Z
sensor.meross_temperature_studio_s,19.54729213552778,2026-01-14T07:00:00.000Z
sensor.meross_temperature_studio_s,19.691145358611113,2026-01-14T08:00:00.000Z
sensor.meross_temperature_studio_s,19.95648217313889,2026-01-14T09:00:00.000Z
sensor.meross_temperature_studio_s,20.1972476745,2026-01-14T10:00:00.000Z
sensor.meross_temperature_studio_s,19.86740146313889,2026-01-14T11:00:00.000Z
sensor.meross_temperature_studio_s,20.086554285888887,2026-01-14T12:00:00.000Z
sensor.meross_temperature_studio_s,20.030895438055556,2026-01-14T13:00:00.000Z
sensor.meross_temperature_studio_s,19.81915083338889,2026-01-14T14:00:00.000Z
sensor.meross_temperature_studio_s,20.21119803941667,2026-01-14T15:00:00.000Z
sensor.meross_temperature_studio_s,19.962514170833334,2026-01-14T16:00:00.000Z
sensor.meross_temperature_studio_s,19.9,2026-01-14T17:00:00.000Z
sensor.meross_temperature_studio_s,19.9,2026-01-14T18:00:00.000Z
sensor.meross_temperature_studio_s,19.863103882138887,2026-01-14T19:00:00.000Z
sensor.meross_temperature_studio_s,20.109526685333332,2026-01-14T20:00:00.000Z
sensor.meross_temperature_studio_s,20.065027924583333,2026-01-14T21:00:00.000Z
sensor.meross_temperature_studio_s,19.86238211411111,2026-01-14T22:00:00.000Z
sensor.meross_temperature_studio_s,19.712318966833333,2026-01-14T23:00:00.000Z
sensor.meross_temperature_studio_s,19.5376825255,2026-01-15T00:00:00.000Z
sensor.meross_temperature_studio_s,19.486670519305555,2026-01-15T01:00:00.000Z
sensor.meross_temperature_studio_s,19.35466370961111,2026-01-15T02:00:00.000Z
sensor.meross_temperature_studio_s,19.243531325638887,2026-01-15T03:00:00.000Z
sensor.meross_temperature_studio_s,19.088730261444447,2026-01-15T04:00:00.000Z
sensor.meross_temperature_studio_s,19,2026-01-15T05:00:00.000Z
sensor.meross_temperature_studio_s,19.189036993277778,2026-01-15T06:00:00.000Z
sensor.meross_temperature_studio_s,19.667710342416665,2026-01-15T07:00:00.000Z
sensor.meross_temperature_studio_s,19.889675954055555,2026-01-15T08:00:00.000Z
sensor.meross_temperature_studio_s,19.949438536944445,2026-01-15T09:00:00.000Z
sensor.meross_temperature_studio_s,20.237899011944446,2026-01-15T10:00:00.000Z
sensor.meross_temperature_studio_s,20.1,2026-01-15T11:00:00.000Z
sensor.meross_temperature_studio_s,20.07693122438889,2026-01-15T12:00:00.000Z
sensor.meross_temperature_studio_s,19.916437324666667,2026-01-15T13:00:00.000Z
sensor.meross_temperature_studio_s,19.793430963166667,2026-01-15T14:00:00.000Z
sensor.meross_temperature_studio_s,20.37209421886111,2026-01-15T15:00:00.000Z
sensor.meross_temperature_studio_s,19.981296609194445,2026-01-15T16:00:00.000Z
sensor.meross_temperature_studio_s,19.89942676625,2026-01-15T17:00:00.000Z
sensor.meross_temperature_studio_s,19.9,2026-01-15T18:00:00.000Z
sensor.meross_temperature_studio_s,19.817091588916664,2026-01-15T19:00:00.000Z
sensor.meross_temperature_studio_s,20.25112686983333,2026-01-15T20:00:00.000Z
sensor.meross_temperature_studio_s,20.02077130388889,2026-01-15T21:00:00.000Z
sensor.meross_temperature_studio_s,19.7917414245,2026-01-15T22:00:00.000Z
sensor.meross_temperature_studio_s,19.615204522694444,2026-01-15T23:00:00.000Z
sensor.meross_temperature_studio_s,19.502220483363637,2026-01-16T00:00:00.000Z
sensor.meross_temperature_studio_s,19.5,2026-01-16T01:00:00.000Z
sensor.meross_temperature_studio_s,19.5,2026-01-16T02:00:00.000Z
sensor.meross_temperature_studio_s,19.1,2026-01-16T03:00:00.000Z
sensor.meross_temperature_studio_s,19.072558442833333,2026-01-16T04:00:00.000Z
sensor.meross_temperature_studio_s,19,2026-01-16T05:00:00.000Z
sensor.meross_temperature_studio_s,19.227890252166667,2026-01-16T06:00:00.000Z
sensor.meross_temperature_studio_s,19.664350972083334,2026-01-16T07:00:00.000Z
sensor.meross_temperature_studio_s,19.910934283722224,2026-01-16T08:00:00.000Z
sensor.meross_temperature_studio_s,20.030134020166667,2026-01-16T09:00:00.000Z
sensor.meross_temperature_studio_s,19.94209391047222,2026-01-16T10:00:00.000Z
sensor.meross_temperature_studio_s,20.22440358186111,2026-01-16T11:00:00.000Z
sensor.meross_temperature_studio_s,19.95516259236111,2026-01-16T12:00:00.000Z
sensor.meross_temperature_studio_s,19.889837619972223,2026-01-16T13:00:00.000Z
sensor.meross_temperature_studio_s,19.77466826938889,2026-01-16T14:00:00.000Z
sensor.meross_temperature_studio_s,20.051997886583333,2026-01-16T15:00:00.000Z
sensor.meross_temperature_studio_s,20.09911651627778,2026-01-16T16:00:00.000Z
sensor.meross_temperature_studio_s,19.82915378838889,2026-01-16T17:00:00.000Z
sensor.meross_temperature_studio_s,19.81935807197222,2026-01-16T18:00:00.000Z
sensor.meross_temperature_studio_s,19.859470043333335,2026-01-16T19:00:00.000Z
sensor.meross_temperature_studio_s,19.804240442833333,2026-01-16T20:00:00.000Z
sensor.meross_temperature_studio_s,19.9,2026-01-16T21:00:00.000Z
sensor.meross_temperature_studio_s,19.75843064313889,2026-01-16T22:00:00.000Z
sensor.meross_temperature_studio_s,19.61079592925,2026-01-16T23:00:00.000Z
sensor.meross_temperature_studio_s,19.503264534333333,2026-01-17T00:00:00.000Z
sensor.meross_temperature_studio_s,19.477843198833334,2026-01-17T01:00:00.000Z
sensor.meross_temperature_studio_s,19.372981528805553,2026-01-17T02:00:00.000Z
sensor.meross_temperature_studio_s,19.27906807966667,2026-01-17T03:00:00.000Z
sensor.meross_temperature_studio_s,19.195768522999998,2026-01-17T04:00:00.000Z
sensor.meross_temperature_studio_s,19.096380785333334,2026-01-17T05:00:00.000Z
sensor.meross_temperature_studio_s,19.318175874166666,2026-01-17T06:00:00.000Z
sensor.meross_temperature_studio_s,19.832075147194445,2026-01-17T07:00:00.000Z
sensor.meross_temperature_studio_s,19.963358050194444,2026-01-17T08:00:00.000Z
sensor.meross_temperature_studio_s,20.267797806777775,2026-01-17T09:00:00.000Z
sensor.meross_temperature_studio_s,19.99035429052778,2026-01-17T10:00:00.000Z
sensor.meross_temperature_studio_s,19.9,2026-01-17T11:00:00.000Z
sensor.meross_temperature_studio_s,19.88677077272222,2026-01-17T12:00:00.000Z
sensor.meross_temperature_studio_s,19.88655642761111,2026-01-17T13:00:00.000Z
sensor.meross_temperature_studio_s,19.856358103277778,2026-01-17T14:00:00.000Z
sensor.meross_temperature_studio_s,20.189672284194444,2026-01-17T15:00:00.000Z
sensor.meross_temperature_studio_s,19.989086911333334,2026-01-17T16:00:00.000Z
sensor.meross_temperature_studio_s,19.9,2026-01-17T17:00:00.000Z
sensor.meross_temperature_studio_s,19.9,2026-01-17T18:00:00.000Z
sensor.meross_temperature_studio_s,19.978482287083335,2026-01-17T20:00:00.000Z
sensor.meross_temperature_studio_s,20,2026-01-17T21:00:00.000Z
sensor.meross_temperature_studio_s,20,2026-01-17T22:00:00.000Z
sensor.meross_temperature_studio_s,19.923798157416666,2026-01-17T23:00:00.000Z
sensor.meross_temperature_studio_s,19.80861648947222,2026-01-18T00:00:00.000Z
sensor.meross_temperature_studio_s,19.663061773444444,2026-01-18T01:00:00.000Z
sensor.meross_temperature_studio_s,19.55278342177778,2026-01-18T02:00:00.000Z
sensor.meross_temperature_studio_s,19.5,2026-01-18T03:00:00.000Z
sensor.meross_temperature_studio_s,19.400131079277777,2026-01-18T04:00:00.000Z
sensor.meross_temperature_studio_s,19.28309383175,2026-01-18T05:00:00.000Z
sensor.meross_temperature_studio_s,19.504706529194443,2026-01-18T06:00:00.000Z
sensor.meross_temperature_studio_s,19.910483073777776,2026-01-18T07:00:00.000Z
sensor.meross_temperature_studio_s,20.079441040472222,2026-01-18T08:00:00.000Z
sensor.meross_temperature_studio_s,20.236869563194446,2026-01-18T09:00:00.000Z
sensor.meross_temperature_studio_s,20.020033099527776,2026-01-18T10:00:00.000Z
sensor.meross_temperature_studio_s,19.960094307027777,2026-01-18T11:00:00.000Z
sensor.meross_temperature_studio_s,20.319617895944443,2026-01-18T12:00:00.000Z
sensor.meross_temperature_studio_s,20.1482069245,2026-01-18T13:00:00.000Z
sensor.meross_temperature_studio_s,20.23575390325,2026-01-18T14:00:00.000Z
sensor.meross_temperature_studio_s,20.28371748886111,2026-01-18T15:00:00.000Z
sensor.meross_temperature_studio_s,20.22734844288889,2026-01-18T16:00:00.000Z
sensor.meross_temperature_studio_s,20.11134581627778,2026-01-18T17:00:00.000Z
sensor.meross_temperature_studio_s,20.159262271805556,2026-01-18T18:00:00.000Z
sensor.meross_temperature_studio_s,20.277241806944442,2026-01-18T19:00:00.000Z
sensor.meross_temperature_studio_s,20.1,2026-01-18T20:00:00.000Z
sensor.meross_temperature_studio_s,20.130745082388888,2026-01-18T21:00:00.000Z
sensor.meross_temperature_studio_s,20,2026-01-18T22:00:00.000Z
sensor.meross_temperature_studio_s,19.943945229527777,2026-01-18T23:00:00.000Z
sensor.meross_temperature_studio_s,19.83099946286111,2026-01-19T00:00:00.000Z
sensor.meross_temperature_studio_s,19.714819271638888,2026-01-19T01:00:00.000Z
sensor.meross_temperature_studio_s,19.578403014444444,2026-01-19T02:00:00.000Z
sensor.meross_temperature_studio_s,19.5,2026-01-19T03:00:00.000Z
sensor.meross_temperature_studio_s,19.44323233075,2026-01-19T04:00:00.000Z
sensor.meross_temperature_studio_s,19.32755861363889,2026-01-19T05:00:00.000Z
sensor.meross_temperature_studio_s,19.536378682555554,2026-01-19T06:00:00.000Z
sensor.meross_temperature_studio_s,20.05312931511111,2026-01-19T07:00:00.000Z
sensor.meross_temperature_studio_s,20.245710766555554,2026-01-19T08:00:00.000Z
sensor.meross_temperature_studio_s,19.929954335416664,2026-01-19T09:00:00.000Z
sensor.meross_temperature_studio_s,19.9,2026-01-19T10:00:00.000Z
sensor.meross_temperature_studio_s,19.80572473277778,2026-01-19T11:00:00.000Z
sensor.meross_temperature_studio_s,20.309023226222223,2026-01-19T12:00:00.000Z
sensor.meross_temperature_studio_s,20.074046896055556,2026-01-19T13:00:00.000Z
sensor.meross_temperature_studio_s,19.918542341027777,2026-01-19T14:00:00.000Z
sensor.meross_temperature_studio_s,19.97781782227778,2026-01-19T15:00:00.000Z
sensor.meross_temperature_studio_s,20.18938984502778,2026-01-19T16:00:00.000Z
sensor.meross_temperature_studio_s,19.9,2026-01-19T17:00:00.000Z
sensor.meross_temperature_studio_s,19.90922449088889,2026-01-19T18:00:00.000Z
sensor.meross_temperature_studio_s,20.02663282713889,2026-01-19T19:00:00.000Z
sensor.meross_temperature_studio_s,19.92185462047222,2026-01-19T20:00:00.000Z
sensor.meross_temperature_studio_s,19.9,2026-01-19T21:00:00.000Z
sensor.meross_temperature_studio_s,19.837500680805555,2026-01-19T22:00:00.000Z
sensor.meross_temperature_studio_s,19.73021386497222,2026-01-19T23:00:00.000Z
sensor.meross_temperature_studio_s,19.53566919686111,2026-01-20T00:00:00.000Z
sensor.meross_temperature_studio_s,19.47126378247222,2026-01-20T01:00:00.000Z
sensor.meross_temperature_studio_s,19.35284487997222,2026-01-20T02:00:00.000Z
sensor.meross_temperature_studio_s,19.220836792055554,2026-01-20T03:00:00.000Z
sensor.meross_temperature_studio_s,19.06376253852778,2026-01-20T04:00:00.000Z
sensor.meross_temperature_studio_s,19,2026-01-20T05:00:00.000Z
sensor.meross_temperature_studio_s,19.214797225805555,2026-01-20T06:00:00.000Z
sensor.meross_temperature_studio_s,19.66818228513889,2026-01-20T07:00:00.000Z
sensor.meross_temperature_studio_s,19.84481252038889,2026-01-20T08:00:00.000Z
sensor.meross_temperature_studio_s,20.08139412061111,2026-01-20T09:00:00.000Z
sensor.meross_temperature_studio_s,20.332940267833333,2026-01-20T10:00:00.000Z
sensor.meross_temperature_studio_s,20.248736147666666,2026-01-20T11:00:00.000Z
sensor.meross_temperature_studio_s,20.1919499995,2026-01-20T12:00:00.000Z
sensor.meross_temperature_studio_s,20.099814987277778,2026-01-20T13:00:00.000Z
sensor.meross_temperature_studio_s,19.91331929147222,2026-01-20T14:00:00.000Z
sensor.meross_temperature_studio_s,19.80545634488889,2026-01-20T15:00:00.000Z
sensor.meross_temperature_studio_s,19.81723959527778,2026-01-20T16:00:00.000Z
sensor.meross_temperature_studio_s,20.270101099194445,2026-01-20T17:00:00.000Z
sensor.meross_temperature_studio_s,19.95468547733333,2026-01-20T18:00:00.000Z
sensor.meross_temperature_studio_s,19.8899859105,2026-01-20T19:00:00.000Z
sensor.meross_temperature_studio_s,19.915064261277777,2026-01-20T20:00:00.000Z
sensor.meross_temperature_studio_s,20.214781317333333,2026-01-20T21:00:00.000Z
sensor.meross_temperature_studio_s,19.878423569805555,2026-01-20T22:00:00.000Z
sensor.meross_temperature_studio_s,19.638075829,2026-01-20T23:00:00.000Z
sensor.meross_temperature_studio_s,19.5,2026-01-21T00:00:00.000Z
sensor.meross_temperature_studio_s,19.354868633916666,2026-01-21T01:00:00.000Z
sensor.meross_temperature_studio_s,19.189436935388887,2026-01-21T02:00:00.000Z
sensor.meross_temperature_studio_s,19.025283069194444,2026-01-21T03:00:00.000Z
sensor.meross_temperature_studio_s,18.938710136194445,2026-01-21T04:00:00.000Z
sensor.meross_temperature_studio_s,18.765825044055557,2026-01-21T05:00:00.000Z
sensor.meross_temperature_studio_s,18.94256608125,2026-01-21T06:00:00.000Z
sensor.meross_temperature_studio_s,19.367932007388887,2026-01-21T07:00:00.000Z
sensor.meross_temperature_studio_s,19.720920026972223,2026-01-21T08:00:00.000Z
sensor.meross_temperature_studio_s,20.109616463416668,2026-01-21T09:00:00.000Z
sensor.meross_temperature_studio_s,20.214038228555555,2026-01-21T10:00:00.000Z
sensor.meross_temperature_studio_s,20.442284054944444,2026-01-21T11:00:00.000Z
sensor.meross_temperature_studio_s,20.797969387277778,2026-01-21T12:00:00.000Z
sensor.meross_temperature_studio_s,20.80142224963889,2026-01-21T13:00:00.000Z
sensor.meross_temperature_studio_s,20.290918980444445,2026-01-21T14:00:00.000Z
sensor.meross_temperature_studio_s,20.02574213538889,2026-01-21T15:00:00.000Z
sensor.meross_temperature_studio_s,19.875605139333334,2026-01-21T16:00:00.000Z
sensor.meross_temperature_studio_s,19.934804951,2026-01-21T17:00:00.000Z
sensor.meross_temperature_studio_s,20.28414825711111,2026-01-21T18:00:00.000Z
sensor.meross_temperature_studio_s,19.900267700694442,2026-01-21T19:00:00.000Z
sensor.meross_temperature_studio_s,19.827034073,2026-01-21T20:00:00.000Z
sensor.meross_temperature_studio_s,19.861426484583333,2026-01-21T21:00:00.000Z
sensor.meross_temperature_studio_s,19.669863122027778,2026-01-21T22:00:00.000Z
sensor.meross_temperature_studio_s,19.471070497416665,2026-01-21T23:00:00.000Z
sensor.meross_temperature_studio_s,19.29440815841667,2026-01-22T00:00:00.000Z
sensor.meross_temperature_studio_s,19.084851398722222,2026-01-22T01:00:00.000Z
sensor.meross_temperature_studio_s,18.964127622083332,2026-01-22T02:00:00.000Z
sensor.meross_temperature_studio_s,18.806001741472222,2026-01-22T03:00:00.000Z
sensor.meross_temperature_studio_s,18.631817168555557,2026-01-22T04:00:00.000Z
sensor.meross_temperature_studio_s,18.5,2026-01-22T05:00:00.000Z
sensor.meross_temperature_studio_s,18.66593430083333,2026-01-22T06:00:00.000Z
sensor.meross_temperature_studio_s,19.059917897361114,2026-01-22T07:00:00.000Z
sensor.meross_temperature_studio_s,19.344347643888888,2026-01-22T08:00:00.000Z
sensor.meross_temperature_studio_s,19.753430648833334,2026-01-22T09:00:00.000Z
sensor.meross_temperature_studio_s,20.205431417611113,2026-01-22T10:00:00.000Z
sensor.meross_temperature_studio_s,20.109642818444446,2026-01-22T11:00:00.000Z
sensor.meross_temperature_studio_s,20,2026-01-22T12:00:00.000Z
sensor.meross_temperature_studio_s,20.035343363055556,2026-01-22T13:00:00.000Z
sensor.meross_temperature_studio_s,19.936872647944444,2026-01-22T14:00:00.000Z
sensor.meross_temperature_studio_s,19.869004972472222,2026-01-22T15:00:00.000Z
sensor.meross_temperature_studio_s,19.872730442722222,2026-01-22T16:00:00.000Z
sensor.meross_temperature_studio_s,19.75166698313889,2026-01-22T17:00:00.000Z
sensor.meross_temperature_studio_s,20.17664997372222,2026-01-22T18:00:00.000Z
sensor.meross_temperature_studio_s,20.00148341363889,2026-01-22T19:00:00.000Z
sensor.meross_temperature_studio_s,19.802853680805555,2026-01-22T20:00:00.000Z
sensor.meross_temperature_studio_s,19.79368156427778,2026-01-22T21:00:00.000Z
sensor.meross_temperature_studio_s,19.534782286416668,2026-01-22T22:00:00.000Z
sensor.meross_temperature_studio_s,19.371622809972223,2026-01-22T23:00:00.000Z
sensor.meross_temperature_studio_s,19.18626982286111,2026-01-23T00:00:00.000Z
sensor.meross_temperature_studio_s,19.027340522305554,2026-01-23T01:00:00.000Z
sensor.meross_temperature_studio_s,18.954516298055555,2026-01-23T02:00:00.000Z
sensor.meross_temperature_studio_s,18.830231717,2026-01-23T03:00:00.000Z
sensor.meross_temperature_studio_s,18.675358320055555,2026-01-23T04:00:00.000Z
sensor.meross_temperature_studio_s,18.534262547916665,2026-01-23T05:00:00.000Z
sensor.meross_temperature_studio_s,18.73673044325,2026-01-23T06:00:00.000Z
sensor.meross_temperature_studio_s,19.195444359944446,2026-01-23T07:00:00.000Z
sensor.meross_temperature_studio_s,19.50480449761111,2026-01-23T08:00:00.000Z
sensor.meross_temperature_studio_s,19.762452832555557,2026-01-23T09:00:00.000Z
sensor.meross_temperature_studio_s,19.738954306583334,2026-01-23T10:00:00.000Z
sensor.meross_temperature_studio_s,19.877194312055554,2026-01-23T11:00:00.000Z
sensor.meross_temperature_studio_s,20.043831592083333,2026-01-23T12:00:00.000Z
sensor.meross_temperature_studio_s,20.216032081416667,2026-01-23T13:00:00.000Z
sensor.meross_temperature_studio_s,19.903829725694443,2026-01-23T14:00:00.000Z
sensor.meross_temperature_studio_s,20.046881633972223,2026-01-23T15:00:00.000Z
sensor.meross_temperature_studio_s,20.121185225916665,2026-01-23T16:00:00.000Z
sensor.meross_temperature_studio_s,19.87559242761111,2026-01-23T17:00:00.000Z
sensor.meross_temperature_studio_s,19.8716425645,2026-01-23T18:00:00.000Z
sensor.meross_temperature_studio_s,19.862474608666666,2026-01-23T19:00:00.000Z
sensor.meross_temperature_studio_s,20.234747660333333,2026-01-23T20:00:00.000Z
sensor.meross_temperature_studio_s,19.969594521444446,2026-01-23T21:00:00.000Z
sensor.meross_temperature_studio_s,19.827829139861112,2026-01-23T22:00:00.000Z
sensor.meross_temperature_studio_s,19.641893133222222,2026-01-23T23:00:00.000Z
sensor.meross_temperature_studio_s,19.504466934777778,2026-01-24T00:00:00.000Z
sensor.meross_temperature_studio_s,19.414688628666667,2026-01-24T01:00:00.000Z
sensor.meross_temperature_studio_s,19.268792753194443,2026-01-24T02:00:00.000Z
sensor.meross_temperature_studio_s,19.133504095888892,2026-01-24T03:00:00.000Z
sensor.meross_temperature_studio_s,19,2026-01-24T04:00:00.000Z
sensor.meross_temperature_studio_s,18.957543144638887,2026-01-24T05:00:00.000Z
sensor.meross_temperature_studio_s,19.08884604688889,2026-01-24T06:00:00.000Z
sensor.meross_temperature_studio_s,19.490188878444446,2026-01-24T07:00:00.000Z
sensor.meross_temperature_studio_s,19.729250183583332,2026-01-24T08:00:00.000Z
sensor.meross_temperature_studio_s,20.13563146925,2026-01-24T09:00:00.000Z
sensor.meross_temperature_studio_s,19.933017025027777,2026-01-24T10:00:00.000Z
sensor.meross_temperature_studio_s,20.139063615694443,2026-01-24T11:00:00.000Z
sensor.meross_temperature_studio_s,20.6533258165,2026-01-24T12:00:00.000Z
sensor.meross_temperature_studio_s,20.399430760333335,2026-01-24T13:00:00.000Z
sensor.meross_temperature_studio_s,20.15864683936111,2026-01-24T14:00:00.000Z
sensor.meross_temperature_studio_s,20.000047968333334,2026-01-24T15:00:00.000Z
sensor.meross_temperature_studio_s,19.87382312686111,2026-01-24T16:00:00.000Z
sensor.meross_temperature_studio_s,19.888315793527777,2026-01-24T17:00:00.000Z
sensor.meross_temperature_studio_s,19.86289358886111,2026-01-24T18:00:00.000Z
sensor.meross_temperature_studio_s,19.778670279527777,2026-01-24T19:00:00.000Z
sensor.meross_temperature_studio_s,20.171863165916665,2026-01-24T20:00:00.000Z
sensor.meross_temperature_studio_s,19.90666946763889,2026-01-24T21:00:00.000Z
sensor.meross_temperature_studio_s,19.680646187111112,2026-01-24T22:00:00.000Z
sensor.meross_temperature_studio_s,19.53219698313889,2026-01-24T23:00:00.000Z
sensor.meross_temperature_studio_s,19.473351802444444,2026-01-25T00:00:00.000Z
sensor.meross_temperature_studio_s,19.34134129388889,2026-01-25T01:00:00.000Z
sensor.meross_temperature_studio_s,19.208416076055556,2026-01-25T02:00:00.000Z
sensor.meross_temperature_studio_s,19.09096937302778,2026-01-25T03:00:00.000Z
sensor.meross_temperature_studio_s,19,2026-01-25T04:00:00.000Z
sensor.meross_temperature_studio_s,18.953182465944444,2026-01-25T05:00:00.000Z
sensor.meross_temperature_studio_s,19.097251286805555,2026-01-25T06:00:00.000Z
sensor.meross_temperature_studio_s,19.521025828638887,2026-01-25T07:00:00.000Z
sensor.meross_temperature_studio_s,19.75842157725,2026-01-25T08:00:00.000Z
sensor.meross_temperature_studio_s,19.982892884416668,2026-01-25T09:00:00.000Z
sensor.meross_temperature_studio_s,20.193148112916667,2026-01-25T10:00:00.000Z
sensor.meross_temperature_studio_s,19.92502227961111,2026-01-25T11:00:00.000Z
sensor.meross_temperature_studio_s,19.920769327833334,2026-01-25T12:00:00.000Z
sensor.meross_temperature_studio_s,19.91531280261111,2026-01-25T13:00:00.000Z
sensor.meross_temperature_studio_s,20,2026-01-25T14:00:00.000Z
sensor.meross_temperature_studio_s,20,2026-01-25T15:00:00.000Z
sensor.meross_temperature_studio_s,19.94891847297222,2026-01-25T17:00:00.000Z
sensor.meross_temperature_studio_s,19.9,2026-01-25T18:00:00.000Z
sensor.meross_temperature_studio_s,19.9,2026-01-25T19:00:00.000Z
sensor.meross_temperature_studio_s,19.80182501266667,2026-01-25T20:00:00.000Z
sensor.meross_temperature_studio_s,19.76656680311111,2026-01-25T21:00:00.000Z
sensor.meross_temperature_studio_s,19.650899291277778,2026-01-25T22:00:00.000Z
sensor.meross_temperature_studio_s,19.55692841536111,2026-01-25T23:00:00.000Z
sensor.meross_temperature_studio_s,19.492383471666667,2026-01-26T00:00:00.000Z
sensor.meross_temperature_studio_s,19.36954504722222,2026-01-26T01:00:00.000Z
sensor.meross_temperature_studio_s,19.253848890222223,2026-01-26T02:00:00.000Z
sensor.meross_temperature_studio_s,19.1300100265,2026-01-26T03:00:00.000Z
sensor.meross_temperature_studio_s,19.0007230935,2026-01-26T04:00:00.000Z
sensor.meross_temperature_studio_s,18.954823154249997,2026-01-26T05:00:00.000Z
sensor.meross_temperature_studio_s,19.145175098555555,2026-01-26T06:00:00.000Z
sensor.meross_temperature_studio_s,19.57367322102778,2026-01-26T07:00:00.000Z
sensor.meross_temperature_studio_s,19.843885848499998,2026-01-26T08:00:00.000Z
sensor.meross_temperature_studio_s,19.909745055749998,2026-01-26T09:00:00.000Z
sensor.meross_temperature_studio_s,20.433011987694446,2026-01-26T10:00:00.000Z
sensor.meross_temperature_studio_s,20.88708826061111,2026-01-26T11:00:00.000Z
sensor.meross_temperature_studio_s,20.982006131444447,2026-01-26T12:00:00.000Z
sensor.meross_temperature_studio_s,21.100254519694445,2026-01-26T13:00:00.000Z
sensor.meross_temperature_studio_s,20.967614071694445,2026-01-26T14:00:00.000Z
sensor.meross_temperature_studio_s,20.63148371361111,2026-01-26T15:00:00.000Z
sensor.meross_temperature_studio_s,20.263262839833335,2026-01-26T16:00:00.000Z
sensor.meross_temperature_studio_s,20.008358277972224,2026-01-26T17:00:00.000Z
sensor.meross_temperature_studio_s,19.9,2026-01-26T18:00:00.000Z
sensor.meross_temperature_studio_s,19.989117113305557,2026-01-26T19:00:00.000Z
sensor.meross_temperature_studio_s,19.80774614108333,2026-01-26T20:00:00.000Z
sensor.meross_temperature_studio_s,20.18003678841667,2026-01-26T21:00:00.000Z
sensor.meross_temperature_studio_s,20.090210309722224,2026-01-26T22:00:00.000Z
sensor.meross_temperature_studio_s,19.82008210972222,2026-01-26T23:00:00.000Z
sensor.meross_temperature_studio_s,19.579183836944445,2026-01-27T00:00:00.000Z
sensor.meross_temperature_studio_s,19.446761308888888,2026-01-27T01:00:00.000Z
sensor.meross_temperature_studio_s,19.250544328444445,2026-01-27T02:00:00.000Z
sensor.meross_temperature_studio_s,19.054155109750003,2026-01-27T03:00:00.000Z
sensor.meross_temperature_studio_s,18.972495175,2026-01-27T04:00:00.000Z
sensor.meross_temperature_studio_s,18.813677976416667,2026-01-27T05:00:00.000Z
sensor.meross_temperature_studio_s,18.87263429775,2026-01-27T06:00:00.000Z
sensor.meross_temperature_studio_s,19.275474856111114,2026-01-27T07:00:00.000Z
sensor.meross_temperature_studio_s,19.561625308388887,2026-01-27T08:00:00.000Z
sensor.meross_temperature_studio_s,19.8854238845,2026-01-27T09:00:00.000Z
sensor.meross_temperature_studio_s,20.10313712486111,2026-01-27T10:00:00.000Z
sensor.meross_temperature_studio_s,20.18732306425,2026-01-27T11:00:00.000Z
sensor.meross_temperature_studio_s,20.020004111777777,2026-01-27T12:00:00.000Z
sensor.meross_temperature_studio_s,19.90575106188889,2026-01-27T13:00:00.000Z
sensor.meross_temperature_studio_s,20.073218613555554,2026-01-27T14:00:00.000Z
sensor.meross_temperature_studio_s,20.06909297775,2026-01-27T15:00:00.000Z
sensor.meross_temperature_studio_s,19.819502679555555,2026-01-27T16:00:00.000Z
sensor.meross_temperature_studio_s,20.110207792361113,2026-01-27T17:00:00.000Z
sensor.meross_temperature_studio_s,20.24127418525,2026-01-27T18:00:00.000Z
sensor.meross_temperature_studio_s,20.236912895527777,2026-01-27T19:00:00.000Z
sensor.meross_temperature_studio_s,19.878147151555556,2026-01-27T20:00:00.000Z
sensor.meross_temperature_studio_s,19.774402153805557,2026-01-27T21:00:00.000Z
sensor.meross_temperature_studio_s,19.641006346305556,2026-01-27T22:00:00.000Z
sensor.meross_temperature_studio_s,19.48038086177778,2026-01-27T23:00:00.000Z
sensor.meross_temperature_studio_s,19.35261054938889,2026-01-28T00:00:00.000Z
sensor.meross_temperature_studio_s,19.22278434938889,2026-01-28T01:00:00.000Z
sensor.meross_temperature_studio_s,19.075633674861113,2026-01-28T02:00:00.000Z
sensor.meross_temperature_studio_s,19,2026-01-28T03:00:00.000Z
sensor.meross_temperature_studio_s,18.935917881027777,2026-01-28T04:00:00.000Z
sensor.meross_temperature_studio_s,18.813931740083333,2026-01-28T05:00:00.000Z
sensor.meross_temperature_studio_s,18.950894861472225,2026-01-28T06:00:00.000Z
sensor.meross_temperature_studio_s,19.465578753527776,2026-01-28T07:00:00.000Z
sensor.meross_temperature_studio_s,19.691701623944443,2026-01-28T08:00:00.000Z
sensor.meross_temperature_studio_s,19.915984319388887,2026-01-28T09:00:00.000Z
sensor.meross_temperature_studio_s,20.13738105347222,2026-01-28T10:00:00.000Z
sensor.meross_temperature_studio_s,20.03635709413889,2026-01-28T11:00:00.000Z
sensor.meross_temperature_studio_s,19.83344516111111,2026-01-28T12:00:00.000Z
sensor.meross_temperature_studio_s,20.255851552777777,2026-01-28T13:00:00.000Z
sensor.meross_temperature_studio_s,19.94835568852778,2026-01-28T14:00:00.000Z
sensor.meross_temperature_studio_s,19.83456155311111,2026-01-28T15:00:00.000Z
sensor.meross_temperature_studio_s,20.299170681,2026-01-28T16:00:00.000Z
sensor.meross_temperature_studio_s,19.94028307286111,2026-01-28T17:00:00.000Z
sensor.meross_temperature_studio_s,19.879268106555553,2026-01-28T18:00:00.000Z
sensor.meross_temperature_studio_s,19.879970115416665,2026-01-28T19:00:00.000Z
sensor.meross_temperature_studio_s,19.889246308527778,2026-01-28T20:00:00.000Z
sensor.meross_temperature_studio_s,20.207111838166668,2026-01-28T21:00:00.000Z
sensor.meross_temperature_studio_s,20.005424689027777,2026-01-28T22:00:00.000Z
sensor.meross_temperature_studio_s,19.789473398055556,2026-01-28T23:00:00.000Z
sensor.meross_temperature_studio_s,19.607647147250002,2026-01-29T00:00:00.000Z
sensor.meross_temperature_studio_s,19.5,2026-01-29T01:00:00.000Z
sensor.meross_temperature_studio_s,19.433709853055554,2026-01-29T02:00:00.000Z
sensor.meross_temperature_studio_s,19.282455445166665,2026-01-29T03:00:00.000Z
sensor.meross_temperature_studio_s,19.148637396972223,2026-01-29T04:00:00.000Z
sensor.meross_temperature_studio_s,19.03843778927778,2026-01-29T05:00:00.000Z
sensor.meross_temperature_studio_s,19.251750353055556,2026-01-29T06:00:00.000Z
sensor.meross_temperature_studio_s,19.666869610777777,2026-01-29T07:00:00.000Z
sensor.meross_temperature_studio_s,19.963654645277778,2026-01-29T08:00:00.000Z
sensor.meross_temperature_studio_s,20.139187742694443,2026-01-29T09:00:00.000Z
sensor.meross_temperature_studio_s,19.901227970166666,2026-01-29T10:00:00.000Z
sensor.meross_temperature_studio_s,19.798548055805558,2026-01-29T11:00:00.000Z
sensor.meross_temperature_studio_s,20.071104148333333,2026-01-29T12:00:00.000Z
sensor.meross_temperature_studio_s,20.163162349583335,2026-01-29T13:00:00.000Z
sensor.meross_temperature_studio_s,20.07916069775,2026-01-29T14:00:00.000Z
sensor.meross_temperature_studio_s,20.024140863833335,2026-01-29T15:00:00.000Z
sensor.meross_temperature_studio_s,19.960986502194444,2026-01-29T16:00:00.000Z
sensor.meross_temperature_studio_s,19.848039296583334,2026-01-29T17:00:00.000Z
sensor.meross_temperature_studio_s,19.972498040666668,2026-01-29T18:00:00.000Z
sensor.meross_temperature_studio_s,20.07822263986111,2026-01-29T19:00:00.000Z
sensor.meross_temperature_studio_s,19.905925916250002,2026-01-29T20:00:00.000Z
sensor.meross_temperature_studio_s,20.1708376165,2026-01-29T21:00:00.000Z
sensor.meross_temperature_studio_s,19.79622998888889,2026-01-29T22:00:00.000Z
sensor.meross_temperature_studio_s,19.622178280472223,2026-01-29T23:00:00.000Z
sensor.meross_temperature_studio_s,19.50054347536111,2026-01-30T00:00:00.000Z
sensor.meross_temperature_studio_s,19.353801191305553,2026-01-30T01:00:00.000Z
sensor.meross_temperature_studio_s,19.191599925000002,2026-01-30T02:00:00.000Z
sensor.meross_temperature_studio_s,19.043218919083333,2026-01-30T03:00:00.000Z
sensor.meross_temperature_studio_s,19,2026-01-30T04:00:00.000Z
sensor.meross_temperature_studio_s,18.93846829447222,2026-01-30T05:00:00.000Z
sensor.meross_temperature_studio_s,19.064711575999997,2026-01-30T06:00:00.000Z
sensor.meross_temperature_studio_s,19.526086747,2026-01-30T07:00:00.000Z
sensor.meross_temperature_studio_s,19.81472455863889,2026-01-30T08:00:00.000Z
sensor.meross_temperature_studio_s,20.022747813694444,2026-01-30T09:00:00.000Z
sensor.meross_temperature_studio_s,20.194185889444444,2026-01-30T10:00:00.000Z
sensor.meross_temperature_studio_s,20.507966693055554,2026-01-30T11:00:00.000Z
sensor.meross_temperature_studio_s,20.797482807305556,2026-01-30T12:00:00.000Z
sensor.meross_temperature_studio_s,20.79481830597222,2026-01-30T13:00:00.000Z
sensor.meross_temperature_studio_s,20.495745106944444,2026-01-30T14:00:00.000Z
sensor.meross_temperature_studio_s,20.157621467444446,2026-01-30T15:00:00.000Z
sensor.meross_temperature_studio_s,20.01097235772222,2026-01-30T16:00:00.000Z
sensor.meross_temperature_studio_s,19.871353182305555,2026-01-30T17:00:00.000Z
sensor.meross_temperature_studio_s,19.838066681527778,2026-01-30T18:00:00.000Z
sensor.meross_temperature_studio_s,19.77190416638889,2026-01-30T19:00:00.000Z
sensor.meross_temperature_studio_s,20.220961401500002,2026-01-30T20:00:00.000Z
sensor.meross_temperature_studio_s,19.934491607000002,2026-01-30T21:00:00.000Z
sensor.meross_temperature_studio_s,19.752384608416666,2026-01-30T22:00:00.000Z
sensor.meross_temperature_studio_s,19.606989142694445,2026-01-30T23:00:00.000Z
sensor.meross_temperature_studio_s,19.5,2026-01-31T00:00:00.000Z
sensor.meross_temperature_studio_s,19.396296228805554,2026-01-31T01:00:00.000Z
sensor.meross_temperature_studio_s,19.293314824722223,2026-01-31T02:00:00.000Z
sensor.meross_temperature_studio_s,19.169476060333334,2026-01-31T03:00:00.000Z
sensor.meross_temperature_studio_s,19.090289558055556,2026-01-31T04:00:00.000Z
sensor.meross_temperature_studio_s,19,2026-01-31T05:00:00.000Z
sensor.meross_temperature_studio_s,19.274057754583335,2026-01-31T06:00:00.000Z
sensor.meross_temperature_studio_s,19.70332871125,2026-01-31T07:00:00.000Z
sensor.meross_temperature_studio_s,19.7475932235,2026-01-31T08:00:00.000Z
sensor.meross_temperature_studio_s,19.38331085347222,2026-01-31T09:00:00.000Z
sensor.meross_temperature_studio_s,19.247148746194444,2026-01-31T10:00:00.000Z
sensor.meross_temperature_studio_s,19.14778465425,2026-01-31T11:00:00.000Z
sensor.meross_temperature_studio_s,19.1,2026-01-31T12:00:00.000Z
sensor.meross_temperature_studio_s,19.236097897611113,2026-01-31T13:00:00.000Z
sensor.meross_temperature_studio_s,19.16796067816667,2026-01-31T14:00:00.000Z
sensor.meross_temperature_studio_s,19.052263214972225,2026-01-31T15:00:00.000Z
sensor.meross_temperature_studio_s,19,2026-01-31T16:00:00.000Z
sensor.meross_temperature_studio_s,18.906779914444442,2026-01-31T17:00:00.000Z
sensor.meross_temperature_studio_s,18.80897949427778,2026-01-31T18:00:00.000Z
sensor.meross_temperature_studio_s,18.683720609166667,2026-01-31T19:00:00.000Z
sensor.meross_temperature_studio_s,18.570718278111112,2026-01-31T20:00:00.000Z
sensor.meross_temperature_studio_s,18.5,2026-01-31T21:00:00.000Z
sensor.meross_temperature_studio_s,18.451273593027775,2026-01-31T22:00:00.000Z
sensor.meross_temperature_studio_s,18.357413439638886,2026-01-31T23:00:00.000Z
sensor.meross_temperature_studio_s,18.23901895727778,2026-02-01T00:00:00.000Z
sensor.meross_temperature_studio_s,18.187617533416667,2026-02-01T01:00:00.000Z
sensor.meross_temperature_studio_s,18.087507371333334,2026-02-01T02:00:00.000Z
sensor.meross_temperature_studio_s,18,2026-02-01T03:00:00.000Z
sensor.meross_temperature_studio_s,18,2026-02-01T04:00:00.000Z
sensor.meross_temperature_studio_s,17.90518123363889,2026-02-01T05:00:00.000Z
sensor.meross_temperature_studio_s,17.846698718638887,2026-02-01T06:00:00.000Z
sensor.meross_temperature_studio_s,17.85725648686111,2026-02-01T07:00:00.000Z
sensor.meross_temperature_studio_s,18.272930793333334,2026-02-01T08:00:00.000Z
sensor.meross_temperature_studio_s,18.020245664944444,2026-02-01T09:00:00.000Z
sensor.meross_temperature_studio_s,18,2026-02-01T10:00:00.000Z
sensor.meross_temperature_studio_s,18,2026-02-01T11:00:00.000Z
sensor.meross_temperature_studio_s,17.971096872305555,2026-02-01T12:00:00.000Z
sensor.meross_temperature_studio_s,17.9,2026-02-01T13:00:00.000Z
sensor.meross_temperature_studio_s,17.954452346444445,2026-02-01T14:00:00.000Z
sensor.meross_temperature_studio_s,18.581780579777778,2026-02-01T15:00:00.000Z
sensor.meross_temperature_studio_s,18.899792058805556,2026-02-01T16:00:00.000Z
sensor.meross_temperature_studio_s,19.011561417944446,2026-02-01T17:00:00.000Z
sensor.meross_temperature_studio_s,19.183688869333334,2026-02-01T18:00:00.000Z
sensor.meross_temperature_studio_s,19.57403963238889,2026-02-01T19:00:00.000Z
sensor.meross_temperature_studio_s,19.808028376083332,2026-02-01T20:00:00.000Z
sensor.meross_temperature_studio_s,19.865613743027776,2026-02-01T21:00:00.000Z
sensor.meross_temperature_studio_s,19.379976455222224,2026-02-01T22:00:00.000Z
sensor.meross_temperature_studio_s,19.062634716277778,2026-02-01T23:00:00.000Z
sensor.meross_temperature_studio_s,18.94140711686111,2026-02-02T00:00:00.000Z
sensor.meross_temperature_studio_s,18.830655464694445,2026-02-02T01:00:00.000Z
sensor.meross_temperature_studio_s,18.70339835447222,2026-02-02T02:00:00.000Z
sensor.meross_temperature_studio_s,18.609512257944445,2026-02-02T03:00:00.000Z
sensor.meross_temperature_studio_s,18.51523715886111,2026-02-02T04:00:00.000Z
sensor.meross_temperature_studio_s,18.5,2026-02-02T05:00:00.000Z
sensor.meross_temperature_studio_s,18.690944834305554,2026-02-02T06:00:00.000Z
sensor.meross_temperature_studio_s,19.132047888888888,2026-02-02T07:00:00.000Z
sensor.meross_temperature_studio_s,19.459914792611112,2026-02-02T08:00:00.000Z
sensor.meross_temperature_studio_s,19.459598004777778,2026-02-02T09:00:00.000Z
sensor.meross_temperature_studio_s,19.882454908944442,2026-02-02T10:00:00.000Z
sensor.meross_temperature_studio_s,19.916728515194446,2026-02-02T11:00:00.000Z
sensor.meross_temperature_studio_s,20.015654153916667,2026-02-02T12:00:00.000Z
sensor.meross_temperature_studio_s,20.296856756166665,2026-02-02T13:00:00.000Z
sensor.meross_temperature_studio_s,19.97206396561111,2026-02-02T14:00:00.000Z
sensor.meross_temperature_studio_s,19.947878348333333,2026-02-02T15:00:00.000Z
sensor.meross_temperature_studio_s,20,2026-02-02T16:00:00.000Z
sensor.meross_temperature_studio_s,19.998346150666666,2026-02-02T17:00:00.000Z
sensor.meross_temperature_studio_s,19.7917045065,2026-02-02T18:00:00.000Z
sensor.meross_temperature_studio_s,20.579776165555554,2026-02-02T19:00:00.000Z
sensor.meross_temperature_studio_s,20.133809820916667,2026-02-02T20:00:00.000Z
sensor.meross_temperature_studio_s,19.955825012916666,2026-02-02T21:00:00.000Z
sensor.meross_temperature_studio_s,19.813373506666668,2026-02-02T22:00:00.000Z
sensor.meross_temperature_studio_s,19.64668513275,2026-02-02T23:00:00.000Z
sensor.meross_temperature_studio_s,19.51195422475,2026-02-03T00:00:00.000Z
sensor.meross_temperature_studio_s,19.47150025308333,2026-02-03T01:00:00.000Z
sensor.meross_temperature_studio_s,19.377587011916663,2026-02-03T02:00:00.000Z
sensor.meross_temperature_studio_s,19.278199268111113,2026-02-03T03:00:00.000Z
sensor.meross_temperature_studio_s,19.162558223972223,2026-02-03T04:00:00.000Z
sensor.meross_temperature_studio_s,19.02357501413889,2026-02-03T05:00:00.000Z
sensor.meross_temperature_studio_s,19.26278651236111,2026-02-03T06:00:00.000Z
sensor.meross_temperature_studio_s,19.74070288563889,2026-02-03T07:00:00.000Z
sensor.meross_temperature_studio_s,19.994891493333334,2026-02-03T08:00:00.000Z
sensor.meross_temperature_studio_s,20.19265301736111,2026-02-03T09:00:00.000Z
sensor.meross_temperature_studio_s,20.064452113444442,2026-02-03T10:00:00.000Z
sensor.meross_temperature_studio_s,19.85023594047222,2026-02-03T11:00:00.000Z
sensor.meross_temperature_studio_s,20.187546615833334,2026-02-03T12:00:00.000Z
sensor.meross_temperature_studio_s,19.89721221136111,2026-02-03T13:00:00.000Z
sensor.meross_temperature_studio_s,19.800113651055554,2026-02-03T14:00:00.000Z
sensor.meross_temperature_studio_s,20.211766634222222,2026-02-03T15:00:00.000Z
sensor.meross_temperature_studio_s,20.167409023805558,2026-02-03T16:00:00.000Z
sensor.meross_temperature_studio_s,20.020644741777776,2026-02-03T17:00:00.000Z
sensor.meross_temperature_studio_s,20.143511726305558,2026-02-03T18:00:00.000Z
sensor.meross_temperature_studio_s,20.030015012444444,2026-02-03T19:00:00.000Z
sensor.meross_temperature_studio_s,19.9,2026-02-03T20:00:00.000Z
sensor.meross_temperature_studio_s,19.848248300916666,2026-02-03T21:00:00.000Z
sensor.meross_temperature_studio_s,19.671136867138888,2026-02-03T22:00:00.000Z
sensor.meross_temperature_studio_s,19.544574736333335,2026-02-03T23:00:00.000Z
sensor.meross_temperature_studio_s,19.479364027333332,2026-02-04T00:00:00.000Z
sensor.meross_temperature_studio_s,19.382727235916665,2026-02-04T01:00:00.000Z
sensor.meross_temperature_studio_s,19.269752049444445,2026-02-04T02:00:00.000Z
sensor.meross_temperature_studio_s,19.17311528961111,2026-02-04T03:00:00.000Z
sensor.meross_temperature_studio_s,19.06122551230556,2026-02-04T04:00:00.000Z
sensor.meross_temperature_studio_s,19,2026-02-04T05:00:00.000Z
sensor.meross_temperature_studio_s,19.21296886088889,2026-02-04T06:00:00.000Z
sensor.meross_temperature_studio_s,19.73975086586111,2026-02-04T07:00:00.000Z
sensor.meross_temperature_studio_s,19.90815097738889,2026-02-04T08:00:00.000Z
sensor.meross_temperature_studio_s,20.10854871877778,2026-02-04T09:00:00.000Z
sensor.meross_temperature_studio_s,20.174599049833333,2026-02-04T10:00:00.000Z
sensor.meross_temperature_studio_s,19.823415866305556,2026-02-04T11:00:00.000Z
sensor.meross_temperature_studio_s,20.16199585613889,2026-02-04T12:00:00.000Z
sensor.meross_temperature_studio_s,19.868621175305556,2026-02-04T13:00:00.000Z
sensor.meross_temperature_studio_s,19.84276803008333,2026-02-04T14:00:00.000Z
sensor.meross_temperature_studio_s,20.223414434833334,2026-02-04T15:00:00.000Z
sensor.meross_temperature_studio_s,19.99908221433333,2026-02-04T16:00:00.000Z
sensor.meross_temperature_studio_s,19.970769511694446,2026-02-04T17:00:00.000Z
sensor.meross_temperature_studio_s,20,2026-02-04T18:00:00.000Z
sensor.meross_temperature_studio_s,19.996919429055556,2026-02-04T19:00:00.000Z
sensor.meross_temperature_studio_s,19.785332499027778,2026-02-04T20:00:00.000Z
sensor.meross_temperature_studio_s,20.164673375833335,2026-02-04T21:00:00.000Z
sensor.meross_temperature_studio_s,19.918496336916665,2026-02-04T22:00:00.000Z
sensor.meross_temperature_studio_s,19.71627077513889,2026-02-04T23:00:00.000Z
sensor.meross_temperature_studio_s,19.56894448802778,2026-02-05T00:00:00.000Z
sensor.meross_temperature_studio_s,19.5,2026-02-05T01:00:00.000Z
sensor.meross_temperature_studio_s,19.429880242777777,2026-02-05T02:00:00.000Z
sensor.meross_temperature_studio_s,19.32782580786111,2026-02-05T03:00:00.000Z
sensor.meross_temperature_studio_s,19.220270309277776,2026-02-05T04:00:00.000Z
sensor.meross_temperature_studio_s,19.130023161166665,2026-02-05T05:00:00.000Z
sensor.meross_temperature_studio_s,19.382052782194446,2026-02-05T06:00:00.000Z
sensor.meross_temperature_studio_s,19.815469807138886,2026-02-05T07:00:00.000Z
sensor.meross_temperature_studio_s,20.106421949138888,2026-02-05T08:00:00.000Z
sensor.meross_temperature_studio_s,19.94770301147222,2026-02-05T09:00:00.000Z
sensor.meross_temperature_studio_s,19.924395027888888,2026-02-05T10:00:00.000Z
sensor.meross_temperature_studio_s,20.44588827377778,2026-02-05T11:00:00.000Z
sensor.meross_temperature_studio_s,20.804672954277777,2026-02-05T12:00:00.000Z
sensor.meross_temperature_studio_s,20.98166329588889,2026-02-05T13:00:00.000Z
sensor.meross_temperature_studio_s,21.093861197305557,2026-02-05T14:00:00.000Z
sensor.meross_temperature_studio_s,20.8717718935,2026-02-05T15:00:00.000Z
sensor.meross_temperature_studio_s,20.461380188055553,2026-02-05T16:00:00.000Z
sensor.meross_temperature_studio_s,20.361932002583334,2026-02-05T17:00:00.000Z
sensor.meross_temperature_studio_s,20.31982833425,2026-02-05T18:00:00.000Z
sensor.meross_temperature_studio_s,20.135047968055556,2026-02-05T19:00:00.000Z
sensor.meross_temperature_studio_s,20.106004338305556,2026-02-05T20:00:00.000Z
sensor.meross_temperature_studio_s,19.969527358166665,2026-02-05T21:00:00.000Z
sensor.meross_temperature_studio_s,19.818856759833334,2026-02-05T22:00:00.000Z
sensor.meross_temperature_studio_s,19.65477555872222,2026-02-05T23:00:00.000Z
sensor.meross_temperature_studio_s,19.560807536555554,2026-02-06T00:00:00.000Z
sensor.meross_temperature_studio_s,19.5,2026-02-06T01:00:00.000Z
sensor.meross_temperature_studio_s,19.46281005613889,2026-02-06T02:00:00.000Z
sensor.meross_temperature_studio_s,19.37259088825,2026-02-06T03:00:00.000Z
sensor.meross_temperature_studio_s,19.3,2026-02-06T04:00:00.000Z
sensor.meross_temperature_studio_s,19.20857496547222,2026-02-06T05:00:00.000Z
sensor.meross_temperature_studio_s,19.450938849305555,2026-02-06T06:00:00.000Z
sensor.meross_temperature_studio_s,19.940443438583333,2026-02-06T07:00:00.000Z
sensor.meross_temperature_studio_s,20.169765649583333,2026-02-06T08:00:00.000Z
sensor.meross_temperature_studio_s,19.794359559055554,2026-02-06T09:00:00.000Z
sensor.meross_temperature_studio_s,20.340704354305554,2026-02-06T10:00:00.000Z
sensor.meross_temperature_studio_s,20.076708959361113,2026-02-06T11:00:00.000Z
sensor.meross_temperature_studio_s,20.21822451941667,2026-02-06T12:00:00.000Z
sensor.meross_temperature_studio_s,20.73363122563889,2026-02-06T13:00:00.000Z
sensor.meross_temperature_studio_s,20.66313142536111,2026-02-06T14:00:00.000Z
sensor.meross_temperature_studio_s,20.411701956916666,2026-02-06T15:00:00.000Z
sensor.meross_temperature_studio_s,20.085085290527775,2026-02-06T16:00:00.000Z
sensor.meross_temperature_studio_s,19.970357079444444,2026-02-06T17:00:00.000Z
sensor.meross_temperature_studio_s,19.85921717486111,2026-02-06T18:00:00.000Z
sensor.meross_temperature_studio_s,19.85074642488889,2026-02-06T19:00:00.000Z
sensor.meross_temperature_studio_s,20.232185407,2026-02-06T20:00:00.000Z
sensor.meross_temperature_studio_s,19.937573678638888,2026-02-06T21:00:00.000Z
sensor.meross_temperature_studio_s,19.445391924666666,2026-02-07T06:00:00.000Z
sensor.meross_temperature_studio_s,19.742311820694443,2026-02-07T07:00:00.000Z
sensor.meross_temperature_studio_s,19.86633594802778,2026-02-07T08:00:00.000Z
sensor.meross_temperature_studio_s,20.105796449222222,2026-02-07T09:00:00.000Z
sensor.meross_temperature_studio_s,20.031372876611112,2026-02-07T10:00:00.000Z
sensor.meross_temperature_studio_s,19.833771424166667,2026-02-07T11:00:00.000Z
sensor.meross_temperature_studio_s,20.011097016805554,2026-02-07T12:00:00.000Z
sensor.meross_temperature_studio_s,20,2026-02-07T13:00:00.000Z
sensor.meross_temperature_studio_s,20,2026-02-07T14:00:00.000Z
sensor.meross_temperature_studio_s,19.92277692875,2026-02-07T15:00:00.000Z
sensor.meross_temperature_studio_s,19.81524850897222,2026-02-07T16:00:00.000Z
sensor.meross_temperature_studio_s,19.925596939944445,2026-02-07T17:00:00.000Z
sensor.meross_temperature_studio_s,20.097986922527777,2026-02-07T18:00:00.000Z
sensor.meross_temperature_studio_s,19.845959350805554,2026-02-07T19:00:00.000Z
sensor.meross_temperature_studio_s,19.75676520627778,2026-02-07T20:00:00.000Z
sensor.meross_temperature_studio_s,19.97554476811111,2026-02-07T21:00:00.000Z
sensor.meross_temperature_studio_s,19.576931079972223,2026-02-07T22:00:00.000Z
sensor.meross_temperature_studio_s,19.345740513694444,2026-02-07T23:00:00.000Z
sensor.meross_temperature_studio_s,19.201701338777777,2026-02-08T00:00:00.000Z
sensor.meross_temperature_studio_s,19.107793125472224,2026-02-08T01:00:00.000Z
sensor.meross_temperature_studio_s,19.000286487416666,2026-02-08T02:00:00.000Z
sensor.meross_temperature_studio_s,18.980448902277775,2026-02-08T03:00:00.000Z
sensor.meross_temperature_studio_s,18.87294808911111,2026-02-08T04:00:00.000Z
sensor.meross_temperature_studio_s,18.749109126,2026-02-08T05:00:00.000Z
sensor.meross_temperature_studio_s,18.8754956905,2026-02-08T06:00:00.000Z
sensor.meross_temperature_studio_s,19.18034023527778,2026-02-08T07:00:00.000Z
sensor.meross_temperature_studio_s,19.294316616305554,2026-02-08T08:00:00.000Z
sensor.meross_temperature_studio_s,19.320266411444447,2026-02-08T09:00:00.000Z
sensor.meross_temperature_studio_s,19.4,2026-02-08T10:00:00.000Z
sensor.meross_temperature_studio_s,19.58345233272222,2026-02-08T11:00:00.000Z
sensor.meross_temperature_studio_s,20.03840831891667,2026-02-08T12:00:00.000Z
sensor.meross_temperature_studio_s,20.174318998166665,2026-02-08T13:00:00.000Z
sensor.meross_temperature_studio_s,19.796922188916668,2026-02-08T14:00:00.000Z
sensor.meross_temperature_studio_s,20.120815980222222,2026-02-08T15:00:00.000Z
sensor.meross_temperature_studio_s,20.1,2026-02-08T16:00:00.000Z
sensor.meross_temperature_studio_s,20.197882591555555,2026-02-08T17:00:00.000Z
sensor.meross_temperature_studio_s,20.302916558638888,2026-02-08T18:00:00.000Z
sensor.meross_temperature_studio_s,19.830871108333334,2026-02-08T19:00:00.000Z
sensor.meross_temperature_studio_s,19.90903737244444,2026-02-08T20:00:00.000Z
sensor.meross_temperature_studio_s,19.800484580722223,2026-02-08T21:00:00.000Z
sensor.meross_temperature_studio_s,19.26089160513889,2026-02-08T22:00:00.000Z
sensor.meross_temperature_studio_s,19.003452513916667,2026-02-08T23:00:00.000Z
sensor.meross_temperature_studio_s,18.922994799416667,2026-02-09T00:00:00.000Z
sensor.meross_temperature_studio_s,18.785542772305558,2026-02-09T01:00:00.000Z
sensor.meross_temperature_studio_s,18.653689529083334,2026-02-09T02:00:00.000Z
sensor.meross_temperature_studio_s,18.543493268944445,2026-02-09T03:00:00.000Z
sensor.meross_temperature_studio_s,18.5,2026-02-09T04:00:00.000Z
sensor.meross_temperature_studio_s,18.46403047722222,2026-02-09T05:00:00.000Z
sensor.meross_temperature_studio_s,18.649795989916665,2026-02-09T06:00:00.000Z
sensor.meross_temperature_studio_s,19.024479300305554,2026-02-09T07:00:00.000Z
sensor.meross_temperature_studio_s,19.168632191666667,2026-02-09T08:00:00.000Z
sensor.meross_temperature_studio_s,19.143959309027778,2026-02-09T09:00:00.000Z
sensor.meross_temperature_studio_s,19.271842790916665,2026-02-09T10:00:00.000Z
sensor.meross_temperature_studio_s,19.607475166277776,2026-02-09T11:00:00.000Z
sensor.meross_temperature_studio_s,19.89592459875,2026-02-09T12:00:00.000Z
sensor.meross_temperature_studio_s,19.80735994225,2026-02-09T13:00:00.000Z
sensor.meross_temperature_studio_s,19.83531641961111,2026-02-09T14:00:00.000Z
sensor.meross_temperature_studio_s,19.79013175075,2026-02-09T15:00:00.000Z
sensor.meross_temperature_studio_s,19.4232717015,2026-02-09T16:00:00.000Z
sensor.meross_temperature_studio_s,19.4,2026-02-09T17:00:00.000Z
sensor.meross_temperature_studio_s,19.419063186944445,2026-02-09T18:00:00.000Z
sensor.meross_temperature_studio_s,19.82717506208333,2026-02-09T19:00:00.000Z
sensor.meross_temperature_studio_s,19.546602435805557,2026-02-09T20:00:00.000Z
sensor.meross_temperature_studio_s,19.423045607305557,2026-02-09T21:00:00.000Z
sensor.meross_temperature_studio_s,18.81688517222222,2026-02-09T22:00:00.000Z
sensor.meross_temperature_studio_s,18.539459385472224,2026-02-09T23:00:00.000Z
sensor.meross_temperature_studio_s,18.375669238277776,2026-02-10T00:00:00.000Z
sensor.meross_temperature_studio_s,18.226263436500002,2026-02-10T01:00:00.000Z
sensor.meross_temperature_studio_s,18.13240517638889,2026-02-10T02:00:00.000Z
sensor.meross_temperature_studio_s,18.049439015083333,2026-02-10T03:00:00.000Z
sensor.meross_temperature_studio_s,18,2026-02-10T04:00:00.000Z
sensor.meross_temperature_studio_s,18,2026-02-10T05:00:00.000Z
sensor.meross_temperature_studio_s,18.232477352305555,2026-02-10T06:00:00.000Z
sensor.meross_temperature_studio_s,18.61133767963889,2026-02-10T07:00:00.000Z
sensor.meross_temperature_studio_s,18.882981070694445,2026-02-10T08:00:00.000Z
sensor.meross_temperature_studio_s,18.94309805972222,2026-02-10T09:00:00.000Z
sensor.meross_temperature_studio_s,19.169219455388887,2026-02-10T10:00:00.000Z
sensor.meross_temperature_studio_s,19.419795099555554,2026-02-10T11:00:00.000Z
sensor.meross_temperature_studio_s,19.975540919166665,2026-02-10T12:00:00.000Z
sensor.meross_temperature_studio_s,20.158716971666667,2026-02-10T13:00:00.000Z
sensor.meross_temperature_studio_s,19.901131357,2026-02-10T14:00:00.000Z
sensor.meross_temperature_studio_s,19.867351998361112,2026-02-10T15:00:00.000Z
sensor.meross_temperature_studio_s,19.827925409583333,2026-02-10T16:00:00.000Z
sensor.meross_temperature_studio_s,20.398062536083334,2026-02-10T17:00:00.000Z
sensor.meross_temperature_studio_s,20.56540150088889,2026-02-10T18:00:00.000Z
sensor.meross_temperature_studio_s,20.202418519555554,2026-02-10T19:00:00.000Z
sensor.meross_temperature_studio_s,20.17946603658333,2026-02-10T20:00:00.000Z
sensor.meross_temperature_studio_s,20.1,2026-02-10T21:00:00.000Z
sensor.meross_temperature_studio_s,20.01183759738889,2026-02-10T22:00:00.000Z
sensor.meross_temperature_studio_s,19.917729349416664,2026-02-10T23:00:00.000Z
sensor.meross_temperature_studio_s,19.8074773435,2026-02-11T00:00:00.000Z
sensor.meross_temperature_studio_s,19.654974539944444,2026-02-11T01:00:00.000Z
sensor.meross_temperature_studio_s,19.545796527083336,2026-02-11T02:00:00.000Z
sensor.meross_temperature_studio_s,19.5,2026-02-11T03:00:00.000Z
sensor.meross_temperature_studio_s,19.440269236694444,2026-02-11T04:00:00.000Z
sensor.meross_temperature_studio_s,19.362693462333333,2026-02-11T05:00:00.000Z
sensor.meross_temperature_studio_s,19.59432557683333,2026-02-11T06:00:00.000Z
sensor.meross_temperature_studio_s,20.12662459775,2026-02-11T07:00:00.000Z
sensor.meross_temperature_studio_s,20.052480784416666,2026-02-11T08:00:00.000Z
sensor.meross_temperature_studio_s,19.810228297027777,2026-02-11T09:00:00.000Z
sensor.meross_temperature_studio_s,19.859467252583332,2026-02-11T10:00:00.000Z
sensor.meross_temperature_studio_s,20.091731177194443,2026-02-11T11:00:00.000Z
sensor.meross_temperature_studio_s,20.26482812447222,2026-02-11T12:00:00.000Z
sensor.meross_temperature_studio_s,20.29821337208333,2026-02-11T13:00:00.000Z
sensor.meross_temperature_studio_s,20.445572789527777,2026-02-11T14:00:00.000Z
sensor.meross_temperature_studio_s,20.403668198777776,2026-02-11T15:00:00.000Z
sensor.meross_temperature_studio_s,20.181722763388887,2026-02-11T16:00:00.000Z
sensor.meross_temperature_studio_s,20,2026-02-11T17:00:00.000Z
sensor.meross_temperature_studio_s,19.968265803722222,2026-02-11T18:00:00.000Z
sensor.meross_temperature_studio_s,19.945793215833334,2026-02-11T19:00:00.000Z
sensor.meross_temperature_studio_s,19.851176545333335,2026-02-11T20:00:00.000Z
sensor.meross_temperature_studio_s,19.896517757222224,2026-02-11T21:00:00.000Z
sensor.meross_temperature_studio_s,19.900083732333332,2026-02-11T22:00:00.000Z
sensor.meross_temperature_studio_s,19.661411730083334,2026-02-11T23:00:00.000Z
sensor.meross_temperature_studio_s,19.51692438975,2026-02-12T00:00:00.000Z
sensor.meross_temperature_studio_s,19.5,2026-02-12T01:00:00.000Z
sensor.meross_temperature_studio_s,19.414786127333333,2026-02-12T02:00:00.000Z
sensor.meross_temperature_studio_s,19.33721066316667,2026-02-12T03:00:00.000Z
sensor.meross_temperature_studio_s,19.26232962513889,2026-02-12T04:00:00.000Z
sensor.meross_temperature_studio_s,19.2,2026-02-12T05:00:00.000Z
sensor.meross_temperature_studio_s,19.49949908386111,2026-02-12T06:00:00.000Z
sensor.meross_temperature_studio_s,20.030492080583333,2026-02-12T07:00:00.000Z
sensor.meross_temperature_studio_s,20.136501344055556,2026-02-12T08:00:00.000Z
sensor.meross_temperature_studio_s,19.851274490916666,2026-02-12T09:00:00.000Z
sensor.meross_temperature_studio_s,20.282105364388887,2026-02-12T10:00:00.000Z
sensor.meross_temperature_studio_s,19.954966281388888,2026-02-12T11:00:00.000Z
sensor.meross_temperature_studio_s,19.9,2026-02-12T12:00:00.000Z
sensor.meross_temperature_studio_s,19.932658441444442,2026-02-12T13:00:00.000Z
sensor.meross_temperature_studio_s,19.970983029916667,2026-02-12T14:00:00.000Z
sensor.meross_temperature_studio_s,20.02121617638889,2026-02-12T15:00:00.000Z
sensor.meross_temperature_studio_s,20.06403844391667,2026-02-12T16:00:00.000Z
sensor.meross_temperature_studio_s,19.936587605777778,2026-02-12T17:00:00.000Z
sensor.meross_temperature_studio_s,19.886384850027778,2026-02-12T18:00:00.000Z
sensor.meross_temperature_studio_s,19.900774897583332,2026-02-12T19:00:00.000Z
sensor.meross_temperature_studio_s,19.828759760722225,2026-02-12T20:00:00.000Z
sensor.meross_temperature_studio_s,19.849596538777778,2026-02-12T21:00:00.000Z
sensor.meross_temperature_studio_s,19.671908953777777,2026-02-12T22:00:00.000Z
sensor.meross_temperature_studio_s,19.537178223277778,2026-02-12T23:00:00.000Z
sensor.meross_temperature_studio_s,19.5,2026-02-13T00:00:00.000Z
sensor.meross_temperature_studio_s,19.43365204761111,2026-02-13T01:00:00.000Z
sensor.meross_temperature_studio_s,19.309812560972222,2026-02-13T02:00:00.000Z
sensor.meross_temperature_studio_s,19.222845678722223,2026-02-13T03:00:00.000Z
sensor.meross_temperature_studio_s,19.147965374166667,2026-02-13T04:00:00.000Z
sensor.meross_temperature_studio_s,19.029572448472223,2026-02-13T05:00:00.000Z
sensor.meross_temperature_studio_s,19.29757474836111,2026-02-13T06:00:00.000Z
sensor.meross_temperature_studio_s,19.791780660527778,2026-02-13T07:00:00.000Z
sensor.meross_temperature_studio_s,20.18412506313889,2026-02-13T08:00:00.000Z
sensor.meross_temperature_studio_s,20.038974941055557,2026-02-13T09:00:00.000Z
sensor.meross_temperature_studio_s,20.204304628583333,2026-02-13T10:00:00.000Z
sensor.meross_temperature_studio_s,20.417120691111112,2026-02-13T11:00:00.000Z
sensor.meross_temperature_studio_s,20.66428509625,2026-02-13T12:00:00.000Z
sensor.meross_temperature_studio_s,20.831490277472223,2026-02-13T13:00:00.000Z
sensor.meross_temperature_studio_s,20.76853154163889,2026-02-13T14:00:00.000Z
sensor.meross_temperature_studio_s,20.670314445055556,2026-02-13T15:00:00.000Z
sensor.meross_temperature_studio_s,20.345136924277778,2026-02-13T16:00:00.000Z
sensor.meross_temperature_studio_s,20.091630162444446,2026-02-13T17:00:00.000Z
sensor.meross_temperature_studio_s,20.0214236335,2026-02-13T18:00:00.000Z
sensor.meross_temperature_studio_s,20.02297974475,2026-02-13T19:00:00.000Z
sensor.meross_temperature_studio_s,19.9,2026-02-13T20:00:00.000Z
sensor.meross_temperature_studio_s,19.831426619555554,2026-02-13T21:00:00.000Z
sensor.meross_temperature_studio_s,19.775440984222225,2026-02-13T22:00:00.000Z
sensor.meross_temperature_studio_s,19.632568369,2026-02-13T23:00:00.000Z
sensor.meross_temperature_studio_s,19.52228950975,2026-02-14T00:00:00.000Z
sensor.meross_temperature_studio_s,19.472526903416668,2026-02-14T01:00:00.000Z
sensor.meross_temperature_studio_s,19.4,2026-02-14T02:00:00.000Z
sensor.meross_temperature_studio_s,19.335713726444443,2026-02-14T03:00:00.000Z
sensor.meross_temperature_studio_s,19.277171159777776,2026-02-14T04:00:00.000Z
sensor.meross_temperature_studio_s,19.1941497085,2026-02-14T05:00:00.000Z
sensor.meross_temperature_studio_s,19.35876955225,2026-02-14T06:00:00.000Z
sensor.meross_temperature_studio_s,19.813751059583332,2026-02-14T07:00:00.000Z
sensor.meross_temperature_studio_s,19.941384176444444,2026-02-14T08:00:00.000Z
sensor.meross_temperature_studio_s,20.195512393166666,2026-02-14T09:00:00.000Z
sensor.meross_temperature_studio_s,20.007473770916665,2026-02-14T10:00:00.000Z
sensor.meross_temperature_studio_s,19.9,2026-02-14T11:00:00.000Z
sensor.meross_temperature_studio_s,19.95949787402778,2026-02-14T12:00:00.000Z
sensor.meross_temperature_studio_s,19.916896562055555,2026-02-14T13:00:00.000Z
sensor.meross_temperature_studio_s,19.908563456527776,2026-02-14T14:00:00.000Z
sensor.meross_temperature_studio_s,20.243104511972223,2026-02-14T15:00:00.000Z
sensor.meross_temperature_studio_s,20.459598908666667,2026-02-14T16:00:00.000Z
sensor.meross_temperature_studio_s,20.4,2026-02-14T17:00:00.000Z
sensor.meross_temperature_studio_s,20.328175447555555,2026-02-14T18:00:00.000Z
sensor.meross_temperature_studio_s,20.285887372111112,2026-02-14T19:00:00.000Z
sensor.meross_temperature_studio_s,20.087439543194446,2026-02-14T20:00:00.000Z
sensor.meross_temperature_studio_s,20,2026-02-14T21:00:00.000Z
sensor.meross_temperature_studio_s,19.99036494313889,2026-02-14T22:00:00.000Z
sensor.meross_temperature_studio_s,19.89639568983333,2026-02-14T23:00:00.000Z
sensor.meross_temperature_studio_s,19.767109938972222,2026-02-15T00:00:00.000Z
sensor.meross_temperature_studio_s,19.640520947194446,2026-02-15T01:00:00.000Z
sensor.meross_temperature_studio_s,19.519376616944445,2026-02-15T02:00:00.000Z
sensor.meross_temperature_studio_s,19.45299967947222,2026-02-15T03:00:00.000Z
sensor.meross_temperature_studio_s,19.28277118636111,2026-02-15T04:00:00.000Z
sensor.meross_temperature_studio_s,19.127510400000002,2026-02-15T05:00:00.000Z
sensor.meross_temperature_studio_s,19.22658288738889,2026-02-15T06:00:00.000Z
sensor.meross_temperature_studio_s,19.489173654277778,2026-02-15T07:00:00.000Z
sensor.meross_temperature_studio_s,19.520411896027777,2026-02-15T08:00:00.000Z
sensor.meross_temperature_studio_s,20.059820847555553,2026-02-15T09:00:00.000Z
sensor.meross_temperature_studio_s,20.199515978,2026-02-15T10:00:00.000Z
sensor.meross_temperature_studio_s,20.194682427222222,2026-02-15T11:00:00.000Z
sensor.meross_temperature_studio_s,20.750588352138887,2026-02-15T12:00:00.000Z
sensor.meross_temperature_studio_s,20.9,2026-02-15T13:00:00.000Z
sensor.meross_temperature_studio_s,20.925221813611113,2026-02-15T14:00:00.000Z
sensor.meross_temperature_studio_s,21,2026-02-15T15:00:00.000Z
sensor.meross_temperature_studio_s,20.820950359444442,2026-02-15T16:00:00.000Z
sensor.meross_temperature_studio_s,20.469998926055556,2026-02-15T17:00:00.000Z
sensor.meross_temperature_studio_s,20.15885164813889,2026-02-15T18:00:00.000Z
sensor.meross_temperature_studio_s,20.135536416222223,2026-02-15T19:00:00.000Z
sensor.meross_temperature_studio_s,19.98274999808333,2026-02-15T20:00:00.000Z
sensor.meross_temperature_studio_s,19.9,2026-02-15T21:00:00.000Z
sensor.meross_temperature_studio_s,19.864691825194445,2026-02-15T22:00:00.000Z
sensor.meross_temperature_studio_s,19.712685765777778,2026-02-15T23:00:00.000Z
sensor.meross_temperature_studio_s,19.552912662388888,2026-02-16T00:00:00.000Z
sensor.meross_temperature_studio_s,19.4748923035,2026-02-16T01:00:00.000Z
sensor.meross_temperature_studio_s,19.3428841535,2026-02-16T02:00:00.000Z
sensor.meross_temperature_studio_s,19.178828475388887,2026-02-16T03:00:00.000Z
sensor.meross_temperature_studio_s,19.041385750083332,2026-02-16T04:00:00.000Z
sensor.meross_temperature_studio_s,18.993430195861112,2026-02-16T05:00:00.000Z
sensor.meross_temperature_studio_s,19.094142542944443,2026-02-16T06:00:00.000Z
sensor.meross_temperature_studio_s,19.453886731055555,2026-02-16T07:00:00.000Z
sensor.meross_temperature_studio_s,19.660981997,2026-02-16T08:00:00.000Z
sensor.meross_temperature_studio_s,19.7,2026-02-16T09:00:00.000Z
sensor.meross_temperature_studio_s,19.852745231555556,2026-02-16T10:00:00.000Z
sensor.meross_temperature_studio_s,19.8,2026-02-16T11:00:00.000Z
sensor.meross_temperature_studio_s,19.763373745305554,2026-02-16T12:00:00.000Z
sensor.meross_temperature_studio_s,19.752351659055556,2026-02-16T13:00:00.000Z
sensor.meross_temperature_studio_s,19.925959132916667,2026-02-16T14:00:00.000Z
sensor.meross_temperature_studio_s,20.190882640944444,2026-02-16T15:00:00.000Z
sensor.meross_temperature_studio_s,19.758794381,2026-02-16T16:00:00.000Z
sensor.meross_temperature_studio_s,19.714903858583334,2026-02-16T17:00:00.000Z
sensor.meross_temperature_studio_s,19.7,2026-02-16T18:00:00.000Z
sensor.meross_temperature_studio_s,20.031204247722222,2026-02-16T19:00:00.000Z
sensor.meross_temperature_studio_s,19.756766218888888,2026-02-16T20:00:00.000Z
sensor.meross_temperature_studio_s,19.935301113416667,2026-02-16T21:00:00.000Z
sensor.meross_temperature_studio_s,19.34422932078788,2026-02-16T22:00:00.000Z
sensor.meross_temperature_studio_s,19.008898819527776,2026-02-16T23:00:00.000Z
sensor.meross_temperature_studio_s,18.84901594172222,2026-02-17T00:00:00.000Z
sensor.meross_temperature_studio_s,18.680328347666666,2026-02-17T01:00:00.000Z
sensor.meross_temperature_studio_s,18.531255414472223,2026-02-17T02:00:00.000Z
sensor.meross_temperature_studio_s,18.487231767027776,2026-02-17T03:00:00.000Z
sensor.meross_temperature_studio_s,18.4,2026-02-17T04:00:00.000Z
sensor.meross_temperature_studio_s,18.320270554416666,2026-02-17T05:00:00.000Z
sensor.meross_temperature_studio_s,18.543834493194442,2026-02-17T06:00:00.000Z
sensor.meross_temperature_studio_s,18.92361214475,2026-02-17T07:00:00.000Z
sensor.meross_temperature_studio_s,19.26226042488889,2026-02-17T08:00:00.000Z
sensor.meross_temperature_studio_s,19.612016451555558,2026-02-17T09:00:00.000Z
sensor.meross_temperature_studio_s,20.309123644722224,2026-02-17T10:00:00.000Z
sensor.meross_temperature_studio_s,20.200778608277776,2026-02-17T11:00:00.000Z
sensor.meross_temperature_studio_s,20.40181982888889,2026-02-17T12:00:00.000Z
sensor.meross_temperature_studio_s,20.516238433722222,2026-02-17T13:00:00.000Z
sensor.meross_temperature_studio_s,20.757415288055554,2026-02-17T14:00:00.000Z
sensor.meross_temperature_studio_s,20.9,2026-02-17T15:00:00.000Z
sensor.meross_temperature_studio_s,20.659149695722224,2026-02-17T16:00:00.000Z
sensor.meross_temperature_studio_s,20.489106675444443,2026-02-17T17:00:00.000Z
sensor.meross_temperature_studio_s,20.25509977933333,2026-02-17T18:00:00.000Z
sensor.meross_temperature_studio_s,20.346042065916667,2026-02-17T19:00:00.000Z
sensor.meross_temperature_studio_s,20.007366776083334,2026-02-17T20:00:00.000Z
sensor.meross_temperature_studio_s,19.901063418472223,2026-02-17T21:00:00.000Z
sensor.meross_temperature_studio_s,19.69128523936111,2026-02-17T22:00:00.000Z
sensor.meross_temperature_studio_s,19.53812821572222,2026-02-17T23:00:00.000Z
sensor.meross_temperature_studio_s,19.43921277822222,2026-02-18T00:00:00.000Z
sensor.meross_temperature_studio_s,19.27426336438889,2026-02-18T01:00:00.000Z
sensor.meross_temperature_studio_s,19.145939219166667,2026-02-18T02:00:00.000Z
sensor.meross_temperature_studio_s,19.005794300305556,2026-02-18T03:00:00.000Z
sensor.meross_temperature_studio_s,19,2026-02-18T04:00:00.000Z
sensor.meross_temperature_studio_s,18.913073820694443,2026-02-18T05:00:00.000Z
sensor.meross_temperature_studio_s,19.044721800166666,2026-02-18T06:00:00.000Z
sensor.meross_temperature_studio_s,19.4,2026-02-18T07:00:00.000Z
sensor.meross_temperature_studio_s,19.589364774361112,2026-02-18T08:00:00.000Z
sensor.meross_temperature_studio_s,19.904539707222224,2026-02-18T09:00:00.000Z
sensor.meross_temperature_studio_s,20.20263084247222,2026-02-18T10:00:00.000Z
sensor.meross_temperature_studio_s,20.119667677472222,2026-02-18T11:00:00.000Z
sensor.meross_temperature_studio_s,20.329060530972225,2026-02-18T12:00:00.000Z
sensor.meross_temperature_studio_s,20.529115089805554,2026-02-18T13:00:00.000Z
sensor.meross_temperature_studio_s,20.596007483,2026-02-18T14:00:00.000Z
sensor.meross_temperature_studio_s,20.69663555061111,2026-02-18T15:00:00.000Z
sensor.meross_temperature_studio_s,20.385515657499997,2026-02-18T16:00:00.000Z
sensor.meross_temperature_studio_s,20.16804659186111,2026-02-18T17:00:00.000Z
sensor.meross_temperature_studio_s,20.06885093002778,2026-02-18T18:00:00.000Z
sensor.meross_temperature_studio_s,20.16807981188889,2026-02-18T19:00:00.000Z
sensor.meross_temperature_studio_s,19.84320980763889,2026-02-18T20:00:00.000Z
sensor.meross_temperature_studio_s,19.90373158763889,2026-02-18T21:00:00.000Z
sensor.meross_temperature_studio_s,19.783603157111113,2026-02-18T22:00:00.000Z
sensor.meross_temperature_studio_s,19.53359942222222,2026-02-18T23:00:00.000Z
sensor.meross_temperature_studio_s,19.432406191416664,2026-02-19T00:00:00.000Z
sensor.meross_temperature_studio_s,19.299635665083333,2026-02-19T01:00:00.000Z
sensor.meross_temperature_studio_s,19.183534600444442,2026-02-19T02:00:00.000Z
sensor.meross_temperature_studio_s,19.08964809716667,2026-02-19T03:00:00.000Z
sensor.meross_temperature_studio_s,19,2026-02-19T04:00:00.000Z
sensor.meross_temperature_studio_s,19,2026-02-19T05:00:00.000Z
sensor.meross_temperature_studio_s,19.15867506002778,2026-02-19T06:00:00.000Z
sensor.meross_temperature_studio_s,19.43629860822222,2026-02-19T07:00:00.000Z
sensor.meross_temperature_studio_s,19.54497476527778,2026-02-19T08:00:00.000Z
sensor.meross_temperature_studio_s,19.80069189111111,2026-02-19T09:00:00.000Z
sensor.meross_temperature_studio_s,19.888983267805553,2026-02-19T10:00:00.000Z
sensor.meross_temperature_studio_s,19.964028984555554,2026-02-19T11:00:00.000Z
sensor.meross_temperature_studio_s,20.13529157036111,2026-02-19T12:00:00.000Z
sensor.meross_temperature_studio_s,20.111613812444443,2026-02-19T13:00:00.000Z
sensor.meross_temperature_studio_s,20.17254345511111,2026-02-19T14:00:00.000Z
sensor.meross_temperature_studio_s,19.854188095916665,2026-02-19T15:00:00.000Z
sensor.meross_temperature_studio_s,20.161156181,2026-02-19T16:00:00.000Z
sensor.meross_temperature_studio_s,19.85492758208333,2026-02-19T17:00:00.000Z
sensor.meross_temperature_studio_s,19.948404147138888,2026-02-19T18:00:00.000Z
sensor.meross_temperature_studio_s,20.130365381833332,2026-02-19T19:00:00.000Z
sensor.meross_temperature_studio_s,19.795146162666665,2026-02-19T20:00:00.000Z
sensor.meross_temperature_studio_s,20.049301279916666,2026-02-19T21:00:00.000Z
sensor.meross_temperature_studio_s,19.600849033722223,2026-02-19T22:00:00.000Z
sensor.meross_temperature_studio_s,19.335009697583335,2026-02-19T23:00:00.000Z
sensor.meross_temperature_studio_s,19.173059888194445,2026-02-20T00:00:00.000Z
sensor.meross_temperature_studio_s,19.04105162552778,2026-02-20T01:00:00.000Z
sensor.meross_temperature_studio_s,19,2026-02-20T02:00:00.000Z
sensor.meross_temperature_studio_s,18.89344998947222,2026-02-20T03:00:00.000Z
sensor.meross_temperature_studio_s,18.77998390086111,2026-02-20T04:00:00.000Z
sensor.meross_temperature_studio_s,18.68537541541667,2026-02-20T05:00:00.000Z
sensor.meross_temperature_studio_s,18.822660753083333,2026-02-20T06:00:00.000Z
sensor.meross_temperature_studio_s,19.239587850472223,2026-02-20T07:00:00.000Z
sensor.meross_temperature_studio_s,19.425596225527777,2026-02-20T08:00:00.000Z
sensor.meross_temperature_studio_s,19.7492237685,2026-02-20T09:00:00.000Z
sensor.meross_temperature_studio_s,20.183330268833334,2026-02-20T10:00:00.000Z
sensor.meross_temperature_studio_s,20.131072804944445,2026-02-20T11:00:00.000Z
sensor.meross_temperature_studio_s,20.588972941166666,2026-02-20T12:00:00.000Z
sensor.meross_temperature_studio_s,20.7,2026-02-20T13:00:00.000Z
sensor.meross_temperature_studio_s,20.798860079,2026-02-20T14:00:00.000Z
sensor.meross_temperature_studio_s,20.797892039666667,2026-02-20T15:00:00.000Z
sensor.meross_temperature_studio_s,20.53107664413889,2026-02-20T16:00:00.000Z
sensor.meross_temperature_studio_s,20.224780486416666,2026-02-20T17:00:00.000Z
sensor.meross_temperature_studio_s,19.997940180916668,2026-02-20T18:00:00.000Z
sensor.meross_temperature_studio_s,19.822941535638886,2026-02-20T19:00:00.000Z
sensor.meross_temperature_studio_s,20.13625596186111,2026-02-20T20:00:00.000Z
sensor.meross_temperature_studio_s,20.083395721749998,2026-02-20T21:00:00.000Z
sensor.meross_temperature_studio_s,19.845772588611112,2026-02-20T22:00:00.000Z
sensor.meross_temperature_studio_s,19.664476043305555,2026-02-20T23:00:00.000Z
sensor.meross_temperature_studio_s,19.537885919527778,2026-02-21T00:00:00.000Z
sensor.meross_temperature_studio_s,19.488290765972224,2026-02-21T01:00:00.000Z
sensor.meross_temperature_studio_s,19.348113557916665,2026-02-21T02:00:00.000Z
sensor.meross_temperature_studio_s,19.197453349777778,2026-02-21T03:00:00.000Z
sensor.meross_temperature_studio_s,19.053590242111113,2026-02-21T04:00:00.000Z
sensor.meross_temperature_studio_s,18.966289677277775,2026-02-21T05:00:00.000Z
sensor.meross_temperature_studio_s,19.08502018422222,2026-02-21T06:00:00.000Z
sensor.meross_temperature_studio_s,19.46413726363889,2026-02-21T07:00:00.000Z
sensor.meross_temperature_studio_s,19.735658080694446,2026-02-21T08:00:00.000Z
sensor.meross_temperature_studio_s,20.176323776361112,2026-02-21T09:00:00.000Z
sensor.meross_temperature_studio_s,20.332313776583334,2026-02-21T10:00:00.000Z
sensor.meross_temperature_studio_s,20.452177870611113,2026-02-21T11:00:00.000Z
sensor.meross_temperature_studio_s,20.720274467305554,2026-02-21T12:00:00.000Z
sensor.meross_temperature_studio_s,20.82119870663889,2026-02-21T13:00:00.000Z
sensor.meross_temperature_studio_s,20.92921996997222,2026-02-21T14:00:00.000Z
sensor.meross_temperature_studio_s,21.081432954694446,2026-02-21T15:00:00.000Z
sensor.meross_temperature_studio_s,21.01935914822222,2026-02-21T16:00:00.000Z
sensor.meross_temperature_studio_s,20.768553074472223,2026-02-21T17:00:00.000Z
sensor.meross_temperature_studio_s,20.473175563305556,2026-02-21T18:00:00.000Z
sensor.meross_temperature_studio_s,20.502774470111113,2026-02-21T19:00:00.000Z
sensor.meross_temperature_studio_s,20.20012022788889,2026-02-21T20:00:00.000Z
sensor.meross_temperature_studio_s,20.047303805055556,2026-02-21T21:00:00.000Z
sensor.meross_temperature_studio_s,19.998904572805554,2026-02-21T22:00:00.000Z
sensor.meross_temperature_studio_s,19.858975393999998,2026-02-21T23:00:00.000Z
sensor.meross_temperature_studio_s,19.667494675472224,2026-02-22T00:00:00.000Z
sensor.meross_temperature_studio_s,19.543918136861112,2026-02-22T01:00:00.000Z
sensor.meross_temperature_studio_s,19.497045932416665,2026-02-22T02:00:00.000Z
sensor.meross_temperature_studio_s,19.370512009555554,2026-02-22T03:00:00.000Z
sensor.meross_temperature_studio_s,19.246700546527777,2026-02-22T04:00:00.000Z
sensor.meross_temperature_studio_s,19.106611946083333,2026-02-22T05:00:00.000Z
sensor.meross_temperature_studio_s,19.335974029583333,2026-02-22T06:00:00.000Z
sensor.meross_temperature_studio_s,19.785694413583332,2026-02-22T07:00:00.000Z
sensor.meross_temperature_studio_s,20.029984030222224,2026-02-22T08:00:00.000Z
sensor.meross_temperature_studio_s,20.204727147,2026-02-22T09:00:00.000Z
sensor.meross_temperature_studio_s,20.267943278083333,2026-02-22T10:00:00.000Z
sensor.meross_temperature_studio_s,20.629259534222225,2026-02-22T11:00:00.000Z
sensor.meross_temperature_studio_s,20.80322330122222,2026-02-22T12:00:00.000Z
sensor.meross_temperature_studio_s,20.9,2026-02-22T13:00:00.000Z
sensor.meross_temperature_studio_s,20.818422660555555,2026-02-22T14:00:00.000Z
sensor.meross_temperature_studio_s,20.81311295577778,2026-02-22T15:00:00.000Z
sensor.meross_temperature_studio_s,20.678433258027777,2026-02-22T16:00:00.000Z
sensor.meross_temperature_studio_s,20.347566820833332,2026-02-22T17:00:00.000Z
sensor.meross_temperature_studio_s,20.20197057877778,2026-02-22T18:00:00.000Z
sensor.meross_temperature_studio_s,20.275385797333332,2026-02-22T19:00:00.000Z
sensor.meross_temperature_studio_s,20.23522624186111,2026-02-22T20:00:00.000Z
sensor.meross_temperature_studio_s,20.02261509786111,2026-02-22T21:00:00.000Z
sensor.meross_temperature_studio_s,19.946177396777777,2026-02-22T22:00:00.000Z
sensor.meross_temperature_studio_s,19.78543947238889,2026-02-22T23:00:00.000Z
sensor.meross_temperature_studio_s,19.644677886194444,2026-02-23T00:00:00.000Z
sensor.meross_temperature_studio_s,19.512697989027778,2026-02-23T01:00:00.000Z
sensor.meross_temperature_studio_s,19.46515493963889,2026-02-23T02:00:00.000Z
sensor.meross_temperature_studio_s,19.394192401777776,2026-02-23T03:00:00.000Z
sensor.meross_temperature_studio_s,19.286691789861113,2026-02-23T04:00:00.000Z
sensor.meross_temperature_studio_s,19.16013021513889,2026-02-23T05:00:00.000Z
sensor.meross_temperature_studio_s,19.39152602738889,2026-02-23T06:00:00.000Z
sensor.meross_temperature_studio_s,19.810687621194443,2026-02-23T07:00:00.000Z
sensor.meross_temperature_studio_s,20.113580098833335,2026-02-23T08:00:00.000Z
sensor.meross_temperature_studio_s,20.17829484088889,2026-02-23T09:00:00.000Z
sensor.meross_temperature_studio_s,20.280698757444444,2026-02-23T10:00:00.000Z
sensor.meross_temperature_studio_s,20.551093291111112,2026-02-23T11:00:00.000Z
sensor.meross_temperature_studio_s,20.848491860722223,2026-02-23T12:00:00.000Z
sensor.meross_temperature_studio_s,20.9,2026-02-23T13:00:00.000Z
sensor.meross_temperature_studio_s,20.9,2026-02-23T14:00:00.000Z
sensor.meross_temperature_studio_s,20.864089993916668,2026-02-23T15:00:00.000Z
sensor.meross_temperature_studio_s,20.639588861416666,2026-02-23T16:00:00.000Z
sensor.meross_temperature_studio_s,20.386838514277777,2026-02-23T17:00:00.000Z
sensor.meross_temperature_studio_s,20.104983756916667,2026-02-23T18:00:00.000Z
sensor.meross_temperature_studio_s,20.09268567325,2026-02-23T19:00:00.000Z
sensor.meross_temperature_studio_s,20.16056066827778,2026-02-23T20:00:00.000Z
sensor.meross_temperature_studio_s,20.01050049563889,2026-02-23T21:00:00.000Z
sensor.meross_temperature_studio_s,19.971155220194444,2026-02-23T22:00:00.000Z
sensor.meross_temperature_studio_s,19.850099303833332,2026-02-23T23:00:00.000Z
sensor.meross_temperature_studio_s,19.66326672425,2026-02-24T00:00:00.000Z
sensor.meross_temperature_studio_s,19.525757092416665,2026-02-24T01:00:00.000Z
sensor.meross_temperature_studio_s,19.4565173955,2026-02-24T02:00:00.000Z
sensor.meross_temperature_studio_s,19.317067940055555,2026-02-24T03:00:00.000Z
sensor.meross_temperature_studio_s,19.182304775638887,2026-02-24T04:00:00.000Z
sensor.meross_temperature_studio_s,19.04760218938889,2026-02-24T05:00:00.000Z
sensor.meross_temperature_studio_s,19.270730586777777,2026-02-24T06:00:00.000Z
sensor.meross_temperature_studio_s,19.760167926527778,2026-02-24T07:00:00.000Z
sensor.meross_temperature_studio_s,20.172587522416666,2026-02-24T08:00:00.000Z
sensor.meross_temperature_studio_s,20.21637944377778,2026-02-24T09:00:00.000Z
sensor.meross_temperature_studio_s,20.248251311388888,2026-02-24T10:00:00.000Z
sensor.meross_temperature_studio_s,20.506979987666664,2026-02-24T11:00:00.000Z
sensor.meross_temperature_studio_s,20.852182073722222,2026-02-24T12:00:00.000Z
sensor.meross_temperature_studio_s,20.993449995472222,2026-02-24T13:00:00.000Z
sensor.meross_temperature_studio_s,20.963645108916666,2026-02-24T14:00:00.000Z
sensor.meross_temperature_studio_s,20.717757006194443,2026-02-24T15:00:00.000Z
sensor.meross_temperature_studio_s,20.428086126777778,2026-02-24T16:00:00.000Z
sensor.meross_temperature_studio_s,20.091065378777778,2026-02-24T17:00:00.000Z
sensor.meross_temperature_studio_s,20.039745194194445,2026-02-24T18:00:00.000Z
sensor.meross_temperature_studio_s,20.182102786722222,2026-02-24T19:00:00.000Z
sensor.meross_temperature_studio_s,20.028337133444445,2026-02-24T20:00:00.000Z
sensor.meross_temperature_studio_s,20,2026-02-24T21:00:00.000Z
sensor.meross_temperature_studio_s,19.977492514444446,2026-02-24T22:00:00.000Z
sensor.meross_temperature_studio_s,19.829092256888888,2026-02-24T23:00:00.000Z
sensor.meross_temperature_studio_s,19.65157106525,2026-02-25T00:00:00.000Z
sensor.meross_temperature_studio_s,19.530454618055554,2026-02-25T01:00:00.000Z
sensor.meross_temperature_studio_s,19.49261289047222,2026-02-25T02:00:00.000Z
sensor.meross_temperature_studio_s,19.4,2026-02-25T03:00:00.000Z
sensor.meross_temperature_studio_s,19.391170536666667,2026-02-25T04:00:00.000Z
sensor.meross_temperature_studio_s,19.3,2026-02-25T05:00:00.000Z
sensor.meross_temperature_studio_s,19.54411140013889,2026-02-25T06:00:00.000Z
sensor.meross_temperature_studio_s,20.035046481444443,2026-02-25T07:00:00.000Z
sensor.meross_temperature_studio_s,20.258417967694445,2026-02-25T08:00:00.000Z
sensor.meross_temperature_studio_s,19.87728232613889,2026-02-25T09:00:00.000Z
sensor.meross_temperature_studio_s,20.13523718488889,2026-02-25T10:00:00.000Z
sensor.meross_temperature_studio_s,20.27727363502778,2026-02-25T11:00:00.000Z
sensor.meross_temperature_studio_s,20.0704394345,2026-02-25T12:00:00.000Z
sensor.meross_temperature_studio_s,20,2026-02-25T13:00:00.000Z
sensor.meross_temperature_studio_s,20.261055955388887,2026-02-25T14:00:00.000Z
sensor.meross_temperature_studio_s,20.429578894472222,2026-02-25T15:00:00.000Z
sensor.meross_temperature_studio_s,20.227717734166667,2026-02-25T16:00:00.000Z
sensor.meross_temperature_studio_s,20.031837444583335,2026-02-25T17:00:00.000Z
sensor.meross_temperature_studio_s,19.926891484472222,2026-02-25T18:00:00.000Z
sensor.meross_temperature_studio_s,19.894384636222224,2026-02-25T19:00:00.000Z
sensor.meross_temperature_studio_s,19.984032399166665,2026-02-25T20:00:00.000Z
sensor.meross_temperature_studio_s,20.187933476083334,2026-02-25T21:00:00.000Z
sensor.meross_temperature_studio_s,19.892942679833332,2026-02-25T22:00:00.000Z
sensor.meross_temperature_studio_s,19.749932136583332,2026-02-25T23:00:00.000Z
sensor.meross_temperature_studio_s,19.616843500805555,2026-02-26T00:00:00.000Z
sensor.meross_temperature_studio_s,19.5,2026-02-26T01:00:00.000Z
sensor.meross_temperature_studio_s,19.454436873416665,2026-02-26T02:00:00.000Z
sensor.meross_temperature_studio_s,19.344185528277777,2026-02-26T03:00:00.000Z
sensor.meross_temperature_studio_s,19.25844118325,2026-02-26T04:00:00.000Z
sensor.meross_temperature_studio_s,19.160111013583332,2026-02-26T05:00:00.000Z
sensor.meross_temperature_studio_s,19.402842045527777,2026-02-26T06:00:00.000Z
sensor.meross_temperature_studio_s,19.860784620055554,2026-02-26T07:00:00.000Z
sensor.meross_temperature_studio_s,20.24626004738889,2026-02-26T08:00:00.000Z
sensor.meross_temperature_studio_s,20.14287284938889,2026-02-26T09:00:00.000Z
sensor.meross_temperature_studio_s,20.31365293088889,2026-02-26T10:00:00.000Z
sensor.meross_temperature_studio_s,20.62818141825,2026-02-26T11:00:00.000Z
sensor.meross_temperature_studio_s,20.88417280222222,2026-02-26T12:00:00.000Z
sensor.meross_temperature_studio_s,21.044307658833333,2026-02-26T13:00:00.000Z
sensor.meross_temperature_studio_s,21.13983914175,2026-02-26T14:00:00.000Z
sensor.meross_temperature_studio_s,21,2026-02-26T15:00:00.000Z
sensor.meross_temperature_studio_s,20.847825656805554,2026-02-26T16:00:00.000Z
sensor.meross_temperature_studio_s,20.577188436833335,2026-02-26T17:00:00.000Z
sensor.meross_temperature_studio_s,20.496465341333334,2026-02-26T18:00:00.000Z
sensor.meross_temperature_studio_s,20.595053981083336,2026-02-26T19:00:00.000Z
sensor.meross_temperature_studio_s,20.408222799305552,2026-02-26T20:00:00.000Z
sensor.meross_temperature_studio_s,20.327120522805554,2026-02-26T21:00:00.000Z
sensor.meross_temperature_studio_s,20.107425449277777,2026-02-26T22:00:00.000Z
sensor.meross_temperature_studio_s,20,2026-02-26T23:00:00.000Z
sensor.meross_temperature_studio_s,19.90600588022222,2026-02-27T00:00:00.000Z
sensor.meross_temperature_studio_s,19.8311001435,2026-02-27T01:00:00.000Z
sensor.meross_temperature_studio_s,19.738767762861112,2026-02-27T02:00:00.000Z
sensor.meross_temperature_studio_s,19.62593258486111,2026-02-27T03:00:00.000Z
sensor.meross_temperature_studio_s,19.5102346165,2026-02-27T04:00:00.000Z
sensor.meross_temperature_studio_s,19.5,2026-02-27T05:00:00.000Z
sensor.meross_temperature_studio_s,19.755907206444444,2026-02-27T06:00:00.000Z
sensor.meross_temperature_studio_s,19.98400241297222,2026-02-27T07:00:00.000Z
sensor.meross_temperature_studio_s,19.9088183385,2026-02-27T08:00:00.000Z
sensor.meross_temperature_studio_s,20.430624262833334,2026-02-27T09:00:00.000Z
sensor.meross_temperature_studio_s,19.269269346749997,2026-02-27T10:00:00.000Z
sensor.meross_temperature_studio_s,19.927469338111113,2026-02-27T11:00:00.000Z
sensor.meross_temperature_studio_s,20.65756570402778,2026-02-27T12:00:00.000Z
sensor.meross_temperature_studio_s,20.788262764861113,2026-02-27T13:00:00.000Z
sensor.meross_temperature_studio_s,20.756265066027776,2026-02-27T14:00:00.000Z
sensor.meross_temperature_studio_s,20.8,2026-02-27T15:00:00.000Z
sensor.meross_temperature_studio_s,20.69977063447222,2026-02-27T16:00:00.000Z
sensor.meross_temperature_studio_s,20.542395910527777,2026-02-27T17:00:00.000Z
sensor.meross_temperature_studio_s,20.343038195083334,2026-02-27T18:00:00.000Z
sensor.meross_temperature_studio_s,20.332239618694445,2026-02-27T19:00:00.000Z
sensor.meross_temperature_studio_s,20.170189754805556,2026-02-27T20:00:00.000Z
sensor.meross_temperature_studio_s,20,2026-02-27T21:00:00.000Z
sensor.meross_temperature_studio_s,20,2026-02-27T22:00:00.000Z
sensor.meross_temperature_studio_s,19.887423786166668,2026-02-27T23:00:00.000Z
sensor.meross_temperature_studio_s,19.772390217083334,2026-02-28T00:00:00.000Z
sensor.meross_temperature_studio_s,19.664885979694443,2026-02-28T01:00:00.000Z
sensor.meross_temperature_studio_s,19.58111381375,2026-02-28T02:00:00.000Z
sensor.meross_temperature_studio_s,19.5,2026-02-28T03:00:00.000Z
sensor.meross_temperature_studio_s,19.5,2026-02-28T04:00:00.000Z
sensor.meross_temperature_studio_s,19.717904537749998,2026-02-28T06:00:00.000Z
sensor.meross_temperature_studio_s,20.234137835972223,2026-02-28T07:00:00.000Z
sensor.meross_temperature_studio_s,19.920826113111108,2026-02-28T08:00:00.000Z
sensor.meross_temperature_studio_s,19.994338733611112,2026-02-28T09:00:00.000Z
sensor.meross_temperature_studio_s,20.032646959333334,2026-02-28T10:00:00.000Z
sensor.meross_temperature_studio_s,20.09683117525,2026-02-28T11:00:00.000Z
sensor.meross_temperature_studio_s,20.496864800055555,2026-02-28T12:00:00.000Z
sensor.meross_temperature_studio_s,20.631837680805557,2026-02-28T13:00:00.000Z
sensor.meross_temperature_studio_s,20.58099353913889,2026-02-28T14:00:00.000Z
sensor.meross_temperature_studio_s,20.57654528813889,2026-02-28T15:00:00.000Z
sensor.meross_temperature_studio_s,20.367872824416665,2026-02-28T16:00:00.000Z
sensor.meross_temperature_studio_s,20.19082967886111,2026-02-28T17:00:00.000Z
sensor.meross_temperature_studio_s,20.028367343777777,2026-02-28T18:00:00.000Z
sensor.meross_temperature_studio_s,20.068297221944444,2026-02-28T19:00:00.000Z
sensor.meross_temperature_studio_s,20.035039776416667,2026-02-28T20:00:00.000Z
sensor.meross_temperature_studio_s,19.985333346944444,2026-02-28T21:00:00.000Z
sensor.meross_temperature_studio_s,19.9,2026-02-28T22:00:00.000Z
sensor.meross_temperature_studio_s,19.88930876011111,2026-02-28T23:00:00.000Z
sensor.meross_temperature_studio_s,19.760023808666666,2026-03-01T00:00:00.000Z
sensor.meross_temperature_studio_s,19.663362518083336,2026-03-01T01:00:00.000Z
sensor.meross_temperature_studio_s,19.57925798725,2026-03-01T02:00:00.000Z
sensor.meross_temperature_studio_s,19.5,2026-03-01T03:00:00.000Z
sensor.meross_temperature_studio_s,19.5,2026-03-01T04:00:00.000Z
sensor.meross_temperature_studio_s,19.445223850083334,2026-03-01T05:00:00.000Z
sensor.meross_temperature_studio_s,19.635585278527778,2026-03-01T06:00:00.000Z
sensor.meross_temperature_studio_s,20.11122547175,2026-03-01T07:00:00.000Z
sensor.meross_temperature_studio_s,20.020805215333333,2026-03-01T08:00:00.000Z
sensor.meross_temperature_studio_s,19.905735227972222,2026-03-01T09:00:00.000Z
sensor.meross_temperature_studio_s,20.002652662305554,2026-03-01T10:00:00.000Z
sensor.meross_temperature_studio_s,20,2026-03-01T11:00:00.000Z
sensor.meross_temperature_studio_s,19.89021418461111,2026-03-01T12:00:00.000Z
sensor.meross_temperature_studio_s,20.296154958777777,2026-03-01T13:00:00.000Z
sensor.meross_temperature_studio_s,20.221848789638887,2026-03-01T14:00:00.000Z
sensor.meross_temperature_studio_s,20,2026-03-01T15:00:00.000Z
sensor.meross_temperature_studio_s,20,2026-03-01T16:00:00.000Z
sensor.meross_temperature_studio_s,20.158967279805555,2026-03-01T17:00:00.000Z
sensor.meross_temperature_studio_s,20.205425239166665,2026-03-01T18:00:00.000Z
sensor.meross_temperature_studio_s,20.480912520694442,2026-03-01T19:00:00.000Z
sensor.meross_temperature_studio_s,20.660635543222224,2026-03-01T20:00:00.000Z
sensor.meross_temperature_studio_s,20.439204756416665,2026-03-01T21:00:00.000Z
sensor.meross_temperature_studio_s,20.385909696416665,2026-03-01T22:00:00.000Z
sensor.meross_temperature_studio_s,20.191492711555554,2026-03-01T23:00:00.000Z
sensor.meross_temperature_studio_s,20.04634451875,2026-03-02T00:00:00.000Z
sensor.meross_temperature_studio_s,20,2026-03-02T01:00:00.000Z
sensor.meross_temperature_studio_s,19.941622886805554,2026-03-02T02:00:00.000Z
sensor.meross_temperature_studio_s,19.82864940102778,2026-03-02T03:00:00.000Z
sensor.meross_temperature_studio_s,19.76193687388889,2026-03-02T04:00:00.000Z
sensor.meross_temperature_studio_s,19.638070029027777,2026-03-02T05:00:00.000Z
sensor.meross_temperature_studio_s,19.933823569277777,2026-03-02T06:00:00.000Z
sensor.meross_temperature_studio_s,20.30804330775,2026-03-02T07:00:00.000Z
sensor.meross_temperature_studio_s,20.22998063272222,2026-03-02T08:00:00.000Z
sensor.meross_temperature_studio_s,20.079017104138888,2026-03-02T09:00:00.000Z
sensor.meross_temperature_studio_s,20,2026-03-02T10:00:00.000Z
sensor.meross_temperature_studio_s,20,2026-03-02T11:00:00.000Z
sensor.meross_temperature_studio_s,20.028078841555555,2026-03-02T12:00:00.000Z
sensor.meross_temperature_studio_s,20.03991336672222,2026-03-02T13:00:00.000Z
sensor.meross_temperature_studio_s,20,2026-03-02T14:00:00.000Z
sensor.meross_temperature_studio_s,20,2026-03-02T15:00:00.000Z
sensor.meross_temperature_studio_s,19.91016327061111,2026-03-02T17:00:00.000Z
sensor.meross_temperature_studio_s,19.9,2026-03-02T18:00:00.000Z
sensor.meross_temperature_studio_s,20.244012683444442,2026-03-02T19:00:00.000Z
sensor.meross_temperature_studio_s,20.28159365725,2026-03-02T20:00:00.000Z
sensor.meross_temperature_studio_s,20.259432172527777,2026-03-02T21:00:00.000Z
sensor.meross_temperature_studio_s,20.2,2026-03-02T22:00:00.000Z
sensor.meross_temperature_studio_s,20.157901124694444,2026-03-02T23:00:00.000Z
sensor.meross_temperature_studio_s,20,2026-03-03T00:00:00.000Z
sensor.meross_temperature_studio_s,19.99519417138889,2026-03-03T01:00:00.000Z
sensor.meross_temperature_studio_s,19.89308329188889,2026-03-03T02:00:00.000Z
sensor.meross_temperature_studio_s,19.8,2026-03-03T03:00:00.000Z
sensor.meross_temperature_studio_s,19.707310847194446,2026-03-03T04:00:00.000Z
sensor.meross_temperature_studio_s,19.618872748277777,2026-03-03T05:00:00.000Z
sensor.meross_temperature_studio_s,19.899278115444442,2026-03-03T06:00:00.000Z
sensor.meross_temperature_studio_s,20.221056939305555,2026-03-03T07:00:00.000Z
sensor.meross_temperature_studio_s,20.023163001694446,2026-03-03T08:00:00.000Z
sensor.meross_temperature_studio_s,20.111658134583333,2026-03-03T09:00:00.000Z
sensor.meross_temperature_studio_s,20.38366733677778,2026-03-03T10:00:00.000Z
sensor.meross_temperature_studio_s,20.745004080055555,2026-03-03T11:00:00.000Z
sensor.meross_temperature_studio_s,20.665868983444444,2026-03-03T12:00:00.000Z
sensor.meross_temperature_studio_s,20.736250510972223,2026-03-03T13:00:00.000Z
sensor.meross_temperature_studio_s,20.973030697638887,2026-03-03T14:00:00.000Z
sensor.meross_temperature_studio_s,20.914413985027775,2026-03-03T15:00:00.000Z
sensor.meross_temperature_studio_s,20.80596411811111,2026-03-03T16:00:00.000Z
sensor.meross_temperature_studio_s,20.661596954194444,2026-03-03T17:00:00.000Z
sensor.meross_temperature_studio_s,20.638067373916666,2026-03-03T18:00:00.000Z
sensor.meross_temperature_studio_s,20.659822171111113,2026-03-03T19:00:00.000Z
sensor.meross_temperature_studio_s,20.28706830038889,2026-03-03T20:00:00.000Z
sensor.meross_temperature_studio_s,20.20597435011111,2026-03-03T21:00:00.000Z
sensor.meross_temperature_studio_s,20.194163949833335,2026-03-03T22:00:00.000Z
sensor.meross_temperature_studio_s,20.013673909555553,2026-03-03T23:00:00.000Z
sensor.meross_temperature_studio_s,19.94759867411111,2026-03-04T00:00:00.000Z
sensor.meross_temperature_studio_s,19.837346776805557,2026-03-04T01:00:00.000Z
sensor.meross_temperature_studio_s,19.729846002749998,2026-03-04T02:00:00.000Z
sensor.meross_temperature_studio_s,19.616435726055556,2026-03-04T03:00:00.000Z
sensor.meross_temperature_studio_s,19.5,2026-03-04T04:00:00.000Z
sensor.meross_temperature_studio_s,19.499842543361112,2026-03-04T05:00:00.000Z
sensor.meross_temperature_studio_s,19.648692944833332,2026-03-04T06:00:00.000Z
sensor.meross_temperature_studio_s,20.089941802027777,2026-03-04T07:00:00.000Z
sensor.meross_temperature_studio_s,19.9,2026-03-04T08:00:00.000Z
sensor.meross_temperature_studio_s,19.904709284,2026-03-04T09:00:00.000Z
sensor.meross_temperature_studio_s,20.00409694411111,2026-03-04T10:00:00.000Z
sensor.meross_temperature_studio_s,20.1,2026-03-04T11:00:00.000Z
sensor.meross_temperature_studio_s,20.26363249983333,2026-03-04T12:00:00.000Z
sensor.meross_temperature_studio_s,20.543427360805556,2026-03-04T13:00:00.000Z
sensor.meross_temperature_studio_s,20.401457221833333,2026-03-04T14:00:00.000Z
sensor.meross_temperature_studio_s,20.3,2026-03-04T15:00:00.000Z
sensor.meross_temperature_studio_s,20.203879700833333,2026-03-04T16:00:00.000Z
sensor.meross_temperature_studio_s,20.052565951694444,2026-03-04T17:00:00.000Z
sensor.meross_temperature_studio_s,20.02083914697222,2026-03-04T18:00:00.000Z
sensor.meross_temperature_studio_s,20.163077199833335,2026-03-04T19:00:00.000Z
sensor.meross_temperature_studio_s,20.272271189055555,2026-03-04T20:00:00.000Z
sensor.meross_temperature_studio_s,20.086412474333333,2026-03-04T21:00:00.000Z
sensor.meross_temperature_studio_s,20.04029185027778,2026-03-04T22:00:00.000Z
sensor.meross_temperature_studio_s,19.978886611,2026-03-04T23:00:00.000Z
sensor.meross_temperature_studio_s,19.857743037555554,2026-03-05T00:00:00.000Z
sensor.meross_temperature_studio_s,19.708570275694445,2026-03-05T01:00:00.000Z
sensor.meross_temperature_studio_s,19.55630080063889,2026-03-05T02:00:00.000Z
sensor.meross_temperature_studio_s,19.5,2026-03-05T03:00:00.000Z
sensor.meross_temperature_studio_s,19.43902020813889,2026-03-05T04:00:00.000Z
sensor.meross_temperature_studio_s,19.38592427722222,2026-03-05T05:00:00.000Z
sensor.meross_temperature_studio_s,19.61142882825,2026-03-05T06:00:00.000Z
sensor.meross_temperature_studio_s,20.142379086055556,2026-03-05T07:00:00.000Z
sensor.meross_temperature_studio_s,20.023995234388888,2026-03-05T08:00:00.000Z
sensor.meross_temperature_studio_s,19.8106617655,2026-03-05T09:00:00.000Z
sensor.meross_temperature_studio_s,20.118810303194444,2026-03-05T10:00:00.000Z
sensor.meross_temperature_studio_s,20.3581060085,2026-03-05T11:00:00.000Z
sensor.meross_temperature_studio_s,20.162983187944445,2026-03-05T12:00:00.000Z
sensor.meross_temperature_studio_s,20.001051069083335,2026-03-05T13:00:00.000Z
sensor.meross_temperature_studio_s,20.062271484555556,2026-03-05T14:00:00.000Z
sensor.meross_temperature_studio_s,20.032922882111112,2026-03-05T15:00:00.000Z
sensor.meross_temperature_studio_s,19.956376315916668,2026-03-05T16:00:00.000Z
sensor.meross_temperature_studio_s,19.935402125527776,2026-03-05T17:00:00.000Z
sensor.meross_temperature_studio_s,20.07632211811111,2026-03-05T18:00:00.000Z
sensor.meross_temperature_studio_s,20.39716105975,2026-03-05T19:00:00.000Z
sensor.meross_temperature_studio_s,20.255692019138888,2026-03-05T20:00:00.000Z
sensor.meross_temperature_studio_s,20.18597473797222,2026-03-05T21:00:00.000Z
sensor.meross_temperature_studio_s,20.032209175277778,2026-03-05T22:00:00.000Z
sensor.meross_temperature_studio_s,20,2026-03-05T23:00:00.000Z
sensor.meross_temperature_studio_s,19.905426328249998,2026-03-06T00:00:00.000Z
sensor.meross_temperature_studio_s,19.846856322805554,2026-03-06T01:00:00.000Z
sensor.meross_temperature_studio_s,19.679490092444443,2026-03-06T02:00:00.000Z
sensor.meross_temperature_studio_s,19.568003684472224,2026-03-06T03:00:00.000Z
sensor.meross_temperature_studio_s,19.5,2026-03-06T04:00:00.000Z
sensor.meross_temperature_studio_s,19.46261553647222,2026-03-06T05:00:00.000Z
sensor.meross_temperature_studio_s,19.639188444055556,2026-03-06T06:00:00.000Z
sensor.meross_temperature_studio_s,20.190691095222224,2026-03-06T07:00:00.000Z
sensor.meross_temperature_studio_s,20.004741886361114,2026-03-06T08:00:00.000Z
sensor.meross_temperature_studio_s,20,2026-03-06T09:00:00.000Z
sensor.meross_temperature_studio_s,20.04713078125,2026-03-06T10:00:00.000Z
sensor.meross_temperature_studio_s,20.321159459222223,2026-03-06T11:00:00.000Z
sensor.meross_temperature_studio_s,20.454376929555554,2026-03-06T12:00:00.000Z
sensor.meross_temperature_studio_s,20.44301137733333,2026-03-06T13:00:00.000Z
sensor.meross_temperature_studio_s,20.34070469511111,2026-03-06T14:00:00.000Z
sensor.meross_temperature_studio_s,20.200555046277778,2026-03-06T15:00:00.000Z
sensor.meross_temperature_studio_s,20.22445187025,2026-03-06T16:00:00.000Z
sensor.meross_temperature_studio_s,20.17485967275,2026-03-06T17:00:00.000Z
sensor.meross_temperature_studio_s,20,2026-03-06T18:00:00.000Z
sensor.meross_temperature_studio_s,20.184149178305557,2026-03-06T19:00:00.000Z
sensor.meross_temperature_studio_s,20.18152292075,2026-03-06T20:00:00.000Z
sensor.meross_temperature_studio_s,20.036851137444444,2026-03-06T21:00:00.000Z
sensor.meross_temperature_studio_s,20,2026-03-06T22:00:00.000Z
sensor.meross_temperature_studio_s,19.931991168194443,2026-03-06T23:00:00.000Z
sensor.meross_temperature_studio_s,19.74960177688889,2026-03-07T00:00:00.000Z
sensor.meross_temperature_studio_s,19.568615740305557,2026-03-07T01:00:00.000Z
sensor.meross_temperature_studio_s,19.5,2026-03-07T02:00:00.000Z
sensor.meross_temperature_studio_s,19.37585711913889,2026-03-07T03:00:00.000Z
sensor.meross_temperature_studio_s,19.26439598963889,2026-03-07T04:00:00.000Z
sensor.meross_temperature_studio_s,19.154172009805556,2026-03-07T05:00:00.000Z
sensor.meross_temperature_studio_s,19.312379028,2026-03-07T06:00:00.000Z
sensor.meross_temperature_studio_s,19.774260052055556,2026-03-07T07:00:00.000Z
sensor.meross_temperature_studio_s,20.18988349763889,2026-03-07T08:00:00.000Z
sensor.meross_temperature_studio_s,20.314035436555557,2026-03-07T09:00:00.000Z
sensor.meross_temperature_studio_s,20.526877610499998,2026-03-07T10:00:00.000Z
sensor.meross_temperature_studio_s,20.841622759916664,2026-03-07T11:00:00.000Z
sensor.meross_temperature_studio_s,21.23542518761111,2026-03-07T12:00:00.000Z
sensor.meross_temperature_studio_s,21.409757771138885,2026-03-07T13:00:00.000Z
sensor.meross_temperature_studio_s,21.399999999999995,2026-03-07T14:00:00.000Z
sensor.meross_temperature_studio_s,21.45745617038889,2026-03-07T15:00:00.000Z
sensor.meross_temperature_studio_s,21.335866725333332,2026-03-07T16:00:00.000Z
sensor.meross_temperature_studio_s,21.00307606261111,2026-03-07T17:00:00.000Z
sensor.meross_temperature_studio_s,20.854583581305555,2026-03-07T18:00:00.000Z
sensor.meross_temperature_studio_s,20.7484782955,2026-03-07T19:00:00.000Z
sensor.meross_temperature_studio_s,20.50513527986111,2026-03-07T20:00:00.000Z
sensor.meross_temperature_studio_s,20.318309294416668,2026-03-07T21:00:00.000Z
sensor.meross_temperature_studio_s,20.15944707975,2026-03-07T22:00:00.000Z
sensor.meross_temperature_studio_s,20.01382723061111,2026-03-07T23:00:00.000Z
sensor.meross_temperature_studio_s,19.953587689,2026-03-08T00:00:00.000Z
sensor.meross_temperature_studio_s,19.859673874833334,2026-03-08T01:00:00.000Z
sensor.meross_temperature_studio_s,19.722219555666666,2026-03-08T02:00:00.000Z
sensor.meross_temperature_studio_s,19.576368932555557,2026-03-08T03:00:00.000Z
sensor.meross_temperature_studio_s,19.5,2026-03-08T04:00:00.000Z
sensor.meross_temperature_studio_s,19.43256105177778,2026-03-08T05:00:00.000Z
sensor.meross_temperature_studio_s,19.592312143277777,2026-03-08T06:00:00.000Z
sensor.meross_temperature_studio_s,20.031565582,2026-03-08T07:00:00.000Z
sensor.meross_temperature_studio_s,20.200027856583336,2026-03-08T08:00:00.000Z
sensor.meross_temperature_studio_s,20.127254917138888,2026-03-08T09:00:00.000Z
sensor.meross_temperature_studio_s,20.43662389611111,2026-03-08T10:00:00.000Z
sensor.meross_temperature_studio_s,20.880066097416666,2026-03-08T11:00:00.000Z
sensor.meross_temperature_studio_s,21.146185896833334,2026-03-08T12:00:00.000Z
sensor.meross_temperature_studio_s,21.394377550388885,2026-03-08T13:00:00.000Z
sensor.meross_temperature_studio_s,21.399999999999995,2026-03-08T14:00:00.000Z
sensor.meross_temperature_studio_s,21.399999999999995,2026-03-08T15:00:00.000Z
sensor.meross_temperature_studio_s,21.375312720083333,2026-03-08T16:00:00.000Z
sensor.meross_temperature_studio_s,21.127085211333334,2026-03-08T17:00:00.000Z
sensor.meross_temperature_studio_s,20.918010792444445,2026-03-08T18:00:00.000Z
sensor.meross_temperature_studio_s,20.780939493694444,2026-03-08T19:00:00.000Z
sensor.meross_temperature_studio_s,20.623508541444444,2026-03-08T20:00:00.000Z
sensor.meross_temperature_studio_s,20.44817837788889,2026-03-08T21:00:00.000Z
sensor.meross_temperature_studio_s,20.318910762666665,2026-03-08T22:00:00.000Z
sensor.meross_temperature_studio_s,20.14648082088889,2026-03-08T23:00:00.000Z
sensor.meross_temperature_studio_s,20.017168105916667,2026-03-09T00:00:00.000Z
sensor.meross_temperature_studio_s,19.974714360333333,2026-03-09T01:00:00.000Z
sensor.meross_temperature_studio_s,19.872465711999997,2026-03-09T02:00:00.000Z
sensor.meross_temperature_studio_s,19.746570224305554,2026-03-09T03:00:00.000Z
sensor.meross_temperature_studio_s,19.7,2026-03-09T04:00:00.000Z
sensor.meross_temperature_studio_s,19.607061477277778,2026-03-09T05:00:00.000Z
sensor.meross_temperature_studio_s,19.859891651305556,2026-03-09T06:00:00.000Z
sensor.meross_temperature_studio_s,20.231982812083334,2026-03-09T07:00:00.000Z
sensor.meross_temperature_studio_s,20.1,2026-03-09T08:00:00.000Z
sensor.meross_temperature_studio_s,20.115382680472223,2026-03-09T09:00:00.000Z
sensor.meross_temperature_studio_s,20.2,2026-03-09T10:00:00.000Z
sensor.meross_temperature_studio_s,20.221299691000002,2026-03-09T11:00:00.000Z
sensor.meross_temperature_studio_s,20.411754122138888,2026-03-09T12:00:00.000Z
sensor.meross_temperature_studio_s,20.569405776583334,2026-03-09T13:00:00.000Z
sensor.meross_temperature_studio_s,20.59917104861111,2026-03-09T14:00:00.000Z
sensor.meross_temperature_studio_s,20.535342838222224,2026-03-09T15:00:00.000Z
sensor.meross_temperature_studio_s,20.4187733545,2026-03-09T16:00:00.000Z
sensor.meross_temperature_studio_s,20.274062501555555,2026-03-09T17:00:00.000Z
sensor.meross_temperature_studio_s,20.2,2026-03-09T18:00:00.000Z
sensor.meross_temperature_studio_s,20.44852206208333,2026-03-09T19:00:00.000Z
sensor.meross_temperature_studio_s,20.337471064305557,2026-03-09T20:00:00.000Z
sensor.meross_temperature_studio_s,20.297056802222222,2026-03-09T21:00:00.000Z
sensor.meross_temperature_studio_s,20.24317743688889,2026-03-09T22:00:00.000Z
sensor.meross_temperature_studio_s,20.069686230833334,2026-03-09T23:00:00.000Z
sensor.meross_temperature_studio_s,20,2026-03-10T00:00:00.000Z
sensor.meross_temperature_studio_s,19.95032251872222,2026-03-10T01:00:00.000Z
sensor.meross_temperature_studio_s,19.883611995916667,2026-03-10T02:00:00.000Z
sensor.meross_temperature_studio_s,19.797811928250002,2026-03-10T03:00:00.000Z
sensor.meross_temperature_studio_s,19.690283356277778,2026-03-10T04:00:00.000Z
sensor.meross_temperature_studio_s,19.6,2026-03-10T05:00:00.000Z
sensor.meross_temperature_studio_s,19.957445523527777,2026-03-10T06:00:00.000Z
sensor.meross_temperature_studio_s,20.222257775444444,2026-03-10T07:00:00.000Z
sensor.meross_temperature_studio_s,20.18292655938889,2026-03-10T08:00:00.000Z
sensor.meross_temperature_studio_s,20.07164756297222,2026-03-10T09:00:00.000Z
sensor.meross_temperature_studio_s,19.9,2026-03-10T10:00:00.000Z
sensor.meross_temperature_studio_s,19.974086667944444,2026-03-10T11:00:00.000Z
sensor.meross_temperature_studio_s,20.027793991027778,2026-03-10T12:00:00.000Z
sensor.meross_temperature_studio_s,20.244053576472222,2026-03-10T13:00:00.000Z
sensor.meross_temperature_studio_s,20.326641372388888,2026-03-10T14:00:00.000Z
sensor.meross_temperature_studio_s,20.213146150194444,2026-03-10T15:00:00.000Z
sensor.meross_temperature_studio_s,20.292500706305557,2026-03-10T16:00:00.000Z
sensor.meross_temperature_studio_s,20.31825438902778,2026-03-10T17:00:00.000Z
sensor.meross_temperature_studio_s,20.259350948444446,2026-03-10T18:00:00.000Z
sensor.meross_temperature_studio_s,20.480989441166667,2026-03-10T19:00:00.000Z
sensor.meross_temperature_studio_s,20.3687440995,2026-03-10T20:00:00.000Z
sensor.meross_temperature_studio_s,20.3244512715,2026-03-10T21:00:00.000Z
sensor.meross_temperature_studio_s,20.226457233805554,2026-03-10T22:00:00.000Z
sensor.meross_temperature_studio_s,20.110791110361113,2026-03-10T23:00:00.000Z
sensor.meross_temperature_studio_s,20.038602613583333,2026-03-11T00:00:00.000Z
sensor.meross_temperature_studio_s,20,2026-03-11T01:00:00.000Z
sensor.meross_temperature_studio_s,19.950414680749997,2026-03-11T02:00:00.000Z
sensor.meross_temperature_studio_s,19.9,2026-03-11T03:00:00.000Z
sensor.meross_temperature_studio_s,19.86525540713889,2026-03-11T04:00:00.000Z
sensor.meross_temperature_studio_s,19.8,2026-03-11T05:00:00.000Z
sensor.meross_temperature_studio_s,19.8,2026-03-11T06:00:00.000Z
sensor.meross_temperature_studio_s,19.85277315975,2026-03-11T07:00:00.000Z
sensor.meross_temperature_studio_s,19.96063460452778,2026-03-11T08:00:00.000Z
sensor.meross_temperature_studio_s,20.021138851694445,2026-03-11T09:00:00.000Z
sensor.meross_temperature_studio_s,19.9,2026-03-11T10:00:00.000Z
sensor.meross_temperature_studio_s,20.05793463627778,2026-03-11T11:00:00.000Z
sensor.meross_temperature_studio_s,20.207754850666667,2026-03-11T12:00:00.000Z
sensor.meross_temperature_studio_s,20.36004450075,2026-03-11T13:00:00.000Z
sensor.meross_temperature_studio_s,20.4,2026-03-11T14:00:00.000Z
sensor.meross_temperature_studio_s,20.394553427555554,2026-03-11T15:00:00.000Z
sensor.meross_temperature_studio_s,20.21819051788889,2026-03-11T16:00:00.000Z
sensor.meross_temperature_studio_s,20.027140468555555,2026-03-11T17:00:00.000Z
sensor.meross_temperature_studio_s,20.057134340388888,2026-03-11T18:00:00.000Z
sensor.meross_temperature_studio_s,20.01631000013889,2026-03-11T19:00:00.000Z
sensor.meross_temperature_studio_s,19.96489075322222,2026-03-11T20:00:00.000Z
sensor.meross_temperature_studio_s,19.9,2026-03-11T21:00:00.000Z
sensor.meross_temperature_studio_s,19.807486849055554,2026-03-11T22:00:00.000Z
sensor.meross_temperature_studio_s,19.757058651694447,2026-03-11T23:00:00.000Z
sensor.meross_temperature_studio_s,19.7,2026-03-12T00:00:00.000Z
sensor.meross_temperature_studio_s,19.60396507491667,2026-03-12T01:00:00.000Z
sensor.meross_temperature_studio_s,19.542475105138887,2026-03-12T02:00:00.000Z
sensor.meross_temperature_studio_s,19.5,2026-03-12T03:00:00.000Z
sensor.meross_temperature_studio_s,19.5,2026-03-12T04:00:00.000Z
sensor.meross_temperature_studio_s,19.418249455194445,2026-03-12T05:00:00.000Z
sensor.meross_temperature_studio_s,19.68966872486111,2026-03-12T06:00:00.000Z
sensor.meross_temperature_studio_s,20.24082101997222,2026-03-12T07:00:00.000Z
sensor.meross_temperature_studio_s,20.120187335166666,2026-03-12T08:00:00.000Z
sensor.meross_temperature_studio_s,20.070311855833335,2026-03-12T09:00:00.000Z
sensor.meross_temperature_studio_s,19.990677803500002,2026-03-12T10:00:00.000Z
sensor.meross_temperature_studio_s,20.261418766972223,2026-03-12T11:00:00.000Z
sensor.meross_temperature_studio_s,20.44167940736111,2026-03-12T12:00:00.000Z
sensor.meross_temperature_studio_s,20.62863407172222,2026-03-12T13:00:00.000Z
sensor.meross_temperature_studio_s,20.7,2026-03-12T14:00:00.000Z
sensor.meross_temperature_studio_s,20.585270842305558,2026-03-12T15:00:00.000Z
sensor.meross_temperature_studio_s,20.492483382444444,2026-03-12T16:00:00.000Z
sensor.meross_temperature_studio_s,20.337261010833334,2026-03-12T17:00:00.000Z
sensor.meross_temperature_studio_s,20.16922970988889,2026-03-12T18:00:00.000Z
sensor.meross_temperature_studio_s,20.14646777375,2026-03-12T19:00:00.000Z
sensor.meross_temperature_studio_s,20.05116198972222,2026-03-12T20:00:00.000Z
sensor.meross_temperature_studio_s,19.945254862333332,2026-03-12T21:00:00.000Z
sensor.meross_temperature_studio_s,19.858901006638888,2026-03-12T22:00:00.000Z
sensor.meross_temperature_studio_s,19.74320138922222,2026-03-12T23:00:00.000Z
sensor.meross_temperature_studio_s,19.638395600111114,2026-03-13T00:00:00.000Z
sensor.meross_temperature_studio_s,19.562793291055556,2026-03-13T01:00:00.000Z
sensor.meross_temperature_studio_s,19.5,2026-03-13T02:00:00.000Z
sensor.meross_temperature_studio_s,19.47452158836111,2026-03-13T03:00:00.000Z
sensor.meross_temperature_studio_s,19.4,2026-03-13T04:00:00.000Z
sensor.meross_temperature_studio_s,19.30778523402778,2026-03-13T05:00:00.000Z
sensor.meross_temperature_studio_s,19.680117510916666,2026-03-13T06:00:00.000Z
sensor.meross_temperature_studio_s,20.15035456813889,2026-03-13T07:00:00.000Z
sensor.meross_temperature_studio_s,20.128836298055557,2026-03-13T08:00:00.000Z
sensor.meross_temperature_studio_s,20,2026-03-13T09:00:00.000Z
sensor.meross_temperature_studio_s,20.238968351500002,2026-03-13T10:00:00.000Z
sensor.meross_temperature_studio_s,20.43681501936111,2026-03-13T11:00:00.000Z
sensor.meross_temperature_studio_s,20.40557053038889,2026-03-13T12:00:00.000Z
sensor.meross_temperature_studio_s,20.610579056722223,2026-03-13T13:00:00.000Z
sensor.meross_temperature_studio_s,20.61679751038889,2026-03-13T14:00:00.000Z
sensor.meross_temperature_studio_s,20.657100215472223,2026-03-13T15:00:00.000Z
sensor.meross_temperature_studio_s,20.534251223444446,2026-03-13T16:00:00.000Z
sensor.meross_temperature_studio_s,20.367895577694444,2026-03-13T17:00:00.000Z
sensor.meross_temperature_studio_s,20.226219445861112,2026-03-13T18:00:00.000Z
sensor.meross_temperature_studio_s,20.089549254833333,2026-03-13T19:00:00.000Z
sensor.meross_temperature_studio_s,20,2026-03-13T20:00:00.000Z
sensor.meross_temperature_studio_s,19.987607044694446,2026-03-13T21:00:00.000Z
sensor.meross_temperature_studio_s,19.899083932666667,2026-03-13T22:00:00.000Z
sensor.meross_temperature_studio_s,19.8,2026-03-13T23:00:00.000Z
sensor.meross_temperature_studio_s,19.71353371258333,2026-03-14T00:00:00.000Z
sensor.meross_temperature_studio_s,19.63590273577778,2026-03-14T01:00:00.000Z
sensor.meross_temperature_studio_s,19.58822541225,2026-03-14T02:00:00.000Z
sensor.meross_temperature_studio_s,19.5,2026-03-14T03:00:00.000Z
sensor.meross_temperature_studio_s,19.5,2026-03-14T04:00:00.000Z
sensor.meross_temperature_studio_s,19.441938330416665,2026-03-14T05:00:00.000Z
sensor.meross_temperature_studio_s,19.674096115527778,2026-03-14T06:00:00.000Z
sensor.meross_temperature_studio_s,20.171261556416667,2026-03-14T07:00:00.000Z
sensor.meross_temperature_studio_s,19.95488988061111,2026-03-14T08:00:00.000Z
sensor.meross_temperature_studio_s,19.9,2026-03-14T09:00:00.000Z
sensor.meross_temperature_studio_s,19.9,2026-03-14T10:00:00.000Z
sensor.meross_temperature_studio_s,19.90676291222222,2026-03-14T11:00:00.000Z
sensor.meross_temperature_studio_s,19.923578363416667,2026-03-14T12:00:00.000Z
sensor.meross_temperature_studio_s,19.9,2026-03-14T13:00:00.000Z
sensor.meross_temperature_studio_s,19.9,2026-03-14T14:00:00.000Z
sensor.meross_temperature_studio_s,19.947053211388887,2026-03-14T15:00:00.000Z
sensor.meross_temperature_studio_s,20,2026-03-14T16:00:00.000Z
sensor.meross_temperature_studio_s,20.05170537802778,2026-03-14T17:00:00.000Z
sensor.meross_temperature_studio_s,20,2026-03-14T18:00:00.000Z
sensor.meross_temperature_studio_s,20.189791902333333,2026-03-14T19:00:00.000Z
sensor.meross_temperature_studio_s,20.2,2026-03-14T20:00:00.000Z
sensor.meross_temperature_studio_s,20.2,2026-03-14T21:00:00.000Z
sensor.meross_temperature_studio_s,20.18512263925,2026-03-14T22:00:00.000Z
sensor.meross_temperature_studio_s,20.1,2026-03-14T23:00:00.000Z
sensor.meross_temperature_studio_s,20.025245803916665,2026-03-15T00:00:00.000Z
sensor.meross_temperature_studio_s,20,2026-03-15T01:00:00.000Z
sensor.meross_temperature_studio_s,19.927692831749997,2026-03-15T02:00:00.000Z
sensor.meross_temperature_studio_s,19.841892157805557,2026-03-15T03:00:00.000Z
sensor.meross_temperature_studio_s,19.799661608555557,2026-03-15T04:00:00.000Z
sensor.meross_temperature_studio_s,19.7,2026-03-15T05:00:00.000Z
sensor.meross_temperature_studio_s,19.970549261055556,2026-03-15T06:00:00.000Z
sensor.meross_temperature_studio_s,20.310356671388888,2026-03-15T07:00:00.000Z
sensor.meross_temperature_studio_s,20.181942591416668,2026-03-15T08:00:00.000Z
sensor.meross_temperature_studio_s,20.2,2026-03-15T09:00:00.000Z
sensor.meross_temperature_studio_s,20.28961003011111,2026-03-15T10:00:00.000Z
sensor.meross_temperature_studio_s,20.573686533333333,2026-03-15T11:00:00.000Z
sensor.meross_temperature_studio_s,20.86006843713889,2026-03-15T12:00:00.000Z
sensor.meross_temperature_studio_s,20.9,2026-03-15T13:00:00.000Z
sensor.meross_temperature_studio_s,20.9,2026-03-15T14:00:00.000Z
sensor.meross_temperature_studio_s,20.85999700802778,2026-03-15T17:00:00.000Z
sensor.meross_temperature_studio_s,20.81766197911111,2026-03-15T18:00:00.000Z
sensor.meross_temperature_studio_s,20.8693371,2026-03-15T19:00:00.000Z
sensor.meross_temperature_studio_s,20.688214828694445,2026-03-15T20:00:00.000Z
sensor.meross_temperature_studio_s,20.58042435402778,2026-03-15T21:00:00.000Z
sensor.meross_temperature_studio_s,20.466365841222224,2026-03-15T22:00:00.000Z
sensor.meross_temperature_studio_s,20.339776086805553,2026-03-15T23:00:00.000Z
sensor.meross_temperature_studio_s,20.207713041055555,2026-03-16T00:00:00.000Z
sensor.meross_temperature_studio_s,20.090399176027777,2026-03-16T01:00:00.000Z
sensor.meross_temperature_studio_s,20,2026-03-16T02:00:00.000Z
sensor.meross_temperature_studio_s,19.97192990775,2026-03-16T03:00:00.000Z
sensor.meross_temperature_studio_s,19.86981923433333,2026-03-16T04:00:00.000Z
sensor.meross_temperature_studio_s,19.765041674333332,2026-03-16T05:00:00.000Z
sensor.meross_temperature_studio_s,19.984209795722222,2026-03-16T06:00:00.000Z
sensor.meross_temperature_studio_s,20.195275838138887,2026-03-16T07:00:00.000Z
sensor.meross_temperature_studio_s,20.16627042772222,2026-03-16T08:00:00.000Z
sensor.meross_temperature_studio_s,20.313113600111112,2026-03-16T09:00:00.000Z
sensor.meross_temperature_studio_s,20.576015020499998,2026-03-16T10:00:00.000Z
sensor.meross_temperature_studio_s,20.84881146533333,2026-03-16T11:00:00.000Z
sensor.meross_temperature_studio_s,21.015911549833334,2026-03-16T12:00:00.000Z
sensor.meross_temperature_studio_s,21.0603005365,2026-03-16T13:00:00.000Z
sensor.meross_temperature_studio_s,21.08535015902778,2026-03-16T14:00:00.000Z
sensor.meross_temperature_studio_s,21.064165254833334,2026-03-16T15:00:00.000Z
sensor.meross_temperature_studio_s,21,2026-03-16T16:00:00.000Z
sensor.meross_temperature_studio_s,20.636502534277778,2026-03-16T17:00:00.000Z
sensor.meross_temperature_studio_s,20.446124004777776,2026-03-16T18:00:00.000Z
sensor.meross_temperature_studio_s,20.515415075472223,2026-03-16T19:00:00.000Z
sensor.meross_temperature_studio_s,20.5,2026-03-16T20:00:00.000Z
sensor.meross_temperature_studio_s,20.358550831166667,2026-03-16T21:00:00.000Z
sensor.meross_temperature_studio_s,20.26475826513889,2026-03-16T22:00:00.000Z
sensor.meross_temperature_studio_s,20.157229459083336,2026-03-16T23:00:00.000Z
sensor.meross_temperature_studio_s,20.01430209822222,2026-03-17T00:00:00.000Z
sensor.meross_temperature_studio_s,19.930029971249997,2026-03-17T01:00:00.000Z
sensor.meross_temperature_studio_s,19.844229954611112,2026-03-17T02:00:00.000Z
sensor.meross_temperature_studio_s,19.706079058444445,2026-03-17T03:00:00.000Z
sensor.meross_temperature_studio_s,19.6,2026-03-17T04:00:00.000Z
sensor.meross_temperature_studio_s,19.5488466045,2026-03-17T05:00:00.000Z
sensor.meross_temperature_studio_s,19.839391737,2026-03-17T06:00:00.000Z
sensor.meross_temperature_studio_s,20.276570453833333,2026-03-17T07:00:00.000Z
sensor.meross_temperature_studio_s,20.2,2026-03-17T08:00:00.000Z
sensor.meross_temperature_studio_s,20.26995918263889,2026-03-17T09:00:00.000Z
sensor.meross_temperature_studio_s,20.47615543036111,2026-03-17T10:00:00.000Z
sensor.meross_temperature_studio_s,20.663789815111112,2026-03-17T11:00:00.000Z
sensor.meross_temperature_studio_s,20.945134705138887,2026-03-17T12:00:00.000Z
sensor.meross_temperature_studio_s,21.03021983425,2026-03-17T13:00:00.000Z
sensor.meross_temperature_studio_s,21.061961952055558,2026-03-17T14:00:00.000Z
sensor.meross_temperature_studio_s,21.08170226886111,2026-03-17T15:00:00.000Z
sensor.meross_temperature_studio_s,20.88999744711111,2026-03-17T16:00:00.000Z
sensor.meross_temperature_studio_s,20.8,2026-03-17T17:00:00.000Z
sensor.meross_temperature_studio_s,20.80694182011111,2026-03-17T18:00:00.000Z
sensor.meross_temperature_studio_s,20.712886671305554,2026-03-17T19:00:00.000Z
sensor.meross_temperature_studio_s,20.389437873000002,2026-03-17T20:00:00.000Z
sensor.meross_temperature_studio_s,20.277792786000003,2026-03-17T21:00:00.000Z
sensor.meross_temperature_studio_s,20.17293188472222,2026-03-17T22:00:00.000Z
sensor.meross_temperature_studio_s,20.030031402972224,2026-03-17T23:00:00.000Z
sensor.meross_temperature_studio_s,19.99744119575,2026-03-18T00:00:00.000Z
sensor.meross_temperature_studio_s,19.889856546666667,2026-03-18T01:00:00.000Z
sensor.meross_temperature_studio_s,19.795944448277776,2026-03-18T02:00:00.000Z
sensor.meross_temperature_studio_s,19.7,2026-03-18T03:00:00.000Z
sensor.meross_temperature_studio_s,19.60194692038889,2026-03-18T04:00:00.000Z
sensor.meross_temperature_studio_s,19.51342688161111,2026-03-18T05:00:00.000Z
sensor.meross_temperature_studio_s,19.73103433111111,2026-03-18T06:00:00.000Z
sensor.meross_temperature_studio_s,20.29541436675,2026-03-18T07:00:00.000Z
sensor.meross_temperature_studio_s,20.264657050416666,2026-03-18T08:00:00.000Z
sensor.meross_temperature_studio_s,20.19839625588889,2026-03-18T09:00:00.000Z
sensor.meross_temperature_studio_s,20.40354652213889,2026-03-18T10:00:00.000Z
sensor.meross_temperature_studio_s,20.646168529833336,2026-03-18T11:00:00.000Z
sensor.meross_temperature_studio_s,20.64687171838889,2026-03-18T12:00:00.000Z
sensor.meross_temperature_studio_s,20.434302015666663,2026-03-18T13:00:00.000Z
sensor.meross_temperature_studio_s,20.562710648194443,2026-03-18T14:00:00.000Z
sensor.meross_temperature_studio_s,20.619007840416668,2026-03-18T15:00:00.000Z
sensor.meross_temperature_studio_s,20.443999382333335,2026-03-18T16:00:00.000Z
sensor.meross_temperature_studio_s,20.18698347036111,2026-03-18T17:00:00.000Z
sensor.meross_temperature_studio_s,20.2103279495,2026-03-18T18:00:00.000Z
sensor.meross_temperature_studio_s,20.10607197125,2026-03-18T19:00:00.000Z
sensor.meross_temperature_studio_s,20.01784278586111,2026-03-18T20:00:00.000Z
sensor.meross_temperature_studio_s,19.983382937666665,2026-03-18T21:00:00.000Z
sensor.meross_temperature_studio_s,19.833867641694443,2026-03-18T22:00:00.000Z
sensor.meross_temperature_studio_s,19.66890441111111,2026-03-18T23:00:00.000Z
sensor.meross_temperature_studio_s,19.548652111916667,2026-03-19T00:00:00.000Z
sensor.meross_temperature_studio_s,19.5,2026-03-19T01:00:00.000Z
sensor.meross_temperature_studio_s,19.416284538805552,2026-03-19T02:00:00.000Z
sensor.meross_temperature_studio_s,19.31542685952778,2026-03-19T03:00:00.000Z
sensor.meross_temperature_studio_s,19.213623991,2026-03-19T04:00:00.000Z
sensor.meross_temperature_studio_s,19.1,2026-03-19T05:00:00.000Z
sensor.meross_temperature_studio_s,19.34204277852778,2026-03-19T06:00:00.000Z
sensor.meross_temperature_studio_s,20.009094090138888,2026-03-19T07:00:00.000Z
sensor.meross_temperature_studio_s,20.12364495525,2026-03-19T08:00:00.000Z
sensor.meross_temperature_studio_s,19.838494560333334,2026-03-19T09:00:00.000Z
sensor.meross_temperature_studio_s,20.015663270805558,2026-03-19T10:00:00.000Z
sensor.meross_temperature_studio_s,20.494842034416667,2026-03-19T11:00:00.000Z
sensor.meross_temperature_studio_s,20.757710032000002,2026-03-19T12:00:00.000Z
sensor.meross_temperature_studio_s,20.9,2026-03-19T13:00:00.000Z
sensor.meross_temperature_studio_s,20.9,2026-03-19T14:00:00.000Z
sensor.meross_temperature_studio_s,20.805991733222225,2026-03-19T15:00:00.000Z
sensor.meross_temperature_studio_s,20.722858848416667,2026-03-19T16:00:00.000Z
sensor.meross_temperature_studio_s,20.637030540111112,2026-03-19T17:00:00.000Z
sensor.meross_temperature_studio_s,20.47870609397222,2026-03-19T18:00:00.000Z
sensor.meross_temperature_studio_s,20.299631053916666,2026-03-19T19:00:00.000Z
sensor.meross_temperature_studio_s,20.197919747444445,2026-03-19T20:00:00.000Z
sensor.meross_temperature_studio_s,20.15259453877778,2026-03-19T21:00:00.000Z
sensor.meross_temperature_studio_s,19.993414096527776,2026-03-19T22:00:00.000Z
sensor.meross_temperature_studio_s,19.874993460333332,2026-03-19T23:00:00.000Z
sensor.meross_temperature_studio_s,19.751126303194443,2026-03-20T00:00:00.000Z
sensor.meross_temperature_studio_s,19.616420953993618,2026-03-20T01:00:00.000Z
sensor.meross_temperature_studio_s,19.54040741277778,2026-03-20T02:00:00.000Z
sensor.meross_temperature_studio_s,19.5,2026-03-20T03:00:00.000Z
sensor.meross_temperature_studio_s,19.463523817194446,2026-03-20T04:00:00.000Z
sensor.meross_temperature_studio_s,19.342351669,2026-03-20T05:00:00.000Z
sensor.meross_temperature_studio_s,19.549715094694445,2026-03-20T06:00:00.000Z
sensor.meross_temperature_studio_s,20.15612902063889,2026-03-20T07:00:00.000Z
sensor.meross_temperature_studio_s,20.154640809916668,2026-03-20T08:00:00.000Z
sensor.meross_temperature_studio_s,20,2026-03-20T09:00:00.000Z
sensor.meross_temperature_studio_s,20.260548481666664,2026-03-20T10:00:00.000Z
sensor.meross_temperature_studio_s,20.158077125722222,2026-03-20T11:00:00.000Z
sensor.meross_temperature_studio_s,20.451141471277776,2026-03-20T12:00:00.000Z
sensor.meross_temperature_studio_s,20.686394857055557,2026-03-20T13:00:00.000Z
sensor.meross_temperature_studio_s,20.6,2026-03-20T14:00:00.000Z
sensor.meross_temperature_studio_s,20.6,2026-03-20T15:00:00.000Z
sensor.meross_temperature_studio_s,20.487342116083333,2026-03-20T16:00:00.000Z
sensor.meross_temperature_studio_s,20.288374891638888,2026-03-20T17:00:00.000Z
sensor.meross_temperature_studio_s,20.271613639749997,2026-03-20T18:00:00.000Z
sensor.meross_temperature_studio_s,20.34856203433333,2026-03-20T19:00:00.000Z
sensor.meross_temperature_studio_s,20.08715684413889,2026-03-20T20:00:00.000Z
sensor.meross_temperature_studio_s,20,2026-03-20T21:00:00.000Z
sensor.meross_temperature_studio_s,19.974520630972222,2026-03-20T22:00:00.000Z
sensor.meross_temperature_studio_s,19.896889535555555,2026-03-20T23:00:00.000Z
sensor.meross_temperature_studio_s,19.78116409363889,2026-03-21T00:00:00.000Z
sensor.meross_temperature_studio_s,19.692641019916667,2026-03-21T01:00:00.000Z
sensor.meross_temperature_studio_s,19.6,2026-03-21T02:00:00.000Z
sensor.meross_temperature_studio_s,19.51498783136111,2026-03-21T03:00:00.000Z
sensor.meross_temperature_studio_s,19.5,2026-03-21T04:00:00.000Z
sensor.meross_temperature_studio_s,19.5,2026-03-21T05:00:00.000Z
sensor.meross_temperature_studio_s,19.783470964916667,2026-03-21T06:00:00.000Z
sensor.meross_temperature_studio_s,20.175812871944444,2026-03-21T07:00:00.000Z
sensor.meross_temperature_studio_s,20,2026-03-21T08:00:00.000Z
sensor.meross_temperature_studio_s,20.11769858113889,2026-03-21T09:00:00.000Z
sensor.meross_temperature_studio_s,20.364336873722223,2026-03-21T10:00:00.000Z
sensor.meross_temperature_studio_s,20.617179763694445,2026-03-21T11:00:00.000Z
sensor.meross_temperature_studio_s,20.669119085944445,2026-03-21T12:00:00.000Z
sensor.meross_temperature_studio_s,20.74856110663889,2026-03-21T13:00:00.000Z
sensor.meross_temperature_studio_s,20.952634868444445,2026-03-21T14:00:00.000Z
sensor.meross_temperature_studio_s,21.01670688002778,2026-03-21T15:00:00.000Z
sensor.meross_temperature_studio_s,21.07840406627778,2026-03-21T16:00:00.000Z
sensor.meross_temperature_studio_s,20.96290059188889,2026-03-21T17:00:00.000Z
sensor.meross_temperature_studio_s,20.61682651055556,2026-03-21T18:00:00.000Z
sensor.meross_temperature_studio_s,20.702895714305555,2026-03-21T19:00:00.000Z
sensor.meross_temperature_studio_s,20.70644516966667,2026-03-21T20:00:00.000Z
sensor.meross_temperature_studio_s,20.54351177752778,2026-03-21T21:00:00.000Z
sensor.meross_temperature_studio_s,20.450709156027777,2026-03-21T22:00:00.000Z
sensor.meross_temperature_studio_s,20.4,2026-03-21T23:00:00.000Z
sensor.meross_temperature_studio_s,20.303004979694446,2026-03-22T00:00:00.000Z
sensor.meross_temperature_studio_s,20.157548040861112,2026-03-22T01:00:00.000Z
sensor.meross_temperature_studio_s,20.039126915833332,2026-03-22T02:00:00.000Z
sensor.meross_temperature_studio_s,20,2026-03-22T03:00:00.000Z
sensor.meross_temperature_studio_s,19.99486800986111,2026-03-22T04:00:00.000Z
sensor.meross_temperature_studio_s,19.9,2026-03-22T05:00:00.000Z
sensor.meross_temperature_studio_s,19.831714307722223,2026-03-22T06:00:00.000Z
sensor.meross_temperature_studio_s,19.914575875694442,2026-03-22T07:00:00.000Z
sensor.meross_temperature_studio_s,20.10464363280556,2026-03-22T08:00:00.000Z
sensor.meross_temperature_studio_s,20.33630044325,2026-03-22T09:00:00.000Z
sensor.meross_temperature_studio_s,20.582731416166666,2026-03-22T10:00:00.000Z
sensor.meross_temperature_studio_s,20.805723519583335,2026-03-22T11:00:00.000Z
sensor.meross_temperature_studio_s,20.972114636805554,2026-03-22T12:00:00.000Z
sensor.meross_temperature_studio_s,21,2026-03-22T13:00:00.000Z
sensor.meross_temperature_studio_s,21,2026-03-22T14:00:00.000Z
sensor.meross_temperature_studio_s,20.857607045833333,2026-03-22T15:00:00.000Z
sensor.meross_temperature_studio_s,20.701588391444442,2026-03-22T16:00:00.000Z
sensor.meross_temperature_studio_s,20.850647368055554,2026-03-22T17:00:00.000Z
sensor.meross_temperature_studio_s,20.521768500194444,2026-03-22T18:00:00.000Z
sensor.meross_temperature_studio_s,20.427619286888888,2026-03-22T19:00:00.000Z
sensor.meross_temperature_studio_s,20.4,2026-03-22T20:00:00.000Z
sensor.meross_temperature_studio_s,20.48151984952778,2026-03-22T21:00:00.000Z
sensor.meross_temperature_studio_s,20.333452109694445,2026-03-22T22:00:00.000Z
sensor.meross_temperature_studio_s,20.157957301944446,2026-03-22T23:00:00.000Z
sensor.meross_temperature_studio_s,20.049931004972223,2026-03-23T00:00:00.000Z
sensor.meross_temperature_studio_s,20,2026-03-23T01:00:00.000Z
sensor.meross_temperature_studio_s,19.966520684777777,2026-03-23T02:00:00.000Z
sensor.meross_temperature_studio_s,19.897058825694444,2026-03-23T03:00:00.000Z
sensor.meross_temperature_studio_s,19.770524722555553,2026-03-23T04:00:00.000Z
sensor.meross_temperature_studio_s,19.64121151047222,2026-03-23T05:00:00.000Z
sensor.meross_temperature_studio_s,19.879092595833335,2026-03-23T06:00:00.000Z
sensor.meross_temperature_studio_s,20.28245961263889,2026-03-23T07:00:00.000Z
sensor.meross_temperature_studio_s,20.227859272527777,2026-03-23T08:00:00.000Z
sensor.meross_temperature_studio_s,20.389793257333334,2026-03-23T09:00:00.000Z
sensor.meross_temperature_studio_s,20.480444187666667,2026-03-23T10:00:00.000Z
sensor.meross_temperature_studio_s,20.669535011194444,2026-03-23T11:00:00.000Z
sensor.meross_temperature_studio_s,20.756807485444444,2026-03-23T12:00:00.000Z
sensor.meross_temperature_studio_s,20.837189666805553,2026-03-23T13:00:00.000Z
sensor.meross_temperature_studio_s,20.84166638297222,2026-03-23T14:00:00.000Z
sensor.meross_temperature_studio_s,20.8,2026-03-23T15:00:00.000Z
sensor.meross_temperature_studio_s,20.729249078583333,2026-03-23T16:00:00.000Z
sensor.meross_temperature_studio_s,20.576004312805555,2026-03-23T17:00:00.000Z
sensor.meross_temperature_studio_s,20.452368886916666,2026-03-23T18:00:00.000Z
sensor.meross_temperature_studio_s,20.342061682944443,2026-03-23T19:00:00.000Z
sensor.meross_temperature_studio_s,20.21207728972222,2026-03-23T20:00:00.000Z
sensor.meross_temperature_studio_s,20.088438000472223,2026-03-23T21:00:00.000Z
sensor.meross_temperature_studio_s,20,2026-03-23T22:00:00.000Z
sensor.meross_temperature_studio_s,19.94951212747222,2026-03-23T23:00:00.000Z
sensor.meross_temperature_studio_s,19.839260407,2026-03-24T00:00:00.000Z
sensor.meross_temperature_studio_s,19.74804269397222,2026-03-24T01:00:00.000Z
sensor.meross_temperature_studio_s,19.667715188333332,2026-03-24T02:00:00.000Z
sensor.meross_temperature_studio_s,19.6,2026-03-24T03:00:00.000Z
sensor.meross_temperature_studio_s,19.530929238972224,2026-03-24T04:00:00.000Z
sensor.meross_temperature_studio_s,19.5,2026-03-24T05:00:00.000Z
sensor.meross_temperature_studio_s,19.72341549277778,2026-03-24T06:00:00.000Z
sensor.meross_temperature_studio_s,20.25508885688889,2026-03-24T07:00:00.000Z
sensor.meross_temperature_studio_s,20.154691425055557,2026-03-24T08:00:00.000Z
sensor.meross_temperature_studio_s,20.0945532205,2026-03-24T09:00:00.000Z
sensor.meross_temperature_studio_s,20.296406592361112,2026-03-24T10:00:00.000Z
sensor.meross_temperature_studio_s,20.080620809694445,2026-03-24T11:00:00.000Z
sensor.meross_temperature_studio_s,20.111589585527778,2026-03-24T12:00:00.000Z
sensor.meross_temperature_studio_s,20.75942496736111,2026-03-24T13:00:00.000Z
sensor.meross_temperature_studio_s,20.83968740902778,2026-03-24T14:00:00.000Z
sensor.meross_temperature_studio_s,20.9,2026-03-24T15:00:00.000Z
sensor.meross_temperature_studio_s,20.894019581638887,2026-03-24T16:00:00.000Z
sensor.meross_temperature_studio_s,20.791880986555558,2026-03-24T17:00:00.000Z
sensor.meross_temperature_studio_s,20.55945104513889,2026-03-24T18:00:00.000Z
sensor.meross_temperature_studio_s,20.548903401055558,2026-03-24T19:00:00.000Z
sensor.meross_temperature_studio_s,20.403887467944443,2026-03-24T20:00:00.000Z
sensor.meross_temperature_studio_s,20.31261744575,2026-03-24T21:00:00.000Z
sensor.meross_temperature_studio_s,20.210197297416666,2026-03-24T22:00:00.000Z
sensor.meross_temperature_studio_s,20.07869229177778,2026-03-24T23:00:00.000Z
sensor.meross_temperature_studio_s,20,2026-03-25T00:00:00.000Z
sensor.meross_temperature_studio_s,19.974719968444443,2026-03-25T01:00:00.000Z
sensor.meross_temperature_studio_s,19.88616913613889,2026-03-25T02:00:00.000Z
sensor.meross_temperature_studio_s,19.782086193416667,2026-03-25T03:00:00.000Z
sensor.meross_temperature_studio_s,19.679975429694444,2026-03-25T04:00:00.000Z
sensor.meross_temperature_studio_s,19.594175812444444,2026-03-25T05:00:00.000Z
sensor.meross_temperature_studio_s,19.892761429666667,2026-03-25T06:00:00.000Z
sensor.meross_temperature_studio_s,20.05767543025,2026-03-25T07:00:00.000Z
sensor.meross_temperature_studio_s,20.012822572277777,2026-03-25T08:00:00.000Z
sensor.meross_temperature_studio_s,20.19241249913889,2026-03-25T09:00:00.000Z
sensor.meross_temperature_studio_s,20.422150633083334,2026-03-25T10:00:00.000Z
sensor.meross_temperature_studio_s,20.736844187333332,2026-03-25T11:00:00.000Z
sensor.meross_temperature_studio_s,20.873039832055554,2026-03-25T12:00:00.000Z
sensor.meross_temperature_studio_s,20.8,2026-03-25T13:00:00.000Z
sensor.meross_temperature_studio_s,20.702155436444443,2026-03-25T14:00:00.000Z
sensor.meross_temperature_studio_s,20.6,2026-03-25T15:00:00.000Z
sensor.meross_temperature_studio_s,20.542702665305555,2026-03-25T16:00:00.000Z
sensor.meross_temperature_studio_s,20.428839567694443,2026-03-25T17:00:00.000Z
sensor.meross_temperature_studio_s,20.285995042194443,2026-03-25T18:00:00.000Z
sensor.meross_temperature_studio_s,20.167408921527777,2026-03-25T19:00:00.000Z
sensor.meross_temperature_studio_s,19.99752928136111,2026-03-25T20:00:00.000Z
sensor.meross_temperature_studio_s,19.928727359055554,2026-03-25T21:00:00.000Z
sensor.meross_temperature_studio_s,20,2026-03-25T22:00:00.000Z
sensor.meross_temperature_studio_s,19.930264400472222,2026-03-25T23:00:00.000Z
sensor.meross_temperature_studio_s,19.79973392025,2026-03-26T00:00:00.000Z
sensor.meross_temperature_studio_s,19.63146041311111,2026-03-26T01:00:00.000Z
sensor.meross_temperature_studio_s,19.553801272611114,2026-03-26T02:00:00.000Z
sensor.meross_temperature_studio_s,19.5,2026-03-26T03:00:00.000Z
sensor.meross_temperature_studio_s,19.457082747944444,2026-03-26T04:00:00.000Z
sensor.meross_temperature_studio_s,19.4,2026-03-26T05:00:00.000Z
sensor.meross_temperature_studio_s,19.634094370555555,2026-03-26T06:00:00.000Z
sensor.meross_temperature_studio_s,20.185700595916668,2026-03-26T07:00:00.000Z
sensor.meross_temperature_studio_s,19.898657056666668,2026-03-26T08:00:00.000Z
sensor.meross_temperature_studio_s,19.81353612113889,2026-03-26T09:00:00.000Z
sensor.meross_temperature_studio_s,20.397017504388888,2026-03-26T10:00:00.000Z
sensor.meross_temperature_studio_s,20.25200676477778,2026-03-26T11:00:00.000Z
sensor.meross_temperature_studio_s,20.12299240661111,2026-03-26T12:00:00.000Z
sensor.meross_temperature_studio_s,19.97793774352778,2026-03-26T13:00:00.000Z
sensor.meross_temperature_studio_s,20.02445193347222,2026-03-26T14:00:00.000Z
sensor.meross_temperature_studio_s,20,2026-03-26T15:00:00.000Z
sensor.meross_temperature_studio_s,19.872934348916665,2026-03-26T16:00:00.000Z
sensor.meross_temperature_studio_s,19.78463763713889,2026-03-26T17:00:00.000Z
sensor.meross_temperature_studio_s,20.465035401194445,2026-03-26T18:00:00.000Z
sensor.meross_temperature_studio_s,20.270836017222223,2026-03-26T19:00:00.000Z
sensor.meross_temperature_studio_s,20.282436440555557,2026-03-26T20:00:00.000Z
sensor.meross_temperature_studio_s,20.230852287833333,2026-03-26T21:00:00.000Z
sensor.meross_temperature_studio_s,20.032015355694444,2026-03-26T22:00:00.000Z
sensor.meross_temperature_studio_s,19.96838855225,2026-03-26T23:00:00.000Z
sensor.meross_temperature_studio_s,19.896175636722223,2026-03-27T00:00:00.000Z
sensor.meross_temperature_studio_s,19.78759813486111,2026-03-27T01:00:00.000Z
sensor.meross_temperature_studio_s,19.661001341444443,2026-03-27T02:00:00.000Z
sensor.meross_temperature_studio_s,19.56975461875,2026-03-27T03:00:00.000Z
sensor.meross_temperature_studio_s,19.5,2026-03-27T04:00:00.000Z
sensor.meross_temperature_studio_s,19.5,2026-03-27T05:00:00.000Z
sensor.meross_temperature_studio_s,19.685657627999998,2026-03-27T06:00:00.000Z
sensor.meross_temperature_studio_s,20.22540942480556,2026-03-27T07:00:00.000Z
sensor.meross_temperature_studio_s,20.095018060083333,2026-03-27T08:00:00.000Z
sensor.meross_temperature_studio_s,20.040449112055555,2026-03-27T09:00:00.000Z
sensor.meross_temperature_studio_s,20.118968818333332,2026-03-27T10:00:00.000Z
sensor.meross_temperature_studio_s,20.4,2026-03-27T11:00:00.000Z
sensor.meross_temperature_studio_s,20.43817367866667,2026-03-27T12:00:00.000Z
sensor.meross_temperature_studio_s,20.268408566138888,2026-03-27T13:00:00.000Z
sensor.meross_temperature_studio_s,20.66078814961111,2026-03-27T14:00:00.000Z
sensor.meross_temperature_studio_s,20.790162913777777,2026-03-27T15:00:00.000Z
sensor.meross_temperature_studio_s,20.7194561955,2026-03-27T16:00:00.000Z
sensor.meross_temperature_studio_s,20.593520910055556,2026-03-27T17:00:00.000Z
sensor.meross_temperature_studio_s,20.62278922466667,2026-03-27T18:00:00.000Z
sensor.meross_temperature_studio_s,20.62500031261111,2026-03-27T19:00:00.000Z
sensor.meross_temperature_studio_s,20.577695190194444,2026-03-27T20:00:00.000Z
sensor.meross_temperature_studio_s,20.49329541038889,2026-03-27T21:00:00.000Z
sensor.meross_temperature_studio_s,20.27354112438889,2026-03-27T22:00:00.000Z
sensor.meross_temperature_studio_s,20.140051344333333,2026-03-27T23:00:00.000Z
sensor.meross_temperature_studio_s,20.03518911811111,2026-03-28T00:00:00.000Z
sensor.meross_temperature_studio_s,20,2026-03-28T01:00:00.000Z
sensor.meross_temperature_studio_s,19.938441812555556,2026-03-28T02:00:00.000Z
sensor.meross_temperature_studio_s,19.874398057388888,2026-03-28T03:00:00.000Z
sensor.meross_temperature_studio_s,19.750476366138887,2026-03-28T04:00:00.000Z
sensor.meross_temperature_studio_s,19.632054597583334,2026-03-28T05:00:00.000Z
sensor.meross_temperature_studio_s,19.865679030527776,2026-03-28T06:00:00.000Z
sensor.meross_temperature_studio_s,20.264046562833332,2026-03-28T07:00:00.000Z
sensor.meross_temperature_studio_s,20.105383617444446,2026-03-28T08:00:00.000Z
sensor.meross_temperature_studio_s,20.25411156761111,2026-03-28T09:00:00.000Z
sensor.meross_temperature_studio_s,20.46818961797222,2026-03-28T10:00:00.000Z
sensor.meross_temperature_studio_s,20.548902997472222,2026-03-28T11:00:00.000Z
sensor.meross_temperature_studio_s,20.730236059833334,2026-03-28T12:00:00.000Z
sensor.meross_temperature_studio_s,20.9,2026-03-28T13:00:00.000Z
sensor.meross_temperature_studio_s,20.9,2026-03-28T14:00:00.000Z
sensor.meross_temperature_studio_s,20.86502186211111,2026-03-28T16:00:00.000Z
sensor.meross_temperature_studio_s,20.78730760438889,2026-03-28T17:00:00.000Z
sensor.meross_temperature_studio_s,20.75958685666667,2026-03-28T18:00:00.000Z
sensor.meross_temperature_studio_s,20.735503461888886,2026-03-28T19:00:00.000Z
sensor.meross_temperature_studio_s,20.770817316944445,2026-03-28T20:00:00.000Z
sensor.meross_temperature_studio_s,20.796730514916668,2026-03-28T21:00:00.000Z
sensor.meross_temperature_studio_s,20.7,2026-03-28T22:00:00.000Z
sensor.meross_temperature_studio_s,20.7,2026-03-28T23:00:00.000Z
sensor.meross_temperature_studio_s,20.668531075805557,2026-03-29T00:00:00.000Z
sensor.meross_temperature_studio_s,20.577229654222222,2026-03-29T01:00:00.000Z
sensor.meross_temperature_studio_s,20.491095834472222,2026-03-29T02:00:00.000Z
sensor.meross_temperature_studio_s,20.386235014944443,2026-03-29T03:00:00.000Z
sensor.meross_temperature_studio_s,20.3,2026-03-29T04:00:00.000Z
sensor.meross_temperature_studio_s,20.32193219061111,2026-03-29T05:00:00.000Z
sensor.meross_temperature_studio_s,20.4,2026-03-29T06:00:00.000Z
sensor.meross_temperature_studio_s,20.427153119083332,2026-03-29T07:00:00.000Z
sensor.meross_temperature_studio_s,20.529319343555557,2026-03-29T08:00:00.000Z
sensor.meross_temperature_studio_s,20.703677641833334,2026-03-29T09:00:00.000Z
sensor.meross_temperature_studio_s,20.863021112916666,2026-03-29T10:00:00.000Z
sensor.meross_temperature_studio_s,21.011449940333332,2026-03-29T11:00:00.000Z
sensor.meross_temperature_studio_s,21.1,2026-03-29T12:00:00.000Z
sensor.meross_temperature_studio_s,21.12884115630556,2026-03-29T13:00:00.000Z
sensor.meross_temperature_studio_s,21.2,2026-03-29T14:00:00.000Z
sensor.meross_temperature_studio_s,21.206027109999997,2026-03-29T15:00:00.000Z
sensor.meross_temperature_studio_s,21.272745775444445,2026-03-29T16:00:00.000Z
sensor.meross_temperature_studio_s,21.16558351636111,2026-03-29T17:00:00.000Z
sensor.meross_temperature_studio_s,21.061512054361113,2026-03-29T18:00:00.000Z
sensor.meross_temperature_studio_s,21.014570649611112,2026-03-29T19:00:00.000Z
sensor.meross_temperature_studio_s,20.956357226416667,2026-03-29T20:00:00.000Z
sensor.meross_temperature_studio_s,20.9,2026-03-29T21:00:00.000Z
sensor.meross_temperature_studio_s,20.795936482138888,2026-03-29T22:00:00.000Z
sensor.meross_temperature_studio_s,20.66075099886111,2026-03-29T23:00:00.000Z
sensor.meross_temperature_studio_s,20.517558419361112,2026-03-30T00:00:00.000Z
sensor.meross_temperature_studio_s,20.4,2026-03-30T01:00:00.000Z
sensor.meross_temperature_studio_s,20.31932534852778,2026-03-30T02:00:00.000Z
sensor.meross_temperature_studio_s,20.225329844944444,2026-03-30T03:00:00.000Z
sensor.meross_temperature_studio_s,20.164424548083332,2026-03-30T04:00:00.000Z
sensor.meross_temperature_studio_s,20.12059776452778,2026-03-30T05:00:00.000Z
sensor.meross_temperature_studio_s,20.343409907444443,2026-03-30T06:00:00.000Z
sensor.meross_temperature_studio_s,20.461075394083334,2026-03-30T07:00:00.000Z
sensor.meross_temperature_studio_s,20.646657131277777,2026-03-30T08:00:00.000Z
sensor.meross_temperature_studio_s,20.770564865388888,2026-03-30T09:00:00.000Z
sensor.meross_temperature_studio_s,20.87816397669444,2026-03-30T10:00:00.000Z
sensor.meross_temperature_studio_s,21.04476597602778,2026-03-30T11:00:00.000Z
sensor.meross_temperature_studio_s,21.1,2026-03-30T12:00:00.000Z
sensor.meross_temperature_studio_s,21.18355011075,2026-03-30T13:00:00.000Z
sensor.meross_temperature_studio_s,21.039486615555557,2026-03-30T14:00:00.000Z
sensor.meross_temperature_studio_s,20.954410398444445,2026-03-30T15:00:00.000Z
sensor.meross_temperature_studio_s,20.84887332797222,2026-03-30T16:00:00.000Z
sensor.meross_temperature_studio_s,20.816276801444445,2026-03-30T17:00:00.000Z
sensor.meross_temperature_studio_s,20.81963846886111,2026-03-30T18:00:00.000Z
sensor.meross_temperature_studio_s,20.515570223361113,2026-03-30T19:00:00.000Z
sensor.meross_temperature_studio_s,20.409936798944443,2026-03-30T20:00:00.000Z
sensor.meross_temperature_studio_s,20.3,2026-03-30T21:00:00.000Z
sensor.meross_temperature_studio_s,20.257165631611112,2026-03-30T22:00:00.000Z
sensor.meross_temperature_studio_s,20.152304036388887,2026-03-30T23:00:00.000Z
sensor.meross_temperature_studio_s,20.036582470722223,2026-03-31T00:00:00.000Z
sensor.meross_temperature_studio_s,20,2026-03-31T01:00:00.000Z
sensor.meross_temperature_studio_s,19.955921364666665,2026-03-31T02:00:00.000Z
sensor.meross_temperature_studio_s,19.89184955486111,2026-03-31T03:00:00.000Z
sensor.meross_temperature_studio_s,19.8,2026-03-31T04:00:00.000Z
sensor.meross_temperature_studio_s,19.834155542999998,2026-03-31T05:00:00.000Z
sensor.meross_temperature_studio_s,19.875493025999997,2026-03-31T06:00:00.000Z
sensor.meross_temperature_studio_s,19.974021526444442,2026-03-31T07:00:00.000Z
sensor.meross_temperature_studio_s,20.095195912222223,2026-03-31T08:00:00.000Z
sensor.meross_temperature_studio_s,20.032063434111112,2026-03-31T09:00:00.000Z
sensor.meross_temperature_studio_s,20.21197600725,2026-03-31T10:00:00.000Z
sensor.meross_temperature_studio_s,20.45820821161111,2026-03-31T11:00:00.000Z
sensor.meross_temperature_studio_s,20.576100955388892,2026-03-31T12:00:00.000Z
sensor.meross_temperature_studio_s,20.7,2026-03-31T13:00:00.000Z
sensor.meross_temperature_studio_s,20.778800614166666,2026-03-31T14:00:00.000Z
sensor.meross_temperature_studio_s,20.621226659416667,2026-03-31T15:00:00.000Z
sensor.meross_temperature_studio_s,20.69730465488889,2026-03-31T16:00:00.000Z
sensor.meross_temperature_studio_s,20.710405203055554,2026-03-31T17:00:00.000Z
sensor.meross_temperature_studio_s,20.63259283161111,2026-03-31T18:00:00.000Z
sensor.meross_temperature_studio_s,20.55364763377778,2026-03-31T19:00:00.000Z
sensor.meross_temperature_studio_s,20.32915810472222,2026-03-31T20:00:00.000Z
sensor.meross_temperature_studio_s,20.243024730194445,2026-03-31T21:00:00.000Z
sensor.meross_temperature_studio_s,20.173506195027777,2026-03-31T22:00:00.000Z
sensor.meross_temperature_studio_s,20.076813763694446,2026-03-31T23:00:00.000Z
sensor.meross_temperature_studio_s,20,2026-04-01T00:00:00.000Z
sensor.meross_temperature_studio_s,19.960367417527777,2026-04-01T01:00:00.000Z
sensor.meross_temperature_studio_s,19.882708150333332,2026-04-01T02:00:00.000Z
sensor.meross_temperature_studio_s,19.793351370583334,2026-04-01T03:00:00.000Z
sensor.meross_temperature_studio_s,19.760572985694445,2026-04-01T04:00:00.000Z
sensor.meross_temperature_studio_s,19.93644362838889,2026-04-01T05:00:00.000Z
sensor.meross_temperature_studio_s,20.228080239222223,2026-04-01T06:00:00.000Z
sensor.meross_temperature_studio_s,20.16154954061111,2026-04-01T07:00:00.000Z
sensor.meross_temperature_studio_s,20.25276782836111,2026-04-01T08:00:00.000Z
sensor.meross_temperature_studio_s,20.42667513313889,2026-04-01T09:00:00.000Z
sensor.meross_temperature_studio_s,20.595416830416667,2026-04-01T10:00:00.000Z
sensor.meross_temperature_studio_s,20.624172899666668,2026-04-01T11:00:00.000Z
sensor.meross_temperature_studio_s,20.756208709444447,2026-04-01T12:00:00.000Z
sensor.meross_temperature_studio_s,20.82300361986111,2026-04-01T13:00:00.000Z
sensor.meross_temperature_studio_s,20.773611449916668,2026-04-01T14:00:00.000Z
sensor.meross_temperature_studio_s,20.678165880027777,2026-04-01T15:00:00.000Z
sensor.meross_temperature_studio_s,20.6,2026-04-01T16:00:00.000Z
sensor.meross_temperature_studio_s,20.57116630691667,2026-04-01T17:00:00.000Z
sensor.meross_temperature_studio_s,20.425358595638887,2026-04-01T18:00:00.000Z
sensor.meross_temperature_studio_s,20.3,2026-04-01T19:00:00.000Z
sensor.meross_temperature_studio_s,20.27786661938889,2026-04-01T20:00:00.000Z
sensor.meross_temperature_studio_s,20.18250807272222,2026-04-01T21:00:00.000Z
sensor.meross_temperature_studio_s,20.059780274916665,2026-04-01T22:00:00.000Z
sensor.meross_temperature_studio_s,20,2026-04-01T23:00:00.000Z
sensor.meross_temperature_studio_s,19.95956033283333,2026-04-02T00:00:00.000Z
sensor.meross_temperature_studio_s,19.85197658183333,2026-04-02T01:00:00.000Z
sensor.meross_temperature_studio_s,19.75261670572222,2026-04-02T02:00:00.000Z
sensor.meross_temperature_studio_s,19.645060586666666,2026-04-02T03:00:00.000Z
sensor.meross_temperature_studio_s,19.542949665138888,2026-04-02T04:00:00.000Z
sensor.meross_temperature_studio_s,19.73755983611111,2026-04-02T05:00:00.000Z
sensor.meross_temperature_studio_s,20.226201573055558,2026-04-02T06:00:00.000Z
sensor.meross_temperature_studio_s,20.1839955185,2026-04-02T07:00:00.000Z
sensor.meross_temperature_studio_s,20.171771981555555,2026-04-02T08:00:00.000Z
sensor.meross_temperature_studio_s,20.313225997916668,2026-04-02T09:00:00.000Z
sensor.meross_temperature_studio_s,20.381824667527777,2026-04-02T10:00:00.000Z
sensor.meross_temperature_studio_s,20.731058369,2026-04-02T11:00:00.000Z
sensor.meross_temperature_studio_s,20.776128883138888,2026-04-02T12:00:00.000Z
sensor.meross_temperature_studio_s,20.845591648722223,2026-04-02T13:00:00.000Z
sensor.meross_temperature_studio_s,20.9,2026-04-02T14:00:00.000Z
sensor.meross_temperature_studio_s,20.825653323111112,2026-04-02T15:00:00.000Z
sensor.meross_temperature_studio_s,20.830825067666666,2026-04-02T16:00:00.000Z
sensor.meross_temperature_studio_s,20.91943016333333,2026-04-02T17:00:00.000Z
sensor.meross_temperature_studio_s,21.165943977083334,2026-04-02T18:00:00.000Z
sensor.meross_temperature_studio_s,20.886319380916667,2026-04-02T19:00:00.000Z
sensor.meross_temperature_studio_s,20.655696635972223,2026-04-02T20:00:00.000Z
sensor.meross_temperature_studio_s,20.53727338875,2026-04-02T21:00:00.000Z
sensor.meross_temperature_studio_s,20.438580617944442,2026-04-02T22:00:00.000Z
sensor.meross_temperature_studio_s,20.291893607472222,2026-04-02T23:00:00.000Z
sensor.meross_temperature_studio_s,20.158755520611113,2026-04-03T00:00:00.000Z
sensor.meross_temperature_studio_s,20.043029702444446,2026-04-03T01:00:00.000Z
sensor.meross_temperature_studio_s,20,2026-04-03T02:00:00.000Z
sensor.meross_temperature_studio_s,19.949589315694443,2026-04-03T03:00:00.000Z
sensor.meross_temperature_studio_s,19.847451161166667,2026-04-03T04:00:00.000Z
sensor.meross_temperature_studio_s,19.8,2026-04-03T05:00:00.000Z
sensor.meross_temperature_studio_s,19.896392416416663,2026-04-03T06:00:00.000Z
sensor.meross_temperature_studio_s,19.93904168111111,2026-04-03T07:00:00.000Z
sensor.meross_temperature_studio_s,20.130845613138888,2026-04-03T08:00:00.000Z
sensor.meross_temperature_studio_s,20.123809306777776,2026-04-03T09:00:00.000Z
sensor.meross_temperature_studio_s,20.52575703463889,2026-04-03T10:00:00.000Z
sensor.meross_temperature_studio_s,20.746144091416667,2026-04-03T11:00:00.000Z
sensor.meross_temperature_studio_s,20.9,2026-04-03T12:00:00.000Z
sensor.meross_temperature_studio_s,20.9,2026-04-03T13:00:00.000Z
sensor.meross_temperature_studio_s,20.963146799277776,2026-04-03T18:00:00.000Z
sensor.meross_temperature_studio_s,20.93577112727778,2026-04-03T19:00:00.000Z
sensor.meross_temperature_studio_s,20.75631710027778,2026-04-03T20:00:00.000Z
sensor.meross_temperature_studio_s,20.6071978045,2026-04-03T21:00:00.000Z
sensor.meross_temperature_studio_s,20.48934521772222,2026-04-03T22:00:00.000Z
sensor.meross_temperature_studio_s,20.37903781075,2026-04-03T23:00:00.000Z
sensor.meross_temperature_studio_s,20.263284031,2026-04-04T00:00:00.000Z
sensor.meross_temperature_studio_s,20.169286766166667,2026-04-04T01:00:00.000Z
sensor.meross_temperature_studio_s,20.05897952036111,2026-04-04T02:00:00.000Z
sensor.meross_temperature_studio_s,20,2026-04-04T03:00:00.000Z
sensor.meross_temperature_studio_s,20,2026-04-04T04:00:00.000Z
sensor.meross_temperature_studio_s,19.954314680305554,2026-04-04T05:00:00.000Z
sensor.meross_temperature_studio_s,19.999592735611113,2026-04-04T06:00:00.000Z
sensor.meross_temperature_studio_s,20.32463293777778,2026-04-04T07:00:00.000Z
sensor.meross_temperature_studio_s,20.797285764416667,2026-04-04T08:00:00.000Z
sensor.meross_temperature_studio_s,20.751845171916667,2026-04-04T09:00:00.000Z
sensor.meross_temperature_studio_s,20.627979454583336,2026-04-04T10:00:00.000Z
sensor.meross_temperature_studio_s,20.786185593333332,2026-04-04T11:00:00.000Z
sensor.meross_temperature_studio_s,20.9850194165,2026-04-04T12:00:00.000Z
sensor.meross_temperature_studio_s,21.173019914277777,2026-04-04T13:00:00.000Z
sensor.meross_temperature_studio_s,21.327808277749998,2026-04-04T14:00:00.000Z
sensor.meross_temperature_studio_s,21.399999999999995,2026-04-04T15:00:00.000Z
sensor.meross_temperature_studio_s,21.395061485555555,2026-04-04T16:00:00.000Z
sensor.meross_temperature_studio_s,21.394045187694445,2026-04-04T17:00:00.000Z
sensor.meross_temperature_studio_s,21.399999999999995,2026-04-04T18:00:00.000Z
sensor.meross_temperature_studio_s,21.315208313194443,2026-04-04T19:00:00.000Z
sensor.meross_temperature_studio_s,21.335341505777777,2026-04-04T20:00:00.000Z
sensor.meross_temperature_studio_s,21.223585310805557,2026-04-04T21:00:00.000Z
sensor.meross_temperature_studio_s,21.024296242833334,2026-04-04T22:00:00.000Z
sensor.meross_temperature_studio_s,21,2026-04-04T23:00:00.000Z
sensor.meross_temperature_studio_s,20.900504641944444,2026-04-05T00:00:00.000Z
sensor.meross_temperature_studio_s,20.803656219361113,2026-04-05T01:00:00.000Z
sensor.meross_temperature_studio_s,20.723245979194445,2026-04-05T02:00:00.000Z
sensor.meross_temperature_studio_s,20.621137983944447,2026-04-05T03:00:00.000Z
sensor.meross_temperature_studio_s,20.518997281416667,2026-04-05T04:00:00.000Z
sensor.meross_temperature_studio_s,20.5,2026-04-05T05:00:00.000Z
sensor.meross_temperature_studio_s,20.5,2026-04-05T06:00:00.000Z
sensor.meross_temperature_studio_s,20.6984540575,2026-04-05T08:00:00.000Z
sensor.meross_temperature_studio_s,20.897306073277775,2026-04-05T09:00:00.000Z
sensor.meross_temperature_studio_s,20.984578867666666,2026-04-05T10:00:00.000Z
sensor.meross_temperature_studio_s,21.13492515852778,2026-04-05T11:00:00.000Z
sensor.meross_temperature_studio_s,21.245232653472222,2026-04-05T12:00:00.000Z
sensor.meross_temperature_studio_s,21.312055216333334,2026-04-05T13:00:00.000Z
sensor.meross_temperature_studio_s,21.399999999999995,2026-04-05T14:00:00.000Z
sensor.meross_temperature_studio_s,21.399999999999995,2026-04-05T15:00:00.000Z
sensor.meross_temperature_studio_s,21.40974529811111,2026-04-05T16:00:00.000Z
sensor.meross_temperature_studio_s,21.5,2026-04-05T17:00:00.000Z
sensor.meross_temperature_studio_s,21.489728930722222,2026-04-05T18:00:00.000Z
sensor.meross_temperature_studio_s,21.398455008305557,2026-04-05T19:00:00.000Z
sensor.meross_temperature_studio_s,21.3,2026-04-05T20:00:00.000Z
sensor.meross_temperature_studio_s,21.250943430416665,2026-04-05T21:00:00.000Z
sensor.meross_temperature_studio_s,21.12977179727778,2026-04-05T22:00:00.000Z
sensor.meross_temperature_studio_s,21.068395276444445,2026-04-05T23:00:00.000Z
sensor.meross_temperature_studio_s,21,2026-04-06T00:00:00.000Z
sensor.meross_temperature_studio_s,21,2026-04-06T01:00:00.000Z
sensor.meross_temperature_studio_s,20.943141331499998,2026-04-06T02:00:00.000Z
sensor.meross_temperature_studio_s,20.9,2026-04-06T03:00:00.000Z
sensor.meross_temperature_studio_s,20.811689970333333,2026-04-06T04:00:00.000Z
sensor.meross_temperature_studio_s,20.754759103111112,2026-04-06T05:00:00.000Z
sensor.meross_temperature_studio_s,20.7,2026-04-06T06:00:00.000Z
sensor.meross_temperature_studio_s,20.834378072,2026-04-06T07:00:00.000Z
sensor.meross_temperature_studio_s,20.93795747897222,2026-04-06T08:00:00.000Z
sensor.meross_temperature_studio_s,21.134616221722222,2026-04-06T09:00:00.000Z
sensor.meross_temperature_studio_s,21.16710312788889,2026-04-06T10:00:00.000Z
sensor.meross_temperature_studio_s,21.158651767888887,2026-04-06T11:00:00.000Z
sensor.meross_temperature_studio_s,21.28582775061111,2026-04-06T12:00:00.000Z
sensor.meross_temperature_studio_s,21.711837031972223,2026-04-06T13:00:00.000Z
sensor.meross_temperature_studio_s,21.86720899975,2026-04-06T14:00:00.000Z
sensor.meross_temperature_studio_s,22.070207174027775,2026-04-06T15:00:00.000Z
sensor.meross_temperature_studio_s,22.02717478702778,2026-04-06T16:00:00.000Z
sensor.meross_temperature_studio_s,22,2026-04-06T17:00:00.000Z
sensor.meross_temperature_studio_s,22,2026-04-06T18:00:00.000Z
sensor.meross_temperature_studio_s,21.932113132861108,2026-04-06T19:00:00.000Z
sensor.meross_temperature_studio_s,21.8,2026-04-06T20:00:00.000Z
sensor.meross_temperature_studio_s,21.70735980988889,2026-04-06T21:00:00.000Z
sensor.meross_temperature_studio_s,21.529743689194447,2026-04-06T22:00:00.000Z
sensor.meross_temperature_studio_s,21.5,2026-04-06T23:00:00.000Z
sensor.meross_temperature_studio_s,21.454642022194445,2026-04-07T00:00:00.000Z
sensor.meross_temperature_studio_s,21.330747382277778,2026-04-07T01:00:00.000Z
sensor.meross_temperature_studio_s,21.24764228961111,2026-04-07T02:00:00.000Z
sensor.meross_temperature_studio_s,21.169955497,2026-04-07T03:00:00.000Z
sensor.meross_temperature_studio_s,21.086850289250002,2026-04-07T04:00:00.000Z
sensor.meross_temperature_studio_s,21,2026-04-07T05:00:00.000Z
sensor.meross_temperature_studio_s,21,2026-04-07T06:00:00.000Z
sensor.meross_temperature_studio_s,21.011451051333335,2026-04-07T07:00:00.000Z
sensor.meross_temperature_studio_s,21.181500376666666,2026-04-07T08:00:00.000Z
sensor.meross_temperature_studio_s,21.3875,2026-04-07T09:00:00.000Z
sensor.meross_temperature_studio_s,21.40069461897222,2026-04-07T10:00:00.000Z
sensor.meross_temperature_studio_s,21.68537857088889,2026-04-07T11:00:00.000Z
sensor.meross_temperature_studio_s,21.899999999999995,2026-04-07T12:00:00.000Z
sensor.meross_temperature_studio_s,21.899999999999995,2026-04-07T13:00:00.000Z
sensor.meross_temperature_studio_s,21.910968954916665,2026-04-07T15:00:00.000Z
sensor.meross_temperature_studio_s,22.078320753111115,2026-04-07T16:00:00.000Z
sensor.meross_temperature_studio_s,22.159766905305556,2026-04-07T17:00:00.000Z
sensor.meross_temperature_studio_s,22.041771187583336,2026-04-07T18:00:00.000Z
sensor.meross_temperature_studio_s,21.987674481138885,2026-04-07T19:00:00.000Z
sensor.meross_temperature_studio_s,21.858611178222223,2026-04-07T20:00:00.000Z
sensor.meross_temperature_studio_s,21.74010769002778,2026-04-07T21:00:00.000Z
sensor.meross_temperature_studio_s,21.610768741388892,2026-04-07T22:00:00.000Z
sensor.meross_temperature_studio_s,21.50862895486111,2026-04-07T23:00:00.000Z
sensor.meross_temperature_studio_s,21.5,2026-04-08T00:00:00.000Z
sensor.meross_temperature_studio_s,21.407825242305552,2026-04-08T01:00:00.000Z
sensor.meross_temperature_studio_s,21.316551066083335,2026-04-08T02:00:00.000Z
sensor.meross_temperature_studio_s,21.260620645861113,2026-04-08T03:00:00.000Z
sensor.meross_temperature_studio_s,21.191075101,2026-04-08T04:00:00.000Z
sensor.meross_temperature_studio_s,21.1,2026-04-08T05:00:00.000Z
sensor.meross_temperature_studio_s,21.1,2026-04-08T06:00:00.000Z
sensor.meross_temperature_studio_s,21.16082814702778,2026-04-08T07:00:00.000Z
sensor.meross_temperature_studio_s,21.39236129763889,2026-04-08T08:00:00.000Z
sensor.meross_temperature_studio_s,21.520312125444445,2026-04-08T09:00:00.000Z
sensor.meross_temperature_studio_s,21.775463904583333,2026-04-08T10:00:00.000Z
sensor.meross_temperature_studio_s,21.899999999999995,2026-04-08T11:00:00.000Z
sensor.meross_temperature_studio_s,21.899999999999995,2026-04-08T12:00:00.000Z
sensor.meross_temperature_studio_s,21.92777916127778,2026-04-08T15:00:00.000Z
sensor.meross_temperature_studio_s,22,2026-04-08T16:00:00.000Z
sensor.meross_temperature_studio_s,22.148576505194445,2026-04-08T17:00:00.000Z
sensor.meross_temperature_studio_s,22.14627229591667,2026-04-08T18:00:00.000Z
sensor.meross_temperature_studio_s,22.066084824166666,2026-04-08T19:00:00.000Z
sensor.meross_temperature_studio_s,22,2026-04-08T20:00:00.000Z
sensor.meross_temperature_studio_s,21.947249578111112,2026-04-08T21:00:00.000Z
sensor.meross_temperature_studio_s,21.842332464888887,2026-04-08T22:00:00.000Z
sensor.meross_temperature_studio_s,21.677664820555552,2026-04-08T23:00:00.000Z
sensor.meross_temperature_studio_s,21.52444082097222,2026-04-09T00:00:00.000Z
sensor.meross_temperature_studio_s,21.5,2026-04-09T01:00:00.000Z
sensor.meross_temperature_studio_s,21.406465275694444,2026-04-09T02:00:00.000Z
sensor.meross_temperature_studio_s,21.301576325444447,2026-04-09T03:00:00.000Z
sensor.meross_temperature_studio_s,21.226640287666665,2026-04-09T04:00:00.000Z
sensor.meross_temperature_studio_s,21.1740440985,2026-04-09T05:00:00.000Z
sensor.meross_temperature_studio_s,21.1,2026-04-09T06:00:00.000Z
sensor.meross_temperature_studio_s,21.16449267163889,2026-04-09T07:00:00.000Z
sensor.meross_temperature_studio_s,21.38069381275,2026-04-09T08:00:00.000Z
sensor.meross_temperature_studio_s,21.55609830122222,2026-04-09T09:00:00.000Z
sensor.meross_temperature_studio_s,21.7,2026-04-09T10:00:00.000Z
sensor.meross_temperature_studio_s,21.860651981777778,2026-04-09T11:00:00.000Z
sensor.meross_temperature_studio_s,21.867765682916666,2026-04-09T12:00:00.000Z
sensor.meross_temperature_studio_s,21.94848176297222,2026-04-09T13:00:00.000Z
sensor.meross_temperature_studio_s,22.097244821055558,2026-04-09T14:00:00.000Z
sensor.meross_temperature_studio_s,22.064136352861112,2026-04-09T15:00:00.000Z
sensor.meross_temperature_studio_s,22.028575824194444,2026-04-09T16:00:00.000Z
sensor.meross_temperature_studio_s,22.277620227333333,2026-04-09T17:00:00.000Z
sensor.meross_temperature_studio_s,22.216442089916665,2026-04-09T18:00:00.000Z
sensor.meross_temperature_studio_s,22.04788570263889,2026-04-09T19:00:00.000Z
sensor.meross_temperature_studio_s,21.990176445055553,2026-04-09T20:00:00.000Z
sensor.meross_temperature_studio_s,21.858112683388885,2026-04-09T21:00:00.000Z
sensor.meross_temperature_studio_s,21.714588567694445,2026-04-09T22:00:00.000Z
sensor.meross_temperature_studio_s,21.580927266694445,2026-04-09T23:00:00.000Z
sensor.meross_temperature_studio_s,21.5,2026-04-10T00:00:00.000Z
sensor.meross_temperature_studio_s,21.453504865666662,2026-04-10T01:00:00.000Z
sensor.meross_temperature_studio_s,21.37851361097222,2026-04-10T02:00:00.000Z
sensor.meross_temperature_studio_s,21.3,2026-04-10T03:00:00.000Z
sensor.meross_temperature_studio_s,21.244311707333335,2026-04-10T04:00:00.000Z
sensor.meross_temperature_studio_s,21.186385052194442,2026-04-10T05:00:00.000Z
sensor.meross_temperature_studio_s,21.2,2026-04-10T06:00:00.000Z
sensor.meross_temperature_studio_s,21.30650552513889,2026-04-10T07:00:00.000Z
sensor.meross_temperature_studio_s,21.304057649361113,2026-04-10T08:00:00.000Z
sensor.meross_temperature_studio_s,21.419949575694442,2026-04-10T09:00:00.000Z
sensor.meross_temperature_studio_s,21.583409914138887,2026-04-10T10:00:00.000Z
sensor.meross_temperature_studio_s,21.738425279111112,2026-04-10T11:00:00.000Z
sensor.meross_temperature_studio_s,21.884103866361112,2026-04-10T12:00:00.000Z
sensor.meross_temperature_studio_s,21.926280634694447,2026-04-10T13:00:00.000Z
sensor.meross_temperature_studio_s,22.126253077416667,2026-04-10T14:00:00.000Z
sensor.meross_temperature_studio_s,22.023181331111115,2026-04-10T15:00:00.000Z
sensor.meross_temperature_studio_s,21.984226376555554,2026-04-10T16:00:00.000Z
sensor.meross_temperature_studio_s,21.899999999999995,2026-04-10T17:00:00.000Z
sensor.meross_temperature_studio_s,21.79996543188889,2026-04-10T18:00:00.000Z
sensor.meross_temperature_studio_s,21.713012209305557,2026-04-10T19:00:00.000Z
sensor.meross_temperature_studio_s,21.638581020194447,2026-04-10T20:00:00.000Z
sensor.meross_temperature_studio_s,21.60487655275,2026-04-10T21:00:00.000Z
sensor.meross_temperature_studio_s,21.543471318749997,2026-04-10T22:00:00.000Z
sensor.meross_temperature_studio_s,21.491958899555556,2026-04-10T23:00:00.000Z
sensor.meross_temperature_studio_s,21.38437457225,2026-04-11T00:00:00.000Z
sensor.meross_temperature_studio_s,21.3,2026-04-11T01:00:00.000Z
sensor.meross_temperature_studio_s,21.24203172497222,2026-04-11T02:00:00.000Z
sensor.meross_temperature_studio_s,21.15348021047222,2026-04-11T03:00:00.000Z
sensor.meross_temperature_studio_s,21.070347783833334,2026-04-11T04:00:00.000Z
sensor.meross_temperature_studio_s,21,2026-04-11T05:00:00.000Z
sensor.meross_temperature_studio_s,21,2026-04-11T06:00:00.000Z
sensor.meross_temperature_studio_s,21.002447195694444,2026-04-11T07:00:00.000Z
sensor.meross_temperature_studio_s,21.284824748722222,2026-04-11T08:00:00.000Z
sensor.meross_temperature_studio_s,21.399999999999995,2026-04-11T09:00:00.000Z
sensor.meross_temperature_studio_s,21.41877924175,2026-04-11T10:00:00.000Z
sensor.meross_temperature_studio_s,21.511970563666665,2026-04-11T11:00:00.000Z
sensor.meross_temperature_studio_s,21.620055118305558,2026-04-11T12:00:00.000Z
sensor.meross_temperature_studio_s,21.841779678722222,2026-04-11T13:00:00.000Z
sensor.meross_temperature_studio_s,21.899999999999995,2026-04-11T14:00:00.000Z
sensor.meross_temperature_studio_s,21.899999999999995,2026-04-11T15:00:00.000Z
sensor.meross_temperature_studio_s,21.895263080166668,2026-04-11T18:00:00.000Z
sensor.meross_temperature_studio_s,21.762520334833336,2026-04-11T19:00:00.000Z
sensor.meross_temperature_studio_s,21.57833924261111,2026-04-11T20:00:00.000Z
sensor.meross_temperature_studio_s,21.5,2026-04-11T21:00:00.000Z
sensor.meross_temperature_studio_s,21.5,2026-04-11T22:00:00.000Z
sensor.meross_temperature_studio_s,21.413885978555555,2026-04-12T00:00:00.000Z
sensor.meross_temperature_studio_s,21.31989118363889,2026-04-12T01:00:00.000Z
sensor.meross_temperature_studio_s,21.3,2026-04-12T02:00:00.000Z
sensor.meross_temperature_studio_s,21.221033303472222,2026-04-12T03:00:00.000Z
sensor.meross_temperature_studio_s,21.170518558416667,2026-04-12T04:00:00.000Z
sensor.meross_temperature_studio_s,21.1,2026-04-12T05:00:00.000Z
sensor.meross_temperature_studio_s,21.01564405338889,2026-04-12T06:00:00.000Z
sensor.meross_temperature_studio_s,21.022808162916665,2026-04-12T07:00:00.000Z
sensor.meross_temperature_studio_s,21.1,2026-04-12T08:00:00.000Z
sensor.meross_temperature_studio_s,21.17068641513889,2026-04-12T09:00:00.000Z
sensor.meross_temperature_studio_s,21.145588729944446,2026-04-12T10:00:00.000Z
sensor.meross_temperature_studio_s,21.234170927416667,2026-04-12T11:00:00.000Z
sensor.meross_temperature_studio_s,21.339000360416666,2026-04-12T12:00:00.000Z
sensor.meross_temperature_studio_s,21.41952110261111,2026-04-12T13:00:00.000Z
sensor.meross_temperature_studio_s,21.5,2026-04-12T14:00:00.000Z
sensor.meross_temperature_studio_s,21.5,2026-04-12T15:00:00.000Z
sensor.meross_temperature_studio_s,21.423911524805558,2026-04-12T16:00:00.000Z
sensor.meross_temperature_studio_s,21.31905277588889,2026-04-12T17:00:00.000Z
sensor.meross_temperature_studio_s,21.376105553555558,2026-04-12T18:00:00.000Z
sensor.meross_temperature_studio_s,21.3,2026-04-12T19:00:00.000Z
sensor.meross_temperature_studio_s,21.3,2026-04-12T20:00:00.000Z
sensor.meross_temperature_studio_s,21.234865570333334,2026-04-12T21:00:00.000Z
sensor.meross_temperature_studio_s,21.2,2026-04-12T22:00:00.000Z
sensor.meross_temperature_studio_s,21.116977899333335,2026-04-12T23:00:00.000Z
sensor.meross_temperature_studio_s,21.1,2026-04-13T00:00:00.000Z
sensor.meross_temperature_studio_s,21.037151612416668,2026-04-13T01:00:00.000Z
sensor.meross_temperature_studio_s,21,2026-04-13T02:00:00.000Z
sensor.meross_temperature_studio_s,21,2026-04-13T03:00:00.000Z
sensor.meross_temperature_studio_s,20.981200519194445,2026-04-13T08:00:00.000Z
sensor.meross_temperature_studio_s,20.91546371472222,2026-04-13T09:00:00.000Z
sensor.meross_temperature_studio_s,21,2026-04-13T10:00:00.000Z
sensor.meross_temperature_studio_s,21.069406155555555,2026-04-13T11:00:00.000Z
sensor.meross_temperature_studio_s,21.150946908055555,2026-04-13T12:00:00.000Z
sensor.meross_temperature_studio_s,21.097711784111112,2026-04-13T13:00:00.000Z
sensor.meross_temperature_studio_s,21,2026-04-13T14:00:00.000Z
sensor.meross_temperature_studio_s,21,2026-04-13T15:00:00.000Z
sensor.meross_temperature_studio_s,21.021676710472224,2026-04-13T17:00:00.000Z
sensor.meross_temperature_studio_s,21.176078621916666,2026-04-13T18:00:00.000Z
sensor.meross_temperature_studio_s,21.10933195161111,2026-04-13T19:00:00.000Z
sensor.meross_temperature_studio_s,21,2026-04-13T20:00:00.000Z
sensor.meross_temperature_studio_s,21,2026-04-13T21:00:00.000Z
sensor.meross_temperature_studio_s,20.915288428055554,2026-04-13T23:00:00.000Z
sensor.meross_temperature_studio_s,20.9,2026-04-14T00:00:00.000Z
sensor.meross_temperature_studio_s,20.857244263888887,2026-04-14T01:00:00.000Z
sensor.meross_temperature_studio_s,20.8,2026-04-14T02:00:00.000Z
sensor.meross_temperature_studio_s,20.793785252805556,2026-04-14T03:00:00.000Z
sensor.meross_temperature_studio_s,20.7,2026-04-14T04:00:00.000Z
sensor.meross_temperature_studio_s,20.753115372194443,2026-04-14T05:00:00.000Z
sensor.meross_temperature_studio_s,20.920202915138887,2026-04-14T06:00:00.000Z
sensor.meross_temperature_studio_s,20.98521791211111,2026-04-14T07:00:00.000Z
sensor.meross_temperature_studio_s,21.057100025222223,2026-04-14T08:00:00.000Z
sensor.meross_temperature_studio_s,21.04853539675,2026-04-14T09:00:00.000Z
sensor.meross_temperature_studio_s,21.23880781077778,2026-04-14T10:00:00.000Z
sensor.meross_temperature_studio_s,21.177621482972224,2026-04-14T11:00:00.000Z
sensor.meross_temperature_studio_s,21.3,2026-04-14T12:00:00.000Z
sensor.meross_temperature_studio_s,21.384504472083332,2026-04-14T13:00:00.000Z
sensor.meross_temperature_studio_s,21.5,2026-04-14T14:00:00.000Z
sensor.meross_temperature_studio_s,21.5,2026-04-14T15:00:00.000Z
sensor.meross_temperature_studio_s,21.311693070055558,2026-04-14T16:00:00.000Z
sensor.meross_temperature_studio_s,21.349513917555555,2026-04-14T17:00:00.000Z
sensor.meross_temperature_studio_s,21.442318718833334,2026-04-14T18:00:00.000Z
sensor.meross_temperature_studio_s,21.230010403916665,2026-04-14T19:00:00.000Z
sensor.meross_temperature_studio_s,21.138707982416665,2026-04-14T20:00:00.000Z
sensor.meross_temperature_studio_s,21.056687100111112,2026-04-14T21:00:00.000Z
sensor.meross_temperature_studio_s,21,2026-04-14T22:00:00.000Z
sensor.meross_temperature_studio_s,21,2026-04-14T23:00:00.000Z
sensor.meross_temperature_studio_s,20.971473485694442,2026-04-15T00:00:00.000Z
sensor.meross_temperature_studio_s,20.9,2026-04-15T01:00:00.000Z
sensor.meross_temperature_studio_s,20.890703089694444,2026-04-15T02:00:00.000Z
sensor.meross_temperature_studio_s,20.8,2026-04-15T03:00:00.000Z
sensor.meross_temperature_studio_s,20.8,2026-04-15T04:00:00.000Z
sensor.meross_temperature_studio_s,20.775495402805557,2026-04-15T05:00:00.000Z
sensor.meross_temperature_studio_s,20.874254583333332,2026-04-15T06:00:00.000Z
sensor.meross_temperature_studio_s,20.8374818895,2026-04-15T07:00:00.000Z
sensor.meross_temperature_studio_s,20.925050354916667,2026-04-15T08:00:00.000Z
sensor.meross_temperature_studio_s,21.191842471111112,2026-04-15T09:00:00.000Z
sensor.meross_temperature_studio_s,21.32634628125,2026-04-15T10:00:00.000Z
sensor.meross_temperature_studio_s,21.399999999999995,2026-04-15T11:00:00.000Z
sensor.meross_temperature_studio_s,21.399999999999995,2026-04-15T12:00:00.000Z
sensor.meross_temperature_studio_s,21.30643360361111,2026-04-15T20:00:00.000Z
sensor.meross_temperature_studio_s,21.145410400777777,2026-04-15T21:00:00.000Z
sensor.meross_temperature_studio_s,21.054164073166667,2026-04-15T22:00:00.000Z
sensor.meross_temperature_studio_s,21,2026-04-15T23:00:00.000Z
sensor.meross_temperature_studio_s,21,2026-04-16T00:00:00.000Z
sensor.meross_temperature_studio_s,20.847892009156265,2026-04-16T03:00:00.000Z
sensor.meross_temperature_studio_s,20.776150873972224,2026-04-16T04:00:00.000Z
sensor.meross_temperature_studio_s,20.7,2026-04-16T05:00:00.000Z
sensor.meross_temperature_studio_s,20.725681368777778,2026-04-16T06:00:00.000Z
sensor.meross_temperature_studio_s,20.844129855722223,2026-04-16T07:00:00.000Z
sensor.meross_temperature_studio_s,20.9732803955,2026-04-16T08:00:00.000Z
sensor.meross_temperature_studio_s,21.183000925305556,2026-04-16T09:00:00.000Z
sensor.meross_temperature_studio_s,21.372216902944444,2026-04-16T10:00:00.000Z
sensor.meross_temperature_studio_s,21.399999999999995,2026-04-16T11:00:00.000Z
sensor.meross_temperature_studio_s,21.491580537361113,2026-04-16T12:00:00.000Z
sensor.meross_temperature_studio_s,21.526977521972224,2026-04-16T13:00:00.000Z
sensor.meross_temperature_studio_s,21.600000000000005,2026-04-16T14:00:00.000Z
sensor.meross_temperature_studio_s,21.600000000000005,2026-04-16T15:00:00.000Z
sensor.meross_temperature_studio_s,21.617220314194444,2026-04-16T16:00:00.000Z
sensor.meross_temperature_studio_s,21.7,2026-04-16T17:00:00.000Z
sensor.meross_temperature_studio_s,21.7,2026-04-16T18:00:00.000Z
sensor.meross_temperature_studio_s,21.678920598083334,2026-04-16T19:00:00.000Z
sensor.meross_temperature_studio_s,21.533881876194446,2026-04-16T20:00:00.000Z
sensor.meross_temperature_studio_s,21.47575504288889,2026-04-16T21:00:00.000Z
sensor.meross_temperature_studio_s,21.333716605638887,2026-04-16T22:00:00.000Z
sensor.meross_temperature_studio_s,21.269895070972222,2026-04-16T23:00:00.000Z
sensor.meross_temperature_studio_s,21.2,2026-04-17T00:00:00.000Z
sensor.meross_temperature_studio_s,21.107379280472223,2026-04-17T01:00:00.000Z
sensor.meross_temperature_studio_s,21.056394815361113,2026-04-17T02:00:00.000Z
sensor.meross_temperature_studio_s,21,2026-04-17T03:00:00.000Z
sensor.meross_temperature_studio_s,21,2026-04-17T04:00:00.000Z
sensor.meross_temperature_studio_s,21.044155192694443,2026-04-17T07:00:00.000Z
sensor.meross_temperature_studio_s,21.083803305666667,2026-04-17T08:00:00.000Z
sensor.meross_temperature_studio_s,21.294222035249998,2026-04-17T09:00:00.000Z
sensor.meross_temperature_studio_s,21.43392676238889,2026-04-17T10:00:00.000Z
sensor.meross_temperature_studio_s,21.621146290777776,2026-04-17T11:00:00.000Z
sensor.meross_temperature_studio_s,21.935168494722223,2026-04-17T12:00:00.000Z
sensor.meross_temperature_studio_s,22.245922665055556,2026-04-17T13:00:00.000Z
sensor.meross_temperature_studio_s,22.324423414916666,2026-04-17T14:00:00.000Z
sensor.meross_temperature_studio_s,22.22804144838889,2026-04-17T15:00:00.000Z
sensor.meross_temperature_studio_s,22.142185442500004,2026-04-17T16:00:00.000Z
sensor.meross_temperature_studio_s,22.045465155472225,2026-04-17T17:00:00.000Z
sensor.meross_temperature_studio_s,22.01086437877778,2026-04-17T18:00:00.000Z
sensor.meross_temperature_studio_s,22,2026-04-17T19:00:00.000Z
sensor.meross_temperature_studio_s,21.94146954430555,2026-04-17T20:00:00.000Z
sensor.meross_temperature_studio_s,21.77193572727778,2026-04-17T21:00:00.000Z
sensor.meross_temperature_studio_s,21.665060229,2026-04-17T22:00:00.000Z
sensor.meross_temperature_studio_s,21.55747560238889,2026-04-17T23:00:00.000Z
sensor.meross_temperature_studio_s,21.5,2026-04-18T00:00:00.000Z
sensor.meross_temperature_studio_s,21.5,2026-04-18T01:00:00.000Z
sensor.meross_temperature_studio_s,21.42169468361111,2026-04-18T03:00:00.000Z
sensor.meross_temperature_studio_s,21.399999999999995,2026-04-18T04:00:00.000Z
sensor.meross_temperature_studio_s,21.34931350808333,2026-04-18T05:00:00.000Z
sensor.meross_temperature_studio_s,21.3,2026-04-18T06:00:00.000Z
sensor.meross_temperature_studio_s,21.338707656444445,2026-04-18T07:00:00.000Z
sensor.meross_temperature_studio_s,21.526820427111108,2026-04-18T08:00:00.000Z
sensor.meross_temperature_studio_s,21.86918679725,2026-04-18T09:00:00.000Z
sensor.meross_temperature_studio_s,21.92025487788889,2026-04-18T10:00:00.000Z
sensor.meross_temperature_studio_s,22.101219181722225,2026-04-18T11:00:00.000Z
sensor.meross_temperature_studio_s,22.100000000000005,2026-04-18T12:00:00.000Z
sensor.meross_temperature_studio_s,22.294485377472224,2026-04-18T13:00:00.000Z
sensor.meross_temperature_studio_s,22.497147489333333,2026-04-18T14:00:00.000Z
sensor.meross_temperature_studio_s,22.46274631858333,2026-04-18T15:00:00.000Z
sensor.meross_temperature_studio_s,22.349687710416664,2026-04-18T16:00:00.000Z
sensor.meross_temperature_studio_s,22.3,2026-04-18T17:00:00.000Z
sensor.meross_temperature_studio_s,22.277948805111112,2026-04-18T18:00:00.000Z
sensor.meross_temperature_studio_s,22.257044398638886,2026-04-18T19:00:00.000Z
sensor.meross_temperature_studio_s,22.158528567055555,2026-04-18T20:00:00.000Z
sensor.meross_temperature_studio_s,22.012905187555557,2026-04-18T21:00:00.000Z
sensor.meross_temperature_studio_s,21.96745024511111,2026-04-18T22:00:00.000Z
sensor.meross_temperature_studio_s,21.88735778086111,2026-04-18T23:00:00.000Z
sensor.meross_temperature_studio_s,21.8,2026-04-19T00:00:00.000Z
sensor.meross_temperature_studio_s,21.71477541608333,2026-04-19T01:00:00.000Z
sensor.meross_temperature_studio_s,21.69415665172222,2026-04-19T02:00:00.000Z
sensor.meross_temperature_studio_s,21.600000000000005,2026-04-19T03:00:00.000Z
sensor.meross_temperature_studio_s,21.59529960986111,2026-04-19T04:00:00.000Z
sensor.meross_temperature_studio_s,21.5,2026-04-19T05:00:00.000Z
sensor.meross_temperature_studio_s,21.5,2026-04-19T06:00:00.000Z
sensor.meross_temperature_studio_s,21.511919954888892,2026-04-19T08:00:00.000Z
sensor.meross_temperature_studio_s,21.769959795083334,2026-04-19T09:00:00.000Z
sensor.meross_temperature_studio_s,22.033771517555554,2026-04-19T10:00:00.000Z
sensor.meross_temperature_studio_s,22.391889174499997,2026-04-19T11:00:00.000Z
sensor.meross_temperature_studio_s,22.339082543611113,2026-04-19T12:00:00.000Z
sensor.meross_temperature_studio_s,22.477635945777777,2026-04-19T13:00:00.000Z
sensor.meross_temperature_studio_s,22.5882943825,2026-04-19T14:00:00.000Z
sensor.meross_temperature_studio_s,22.578245140583334,2026-04-19T15:00:00.000Z
sensor.meross_temperature_studio_s,22.523655456166665,2026-04-19T16:00:00.000Z
sensor.meross_temperature_studio_s,22.543223008000002,2026-04-19T17:00:00.000Z
sensor.meross_temperature_studio_s,22.53830056288889,2026-04-19T18:00:00.000Z
sensor.meross_temperature_studio_s,22.418447911777776,2026-04-19T19:00:00.000Z
sensor.meross_temperature_studio_s,22.287541502861114,2026-04-19T20:00:00.000Z
sensor.meross_temperature_studio_s,22.100397566583336,2026-04-19T21:00:00.000Z
sensor.meross_temperature_studio_s,22.00568470663889,2026-04-19T22:00:00.000Z
sensor.meross_temperature_studio_s,22,2026-04-19T23:00:00.000Z
sensor.meross_temperature_studio_s,21.946726461416663,2026-04-20T00:00:00.000Z
sensor.meross_temperature_studio_s,21.899999999999995,2026-04-20T01:00:00.000Z
sensor.meross_temperature_studio_s,21.81613630375,2026-04-20T02:00:00.000Z
sensor.meross_temperature_studio_s,21.753483275916665,2026-04-20T03:00:00.000Z
sensor.meross_temperature_studio_s,21.678767661583333,2026-04-20T04:00:00.000Z
sensor.meross_temperature_studio_s,21.626007013333336,2026-04-20T05:00:00.000Z
sensor.meross_temperature_studio_s,21.600000000000005,2026-04-20T06:00:00.000Z
sensor.meross_temperature_studio_s,21.600000000000005,2026-04-20T07:00:00.000Z
sensor.meross_temperature_studio_s,21.740787716194443,2026-04-20T08:00:00.000Z
sensor.meross_temperature_studio_s,21.902550399666666,2026-04-20T09:00:00.000Z
sensor.meross_temperature_studio_s,22.19090255147222,2026-04-20T10:00:00.000Z
sensor.meross_temperature_studio_s,22.502353604888892,2026-04-20T11:00:00.000Z
sensor.meross_temperature_studio_s,22.649314046361113,2026-04-20T12:00:00.000Z
sensor.meross_temperature_studio_s,22.721607507111113,2026-04-20T13:00:00.000Z
sensor.meross_temperature_studio_s,22.79092247688889,2026-04-20T14:00:00.000Z
sensor.meross_temperature_studio_s,22.64527114966667,2026-04-20T15:00:00.000Z
sensor.meross_temperature_studio_s,22.69756375675,2026-04-20T16:00:00.000Z
sensor.meross_temperature_studio_s,22.8,2026-04-20T17:00:00.000Z
sensor.meross_temperature_studio_s,22.8,2026-04-20T18:00:00.000Z
sensor.meross_temperature_studio_s,22.788177056194446,2026-04-20T19:00:00.000Z
sensor.meross_temperature_studio_s,22.542805188388886,2026-04-20T20:00:00.000Z
sensor.meross_temperature_studio_s,22.34199908225,2026-04-20T21:00:00.000Z
sensor.meross_temperature_studio_s,22.179666544,2026-04-20T22:00:00.000Z
sensor.meross_temperature_studio_s,22.06756456875,2026-04-20T23:00:00.000Z
sensor.meross_temperature_studio_s,22,2026-04-21T00:00:00.000Z
sensor.meross_temperature_studio_s,22,2026-04-21T01:00:00.000Z
sensor.meross_temperature_studio_s,21.925138886333333,2026-04-21T02:00:00.000Z
sensor.meross_temperature_studio_s,21.899999999999995,2026-04-21T03:00:00.000Z
sensor.meross_temperature_studio_s,21.81808328125,2026-04-21T04:00:00.000Z
sensor.meross_temperature_studio_s,21.73578507177778,2026-04-21T05:00:00.000Z
sensor.meross_temperature_studio_s,21.706559286777775,2026-04-21T06:00:00.000Z
sensor.meross_temperature_studio_s,21.871243586638887,2026-04-21T07:00:00.000Z
sensor.meross_temperature_studio_s,21.899999999999995,2026-04-21T08:00:00.000Z
sensor.meross_temperature_studio_s,22.090660495027777,2026-04-21T09:00:00.000Z
sensor.meross_temperature_studio_s,22.24620801152778,2026-04-21T10:00:00.000Z
sensor.meross_temperature_studio_s,22.02884537555556,2026-04-21T11:00:00.000Z
sensor.meross_temperature_studio_s,22.1347824365,2026-04-21T12:00:00.000Z
sensor.meross_temperature_studio_s,22.114143358583334,2026-04-21T13:00:00.000Z
sensor.meross_temperature_studio_s,22.20111663525,2026-04-21T14:00:00.000Z
sensor.meross_temperature_studio_s,22.36410980194444,2026-04-21T15:00:00.000Z
sensor.meross_temperature_studio_s,22.272825715277776,2026-04-21T16:00:00.000Z
sensor.meross_temperature_studio_s,22.37335360366667,2026-04-21T17:00:00.000Z
sensor.meross_temperature_studio_s,22.29287198725,2026-04-21T18:00:00.000Z
sensor.meross_temperature_studio_s,22.22838258238889,2026-04-21T19:00:00.000Z
sensor.meross_temperature_studio_s,22.003903640333334,2026-04-21T20:00:00.000Z
sensor.meross_temperature_studio_s,21.978898773111112,2026-04-21T21:00:00.000Z
sensor.meross_temperature_studio_s,21.810019685194447,2026-04-21T22:00:00.000Z
sensor.meross_temperature_studio_s,21.7,2026-04-21T23:00:00.000Z
sensor.meross_temperature_studio_s,21.634389632555557,2026-04-22T00:00:00.000Z
sensor.meross_temperature_studio_s,21.53766945683333,2026-04-22T01:00:00.000Z
sensor.meross_temperature_studio_s,21.5,2026-04-22T02:00:00.000Z
sensor.meross_temperature_studio_s,21.5,2026-04-22T03:00:00.000Z
sensor.meross_temperature_studio_s,21.40452458491667,2026-04-22T04:00:00.000Z
sensor.meross_temperature_studio_s,21.399999999999995,2026-04-22T05:00:00.000Z
sensor.meross_temperature_studio_s,21.308222637555556,2026-04-22T06:00:00.000Z
sensor.meross_temperature_studio_s,21.3,2026-04-22T07:00:00.000Z
sensor.meross_temperature_studio_s,21.3,2026-04-22T08:00:00.000Z
sensor.meross_temperature_studio_s,21.32608861561111,2026-04-22T09:00:00.000Z
sensor.meross_temperature_studio_s,21.399999999999995,2026-04-22T10:00:00.000Z
sensor.meross_temperature_studio_s,21.454288392833334,2026-04-22T11:00:00.000Z
sensor.meross_temperature_studio_s,21.5,2026-04-22T12:00:00.000Z
sensor.meross_temperature_studio_s,21.50152082813889,2026-04-22T13:00:00.000Z
sensor.meross_temperature_studio_s,21.600000000000005,2026-04-22T14:00:00.000Z
sensor.meross_temperature_studio_s,21.600000000000005,2026-04-22T15:00:00.000Z
sensor.meross_temperature_studio_s,21.627024117583336,2026-04-22T16:00:00.000Z
sensor.meross_temperature_studio_s,21.7,2026-04-22T17:00:00.000Z
sensor.meross_temperature_studio_s,21.75016711611111,2026-04-22T18:00:00.000Z
sensor.meross_temperature_studio_s,21.600000000000005,2026-04-22T19:00:00.000Z
sensor.meross_temperature_studio_s,21.507295896666665,2026-04-22T20:00:00.000Z
sensor.meross_temperature_studio_s,21.5,2026-04-22T21:00:00.000Z
sensor.meross_temperature_studio_s,21.5,2026-04-22T22:00:00.000Z
sensor.meross_temperature_studio_s,21.45111907461111,2026-04-22T23:00:00.000Z
sensor.meross_temperature_studio_s,21.397883176916665,2026-04-23T00:00:00.000Z
sensor.meross_temperature_studio_s,21.3,2026-04-23T01:00:00.000Z
sensor.meross_temperature_studio_s,21.3,2026-04-23T02:00:00.000Z
sensor.meross_temperature_studio_s,21.23978690336111,2026-04-23T03:00:00.000Z
sensor.meross_temperature_studio_s,21.148540919444446,2026-04-23T04:00:00.000Z
sensor.meross_temperature_studio_s,21.1,2026-04-23T05:00:00.000Z
sensor.meross_temperature_studio_s,21.1,2026-04-23T06:00:00.000Z
sensor.meross_temperature_studio_s,21.10544587116667,2026-04-23T07:00:00.000Z
sensor.meross_temperature_studio_s,21.200267834333335,2026-04-23T08:00:00.000Z
sensor.meross_temperature_studio_s,21.34822937825,2026-04-23T09:00:00.000Z
sensor.meross_temperature_studio_s,21.399999999999995,2026-04-23T10:00:00.000Z
sensor.meross_temperature_studio_s,21.399999999999995,2026-04-23T11:00:00.000Z
sensor.meross_temperature_studio_s,21.420271567416666,2026-04-23T12:00:00.000Z
sensor.meross_temperature_studio_s,21.5,2026-04-23T13:00:00.000Z
sensor.meross_temperature_studio_s,21.53002154811111,2026-04-23T14:00:00.000Z
sensor.meross_temperature_studio_s,21.75133889369444,2026-04-23T15:00:00.000Z
sensor.meross_temperature_studio_s,21.888702696277775,2026-04-23T16:00:00.000Z
sensor.meross_temperature_studio_s,21.93265698438889,2026-04-23T17:00:00.000Z
sensor.meross_temperature_studio_s,22,2026-04-23T18:00:00.000Z
sensor.meross_temperature_studio_s,21.98026647202778,2026-04-23T19:00:00.000Z
sensor.meross_temperature_studio_s,21.823779302000002,2026-04-23T20:00:00.000Z
sensor.meross_temperature_studio_s,21.726642707583334,2026-04-23T21:00:00.000Z
sensor.meross_temperature_studio_s,21.62236314819445,2026-04-23T22:00:00.000Z
sensor.meross_temperature_studio_s,21.5,2026-04-23T23:00:00.000Z
sensor.meross_temperature_studio_s,21.47896773636111,2026-04-24T00:00:00.000Z
sensor.meross_temperature_studio_s,21.371411952583333,2026-04-24T01:00:00.000Z
sensor.meross_temperature_studio_s,21.3,2026-04-24T02:00:00.000Z
sensor.meross_temperature_studio_s,21.22359751675,2026-04-24T03:00:00.000Z
sensor.meross_temperature_studio_s,21.145936357694445,2026-04-24T04:00:00.000Z
sensor.meross_temperature_studio_s,21.1,2026-04-24T05:00:00.000Z
sensor.meross_temperature_studio_s,21.1,2026-04-24T06:00:00.000Z
sensor.meross_temperature_studio_s,21.155214758416665,2026-04-24T07:00:00.000Z
sensor.meross_temperature_studio_s,21.343332243861113,2026-04-24T08:00:00.000Z
sensor.meross_temperature_studio_s,21.457334715555557,2026-04-24T09:00:00.000Z
sensor.meross_temperature_studio_s,21.59481673205556,2026-04-24T10:00:00.000Z
sensor.meross_temperature_studio_s,21.63446371361111,2026-04-24T11:00:00.000Z
sensor.meross_temperature_studio_s,21.7,2026-04-24T12:00:00.000Z
sensor.meross_temperature_studio_s,21.7,2026-04-24T13:00:00.000Z
sensor.meross_temperature_studio_s,21.79258814236111,2026-04-24T14:00:00.000Z
sensor.meross_temperature_studio_s,21.8,2026-04-24T15:00:00.000Z
sensor.meross_temperature_studio_s,21.877913951694442,2026-04-24T16:00:00.000Z
sensor.meross_temperature_studio_s,21.899999999999995,2026-04-24T17:00:00.000Z
sensor.meross_temperature_studio_s,21.998860824333335,2026-04-24T18:00:00.000Z
sensor.meross_temperature_studio_s,21.931093427916664,2026-04-24T19:00:00.000Z
sensor.meross_temperature_studio_s,21.864170153694445,2026-04-24T20:00:00.000Z
sensor.meross_temperature_studio_s,21.71859735077778,2026-04-24T21:00:00.000Z
sensor.meross_temperature_studio_s,21.535404754,2026-04-24T22:00:00.000Z
sensor.meross_temperature_studio_s,21.5,2026-04-24T23:00:00.000Z
sensor.meross_temperature_studio_s,21.481726462527778,2026-04-25T00:00:00.000Z
sensor.meross_temperature_studio_s,21.399999999999995,2026-04-25T01:00:00.000Z
sensor.meross_temperature_studio_s,21.323072868083333,2026-04-25T02:00:00.000Z
sensor.meross_temperature_studio_s,21.23724530838889,2026-04-25T03:00:00.000Z
sensor.meross_temperature_studio_s,21.2,2026-04-25T04:00:00.000Z
sensor.meross_temperature_studio_s,21.2,2026-04-25T05:00:00.000Z
sensor.meross_temperature_studio_s,21.257470033083333,2026-04-25T07:00:00.000Z
sensor.meross_temperature_studio_s,21.394979848194442,2026-04-25T08:00:00.000Z
sensor.meross_temperature_studio_s,21.531869958944444,2026-04-25T09:00:00.000Z
sensor.meross_temperature_studio_s,21.655910149583335,2026-04-25T10:00:00.000Z
sensor.meross_temperature_studio_s,21.82701490325,2026-04-25T11:00:00.000Z
sensor.meross_temperature_studio_s,21.899999999999995,2026-04-25T12:00:00.000Z
sensor.meross_temperature_studio_s,21.939402088944444,2026-04-25T13:00:00.000Z
sensor.meross_temperature_studio_s,22.017144653555558,2026-04-25T14:00:00.000Z
sensor.meross_temperature_studio_s,22.116282973833336,2026-04-25T15:00:00.000Z
sensor.meross_temperature_studio_s,22.100000000000005,2026-04-25T16:00:00.000Z
sensor.meross_temperature_studio_s,22.100000000000005,2026-04-25T17:00:00.000Z
sensor.meross_temperature_studio_s,22.20566934644444,2026-04-25T20:00:00.000Z
sensor.meross_temperature_studio_s,22.124449045916666,2026-04-25T21:00:00.000Z
sensor.meross_temperature_studio_s,22.062552950333338,2026-04-25T22:00:00.000Z
sensor.meross_temperature_studio_s,22,2026-04-25T23:00:00.000Z
sensor.meross_temperature_studio_s,21.927628641055552,2026-04-26T00:00:00.000Z
sensor.meross_temperature_studio_s,21.780826358805555,2026-04-26T01:00:00.000Z
sensor.meross_temperature_studio_s,21.7,2026-04-26T02:00:00.000Z
sensor.meross_temperature_studio_s,21.61571531025,2026-04-26T03:00:00.000Z
sensor.meross_temperature_studio_s,21.5434448015,2026-04-26T04:00:00.000Z
sensor.meross_temperature_studio_s,21.5,2026-04-26T05:00:00.000Z
sensor.meross_temperature_studio_s,21.5,2026-04-26T06:00:00.000Z
sensor.meross_temperature_studio_s,21.57414921052778,2026-04-26T07:00:00.000Z
sensor.meross_temperature_studio_s,21.817770984583333,2026-04-26T08:00:00.000Z
sensor.meross_temperature_studio_s,22.002208423777777,2026-04-26T09:00:00.000Z
sensor.meross_temperature_studio_s,22.26091709783333,2026-04-26T10:00:00.000Z
sensor.meross_temperature_studio_s,22.272796189833333,2026-04-26T11:00:00.000Z
sensor.meross_temperature_studio_s,22.439819229250002,2026-04-26T12:00:00.000Z
sensor.meross_temperature_studio_s,22.47307686938889,2026-04-26T13:00:00.000Z
sensor.meross_temperature_studio_s,22.559462830250002,2026-04-26T14:00:00.000Z
sensor.meross_temperature_studio_s,22.653487485722223,2026-04-26T15:00:00.000Z
sensor.meross_temperature_studio_s,22.7,2026-04-26T16:00:00.000Z
sensor.meross_temperature_studio_s,22.7,2026-04-26T17:00:00.000Z
sensor.meross_temperature_studio_s,22.72989730136111,2026-04-26T18:00:00.000Z
sensor.meross_temperature_studio_s,22.636067813249998,2026-04-26T19:00:00.000Z
sensor.meross_temperature_studio_s,22.528428356361115,2026-04-26T20:00:00.000Z
sensor.meross_temperature_studio_s,22.408868684166663,2026-04-26T21:00:00.000Z
sensor.meross_temperature_studio_s,22.327520588222225,2026-04-26T22:00:00.000Z
sensor.meross_temperature_studio_s,22.2,2026-04-26T23:00:00.000Z
sensor.meross_temperature_studio_s,22.17027937816667,2026-04-27T00:00:00.000Z
sensor.meross_temperature_studio_s,22.05719528611111,2026-04-27T01:00:00.000Z
sensor.meross_temperature_studio_s,22,2026-04-27T02:00:00.000Z
sensor.meross_temperature_studio_s,21.966505656805555,2026-04-27T03:00:00.000Z
sensor.meross_temperature_studio_s,21.875204693972222,2026-04-27T04:00:00.000Z
sensor.meross_temperature_studio_s,21.8,2026-04-27T05:00:00.000Z
sensor.meross_temperature_studio_s,21.803646151305557,2026-04-27T06:00:00.000Z
sensor.meross_temperature_studio_s,21.9818375115,2026-04-27T07:00:00.000Z
sensor.meross_temperature_studio_s,22.23243522327778,2026-04-27T08:00:00.000Z
sensor.meross_temperature_studio_s,22.394237964,2026-04-27T09:00:00.000Z
sensor.meross_temperature_studio_s,22.514704715694446,2026-04-27T10:00:00.000Z
sensor.meross_temperature_studio_s,22.618797712972224,2026-04-27T11:00:00.000Z
sensor.meross_temperature_studio_s,22.7,2026-04-27T12:00:00.000Z
sensor.meross_temperature_studio_s,22.766641818055557,2026-04-27T13:00:00.000Z
sensor.meross_temperature_studio_s,22.8,2026-04-27T14:00:00.000Z
sensor.meross_temperature_studio_s,22.8,2026-04-27T15:00:00.000Z
sensor.meross_temperature_studio_s,22.841322930027776,2026-04-27T16:00:00.000Z
sensor.meross_temperature_studio_s,22.97830271547222,2026-04-27T17:00:00.000Z
sensor.meross_temperature_studio_s,23.059794540277778,2026-04-27T18:00:00.000Z
sensor.meross_temperature_studio_s,22.95334493002778,2026-04-27T19:00:00.000Z
sensor.meross_temperature_studio_s,22.899999999999995,2026-04-27T20:00:00.000Z
sensor.meross_temperature_studio_s,22.81858767097222,2026-04-27T21:00:00.000Z
sensor.meross_temperature_studio_s,22.692575387138888,2026-04-27T22:00:00.000Z
sensor.meross_temperature_studio_s,22.563098272666668,2026-04-27T23:00:00.000Z
sensor.meross_temperature_studio_s,22.427755098305553,2026-04-28T00:00:00.000Z
sensor.meross_temperature_studio_s,22.35818024,2026-04-28T01:00:00.000Z
sensor.meross_temperature_studio_s,22.3,2026-04-28T02:00:00.000Z
sensor.meross_temperature_studio_s,22.20763935663889,2026-04-28T03:00:00.000Z
sensor.meross_temperature_studio_s,22.121727080444444,2026-04-28T04:00:00.000Z
sensor.meross_temperature_studio_s,22.100000000000005,2026-04-28T05:00:00.000Z
sensor.meross_temperature_studio_s,22.100000000000005,2026-04-28T06:00:00.000Z
sensor.meross_temperature_studio_s,22.163038640666667,2026-04-28T07:00:00.000Z
sensor.meross_temperature_studio_s,22.2375230955,2026-04-28T08:00:00.000Z
sensor.meross_temperature_studio_s,22.480747672416665,2026-04-28T09:00:00.000Z
sensor.meross_temperature_studio_s,22.793123423444445,2026-04-28T10:00:00.000Z
sensor.meross_temperature_studio_s,22.743162360694445,2026-04-28T11:00:00.000Z
sensor.meross_temperature_studio_s,22.972767865250002,2026-04-28T12:00:00.000Z
sensor.meross_temperature_studio_s,23.100000000000005,2026-04-28T13:00:00.000Z
sensor.meross_temperature_studio_s,23.100000000000005,2026-04-28T14:00:00.000Z
sensor.meross_temperature_studio_s,23.022038646805555,2026-04-28T15:00:00.000Z
sensor.meross_temperature_studio_s,23.026301398388892,2026-04-28T16:00:00.000Z
sensor.meross_temperature_studio_s,23.134766859583333,2026-04-28T17:00:00.000Z
sensor.meross_temperature_studio_s,23.084226291916668,2026-04-28T18:00:00.000Z
sensor.meross_temperature_studio_s,23.058780055,2026-04-28T19:00:00.000Z
sensor.meross_temperature_studio_s,23.0025865475,2026-04-28T20:00:00.000Z
sensor.meross_temperature_studio_s,22.978262589527777,2026-04-28T21:00:00.000Z
sensor.meross_temperature_studio_s,22.82224102725,2026-04-28T22:00:00.000Z
sensor.meross_temperature_studio_s,22.682017056083335,2026-04-28T23:00:00.000Z
sensor.meross_temperature_studio_s,22.558122853694446,2026-04-29T00:00:00.000Z
sensor.meross_temperature_studio_s,22.5,2026-04-29T01:00:00.000Z
sensor.meross_temperature_studio_s,22.481327582000002,2026-04-29T02:00:00.000Z
sensor.meross_temperature_studio_s,22.399999999999995,2026-04-29T03:00:00.000Z
sensor.meross_temperature_studio_s,22.385054930666666,2026-04-29T04:00:00.000Z
sensor.meross_temperature_studio_s,22.3,2026-04-29T05:00:00.000Z
sensor.meross_temperature_studio_s,22.30682826452778,2026-04-29T06:00:00.000Z
sensor.meross_temperature_studio_s,22.461945018944444,2026-04-29T07:00:00.000Z
sensor.meross_temperature_studio_s,22.683430903277777,2026-04-29T08:00:00.000Z
sensor.meross_temperature_studio_s,22.83054151697222,2026-04-29T09:00:00.000Z
sensor.meross_temperature_studio_s,22.9010417385,2026-04-29T10:00:00.000Z
sensor.meross_temperature_studio_s,23,2026-04-29T11:00:00.000Z
sensor.meross_temperature_studio_s,23.087129405583337,2026-04-29T12:00:00.000Z
sensor.meross_temperature_studio_s,23.12740233636111,2026-04-29T13:00:00.000Z
sensor.meross_temperature_studio_s,23.10685062541667,2026-04-29T14:00:00.000Z
sensor.meross_temperature_studio_s,23.45961237208333,2026-04-29T15:00:00.000Z
sensor.meross_temperature_studio_s,23.329278053,2026-04-29T16:00:00.000Z
sensor.meross_temperature_studio_s,23.112168257916668,2026-04-29T17:00:00.000Z
sensor.meross_temperature_studio_s,23.129869988527776,2026-04-29T18:00:00.000Z
sensor.meross_temperature_studio_s,23.01862095811111,2026-04-29T19:00:00.000Z
sensor.meross_temperature_studio_s,22.937652112666665,2026-04-29T20:00:00.000Z
sensor.meross_temperature_studio_s,22.842712017249998,2026-04-29T21:00:00.000Z
sensor.meross_temperature_studio_s,22.7622471625,2026-04-29T22:00:00.000Z
sensor.meross_temperature_studio_s,22.69267564661111,2026-04-29T23:00:00.000Z
sensor.meross_temperature_studio_s,22.590483412444446,2026-04-30T00:00:00.000Z
sensor.meross_temperature_studio_s,22.479293798249998,2026-04-30T01:00:00.000Z
sensor.meross_temperature_studio_s,22.358060656027778,2026-04-30T02:00:00.000Z
sensor.meross_temperature_studio_s,22.27220496,2026-04-30T03:00:00.000Z
sensor.meross_temperature_studio_s,22.2,2026-04-30T04:00:00.000Z
sensor.meross_temperature_studio_s,22.147493797305557,2026-04-30T05:00:00.000Z
sensor.meross_temperature_studio_s,22.361518184,2026-04-30T06:00:00.000Z
sensor.meross_temperature_studio_s,22.278301406555556,2026-04-30T07:00:00.000Z
sensor.meross_temperature_studio_s,22.534048085611108,2026-04-30T08:00:00.000Z
sensor.meross_temperature_studio_s,22.754295461166667,2026-04-30T09:00:00.000Z
sensor.meross_temperature_studio_s,22.883412651972222,2026-04-30T10:00:00.000Z
sensor.meross_temperature_studio_s,22.899999999999995,2026-04-30T11:00:00.000Z
sensor.meross_temperature_studio_s,22.97493519836111,2026-04-30T12:00:00.000Z
sensor.meross_temperature_studio_s,22.90130833141667,2026-04-30T13:00:00.000Z
sensor.meross_temperature_studio_s,22.96481938161111,2026-04-30T14:00:00.000Z
sensor.meross_temperature_studio_s,22.946775624972222,2026-04-30T15:00:00.000Z
sensor.meross_temperature_studio_s,22.868206882444444,2026-04-30T16:00:00.000Z
sensor.meross_temperature_studio_s,22.899999999999995,2026-04-30T17:00:00.000Z
sensor.meross_temperature_studio_s,22.971472846388888,2026-04-30T18:00:00.000Z
sensor.meross_temperature_studio_s,22.850354821222222,2026-04-30T19:00:00.000Z
sensor.meross_temperature_studio_s,22.647308395944446,2026-04-30T20:00:00.000Z
sensor.meross_temperature_studio_s,22.57261708861111,2026-04-30T21:00:00.000Z
sensor.meross_temperature_studio_s,22.46150364886111,2026-04-30T22:00:00.000Z
sensor.meross_temperature_studio_s,22.345777643666665,2026-04-30T23:00:00.000Z
sensor.meross_temperature_studio_s,22.238137744194443,2026-05-01T00:00:00.000Z
sensor.meross_temperature_studio_s,22.12508124652778,2026-05-01T01:00:00.000Z
sensor.meross_temperature_studio_s,22.03120893175,2026-05-01T02:00:00.000Z
sensor.meross_temperature_studio_s,22,2026-05-01T03:00:00.000Z
sensor.meross_temperature_studio_s,21.966318136222224,2026-05-01T04:00:00.000Z
sensor.meross_temperature_studio_s,21.899999999999995,2026-05-01T05:00:00.000Z
sensor.meross_temperature_studio_s,21.899999999999995,2026-05-01T06:00:00.000Z
sensor.meross_temperature_studio_s,22.10541052988889,2026-05-01T08:00:00.000Z
sensor.meross_temperature_studio_s,22.27227065688889,2026-05-01T09:00:00.000Z
sensor.meross_temperature_studio_s,22.19725145902778,2026-05-01T10:00:00.000Z
sensor.meross_temperature_studio_s,22.005393031805557,2026-05-01T11:00:00.000Z
sensor.meross_temperature_studio_s,22,2026-05-01T12:00:00.000Z
sensor.meross_temperature_studio_s,22.092398779444448,2026-05-01T13:00:00.000Z
sensor.meross_temperature_studio_s,22.293436121416665,2026-05-01T14:00:00.000Z
sensor.meross_temperature_studio_s,22.3,2026-05-01T15:00:00.000Z
sensor.meross_temperature_studio_s,22.335333030194445,2026-05-01T16:00:00.000Z
sensor.meross_temperature_studio_s,22.399999999999995,2026-05-01T17:00:00.000Z
sensor.meross_temperature_studio_s,22.403460906555555,2026-05-01T18:00:00.000Z
sensor.meross_temperature_studio_s,22.49746543922222,2026-05-01T19:00:00.000Z
sensor.meross_temperature_studio_s,22.338221132972222,2026-05-01T20:00:00.000Z
sensor.meross_temperature_studio_s,22.22919143244444,2026-05-01T21:00:00.000Z
sensor.meross_temperature_studio_s,22.162340523805554,2026-05-01T22:00:00.000Z
sensor.meross_temperature_studio_s,22.062870240416668,2026-05-01T23:00:00.000Z
sensor.meross_temperature_studio_s,22,2026-05-02T00:00:00.000Z
sensor.meross_temperature_studio_s,22,2026-05-02T01:00:00.000Z
sensor.meross_temperature_studio_s,21.927318443083333,2026-05-02T02:00:00.000Z
sensor.meross_temperature_studio_s,21.83674226513889,2026-05-02T03:00:00.000Z
sensor.meross_temperature_studio_s,21.774657865611108,2026-05-02T04:00:00.000Z
sensor.meross_temperature_studio_s,21.7,2026-05-02T05:00:00.000Z
sensor.meross_temperature_studio_s,21.7,2026-05-02T06:00:00.000Z
sensor.meross_temperature_studio_s,21.777434045166668,2026-05-02T07:00:00.000Z
sensor.meross_temperature_studio_s,22.136306569888887,2026-05-02T08:00:00.000Z
sensor.meross_temperature_studio_s,22.16175103722222,2026-05-02T09:00:00.000Z
sensor.meross_temperature_studio_s,22.15874658955556,2026-05-02T10:00:00.000Z
sensor.meross_temperature_studio_s,22.62437963327778,2026-05-02T11:00:00.000Z
sensor.meross_temperature_studio_s,22.600000000000005,2026-05-02T12:00:00.000Z
sensor.meross_temperature_studio_s,22.600000000000005,2026-05-02T13:00:00.000Z
sensor.meross_temperature_studio_s,22.610574223472224,2026-05-02T14:00:00.000Z
sensor.meross_temperature_studio_s,22.64661980802778,2026-05-02T15:00:00.000Z
sensor.meross_temperature_studio_s,22.7,2026-05-02T16:00:00.000Z
sensor.meross_temperature_studio_s,22.655014674944443,2026-05-02T17:00:00.000Z
sensor.meross_temperature_studio_s,22.77989421938889,2026-05-02T18:00:00.000Z
sensor.meross_temperature_studio_s,22.7539783185,2026-05-02T19:00:00.000Z
sensor.meross_temperature_studio_s,22.610294962805554,2026-05-02T20:00:00.000Z
sensor.meross_temperature_studio_s,22.43794944991667,2026-05-02T21:00:00.000Z
sensor.meross_temperature_studio_s,22.332142650138888,2026-05-02T22:00:00.000Z
sensor.meross_temperature_studio_s,22.28429777213889,2026-05-02T23:00:00.000Z
sensor.meross_temperature_studio_s,22.171240067527776,2026-05-03T00:00:00.000Z
sensor.meross_temperature_studio_s,22.045039912277776,2026-05-03T01:00:00.000Z
sensor.meross_temperature_studio_s,22,2026-05-03T02:00:00.000Z
sensor.meross_temperature_studio_s,22,2026-05-03T03:00:00.000Z
sensor.meross_temperature_studio_s,21.905142793194443,2026-05-03T04:00:00.000Z
sensor.meross_temperature_studio_s,21.877470951055557,2026-05-03T05:00:00.000Z
sensor.meross_temperature_studio_s,21.842783440305556,2026-05-03T06:00:00.000Z
sensor.meross_temperature_studio_s,21.915357213944443,2026-05-03T07:00:00.000Z
sensor.meross_temperature_studio_s,22.157599752555555,2026-05-03T08:00:00.000Z
sensor.meross_temperature_studio_s,22.424370808611112,2026-05-03T09:00:00.000Z
sensor.meross_temperature_studio_s,22.5,2026-05-03T10:00:00.000Z
sensor.meross_temperature_studio_s,22.68284109972222,2026-05-03T11:00:00.000Z
sensor.meross_temperature_studio_s,22.70218240136111,2026-05-03T12:00:00.000Z
sensor.meross_temperature_studio_s,22.7,2026-05-03T13:00:00.000Z
sensor.meross_temperature_studio_s,22.765584090805557,2026-05-03T14:00:00.000Z
sensor.meross_temperature_studio_s,22.899999999999995,2026-05-03T15:00:00.000Z
sensor.meross_temperature_studio_s,22.899999999999995,2026-05-03T16:00:00.000Z
sensor.meross_temperature_studio_s,22.842568007805554,2026-05-03T19:00:00.000Z
sensor.meross_temperature_studio_s,22.788499863027777,2026-05-03T20:00:00.000Z
sensor.meross_temperature_studio_s,22.640097604416667,2026-05-03T21:00:00.000Z
sensor.meross_temperature_studio_s,22.510701670611112,2026-05-03T22:00:00.000Z
sensor.meross_temperature_studio_s,22.409396756222222,2026-05-03T23:00:00.000Z
sensor.meross_temperature_studio_s,22.331627063333332,2026-05-04T00:00:00.000Z
sensor.meross_temperature_studio_s,22.3,2026-05-04T01:00:00.000Z
sensor.meross_temperature_studio_s,22.20007362347222,2026-05-04T02:00:00.000Z
sensor.meross_temperature_studio_s,22.14672171136111,2026-05-04T03:00:00.000Z
sensor.meross_temperature_studio_s,22.06897959266667,2026-05-04T04:00:00.000Z
sensor.meross_temperature_studio_s,22,2026-05-04T05:00:00.000Z
sensor.meross_temperature_studio_s,22,2026-05-04T06:00:00.000Z
sensor.meross_temperature_studio_s,22.046103893250002,2026-05-04T07:00:00.000Z
sensor.meross_temperature_studio_s,22.100000000000005,2026-05-04T08:00:00.000Z
sensor.meross_temperature_studio_s,22.200924804750002,2026-05-04T09:00:00.000Z
sensor.meross_temperature_studio_s,22.318230083666666,2026-05-04T10:00:00.000Z
sensor.meross_temperature_studio_s,22.43048123122222,2026-05-04T11:00:00.000Z
sensor.meross_temperature_studio_s,22.399999999999995,2026-05-04T12:00:00.000Z
sensor.meross_temperature_studio_s,22.452986059500002,2026-05-04T13:00:00.000Z
sensor.meross_temperature_studio_s,22.5,2026-05-04T14:00:00.000Z
sensor.meross_temperature_studio_s,22.589159564694445,2026-05-04T15:00:00.000Z
sensor.meross_temperature_studio_s,22.611524895000002,2026-05-04T16:00:00.000Z
sensor.meross_temperature_studio_s,22.630487386222224,2026-05-04T17:00:00.000Z
sensor.meross_temperature_studio_s,22.600000000000005,2026-05-04T18:00:00.000Z
sensor.meross_temperature_studio_s,22.708698129444443,2026-05-04T19:00:00.000Z
sensor.meross_temperature_studio_s,22.58039731788889,2026-05-04T20:00:00.000Z
sensor.meross_temperature_studio_s,22.449417971527776,2026-05-04T21:00:00.000Z
sensor.meross_temperature_studio_s,22.32277217416667,2026-05-04T22:00:00.000Z
sensor.meross_temperature_studio_s,22.293933781277776,2026-05-04T23:00:00.000Z
sensor.meross_temperature_studio_s,22.2,2026-05-05T00:00:00.000Z
sensor.meross_temperature_studio_s,22.2,2026-05-05T01:00:00.000Z
sensor.meross_temperature_studio_s,22.1276125445,2026-05-05T02:00:00.000Z
sensor.meross_temperature_studio_s,22.100000000000005,2026-05-05T03:00:00.000Z
sensor.meross_temperature_studio_s,22.083215326444446,2026-05-05T04:00:00.000Z
sensor.meross_temperature_studio_s,22,2026-05-05T05:00:00.000Z
sensor.meross_temperature_studio_s,22,2026-05-05T06:00:00.000Z
sensor.meross_temperature_studio_s,22.04061443936111,2026-05-05T09:00:00.000Z
sensor.meross_temperature_studio_s,22.12613483613889,2026-05-05T10:00:00.000Z
sensor.meross_temperature_studio_s,22.214797391972223,2026-05-05T11:00:00.000Z
sensor.meross_temperature_studio_s,22.180549896111113,2026-05-05T12:00:00.000Z
sensor.meross_temperature_studio_s,22.3,2026-05-05T13:00:00.000Z
sensor.meross_temperature_studio_s,22.3,2026-05-05T14:00:00.000Z
sensor.meross_temperature_studio_s,22.185937359222223,2026-05-05T15:00:00.000Z
sensor.meross_temperature_studio_s,22.260817189222223,2026-05-05T16:00:00.000Z
sensor.meross_temperature_studio_s,22.205418795555556,2026-05-05T17:00:00.000Z
sensor.meross_temperature_studio_s,22.24787493252778,2026-05-05T18:00:00.000Z
sensor.meross_temperature_studio_s,22.049627938416666,2026-05-05T19:00:00.000Z
sensor.meross_temperature_studio_s,22.13389931327778,2026-05-05T20:00:00.000Z
sensor.meross_temperature_studio_s,22.01745579555556,2026-05-05T21:00:00.000Z
sensor.meross_temperature_studio_s,22,2026-05-05T22:00:00.000Z
sensor.meross_temperature_studio_s,22,2026-05-05T23:00:00.000Z
sensor.meross_temperature_studio_s,21.972143822972225,2026-05-06T00:00:00.000Z
sensor.meross_temperature_studio_s,21.899999999999995,2026-05-06T01:00:00.000Z
sensor.meross_temperature_studio_s,21.84058280533333,2026-05-06T02:00:00.000Z
sensor.meross_temperature_studio_s,21.8,2026-05-06T03:00:00.000Z
sensor.meross_temperature_studio_s,21.71444074125,2026-05-06T04:00:00.000Z
sensor.meross_temperature_studio_s,21.676600166916668,2026-05-06T05:00:00.000Z
sensor.meross_temperature_studio_s,21.600000000000005,2026-05-06T06:00:00.000Z
sensor.meross_temperature_studio_s,21.64948725141667,2026-05-06T07:00:00.000Z
sensor.meross_temperature_studio_s,21.776132355194445,2026-05-06T08:00:00.000Z
sensor.meross_temperature_studio_s,21.827174570444445,2026-05-06T09:00:00.000Z
sensor.meross_temperature_studio_s,21.892877470972223,2026-05-06T10:00:00.000Z
sensor.meross_temperature_studio_s,22.036308797083336,2026-05-06T11:00:00.000Z
sensor.meross_temperature_studio_s,22.026672830722223,2026-05-06T12:00:00.000Z
sensor.meross_temperature_studio_s,22.100000000000005,2026-05-06T13:00:00.000Z
sensor.meross_temperature_studio_s,22.108683126666666,2026-05-06T14:00:00.000Z
sensor.meross_temperature_studio_s,22,2026-05-06T15:00:00.000Z
sensor.meross_temperature_studio_s,21.99301527205556,2026-05-06T16:00:00.000Z
sensor.meross_temperature_studio_s,22.001843802861114,2026-05-06T17:00:00.000Z
sensor.meross_temperature_studio_s,21.98237620875,2026-05-06T18:00:00.000Z
sensor.meross_temperature_studio_s,21.863872256027776,2026-05-06T19:00:00.000Z
sensor.meross_temperature_studio_s,21.748091564638887,2026-05-06T20:00:00.000Z
sensor.meross_temperature_studio_s,21.7,2026-05-06T21:00:00.000Z
sensor.meross_temperature_studio_s,21.621726516305557,2026-05-06T22:00:00.000Z
sensor.meross_temperature_studio_s,21.59291552291667,2026-05-06T23:00:00.000Z
sensor.meross_temperature_studio_s,21.5,2026-05-07T00:00:00.000Z
sensor.meross_temperature_studio_s,21.5,2026-05-07T01:00:00.000Z
sensor.meross_temperature_studio_s,21.45994009641667,2026-05-07T03:00:00.000Z
sensor.meross_temperature_studio_s,21.399999999999995,2026-05-07T04:00:00.000Z
sensor.meross_temperature_studio_s,21.351096014388887,2026-05-07T05:00:00.000Z
sensor.meross_temperature_studio_s,21.399999999999995,2026-05-07T06:00:00.000Z
sensor.meross_temperature_studio_s,21.353766204944446,2026-05-07T07:00:00.000Z
sensor.meross_temperature_studio_s,21.3525075655,2026-05-07T08:00:00.000Z
sensor.meross_temperature_studio_s,21.542268117361107,2026-05-07T09:00:00.000Z
sensor.meross_temperature_studio_s,21.782681774500002,2026-05-07T10:00:00.000Z
sensor.meross_temperature_studio_s,21.83517711296667,2026-05-07T11:00:00.000Z
sensor.meross_temperature_studio_s,21.97,2026-05-07T17:00:00.000Z
sensor.meross_temperature_studio_s,22.040888405058435,2026-05-07T18:00:00.000Z
sensor.meross_temperature_studio_s,22.150064473055554,2026-05-07T19:00:00.000Z
sensor.meross_temperature_studio_s,21.948035681027775,2026-05-07T20:00:00.000Z
sensor.meross_temperature_studio_s,21.8,2026-05-07T21:00:00.000Z
sensor.meross_temperature_studio_s,21.721226294361113,2026-05-07T22:00:00.000Z
sensor.meross_temperature_studio_s,21.613613122416666,2026-05-07T23:00:00.000Z
sensor.meross_temperature_studio_s,21.51878235936111,2026-05-08T00:00:00.000Z
sensor.meross_temperature_studio_s,21.5,2026-05-08T01:00:00.000Z
sensor.meross_temperature_studio_s,21.443102659638885,2026-05-08T02:00:00.000Z
sensor.meross_temperature_studio_s,21.399999999999995,2026-05-08T03:00:00.000Z
sensor.meross_temperature_studio_s,21.304062692972224,2026-05-08T04:00:00.000Z
sensor.meross_temperature_studio_s,21.3,2026-05-08T05:00:00.000Z
sensor.meross_temperature_studio_s,21.38526537738889,2026-05-08T06:00:00.000Z
sensor.meross_temperature_studio_s,21.399999999999995,2026-05-08T07:00:00.000Z
sensor.meross_temperature_studio_s,21.399999999999995,2026-05-08T08:00:00.000Z
sensor.meross_temperature_studio_s,21.52621845236111,2026-05-08T09:00:00.000Z
sensor.meross_temperature_studio_s,21.620813213027777,2026-05-08T10:00:00.000Z
sensor.meross_temperature_studio_s,21.868570309277775,2026-05-08T11:00:00.000Z
sensor.meross_temperature_studio_s,21.994816945527777,2026-05-08T12:00:00.000Z
sensor.meross_temperature_studio_s,22.061667662972223,2026-05-08T13:00:00.000Z
sensor.meross_temperature_studio_s,22.131213420611115,2026-05-08T14:00:00.000Z
sensor.meross_temperature_studio_s,22.248847682916665,2026-05-08T15:00:00.000Z
sensor.meross_temperature_studio_s,22.199575554777777,2026-05-08T16:00:00.000Z
sensor.meross_temperature_studio_s,22.100000000000005,2026-05-08T17:00:00.000Z
sensor.meross_temperature_studio_s,22.03441866986111,2026-05-08T18:00:00.000Z
sensor.meross_temperature_studio_s,22,2026-05-08T19:00:00.000Z
sensor.meross_temperature_studio_s,22,2026-05-08T20:00:00.000Z
sensor.meross_temperature_studio_s,21.94606439363889,2026-05-08T21:00:00.000Z
sensor.meross_temperature_studio_s,21.824864168638886,2026-05-08T22:00:00.000Z
sensor.meross_temperature_studio_s,21.733562056444445,2026-05-08T23:00:00.000Z
sensor.meross_temperature_studio_s,21.653123940194444,2026-05-09T00:00:00.000Z
sensor.meross_temperature_studio_s,21.600000000000005,2026-05-09T01:00:00.000Z
sensor.meross_temperature_studio_s,21.543456913333333,2026-05-09T02:00:00.000Z
sensor.meross_temperature_studio_s,21.5,2026-05-09T03:00:00.000Z
sensor.meross_temperature_studio_s,21.441680739638887,2026-05-09T04:00:00.000Z
sensor.meross_temperature_studio_s,21.399999999999995,2026-05-09T05:00:00.000Z
sensor.meross_temperature_studio_s,21.399999999999995,2026-05-09T06:00:00.000Z
sensor.meross_temperature_studio_s,21.44684074527778,2026-05-09T07:00:00.000Z
sensor.meross_temperature_studio_s,21.620344706444445,2026-05-09T08:00:00.000Z
sensor.meross_temperature_studio_s,21.86819241108333,2026-05-09T09:00:00.000Z
sensor.meross_temperature_studio_s,21.971180676694445,2026-05-09T10:00:00.000Z
sensor.meross_temperature_studio_s,22.174808885722225,2026-05-09T11:00:00.000Z
sensor.meross_temperature_studio_s,22.231155674333333,2026-05-09T12:00:00.000Z
sensor.meross_temperature_studio_s,22.3,2026-05-09T13:00:00.000Z
sensor.meross_temperature_studio_s,22.390448180194443,2026-05-09T14:00:00.000Z
sensor.meross_temperature_studio_s,22.399999999999995,2026-05-09T15:00:00.000Z
sensor.meross_temperature_studio_s,22.399999999999995,2026-05-09T16:00:00.000Z
sensor.meross_temperature_studio_s,22.31972586508333,2026-05-09T18:00:00.000Z
sensor.meross_temperature_studio_s,22.29088580277778,2026-05-09T19:00:00.000Z
sensor.meross_temperature_studio_s,22.18869301813889,2026-05-09T20:00:00.000Z
sensor.meross_temperature_studio_s,22.09191655444445,2026-05-09T21:00:00.000Z
sensor.meross_temperature_studio_s,22,2026-05-09T22:00:00.000Z
sensor.meross_temperature_studio_s,22,2026-05-09T23:00:00.000Z
sensor.meross_temperature_studio_s,21.99261815375,2026-05-10T00:00:00.000Z
sensor.meross_temperature_studio_s,21.899999999999995,2026-05-10T01:00:00.000Z
sensor.meross_temperature_studio_s,21.858356258749996,2026-05-10T02:00:00.000Z
sensor.meross_temperature_studio_s,21.8,2026-05-10T03:00:00.000Z
sensor.meross_temperature_studio_s,21.8,2026-05-10T04:00:00.000Z
sensor.meross_temperature_studio_s,21.72831914586111,2026-05-10T05:00:00.000Z
sensor.meross_temperature_studio_s,21.7,2026-05-10T06:00:00.000Z
sensor.meross_temperature_studio_s,21.7,2026-05-10T07:00:00.000Z
sensor.meross_temperature_studio_s,21.7319402105,2026-05-10T08:00:00.000Z
sensor.meross_temperature_studio_s,21.888454847277774,2026-05-10T09:00:00.000Z
sensor.meross_temperature_studio_s,21.874591181138886,2026-05-10T10:00:00.000Z
sensor.meross_temperature_studio_s,21.79347307686111,2026-05-10T11:00:00.000Z
sensor.meross_temperature_studio_s,21.7,2026-05-10T12:00:00.000Z
sensor.meross_temperature_studio_s,21.642974334444446,2026-05-10T13:00:00.000Z
sensor.meross_temperature_studio_s,21.66463747641667,2026-05-10T14:00:00.000Z
sensor.meross_temperature_studio_s,21.7,2026-05-10T15:00:00.000Z
sensor.meross_temperature_studio_s,21.836909356222222,2026-05-10T16:00:00.000Z
sensor.meross_temperature_studio_s,21.76695829686111,2026-05-10T17:00:00.000Z
sensor.meross_temperature_studio_s,21.7,2026-05-10T18:00:00.000Z
sensor.meross_temperature_studio_s,21.7,2026-05-10T19:00:00.000Z
sensor.meross_temperature_studio_s,21.644207911611108,2026-05-10T23:00:00.000Z
sensor.meross_temperature_studio_s,21.596390924222224,2026-05-11T00:00:00.000Z
sensor.meross_temperature_studio_s,21.5,2026-05-11T01:00:00.000Z
sensor.meross_temperature_studio_s,21.5,2026-05-11T02:00:00.000Z
sensor.meross_temperature_studio_s,21.433072585305553,2026-05-11T05:00:00.000Z
sensor.meross_temperature_studio_s,21.43650091133333,2026-05-11T06:00:00.000Z
sensor.meross_temperature_studio_s,21.5,2026-05-11T07:00:00.000Z
sensor.meross_temperature_studio_s,21.5,2026-05-11T08:00:00.000Z
sensor.meross_temperature_studio_s,21.619697701055557,2026-05-11T09:00:00.000Z
sensor.meross_temperature_studio_s,21.816865058416667,2026-05-11T10:00:00.000Z
sensor.meross_temperature_studio_s,21.899999999999995,2026-05-11T11:00:00.000Z
sensor.meross_temperature_studio_s,21.979814653138888,2026-05-11T12:00:00.000Z
sensor.meross_temperature_studio_s,22.000241086166668,2026-05-11T13:00:00.000Z
sensor.meross_temperature_studio_s,21.995409758111112,2026-05-11T14:00:00.000Z
sensor.meross_temperature_studio_s,21.899999999999995,2026-05-11T15:00:00.000Z
sensor.meross_temperature_studio_s,21.95352017833333,2026-05-11T16:00:00.000Z
sensor.meross_temperature_studio_s,22,2026-05-11T17:00:00.000Z
sensor.meross_temperature_studio_s,21.92886964063889,2026-05-11T18:00:00.000Z
sensor.meross_temperature_studio_s,21.862972357111108,2026-05-11T19:00:00.000Z
sensor.meross_temperature_studio_s,21.741813054638886,2026-05-11T20:00:00.000Z
sensor.meross_temperature_studio_s,21.659567420111113,2026-05-11T21:00:00.000Z
sensor.meross_temperature_studio_s,21.56012212552778,2026-05-11T22:00:00.000Z
sensor.meross_temperature_studio_s,21.5,2026-05-11T23:00:00.000Z
sensor.meross_temperature_studio_s,21.5,2026-05-12T00:00:00.000Z
sensor.meross_temperature_studio_s,21.433854419472222,2026-05-12T01:00:00.000Z
sensor.meross_temperature_studio_s,21.3480059765,2026-05-12T02:00:00.000Z
sensor.meross_temperature_studio_s,21.3,2026-05-12T03:00:00.000Z
sensor.meross_temperature_studio_s,21.276350534055556,2026-05-12T04:00:00.000Z
sensor.meross_temperature_studio_s,21.22359897825,2026-05-12T05:00:00.000Z
sensor.meross_temperature_studio_s,21.316282402222225,2026-05-12T06:00:00.000Z
sensor.meross_temperature_studio_s,21.371362453083332,2026-05-12T07:00:00.000Z
sensor.meross_temperature_studio_s,21.427646354166665,2026-05-12T08:00:00.000Z
sensor.meross_temperature_studio_s,21.4276574105,2026-05-12T09:00:00.000Z
sensor.meross_temperature_studio_s,21.557027222944445,2026-05-12T10:00:00.000Z
sensor.meross_temperature_studio_s,21.659821414666666,2026-05-12T11:00:00.000Z
sensor.meross_temperature_studio_s,21.584908869583334,2026-05-12T12:00:00.000Z
sensor.meross_temperature_studio_s,21.579514153722226,2026-05-12T13:00:00.000Z
sensor.meross_temperature_studio_s,21.7597697405,2026-05-12T14:00:00.000Z
sensor.meross_temperature_studio_s,21.604578337166668,2026-05-12T15:00:00.000Z
sensor.meross_temperature_studio_s,21.71092725413889,2026-05-12T16:00:00.000Z
sensor.meross_temperature_studio_s,21.888862975277778,2026-05-12T17:00:00.000Z
sensor.meross_temperature_studio_s,22.053469891666666,2026-05-12T18:00:00.000Z
sensor.meross_temperature_studio_s,21.756677998694443,2026-05-12T19:00:00.000Z
sensor.meross_temperature_studio_s,21.57752583486111,2026-05-12T20:00:00.000Z
sensor.meross_temperature_studio_s,21.5,2026-05-12T21:00:00.000Z
sensor.meross_temperature_studio_s,21.5,2026-05-12T22:00:00.000Z
sensor.meross_temperature_studio_s,21.401364193277775,2026-05-12T23:00:00.000Z
sensor.meross_temperature_studio_s,21.303892391722222,2026-05-13T00:00:00.000Z
sensor.meross_temperature_studio_s,21.21806444983333,2026-05-13T01:00:00.000Z
sensor.meross_temperature_studio_s,21.178451087750002,2026-05-13T02:00:00.000Z
sensor.meross_temperature_studio_s,21.07630543077778,2026-05-13T03:00:00.000Z
sensor.meross_temperature_studio_s,21.002724116583334,2026-05-13T04:00:00.000Z
sensor.meross_temperature_studio_s,21,2026-05-13T05:00:00.000Z
sensor.meross_temperature_studio_s,21,2026-05-13T06:00:00.000Z
sensor.meross_temperature_studio_s,21.016965984194446,2026-05-13T07:00:00.000Z
sensor.meross_temperature_studio_s,21.210747868972224,2026-05-13T08:00:00.000Z
sensor.meross_temperature_studio_s,21.39447755652778,2026-05-13T09:00:00.000Z
sensor.meross_temperature_studio_s,21.59728214575,2026-05-13T10:00:00.000Z
sensor.meross_temperature_studio_s,21.7,2026-05-13T11:00:00.000Z
sensor.meross_temperature_studio_s,21.72717436288889,2026-05-13T12:00:00.000Z
sensor.meross_temperature_studio_s,21.629934535916664,2026-05-13T13:00:00.000Z
sensor.meross_temperature_studio_s,21.718111457972224,2026-05-13T14:00:00.000Z
sensor.meross_temperature_studio_s,21.620989430805555,2026-05-13T15:00:00.000Z
sensor.meross_temperature_studio_s,21.634623897305556,2026-05-13T16:00:00.000Z
sensor.meross_temperature_studio_s,21.720271106888887,2026-05-13T17:00:00.000Z
sensor.meross_temperature_studio_s,21.600000000000005,2026-05-13T18:00:00.000Z
sensor.meross_temperature_studio_s,21.57753146425,2026-05-13T19:00:00.000Z
sensor.meross_temperature_studio_s,21.5,2026-05-13T20:00:00.000Z
sensor.meross_temperature_studio_s,21.5,2026-05-13T21:00:00.000Z
sensor.meross_temperature_studio_s,21.41643478202778,2026-05-13T23:00:00.000Z
sensor.meross_temperature_studio_s,21.377706430166665,2026-05-14T00:00:00.000Z
sensor.meross_temperature_studio_s,21.29187536263889,2026-05-14T01:00:00.000Z
sensor.meross_temperature_studio_s,21.2,2026-05-14T02:00:00.000Z
sensor.meross_temperature_studio_s,21.12347381252778,2026-05-14T03:00:00.000Z
sensor.meross_temperature_studio_s,21.086572085666667,2026-05-14T04:00:00.000Z
sensor.meross_temperature_studio_s,21.026237804916665,2026-05-14T05:00:00.000Z
sensor.meross_temperature_studio_s,21.144686066583333,2026-05-14T06:00:00.000Z
sensor.meross_temperature_studio_s,21.25434884825,2026-05-14T07:00:00.000Z
sensor.meross_temperature_studio_s,21.30609534825,2026-05-14T08:00:00.000Z
sensor.meross_temperature_studio_s,21.399999999999995,2026-05-14T09:00:00.000Z
sensor.meross_temperature_studio_s,21.482971539722225,2026-05-14T10:00:00.000Z
sensor.meross_temperature_studio_s,21.701874334583334,2026-05-14T11:00:00.000Z
sensor.meross_temperature_studio_s,21.700353082583334,2026-05-14T12:00:00.000Z
sensor.meross_temperature_studio_s,21.54051286836111,2026-05-14T13:00:00.000Z
sensor.meross_temperature_studio_s,21.669853040472223,2026-05-14T14:00:00.000Z
sensor.meross_temperature_studio_s,21.556016450333335,2026-05-14T15:00:00.000Z
sensor.meross_temperature_studio_s,21.52869802786111,2026-05-14T16:00:00.000Z
sensor.meross_temperature_studio_s,21.631655011333333,2026-05-14T17:00:00.000Z
sensor.meross_temperature_studio_s,21.496146287472225,2026-05-14T18:00:00.000Z
sensor.meross_temperature_studio_s,21.355938451638888,2026-05-14T19:00:00.000Z
sensor.meross_temperature_studio_s,21.24751276425,2026-05-14T20:00:00.000Z
sensor.meross_temperature_studio_s,21.2,2026-05-14T21:00:00.000Z
sensor.meross_temperature_studio_s,21.195040506,2026-05-14T22:00:00.000Z
sensor.meross_temperature_studio_s,21.1,2026-05-14T23:00:00.000Z
sensor.meross_temperature_studio_s,21.009210200138888,2026-05-15T00:00:00.000Z
sensor.meross_temperature_studio_s,21,2026-05-15T01:00:00.000Z
sensor.meross_temperature_studio_s,20.97011952063889,2026-05-15T02:00:00.000Z
sensor.meross_temperature_studio_s,20.9,2026-05-15T03:00:00.000Z
sensor.meross_temperature_studio_s,20.841419632388888,2026-05-15T04:00:00.000Z
sensor.meross_temperature_studio_s,20.8,2026-05-15T05:00:00.000Z
sensor.meross_temperature_studio_s,20.8,2026-05-15T06:00:00.000Z
sensor.meross_temperature_studio_s,20.83137094125,2026-05-15T08:00:00.000Z
sensor.meross_temperature_studio_s,20.75251423713889,2026-05-15T09:00:00.000Z
sensor.meross_temperature_studio_s,20.764794758527778,2026-05-15T10:00:00.000Z
sensor.meross_temperature_studio_s,20.812527780777778,2026-05-15T11:00:00.000Z
sensor.meross_temperature_studio_s,20.69990783863889,2026-05-15T12:00:00.000Z
sensor.meross_temperature_studio_s,20.793883530444443,2026-05-15T13:00:00.000Z
sensor.meross_temperature_studio_s,21.14224808863889,2026-05-15T14:00:00.000Z
sensor.meross_temperature_studio_s,21.018104867805555,2026-05-15T15:00:00.000Z
sensor.meross_temperature_studio_s,21.046835814805558,2026-05-15T16:00:00.000Z
sensor.meross_temperature_studio_s,21.064614891055555,2026-05-15T17:00:00.000Z
sensor.meross_temperature_studio_s,20.922981400916665,2026-05-15T18:00:00.000Z
sensor.meross_temperature_studio_s,20.751224142777776,2026-05-15T19:00:00.000Z
sensor.meross_temperature_studio_s,20.616465079250002,2026-05-15T20:00:00.000Z
sensor.meross_temperature_studio_s,20.6,2026-05-15T21:00:00.000Z
sensor.meross_temperature_studio_s,20.551616711111112,2026-05-15T22:00:00.000Z
sensor.meross_temperature_studio_s,20.5,2026-05-15T23:00:00.000Z
sensor.meross_temperature_studio_s,20.44636802138889,2026-05-16T00:00:00.000Z
sensor.meross_temperature_studio_s,20.4,2026-05-16T01:00:00.000Z
sensor.meross_temperature_studio_s,20.35301169552778,2026-05-16T02:00:00.000Z
sensor.meross_temperature_studio_s,20.3,2026-05-16T03:00:00.000Z
sensor.meross_temperature_studio_s,20.3,2026-05-16T04:00:00.000Z
sensor.meross_temperature_studio_s,20.23848457833333,2026-05-16T05:00:00.000Z
sensor.meross_temperature_studio_s,20.266321079138887,2026-05-16T06:00:00.000Z
sensor.meross_temperature_studio_s,20.36736970522222,2026-05-16T07:00:00.000Z
sensor.meross_temperature_studio_s,20.561943722416668,2026-05-16T08:00:00.000Z
sensor.meross_temperature_studio_s,20.7,2026-05-16T09:00:00.000Z
sensor.meross_temperature_studio_s,20.816013427444442,2026-05-16T10:00:00.000Z
sensor.meross_temperature_studio_s,20.974313383666665,2026-05-16T11:00:00.000Z
sensor.meross_temperature_studio_s,21,2026-05-16T12:00:00.000Z
sensor.meross_temperature_studio_s,21,2026-05-16T13:00:00.000Z
sensor.meross_temperature_studio_s,20.960449574055556,2026-05-16T14:00:00.000Z
sensor.meross_temperature_studio_s,20.965166994527777,2026-05-16T15:00:00.000Z
sensor.meross_temperature_studio_s,21.035337258166667,2026-05-16T16:00:00.000Z
sensor.meross_temperature_studio_s,21,2026-05-16T17:00:00.000Z
sensor.meross_temperature_studio_s,20.999439374416667,2026-05-16T18:00:00.000Z
sensor.meross_temperature_studio_s,20.9,2026-05-16T19:00:00.000Z
sensor.meross_temperature_studio_s,20.785887537055554,2026-05-16T20:00:00.000Z
sensor.meross_temperature_studio_s,20.664655827388888,2026-05-16T21:00:00.000Z
sensor.meross_temperature_studio_s,20.577974196888892,2026-05-16T22:00:00.000Z
sensor.meross_temperature_studio_s,20.5,2026-05-16T23:00:00.000Z
sensor.meross_temperature_studio_s,20.40550378488889,2026-05-17T00:00:00.000Z
sensor.meross_temperature_studio_s,20.36863465488889,2026-05-17T01:00:00.000Z
sensor.meross_temperature_studio_s,20.29642276625,2026-05-17T02:00:00.000Z
sensor.meross_temperature_studio_s,20.2,2026-05-17T03:00:00.000Z
sensor.meross_temperature_studio_s,20.12965484002778,2026-05-17T04:00:00.000Z
sensor.meross_temperature_studio_s,20.1,2026-05-17T05:00:00.000Z
sensor.meross_temperature_studio_s,20.1,2026-05-17T06:00:00.000Z
sensor.meross_temperature_studio_s,20.108377512555556,2026-05-17T07:00:00.000Z
sensor.meross_temperature_studio_s,20.29866513633333,2026-05-17T08:00:00.000Z
sensor.meross_temperature_studio_s,20.49649533261111,2026-05-17T09:00:00.000Z
sensor.meross_temperature_studio_s,20.73030754486111,2026-05-17T10:00:00.000Z
sensor.meross_temperature_studio_s,21.010531037972225,2026-05-17T11:00:00.000Z
sensor.meross_temperature_studio_s,21.003186994083332,2026-05-17T12:00:00.000Z
sensor.meross_temperature_studio_s,21,2026-05-17T13:00:00.000Z
sensor.meross_temperature_studio_s,21,2026-05-17T14:00:00.000Z
sensor.meross_temperature_studio_s,21.021757158583334,2026-05-17T18:00:00.000Z
sensor.meross_temperature_studio_s,21.005107981083334,2026-05-17T19:00:00.000Z
sensor.meross_temperature_studio_s,21.016648461583333,2026-05-17T20:00:00.000Z
sensor.meross_temperature_studio_s,20.93079273063889,2026-05-17T21:00:00.000Z
sensor.meross_temperature_studio_s,20.811715648,2026-05-17T22:00:00.000Z
sensor.meross_temperature_studio_s,20.68906231158333,2026-05-17T23:00:00.000Z
sensor.meross_temperature_studio_s,20.6,2026-05-18T00:00:00.000Z
sensor.meross_temperature_studio_s,20.511431825055556,2026-05-18T01:00:00.000Z
sensor.meross_temperature_studio_s,20.45667088336111,2026-05-18T02:00:00.000Z
sensor.meross_temperature_studio_s,20.381732980916667,2026-05-18T03:00:00.000Z
sensor.meross_temperature_studio_s,20.3,2026-05-18T04:00:00.000Z
sensor.meross_temperature_studio_s,20.30159198838889,2026-05-18T05:00:00.000Z
sensor.meross_temperature_studio_s,20.37821717988889,2026-05-18T06:00:00.000Z
sensor.meross_temperature_studio_s,20.46202352536111,2026-05-18T07:00:00.000Z
sensor.meross_temperature_studio_s,20.514369026333334,2026-05-18T08:00:00.000Z
sensor.meross_temperature_studio_s,20.732959577555555,2026-05-18T09:00:00.000Z
sensor.meross_temperature_studio_s,20.886275875722223,2026-05-18T10:00:00.000Z
sensor.meross_temperature_studio_s,21.10370873236111,2026-05-18T11:00:00.000Z
sensor.meross_temperature_studio_s,21.25012361772222,2026-05-18T12:00:00.000Z
sensor.meross_temperature_studio_s,21.3,2026-05-18T13:00:00.000Z
sensor.meross_temperature_studio_s,21.378851186861112,2026-05-18T14:00:00.000Z
sensor.meross_temperature_studio_s,21.308118573861112,2026-05-18T15:00:00.000Z
sensor.meross_temperature_studio_s,21.27116704713889,2026-05-18T16:00:00.000Z
sensor.meross_temperature_studio_s,21.25539540752778,2026-05-18T17:00:00.000Z
sensor.meross_temperature_studio_s,21.198926575444442,2026-05-18T18:00:00.000Z
sensor.meross_temperature_studio_s,21.05881836661111,2026-05-18T19:00:00.000Z
sensor.meross_temperature_studio_s,21,2026-05-18T20:00:00.000Z
sensor.meross_temperature_studio_s,21,2026-05-18T21:00:00.000Z
sensor.meross_temperature_studio_s,20.927746539222223,2026-05-18T22:00:00.000Z
sensor.meross_temperature_studio_s,20.867565648583334,2026-05-18T23:00:00.000Z
sensor.meross_temperature_studio_s,20.8,2026-05-19T00:00:00.000Z
sensor.meross_temperature_studio_s,20.781156545277778,2026-05-19T01:00:00.000Z
sensor.meross_temperature_studio_s,20.7,2026-05-19T02:00:00.000Z
sensor.meross_temperature_studio_s,20.644314615000003,2026-05-19T03:00:00.000Z
sensor.meross_temperature_studio_s,20.6,2026-05-19T04:00:00.000Z
sensor.meross_temperature_studio_s,20.50755722338889,2026-05-19T05:00:00.000Z
sensor.meross_temperature_studio_s,20.693442274805555,2026-05-19T06:00:00.000Z
sensor.meross_temperature_studio_s,20.746620854305554,2026-05-19T07:00:00.000Z
sensor.meross_temperature_studio_s,20.901070916805555,2026-05-19T08:00:00.000Z
sensor.meross_temperature_studio_s,21,2026-05-19T09:00:00.000Z
sensor.meross_temperature_studio_s,21.03755814766667,2026-05-19T10:00:00.000Z
sensor.meross_temperature_studio_s,21.144970336611113,2026-05-19T11:00:00.000Z
sensor.meross_temperature_studio_s,21.310565828277777,2026-05-19T12:00:00.000Z
sensor.meross_temperature_studio_s,21.457698776166666,2026-05-19T13:00:00.000Z
sensor.meross_temperature_studio_s,21.5,2026-05-19T14:00:00.000Z
sensor.meross_temperature_studio_s,21.5,2026-05-19T15:00:00.000Z
sensor.meross_temperature_studio_s,21.572309288583337,2026-05-19T16:00:00.000Z
sensor.meross_temperature_studio_s,21.63261579261111,2026-05-19T17:00:00.000Z
sensor.meross_temperature_studio_s,21.713157563861113,2026-05-19T18:00:00.000Z
sensor.meross_temperature_studio_s,21.60331621511111,2026-05-19T19:00:00.000Z
sensor.meross_temperature_studio_s,21.5,2026-05-19T20:00:00.000Z
sensor.meross_temperature_studio_s,21.434395546833333,2026-05-19T21:00:00.000Z
sensor.meross_temperature_studio_s,21.305083427416665,2026-05-19T22:00:00.000Z
sensor.meross_temperature_studio_s,21.230481390805554,2026-05-19T23:00:00.000Z
sensor.meross_temperature_studio_s,21.17144006811111,2026-05-20T00:00:00.000Z
sensor.meross_temperature_studio_s,21.038710171444446,2026-05-20T01:00:00.000Z
sensor.meross_temperature_studio_s,21,2026-05-20T02:00:00.000Z
sensor.meross_temperature_studio_s,21,2026-05-20T03:00:00.000Z
sensor.meross_temperature_studio_s,20.997816440527778,2026-05-20T04:00:00.000Z
sensor.meross_temperature_studio_s,20.9,2026-05-20T05:00:00.000Z
sensor.meross_temperature_studio_s,20.967838361138888,2026-05-20T06:00:00.000Z
sensor.meross_temperature_studio_s,21.171858905277777,2026-05-20T07:00:00.000Z
sensor.meross_temperature_studio_s,21.38297692936111,2026-05-20T08:00:00.000Z
sensor.meross_temperature_studio_s,21.51940885263889,2026-05-20T09:00:00.000Z
sensor.meross_temperature_studio_s,21.666746624916666,2026-05-20T10:00:00.000Z
sensor.meross_temperature_studio_s,21.798419799416667,2026-05-20T11:00:00.000Z
sensor.meross_temperature_studio_s,21.87932944444444,2026-05-20T12:00:00.000Z
sensor.meross_temperature_studio_s,21.87449287622222,2026-05-20T13:00:00.000Z
sensor.meross_temperature_studio_s,21.928672063277777,2026-05-20T14:00:00.000Z
sensor.meross_temperature_studio_s,22,2026-05-20T15:00:00.000Z
sensor.meross_temperature_studio_s,22.117222705194447,2026-05-20T16:00:00.000Z
sensor.meross_temperature_studio_s,22.173355470111108,2026-05-20T17:00:00.000Z
sensor.meross_temperature_studio_s,22.227305849833332,2026-05-20T18:00:00.000Z
sensor.meross_temperature_studio_s,22.153800838444443,2026-05-20T19:00:00.000Z
sensor.meross_temperature_studio_s,22.01929680561111,2026-05-20T20:00:00.000Z
sensor.meross_temperature_studio_s,21.9989057295,2026-05-20T21:00:00.000Z
sensor.meross_temperature_studio_s,21.891268338444444,2026-05-20T22:00:00.000Z
sensor.meross_temperature_studio_s,21.8,2026-05-20T23:00:00.000Z
sensor.meross_temperature_studio_s,21.705440765000002,2026-05-21T00:00:00.000Z
sensor.meross_temperature_studio_s,21.611444653916667,2026-05-21T01:00:00.000Z
sensor.meross_temperature_studio_s,21.509278944055556,2026-05-21T02:00:00.000Z
sensor.meross_temperature_studio_s,21.5,2026-05-21T03:00:00.000Z
sensor.meross_temperature_studio_s,21.5,2026-05-21T04:00:00.000Z
sensor.meross_temperature_studio_s,21.42867894536111,2026-05-21T05:00:00.000Z
sensor.meross_temperature_studio_s,21.454587492666665,2026-05-21T06:00:00.000Z
sensor.meross_temperature_studio_s,21.658893176194443,2026-05-21T07:00:00.000Z
sensor.meross_temperature_studio_s,21.881877181916664,2026-05-21T08:00:00.000Z
sensor.meross_temperature_studio_s,22.01479302152778,2026-05-21T09:00:00.000Z
sensor.meross_temperature_studio_s,22.13511085425,2026-05-21T10:00:00.000Z
sensor.meross_temperature_studio_s,22.204712298,2026-05-21T11:00:00.000Z
sensor.meross_temperature_studio_s,22.355753635805556,2026-05-21T12:00:00.000Z
sensor.meross_temperature_studio_s,22.516422105833332,2026-05-21T13:00:00.000Z
sensor.meross_temperature_studio_s,22.629869821444444,2026-05-21T14:00:00.000Z
sensor.meross_temperature_studio_s,22.638032208805555,2026-05-21T15:00:00.000Z
sensor.meross_temperature_studio_s,22.453417889527774,2026-05-21T16:00:00.000Z
sensor.meross_temperature_studio_s,22.5,2026-05-21T17:00:00.000Z
sensor.meross_temperature_studio_s,22.770631613805552,2026-05-21T18:00:00.000Z
sensor.meross_temperature_studio_s,22.713774035527777,2026-05-21T19:00:00.000Z
sensor.meross_temperature_studio_s,22.677767158555554,2026-05-21T20:00:00.000Z
sensor.meross_temperature_studio_s,22.570153958000002,2026-05-21T21:00:00.000Z
sensor.meross_temperature_studio_s,22.45292963625,2026-05-21T22:00:00.000Z
sensor.meross_temperature_studio_s,22.315419238666667,2026-05-21T23:00:00.000Z
sensor.meross_temperature_studio_s,22.26737950563889,2026-05-22T00:00:00.000Z
sensor.meross_temperature_studio_s,22.321728895305554,2026-05-22T01:00:00.000Z
sensor.meross_temperature_studio_s,22.223680296472224,2026-05-22T02:00:00.000Z
sensor.meross_temperature_studio_s,22.100000000000005,2026-05-22T03:00:00.000Z
sensor.meross_temperature_studio_s,22.02895833827778,2026-05-22T04:00:00.000Z
sensor.meross_temperature_studio_s,22.051971198416666,2026-05-22T05:00:00.000Z
sensor.meross_temperature_studio_s,22.142924041138887,2026-05-22T06:00:00.000Z
sensor.meross_temperature_studio_s,22.276537642694446,2026-05-22T07:00:00.000Z
sensor.meross_temperature_studio_s,22.349132438916666,2026-05-22T08:00:00.000Z
sensor.meross_temperature_studio_s,22.536232203194444,2026-05-22T09:00:00.000Z
sensor.meross_temperature_studio_s,22.76747077952778,2026-05-22T10:00:00.000Z
sensor.meross_temperature_studio_s,22.931047503444443,2026-05-22T11:00:00.000Z
sensor.meross_temperature_studio_s,23,2026-05-22T12:00:00.000Z
sensor.meross_temperature_studio_s,23,2026-05-22T13:00:00.000Z
sensor.meross_temperature_studio_s,23.01578540677778,2026-05-22T15:00:00.000Z
sensor.meross_temperature_studio_s,23.100000000000005,2026-05-22T16:00:00.000Z
sensor.meross_temperature_studio_s,23.100000000000005,2026-05-22T17:00:00.000Z
sensor.meross_temperature_studio_s,23.132149651333336,2026-05-22T18:00:00.000Z
sensor.meross_temperature_studio_s,23.100000000000005,2026-05-22T19:00:00.000Z
sensor.meross_temperature_studio_s,23.06968979033333,2026-05-22T20:00:00.000Z
sensor.meross_temperature_studio_s,23,2026-05-22T21:00:00.000Z
sensor.meross_temperature_studio_s,23,2026-05-22T22:00:00.000Z
sensor.meross_temperature_studio_s,22.935518216055556,2026-05-22T23:00:00.000Z
sensor.meross_temperature_studio_s,22.819736997166668,2026-05-23T00:00:00.000Z
sensor.meross_temperature_studio_s,22.76644683572222,2026-05-23T01:00:00.000Z
sensor.meross_temperature_studio_s,22.7,2026-05-23T02:00:00.000Z
sensor.meross_temperature_studio_s,22.64299868261111,2026-05-23T03:00:00.000Z
sensor.meross_temperature_studio_s,22.600000000000005,2026-05-23T04:00:00.000Z
sensor.meross_temperature_studio_s,22.600000000000005,2026-05-23T05:00:00.000Z
sensor.meross_temperature_studio_s,22.60642558138889,2026-05-23T06:00:00.000Z
sensor.meross_temperature_studio_s,22.83407570897222,2026-05-23T07:00:00.000Z
sensor.meross_temperature_studio_s,22.980505774250002,2026-05-23T08:00:00.000Z
sensor.meross_temperature_studio_s,23.100000000000005,2026-05-23T09:00:00.000Z
sensor.meross_temperature_studio_s,23.184109612083333,2026-05-23T10:00:00.000Z
sensor.meross_temperature_studio_s,23.242901692361112,2026-05-23T11:00:00.000Z
sensor.meross_temperature_studio_s,23.32608931422222,2026-05-23T12:00:00.000Z
sensor.meross_temperature_studio_s,23.440758163499996,2026-05-23T13:00:00.000Z
sensor.meross_temperature_studio_s,23.55112098502778,2026-05-23T14:00:00.000Z
sensor.meross_temperature_studio_s,23.613358119361113,2026-05-23T15:00:00.000Z
sensor.meross_temperature_studio_s,23.662692304583334,2026-05-23T16:00:00.000Z
sensor.meross_temperature_studio_s,23.600000000000005,2026-05-23T17:00:00.000Z
sensor.meross_temperature_studio_s,23.600000000000005,2026-05-23T18:00:00.000Z
sensor.meross_temperature_studio_s,23.745945537666667,2026-05-23T19:00:00.000Z
sensor.meross_temperature_studio_s,23.66474913613889,2026-05-23T20:00:00.000Z
sensor.meross_temperature_studio_s,23.600000000000005,2026-05-23T21:00:00.000Z
sensor.meross_temperature_studio_s,23.508688527694446,2026-05-23T22:00:00.000Z
sensor.meross_temperature_studio_s,23.5,2026-05-23T23:00:00.000Z
sensor.meross_temperature_studio_s,23.47093557377778,2026-05-24T00:00:00.000Z
sensor.meross_temperature_studio_s,23.3986139795,2026-05-24T01:00:00.000Z
sensor.meross_temperature_studio_s,23.3,2026-05-24T02:00:00.000Z
sensor.meross_temperature_studio_s,23.25343816886111,2026-05-24T03:00:00.000Z
sensor.meross_temperature_studio_s,23.2,2026-05-24T04:00:00.000Z
sensor.meross_temperature_studio_s,23.2,2026-05-24T05:00:00.000Z
sensor.meross_temperature_studio_s,23.201012746555552,2026-05-24T06:00:00.000Z
sensor.meross_temperature_studio_s,23.449963841027778,2026-05-24T07:00:00.000Z
sensor.meross_temperature_studio_s,23.769708256694443,2026-05-24T08:00:00.000Z
sensor.meross_temperature_studio_s,23.899999999999995,2026-05-24T09:00:00.000Z
sensor.meross_temperature_studio_s,23.993724386361112,2026-05-24T10:00:00.000Z
sensor.meross_temperature_studio_s,24.13576210877778,2026-05-24T11:00:00.000Z
sensor.meross_temperature_studio_s,24.228286023583333,2026-05-24T12:00:00.000Z
sensor.meross_temperature_studio_s,24.261065105249997,2026-05-24T13:00:00.000Z
sensor.meross_temperature_studio_s,24.399999999999995,2026-05-24T14:00:00.000Z
sensor.meross_temperature_studio_s,24.496380227333333,2026-05-24T15:00:00.000Z
sensor.meross_temperature_studio_s,24.5,2026-05-24T16:00:00.000Z
sensor.meross_temperature_studio_s,24.508114094166668,2026-05-24T17:00:00.000Z
sensor.meross_temperature_studio_s,24.605895697805554,2026-05-24T18:00:00.000Z
sensor.meross_temperature_studio_s,24.5,2026-05-24T19:00:00.000Z
sensor.meross_temperature_studio_s,24.5,2026-05-24T20:00:00.000Z
sensor.meross_temperature_studio_s,24.455983133,2026-05-24T21:00:00.000Z
sensor.meross_temperature_studio_s,24.399999999999995,2026-05-24T22:00:00.000Z
sensor.meross_temperature_studio_s,24.313838397,2026-05-24T23:00:00.000Z
sensor.meross_temperature_studio_s,24.2,2026-05-25T00:00:00.000Z
sensor.meross_temperature_studio_s,24.14971346177778,2026-05-25T01:00:00.000Z
sensor.meross_temperature_studio_s,24.081499812333334,2026-05-25T02:00:00.000Z
sensor.meross_temperature_studio_s,24,2026-05-25T03:00:00.000Z
sensor.meross_temperature_studio_s,24,2026-05-25T04:00:00.000Z
sensor.meross_temperature_studio_s,24.068094192305555,2026-05-25T06:00:00.000Z
sensor.meross_temperature_studio_s,24.383528157833336,2026-05-25T07:00:00.000Z
sensor.meross_temperature_studio_s,24.56344919911111,2026-05-25T08:00:00.000Z
sensor.meross_temperature_studio_s,24.739407413166663,2026-05-25T09:00:00.000Z
sensor.meross_temperature_studio_s,24.882390088416667,2026-05-25T10:00:00.000Z
sensor.meross_temperature_studio_s,24.899999999999995,2026-05-25T11:00:00.000Z
sensor.meross_temperature_studio_s,24.975717730944442,2026-05-25T12:00:00.000Z
sensor.meross_temperature_studio_s,25.077911104,2026-05-25T13:00:00.000Z
sensor.meross_temperature_studio_s,25.140981695194444,2026-05-25T14:00:00.000Z
sensor.meross_temperature_studio_s,25.167721696083333,2026-05-25T15:00:00.000Z
sensor.meross_temperature_studio_s,25.03742164702778,2026-05-25T16:00:00.000Z
sensor.meross_temperature_studio_s,25.324006434083334,2026-05-25T17:00:00.000Z
sensor.meross_temperature_studio_s,25.469806451472223,2026-05-25T18:00:00.000Z
sensor.meross_temperature_studio_s,25.399999999999995,2026-05-25T19:00:00.000Z
sensor.meross_temperature_studio_s,25.37319960786111,2026-05-25T20:00:00.000Z
sensor.meross_temperature_studio_s,25.214727689777778,2026-05-25T21:00:00.000Z
sensor.meross_temperature_studio_s,25.08493201797222,2026-05-25T22:00:00.000Z
sensor.meross_temperature_studio_s,25,2026-05-25T23:00:00.000Z
sensor.meross_temperature_studio_s,24.9798499855,2026-05-26T00:00:00.000Z
sensor.meross_temperature_studio_s,24.899999999999995,2026-05-26T01:00:00.000Z
sensor.meross_temperature_studio_s,24.81016426513889,2026-05-26T02:00:00.000Z
sensor.meross_temperature_studio_s,24.74592632988889,2026-05-26T03:00:00.000Z
sensor.meross_temperature_studio_s,24.7,2026-05-26T04:00:00.000Z
sensor.meross_temperature_studio_s,24.616560030944445,2026-05-26T05:00:00.000Z
sensor.meross_temperature_studio_s,24.697656906027778,2026-05-26T06:00:00.000Z
sensor.meross_temperature_studio_s,24.88677081786111,2026-05-26T07:00:00.000Z
sensor.meross_temperature_studio_s,25.09215798930556,2026-05-26T08:00:00.000Z
sensor.meross_temperature_studio_s,25.305976233555555,2026-05-26T09:00:00.000Z
sensor.meross_temperature_studio_s,25.399999999999995,2026-05-26T10:00:00.000Z
sensor.meross_temperature_studio_s,25.541018167638892,2026-05-26T11:00:00.000Z
sensor.meross_temperature_studio_s,25.65650309733333,2026-05-26T12:00:00.000Z
sensor.meross_temperature_studio_s,25.7,2026-05-26T13:00:00.000Z
sensor.meross_temperature_studio_s,25.807267192972223,2026-05-26T14:00:00.000Z
sensor.meross_temperature_studio_s,25.82810094241667,2026-05-26T15:00:00.000Z
sensor.meross_temperature_studio_s,25.975141018777776,2026-05-26T16:00:00.000Z
sensor.meross_temperature_studio_s,26.097874295944447,2026-05-26T17:00:00.000Z
sensor.meross_temperature_studio_s,26.16637530836111,2026-05-26T18:00:00.000Z
sensor.meross_temperature_studio_s,26.100000000000005,2026-05-26T19:00:00.000Z
sensor.meross_temperature_studio_s,26.026477884833337,2026-05-26T20:00:00.000Z
sensor.meross_temperature_studio_s,26,2026-05-26T21:00:00.000Z
sensor.meross_temperature_studio_s,25.943933059027774,2026-05-26T22:00:00.000Z
sensor.meross_temperature_studio_s,25.881139280444444,2026-05-26T23:00:00.000Z
sensor.meross_temperature_studio_s,25.78428235688889,2026-05-27T00:00:00.000Z
sensor.meross_temperature_studio_s,25.68200367961111,2026-05-27T01:00:00.000Z
sensor.meross_temperature_studio_s,25.600000000000005,2026-05-27T02:00:00.000Z
sensor.meross_temperature_studio_s,25.51144673113889,2026-05-27T03:00:00.000Z
sensor.meross_temperature_studio_s,25.5,2026-05-27T04:00:00.000Z
sensor.meross_temperature_studio_s,25.498178030944445,2026-05-27T05:00:00.000Z
sensor.meross_temperature_studio_s,25.65005378358333,2026-05-27T06:00:00.000Z
sensor.meross_temperature_studio_s,25.749607139027777,2026-05-27T07:00:00.000Z
sensor.meross_temperature_studio_s,25.887171975194445,2026-05-27T08:00:00.000Z
sensor.meross_temperature_studio_s,25.985481554722224,2026-05-27T09:00:00.000Z
sensor.meross_temperature_studio_s,26.10839515041667,2026-05-27T10:00:00.000Z
sensor.meross_temperature_studio_s,26.27305395647222,2026-05-27T11:00:00.000Z
sensor.meross_temperature_studio_s,26.46087931988889,2026-05-27T12:00:00.000Z
sensor.meross_temperature_studio_s,26.33953658713889,2026-05-27T13:00:00.000Z
sensor.meross_temperature_studio_s,26.497044889611114,2026-05-27T14:00:00.000Z
sensor.meross_temperature_studio_s,26.691569548833332,2026-05-27T15:00:00.000Z
sensor.meross_temperature_studio_s,26.899999999999995,2026-05-27T16:00:00.000Z
sensor.meross_temperature_studio_s,26.934315814694443,2026-05-27T17:00:00.000Z
sensor.meross_temperature_studio_s,26.899999999999995,2026-05-27T18:00:00.000Z
sensor.meross_temperature_studio_s,26.944640695,2026-05-27T19:00:00.000Z
sensor.meross_temperature_studio_s,27,2026-05-27T20:00:00.000Z
sensor.meross_temperature_studio_s,26.94986426408333,2026-05-27T21:00:00.000Z
sensor.meross_temperature_studio_s,26.78958523588889,2026-05-27T22:00:00.000Z
sensor.meross_temperature_studio_s,26.645169263222225,2026-05-27T23:00:00.000Z
sensor.meross_temperature_studio_s,26.55636924322222,2026-05-28T00:00:00.000Z
sensor.meross_temperature_studio_s,26.43642054333333,2026-05-28T01:00:00.000Z
sensor.meross_temperature_studio_s,26.309664308805555,2026-05-28T02:00:00.000Z
sensor.meross_temperature_studio_s,26.22358725194444,2026-05-28T03:00:00.000Z
sensor.meross_temperature_studio_s,26.2,2026-05-28T04:00:00.000Z
sensor.meross_temperature_studio_s,26.2,2026-05-28T05:00:00.000Z
sensor.meross_temperature_studio_s,26.15118027161111,2026-05-28T06:00:00.000Z
sensor.meross_temperature_studio_s,26.366309035166665,2026-05-28T07:00:00.000Z
sensor.meross_temperature_studio_s,26.629189778305555,2026-05-28T08:00:00.000Z
sensor.meross_temperature_studio_s,26.842050965777776,2026-05-28T09:00:00.000Z
sensor.meross_temperature_studio_s,26.899999999999995,2026-05-28T10:00:00.000Z
sensor.meross_temperature_studio_s,26.901876366805553,2026-05-28T11:00:00.000Z
sensor.meross_temperature_studio_s,27,2026-05-28T12:00:00.000Z
sensor.meross_temperature_studio_s,27.082730372833336,2026-05-28T13:00:00.000Z
sensor.meross_temperature_studio_s,27.160666292444446,2026-05-28T14:00:00.000Z
sensor.meross_temperature_studio_s,27.266583268805558,2026-05-28T15:00:00.000Z
sensor.meross_temperature_studio_s,27.472923785944445,2026-05-28T16:00:00.000Z
sensor.meross_temperature_studio_s,27.46715300313889,2026-05-28T17:00:00.000Z
sensor.meross_temperature_studio_s,27.324146991000003,2026-05-28T18:00:00.000Z
sensor.meross_temperature_studio_s,27.100469757611112,2026-05-28T19:00:00.000Z
sensor.meross_temperature_studio_s,27,2026-05-28T20:00:00.000Z
sensor.meross_temperature_studio_s,26.94370845236111,2026-05-28T21:00:00.000Z
sensor.meross_temperature_studio_s,26.892893998583332,2026-05-28T22:00:00.000Z
sensor.meross_temperature_studio_s,26.8,2026-05-28T23:00:00.000Z
sensor.meross_temperature_studio_s,26.73900623091667,2026-05-29T00:00:00.000Z
sensor.meross_temperature_studio_s,26.7,2026-05-29T01:00:00.000Z
sensor.meross_temperature_studio_s,26.69511469475,2026-05-29T02:00:00.000Z
sensor.meross_temperature_studio_s,26.600000000000005,2026-05-29T03:00:00.000Z
sensor.meross_temperature_studio_s,26.600000000000005,2026-05-29T04:00:00.000Z
sensor.meross_temperature_studio_s,26.57123236875,2026-05-29T05:00:00.000Z
sensor.meross_temperature_studio_s,26.60704094075,2026-05-29T06:00:00.000Z
sensor.meross_temperature_studio_s,26.641850962944446,2026-05-29T07:00:00.000Z
sensor.meross_temperature_studio_s,26.745289268805553,2026-05-29T08:00:00.000Z
sensor.meross_temperature_studio_s,26.675993337194445,2026-05-29T09:00:00.000Z
sensor.meross_temperature_studio_s,26.69225369636111,2026-05-29T10:00:00.000Z
sensor.meross_temperature_studio_s,26.766058165083333,2026-05-29T11:00:00.000Z
sensor.meross_temperature_studio_s,26.86224474908333,2026-05-29T12:00:00.000Z
sensor.meross_temperature_studio_s,27.17338652497222,2026-05-29T13:00:00.000Z
sensor.meross_temperature_studio_s,27.49702438963889,2026-05-29T14:00:00.000Z
sensor.meross_temperature_studio_s,27.723528872194446,2026-05-29T15:00:00.000Z
sensor.meross_temperature_studio_s,27.608586293972223,2026-05-29T16:00:00.000Z
sensor.meross_temperature_studio_s,27.441781340305553,2026-05-29T17:00:00.000Z
sensor.meross_temperature_studio_s,27.38371727052778,2026-05-29T18:00:00.000Z
sensor.meross_temperature_studio_s,27.342496012194445,2026-05-29T19:00:00.000Z
sensor.meross_temperature_studio_s,27.272172858027776,2026-05-29T20:00:00.000Z
sensor.meross_temperature_studio_s,27.177982117527776,2026-05-29T21:00:00.000Z
sensor.meross_temperature_studio_s,27.100000000000005,2026-05-29T22:00:00.000Z
sensor.meross_temperature_studio_s,27.008213923722224,2026-05-29T23:00:00.000Z
sensor.meross_temperature_studio_s,27,2026-05-30T00:00:00.000Z
sensor.meross_temperature_studio_s,26.912052681166667,2026-05-30T01:00:00.000Z
sensor.meross_temperature_studio_s,26.89927544897222,2026-05-30T02:00:00.000Z
sensor.meross_temperature_studio_s,26.8,2026-05-30T03:00:00.000Z
sensor.meross_temperature_studio_s,26.748514330638887,2026-05-30T04:00:00.000Z
sensor.meross_temperature_studio_s,26.677984814166667,2026-05-30T05:00:00.000Z
sensor.meross_temperature_studio_s,25.856335967388887,2026-05-30T06:00:00.000Z
sensor.meross_temperature_studio_s,26.06600702863889,2026-05-30T07:00:00.000Z
sensor.meross_temperature_studio_s,26.45955247725,2026-05-30T08:00:00.000Z
sensor.meross_temperature_studio_s,26.85199634088889,2026-05-30T09:00:00.000Z
sensor.meross_temperature_studio_s,27.14013968338889,2026-05-30T10:00:00.000Z
sensor.meross_temperature_studio_s,27.41536547163889,2026-05-30T11:00:00.000Z
sensor.meross_temperature_studio_s,27.753493147666664,2026-05-30T12:00:00.000Z
sensor.meross_temperature_studio_s,27.974309822416668,2026-05-30T13:00:00.000Z
sensor.meross_temperature_studio_s,28.156149988305557,2026-05-30T14:00:00.000Z
sensor.meross_temperature_studio_s,28.172908001472223,2026-05-30T15:00:00.000Z
sensor.meross_temperature_studio_s,28.270525002,2026-05-30T16:00:00.000Z
sensor.meross_temperature_studio_s,28.264773137000002,2026-05-30T17:00:00.000Z
sensor.meross_temperature_studio_s,28.481138821805555,2026-05-30T18:00:00.000Z
sensor.meross_temperature_studio_s,28.366823261194444,2026-05-30T19:00:00.000Z
sensor.meross_temperature_studio_s,28.1071733245,2026-05-30T20:00:00.000Z
sensor.meross_temperature_studio_s,28,2026-05-30T21:00:00.000Z
sensor.meross_temperature_studio_s,27.892400470527775,2026-05-30T22:00:00.000Z
sensor.meross_temperature_studio_s,27.758746500194444,2026-05-30T23:00:00.000Z
sensor.meross_temperature_studio_s,27.629294693861112,2026-05-31T00:00:00.000Z
sensor.meross_temperature_studio_s,27.51609840058333,2026-05-31T01:00:00.000Z
sensor.meross_temperature_studio_s,27.43607848425,2026-05-31T02:00:00.000Z
sensor.meross_temperature_studio_s,27.34461097197222,2026-05-31T03:00:00.000Z
sensor.meross_temperature_studio_s,27.258533567055554,2026-05-31T04:00:00.000Z
sensor.meross_temperature_studio_s,27.2,2026-05-31T05:00:00.000Z
sensor.meross_temperature_studio_s,27.2,2026-05-31T06:00:00.000Z
sensor.meross_temperature_studio_s,27.291591773666667,2026-05-31T07:00:00.000Z
sensor.meross_temperature_studio_s,27.477607368944444,2026-05-31T08:00:00.000Z
sensor.meross_temperature_studio_s,27.639681017944444,2026-05-31T09:00:00.000Z
sensor.meross_temperature_studio_s,27.68232889725,2026-05-31T10:00:00.000Z
sensor.meross_temperature_studio_s,27.714140332499998,2026-05-31T11:00:00.000Z
sensor.meross_temperature_studio_s,27.865319882833333,2026-05-31T12:00:00.000Z
sensor.meross_temperature_studio_s,27.899999999999995,2026-05-31T13:00:00.000Z
sensor.meross_temperature_studio_s,27.899999999999995,2026-05-31T14:00:00.000Z
sensor.meross_temperature_studio_s,27.986947836527776,2026-05-31T15:00:00.000Z
sensor.meross_temperature_studio_s,28.100000000000005,2026-05-31T16:00:00.000Z
sensor.meross_temperature_studio_s,28.100000000000005,2026-05-31T17:00:00.000Z
sensor.meross_temperature_studio_s,28.021436110083332,2026-05-31T18:00:00.000Z
sensor.meross_temperature_studio_s,28,2026-05-31T19:00:00.000Z
sensor.meross_temperature_studio_s,27.98846157738889,2026-05-31T20:00:00.000Z
sensor.meross_temperature_studio_s,27.880369383694443,2026-05-31T21:00:00.000Z
sensor.meross_temperature_studio_s,27.537358289194444,2026-05-31T22:00:00.000Z
sensor.meross_temperature_studio_s,27.5,2026-05-31T23:00:00.000Z
sensor.meross_temperature_studio_s,27.466543938555557,2026-06-01T00:00:00.000Z
sensor.meross_temperature_studio_s,27.399999999999995,2026-06-01T01:00:00.000Z
sensor.meross_temperature_studio_s,27.399272853472223,2026-06-01T02:00:00.000Z
sensor.meross_temperature_studio_s,27.495446374472223,2026-06-01T03:00:00.000Z
sensor.meross_temperature_studio_s,27.321126988805556,2026-06-01T04:00:00.000Z
sensor.meross_temperature_studio_s,27.2,2026-06-01T05:00:00.000Z
sensor.meross_temperature_studio_s,27.195897277694442,2026-06-01T06:00:00.000Z
sensor.meross_temperature_studio_s,27.100000000000005,2026-06-01T07:00:00.000Z
sensor.meross_temperature_studio_s,27.27548770188889,2026-06-01T08:00:00.000Z
sensor.meross_temperature_studio_s,27.332202006694445,2026-06-01T09:00:00.000Z
sensor.meross_temperature_studio_s,27.480742881111112,2026-06-01T10:00:00.000Z
sensor.meross_temperature_studio_s,27.597305276777778,2026-06-01T11:00:00.000Z
sensor.meross_temperature_studio_s,27.68473420966667,2026-06-01T12:00:00.000Z
sensor.meross_temperature_studio_s,27.83526060583333,2026-06-01T13:00:00.000Z
sensor.meross_temperature_studio_s,27.89314369786111,2026-06-01T14:00:00.000Z
sensor.meross_temperature_studio_s,27.899999999999995,2026-06-01T15:00:00.000Z
sensor.meross_temperature_studio_s,27.899999999999995,2026-06-01T16:00:00.000Z
sensor.meross_temperature_studio_s,27.87613391161111,2026-06-01T18:00:00.000Z
sensor.meross_temperature_studio_s,27.8,2026-06-01T19:00:00.000Z
sensor.meross_temperature_studio_s,27.703044663444444,2026-06-01T20:00:00.000Z
sensor.meross_temperature_studio_s,27.54103425741667,2026-06-01T21:00:00.000Z
sensor.meross_temperature_studio_s,27.399999999999995,2026-06-01T22:00:00.000Z
sensor.meross_temperature_studio_s,27.352809179972223,2026-06-01T23:00:00.000Z
sensor.meross_temperature_studio_s,27.272151492972224,2026-06-02T00:00:00.000Z
sensor.meross_temperature_studio_s,27.139950109166666,2026-06-02T01:00:00.000Z
sensor.meross_temperature_studio_s,27.03356219675,2026-06-02T02:00:00.000Z
sensor.meross_temperature_studio_s,27.100000000000005,2026-06-02T03:00:00.000Z
sensor.meross_temperature_studio_s,27.100000000000005,2026-06-02T04:00:00.000Z
sensor.meross_temperature_studio_s,27.04399050658333,2026-06-02T05:00:00.000Z
sensor.meross_temperature_studio_s,27,2026-06-02T06:00:00.000Z
sensor.meross_temperature_studio_s,27,2026-06-02T07:00:00.000Z
sensor.meross_temperature_studio_s,27.06811395277778,2026-06-02T09:00:00.000Z
sensor.meross_temperature_studio_s,26.929374841222224,2026-06-02T10:00:00.000Z
sensor.meross_temperature_studio_s,26.886412396249998,2026-06-02T11:00:00.000Z
sensor.meross_temperature_studio_s,26.865710937583334,2026-06-02T12:00:00.000Z
sensor.meross_temperature_studio_s,26.770157804555556,2026-06-02T13:00:00.000Z
sensor.meross_temperature_studio_s,26.739374773833333,2026-06-02T14:00:00.000Z
sensor.meross_temperature_studio_s,26.630652443694444,2026-06-02T15:00:00.000Z
sensor.meross_temperature_studio_s,26.650000000000002,2026-06-02T16:00:00.000Z
sensor.meross_temperature_studio_s,26.674893574055556,2026-06-02T17:00:00.000Z
sensor.meross_temperature_studio_s,26.59164182977778,2026-06-02T18:00:00.000Z
sensor.meross_temperature_studio_s,26.608997569527777,2026-06-02T19:00:00.000Z
sensor.meross_temperature_studio_s,26.50271291088889,2026-06-02T20:00:00.000Z
sensor.meross_temperature_studio_s,26.44983438861111,2026-06-02T21:00:00.000Z
sensor.meross_temperature_studio_s,26.399999999999995,2026-06-02T22:00:00.000Z
sensor.meross_temperature_studio_s,26.399999999999995,2026-06-02T23:00:00.000Z
sensor.meross_temperature_studio_s,26.34256032847222,2026-06-03T00:00:00.000Z
sensor.meross_temperature_studio_s,26.297244015194448,2026-06-03T01:00:00.000Z
sensor.meross_temperature_studio_s,26.2,2026-06-03T02:00:00.000Z
sensor.meross_temperature_studio_s,26.184520278805554,2026-06-03T03:00:00.000Z
sensor.meross_temperature_studio_s,26.100000000000005,2026-06-03T04:00:00.000Z
sensor.meross_temperature_studio_s,26.06557297936111,2026-06-03T05:00:00.000Z
sensor.meross_temperature_studio_s,26.050319506444442,2026-06-03T06:00:00.000Z
sensor.meross_temperature_studio_s,26.160738378722225,2026-06-03T07:00:00.000Z
sensor.meross_temperature_studio_s,26.29352304325,2026-06-03T08:00:00.000Z
sensor.meross_temperature_studio_s,26.464370129499997,2026-06-03T09:00:00.000Z
sensor.meross_temperature_studio_s,26.56007578022222,2026-06-03T10:00:00.000Z
sensor.meross_temperature_studio_s,26.580212073138892,2026-06-03T11:00:00.000Z
sensor.meross_temperature_studio_s,26.655370989638886,2026-06-03T12:00:00.000Z
sensor.meross_temperature_studio_s,26.697992521972225,2026-06-03T13:00:00.000Z
sensor.meross_temperature_studio_s,26.88443320861111,2026-06-03T14:00:00.000Z
sensor.meross_temperature_studio_s,26.86752782336111,2026-06-03T15:00:00.000Z
sensor.meross_temperature_studio_s,26.856506314833336,2026-06-03T16:00:00.000Z
sensor.meross_temperature_studio_s,26.899999999999995,2026-06-03T17:00:00.000Z
sensor.meross_temperature_studio_s,26.899999999999995,2026-06-03T18:00:00.000Z
sensor.meross_temperature_studio_s,26.86094649916667,2026-06-03T19:00:00.000Z
sensor.meross_temperature_studio_s,26.8,2026-06-03T20:00:00.000Z
sensor.meross_temperature_studio_s,26.68808161277778,2026-06-03T21:00:00.000Z
sensor.meross_temperature_studio_s,26.556642538333335,2026-06-03T22:00:00.000Z
sensor.meross_temperature_studio_s,26.45972815822222,2026-06-03T23:00:00.000Z
sensor.meross_temperature_studio_s,26.376428129527778,2026-06-04T00:00:00.000Z
sensor.meross_temperature_studio_s,26.3,2026-06-04T01:00:00.000Z
sensor.meross_temperature_studio_s,26.24197598936111,2026-06-04T02:00:00.000Z
sensor.meross_temperature_studio_s,26.19393607486111,2026-06-04T03:00:00.000Z
sensor.meross_temperature_studio_s,26.100000000000005,2026-06-04T04:00:00.000Z
sensor.meross_temperature_studio_s,26.068291684694444,2026-06-04T05:00:00.000Z
sensor.meross_temperature_studio_s,26.04485011575,2026-06-04T06:00:00.000Z
sensor.meross_temperature_studio_s,26.215174735999998,2026-06-04T07:00:00.000Z
sensor.meross_temperature_studio_s,26.36696530144444,2026-06-04T08:00:00.000Z
sensor.meross_temperature_studio_s,26.543847097972222,2026-06-04T09:00:00.000Z
sensor.meross_temperature_studio_s,26.600000000000005,2026-06-04T10:00:00.000Z
sensor.meross_temperature_studio_s,26.666356189083334,2026-06-04T11:00:00.000Z
sensor.meross_temperature_studio_s,26.87310073636111,2026-06-04T12:00:00.000Z
sensor.meross_temperature_studio_s,26.899999999999995,2026-06-04T13:00:00.000Z
sensor.meross_temperature_studio_s,26.899999999999995,2026-06-04T14:00:00.000Z
sensor.meross_temperature_studio_s,26.832932807944445,2026-06-04T15:00:00.000Z
sensor.meross_temperature_studio_s,26.896477310805555,2026-06-04T16:00:00.000Z
sensor.meross_temperature_studio_s,26.956179137583334,2026-06-04T17:00:00.000Z
sensor.meross_temperature_studio_s,27.029842118833333,2026-06-04T18:00:00.000Z
sensor.meross_temperature_studio_s,26.876767212833332,2026-06-04T19:00:00.000Z
sensor.meross_temperature_studio_s,26.785731263194446,2026-06-04T20:00:00.000Z
sensor.meross_temperature_studio_s,26.664423733444448,2026-06-04T21:00:00.000Z
sensor.meross_temperature_studio_s,26.58384521102778,2026-06-04T22:00:00.000Z
sensor.meross_temperature_studio_s,26.439833674750002,2026-06-04T23:00:00.000Z
sensor.meross_temperature_studio_s,26.336806677055552,2026-06-05T00:00:00.000Z
sensor.meross_temperature_studio_s,26.220941991611113,2026-06-05T01:00:00.000Z
sensor.meross_temperature_studio_s,26.156981420027776,2026-06-05T02:00:00.000Z
sensor.meross_temperature_studio_s,26.083435251861115,2026-06-05T03:00:00.000Z
sensor.meross_temperature_studio_s,26,2026-06-05T04:00:00.000Z
sensor.meross_temperature_studio_s,25.959457615999998,2026-06-05T05:00:00.000Z
sensor.meross_temperature_studio_s,25.80086182761111,2026-06-05T06:00:00.000Z
sensor.meross_temperature_studio_s,25.899999999999995,2026-06-05T07:00:00.000Z
sensor.meross_temperature_studio_s,25.924810913666665,2026-06-05T08:00:00.000Z
sensor.meross_temperature_studio_s,26.198048137083333,2026-06-05T09:00:00.000Z
sensor.meross_temperature_studio_s,26.340285210999998,2026-06-05T10:00:00.000Z
sensor.meross_temperature_studio_s,26.506250272416665,2026-06-05T11:00:00.000Z
sensor.meross_temperature_studio_s,26.399999999999995,2026-06-05T12:00:00.000Z
sensor.meross_temperature_studio_s,26.368507862277777,2026-06-05T13:00:00.000Z
sensor.meross_temperature_studio_s,26.339245345833334,2026-06-05T14:00:00.000Z
sensor.meross_temperature_studio_s,26.435323005777775,2026-06-05T15:00:00.000Z
sensor.meross_temperature_studio_s,26.420318088194445,2026-06-05T16:00:00.000Z
sensor.meross_temperature_studio_s,26.475265884805555,2026-06-05T17:00:00.000Z
sensor.meross_temperature_studio_s,26.5,2026-06-05T18:00:00.000Z
sensor.meross_temperature_studio_s,26.49315109247222,2026-06-05T19:00:00.000Z
sensor.meross_temperature_studio_s,26.372201484583332,2026-06-05T20:00:00.000Z
sensor.meross_temperature_studio_s,26.288902266916665,2026-06-05T21:00:00.000Z
sensor.meross_temperature_studio_s,26.2,2026-06-05T22:00:00.000Z
sensor.meross_temperature_studio_s,26.102879901583336,2026-06-05T23:00:00.000Z
sensor.meross_temperature_studio_s,26.06576036827778,2026-06-06T00:00:00.000Z
sensor.meross_temperature_studio_s,26,2026-06-06T01:00:00.000Z
sensor.meross_temperature_studio_s,26,2026-06-06T02:00:00.000Z
sensor.meross_temperature_studio_s,25.933755760305555,2026-06-06T04:00:00.000Z
sensor.meross_temperature_studio_s,25.899999999999995,2026-06-06T05:00:00.000Z
sensor.meross_temperature_studio_s,25.899999999999995,2026-06-06T06:00:00.000Z
sensor.meross_temperature_studio_s,26.00536475275,2026-06-06T09:00:00.000Z
sensor.meross_temperature_studio_s,26.150230985194444,2026-06-06T10:00:00.000Z
sensor.meross_temperature_studio_s,26.494546399083333,2026-06-06T11:00:00.000Z
sensor.meross_temperature_studio_s,26.532109273583334,2026-06-06T12:00:00.000Z
sensor.meross_temperature_studio_s,26.7,2026-06-06T13:00:00.000Z
sensor.meross_temperature_studio_s,26.683363398472224,2026-06-06T14:00:00.000Z
sensor.meross_temperature_studio_s,26.600000000000005,2026-06-06T15:00:00.000Z
sensor.meross_temperature_studio_s,26.54891163013889,2026-06-06T16:00:00.000Z
sensor.meross_temperature_studio_s,26.5,2026-06-06T17:00:00.000Z
sensor.meross_temperature_studio_s,26.554237982333333,2026-06-06T18:00:00.000Z
sensor.meross_temperature_studio_s,26.5,2026-06-06T19:00:00.000Z
sensor.meross_temperature_studio_s,26.428660672666666,2026-06-06T20:00:00.000Z
sensor.meross_temperature_studio_s,26.329189680416665,2026-06-06T21:00:00.000Z
sensor.meross_temperature_studio_s,26.248685208472224,2026-06-06T22:00:00.000Z
sensor.meross_temperature_studio_s,26.100000000000005,2026-06-06T23:00:00.000Z
sensor.meross_temperature_studio_s,26.09682733163889,2026-06-07T00:00:00.000Z
sensor.meross_temperature_studio_s,26,2026-06-07T01:00:00.000Z
sensor.meross_temperature_studio_s,26,2026-06-07T02:00:00.000Z
sensor.meross_temperature_studio_s,25.92186493311111,2026-06-07T04:00:00.000Z
sensor.meross_temperature_studio_s,25.899999999999995,2026-06-07T05:00:00.000Z
sensor.meross_temperature_studio_s,25.899999999999995,2026-06-07T06:00:00.000Z
sensor.meross_temperature_studio_s,25.92751192577778,2026-06-07T07:00:00.000Z
sensor.meross_temperature_studio_s,26.048799131888888,2026-06-07T08:00:00.000Z
sensor.meross_temperature_studio_s,26.3651628715,2026-06-07T09:00:00.000Z
sensor.meross_temperature_studio_s,26.562488894500003,2026-06-07T10:00:00.000Z
sensor.meross_temperature_studio_s,26.678379979805555,2026-06-07T11:00:00.000Z
sensor.meross_temperature_studio_s,26.68439186275,2026-06-07T12:00:00.000Z
sensor.meross_temperature_studio_s,26.681949652472223,2026-06-07T13:00:00.000Z
sensor.meross_temperature_studio_s,26.803961734777776,2026-06-07T14:00:00.000Z
sensor.meross_temperature_studio_s,26.95660969727778,2026-06-07T15:00:00.000Z
sensor.meross_temperature_studio_s,27,2026-06-07T16:00:00.000Z
sensor.meross_temperature_studio_s,26.963424249027778,2026-06-07T17:00:00.000Z
sensor.meross_temperature_studio_s,26.899999999999995,2026-06-07T18:00:00.000Z
sensor.meross_temperature_studio_s,26.899999999999995,2026-06-07T19:00:00.000Z
sensor.meross_temperature_studio_s,26.812770388027776,2026-06-07T21:00:00.000Z
sensor.meross_temperature_studio_s,26.637784296777777,2026-06-07T22:00:00.000Z
sensor.meross_temperature_studio_s,26.549014569388888,2026-06-07T23:00:00.000Z
sensor.meross_temperature_studio_s,26.463545386916667,2026-06-08T00:00:00.000Z
sensor.meross_temperature_studio_s,26.399999999999995,2026-06-08T01:00:00.000Z
sensor.meross_temperature_studio_s,26.304671324833336,2026-06-08T02:00:00.000Z
sensor.meross_temperature_studio_s,26.20778402527778,2026-06-08T03:00:00.000Z
sensor.meross_temperature_studio_s,26.2,2026-06-08T04:00:00.000Z
sensor.meross_temperature_studio_s,26.11142799202778,2026-06-08T05:00:00.000Z
sensor.meross_temperature_studio_s,26.13933554516667,2026-06-08T06:00:00.000Z
sensor.meross_temperature_studio_s,26.365451815083333,2026-06-08T07:00:00.000Z
sensor.meross_temperature_studio_s,26.670511207,2026-06-08T08:00:00.000Z
sensor.meross_temperature_studio_s,26.72402668597222,2026-06-08T09:00:00.000Z
sensor.meross_temperature_studio_s,26.810079190333337,2026-06-08T10:00:00.000Z
sensor.meross_temperature_studio_s,26.899999999999995,2026-06-08T11:00:00.000Z
sensor.meross_temperature_studio_s,26.899999999999995,2026-06-08T12:00:00.000Z
sensor.meross_temperature_studio_s,27.0172989685,2026-06-08T14:00:00.000Z
sensor.meross_temperature_studio_s,27.086412865,2026-06-08T15:00:00.000Z
sensor.meross_temperature_studio_s,27.137533549333337,2026-06-08T16:00:00.000Z
sensor.meross_temperature_studio_s,27.082385515916666,2026-06-08T17:00:00.000Z
sensor.meross_temperature_studio_s,27.054543831305555,2026-06-08T18:00:00.000Z
sensor.meross_temperature_studio_s,27.076499264027778,2026-06-08T19:00:00.000Z
sensor.meross_temperature_studio_s,27,2026-06-08T20:00:00.000Z
sensor.meross_temperature_studio_s,26.949917649750002,2026-06-08T21:00:00.000Z
sensor.meross_temperature_studio_s,26.899999999999995,2026-06-08T22:00:00.000Z
sensor.meross_temperature_studio_s,26.789079610944444,2026-06-08T23:00:00.000Z
sensor.meross_temperature_studio_s,26.7,2026-06-09T00:00:00.000Z
sensor.meross_temperature_studio_s,26.651592392194445,2026-06-09T01:00:00.000Z
sensor.meross_temperature_studio_s,26.600000000000005,2026-06-09T02:00:00.000Z
sensor.meross_temperature_studio_s,26.593714898861112,2026-06-09T03:00:00.000Z
sensor.meross_temperature_studio_s,26.5,2026-06-09T04:00:00.000Z
sensor.meross_temperature_studio_s,26.5,2026-06-09T05:00:00.000Z
sensor.meross_temperature_studio_s,26.522059377972223,2026-06-09T07:00:00.000Z
sensor.meross_temperature_studio_s,26.81211013811111,2026-06-09T08:00:00.000Z
sensor.meross_temperature_studio_s,26.90838591169444,2026-06-09T09:00:00.000Z
sensor.meross_temperature_studio_s,27.013857856,2026-06-09T10:00:00.000Z
sensor.meross_temperature_studio_s,27.113467650944443,2026-06-09T11:00:00.000Z
sensor.meross_temperature_studio_s,27.207685641916665,2026-06-09T12:00:00.000Z
sensor.meross_temperature_studio_s,27.393245167972225,2026-06-09T13:00:00.000Z
sensor.meross_temperature_studio_s,27.551515275833335,2026-06-09T14:00:00.000Z
sensor.meross_temperature_studio_s,27.463711659277777,2026-06-09T15:00:00.000Z
sensor.meross_temperature_studio_s,27.5,2026-06-09T16:00:00.000Z
sensor.meross_temperature_studio_s,27.5,2026-06-09T17:00:00.000Z
sensor.meross_temperature_studio_s,27.420138606555554,2026-06-09T20:00:00.000Z
sensor.meross_temperature_studio_s,27.304687123583335,2026-06-09T21:00:00.000Z
sensor.meross_temperature_studio_s,27.156818952250003,2026-06-09T22:00:00.000Z
sensor.meross_temperature_studio_s,27.051738129555556,2026-06-09T23:00:00.000Z
sensor.meross_temperature_studio_s,27,2026-06-10T00:00:00.000Z
sensor.meross_temperature_studio_s,27,2026-06-10T01:00:00.000Z
sensor.meross_temperature_studio_s,26.901588137944444,2026-06-10T02:00:00.000Z
sensor.meross_temperature_studio_s,26.899999999999995,2026-06-10T03:00:00.000Z
sensor.meross_temperature_studio_s,26.84038131052778,2026-06-10T04:00:00.000Z
sensor.meross_temperature_studio_s,26.8,2026-06-10T05:00:00.000Z
sensor.meross_temperature_studio_s,26.81382151891667,2026-06-10T06:00:00.000Z
sensor.meross_temperature_studio_s,26.899999999999995,2026-06-10T07:00:00.000Z
sensor.meross_temperature_studio_s,26.926075074666667,2026-06-10T08:00:00.000Z
sensor.meross_temperature_studio_s,27.088118405444447,2026-06-10T09:00:00.000Z
sensor.meross_temperature_studio_s,27.111760914361113,2026-06-10T10:00:00.000Z
sensor.meross_temperature_studio_s,27.142533070194446,2026-06-10T11:00:00.000Z
sensor.meross_temperature_studio_s,27.116569310194446,2026-06-10T12:00:00.000Z
sensor.meross_temperature_studio_s,27.23239453016667,2026-06-10T13:00:00.000Z
sensor.meross_temperature_studio_s,27.2,2026-06-10T14:00:00.000Z
sensor.meross_temperature_studio_s,26.90052845511111,2026-06-10T15:00:00.000Z
sensor.meross_temperature_studio_s,26.73379523011111,2026-06-10T16:00:00.000Z
sensor.meross_temperature_studio_s,28.69716937693313,2026-06-18T19:00:00.000Z
sensor.meross_temperature_studio_s,29.064109066527777,2026-06-18T20:00:00.000Z
sensor.meross_temperature_studio_s,29,2026-06-18T21:00:00.000Z
sensor.meross_temperature_studio_s,28.90129840425,2026-06-18T22:00:00.000Z
sensor.meross_temperature_studio_s,28.73766084563889,2026-06-18T23:00:00.000Z
sensor.meross_temperature_studio_s,28.608930733111112,2026-06-19T00:00:00.000Z
sensor.meross_temperature_studio_s,28.50929320091667,2026-06-19T01:00:00.000Z
sensor.meross_temperature_studio_s,28.5,2026-06-19T02:00:00.000Z
sensor.meross_temperature_studio_s,28.5,2026-06-19T03:00:00.000Z
sensor.meross_temperature_studio_s,28.597180296638886,2026-06-19T07:00:00.000Z
sensor.meross_temperature_studio_s,28.85341764058333,2026-06-19T08:00:00.000Z
sensor.meross_temperature_studio_s,28.929429838638885,2026-06-19T09:00:00.000Z
sensor.meross_temperature_studio_s,29,2026-06-19T10:00:00.000Z
sensor.meross_temperature_studio_s,29,2026-06-19T11:00:00.000Z
sensor.meross_temperature_studio_s,29.03372975122222,2026-06-19T12:00:00.000Z
sensor.meross_temperature_studio_s,29.130703700111113,2026-06-19T13:00:00.000Z
sensor.meross_temperature_studio_s,29.224976956583333,2026-06-19T14:00:00.000Z
sensor.meross_temperature_studio_s,29.109484666944443,2026-06-19T15:00:00.000Z
sensor.meross_temperature_studio_s,29.116528683138892,2026-06-19T16:00:00.000Z
sensor.meross_temperature_studio_s,29.254435390444442,2026-06-19T17:00:00.000Z
sensor.meross_temperature_studio_s,29.541450722805553,2026-06-19T18:00:00.000Z
sensor.meross_temperature_studio_s,29.600000000000005,2026-06-19T19:00:00.000Z
sensor.meross_temperature_studio_s,29.600000000000005,2026-06-19T20:00:00.000Z
sensor.meross_temperature_studio_s,29.5617481065,2026-06-19T21:00:00.000Z
sensor.meross_temperature_studio_s,29.441666666666666,2026-06-19T22:00:00.000Z
sensor.meross_temperature_studio_s,29.399999999999995,2026-06-19T23:00:00.000Z
sensor.meross_temperature_studio_s,29.233333333333334,2026-06-20T00:00:00.000Z
sensor.meross_temperature_studio_s,29.179270927527778,2026-06-20T01:00:00.000Z
sensor.meross_temperature_studio_s,29.09319235436111,2026-06-20T02:00:00.000Z
sensor.meross_temperature_studio_s,29,2026-06-20T03:00:00.000Z
sensor.meross_temperature_studio_s,29,2026-06-20T04:00:00.000Z
sensor.meross_temperature_studio_s,29.0399224505,2026-06-20T07:00:00.000Z
sensor.meross_temperature_studio_s,29.18843467052778,2026-06-20T08:00:00.000Z
sensor.meross_temperature_studio_s,29.2,2026-06-20T09:00:00.000Z
sensor.meross_temperature_studio_s,29.147521953416668,2026-06-20T10:00:00.000Z
sensor.meross_temperature_studio_s,29.15214344711111,2026-06-20T11:00:00.000Z
sensor.meross_temperature_studio_s,29.2,2026-06-20T12:00:00.000Z
sensor.meross_temperature_studio_s,29.232468621555554,2026-06-20T13:00:00.000Z
sensor.meross_temperature_studio_s,29.3858970175,2026-06-20T14:00:00.000Z
sensor.meross_temperature_studio_s,29.677491814388887,2026-06-20T15:00:00.000Z
sensor.meross_temperature_studio_s,29.818098971111112,2026-06-20T16:00:00.000Z
sensor.meross_temperature_studio_s,29.899999999999995,2026-06-20T17:00:00.000Z
sensor.meross_temperature_studio_s,29.769383250972222,2026-06-20T18:00:00.000Z
sensor.meross_temperature_studio_s,29.600000000000005,2026-06-20T19:00:00.000Z
sensor.meross_temperature_studio_s,29.500324988333332,2026-06-20T20:00:00.000Z
sensor.meross_temperature_studio_s,29.5,2026-06-20T21:00:00.000Z
sensor.meross_temperature_studio_s,29.418003992527776,2026-06-20T22:00:00.000Z
sensor.meross_temperature_studio_s,29.367154952055554,2026-06-20T23:00:00.000Z
sensor.meross_temperature_studio_s,29.281049177777778,2026-06-21T00:00:00.000Z
sensor.meross_temperature_studio_s,29.075964217333336,2026-06-21T01:00:00.000Z
sensor.meross_temperature_studio_s,29,2026-06-21T02:00:00.000Z
sensor.meross_temperature_studio_s,29.09927604791667,2026-06-21T03:00:00.000Z
sensor.meross_temperature_studio_s,29.033568805694443,2026-06-21T04:00:00.000Z
sensor.meross_temperature_studio_s,29,2026-06-21T05:00:00.000Z
sensor.meross_temperature_studio_s,29.004161088194447,2026-06-21T06:00:00.000Z
sensor.meross_temperature_studio_s,29.160787963027776,2026-06-21T07:00:00.000Z
sensor.meross_temperature_studio_s,29.282146971777777,2026-06-21T08:00:00.000Z
sensor.meross_temperature_studio_s,29.428100072305554,2026-06-21T09:00:00.000Z
sensor.meross_temperature_studio_s,29.578416350555557,2026-06-21T10:00:00.000Z
sensor.meross_temperature_studio_s,29.7,2026-06-21T11:00:00.000Z
sensor.meross_temperature_studio_s,29.721672721916665,2026-06-21T12:00:00.000Z
sensor.meross_temperature_studio_s,29.720336181916664,2026-06-21T13:00:00.000Z
sensor.meross_temperature_studio_s,29.891886293833334,2026-06-21T14:00:00.000Z
sensor.meross_temperature_studio_s,29.899999999999995,2026-06-21T15:00:00.000Z
sensor.meross_temperature_studio_s,29.5515331685,2026-06-21T16:00:00.000Z
sensor.meross_temperature_studio_s,29.6562290855,2026-06-21T17:00:00.000Z
sensor.meross_temperature_studio_s,29.899999999999995,2026-06-21T18:00:00.000Z
sensor.meross_temperature_studio_s,29.899999999999995,2026-06-21T19:00:00.000Z
sensor.meross_temperature_studio_s,29.896996958888888,2026-06-21T21:00:00.000Z
sensor.meross_temperature_studio_s,29.73770318036111,2026-06-21T22:00:00.000Z
sensor.meross_temperature_studio_s,29.7,2026-06-21T23:00:00.000Z
sensor.meross_temperature_studio_s,29.7,2026-06-22T00:00:00.000Z
sensor.meross_temperature_studio_s,29.641375096166666,2026-06-22T01:00:00.000Z
sensor.meross_temperature_studio_s,29.547128353583332,2026-06-22T02:00:00.000Z
sensor.meross_temperature_studio_s,29.4205661915,2026-06-22T03:00:00.000Z
sensor.meross_temperature_studio_s,29.310036587916667,2026-06-22T04:00:00.000Z
sensor.meross_temperature_studio_s,29.3,2026-06-22T05:00:00.000Z
sensor.meross_temperature_studio_s,29.25931921058333,2026-06-22T06:00:00.000Z
sensor.meross_temperature_studio_s,29.44917633375,2026-06-22T07:00:00.000Z
sensor.meross_temperature_studio_s,29.64930738627778,2026-06-22T08:00:00.000Z
sensor.meross_temperature_studio_s,29.825092232083332,2026-06-22T09:00:00.000Z
sensor.meross_temperature_studio_s,29.94555419725,2026-06-22T10:00:00.000Z
sensor.meross_temperature_studio_s,30.013559652472225,2026-06-22T11:00:00.000Z
sensor.meross_temperature_studio_s,30.099205626138893,2026-06-22T12:00:00.000Z
sensor.meross_temperature_studio_s,30.193479211,2026-06-22T13:00:00.000Z
sensor.meross_temperature_studio_s,30.276325009055554,2026-06-22T14:00:00.000Z
sensor.meross_temperature_studio_s,30.493611453107988,2026-06-22T15:00:00.000Z
sensor.meross_temperature_studio_s,30.912805736483183,2026-06-22T16:00:00.000Z
sensor.meross_temperature_studio_s,31.402918413027777,2026-06-22T17:00:00.000Z
sensor.meross_temperature_studio_s,31.67912905877778,2026-06-22T18:00:00.000Z
sensor.meross_temperature_studio_s,31.204020257083332,2026-06-22T19:00:00.000Z
sensor.meross_temperature_studio_s,30.820056165944447,2026-06-22T20:00:00.000Z
sensor.meross_temperature_studio_s,30.54139959661111,2026-06-22T21:00:00.000Z
sensor.meross_temperature_studio_s,30.35082950497222,2026-06-22T22:00:00.000Z
sensor.meross_temperature_studio_s,30.194130737055556,2026-06-22T23:00:00.000Z
sensor.meross_temperature_studio_s,30.097513076305557,2026-06-23T00:00:00.000Z
sensor.meross_temperature_studio_s,30,2026-06-23T01:00:00.000Z
sensor.meross_temperature_studio_s,30,2026-06-23T02:00:00.000Z
sensor.meross_temperature_studio_s,29.908409771166664,2026-06-23T06:00:00.000Z
sensor.meross_temperature_studio_s,29.93869364011111,2026-06-23T07:00:00.000Z
sensor.meross_temperature_studio_s,30.16510872352778,2026-06-23T08:00:00.000Z
sensor.meross_temperature_studio_s,30.213287337277777,2026-06-23T09:00:00.000Z
sensor.meross_temperature_studio_s,30.17046179852778,2026-06-23T10:00:00.000Z
sensor.meross_temperature_studio_s,30.2,2026-06-23T11:00:00.000Z
sensor.meross_temperature_studio_s,30.41090059219444,2026-06-23T12:00:00.000Z
sensor.meross_temperature_studio_s,30.577384580694446,2026-06-23T13:00:00.000Z
sensor.meross_temperature_studio_s,30.545930332166666,2026-06-23T14:00:00.000Z
sensor.meross_temperature_studio_s,30.375741827472222,2026-06-23T15:00:00.000Z
sensor.meross_temperature_studio_s,30.45638380852778,2026-06-23T16:00:00.000Z
sensor.meross_temperature_studio_s,30.561455923472224,2026-06-23T17:00:00.000Z
sensor.meross_temperature_studio_s,30.53987582108333,2026-06-23T18:00:00.000Z
sensor.meross_temperature_studio_s,30.44076542297222,2026-06-23T19:00:00.000Z
sensor.meross_temperature_studio_s,30.399999999999995,2026-06-23T20:00:00.000Z
sensor.meross_temperature_studio_s,30.380751462083335,2026-06-23T21:00:00.000Z
sensor.meross_temperature_studio_s,30.3,2026-06-23T22:00:00.000Z
sensor.meross_temperature_studio_s,30.265082162055553,2026-06-23T23:00:00.000Z
sensor.meross_temperature_studio_s,30.11994203672222,2026-06-24T00:00:00.000Z
sensor.meross_temperature_studio_s,30,2026-06-24T01:00:00.000Z
sensor.meross_temperature_studio_s,30,2026-06-24T02:00:00.000Z
sensor.meross_temperature_studio_s,30.030963421194446,2026-06-24T07:00:00.000Z
sensor.meross_temperature_studio_s,30.240759906194445,2026-06-24T08:00:00.000Z
sensor.meross_temperature_studio_s,30.42332036483333,2026-06-24T09:00:00.000Z
sensor.meross_temperature_studio_s,30.482800988916665,2026-06-24T10:00:00.000Z
sensor.meross_temperature_studio_s,30.473992511916666,2026-06-24T11:00:00.000Z
sensor.meross_temperature_studio_s,30.663556011277777,2026-06-24T12:00:00.000Z
sensor.meross_temperature_studio_s,30.681038710583334,2026-06-24T13:00:00.000Z
sensor.meross_temperature_studio_s,30.604421440333336,2026-06-24T14:00:00.000Z
sensor.meross_temperature_studio_s,30.66890933138889,2026-06-24T15:00:00.000Z
sensor.meross_temperature_studio_s,30.62743537347222,2026-06-24T16:00:00.000Z
sensor.meross_temperature_studio_s,30.69351907633333,2026-06-24T17:00:00.000Z
sensor.meross_temperature_studio_s,30.66530025763889,2026-06-24T18:00:00.000Z
sensor.meross_temperature_studio_s,30.473272736499997,2026-06-24T19:00:00.000Z
sensor.meross_temperature_studio_s,30.305286663333334,2026-06-24T20:00:00.000Z
sensor.meross_temperature_studio_s,30.09920317525,2026-06-24T21:00:00.000Z
sensor.meross_temperature_studio_s,30.09640461425,2026-06-24T22:00:00.000Z
sensor.meross_temperature_studio_s,30.2,2026-06-24T23:00:00.000Z
sensor.meross_temperature_studio_s,30.2,2026-06-25T00:00:00.000Z
sensor.meross_temperature_studio_s,30.197981958305558,2026-06-25T02:00:00.000Z
sensor.meross_temperature_studio_s,30.100000000000005,2026-06-25T03:00:00.000Z
sensor.meross_temperature_studio_s,30.03082559658333,2026-06-25T04:00:00.000Z
sensor.meross_temperature_studio_s,30,2026-06-25T05:00:00.000Z
sensor.meross_temperature_studio_s,30,2026-06-25T06:00:00.000Z
sensor.meross_temperature_studio_s,30.096012410555556,2026-06-25T07:00:00.000Z
sensor.meross_temperature_studio_s,30.22633637075,2026-06-25T08:00:00.000Z
sensor.meross_temperature_studio_s,30.446894254944443,2026-06-25T09:00:00.000Z
sensor.meross_temperature_studio_s,30.578309168027776,2026-06-25T10:00:00.000Z
sensor.meross_temperature_studio_s,30.532806546083336,2026-06-25T11:00:00.000Z
sensor.meross_temperature_studio_s,30.80806484086111,2026-06-25T12:00:00.000Z
sensor.meross_temperature_studio_s,31.81841157711111,2026-06-25T13:00:00.000Z
sensor.meross_temperature_studio_s,32.17136574697222,2026-06-25T14:00:00.000Z
sensor.meross_temperature_studio_s,31.634138585083335,2026-06-25T15:00:00.000Z
sensor.meross_temperature_studio_s,31.669977897555555,2026-06-25T16:00:00.000Z
sensor.meross_temperature_studio_s,31.93625899788889,2026-06-25T17:00:00.000Z
sensor.meross_temperature_studio_s,31.848460022083334,2026-06-25T18:00:00.000Z
sensor.meross_temperature_studio_s,31.555988325805558,2026-06-25T19:00:00.000Z
sensor.meross_temperature_studio_s,31.445597719166667,2026-06-25T20:00:00.000Z
sensor.meross_temperature_studio_s,31.298338894583335,2026-06-25T21:00:00.000Z
sensor.meross_temperature_studio_s,31.15893710613889,2026-06-25T22:00:00.000Z
sensor.meross_temperature_studio_s,31.064651377194448,2026-06-25T23:00:00.000Z
sensor.meross_temperature_studio_s,30.879506004083336,2026-06-26T00:00:00.000Z
sensor.meross_temperature_studio_s,30.729209175055555,2026-06-26T01:00:00.000Z
sensor.meross_temperature_studio_s,30.605101714944443,2026-06-26T02:00:00.000Z
sensor.meross_temperature_studio_s,30.491262173944445,2026-06-26T03:00:00.000Z
sensor.meross_temperature_studio_s,30.399999999999995,2026-06-26T04:00:00.000Z
sensor.meross_temperature_studio_s,30.399999999999995,2026-06-26T05:00:00.000Z
sensor.meross_temperature_studio_s,30.379006885166664,2026-06-26T06:00:00.000Z
sensor.meross_temperature_studio_s,30.377466558027777,2026-06-26T07:00:00.000Z
sensor.meross_temperature_studio_s,30.697928953138888,2026-06-26T08:00:00.000Z
sensor.meross_temperature_studio_s,30.827119077611112,2026-06-26T09:00:00.000Z
sensor.meross_temperature_studio_s,30.92933633936111,2026-06-26T10:00:00.000Z
sensor.meross_temperature_studio_s,30.948299997277775,2026-06-26T11:00:00.000Z
sensor.meross_temperature_studio_s,30.850126305777778,2026-06-26T12:00:00.000Z
sensor.meross_temperature_studio_s,30.853986627694443,2026-06-26T13:00:00.000Z
sensor.meross_temperature_studio_s,30.819470969666668,2026-06-26T14:00:00.000Z
sensor.meross_temperature_studio_s,30.817809472611113,2026-06-26T15:00:00.000Z
sensor.meross_temperature_studio_s,30.862247350444445,2026-06-26T16:00:00.000Z
sensor.meross_temperature_studio_s,31.68456008305556,2026-06-26T17:00:00.000Z
sensor.meross_temperature_studio_s,31.846319448055553,2026-06-26T18:00:00.000Z
sensor.meross_temperature_studio_s,31.533393517555556,2026-06-26T19:00:00.000Z
sensor.meross_temperature_studio_s,31.027756962722222,2026-06-26T20:00:00.000Z
sensor.meross_temperature_studio_s,30.87018583158333,2026-06-26T21:00:00.000Z
sensor.meross_temperature_studio_s,30.899999999999995,2026-06-26T22:00:00.000Z
sensor.meross_temperature_studio_s,30.899999999999995,2026-06-26T23:00:00.000Z
sensor.meross_temperature_studio_s,30.83070650752778,2026-06-27T00:00:00.000Z
sensor.meross_temperature_studio_s,30.8,2026-06-27T01:00:00.000Z
sensor.meross_temperature_studio_s,30.725818173583335,2026-06-27T02:00:00.000Z
sensor.meross_temperature_studio_s,30.7,2026-06-27T03:00:00.000Z
sensor.meross_temperature_studio_s,30.610149157222224,2026-06-27T04:00:00.000Z
sensor.meross_temperature_studio_s,30.600000000000005,2026-06-27T05:00:00.000Z
sensor.meross_temperature_studio_s,30.538548204333335,2026-06-27T06:00:00.000Z
sensor.meross_temperature_studio_s,30.584390175833335,2026-06-27T07:00:00.000Z
sensor.meross_temperature_studio_s,30.854241500249998,2026-06-27T08:00:00.000Z
sensor.meross_temperature_studio_s,30.84306679236111,2026-06-27T09:00:00.000Z
sensor.meross_temperature_studio_s,30.741511361416666,2026-06-27T10:00:00.000Z
sensor.meross_temperature_studio_s,30.622437623555555,2026-06-27T11:00:00.000Z
sensor.meross_temperature_studio_s,30.982882535361114,2026-06-27T12:00:00.000Z
sensor.meross_temperature_studio_s,31.079596218694448,2026-06-27T13:00:00.000Z
sensor.meross_temperature_studio_s,31.037927061,2026-06-27T14:00:00.000Z
sensor.meross_temperature_studio_s,30.938482216944447,2026-06-27T15:00:00.000Z
sensor.meross_temperature_studio_s,31.12019318216667,2026-06-27T16:00:00.000Z
sensor.meross_temperature_studio_s,31.275929872083335,2026-06-27T17:00:00.000Z
sensor.meross_temperature_studio_s,31.708336546583336,2026-06-27T18:00:00.000Z
sensor.meross_temperature_studio_s,31.55053842497222,2026-06-27T19:00:00.000Z
sensor.meross_temperature_studio_s,31.320222008194445,2026-06-27T20:00:00.000Z
sensor.meross_temperature_studio_s,31.327702878444445,2026-06-27T21:00:00.000Z
sensor.meross_temperature_studio_s,31.399999999999995,2026-06-27T22:00:00.000Z
sensor.meross_temperature_studio_s,31.32948085697222,2026-06-27T23:00:00.000Z
sensor.meross_temperature_studio_s,31.21620049083333,2026-06-28T00:00:00.000Z
sensor.meross_temperature_studio_s,31.162520745194445,2026-06-28T01:00:00.000Z
sensor.meross_temperature_studio_s,31.087198449833334,2026-06-28T02:00:00.000Z
sensor.meross_temperature_studio_s,31,2026-06-28T03:00:00.000Z
sensor.meross_temperature_studio_s,30.980751193055553,2026-06-28T04:00:00.000Z
sensor.meross_temperature_studio_s,30.899999999999995,2026-06-28T05:00:00.000Z
sensor.meross_temperature_studio_s,30.856626512444446,2026-06-28T06:00:00.000Z
sensor.meross_temperature_studio_s,30.899999999999995,2026-06-28T07:00:00.000Z
sensor.meross_temperature_studio_s,31.021662770555555,2026-06-28T08:00:00.000Z
sensor.meross_temperature_studio_s,31.17563217216667,2026-06-28T09:00:00.000Z
sensor.meross_temperature_studio_s,31.22827270452778,2026-06-28T10:00:00.000Z
sensor.meross_temperature_studio_s,31.302723900972225,2026-06-28T11:00:00.000Z
sensor.meross_temperature_studio_s,31.379201896861108,2026-06-28T12:00:00.000Z
sensor.meross_temperature_studio_s,31.47483833227778,2026-06-28T13:00:00.000Z
sensor.meross_temperature_studio_s,31.402878598972222,2026-06-28T14:00:00.000Z
sensor.meross_temperature_studio_s,31.470807495916663,2026-06-28T15:00:00.000Z
sensor.meross_temperature_studio_s,31.43197843277778,2026-06-28T16:00:00.000Z
sensor.meross_temperature_studio_s,31.571805184138892,2026-06-28T17:00:00.000Z
sensor.meross_temperature_studio_s,31.517524286527777,2026-06-28T18:00:00.000Z
sensor.meross_temperature_studio_s,31.399999999999995,2026-06-28T19:00:00.000Z
sensor.meross_temperature_studio_s,31.399999999999995,2026-06-28T20:00:00.000Z
sensor.meross_temperature_studio_s,31.34520536625,2026-06-28T21:00:00.000Z
sensor.meross_temperature_studio_s,31.264462281888893,2026-06-28T22:00:00.000Z
sensor.meross_temperature_studio_s,31.140345606361112,2026-06-28T23:00:00.000Z
sensor.meross_temperature_studio_s,31.062297734500003,2026-06-29T00:00:00.000Z
sensor.meross_temperature_studio_s,31,2026-06-29T01:00:00.000Z
sensor.meross_temperature_studio_s,30.98672783541667,2026-06-29T02:00:00.000Z
sensor.meross_temperature_studio_s,30.899999999999995,2026-06-29T03:00:00.000Z
sensor.meross_temperature_studio_s,30.849327574,2026-06-29T04:00:00.000Z
sensor.meross_temperature_studio_s,30.8,2026-06-29T05:00:00.000Z
sensor.meross_temperature_studio_s,30.734950800972225,2026-06-29T06:00:00.000Z
sensor.meross_temperature_studio_s,30.86922940111111,2026-06-29T07:00:00.000Z
sensor.meross_temperature_studio_s,30.818670599694443,2026-06-29T08:00:00.000Z
sensor.meross_temperature_studio_s,30.99444045741667,2026-06-29T09:00:00.000Z
sensor.meross_temperature_studio_s,31.254382682416665,2026-06-29T10:00:00.000Z
sensor.meross_temperature_studio_s,31.612763725916665,2026-06-29T11:00:00.000Z
sensor.meross_temperature_studio_s,31.894157263,2026-06-29T12:00:00.000Z
sensor.meross_temperature_studio_s,32.281184006277776,2026-06-29T13:00:00.000Z
sensor.meross_temperature_studio_s,32.76938663477778,2026-06-29T14:00:00.000Z
sensor.meross_temperature_studio_s,32.81242283975,2026-06-29T15:00:00.000Z
sensor.meross_temperature_studio_s,32.87427394208333,2026-06-29T16:00:00.000Z
sensor.meross_temperature_studio_s,32.14388518047222,2026-06-29T17:00:00.000Z
sensor.meross_temperature_studio_s,31.913339346555556,2026-06-29T18:00:00.000Z
sensor.meross_temperature_studio_s,31.5623245395,2026-06-29T19:00:00.000Z
sensor.meross_temperature_studio_s,31.092498071027777,2026-06-29T20:00:00.000Z
sensor.meross_temperature_studio_s,31.33449388038889,2026-06-29T21:00:00.000Z
sensor.meross_temperature_studio_s,31.3,2026-06-29T22:00:00.000Z
sensor.meross_temperature_studio_s,31.20397840813889,2026-06-29T23:00:00.000Z
sensor.meross_temperature_studio_s,31.11509447263889,2026-06-30T00:00:00.000Z
sensor.meross_temperature_studio_s,30.994042656416667,2026-06-30T01:00:00.000Z
sensor.meross_temperature_studio_s,30.993710572777776,2026-06-30T02:00:00.000Z
sensor.meross_temperature_studio_s,30.948802089861108,2026-06-30T03:00:00.000Z
sensor.meross_temperature_studio_s,30.899999999999995,2026-06-30T04:00:00.000Z
sensor.meross_temperature_studio_s,30.899999999999995,2026-06-30T05:00:00.000Z
sensor.meross_temperature_studio_s,30.912005010277777,2026-06-30T08:00:00.000Z
sensor.meross_temperature_studio_s,30.899999999999995,2026-06-30T09:00:00.000Z
sensor.meross_temperature_studio_s,31.080186333805557,2026-06-30T10:00:00.000Z
sensor.meross_temperature_studio_s,31.38730139822222,2026-06-30T11:00:00.000Z
sensor.meross_temperature_studio_s,31.60245032538889,2026-06-30T12:00:00.000Z
sensor.meross_temperature_studio_s,31.815430126833334,2026-06-30T13:00:00.000Z
sensor.meross_temperature_studio_s,32.16911176238889,2026-06-30T14:00:00.000Z
sensor.meross_temperature_studio_s,32.24137710588889,2026-06-30T15:00:00.000Z
sensor.meross_temperature_studio_s,32.11955915175,2026-06-30T16:00:00.000Z
sensor.meross_temperature_studio_s,32.045817432,2026-06-30T17:00:00.000Z
sensor.meross_temperature_studio_s,32.127067475416666,2026-06-30T18:00:00.000Z
sensor.meross_temperature_studio_s,32.06619189227778,2026-06-30T19:00:00.000Z
sensor.meross_temperature_studio_s,31.857778807916663,2026-06-30T20:00:00.000Z
sensor.meross_temperature_studio_s,31.669636058,2026-06-30T21:00:00.000Z
sensor.meross_temperature_studio_s,31.600000000000005,2026-06-30T22:00:00.000Z
sensor.meross_temperature_studio_s,31.498431879916666,2026-06-30T23:00:00.000Z
sensor.meross_temperature_studio_s,31.399999999999995,2026-07-01T00:00:00.000Z
sensor.meross_temperature_studio_s,31.32068200916667,2026-07-01T01:00:00.000Z
sensor.meross_temperature_studio_s,31.226323840166668,2026-07-01T02:00:00.000Z
sensor.meross_temperature_studio_s,31.1726444865,2026-07-01T03:00:00.000Z
sensor.meross_temperature_studio_s,31.100000000000005,2026-07-01T04:00:00.000Z
sensor.meross_temperature_studio_s,31.070896262555554,2026-07-01T05:00:00.000Z
sensor.meross_temperature_studio_s,30.931035235444444,2026-07-01T06:00:00.000Z
sensor.meross_temperature_studio_s,31.096618573611114,2026-07-01T07:00:00.000Z
sensor.meross_temperature_studio_s,31.18280999711111,2026-07-01T08:00:00.000Z
sensor.meross_temperature_studio_s,31.284023639583335,2026-07-01T09:00:00.000Z
sensor.meross_temperature_studio_s,31.151207935333332,2026-07-01T10:00:00.000Z
sensor.meross_temperature_studio_s,31.379482652083336,2026-07-01T11:00:00.000Z
sensor.meross_temperature_studio_s,31.699123479999997,2026-07-01T12:00:00.000Z
sensor.meross_temperature_studio_s,31.718128360138888,2026-07-01T13:00:00.000Z
sensor.meross_temperature_studio_s,31.133646464944444,2026-07-01T14:00:00.000Z
sensor.meross_temperature_studio_s,30.459881717111113,2026-07-01T15:00:00.000Z
sensor.meross_temperature_studio_s,29.92284521913889,2026-07-01T16:00:00.000Z
sensor.meross_temperature_studio_s,29.38544308825,2026-07-01T17:00:00.000Z
sensor.meross_temperature_studio_s,30.16584064858333,2026-07-01T18:00:00.000Z
sensor.meross_temperature_studio_s,30.399999999999995,2026-07-01T19:00:00.000Z
sensor.meross_temperature_studio_s,30.36671916897222,2026-07-01T20:00:00.000Z
sensor.meross_temperature_studio_s,30.3,2026-07-01T21:00:00.000Z
sensor.meross_temperature_studio_s,30.223987769666664,2026-07-01T22:00:00.000Z
sensor.meross_temperature_studio_s,30.2,2026-07-01T23:00:00.000Z
sensor.meross_temperature_studio_s,30.181506188194444,2026-07-02T00:00:00.000Z
sensor.meross_temperature_studio_s,30.098067800722223,2026-07-02T01:00:00.000Z
sensor.meross_temperature_studio_s,30,2026-07-02T02:00:00.000Z
sensor.meross_temperature_studio_s,30,2026-07-02T03:00:00.000Z
sensor.meross_temperature_studio_s,29.8751904905,2026-07-02T05:00:00.000Z
sensor.meross_temperature_studio_s,28.481907433916664,2026-07-02T06:00:00.000Z
sensor.meross_temperature_studio_s,29.00902995377778,2026-07-02T07:00:00.000Z
sensor.meross_temperature_studio_s,29.51934368488889,2026-07-02T08:00:00.000Z
sensor.meross_temperature_studio_s,29.7,2026-07-02T09:00:00.000Z
sensor.meross_temperature_studio_s,29.819848340055557,2026-07-02T10:00:00.000Z
sensor.meross_temperature_studio_s,29.899999999999995,2026-07-02T11:00:00.000Z
sensor.meross_temperature_studio_s,29.927287218777778,2026-07-02T12:00:00.000Z
sensor.meross_temperature_studio_s,30,2026-07-02T13:00:00.000Z
sensor.meross_temperature_studio_s,30.1,2026-07-02T14:00:00.000Z
sensor.meross_temperature_studio_s,30.134507524333333,2026-07-02T15:00:00.000Z
sensor.meross_temperature_studio_s,30.069220185694444,2026-07-02T16:00:00.000Z
sensor.meross_temperature_studio_s,30,2026-07-02T17:00:00.000Z
sensor.meross_temperature_studio_s,30,2026-07-02T18:00:00.000Z
sensor.meross_temperature_studio_s,29.908850838333333,2026-07-02T20:00:00.000Z
sensor.meross_temperature_studio_s,29.831211144416667,2026-07-02T21:00:00.000Z
sensor.meross_temperature_studio_s,30,2026-07-02T22:00:00.000Z
sensor.meross_temperature_studio_s,30,2026-07-02T23:00:00.000Z
sensor.meross_temperature_studio_s,29.920130441194445,2026-07-03T01:00:00.000Z
sensor.meross_temperature_studio_s,29.899999999999995,2026-07-03T02:00:00.000Z
sensor.meross_temperature_studio_s,29.798393369222225,2026-07-03T03:00:00.000Z
sensor.meross_temperature_studio_s,29.7,2026-07-03T04:00:00.000Z
sensor.meross_temperature_studio_s,29.499250068833334,2026-07-03T05:00:00.000Z
sensor.meross_temperature_studio_s,29.336170844944444,2026-07-03T06:00:00.000Z
sensor.meross_temperature_studio_s,29.3,2026-07-03T07:00:00.000Z
sensor.meross_temperature_studio_s,30.1,2026-07-03T17:00:00.000Z
sensor.meross_temperature_studio_s,30.100000000000005,2026-07-03T18:00:00.000Z
sensor.meross_temperature_studio_s,30.102695240611112,2026-07-03T19:00:00.000Z
sensor.meross_temperature_studio_s,30.100000000000005,2026-07-03T20:00:00.000Z
sensor.meross_temperature_studio_s,30.100000000000005,2026-07-03T21:00:00.000Z
sensor.meross_temperature_studio_s,30.075500754111115,2026-07-03T22:00:00.000Z
sensor.meross_temperature_studio_s,30,2026-07-03T23:00:00.000Z
sensor.meross_temperature_studio_s,30,2026-07-04T00:00:00.000Z
sensor.meross_temperature_studio_s,29.992731850527775,2026-07-04T01:00:00.000Z
sensor.meross_temperature_studio_s,29.899999999999995,2026-07-04T02:00:00.000Z
sensor.meross_temperature_studio_s,29.84455357711111,2026-07-04T03:00:00.000Z
sensor.meross_temperature_studio_s,29.8,2026-07-04T04:00:00.000Z
sensor.meross_temperature_studio_s,29.71954896652778,2026-07-04T05:00:00.000Z
sensor.meross_temperature_studio_s,29.7,2026-07-04T06:00:00.000Z
sensor.meross_temperature_studio_s,29.622885795444446,2026-07-04T07:00:00.000Z
sensor.meross_temperature_studio_s,29.657828055,2026-07-04T08:00:00.000Z
sensor.meross_temperature_studio_s,29.839465962916666,2026-07-04T09:00:00.000Z
sensor.meross_temperature_studio_s,29.872598943055554,2026-07-04T10:00:00.000Z
sensor.meross_temperature_studio_s,29.939574956944444,2026-07-04T11:00:00.000Z
sensor.meross_temperature_studio_s,30.06610448658334,2026-07-04T12:00:00.000Z
sensor.meross_temperature_studio_s,30.12709136338889,2026-07-04T13:00:00.000Z
sensor.meross_temperature_studio_s,30.304557256194443,2026-07-04T14:00:00.000Z
sensor.meross_temperature_studio_s,30.599936022000005,2026-07-04T15:00:00.000Z
sensor.meross_temperature_studio_s,31.016318118138887,2026-07-04T16:00:00.000Z
sensor.meross_temperature_studio_s,30.93042571077778,2026-07-04T17:00:00.000Z
sensor.meross_temperature_studio_s,30.931707897833334,2026-07-04T18:00:00.000Z
sensor.meross_temperature_studio_s,30.881807244805554,2026-07-04T19:00:00.000Z
sensor.meross_temperature_studio_s,30.706203327027776,2026-07-04T20:00:00.000Z
sensor.meross_temperature_studio_s,30.618346962111115,2026-07-04T21:00:00.000Z
sensor.meross_temperature_studio_s,30.578226363333332,2026-07-04T22:00:00.000Z
sensor.meross_temperature_studio_s,30.5,2026-07-04T23:00:00.000Z
sensor.meross_temperature_studio_s,30.42271280188889,2026-07-05T00:00:00.000Z
sensor.meross_temperature_studio_s,30.306737086166667,2026-07-05T01:00:00.000Z
sensor.meross_temperature_studio_s,30.22599418794444,2026-07-05T02:00:00.000Z
sensor.meross_temperature_studio_s,30.169674746972223,2026-07-05T03:00:00.000Z
sensor.meross_temperature_studio_s,30.02116165161111,2026-07-05T04:00:00.000Z
sensor.meross_temperature_studio_s,30,2026-07-05T05:00:00.000Z
sensor.meross_temperature_studio_s,30,2026-07-05T06:00:00.000Z
sensor.meross_temperature_studio_s,30.142208085638888,2026-07-05T16:00:00.000Z
sensor.meross_temperature_studio_s,30.588547420777775,2026-07-05T17:00:00.000Z
sensor.meross_temperature_studio_s,30.7,2026-07-05T18:00:00.000Z
sensor.meross_temperature_studio_s,30.7,2026-07-05T19:00:00.000Z
sensor.meross_temperature_studio_s,30.699374914944443,2026-07-05T20:00:00.000Z
sensor.meross_temperature_studio_s,30.600000000000005,2026-07-05T21:00:00.000Z
sensor.meross_temperature_studio_s,30.600000000000005,2026-07-05T22:00:00.000Z
sensor.meross_temperature_studio_s,30.505001565472224,2026-07-05T23:00:00.000Z
sensor.meross_temperature_studio_s,30.367395568305554,2026-07-06T00:00:00.000Z
sensor.meross_temperature_studio_s,30.3,2026-07-06T01:00:00.000Z
sensor.meross_temperature_studio_s,30.211048371638885,2026-07-06T02:00:00.000Z
sensor.meross_temperature_studio_s,30.170984048444442,2026-07-06T03:00:00.000Z
sensor.meross_temperature_studio_s,30.100000000000005,2026-07-06T04:00:00.000Z
sensor.meross_temperature_studio_s,29.97287065852778,2026-07-06T05:00:00.000Z
sensor.meross_temperature_studio_s,29.818278178694445,2026-07-06T06:00:00.000Z
sensor.meross_temperature_studio_s,29.835317482333334,2026-07-06T07:00:00.000Z
sensor.meross_temperature_studio_s,29.95054364169444,2026-07-06T08:00:00.000Z
sensor.meross_temperature_studio_s,30.088220047916668,2026-07-06T09:00:00.000Z
sensor.meross_temperature_studio_s,30.193330346583334,2026-07-06T10:00:00.000Z
sensor.meross_temperature_studio_s,30.24156494397222,2026-07-06T11:00:00.000Z
sensor.meross_temperature_studio_s,30.3,2026-07-06T12:00:00.000Z
sensor.meross_temperature_studio_s,30.32747474683333,2026-07-06T13:00:00.000Z
sensor.meross_temperature_studio_s,30.399999999999995,2026-07-06T14:00:00.000Z
sensor.meross_temperature_studio_s,30.4899348965,2026-07-06T15:00:00.000Z
sensor.meross_temperature_studio_s,30.641597884944446,2026-07-06T16:00:00.000Z
sensor.meross_temperature_studio_s,30.882068060555554,2026-07-06T17:00:00.000Z
sensor.meross_temperature_studio_s,31.008102087555557,2026-07-06T18:00:00.000Z
sensor.meross_temperature_studio_s,30.755868977194442,2026-07-06T19:00:00.000Z
sensor.meross_temperature_studio_s,30.653362839249997,2026-07-06T20:00:00.000Z
sensor.meross_temperature_studio_s,30.54160887908333,2026-07-06T21:00:00.000Z
sensor.meross_temperature_studio_s,30.482904468666664,2026-07-06T22:00:00.000Z
sensor.meross_temperature_studio_s,30.385902366222222,2026-07-06T23:00:00.000Z
sensor.meross_temperature_studio_s,30.3,2026-07-07T00:00:00.000Z
sensor.meross_temperature_studio_s,30.253978659527778,2026-07-07T01:00:00.000Z
sensor.meross_temperature_studio_s,30.2,2026-07-07T02:00:00.000Z
sensor.meross_temperature_studio_s,30.11388669352778,2026-07-07T03:00:00.000Z
sensor.meross_temperature_studio_s,30.079268216472226,2026-07-07T04:00:00.000Z
sensor.meross_temperature_studio_s,29.962459084888888,2026-07-07T05:00:00.000Z
sensor.meross_temperature_studio_s,29.846510966222223,2026-07-07T06:00:00.000Z
sensor.meross_temperature_studio_s,29.91577541908333,2026-07-07T07:00:00.000Z
sensor.meross_temperature_studio_s,30.073098790472226,2026-07-07T08:00:00.000Z
sensor.meross_temperature_studio_s,30.2,2026-07-07T09:00:00.000Z
sensor.meross_temperature_studio_s,30.272572124444448,2026-07-07T10:00:00.000Z
sensor.meross_temperature_studio_s,30.339783652833333,2026-07-07T11:00:00.000Z
sensor.meross_temperature_studio_s,30.399999999999995,2026-07-07T12:00:00.000Z
sensor.meross_temperature_studio_s,30.399999999999995,2026-07-07T13:00:00.000Z
sensor.meross_temperature_studio_s,30.407295478861112,2026-07-07T14:00:00.000Z
sensor.meross_temperature_studio_s,30.5,2026-07-07T15:00:00.000Z
sensor.meross_temperature_studio_s,30.710637551083334,2026-07-07T16:00:00.000Z
sensor.meross_temperature_studio_s,31.248408023777774,2026-07-07T17:00:00.000Z
sensor.meross_temperature_studio_s,31.165673590083333,2026-07-07T18:00:00.000Z
sensor.meross_temperature_studio_s,30.956148007527776,2026-07-07T19:00:00.000Z
sensor.meross_temperature_studio_s,30.739973007166668,2026-07-07T20:00:00.000Z
sensor.meross_temperature_studio_s,30.648226889805557,2026-07-07T21:00:00.000Z
sensor.meross_temperature_studio_s,30.534974351388893,2026-07-07T22:00:00.000Z
sensor.meross_temperature_studio_s,30.435337590944442,2026-07-07T23:00:00.000Z
sensor.meross_temperature_studio_s,30.346480983805552,2026-07-08T00:00:00.000Z
sensor.meross_temperature_studio_s,30.29949759238889,2026-07-08T01:00:00.000Z
sensor.meross_temperature_studio_s,30.2,2026-07-08T02:00:00.000Z
sensor.meross_temperature_studio_s,30.151069412305556,2026-07-08T03:00:00.000Z
sensor.meross_temperature_studio_s,30.100000000000005,2026-07-08T04:00:00.000Z
sensor.meross_temperature_studio_s,30.00608895941667,2026-07-08T05:00:00.000Z
sensor.meross_temperature_studio_s,29.92512353238889,2026-07-08T06:00:00.000Z
sensor.meross_temperature_studio_s,29.899999999999995,2026-07-08T07:00:00.000Z
sensor.meross_temperature_studio_s,30.052435394527777,2026-07-08T08:00:00.000Z
sensor.meross_temperature_studio_s,30.311014709138888,2026-07-08T09:00:00.000Z
sensor.meross_temperature_studio_s,30.399999999999995,2026-07-08T10:00:00.000Z
sensor.meross_temperature_studio_s,30.52392970716667,2026-07-08T11:00:00.000Z
sensor.meross_temperature_studio_s,30.648140349666665,2026-07-08T12:00:00.000Z
sensor.meross_temperature_studio_s,30.7,2026-07-08T13:00:00.000Z
sensor.meross_temperature_studio_s,30.904647300277777,2026-07-08T14:00:00.000Z
sensor.meross_temperature_studio_s,31.188318125638887,2026-07-08T15:00:00.000Z
sensor.meross_temperature_studio_s,31.45017935338889,2026-07-08T16:00:00.000Z
sensor.meross_temperature_studio_s,31.77326892863889,2026-07-08T17:00:00.000Z
sensor.meross_temperature_studio_s,31.692444547805554,2026-07-08T18:00:00.000Z
sensor.meross_temperature_studio_s,31.235851753749998,2026-07-08T19:00:00.000Z
sensor.meross_temperature_studio_s,31.052998768583336,2026-07-08T20:00:00.000Z
sensor.meross_temperature_studio_s,30.96427987811111,2026-07-08T21:00:00.000Z
sensor.meross_temperature_studio_s,30.855306276805553,2026-07-08T22:00:00.000Z
sensor.meross_temperature_studio_s,30.684720062055558,2026-07-08T23:00:00.000Z
sensor.meross_temperature_studio_s,30.63496530725,2026-07-09T00:00:00.000Z
sensor.meross_temperature_studio_s,30.65619936336111,2026-07-09T01:00:00.000Z
sensor.meross_temperature_studio_s,30.600000000000005,2026-07-09T02:00:00.000Z
sensor.meross_temperature_studio_s,30.600000000000005,2026-07-09T03:00:00.000Z
sensor.meross_temperature_studio_s,30.505688884305556,2026-07-09T04:00:00.000Z
sensor.meross_temperature_studio_s,30.480739613,2026-07-09T05:00:00.000Z
sensor.meross_temperature_studio_s,30.399999999999995,2026-07-09T06:00:00.000Z
sensor.meross_temperature_studio_s,30.399999999999995,2026-07-09T07:00:00.000Z
sensor.meross_temperature_studio_s,30.53143202675,2026-07-09T08:00:00.000Z
sensor.meross_temperature_studio_s,30.672381602111113,2026-07-09T09:00:00.000Z
sensor.meross_temperature_studio_s,30.762017748694443,2026-07-09T10:00:00.000Z
sensor.meross_temperature_studio_s,30.813950924361112,2026-07-09T11:00:00.000Z
sensor.meross_temperature_studio_s,30.899999999999995,2026-07-09T12:00:00.000Z
sensor.meross_temperature_studio_s,30.995942034583333,2026-07-09T13:00:00.000Z
sensor.meross_temperature_studio_s,31.11372496052778,2026-07-09T14:00:00.000Z
sensor.meross_temperature_studio_s,31.223201344777777,2026-07-09T15:00:00.000Z
sensor.meross_temperature_studio_s,31.3,2026-07-09T16:00:00.000Z
sensor.meross_temperature_studio_s,31.411402343749998,2026-07-09T17:00:00.000Z
sensor.meross_temperature_studio_s,31.337963280500002,2026-07-09T18:00:00.000Z
sensor.meross_temperature_studio_s,31.249052170416665,2026-07-09T19:00:00.000Z
sensor.meross_temperature_studio_s,31.15844446866667,2026-07-09T20:00:00.000Z
sensor.meross_temperature_studio_s,31.077701368166668,2026-07-09T21:00:00.000Z
sensor.meross_temperature_studio_s,31,2026-07-09T22:00:00.000Z
sensor.meross_temperature_studio_s,30.926271914388888,2026-07-09T23:00:00.000Z
sensor.meross_temperature_studio_s,30.867201871972224,2026-07-10T00:00:00.000Z
sensor.meross_temperature_studio_s,30.797266589444444,2026-07-10T01:00:00.000Z
sensor.meross_temperature_studio_s,30.7,2026-07-10T02:00:00.000Z
sensor.meross_temperature_studio_s,30.627386221972227,2026-07-10T03:00:00.000Z
sensor.meross_temperature_studio_s,30.600000000000005,2026-07-10T04:00:00.000Z
sensor.meross_temperature_studio_s,30.538308818833332,2026-07-10T05:00:00.000Z
sensor.meross_temperature_studio_s,30.451620034277777,2026-07-10T06:00:00.000Z
sensor.meross_temperature_studio_s,30.47874568486111,2026-07-10T07:00:00.000Z
sensor.meross_temperature_studio_s,30.405501962583333,2026-07-10T08:00:00.000Z
sensor.meross_temperature_studio_s,30.534510257833333,2026-07-10T09:00:00.000Z
sensor.meross_temperature_studio_s,30.792443535361112,2026-07-10T10:00:00.000Z
sensor.meross_temperature_studio_s,30.88132746975,2026-07-10T11:00:00.000Z
sensor.meross_temperature_studio_s,30.899999999999995,2026-07-10T12:00:00.000Z
sensor.meross_temperature_studio_s,30.899999999999995,2026-07-10T13:00:00.000Z
sensor.meross_temperature_studio_s,31.238573459999998,2026-07-10T17:00:00.000Z
sensor.meross_temperature_studio_s,31.43482812627778,2026-07-10T18:00:00.000Z
sensor.meross_temperature_studio_s,31.29527938475,2026-07-10T19:00:00.000Z
sensor.meross_temperature_studio_s,31.073196317666667,2026-07-10T20:00:00.000Z
sensor.meross_temperature_studio_s,30.975564371722225,2026-07-10T21:00:00.000Z
sensor.meross_temperature_studio_s,30.8848030985,2026-07-10T22:00:00.000Z
sensor.meross_temperature_studio_s,30.75798789925,2026-07-10T23:00:00.000Z
sensor.meross_temperature_studio_s,30.7,2026-07-11T00:00:00.000Z
sensor.meross_temperature_studio_s,30.7,2026-07-11T01:00:00.000Z
sensor.meross_temperature_studio_s,30.675053166888887,2026-07-11T02:00:00.000Z
sensor.meross_temperature_studio_s,30.600000000000005,2026-07-11T03:00:00.000Z
sensor.meross_temperature_studio_s,30.600000000000005,2026-07-11T04:00:00.000Z
sensor.meross_temperature_studio_s,30.574091419222224,2026-07-11T07:00:00.000Z
sensor.meross_temperature_studio_s,30.447202346277777,2026-07-11T08:00:00.000Z
sensor.meross_temperature_studio_s,30.559780172805556,2026-07-11T09:00:00.000Z
sensor.meross_temperature_studio_s,30.756619216444445,2026-07-11T10:00:00.000Z
sensor.meross_temperature_studio_s,31.02010698663889,2026-07-11T11:00:00.000Z
sensor.meross_temperature_studio_s,31.230405777805554,2026-07-11T12:00:00.000Z
sensor.meross_temperature_studio_s,31.32514378322222,2026-07-11T13:00:00.000Z
sensor.meross_temperature_studio_s,31.372226834583333,2026-07-11T14:00:00.000Z
sensor.meross_temperature_studio_s,31.475796673027777,2026-07-11T15:00:00.000Z
sensor.meross_temperature_studio_s,31.456374821444445,2026-07-11T16:00:00.000Z
sensor.meross_temperature_studio_s,31.75106807725,2026-07-11T17:00:00.000Z
sensor.meross_temperature_studio_s,31.364976042,2026-07-11T18:00:00.000Z
sensor.meross_temperature_studio_s,31.174850982888888,2026-07-11T19:00:00.000Z
sensor.meross_temperature_studio_s,31.100000000000005,2026-07-11T20:00:00.000Z
sensor.meross_temperature_studio_s,30.986767047333334,2026-07-11T21:00:00.000Z
sensor.meross_temperature_studio_s,30.98318769475,2026-07-11T22:00:00.000Z
sensor.meross_temperature_studio_s,30.967383469805554,2026-07-11T23:00:00.000Z
sensor.meross_temperature_studio_s,30.875777327249995,2026-07-12T00:00:00.000Z
sensor.meross_temperature_studio_s,30.759746938972224,2026-07-12T01:00:00.000Z
sensor.meross_temperature_studio_s,30.7,2026-07-12T02:00:00.000Z
sensor.meross_temperature_studio_s,30.67384017725,2026-07-12T03:00:00.000Z
sensor.meross_temperature_studio_s,30.600000000000005,2026-07-12T04:00:00.000Z
sensor.meross_temperature_studio_s,30.546476315000003,2026-07-12T05:00:00.000Z
sensor.meross_temperature_studio_s,30.5,2026-07-12T06:00:00.000Z
sensor.meross_temperature_studio_s,30.5,2026-07-12T07:00:00.000Z
sensor.meross_temperature_studio_s,30.569172931583335,2026-07-12T10:00:00.000Z
sensor.meross_temperature_studio_s,30.7,2026-07-12T11:00:00.000Z
sensor.meross_temperature_studio_s,30.724578273194442,2026-07-12T12:00:00.000Z
sensor.meross_temperature_studio_s,30.8,2026-07-12T13:00:00.000Z
sensor.meross_temperature_studio_s,30.832242040249998,2026-07-12T14:00:00.000Z
sensor.meross_temperature_studio_s,30.899999999999995,2026-07-12T15:00:00.000Z
sensor.meross_temperature_studio_s,30.899999999999995,2026-07-12T16:00:00.000Z
sensor.meross_temperature_studio_s,30.909477477527776,2026-07-12T17:00:00.000Z
sensor.meross_temperature_studio_s,31,2026-07-12T18:00:00.000Z
sensor.meross_temperature_studio_s,30.913476992249997,2026-07-12T19:00:00.000Z
sensor.meross_temperature_studio_s,30.951367682277777,2026-07-12T20:00:00.000Z
sensor.meross_temperature_studio_s,30.955697522305556,2026-07-12T21:00:00.000Z
sensor.meross_temperature_studio_s,30.899999999999995,2026-07-12T22:00:00.000Z
sensor.meross_temperature_studio_s,30.85620441788889,2026-07-12T23:00:00.000Z
sensor.meross_temperature_studio_s,30.8,2026-07-13T00:00:00.000Z
sensor.meross_temperature_studio_s,30.8,2026-07-13T01:00:00.000Z
sensor.meross_temperature_studio_s,30.765156918944445,2026-07-13T02:00:00.000Z
sensor.meross_temperature_studio_s,30.683745617,2026-07-13T03:00:00.000Z
sensor.meross_temperature_studio_s,30.687367396416665,2026-07-13T04:00:00.000Z
sensor.meross_temperature_studio_s,30.600000000000005,2026-07-13T05:00:00.000Z
sensor.meross_temperature_studio_s,30.522401835361112,2026-07-13T06:00:00.000Z
sensor.meross_temperature_studio_s,30.374197864861113,2026-07-13T07:00:00.000Z
sensor.meross_temperature_studio_s,30.106045588,2026-07-13T08:00:00.000Z
sensor.meross_temperature_studio_s,30.35668421894444,2026-07-13T09:00:00.000Z
sensor.meross_temperature_studio_s,30.525617580333332,2026-07-13T10:00:00.000Z
sensor.meross_temperature_studio_s,30.666983683555557,2026-07-13T11:00:00.000Z
sensor.meross_temperature_studio_s,30.879868187805556,2026-07-13T12:00:00.000Z
sensor.meross_temperature_studio_s,30.98016059158333,2026-07-13T13:00:00.000Z
sensor.meross_temperature_studio_s,31.140631846999998,2026-07-13T14:00:00.000Z
sensor.meross_temperature_studio_s,31.113559929694446,2026-07-13T15:00:00.000Z
sensor.meross_temperature_studio_s,31.100000000000005,2026-07-13T16:00:00.000Z
sensor.meross_temperature_studio_s,31.100000000000005,2026-07-13T17:00:00.000Z
sensor.meross_temperature_studio_s,31.12158338536111,2026-07-13T19:00:00.000Z
sensor.meross_temperature_studio_s,31.110245064194444,2026-07-13T20:00:00.000Z
sensor.meross_temperature_studio_s,31,2026-07-13T21:00:00.000Z
sensor.meross_temperature_studio_s,31,2026-07-13T22:00:00.000Z
sensor.meross_temperature_studio_s,30.933911285666667,2026-07-13T23:00:00.000Z
sensor.meross_temperature_studio_s,30.89924056069444,2026-07-14T00:00:00.000Z
sensor.meross_temperature_studio_s,30.8,2026-07-14T01:00:00.000Z
sensor.meross_temperature_studio_s,30.8,2026-07-14T02:00:00.000Z
sensor.meross_temperature_studio_s,30.79766401938889,2026-07-14T04:00:00.000Z
sensor.meross_temperature_studio_s,30.673683415611112,2026-07-14T05:00:00.000Z
sensor.meross_temperature_studio_s,30.600000000000005,2026-07-14T06:00:00.000Z
sensor.meross_temperature_studio_s,30.600000000000005,2026-07-14T07:00:00.000Z
sensor.meross_temperature_studio_s,30.613531844083337,2026-07-14T08:00:00.000Z
sensor.meross_temperature_studio_s,30.685599720166667,2026-07-14T09:00:00.000Z
sensor.meross_temperature_studio_s,30.890771178194445,2026-07-14T10:00:00.000Z
sensor.meross_temperature_studio_s,31.077528399722222,2026-07-14T11:00:00.000Z
sensor.meross_temperature_studio_s,31.115790710722223,2026-07-14T12:00:00.000Z
sensor.meross_temperature_studio_s,31.286767979999997,2026-07-14T13:00:00.000Z
sensor.meross_temperature_studio_s,31.532245640194446,2026-07-14T14:00:00.000Z
sensor.meross_temperature_studio_s,31.697710368333333,2026-07-14T15:00:00.000Z
sensor.meross_temperature_studio_s,31.557339352166668,2026-07-14T16:00:00.000Z
sensor.meross_temperature_studio_s,31.42365745411111,2026-07-14T17:00:00.000Z
sensor.meross_temperature_studio_s,31.3826133455,2026-07-14T18:00:00.000Z
sensor.meross_temperature_studio_s,31.399999999999995,2026-07-14T19:00:00.000Z
sensor.meross_temperature_studio_s,31.336091655333334,2026-07-14T20:00:00.000Z
sensor.meross_temperature_studio_s,31.369744323666666,2026-07-14T21:00:00.000Z
sensor.meross_temperature_studio_s,31.24274861161111,2026-07-14T22:00:00.000Z
sensor.meross_temperature_studio_s,31.083837496472224,2026-07-14T23:00:00.000Z
sensor.meross_temperature_studio_s,31,2026-07-15T00:00:00.000Z
sensor.meross_temperature_studio_s,30.978563947861108,2026-07-15T01:00:00.000Z
sensor.meross_temperature_studio_s,30.899999999999995,2026-07-15T02:00:00.000Z
sensor.meross_temperature_studio_s,30.843920480138888,2026-07-15T03:00:00.000Z
sensor.meross_temperature_studio_s,30.8,2026-07-15T04:00:00.000Z
sensor.meross_temperature_studio_s,30.719529921055553,2026-07-15T05:00:00.000Z
sensor.meross_temperature_studio_s,30.572103339722222,2026-07-15T06:00:00.000Z
sensor.meross_temperature_studio_s,30.533116824027775,2026-07-15T07:00:00.000Z
sensor.meross_temperature_studio_s,30.690033582472225,2026-07-15T08:00:00.000Z
sensor.meross_temperature_studio_s,30.929391703555552,2026-07-15T09:00:00.000Z
sensor.meross_temperature_studio_s,31.12439270547222,2026-07-15T10:00:00.000Z
sensor.meross_temperature_studio_s,31.15736321625,2026-07-15T11:00:00.000Z
sensor.meross_temperature_studio_s,31.37958670147222,2026-07-15T12:00:00.000Z
sensor.meross_temperature_studio_s,31.51365240433333,2026-07-15T13:00:00.000Z
sensor.meross_temperature_studio_s,31.62423778852778,2026-07-15T14:00:00.000Z
sensor.meross_temperature_studio_s,31.47688748211111,2026-07-15T15:00:00.000Z
sensor.meross_temperature_studio_s,31.314497376333335,2026-07-15T16:00:00.000Z
sensor.meross_temperature_studio_s,31.240697751083335,2026-07-15T17:00:00.000Z
sensor.meross_temperature_studio_s,30.91975096127778,2026-07-15T18:00:00.000Z
sensor.meross_temperature_studio_s,30.731259224555558,2026-07-15T19:00:00.000Z
sensor.meross_temperature_studio_s,30.747021079555555,2026-07-15T20:00:00.000Z
sensor.meross_temperature_studio_s,30.85343435486111,2026-07-15T21:00:00.000Z
sensor.meross_temperature_studio_s,30.899999999999995,2026-07-15T22:00:00.000Z
sensor.meross_temperature_studio_s,30.835057819,2026-07-15T23:00:00.000Z
sensor.meross_temperature_studio_s,30.8,2026-07-16T00:00:00.000Z
sensor.meross_temperature_studio_s,30.793548906500003,2026-07-16T01:00:00.000Z
sensor.meross_temperature_studio_s,30.7,2026-07-16T02:00:00.000Z
sensor.meross_temperature_studio_s,30.680547738972223,2026-07-16T03:00:00.000Z
sensor.meross_temperature_studio_s,30.600000000000005,2026-07-16T04:00:00.000Z
sensor.meross_temperature_studio_s,30.53584240261111,2026-07-16T05:00:00.000Z
sensor.meross_temperature_studio_s,30.292782440916667,2026-07-16T06:00:00.000Z
sensor.meross_temperature_studio_s,30.133868399583335,2026-07-16T07:00:00.000Z
sensor.meross_temperature_studio_s,30.244398246055557,2026-07-16T08:00:00.000Z
sensor.meross_temperature_studio_s,30.45033913758333,2026-07-16T09:00:00.000Z
sensor.meross_temperature_studio_s,30.603432529055556,2026-07-16T10:00:00.000Z
sensor.meross_temperature_studio_s,30.67021333616667,2026-07-16T11:00:00.000Z
sensor.meross_temperature_studio_s,30.790567090944446,2026-07-16T12:00:00.000Z
sensor.meross_temperature_studio_s,31.301815946305556,2026-07-16T13:00:00.000Z
sensor.meross_temperature_studio_s,31.549045693777774,2026-07-16T14:00:00.000Z
sensor.meross_temperature_studio_s,31.682397506138887,2026-07-16T15:00:00.000Z
sensor.meross_temperature_studio_s,31.67858118263889,2026-07-16T16:00:00.000Z
sensor.meross_temperature_studio_s,31.61287768433333,2026-07-16T17:00:00.000Z
sensor.meross_temperature_studio_s,31.59625384463889,2026-07-16T18:00:00.000Z
sensor.meross_temperature_studio_s,31.414287495694442,2026-07-16T19:00:00.000Z
sensor.meross_temperature_studio_s,31.230331468611112,2026-07-16T20:00:00.000Z
sensor.meross_temperature_studio_s,31.00030718025,2026-07-16T21:00:00.000Z
sensor.meross_temperature_studio_s,30.995312716166666,2026-07-16T22:00:00.000Z
sensor.meross_temperature_studio_s,31,2026-07-16T23:00:00.000Z
sensor.meross_temperature_studio_s,30.948536261694443,2026-07-17T00:00:00.000Z
sensor.meross_temperature_studio_s,30.899999999999995,2026-07-17T01:00:00.000Z
sensor.meross_temperature_studio_s,30.899999999999995,2026-07-17T02:00:00.000Z
sensor.meross_temperature_studio_s,30.836730959416666,2026-07-17T03:00:00.000Z
sensor.meross_temperature_studio_s,30.303199869555556,2026-07-17T04:00:00.000Z
sensor.meross_temperature_studio_s,29.321912957250003,2026-07-17T05:00:00.000Z
sensor.meross_temperature_studio_s,28.937815761194443,2026-07-17T06:00:00.000Z
sensor.meross_temperature_studio_s,28.664253874805556,2026-07-17T07:00:00.000Z
sensor.meross_temperature_studio_s,29.1308363715,2026-07-17T08:00:00.000Z
sensor.meross_temperature_studio_s,29.57575152277778,2026-07-17T09:00:00.000Z
sensor.meross_temperature_studio_s,29.855417318805554,2026-07-17T10:00:00.000Z
sensor.meross_temperature_studio_s,29.899999999999995,2026-07-17T11:00:00.000Z
sensor.meross_temperature_studio_s,29.990792698944446,2026-07-17T12:00:00.000Z
sensor.meross_temperature_studio_s,30.100671479138885,2026-07-17T13:00:00.000Z
sensor.meross_temperature_studio_s,30.271227183305555,2026-07-17T14:00:00.000Z
sensor.meross_temperature_studio_s,30.630326893805556,2026-07-17T15:00:00.000Z
sensor.meross_temperature_studio_s,30.90026376638889,2026-07-17T16:00:00.000Z
sensor.meross_temperature_studio_s,30.899999999999995,2026-07-17T17:00:00.000Z
sensor.meross_temperature_studio_s,30.87801660561111,2026-07-17T18:00:00.000Z
sensor.meross_temperature_studio_s,30.757342380444445,2026-07-17T19:00:00.000Z
sensor.meross_temperature_studio_s,30.569170558833335,2026-07-17T20:00:00.000Z
sensor.meross_temperature_studio_s,30.568136341305557,2026-07-17T21:00:00.000Z
sensor.meross_temperature_studio_s,30.600000000000005,2026-07-17T22:00:00.000Z
sensor.meross_temperature_studio_s,30.55412255572222,2026-07-17T23:00:00.000Z
sensor.meross_temperature_studio_s,30.5,2026-07-18T00:00:00.000Z
sensor.meross_temperature_studio_s,30.42122673952778,2026-07-18T01:00:00.000Z
sensor.meross_temperature_studio_s,30.399999999999995,2026-07-18T02:00:00.000Z
sensor.meross_temperature_studio_s,30.39491709172222,2026-07-18T03:00:00.000Z
sensor.meross_temperature_studio_s,30.3,2026-07-18T04:00:00.000Z
sensor.meross_temperature_studio_s,30.26933362438889,2026-07-18T05:00:00.000Z
sensor.meross_temperature_studio_s,29.873834365944447,2026-07-18T06:00:00.000Z
sensor.meross_temperature_studio_s,29.899999999999995,2026-07-18T07:00:00.000Z
sensor.meross_temperature_studio_s,30.03967719438889,2026-07-18T08:00:00.000Z
sensor.meross_temperature_studio_s,30.183719359888887,2026-07-18T09:00:00.000Z
sensor.meross_temperature_studio_s,30.324680521027776,2026-07-18T10:00:00.000Z
sensor.meross_temperature_studio_s,30.56140599763889,2026-07-18T11:00:00.000Z
sensor.meross_temperature_studio_s,30.762761507848484,2026-07-18T12:00:00.000Z
sensor.meross_temperature_studio_s,30.97817620477778,2026-07-18T13:00:00.000Z
sensor.meross_temperature_studio_s,31.189512666472222,2026-07-18T14:00:00.000Z
sensor.meross_temperature_studio_s,31.348084537944445,2026-07-18T15:00:00.000Z
sensor.meross_temperature_studio_s,31.510211063722224,2026-07-18T16:00:00.000Z
sensor.meross_temperature_studio_s,31.600000000000005,2026-07-18T17:00:00.000Z
sensor.meross_temperature_studio_s,31.597124738861112,2026-07-18T18:00:00.000Z
sensor.meross_temperature_studio_s,31.46300823647222,2026-07-18T19:00:00.000Z
sensor.meross_temperature_studio_s,31.344735088805553,2026-07-18T20:00:00.000Z
sensor.meross_temperature_studio_s,31.2,2026-07-18T21:00:00.000Z
sensor.meross_temperature_studio_s,31.091635018083334,2026-07-18T22:00:00.000Z
sensor.meross_temperature_studio_s,30.97920194736111,2026-07-18T23:00:00.000Z
sensor.meross_temperature_studio_s,30.85511186622222,2026-07-19T00:00:00.000Z
sensor.meross_temperature_studio_s,30.730994051,2026-07-19T01:00:00.000Z
sensor.meross_temperature_studio_s,30.669200864916665,2026-07-19T02:00:00.000Z
sensor.meross_temperature_studio_s,30.542388408805554,2026-07-19T03:00:00.000Z
sensor.meross_temperature_studio_s,30.457504312555557,2026-07-19T04:00:00.000Z
sensor.meross_temperature_studio_s,30.399999999999995,2026-07-19T05:00:00.000Z
sensor.meross_temperature_studio_s,30.325355412611113,2026-07-19T06:00:00.000Z
sensor.meross_temperature_studio_s,30.286775258055556,2026-07-19T07:00:00.000Z
sensor.meross_temperature_studio_s,29.99269380627778,2026-07-19T08:00:00.000Z
sensor.meross_temperature_studio_s,30.274935802722222,2026-07-19T09:00:00.000Z
sensor.meross_temperature_studio_s,30.335719188027777,2026-07-19T10:00:00.000Z
sensor.meross_temperature_studio_s,30.494723191444447,2026-07-19T11:00:00.000Z
sensor.meross_temperature_studio_s,30.68503896911111,2026-07-19T12:00:00.000Z
sensor.meross_temperature_studio_s,30.817512033,2026-07-19T13:00:00.000Z
sensor.meross_temperature_studio_s,31.061533362861113,2026-07-19T14:00:00.000Z
sensor.meross_temperature_studio_s,31.157494502861113,2026-07-19T15:00:00.000Z
sensor.meross_temperature_studio_s,31.191462650638886,2026-07-19T16:00:00.000Z
sensor.meross_temperature_studio_s,31.05933487486111,2026-07-19T17:00:00.000Z
sensor.meross_temperature_studio_s,31.11655602905556,2026-07-19T18:00:00.000Z
sensor.meross_temperature_studio_s,31.042804180138887,2026-07-19T19:00:00.000Z
sensor.meross_temperature_studio_s,31.046582774944444,2026-07-19T20:00:00.000Z
sensor.meross_temperature_studio_s,31,2026-07-19T21:00:00.000Z
sensor.meross_temperature_studio_s,30.90190493333333,2026-07-19T22:00:00.000Z
sensor.meross_temperature_studio_s,30.83194273925,2026-07-19T23:00:00.000Z
sensor.meross_temperature_studio_s,30.78640474361111,2026-07-20T00:00:00.000Z
sensor.meross_temperature_studio_s,30.7,2026-07-20T01:00:00.000Z
sensor.meross_temperature_studio_s,30.665234512083334,2026-07-20T02:00:00.000Z
sensor.meross_temperature_studio_s,30.583745687694446,2026-07-20T03:00:00.000Z
sensor.meross_temperature_studio_s,30.496301339555558,2026-07-20T04:00:00.000Z
sensor.meross_temperature_studio_s,30.29817001663889,2026-07-20T05:00:00.000Z
sensor.meross_temperature_studio_s,30.060783290027775,2026-07-20T06:00:00.000Z
sensor.meross_temperature_studio_s,30,2026-07-20T07:00:00.000Z
sensor.meross_temperature_studio_s,30,2026-07-20T08:00:00.000Z
sensor.meross_temperature_studio_s,30.07314466872222,2026-07-20T09:00:00.000Z
sensor.meross_temperature_studio_s,30.209204329416664,2026-07-20T10:00:00.000Z
sensor.meross_temperature_studio_s,30.3,2026-07-20T11:00:00.000Z
sensor.meross_temperature_studio_s,30.356829347722222,2026-07-20T12:00:00.000Z
sensor.meross_temperature_studio_s,30.399999999999995,2026-07-20T13:00:00.000Z
sensor.meross_temperature_studio_s,30.399999999999995,2026-07-20T14:00:00.000Z
sensor.meross_temperature_studio_s,30.448047078583333,2026-07-20T17:00:00.000Z
sensor.meross_temperature_studio_s,30.511943693555555,2026-07-20T18:00:00.000Z
sensor.meross_temperature_studio_s,30.276707659527776,2026-07-20T19:00:00.000Z
sensor.meross_temperature_studio_s,30.26118068675,2026-07-20T20:00:00.000Z
sensor.meross_temperature_studio_s,30.2,2026-07-20T21:00:00.000Z
sensor.meross_temperature_studio_s,30.2,2026-07-20T22:00:00.000Z
sensor.meross_temperature_studio_s,30.17980041213889,2026-07-20T23:00:00.000Z
sensor.meross_temperature_studio_s,30.100000000000005,2026-07-21T00:00:00.000Z
sensor.meross_temperature_studio_s,30.100000000000005,2026-07-21T01:00:00.000Z
sensor.meross_temperature_studio_s,30.053436917,2026-07-21T03:00:00.000Z
sensor.meross_temperature_studio_s,30,2026-07-21T04:00:00.000Z
sensor.meross_temperature_studio_s,30,2026-07-21T05:00:00.000Z
sensor.meross_temperature_studio_s,30.13721161652778,2026-07-21T10:00:00.000Z
sensor.meross_temperature_studio_s,30.2,2026-07-21T11:00:00.000Z
sensor.meross_temperature_studio_s,30.2,2026-07-21T12:00:00.000Z
sensor.meross_temperature_studio_s,30.274423418555557,2026-07-21T13:00:00.000Z
sensor.meross_temperature_studio_s,30.3,2026-07-21T14:00:00.000Z
sensor.meross_temperature_studio_s,30.3,2026-07-21T15:00:00.000Z
sensor.meross_temperature_studio_s,30.39198097336111,2026-07-21T16:00:00.000Z
sensor.meross_temperature_studio_s,30.334019386638886,2026-07-21T17:00:00.000Z
sensor.meross_temperature_studio_s,30.08900827286111,2026-07-21T18:00:00.000Z
sensor.meross_temperature_studio_s,29.946245450694445,2026-07-21T19:00:00.000Z
sensor.meross_temperature_studio_s,29.664352308138888,2026-07-21T20:00:00.000Z
sensor.meross_temperature_studio_s,29.899999999999995,2026-07-21T21:00:00.000Z
sensor.meross_temperature_studio_s,29.993307724361113,2026-07-21T22:00:00.000Z
sensor.meross_temperature_studio_s,30,2026-07-21T23:00:00.000Z
sensor.meross_temperature_studio_s,30,2026-07-22T00:00:00.000Z
sensor.meross_temperature_studio_s,29.93803797475,2026-07-22T01:00:00.000Z
sensor.meross_temperature_studio_s,29.85462673597222,2026-07-22T02:00:00.000Z
sensor.meross_temperature_studio_s,29.741374292805556,2026-07-22T03:00:00.000Z
sensor.meross_temperature_studio_s,29.63898583502778,2026-07-22T04:00:00.000Z
sensor.meross_temperature_studio_s,29.600000000000005,2026-07-22T05:00:00.000Z
sensor.meross_temperature_studio_s,29.600000000000005,2026-07-22T06:00:00.000Z
sensor.meross_temperature_studio_s,29.52267943286111,2026-07-22T07:00:00.000Z
sensor.meross_temperature_studio_s,29.594344701527778,2026-07-22T08:00:00.000Z
sensor.meross_temperature_studio_s,29.7,2026-07-22T09:00:00.000Z
sensor.meross_temperature_studio_s,29.839214476722223,2026-07-22T10:00:00.000Z
sensor.meross_temperature_studio_s,29.899999999999995,2026-07-22T11:00:00.000Z
sensor.meross_temperature_studio_s,29.864891151305557,2026-07-22T12:00:00.000Z
sensor.meross_temperature_studio_s,29.853751074305553,2026-07-22T13:00:00.000Z
sensor.meross_temperature_studio_s,29.889163178277773,2026-07-22T14:00:00.000Z
sensor.meross_temperature_studio_s,29.899999999999995,2026-07-22T15:00:00.000Z
sensor.meross_temperature_studio_s,29.899999999999995,2026-07-22T16:00:00.000Z
sensor.meross_temperature_studio_s,29.894070506027777,2026-07-22T18:00:00.000Z
sensor.meross_temperature_studio_s,29.835434220916667,2026-07-22T19:00:00.000Z
sensor.meross_temperature_studio_s,29.883773619472223,2026-07-22T20:00:00.000Z
sensor.meross_temperature_studio_s,29.899999999999995,2026-07-22T21:00:00.000Z
sensor.meross_temperature_studio_s,29.864532819694443,2026-07-22T22:00:00.000Z
sensor.meross_temperature_studio_s,29.75400198005556,2026-07-22T23:00:00.000Z
sensor.meross_temperature_studio_s,29.7,2026-07-23T00:00:00.000Z
sensor.meross_temperature_studio_s,29.7,2026-07-23T01:00:00.000Z
sensor.meross_temperature_studio_s,29.630466580722224,2026-07-23T02:00:00.000Z
sensor.meross_temperature_studio_s,29.533439297527778,2026-07-23T03:00:00.000Z
sensor.meross_temperature_studio_s,29.466447772166664,2026-07-23T04:00:00.000Z
sensor.meross_temperature_studio_s,29.398012996388886,2026-07-23T05:00:00.000Z
sensor.meross_temperature_studio_s,29.16500707913889,2026-07-23T06:00:00.000Z
sensor.meross_temperature_studio_s,28.99299151647222,2026-07-23T07:00:00.000Z
sensor.meross_temperature_studio_s,28.932490521694444,2026-07-23T08:00:00.000Z
sensor.meross_temperature_studio_s,28.812860339222222,2026-07-23T09:00:00.000Z
sensor.meross_temperature_studio_s,28.952911838777776,2026-07-23T10:00:00.000Z
sensor.meross_temperature_studio_s,29.080732370083336,2026-07-23T11:00:00.000Z
sensor.meross_temperature_studio_s,29.269510632277775,2026-07-23T12:00:00.000Z
sensor.meross_temperature_studio_s,29.692535949305555,2026-07-23T13:00:00.000Z
sensor.meross_temperature_studio_s,29.940825942055554,2026-07-23T14:00:00.000Z
sensor.meross_temperature_studio_s,30,2026-07-23T15:00:00.000Z
sensor.meross_temperature_studio_s,30,2026-07-23T16:00:00.000Z
sensor.meross_temperature_studio_s,29.925204986388888,2026-07-23T18:00:00.000Z
sensor.meross_temperature_studio_s,29.755208690916664,2026-07-23T19:00:00.000Z
sensor.meross_temperature_studio_s,29.152206447388888,2026-07-23T20:00:00.000Z
sensor.meross_temperature_studio_s,28.59773669652778,2026-07-23T21:00:00.000Z
sensor.meross_temperature_studio_s,28.98959042713889,2026-07-23T22:00:00.000Z
sensor.meross_temperature_studio_s,29.2,2026-07-23T23:00:00.000Z
sensor.meross_temperature_studio_s,29.2,2026-07-24T00:00:00.000Z
sensor.meross_temperature_studio_s,29.14089679888889,2026-07-24T02:00:00.000Z
sensor.meross_temperature_studio_s,29.049344998722223,2026-07-24T03:00:00.000Z
sensor.meross_temperature_studio_s,29,2026-07-24T04:00:00.000Z
sensor.meross_temperature_studio_s,28.98730304086111,2026-07-24T05:00:00.000Z
sensor.meross_temperature_studio_s,28.789998350555553,2026-07-24T06:00:00.000Z
sensor.meross_temperature_studio_s,28.703097461916666,2026-07-24T07:00:00.000Z
sensor.meross_temperature_studio_s,28.474786064638888,2026-07-24T08:00:00.000Z
sensor.meross_temperature_studio_s,28.886361760777778,2026-07-24T09:00:00.000Z
sensor.meross_temperature_studio_s,29.11519171819445,2026-07-24T10:00:00.000Z
sensor.meross_temperature_studio_s,29.119560074611112,2026-07-24T11:00:00.000Z
sensor.meross_temperature_studio_s,29.27111266636111,2026-07-24T12:00:00.000Z
sensor.meross_temperature_studio_s,29.443307769805557,2026-07-24T13:00:00.000Z
sensor.meross_temperature_studio_s,29.519355185416668,2026-07-24T14:00:00.000Z
sensor.meross_temperature_studio_s,29.600000000000005,2026-07-24T15:00:00.000Z
sensor.meross_temperature_studio_s,29.68923423061111,2026-07-24T16:00:00.000Z
sensor.meross_temperature_studio_s,29.62136622625,2026-07-24T17:00:00.000Z
sensor.meross_temperature_studio_s,29.737927625305556,2026-07-24T18:00:00.000Z
sensor.meross_temperature_studio_s,29.61979973402778,2026-07-24T19:00:00.000Z
sensor.meross_temperature_studio_s,29.567312041694446,2026-07-24T20:00:00.000Z
sensor.meross_temperature_studio_s,29.243689113694444,2026-07-24T21:00:00.000Z
sensor.meross_temperature_studio_s,29.0147933775,2026-07-24T22:00:00.000Z
sensor.meross_temperature_studio_s,29,2026-07-24T23:00:00.000Z
sensor.meross_temperature_studio_s,29,2026-07-25T00:00:00.000Z
sensor.meross_temperature_studio_s,28.992348065749997,2026-07-25T02:00:00.000Z
sensor.meross_temperature_studio_s,28.899999999999995,2026-07-25T03:00:00.000Z
sensor.meross_temperature_studio_s,28.89318383688889,2026-07-25T04:00:00.000Z
sensor.meross_temperature_studio_s,28.487077529361112,2026-07-25T05:00:00.000Z
sensor.meross_temperature_studio_s,28.032113099083332,2026-07-25T06:00:00.000Z
sensor.meross_temperature_studio_s,28.161979607361115,2026-07-25T07:00:00.000Z
sensor.meross_temperature_studio_s,28.425624548777776,2026-07-25T08:00:00.000Z
sensor.meross_temperature_studio_s,28.53912588025,2026-07-25T09:00:00.000Z
sensor.meross_temperature_studio_s,28.603559060694447,2026-07-25T10:00:00.000Z
sensor.meross_temperature_studio_s,28.844794854305558,2026-07-25T11:00:00.000Z
sensor.meross_temperature_studio_s,28.91853308897222,2026-07-25T12:00:00.000Z
sensor.meross_temperature_studio_s,29.064322792111113,2026-07-25T13:00:00.000Z
sensor.meross_temperature_studio_s,29.196525713777778,2026-07-25T14:00:00.000Z
sensor.meross_temperature_studio_s,29.2,2026-07-25T15:00:00.000Z
sensor.meross_temperature_studio_s,29.2,2026-07-25T16:00:00.000Z
sensor.meross_temperature_studio_s,29.189115693861112,2026-07-25T19:00:00.000Z
sensor.meross_temperature_studio_s,29.07200476888889,2026-07-25T20:00:00.000Z
sensor.meross_temperature_studio_s,29,2026-07-25T21:00:00.000Z
sensor.meross_temperature_studio_s,29,2026-07-25T22:00:00.000Z
sensor.meross_temperature_studio_s,28.992483054527778,2026-07-26T00:00:00.000Z
sensor.meross_temperature_studio_s,28.899999999999995,2026-07-26T01:00:00.000Z
sensor.meross_temperature_studio_s,28.899999999999995,2026-07-26T02:00:00.000Z
sensor.meross_temperature_studio_s,28.842279350027777,2026-07-26T04:00:00.000Z
sensor.meross_temperature_studio_s,28.8,2026-07-26T05:00:00.000Z
sensor.meross_temperature_studio_s,28.8,2026-07-26T06:00:00.000Z
sensor.meross_temperature_studio_s,28.814927305500003,2026-07-26T07:00:00.000Z
sensor.meross_temperature_studio_s,28.899999999999995,2026-07-26T08:00:00.000Z
sensor.meross_temperature_studio_s,28.899999999999995,2026-07-26T09:00:00.000Z
sensor.meross_temperature_studio_s,28.995753161166665,2026-07-26T10:00:00.000Z
sensor.meross_temperature_studio_s,29.030371934138888,2026-07-26T11:00:00.000Z
sensor.meross_temperature_studio_s,29.189665421194444,2026-07-26T12:00:00.000Z
sensor.meross_temperature_studio_s,29.267546605972225,2026-07-26T13:00:00.000Z
sensor.meross_temperature_studio_s,29.542896702583334,2026-07-26T14:00:00.000Z
sensor.meross_temperature_studio_s,29.71247232047222,2026-07-26T15:00:00.000Z
sensor.meross_temperature_studio_s,29.748506581416667,2026-07-26T16:00:00.000Z
sensor.meross_temperature_studio_s,29.79447509736111,2026-07-26T17:00:00.000Z
sensor.meross_temperature_studio_s,29.512369901055553,2026-07-26T18:00:00.000Z
sensor.meross_temperature_studio_s,29.06316900988889,2026-07-26T19:00:00.000Z
sensor.meross_temperature_studio_s,28.530251302166665,2026-07-26T20:00:00.000Z
sensor.meross_temperature_studio_s,28.333750500055558,2026-07-26T21:00:00.000Z
sensor.meross_temperature_studio_s,28.89921223272222,2026-07-26T22:00:00.000Z
sensor.meross_temperature_studio_s,28.899999999999995,2026-07-26T23:00:00.000Z
sensor.meross_temperature_studio_s,28.899999999999995,2026-07-27T00:00:00.000Z
sensor.meross_temperature_studio_s,28.810908477222224,2026-07-27T04:00:00.000Z
sensor.meross_temperature_studio_s,28.67087005077778,2026-07-27T05:00:00.000Z
sensor.meross_temperature_studio_s,28.243521897222223,2026-07-27T06:00:00.000Z
sensor.meross_temperature_studio_s,28.11140607927778,2026-07-27T07:00:00.000Z
sensor.meross_temperature_studio_s,28.488320274944442,2026-07-27T08:00:00.000Z
sensor.meross_temperature_studio_s,28.7036229215,2026-07-27T09:00:00.000Z
sensor.meross_temperature_studio_s,28.85963207475,2026-07-27T10:00:00.000Z
sensor.meross_temperature_studio_s,28.83531182119444,2026-07-27T11:00:00.000Z
sensor.meross_temperature_studio_s,29.074421796055557,2026-07-27T12:00:00.000Z
sensor.meross_temperature_studio_s,29.310197836472224,2026-07-27T13:00:00.000Z
sensor.meross_temperature_studio_s,29.404389590416667,2026-07-27T14:00:00.000Z
sensor.meross_temperature_studio_s,29.476105993361113,2026-07-27T15:00:00.000Z
sensor.meross_temperature_studio_s,29.438976415027778,2026-07-27T16:00:00.000Z
sensor.meross_temperature_studio_s,29.5,2026-07-27T17:00:00.000Z
sensor.meross_temperature_studio_s,29.57901776602778,2026-07-27T18:00:00.000Z
sensor.meross_temperature_studio_s,29.627119114944445,2026-07-27T19:00:00.000Z
sensor.meross_temperature_studio_s,29.570563761944445,2026-07-27T20:00:00.000Z
sensor.meross_temperature_studio_s,29.399999999999995,2026-07-27T21:00:00.000Z
sensor.meross_temperature_studio_s,29.3639213695,2026-07-27T22:00:00.000Z
sensor.meross_temperature_studio_s,29.277782552583332,2026-07-27T23:00:00.000Z
sensor.meross_temperature_studio_s,29.2,2026-07-28T00:00:00.000Z
sensor.meross_temperature_studio_s,29.19470585922222,2026-07-28T01:00:00.000Z
sensor.meross_temperature_studio_s,29.100000000000005,2026-07-28T02:00:00.000Z
sensor.meross_temperature_studio_s,29.100000000000005,2026-07-28T03:00:00.000Z
sensor.meross_temperature_studio_s,29.005797326305554,2026-07-28T05:00:00.000Z
sensor.meross_temperature_studio_s,29,2026-07-28T06:00:00.000Z
sensor.meross_temperature_studio_s,29.023069566722224,2026-07-28T07:00:00.000Z
sensor.meross_temperature_studio_s,29.21323950072222,2026-07-28T08:00:00.000Z
sensor.meross_temperature_studio_s,29.398815936194442,2026-07-28T09:00:00.000Z
sensor.meross_temperature_studio_s,29.635908234499997,2026-07-28T10:00:00.000Z
sensor.meross_temperature_studio_s,29.767633327416664,2026-07-28T11:00:00.000Z
sensor.meross_temperature_studio_s,29.86802146911111,2026-07-28T12:00:00.000Z
sensor.meross_temperature_studio_s,29.94245716302778,2026-07-28T13:00:00.000Z
sensor.meross_temperature_studio_s,30.08907711261111,2026-07-28T14:00:00.000Z
sensor.meross_temperature_studio_s,30.542763485666665,2026-07-28T15:00:00.000Z
sensor.meross_temperature_studio_s,30.26132738961111,2026-07-28T16:00:00.000Z
sensor.meross_temperature_studio_s,30.2,2026-07-28T17:00:00.000Z
sensor.meross_temperature_studio_s,30.2,2026-07-28T18:00:00.000Z
sensor.meross_temperature_studio_s,30.192532506388886,2026-07-28T19:00:00.000Z
sensor.meross_temperature_studio_s,30.03318302,2026-07-28T20:00:00.000Z
sensor.meross_temperature_studio_s,30,2026-07-28T21:00:00.000Z
sensor.meross_temperature_studio_s,29.93879744580555,2026-07-28T22:00:00.000Z
sensor.meross_temperature_studio_s,29.81473654927778,2026-07-28T23:00:00.000Z
sensor.meross_temperature_studio_s,29.77739506525,2026-07-29T00:00:00.000Z
sensor.meross_temperature_studio_s,29.7,2026-07-29T01:00:00.000Z
sensor.meross_temperature_studio_s,29.68884459575,2026-07-29T02:00:00.000Z
sensor.meross_temperature_studio_s,29.600000000000005,2026-07-29T03:00:00.000Z
sensor.meross_temperature_studio_s,29.600000000000005,2026-07-29T04:00:00.000Z
sensor.meross_temperature_studio_s,29.513937680305556,2026-07-29T05:00:00.000Z
sensor.meross_temperature_studio_s,29.5,2026-07-29T06:00:00.000Z
sensor.meross_temperature_studio_s,29.58142772738889,2026-07-29T07:00:00.000Z
sensor.meross_temperature_studio_s,29.800303334916666,2026-07-29T08:00:00.000Z
sensor.meross_temperature_studio_s,29.745051937472223,2026-07-29T09:00:00.000Z
sensor.meross_temperature_studio_s,30.184301028555556,2026-07-29T10:00:00.000Z
sensor.meross_temperature_studio_s,30.61090269036111,2026-07-29T11:00:00.000Z
sensor.meross_temperature_studio_s,30.83251191013889,2026-07-29T12:00:00.000Z
sensor.meross_temperature_studio_s,30.96771763011111,2026-07-29T13:00:00.000Z
sensor.meross_temperature_studio_s,31.280355523249998,2026-07-29T14:00:00.000Z
sensor.meross_temperature_studio_s,31.443213076083335,2026-07-29T15:00:00.000Z
sensor.meross_temperature_studio_s,31.309257183222226,2026-07-29T16:00:00.000Z
sensor.meross_temperature_studio_s,31.791127565249997,2026-07-29T17:00:00.000Z
sensor.meross_temperature_studio_s,31.867766778388887,2026-07-29T18:00:00.000Z
sensor.meross_temperature_studio_s,31.225695442416665,2026-07-29T19:00:00.000Z
sensor.meross_temperature_studio_s,30.979428640166663,2026-07-29T20:00:00.000Z
sensor.meross_temperature_studio_s,30.862886489972222,2026-07-29T21:00:00.000Z
sensor.meross_temperature_studio_s,30.746910709833333,2026-07-29T22:00:00.000Z
sensor.meross_temperature_studio_s,30.628211611972223,2026-07-29T23:00:00.000Z
sensor.meross_temperature_studio_s,30.555581646055558,2026-07-30T00:00:00.000Z
sensor.meross_temperature_studio_s,30.5,2026-07-30T01:00:00.000Z
sensor.meross_temperature_studio_s,30.468950767833334,2026-07-30T02:00:00.000Z
sensor.meross_temperature_studio_s,30.399999999999995,2026-07-30T03:00:00.000Z
sensor.meross_temperature_studio_s,30.304433118583333,2026-07-30T04:00:00.000Z
sensor.meross_temperature_studio_s,30.238388282611112,2026-07-30T05:00:00.000Z
sensor.meross_temperature_studio_s,30.2,2026-07-30T06:00:00.000Z
sensor.meross_temperature_studio_s,30.228488578861107,2026-07-30T07:00:00.000Z
sensor.meross_temperature_studio_s,30.410744276866666,2026-07-30T08:00:00.000Z
sensor.meross_temperature_studio_s,30.664153937194445,2026-07-30T09:00:00.000Z
sensor.meross_temperature_studio_s,30.7937168415,2026-07-30T10:00:00.000Z
sensor.meross_temperature_studio_s,30.896133059694446,2026-07-30T11:00:00.000Z
sensor.meross_temperature_studio_s,30.977014784999998,2026-07-30T12:00:00.000Z
sensor.meross_temperature_studio_s,30.94246326561111,2026-07-30T13:00:00.000Z
sensor.meross_temperature_studio_s,30.920051759777778,2026-07-30T14:00:00.000Z
sensor.meross_temperature_studio_s,31.036027296777778,2026-07-30T15:00:00.000Z
sensor.meross_temperature_studio_s,31.02818579136111,2026-07-30T16:00:00.000Z
sensor.meross_temperature_studio_s,30.97000486261111,2026-07-30T17:00:00.000Z
sensor.meross_temperature_studio_s,30.88803890005555,2026-07-30T18:00:00.000Z
sensor.meross_temperature_studio_s,30.763699095611113,2026-07-30T19:00:00.000Z
sensor.meross_temperature_studio_s,30.6450003485,2026-07-30T20:00:00.000Z
sensor.meross_temperature_studio_s,30.539916696472222,2026-07-30T21:00:00.000Z
sensor.meross_temperature_studio_s,30.402231104166663,2026-07-30T22:00:00.000Z
sensor.meross_temperature_studio_s,30.246003912777777,2026-07-30T23:00:00.000Z
sensor.meross_temperature_studio_s,30.2,2026-07-31T00:00:00.000Z
sensor.meross_temperature_studio_s,30.135753536833334,2026-07-31T01:00:00.000Z
sensor.meross_temperature_studio_s,30.06312798652778,2026-07-31T02:00:00.000Z
sensor.meross_temperature_studio_s,30,2026-07-31T03:00:00.000Z
sensor.meross_temperature_studio_s,30,2026-07-31T04:00:00.000Z
sensor.meross_temperature_studio_s,29.91314044722222,2026-07-31T05:00:00.000Z
sensor.meross_temperature_studio_s,29.899999999999995,2026-07-31T06:00:00.000Z
sensor.meross_temperature_studio_s,29.928507057027776,2026-07-31T07:00:00.000Z
sensor.meross_temperature_studio_s,30.09869274827778,2026-07-31T08:00:00.000Z
sensor.meross_temperature_studio_s,30.19924441961111,2026-07-31T09:00:00.000Z
sensor.meross_temperature_studio_s,30.421104437083333,2026-07-31T10:00:00.000Z
sensor.meross_temperature_studio_s,30.600382988888892,2026-07-31T11:00:00.000Z
sensor.meross_temperature_studio_s,30.678299088666666,2026-07-31T12:00:00.000Z
sensor.meross_temperature_studio_s,30.73233504561111,2026-07-31T13:00:00.000Z
sensor.meross_temperature_studio_s,30.856451038805556,2026-07-31T14:00:00.000Z
sensor.meross_temperature_studio_s,31.029043340333335,2026-07-31T15:00:00.000Z
sensor.meross_temperature_studio_s,31.100000000000005,2026-07-31T16:00:00.000Z
sensor.meross_temperature_studio_s,31.026686945250002,2026-07-31T17:00:00.000Z
sensor.meross_temperature_studio_s,30.93020237488889,2026-07-31T18:00:00.000Z
sensor.meross_temperature_studio_s,30.996708958944442,2026-07-31T19:00:00.000Z
sensor.meross_temperature_studio_s,30.946712172916666,2026-07-31T20:00:00.000Z
sensor.meross_temperature_studio_s,30.899999999999995,2026-07-31T21:00:00.000Z
sensor.meross_temperature_studio_s,30.899999999999995,2026-07-31T22:00:00.000Z
sensor.meross_temperature_studio_s,30.80596642275,2026-08-01T00:00:00.000Z
sensor.meross_temperature_studio_s,30.70079957122222,2026-08-01T01:00:00.000Z
sensor.meross_temperature_studio_s,30.652537710944443,2026-08-01T02:00:00.000Z
sensor.meross_temperature_studio_s,30.600000000000005,2026-08-01T03:00:00.000Z
sensor.meross_temperature_studio_s,30.56929813352778,2026-08-01T04:00:00.000Z
sensor.meross_temperature_studio_s,30.483995216694442,2026-08-01T05:00:00.000Z
sensor.meross_temperature_studio_s,30.37616028836111,2026-08-01T06:00:00.000Z
sensor.meross_temperature_studio_s,30.375075063527778,2026-08-01T07:00:00.000Z
sensor.meross_temperature_studio_s,30.439530979499995,2026-08-01T08:00:00.000Z
sensor.meross_temperature_studio_s,30.563182211305556,2026-08-01T09:00:00.000Z
sensor.meross_temperature_studio_s,30.7,2026-08-01T10:00:00.000Z
sensor.meross_temperature_studio_s,30.825675812805557,2026-08-01T11:00:00.000Z
sensor.meross_temperature_studio_s,30.66307359688889,2026-08-01T12:00:00.000Z
sensor.meross_temperature_studio_s,30.70113736838889,2026-08-01T13:00:00.000Z
sensor.meross_temperature_studio_s,30.8,2026-08-01T14:00:00.000Z
sensor.meross_temperature_studio_s,30.807998130083334,2026-08-01T15:00:00.000Z
sensor.meross_temperature_studio_s,30.899999999999995,2026-08-01T16:00:00.000Z
sensor.meross_temperature_studio_s,30.899999999999995,2026-08-01T17:00:00.000Z
sensor.meross_temperature_studio_s,30.88606235272222,2026-08-01T21:00:00.000Z
sensor.meross_temperature_studio_s,30.8,2026-08-01T22:00:00.000Z
sensor.meross_temperature_studio_s,30.8,2026-08-01T23:00:00.000Z
sensor.meross_temperature_studio_s,30.738134876999997,2026-08-02T00:00:00.000Z
sensor.meross_temperature_studio_s,30.7,2026-08-02T01:00:00.000Z
sensor.meross_temperature_studio_s,30.644110753888892,2026-08-02T02:00:00.000Z
sensor.meross_temperature_studio_s,30.600000000000005,2026-08-02T03:00:00.000Z
sensor.meross_temperature_studio_s,30.566369773916666,2026-08-02T04:00:00.000Z
sensor.meross_temperature_studio_s,30.5,2026-08-02T05:00:00.000Z
sensor.meross_temperature_studio_s,30.5,2026-08-02T06:00:00.000Z
sensor.meross_temperature_studio_s,30.492327457694444,2026-08-02T09:00:00.000Z
sensor.meross_temperature_studio_s,30.399999999999995,2026-08-02T10:00:00.000Z
sensor.meross_temperature_studio_s,30.399999999999995,2026-08-02T11:00:00.000Z
sensor.meross_temperature_studio_s,30.41828309786111,2026-08-02T12:00:00.000Z
sensor.meross_temperature_studio_s,30.534258718027775,2026-08-02T13:00:00.000Z
sensor.meross_temperature_studio_s,30.600000000000005,2026-08-02T14:00:00.000Z
sensor.meross_temperature_studio_s,30.660784954416666,2026-08-02T15:00:00.000Z
sensor.meross_temperature_studio_s,30.7,2026-08-02T16:00:00.000Z
sensor.meross_temperature_studio_s,30.7,2026-08-02T17:00:00.000Z
sensor.meross_temperature_studio_s,30.659835885638888,2026-08-03T00:00:00.000Z
sensor.meross_temperature_studio_s,30.600000000000005,2026-08-03T01:00:00.000Z
sensor.meross_temperature_studio_s,30.600000000000005,2026-08-03T02:00:00.000Z
sensor.meross_temperature_studio_s,30.53088659102778,2026-08-03T03:00:00.000Z
sensor.meross_temperature_studio_s,30.5,2026-08-03T04:00:00.000Z
sensor.meross_temperature_studio_s,30.5,2026-08-03T05:00:00.000Z
sensor.meross_temperature_studio_s,30.587417588694446,2026-08-03T09:00:00.000Z
sensor.meross_temperature_studio_s,30.638346638444446,2026-08-03T10:00:00.000Z
sensor.meross_temperature_studio_s,30.70825291336111,2026-08-03T11:00:00.000Z
sensor.meross_temperature_studio_s,30.8,2026-08-03T12:00:00.000Z
sensor.meross_temperature_studio_s,30.8,2026-08-03T13:00:00.000Z
sensor.meross_temperature_studio_s,30.823670914416667,2026-08-03T14:00:00.000Z
sensor.meross_temperature_studio_s,30.899999999999995,2026-08-03T15:00:00.000Z
sensor.meross_temperature_studio_s,30.899999999999995,2026-08-03T16:00:00.000Z
sensor.meross_temperature_studio_s,30.99426864863889,2026-08-03T19:00:00.000Z
sensor.meross_temperature_studio_s,31,2026-08-03T20:00:00.000Z
sensor.meross_temperature_studio_s,31,2026-08-03T21:00:00.000Z
sensor.meross_temperature_studio_s,30.91026376133333,2026-08-03T22:00:00.000Z
sensor.meross_temperature_studio_s,30.899999999999995,2026-08-03T23:00:00.000Z
sensor.meross_temperature_studio_s,30.899999999999995,2026-08-04T00:00:00.000Z
sensor.meross_temperature_studio_s,30.82216059686111,2026-08-04T02:00:00.000Z
sensor.meross_temperature_studio_s,30.8,2026-08-04T03:00:00.000Z
sensor.meross_temperature_studio_s,30.744392305999998,2026-08-04T04:00:00.000Z
sensor.meross_temperature_studio_s,30.7,2026-08-04T05:00:00.000Z
sensor.meross_temperature_studio_s,30.7,2026-08-04T06:00:00.000Z
sensor.meross_temperature_studio_s,30.781998463194444,2026-08-04T09:00:00.000Z
sensor.meross_temperature_studio_s,30.846487897055553,2026-08-04T10:00:00.000Z
sensor.meross_temperature_studio_s,30.899999999999995,2026-08-04T11:00:00.000Z
sensor.meross_temperature_studio_s,30.899999999999995,2026-08-04T12:00:00.000Z
sensor.meross_temperature_studio_s,30.957733185555554,2026-08-04T13:00:00.000Z
sensor.meross_temperature_studio_s,31.01353150811111,2026-08-04T14:00:00.000Z
sensor.meross_temperature_studio_s,31,2026-08-04T15:00:00.000Z
sensor.meross_temperature_studio_s,31.01355435802778,2026-08-04T16:00:00.000Z
sensor.meross_temperature_studio_s,31.100000000000005,2026-08-04T17:00:00.000Z
sensor.meross_temperature_studio_s,31.100000000000005,2026-08-04T18:00:00.000Z
sensor.meross_temperature_studio_s,31.07061658327778,2026-08-05T00:00:00.000Z
sensor.meross_temperature_studio_s,31,2026-08-05T01:00:00.000Z
sensor.meross_temperature_studio_s,31,2026-08-05T02:00:00.000Z
sensor.meross_temperature_studio_s,30.99004289825,2026-08-05T03:00:00.000Z
sensor.meross_temperature_studio_s,30.899999999999995,2026-08-05T04:00:00.000Z
sensor.meross_temperature_studio_s,30.899999999999995,2026-08-05T05:00:00.000Z
sensor.meross_temperature_studio_s,30.944348301833333,2026-08-05T09:00:00.000Z
sensor.meross_temperature_studio_s,31,2026-08-05T10:00:00.000Z
sensor.meross_temperature_studio_s,31.035649948499998,2026-08-05T11:00:00.000Z
sensor.meross_temperature_studio_s,31.100000000000005,2026-08-05T12:00:00.000Z
sensor.meross_temperature_studio_s,31.12970145897222,2026-08-05T13:00:00.000Z
sensor.meross_temperature_studio_s,31.2,2026-08-05T14:00:00.000Z
sensor.meross_temperature_studio_s,31.2,2026-08-05T15:00:00.000Z
sensor.meross_temperature_studio_s,31.228892269888888,2026-08-05T16:00:00.000Z
sensor.meross_temperature_studio_s,31.3,2026-08-05T17:00:00.000Z
sensor.meross_temperature_studio_s,31.3,2026-08-05T18:00:00.000Z
sensor.meross_temperature_studio_s,31.29159176816667,2026-08-05T21:00:00.000Z
sensor.meross_temperature_studio_s,31.2,2026-08-05T22:00:00.000Z
sensor.meross_temperature_studio_s,31.2,2026-08-05T23:00:00.000Z
sensor.meross_temperature_studio_s,31.189678046805554,2026-08-06T00:00:00.000Z
sensor.meross_temperature_studio_s,31.100000000000005,2026-08-06T01:00:00.000Z
sensor.meross_temperature_studio_s,31.100000000000005,2026-08-06T02:00:00.000Z
sensor.meross_temperature_studio_s,31.063423702583336,2026-08-06T03:00:00.000Z
sensor.meross_temperature_studio_s,31,2026-08-06T04:00:00.000Z
sensor.meross_temperature_studio_s,31,2026-08-06T05:00:00.000Z
sensor.meross_temperature_studio_s,31.000948969277776,2026-08-06T08:00:00.000Z
sensor.meross_temperature_studio_s,31.100000000000005,2026-08-06T09:00:00.000Z
sensor.meross_temperature_studio_s,31.100000000000005,2026-08-06T10:00:00.000Z
sensor.meross_temperature_studio_s,31.16788164475,2026-08-06T11:00:00.000Z
sensor.meross_temperature_studio_s,31.21069736405555,2026-08-06T12:00:00.000Z
sensor.meross_temperature_studio_s,31.3,2026-08-06T13:00:00.000Z
sensor.meross_temperature_studio_s,31.3,2026-08-06T14:00:00.000Z
sensor.meross_temperature_studio_s,31.34514803538889,2026-08-06T15:00:00.000Z
sensor.meross_temperature_studio_s,31.399999999999995,2026-08-06T16:00:00.000Z
sensor.meross_temperature_studio_s,31.399999999999995,2026-08-06T17:00:00.000Z
sensor.meross_temperature_studio_s,31.365339905722223,2026-08-07T02:00:00.000Z
sensor.meross_temperature_studio_s,31.3,2026-08-07T03:00:00.000Z
sensor.meross_temperature_studio_s,31.3,2026-08-07T04:00:00.000Z
sensor.meross_temperature_studio_s,31.216830861749997,2026-08-07T06:00:00.000Z
sensor.meross_temperature_studio_s,31.2,2026-08-07T07:00:00.000Z
sensor.meross_temperature_studio_s,31.2,2026-08-07T08:00:00.000Z
sensor.meross_temperature_studio_s,31.217368471750003,2026-08-07T09:00:00.000Z
sensor.meross_temperature_studio_s,31.3,2026-08-07T10:00:00.000Z
sensor.meross_temperature_studio_s,31.3,2026-08-07T11:00:00.000Z
sensor.meross_temperature_studio_s,31.354570504166663,2026-08-07T12:00:00.000Z
sensor.meross_temperature_studio_s,31.399999999999995,2026-08-07T13:00:00.000Z
sensor.meross_temperature_studio_s,31.399999999999995,2026-08-07T14:00:00.000Z
sensor.meross_temperature_studio_s,31.463594424388887,2026-08-07T17:00:00.000Z
sensor.meross_temperature_studio_s,31.5,2026-08-07T18:00:00.000Z
sensor.meross_temperature_studio_s,31.5,2026-08-07T19:00:00.000Z
sensor.meross_temperature_studio_s,31.470363411055555,2026-08-07T20:00:00.000Z
sensor.meross_temperature_studio_s,31.399999999999995,2026-08-07T21:00:00.000Z
sensor.meross_temperature_studio_s,31.399999999999995,2026-08-07T22:00:00.000Z
sensor.meross_temperature_studio_s,31.34400480816667,2026-08-08T01:00:00.000Z
sensor.meross_temperature_studio_s,31.3,2026-08-08T02:00:00.000Z
sensor.meross_temperature_studio_s,31.3,2026-08-08T03:00:00.000Z
sensor.meross_temperature_studio_s,31.224916896,2026-08-08T05:00:00.000Z
sensor.meross_temperature_studio_s,31.2,2026-08-08T06:00:00.000Z
sensor.meross_temperature_studio_s,31.2,2026-08-08T07:00:00.000Z
sensor.meross_temperature_studio_s,31.29744543430556,2026-08-08T09:00:00.000Z
sensor.meross_temperature_studio_s,31.3,2026-08-08T10:00:00.000Z
sensor.meross_temperature_studio_s,31.302723866222223,2026-08-08T11:00:00.000Z
sensor.meross_temperature_studio_s,31.359514470944443,2026-08-08T12:00:00.000Z
sensor.meross_temperature_studio_s,31.399999999999995,2026-08-08T13:00:00.000Z
sensor.meross_temperature_studio_s,31.426085773499995,2026-08-08T14:00:00.000Z
sensor.meross_temperature_studio_s,31.5,2026-08-08T15:00:00.000Z
sensor.meross_temperature_studio_s,31.5,2026-08-08T16:00:00.000Z
sensor.meross_temperature_studio_s,31.455364198194445,2026-08-09T00:00:00.000Z
sensor.meross_temperature_studio_s,31.399999999999995,2026-08-09T01:00:00.000Z
sensor.meross_temperature_studio_s,31.399999999999995,2026-08-09T02:00:00.000Z
sensor.meross_temperature_studio_s,31.327942751222224,2026-08-09T03:00:00.000Z
sensor.meross_temperature_studio_s,31.3,2026-08-09T04:00:00.000Z
sensor.meross_temperature_studio_s,31.3,2026-08-09T05:00:00.000Z
sensor.meross_temperature_studio_s,31.310753398305554,2026-08-09T10:00:00.000Z
sensor.meross_temperature_studio_s,31.399999999999995,2026-08-09T11:00:00.000Z
sensor.meross_temperature_studio_s,31.399999999999995,2026-08-09T12:00:00.000Z
sensor.meross_temperature_studio_s,31.455898546444445,2026-08-09T13:00:00.000Z
sensor.meross_temperature_studio_s,31.5,2026-08-09T14:00:00.000Z
sensor.meross_temperature_studio_s,31.584935748666666,2026-08-09T15:00:00.000Z
sensor.meross_temperature_studio_s,31.600000000000005,2026-08-09T16:00:00.000Z
sensor.meross_temperature_studio_s,31.600000000000005,2026-08-09T17:00:00.000Z
sensor.meross_temperature_studio_s,31.52104403188889,2026-08-09T20:00:00.000Z
sensor.meross_temperature_studio_s,31.5,2026-08-09T21:00:00.000Z
sensor.meross_temperature_studio_s,31.5,2026-08-09T22:00:00.000Z
sensor.meross_temperature_studio_s,31.443638544805555,2026-08-10T00:00:00.000Z
sensor.meross_temperature_studio_s,31.399999999999995,2026-08-10T01:00:00.000Z
sensor.meross_temperature_studio_s,31.399999999999995,2026-08-10T02:00:00.000Z
sensor.meross_temperature_studio_s,31.317245267194448,2026-08-10T03:00:00.000Z
sensor.meross_temperature_studio_s,31.3,2026-08-10T04:00:00.000Z
sensor.meross_temperature_studio_s,31.3,2026-08-10T05:00:00.000Z
sensor.meross_temperature_studio_s,31.387386452277777,2026-08-10T10:00:00.000Z
sensor.meross_temperature_studio_s,31.399999999999995,2026-08-10T11:00:00.000Z
sensor.meross_temperature_studio_s,31.473074895944446,2026-08-10T12:00:00.000Z
sensor.meross_temperature_studio_s,31.5,2026-08-10T13:00:00.000Z
sensor.meross_temperature_studio_s,31.589215700083333,2026-08-10T14:00:00.000Z
sensor.meross_temperature_studio_s,31.600000000000005,2026-08-10T15:00:00.000Z
sensor.meross_temperature_studio_s,31.63248173752778,2026-08-10T16:00:00.000Z
sensor.meross_temperature_studio_s,31.68712820302778,2026-08-10T17:00:00.000Z
sensor.meross_temperature_studio_s,31.7,2026-08-10T18:00:00.000Z
sensor.meross_temperature_studio_s,31.7,2026-08-10T19:00:00.000Z
sensor.meross_temperature_studio_s,31.68836915711111,2026-08-10T20:00:00.000Z
sensor.meross_temperature_studio_s,31.600000000000005,2026-08-10T21:00:00.000Z
sensor.meross_temperature_studio_s,31.600000000000005,2026-08-10T22:00:00.000Z
sensor.meross_temperature_studio_s,31.56461615161111,2026-08-10T23:00:00.000Z
sensor.meross_temperature_studio_s,31.5,2026-08-11T00:00:00.000Z
sensor.meross_temperature_studio_s,31.5,2026-08-11T01:00:00.000Z
sensor.meross_temperature_studio_s,31.419913883388887,2026-08-11T02:00:00.000Z
sensor.meross_temperature_studio_s,31.399999999999995,2026-08-11T03:00:00.000Z
sensor.meross_temperature_studio_s,31.399999999999995,2026-08-11T04:00:00.000Z
sensor.meross_temperature_studio_s,31.324833985083334,2026-08-11T05:00:00.000Z
sensor.meross_temperature_studio_s,31.3,2026-08-11T06:00:00.000Z
sensor.meross_temperature_studio_s,31.3,2026-08-11T07:00:00.000Z
sensor.meross_temperature_studio_s,31.360624650777776,2026-08-11T09:00:00.000Z
sensor.meross_temperature_studio_s,31.399999999999995,2026-08-11T10:00:00.000Z
sensor.meross_temperature_studio_s,31.44623381536111,2026-08-11T11:00:00.000Z
sensor.meross_temperature_studio_s,31.50535996597222,2026-08-11T12:00:00.000Z
sensor.meross_temperature_studio_s,31.600000000000005,2026-08-11T13:00:00.000Z
sensor.meross_temperature_studio_s,31.600000000000005,2026-08-11T14:00:00.000Z
sensor.meross_temperature_studio_s,31.68046079494444,2026-08-11T15:00:00.000Z
sensor.meross_temperature_studio_s,31.7,2026-08-11T16:00:00.000Z
sensor.meross_temperature_studio_s,31.7,2026-08-11T17:00:00.000Z
sensor.meross_temperature_studio_s,31.656614781749997,2026-08-11T23:00:00.000Z
sensor.meross_temperature_studio_s,31.600000000000005,2026-08-12T00:00:00.000Z
sensor.meross_temperature_studio_s,31.600000000000005,2026-08-12T01:00:00.000Z
sensor.meross_temperature_studio_s,31.570900012,2026-08-12T02:00:00.000Z
sensor.meross_temperature_studio_s,31.5,2026-08-12T03:00:00.000Z
sensor.meross_temperature_studio_s,31.5,2026-08-12T04:00:00.000Z
sensor.meross_temperature_studio_s,31.454927726583332,2026-08-12T05:00:00.000Z
sensor.meross_temperature_studio_s,31.399999999999995,2026-08-12T06:00:00.000Z
sensor.meross_temperature_studio_s,31.460210153361107,2026-08-12T07:00:00.000Z
sensor.meross_temperature_studio_s,31.5,2026-08-12T08:00:00.000Z
sensor.meross_temperature_studio_s,31.5,2026-08-12T09:00:00.000Z
sensor.meross_temperature_studio_s,31.59177426105556,2026-08-12T11:00:00.000Z
sensor.meross_temperature_studio_s,31.600000000000005,2026-08-12T12:00:00.000Z
sensor.meross_temperature_studio_s,31.68865924230555,2026-08-12T13:00:00.000Z
sensor.meross_temperature_studio_s,31.7,2026-08-12T14:00:00.000Z
sensor.meross_temperature_studio_s,31.79629818013889,2026-08-12T15:00:00.000Z
sensor.meross_temperature_studio_s,31.8,2026-08-12T16:00:00.000Z
sensor.meross_temperature_studio_s,31.8,2026-08-12T17:00:00.000Z
sensor.meross_temperature_studio_s,31.77809309425,2026-08-12T22:00:00.000Z
sensor.meross_temperature_studio_s,31.7,2026-08-12T23:00:00.000Z
sensor.meross_temperature_studio_s,31.7,2026-08-13T00:00:00.000Z
sensor.meross_temperature_studio_s,31.627583891138887,2026-08-13T02:00:00.000Z
sensor.meross_temperature_studio_s,31.600000000000005,2026-08-13T03:00:00.000Z
sensor.meross_temperature_studio_s,31.600000000000005,2026-08-13T04:00:00.000Z
sensor.meross_temperature_studio_s,31.5980524755,2026-08-13T05:00:00.000Z
sensor.meross_temperature_studio_s,31.5,2026-08-13T06:00:00.000Z
sensor.meross_temperature_studio_s,31.5,2026-08-13T07:00:00.000Z
sensor.meross_temperature_studio_s,31.57710415138889,2026-08-13T08:00:00.000Z
sensor.meross_temperature_studio_s,31.600000000000005,2026-08-13T09:00:00.000Z
sensor.meross_temperature_studio_s,31.600000000000005,2026-08-13T10:00:00.000Z
sensor.meross_temperature_studio_s,31.600522146388887,2026-08-13T11:00:00.000Z
sensor.meross_temperature_studio_s,31.7,2026-08-13T12:00:00.000Z
sensor.meross_temperature_studio_s,31.70546524841667,2026-08-13T13:00:00.000Z
sensor.meross_temperature_studio_s,31.8,2026-08-13T14:00:00.000Z
sensor.meross_temperature_studio_s,31.8,2026-08-13T15:00:00.000Z
sensor.meross_temperature_studio_s,31.880622018861107,2026-08-13T16:00:00.000Z
sensor.meross_temperature_studio_s,31.899999999999995,2026-08-13T17:00:00.000Z
sensor.meross_temperature_studio_s,31.899999999999995,2026-08-13T18:00:00.000Z
sensor.meross_temperature_studio_s,31.8728746525,2026-08-13T23:00:00.000Z
sensor.meross_temperature_studio_s,31.8,2026-08-14T00:00:00.000Z
sensor.meross_temperature_studio_s,31.8,2026-08-14T01:00:00.000Z
sensor.meross_temperature_studio_s,31.771100924027778,2026-08-14T03:00:00.000Z
sensor.meross_temperature_studio_s,31.7,2026-08-14T04:00:00.000Z
sensor.meross_temperature_studio_s,31.66629737077778,2026-08-14T05:00:00.000Z
sensor.meross_temperature_studio_s,31.35671473388889,2026-08-14T06:00:00.000Z
sensor.meross_temperature_studio_s,31.2,2026-08-14T07:00:00.000Z
sensor.meross_temperature_studio_s,31.2,2026-08-14T08:00:00.000Z
sensor.meross_temperature_studio_s,31.292513565500002,2026-08-14T09:00:00.000Z
sensor.meross_temperature_studio_s,31.47028689661111,2026-08-14T10:00:00.000Z
sensor.meross_temperature_studio_s,31.67823818138889,2026-08-14T11:00:00.000Z
sensor.meross_temperature_studio_s,31.78612826797222,2026-08-14T12:00:00.000Z
sensor.meross_temperature_studio_s,31.8,2026-08-14T13:00:00.000Z
sensor.meross_temperature_studio_s,31.872121571444442,2026-08-14T14:00:00.000Z
sensor.meross_temperature_studio_s,31.891830821305557,2026-08-14T15:00:00.000Z
sensor.meross_temperature_studio_s,31.899999999999995,2026-08-14T16:00:00.000Z
sensor.meross_temperature_studio_s,31.979954070861112,2026-08-14T17:00:00.000Z
sensor.meross_temperature_studio_s,31.978925119944446,2026-08-14T18:00:00.000Z
sensor.meross_temperature_studio_s,31.899999999999995,2026-08-14T19:00:00.000Z
sensor.meross_temperature_studio_s,31.81710412961111,2026-08-14T20:00:00.000Z
sensor.meross_temperature_studio_s,31.859003673027775,2026-08-14T21:00:00.000Z
sensor.meross_temperature_studio_s,31.549396576888892,2026-08-14T22:00:00.000Z
sensor.meross_temperature_studio_s,31.331319054138888,2026-08-14T23:00:00.000Z
sensor.meross_temperature_studio_s,31.173730876055554,2026-08-15T00:00:00.000Z
sensor.meross_temperature_studio_s,31.025788441444444,2026-08-15T01:00:00.000Z
sensor.meross_temperature_studio_s,30.899999999999995,2026-08-15T02:00:00.000Z
sensor.meross_temperature_studio_s,30.996622878,2026-08-15T03:00:00.000Z
sensor.meross_temperature_studio_s,31,2026-08-15T04:00:00.000Z
sensor.meross_temperature_studio_s,31,2026-08-15T05:00:00.000Z
sensor.meross_temperature_studio_s,31.063976186805558,2026-08-15T06:00:00.000Z
sensor.meross_temperature_studio_s,31.01058580352778,2026-08-15T07:00:00.000Z
sensor.meross_temperature_studio_s,31.063561138,2026-08-15T08:00:00.000Z
sensor.meross_temperature_studio_s,31.107635235361112,2026-08-15T09:00:00.000Z
sensor.meross_temperature_studio_s,31.200731656777776,2026-08-15T10:00:00.000Z
sensor.meross_temperature_studio_s,31.354688390666666,2026-08-15T11:00:00.000Z
sensor.meross_temperature_studio_s,31.466859376583333,2026-08-15T12:00:00.000Z
sensor.meross_temperature_studio_s,31.558878808944446,2026-08-15T13:00:00.000Z
sensor.meross_temperature_studio_s,31.7,2026-08-15T14:00:00.000Z
sensor.meross_temperature_studio_s,31.7,2026-08-15T15:00:00.000Z
sensor.meross_temperature_studio_s,31.604754877583336,2026-08-15T21:00:00.000Z
sensor.meross_temperature_studio_s,31.600000000000005,2026-08-15T22:00:00.000Z
sensor.meross_temperature_studio_s,31.540410127361113,2026-08-15T23:00:00.000Z
sensor.meross_temperature_studio_s,31.49439573097222,2026-08-16T00:00:00.000Z
sensor.meross_temperature_studio_s,31.399999999999995,2026-08-16T01:00:00.000Z
sensor.meross_temperature_studio_s,31.37047493033333,2026-08-16T02:00:00.000Z
sensor.meross_temperature_studio_s,31.3,2026-08-16T03:00:00.000Z
sensor.meross_temperature_studio_s,31.3,2026-08-16T04:00:00.000Z
sensor.meross_temperature_studio_s,31.2,2026-08-16T04:11:43.707Z
sensor.meross_temperature_studio_s,31.3,2026-08-16T06:21:46.979Z
sensor.meross_temperature_studio_s,31.4,2026-08-16T09:25:28.168Z
sensor.meross_temperature_studio_s,31.5,2026-08-16T12:08:11.009Z
sensor.meross_temperature_studio_s,31.6,2026-08-16T14:40:58.715Z
sensor.meross_temperature_studio_s,31.5,2026-08-16T19:33:38.803Z
sensor.meross_temperature_studio_s,31.4,2026-08-16T20:06:20.371Z
sensor.meross_temperature_studio_s,31.3,2026-08-16T20:27:27.845Z
sensor.meross_temperature_studio_s,31.2,2026-08-16T22:21:15.721Z
sensor.meross_temperature_studio_s,31.1,2026-08-17T00:19:56.804Z
sensor.meross_temperature_studio_s,31.0,2026-08-17T02:28:23.211Z
sensor.meross_temperature_studio_s,30.9,2026-08-17T04:39:45.584Z
sensor.meross_temperature_studio_s,31.0,2026-08-17T09:15:06.157Z
sensor.meross_temperature_studio_s,31.1,2026-08-17T11:09:21.143Z
sensor.meross_temperature_studio_s,31.2,2026-08-17T12:20:44.420Z
sensor.meross_temperature_studio_s,31.3,2026-08-17T17:46:34.081Z
sensor.meross_temperature_studio_s,31.2,2026-08-17T18:12:34.553Z
sensor.meross_temperature_studio_s,31.1,2026-08-17T20:28:05.005Z
sensor.meross_temperature_studio_s,31.0,2026-08-17T22:11:29.693Z
sensor.meross_temperature_studio_s,30.9,2026-08-18T00:02:36.637Z
sensor.meross_temperature_studio_s,unknown,2026-08-18T01:48:29.442Z
sensor.meross_temperature_studio_s,30.9,2026-08-18T01:50:29.370Z
sensor.meross_temperature_studio_s,30.8,2026-08-18T02:02:54.734Z
sensor.meross_temperature_studio_s,30.7,2026-08-18T04:26:25.373Z
sensor.meross_temperature_studio_s,30.6,2026-08-18T05:52:35.744Z
sensor.meross_temperature_studio_s,30.7,2026-08-18T08:09:10.142Z
sensor.meross_temperature_studio_s,30.8,2026-08-18T09:19:05.350Z
sensor.meross_temperature_studio_s,30.9,2026-08-18T10:55:00.009Z
sensor.meross_temperature_studio_s,31.0,2026-08-18T12:17:48.475Z
sensor.meross_temperature_studio_s,30.9,2026-08-18T21:11:23.777Z
sensor.meross_temperature_studio_s,30.8,2026-08-18T23:13:20.894Z
sensor.meross_temperature_studio_s,unknown,2026-08-19T00:14:39.234Z
sensor.meross_temperature_studio_s,30.8,2026-08-19T00:16:39.367Z
sensor.meross_temperature_studio_s,30.7,2026-08-19T02:15:26.076Z
sensor.meross_temperature_studio_s,30.6,2026-08-19T03:43:14.604Z
sensor.meross_temperature_studio_s,30.7,2026-08-19T07:26:41.494Z
sensor.meross_temperature_studio_s,30.8,2026-08-19T10:01:09.206Z
sensor.meross_temperature_studio_s,30.9,2026-08-19T11:32:10.803Z
sensor.meross_temperature_studio_s,31.0,2026-08-19T13:12:12.549Z
sensor.meross_temperature_studio_s,31.1,2026-08-19T16:09:23.620Z
sensor.meross_temperature_studio_s,31.0,2026-08-19T20:35:13.264Z
sensor.meross_temperature_studio_s,30.9,2026-08-20T00:36:54.469Z
sensor.meross_temperature_studio_s,31.0,2026-08-20T00:48:21.679Z
sensor.meross_temperature_studio_s,30.9,2026-08-20T01:39:41.575Z
sensor.meross_temperature_studio_s,30.8,2026-08-20T03:59:31.017Z
sensor.meross_temperature_studio_s,30.9,2026-08-20T10:25:31.857Z
sensor.meross_temperature_studio_s,31.0,2026-08-20T13:50:21.339Z
sensor.meross_temperature_studio_s,30.9,2026-08-20T14:17:21.814Z
sensor.meross_temperature_studio_s,30.8,2026-08-20T16:50:12.474Z
sensor.meross_temperature_studio_s,30.7,2026-08-20T17:35:43.265Z
sensor.meross_temperature_studio_s,30.6,2026-08-20T18:57:01.692Z
sensor.meross_temperature_studio_s,30.5,2026-08-20T20:45:00.677Z
sensor.meross_temperature_studio_s,30.4,2026-08-20T21:57:52.848Z
sensor.meross_temperature_studio_s,30.3,2026-08-21T00:03:05.020Z
sensor.meross_temperature_studio_s,30.2,2026-08-21T01:38:38.693Z
sensor.meross_temperature_studio_s,30.1,2026-08-21T03:08:06.263Z
sensor.meross_temperature_studio_s,30.0,2026-08-21T05:05:14.295Z
sensor.meross_temperature_studio_s,29.9,2026-08-21T09:18:25.704Z
sensor.meross_temperature_studio_s,29.8,2026-08-21T11:20:22.836Z
sensor.meross_temperature_studio_s,29.9,2026-08-21T14:59:53.655Z
sensor.meross_temperature_studio_s,29.8,2026-08-21T19:20:04.174Z
sensor.meross_temperature_studio_s,29.7,2026-08-21T20:27:09.481Z
sensor.meross_temperature_studio_s,29.6,2026-08-21T21:41:37.634Z
sensor.meross_temperature_studio_s,29.5,2026-08-21T23:09:08.162Z
sensor.meross_temperature_studio_s,29.4,2026-08-22T00:35:26.685Z
sensor.meross_temperature_studio_s,29.3,2026-08-22T02:08:08.263Z
sensor.meross_temperature_studio_s,29.2,2026-08-22T03:37:35.822Z
sensor.meross_temperature_studio_s,29.1,2026-08-22T05:08:33.422Z
sensor.meross_temperature_studio_s,29.2,2026-08-22T09:10:55.611Z
sensor.meross_temperature_studio_s,29.3,2026-08-22T10:22:30.857Z
sensor.meross_temperature_studio_s,29.4,2026-08-22T11:43:51.266Z
sensor.meross_temperature_studio_s,29.5,2026-08-22T13:41:08.311Z
sensor.meross_temperature_studio_s,29.4,2026-08-22T19:27:47.325Z
sensor.meross_temperature_studio_s,29.3,2026-08-22T21:56:38.935Z
sensor.meross_temperature_studio_s,29.2,2026-08-22T23:17:55.348Z
sensor.meross_temperature_studio_s,29.1,2026-08-23T00:11:36.292Z
sensor.meross_temperature_studio_s,29.0,2026-08-23T02:15:13.429Z
sensor.meross_temperature_studio_s,29.1,2026-08-23T10:06:18.598Z
sensor.meross_temperature_studio_s,29.2,2026-08-23T10:56:45.490Z
sensor.meross_temperature_studio_s,unknown,2026-08-23T12:50:43.363Z
sensor.meross_temperature_studio_s,29.3,2026-08-23T13:14:44.320Z
sensor.meross_temperature_studio_s,unknown,2026-08-23T13:30:43.361Z
sensor.meross_temperature_studio_s,29.3,2026-08-23T14:44:48.057Z
sensor.meross_temperature_studio_s,29.2,2026-08-23T19:33:32.451Z
sensor.meross_temperature_studio_s,29.1,2026-08-23T22:25:57.594Z
sensor.meross_temperature_studio_s,29.0,2026-08-24T00:47:29.068Z
sensor.meross_temperature_studio_s,29.1,2026-08-24T10:16:12.419Z
sensor.meross_temperature_studio_s,29.2,2026-08-24T12:14:23.347Z
sensor.meross_temperature_studio_s,29.3,2026-08-24T16:28:53.701Z
sensor.meross_temperature_studio_s,29.2,2026-08-24T21:51:48.207Z
sensor.meross_temperature_studio_s,29.1,2026-08-25T00:18:12.736Z
sensor.meross_temperature_studio_s,29.0,2026-08-25T01:03:45.560Z
sensor.meross_temperature_studio_s,28.9,2026-08-25T06:12:25.898Z
sensor.meross_temperature_studio_s,29.0,2026-08-25T12:29:53.577Z
sensor.meross_temperature_studio_s,29.1,2026-08-25T14:43:16.815Z
sensor.meross_temperature_studio_s,29.2,2026-08-25T16:02:28.192Z
sensor.meross_temperature_studio_s,29.1,2026-08-25T17:22:10.589Z
sensor.meross_temperature_studio_s,29.0,2026-08-25T19:14:42.547Z
sensor.meross_temperature_studio_s,28.9,2026-08-26T00:24:23.109Z
sensor.meross_temperature_studio_s,28.8,2026-08-26T03:57:31.653Z
sensor.meross_temperature_studio_s,28.9,2026-08-26T04:57:15.675Z
sensor.meross_temperature_studio_s,29.0,2026-08-26T10:42:23.713Z
sensor.meross_temperature_studio_s,29.1,2026-08-26T12:56:17.069Z
